timestamp,ghi_wm2
2023-01-01T00:00:00,0.0
2023-01-01T01:00:00,0.0
2023-01-01T02:00:00,0.0
2023-01-01T03:00:00,0.0
2023-01-01T04:00:00,0.0
2023-01-01T05:00:00,0.0
2023-01-01T06:00:00,27.3
2023-01-01T07:00:00,175.43
2023-01-01T08:00:00,363.55
2023-01-01T09:00:00,590.25
2023-01-01T10:00:00,811.28
2023-01-01T11:00:00,898.53
2023-01-01T12:00:00,925.42
2023-01-01T13:00:00,671.17
2023-01-01T14:00:00,274.08
2023-01-01T15:00:00,187.4
2023-01-01T16:00:00,101.85
2023-01-01T17:00:00,57.38
2023-01-01T18:00:00,8.8
2023-01-01T19:00:00,0.0
2023-01-01T20:00:00,0.0
2023-01-01T21:00:00,0.0
2023-01-01T22:00:00,0.0
2023-01-01T23:00:00,0.0
2023-01-02T00:00:00,0.0
2023-01-02T01:00:00,0.0
2023-01-02T02:00:00,0.0
2023-01-02T03:00:00,0.0
2023-01-02T04:00:00,0.0
2023-01-02T05:00:00,0.0
2023-01-02T06:00:00,35.12
2023-01-02T07:00:00,212.93
2023-01-02T08:00:00,444.62
2023-01-02T09:00:00,633.78
2023-01-02T10:00:00,802.45
2023-01-02T11:00:00,890.78
2023-01-02T12:00:00,866.2
2023-01-02T13:00:00,859.33
2023-01-02T14:00:00,781.28
2023-01-02T15:00:00,592.3
2023-01-02T16:00:00,402.65
2023-01-02T17:00:00,179.07
2023-01-02T18:00:00,30.7
2023-01-02T19:00:00,0.0
2023-01-02T20:00:00,0.0
2023-01-02T21:00:00,0.0
2023-01-02T22:00:00,0.0
2023-01-02T23:00:00,0.0
2023-01-03T00:00:00,0.0
2023-01-03T01:00:00,0.0
2023-01-03T02:00:00,0.0
2023-01-03T03:00:00,0.0
2023-01-03T04:00:00,0.0
2023-01-03T05:00:00,0.0
2023-01-03T06:00:00,30.12
2023-01-03T07:00:00,173.52
2023-01-03T08:00:00,370.85
2023-01-03T09:00:00,543.58
2023-01-03T10:00:00,692.92
2023-01-03T11:00:00,859.72
2023-01-03T12:00:00,859.9
2023-01-03T13:00:00,842.6
2023-01-03T14:00:00,667.78
2023-01-03T15:00:00,546.15
2023-01-03T16:00:00,374.9
2023-01-03T17:00:00,194.1
2023-01-03T18:00:00,25.55
2023-01-03T19:00:00,0.0
2023-01-03T20:00:00,0.0
2023-01-03T21:00:00,0.0
2023-01-03T22:00:00,0.0
2023-01-03T23:00:00,0.0
2023-01-04T00:00:00,0.0
2023-01-04T01:00:00,0.0
2023-01-04T02:00:00,0.0
2023-01-04T03:00:00,0.0
2023-01-04T04:00:00,0.0
2023-01-04T05:00:00,0.0
2023-01-04T06:00:00,32.15
2023-01-04T07:00:00,193.57
2023-01-04T08:00:00,390.88
2023-01-04T09:00:00,559.47
2023-01-04T10:00:00,662.4
2023-01-04T11:00:00,741.08
2023-01-04T12:00:00,771.85
2023-01-04T13:00:00,625.17
2023-01-04T14:00:00,569.1
2023-01-04T15:00:00,447.65
2023-01-04T16:00:00,290.15
2023-01-04T17:00:00,134.98
2023-01-04T18:00:00,25.8
2023-01-04T19:00:00,0.0
2023-01-04T20:00:00,0.0
2023-01-04T21:00:00,0.0
2023-01-04T22:00:00,0.0
2023-01-04T23:00:00,0.0
2023-01-05T00:00:00,0.0
2023-01-05T01:00:00,0.0
2023-01-05T02:00:00,0.0
2023-01-05T03:00:00,0.0
2023-01-05T04:00:00,0.0
2023-01-05T05:00:00,0.0
2023-01-05T06:00:00,9.93
2023-01-05T07:00:00,61.88
2023-01-05T08:00:00,141.0
2023-01-05T09:00:00,266.48
2023-01-05T10:00:00,378.5
2023-01-05T11:00:00,624.9
2023-01-05T12:00:00,540.3
2023-01-05T13:00:00,397.88
2023-01-05T14:00:00,217.77
2023-01-05T15:00:00,133.9
2023-01-05T16:00:00,79.35
2023-01-05T17:00:00,47.1
2023-01-05T18:00:00,8.12
2023-01-05T19:00:00,0.0
2023-01-05T20:00:00,0.0
2023-01-05T21:00:00,0.0
2023-01-05T22:00:00,0.0
2023-01-05T23:00:00,0.0
2023-01-06T00:00:00,0.0
2023-01-06T01:00:00,0.0
2023-01-06T02:00:00,0.0
2023-01-06T03:00:00,0.0
2023-01-06T04:00:00,0.0
2023-01-06T05:00:00,0.0
2023-01-06T06:00:00,5.95
2023-01-06T07:00:00,30.92
2023-01-06T08:00:00,54.33
2023-01-06T09:00:00,71.62
2023-01-06T10:00:00,98.05
2023-01-06T11:00:00,133.23
2023-01-06T12:00:00,187.55
2023-01-06T13:00:00,240.0
2023-01-06T14:00:00,206.57
2023-01-06T15:00:00,206.07
2023-01-06T16:00:00,110.2
2023-01-06T17:00:00,56.67
2023-01-06T18:00:00,11.5
2023-01-06T19:00:00,0.0
2023-01-06T20:00:00,0.0
2023-01-06T21:00:00,0.0
2023-01-06T22:00:00,0.0
2023-01-06T23:00:00,0.0
2023-01-07T00:00:00,0.0
2023-01-07T01:00:00,0.0
2023-01-07T02:00:00,0.0
2023-01-07T03:00:00,0.0
2023-01-07T04:00:00,0.0
2023-01-07T05:00:00,0.0
2023-01-07T06:00:00,21.95
2023-01-07T07:00:00,126.95
2023-01-07T08:00:00,257.52
2023-01-07T09:00:00,379.25
2023-01-07T10:00:00,484.98
2023-01-07T11:00:00,565.2
2023-01-07T12:00:00,524.47
2023-01-07T13:00:00,625.17
2023-01-07T14:00:00,534.0
2023-01-07T15:00:00,393.15
2023-01-07T16:00:00,230.32
2023-01-07T17:00:00,142.1
2023-01-07T18:00:00,19.2
2023-01-07T19:00:00,0.0
2023-01-07T20:00:00,0.0
2023-01-07T21:00:00,0.0
2023-01-07T22:00:00,0.0
2023-01-07T23:00:00,0.0
2023-01-08T00:00:00,0.0
2023-01-08T01:00:00,0.0
2023-01-08T02:00:00,0.0
2023-01-08T03:00:00,0.0
2023-01-08T04:00:00,0.0
2023-01-08T05:00:00,0.0
2023-01-08T06:00:00,18.38
2023-01-08T07:00:00,119.25
2023-01-08T08:00:00,265.62
2023-01-08T09:00:00,427.98
2023-01-08T10:00:00,612.97
2023-01-08T11:00:00,817.62
2023-01-08T12:00:00,947.6
2023-01-08T13:00:00,830.05
2023-01-08T14:00:00,746.15
2023-01-08T15:00:00,590.25
2023-01-08T16:00:00,419.62
2023-01-08T17:00:00,216.3
2023-01-08T18:00:00,39.45
2023-01-08T19:00:00,0.0
2023-01-08T20:00:00,0.0
2023-01-08T21:00:00,0.0
2023-01-08T22:00:00,0.0
2023-01-08T23:00:00,0.0
2023-01-09T00:00:00,0.0
2023-01-09T01:00:00,0.0
2023-01-09T02:00:00,0.0
2023-01-09T03:00:00,0.0
2023-01-09T04:00:00,0.0
2023-01-09T05:00:00,0.0
2023-01-09T06:00:00,10.2
2023-01-09T07:00:00,90.62
2023-01-09T08:00:00,204.57
2023-01-09T09:00:00,413.05
2023-01-09T10:00:00,512.45
2023-01-09T11:00:00,611.78
2023-01-09T12:00:00,660.4
2023-01-09T13:00:00,719.78
2023-01-09T14:00:00,646.55
2023-01-09T15:00:00,514.12
2023-01-09T16:00:00,329.92
2023-01-09T17:00:00,156.55
2023-01-09T18:00:00,28.77
2023-01-09T19:00:00,0.0
2023-01-09T20:00:00,0.0
2023-01-09T21:00:00,0.0
2023-01-09T22:00:00,0.0
2023-01-09T23:00:00,0.0
2023-01-10T00:00:00,0.0
2023-01-10T01:00:00,0.0
2023-01-10T02:00:00,0.0
2023-01-10T03:00:00,0.0
2023-01-10T04:00:00,0.0
2023-01-10T05:00:00,0.0
2023-01-10T06:00:00,35.3
2023-01-10T07:00:00,234.18
2023-01-10T08:00:00,470.45
2023-01-10T09:00:00,699.92
2023-01-10T10:00:00,872.45
2023-01-10T11:00:00,994.22
2023-01-10T12:00:00,1039.95
2023-01-10T13:00:00,993.65
2023-01-10T14:00:00,838.5
2023-01-10T15:00:00,665.65
2023-01-10T16:00:00,486.38
2023-01-10T17:00:00,254.05
2023-01-10T18:00:00,50.9
2023-01-10T19:00:00,0.0
2023-01-10T20:00:00,0.0
2023-01-10T21:00:00,0.0
2023-01-10T22:00:00,0.0
2023-01-10T23:00:00,0.0
2023-01-11T00:00:00,0.0
2023-01-11T01:00:00,0.0
2023-01-11T02:00:00,0.0
2023-01-11T03:00:00,0.0
2023-01-11T04:00:00,0.0
2023-01-11T05:00:00,0.0
2023-01-11T06:00:00,34.28
2023-01-11T07:00:00,241.35
2023-01-11T08:00:00,470.0
2023-01-11T09:00:00,694.65
2023-01-11T10:00:00,882.53
2023-01-11T11:00:00,999.4
2023-01-11T12:00:00,1062.85
2023-01-11T13:00:00,1032.78
2023-01-11T14:00:00,892.05
2023-01-11T15:00:00,717.78
2023-01-11T16:00:00,496.23
2023-01-11T17:00:00,262.1
2023-01-11T18:00:00,47.85
2023-01-11T19:00:00,0.0
2023-01-11T20:00:00,0.0
2023-01-11T21:00:00,0.0
2023-01-11T22:00:00,0.0
2023-01-11T23:00:00,0.0
2023-01-12T00:00:00,0.0
2023-01-12T01:00:00,0.0
2023-01-12T02:00:00,0.0
2023-01-12T03:00:00,0.0
2023-01-12T04:00:00,0.0
2023-01-12T05:00:00,0.0
2023-01-12T06:00:00,8.93
2023-01-12T07:00:00,49.7
2023-01-12T08:00:00,95.6
2023-01-12T09:00:00,162.57
2023-01-12T10:00:00,260.27
2023-01-12T11:00:00,322.7
2023-01-12T12:00:00,460.73
2023-01-12T13:00:00,536.78
2023-01-12T14:00:00,601.8
2023-01-12T15:00:00,500.42
2023-01-12T16:00:00,329.88
2023-01-12T17:00:00,179.55
2023-01-12T18:00:00,36.4
2023-01-12T19:00:00,0.0
2023-01-12T20:00:00,0.0
2023-01-12T21:00:00,0.0
2023-01-12T22:00:00,0.0
2023-01-12T23:00:00,0.0
2023-01-13T00:00:00,0.0
2023-01-13T01:00:00,0.0
2023-01-13T02:00:00,0.0
2023-01-13T03:00:00,0.0
2023-01-13T04:00:00,0.0
2023-01-13T05:00:00,0.0
2023-01-13T06:00:00,26.25
2023-01-13T07:00:00,182.38
2023-01-13T08:00:00,405.17
2023-01-13T09:00:00,585.53
2023-01-13T10:00:00,789.58
2023-01-13T11:00:00,920.33
2023-01-13T12:00:00,962.25
2023-01-13T13:00:00,832.28
2023-01-13T14:00:00,733.0
2023-01-13T15:00:00,596.5
2023-01-13T16:00:00,421.08
2023-01-13T17:00:00,205.82
2023-01-13T18:00:00,41.4
2023-01-13T19:00:00,0.0
2023-01-13T20:00:00,0.0
2023-01-13T21:00:00,0.0
2023-01-13T22:00:00,0.0
2023-01-13T23:00:00,0.0
2023-01-14T00:00:00,0.0
2023-01-14T01:00:00,0.0
2023-01-14T02:00:00,0.0
2023-01-14T03:00:00,0.0
2023-01-14T04:00:00,0.0
2023-01-14T05:00:00,0.0
2023-01-14T06:00:00,19.38
2023-01-14T07:00:00,132.07
2023-01-14T08:00:00,286.4
2023-01-14T09:00:00,412.15
2023-01-14T10:00:00,612.47
2023-01-14T11:00:00,734.38
2023-01-14T12:00:00,640.05
2023-01-14T13:00:00,662.38
2023-01-14T14:00:00,586.88
2023-01-14T15:00:00,478.02
2023-01-14T16:00:00,320.8
2023-01-14T17:00:00,156.62
2023-01-14T18:00:00,25.77
2023-01-14T19:00:00,0.0
2023-01-14T20:00:00,0.0
2023-01-14T21:00:00,0.0
2023-01-14T22:00:00,0.0
2023-01-14T23:00:00,0.0
2023-01-15T00:00:00,0.0
2023-01-15T01:00:00,0.0
2023-01-15T02:00:00,0.0
2023-01-15T03:00:00,0.0
2023-01-15T04:00:00,0.0
2023-01-15T05:00:00,0.0
2023-01-15T06:00:00,28.58
2023-01-15T07:00:00,210.1
2023-01-15T08:00:00,444.17
2023-01-15T09:00:00,669.25
2023-01-15T10:00:00,807.85
2023-01-15T11:00:00,913.7
2023-01-15T12:00:00,953.35
2023-01-15T13:00:00,958.75
2023-01-15T14:00:00,768.95
2023-01-15T15:00:00,636.0
2023-01-15T16:00:00,385.7
2023-01-15T17:00:00,217.8
2023-01-15T18:00:00,44.58
2023-01-15T19:00:00,0.0
2023-01-15T20:00:00,0.0
2023-01-15T21:00:00,0.0
2023-01-15T22:00:00,0.0
2023-01-15T23:00:00,0.0
2023-01-16T00:00:00,0.0
2023-01-16T01:00:00,0.0
2023-01-16T02:00:00,0.0
2023-01-16T03:00:00,0.0
2023-01-16T04:00:00,0.0
2023-01-16T05:00:00,0.0
2023-01-16T06:00:00,13.25
2023-01-16T07:00:00,102.3
2023-01-16T08:00:00,233.75
2023-01-16T09:00:00,491.6
2023-01-16T10:00:00,691.0
2023-01-16T11:00:00,729.5
2023-01-16T12:00:00,804.22
2023-01-16T13:00:00,731.6
2023-01-16T14:00:00,522.5
2023-01-16T15:00:00,384.55
2023-01-16T16:00:00,245.93
2023-01-16T17:00:00,124.72
2023-01-16T18:00:00,19.62
2023-01-16T19:00:00,0.0
2023-01-16T20:00:00,0.0
2023-01-16T21:00:00,0.0
2023-01-16T22:00:00,0.0
2023-01-16T23:00:00,0.0
2023-01-17T00:00:00,0.0
2023-01-17T01:00:00,0.0
2023-01-17T02:00:00,0.0
2023-01-17T03:00:00,0.0
2023-01-17T04:00:00,0.0
2023-01-17T05:00:00,0.0
2023-01-17T06:00:00,20.7
2023-01-17T07:00:00,155.88
2023-01-17T08:00:00,343.88
2023-01-17T09:00:00,538.72
2023-01-17T10:00:00,694.12
2023-01-17T11:00:00,785.6
2023-01-17T12:00:00,849.78
2023-01-17T13:00:00,805.67
2023-01-17T14:00:00,711.7
2023-01-17T15:00:00,548.12
2023-01-17T16:00:00,364.85
2023-01-17T17:00:00,193.82
2023-01-17T18:00:00,29.05
2023-01-17T19:00:00,0.0
2023-01-17T20:00:00,0.0
2023-01-17T21:00:00,0.0
2023-01-17T22:00:00,0.0
2023-01-17T23:00:00,0.0
2023-01-18T00:00:00,0.0
2023-01-18T01:00:00,0.0
2023-01-18T02:00:00,0.0
2023-01-18T03:00:00,0.0
2023-01-18T04:00:00,0.0
2023-01-18T05:00:00,0.0
2023-01-18T06:00:00,20.92
2023-01-18T07:00:00,161.0
2023-01-18T08:00:00,358.52
2023-01-18T09:00:00,562.75
2023-01-18T10:00:00,750.58
2023-01-18T11:00:00,925.22
2023-01-18T12:00:00,977.5
2023-01-18T13:00:00,956.2
2023-01-18T14:00:00,889.0
2023-01-18T15:00:00,720.2
2023-01-18T16:00:00,493.98
2023-01-18T17:00:00,286.2
2023-01-18T18:00:00,60.38
2023-01-18T19:00:00,0.0
2023-01-18T20:00:00,0.0
2023-01-18T21:00:00,0.0
2023-01-18T22:00:00,0.0
2023-01-18T23:00:00,0.0
2023-01-19T00:00:00,0.0
2023-01-19T01:00:00,0.0
2023-01-19T02:00:00,0.0
2023-01-19T03:00:00,0.0
2023-01-19T04:00:00,0.0
2023-01-19T05:00:00,0.0
2023-01-19T06:00:00,23.0
2023-01-19T07:00:00,149.7
2023-01-19T08:00:00,351.25
2023-01-19T09:00:00,495.17
2023-01-19T10:00:00,597.78
2023-01-19T11:00:00,730.38
2023-01-19T12:00:00,833.47
2023-01-19T13:00:00,885.08
2023-01-19T14:00:00,791.55
2023-01-19T15:00:00,632.95
2023-01-19T16:00:00,437.4
2023-01-19T17:00:00,233.12
2023-01-19T18:00:00,44.58
2023-01-19T19:00:00,0.0
2023-01-19T20:00:00,0.0
2023-01-19T21:00:00,0.0
2023-01-19T22:00:00,0.0
2023-01-19T23:00:00,0.0
2023-01-20T00:00:00,0.0
2023-01-20T01:00:00,0.0
2023-01-20T02:00:00,0.0
2023-01-20T03:00:00,0.0
2023-01-20T04:00:00,0.0
2023-01-20T05:00:00,0.0
2023-01-20T06:00:00,20.9
2023-01-20T07:00:00,143.6
2023-01-20T08:00:00,296.27
2023-01-20T09:00:00,480.4
2023-01-20T10:00:00,684.53
2023-01-20T11:00:00,815.4
2023-01-20T12:00:00,816.33
2023-01-20T13:00:00,736.22
2023-01-20T14:00:00,618.45
2023-01-20T15:00:00,528.9
2023-01-20T16:00:00,356.98
2023-01-20T17:00:00,170.0
2023-01-20T18:00:00,37.58
2023-01-20T19:00:00,0.0
2023-01-20T20:00:00,0.0
2023-01-20T21:00:00,0.0
2023-01-20T22:00:00,0.0
2023-01-20T23:00:00,0.0
2023-01-21T00:00:00,0.0
2023-01-21T01:00:00,0.0
2023-01-21T02:00:00,0.0
2023-01-21T03:00:00,0.0
2023-01-21T04:00:00,0.0
2023-01-21T05:00:00,0.0
2023-01-21T06:00:00,17.15
2023-01-21T07:00:00,142.48
2023-01-21T08:00:00,319.05
2023-01-21T09:00:00,527.05
2023-01-21T10:00:00,705.83
2023-01-21T11:00:00,811.58
2023-01-21T12:00:00,903.83
2023-01-21T13:00:00,892.22
2023-01-21T14:00:00,879.3
2023-01-21T15:00:00,687.62
2023-01-21T16:00:00,480.17
2023-01-21T17:00:00,254.68
2023-01-21T18:00:00,53.3
2023-01-21T19:00:00,0.0
2023-01-21T20:00:00,0.0
2023-01-21T21:00:00,0.0
2023-01-21T22:00:00,0.0
2023-01-21T23:00:00,0.0
2023-01-22T00:00:00,0.0
2023-01-22T01:00:00,0.0
2023-01-22T02:00:00,0.0
2023-01-22T03:00:00,0.0
2023-01-22T04:00:00,0.0
2023-01-22T05:00:00,0.0
2023-01-22T06:00:00,25.8
2023-01-22T07:00:00,197.73
2023-01-22T08:00:00,428.08
2023-01-22T09:00:00,655.53
2023-01-22T10:00:00,852.58
2023-01-22T11:00:00,974.55
2023-01-22T12:00:00,1019.42
2023-01-22T13:00:00,986.42
2023-01-22T14:00:00,880.35
2023-01-22T15:00:00,697.8
2023-01-22T16:00:00,501.48
2023-01-22T17:00:00,274.5
2023-01-22T18:00:00,60.28
2023-01-22T19:00:00,0.0
2023-01-22T20:00:00,0.0
2023-01-22T21:00:00,0.0
2023-01-22T22:00:00,0.0
2023-01-22T23:00:00,0.0
2023-01-23T00:00:00,0.0
2023-01-23T01:00:00,0.0
2023-01-23T02:00:00,0.0
2023-01-23T03:00:00,0.0
2023-01-23T04:00:00,0.0
2023-01-23T05:00:00,0.0
2023-01-23T06:00:00,23.33
2023-01-23T07:00:00,199.93
2023-01-23T08:00:00,455.27
2023-01-23T09:00:00,668.25
2023-01-23T10:00:00,849.25
2023-01-23T11:00:00,959.92
2023-01-23T12:00:00,1011.67
2023-01-23T13:00:00,940.62
2023-01-23T14:00:00,798.22
2023-01-23T15:00:00,639.95
2023-01-23T16:00:00,459.83
2023-01-23T17:00:00,256.98
2023-01-23T18:00:00,55.58
2023-01-23T19:00:00,0.0
2023-01-23T20:00:00,0.0
2023-01-23T21:00:00,0.0
2023-01-23T22:00:00,0.0
2023-01-23T23:00:00,0.0
2023-01-24T00:00:00,0.0
2023-01-24T01:00:00,0.0
2023-01-24T02:00:00,0.0
2023-01-24T03:00:00,0.0
2023-01-24T04:00:00,0.0
2023-01-24T05:00:00,0.0
2023-01-24T06:00:00,23.0
2023-01-24T07:00:00,202.2
2023-01-24T08:00:00,440.27
2023-01-24T09:00:00,672.5
2023-01-24T10:00:00,850.65
2023-01-24T11:00:00,978.67
2023-01-24T12:00:00,1027.05
2023-01-24T13:00:00,976.08
2023-01-24T14:00:00,836.62
2023-01-24T15:00:00,636.4
2023-01-24T16:00:00,439.23
2023-01-24T17:00:00,279.85
2023-01-24T18:00:00,62.1
2023-01-24T19:00:00,0.0
2023-01-24T20:00:00,0.0
2023-01-24T21:00:00,0.0
2023-01-24T22:00:00,0.0
2023-01-24T23:00:00,0.0
2023-01-25T00:00:00,0.0
2023-01-25T01:00:00,0.0
2023-01-25T02:00:00,0.0
2023-01-25T03:00:00,0.0
2023-01-25T04:00:00,0.0
2023-01-25T05:00:00,0.0
2023-01-25T06:00:00,23.3
2023-01-25T07:00:00,198.88
2023-01-25T08:00:00,440.42
2023-01-25T09:00:00,636.88
2023-01-25T10:00:00,853.83
2023-01-25T11:00:00,971.12
2023-01-25T12:00:00,1022.72
2023-01-25T13:00:00,991.7
2023-01-25T14:00:00,878.1
2023-01-25T15:00:00,718.22
2023-01-25T16:00:00,507.73
2023-01-25T17:00:00,274.85
2023-01-25T18:00:00,58.85
2023-01-25T19:00:00,0.0
2023-01-25T20:00:00,0.0
2023-01-25T21:00:00,0.0
2023-01-25T22:00:00,0.0
2023-01-25T23:00:00,0.0
2023-01-26T00:00:00,0.0
2023-01-26T01:00:00,0.0
2023-01-26T02:00:00,0.0
2023-01-26T03:00:00,0.0
2023-01-26T04:00:00,0.0
2023-01-26T05:00:00,0.0
2023-01-26T06:00:00,23.83
2023-01-26T07:00:00,207.98
2023-01-26T08:00:00,442.4
2023-01-26T09:00:00,649.62
2023-01-26T10:00:00,845.42
2023-01-26T11:00:00,964.97
2023-01-26T12:00:00,1021.65
2023-01-26T13:00:00,984.1
2023-01-26T14:00:00,877.78
2023-01-26T15:00:00,715.6
2023-01-26T16:00:00,508.95
2023-01-26T17:00:00,270.1
2023-01-26T18:00:00,57.78
2023-01-26T19:00:00,0.0
2023-01-26T20:00:00,0.0
2023-01-26T21:00:00,0.0
2023-01-26T22:00:00,0.0
2023-01-26T23:00:00,0.0
2023-01-27T00:00:00,0.0
2023-01-27T01:00:00,0.0
2023-01-27T02:00:00,0.0
2023-01-27T03:00:00,0.0
2023-01-27T04:00:00,0.0
2023-01-27T05:00:00,0.0
2023-01-27T06:00:00,17.15
2023-01-27T07:00:00,169.57
2023-01-27T08:00:00,392.02
2023-01-27T09:00:00,588.12
2023-01-27T10:00:00,769.7
2023-01-27T11:00:00,906.1
2023-01-27T12:00:00,891.35
2023-01-27T13:00:00,770.38
2023-01-27T14:00:00,608.67
2023-01-27T15:00:00,490.42
2023-01-27T16:00:00,313.2
2023-01-27T17:00:00,167.8
2023-01-27T18:00:00,32.35
2023-01-27T19:00:00,0.0
2023-01-27T20:00:00,0.0
2023-01-27T21:00:00,0.0
2023-01-27T22:00:00,0.0
2023-01-27T23:00:00,0.0
2023-01-28T00:00:00,0.0
2023-01-28T01:00:00,0.0
2023-01-28T02:00:00,0.0
2023-01-28T03:00:00,0.0
2023-01-28T04:00:00,0.0
2023-01-28T05:00:00,0.0
2023-01-28T06:00:00,14.75
2023-01-28T07:00:00,151.55
2023-01-28T08:00:00,355.5
2023-01-28T09:00:00,593.5
2023-01-28T10:00:00,724.65
2023-01-28T11:00:00,819.95
2023-01-28T12:00:00,877.03
2023-01-28T13:00:00,903.7
2023-01-28T14:00:00,759.38
2023-01-28T15:00:00,608.12
2023-01-28T16:00:00,422.85
2023-01-28T17:00:00,229.2
2023-01-28T18:00:00,41.65
2023-01-28T19:00:00,0.0
2023-01-28T20:00:00,0.0
2023-01-28T21:00:00,0.0
2023-01-28T22:00:00,0.0
2023-01-28T23:00:00,0.0
2023-01-29T00:00:00,0.0
2023-01-29T01:00:00,0.0
2023-01-29T02:00:00,0.0
2023-01-29T03:00:00,0.0
2023-01-29T04:00:00,0.0
2023-01-29T05:00:00,0.0
2023-01-29T06:00:00,21.0
2023-01-29T07:00:00,200.75
2023-01-29T08:00:00,431.0
2023-01-29T09:00:00,611.62
2023-01-29T10:00:00,813.4
2023-01-29T11:00:00,956.78
2023-01-29T12:00:00,1012.85
2023-01-29T13:00:00,906.67
2023-01-29T14:00:00,838.67
2023-01-29T15:00:00,665.8
2023-01-29T16:00:00,466.12
2023-01-29T17:00:00,256.62
2023-01-29T18:00:00,50.1
2023-01-29T19:00:00,0.0
2023-01-29T20:00:00,0.0
2023-01-29T21:00:00,0.0
2023-01-29T22:00:00,0.0
2023-01-29T23:00:00,0.0
2023-01-30T00:00:00,0.0
2023-01-30T01:00:00,0.0
2023-01-30T02:00:00,0.0
2023-01-30T03:00:00,0.0
2023-01-30T04:00:00,0.0
2023-01-30T05:00:00,0.0
2023-01-30T06:00:00,16.48
2023-01-30T07:00:00,145.45
2023-01-30T08:00:00,316.67
2023-01-30T09:00:00,510.1
2023-01-30T10:00:00,615.62
2023-01-30T11:00:00,762.95
2023-01-30T12:00:00,805.83
2023-01-30T13:00:00,735.05
2023-01-30T14:00:00,656.05
2023-01-30T15:00:00,511.1
2023-01-30T16:00:00,335.2
2023-01-30T17:00:00,172.35
2023-01-30T18:00:00,27.42
2023-01-30T19:00:00,0.0
2023-01-30T20:00:00,0.0
2023-01-30T21:00:00,0.0
2023-01-30T22:00:00,0.0
2023-01-30T23:00:00,0.0
2023-01-31T00:00:00,0.0
2023-01-31T01:00:00,0.0
2023-01-31T02:00:00,0.0
2023-01-31T03:00:00,0.0
2023-01-31T04:00:00,0.0
2023-01-31T05:00:00,0.0
2023-01-31T06:00:00,10.05
2023-01-31T07:00:00,101.12
2023-01-31T08:00:00,222.55
2023-01-31T09:00:00,340.27
2023-01-31T10:00:00,447.27
2023-01-31T11:00:00,530.6
2023-01-31T12:00:00,562.33
2023-01-31T13:00:00,335.4
2023-01-31T14:00:00,386.65
2023-01-31T15:00:00,194.98
2023-01-31T16:00:00,188.12
2023-01-31T17:00:00,104.0
2023-01-31T18:00:00,22.62
2023-01-31T19:00:00,0.0
2023-01-31T20:00:00,0.0
2023-01-31T21:00:00,0.0
2023-01-31T22:00:00,0.0
2023-01-31T23:00:00,0.0
2023-02-01T00:00:00,0.0
2023-02-01T01:00:00,0.0
2023-02-01T02:00:00,0.0
2023-02-01T03:00:00,0.0
2023-02-01T04:00:00,0.0
2023-02-01T05:00:00,0.0
2023-02-01T06:00:00,7.65
2023-02-01T07:00:00,67.7
2023-02-01T08:00:00,165.98
2023-02-01T09:00:00,254.65
2023-02-01T10:00:00,312.83
2023-02-01T11:00:00,299.62
2023-02-01T12:00:00,254.02
2023-02-01T13:00:00,299.77
2023-02-01T14:00:00,288.38
2023-02-01T15:00:00,272.3
2023-02-01T16:00:00,173.6
2023-02-01T17:00:00,94.28
2023-02-01T18:00:00,19.25
2023-02-01T19:00:00,0.0
2023-02-01T20:00:00,0.0
2023-02-01T21:00:00,0.0
2023-02-01T22:00:00,0.0
2023-02-01T23:00:00,0.0
2023-02-02T00:00:00,0.0
2023-02-02T01:00:00,0.0
2023-02-02T02:00:00,0.0
2023-02-02T03:00:00,0.0
2023-02-02T04:00:00,0.0
2023-02-02T05:00:00,0.0
2023-02-02T06:00:00,10.1
2023-02-02T07:00:00,112.9
2023-02-02T08:00:00,259.33
2023-02-02T09:00:00,467.5
2023-02-02T10:00:00,528.28
2023-02-02T11:00:00,702.55
2023-02-02T12:00:00,857.5
2023-02-02T13:00:00,809.62
2023-02-02T14:00:00,711.72
2023-02-02T15:00:00,543.58
2023-02-02T16:00:00,366.52
2023-02-02T17:00:00,202.15
2023-02-02T18:00:00,35.9
2023-02-02T19:00:00,0.0
2023-02-02T20:00:00,0.0
2023-02-02T21:00:00,0.0
2023-02-02T22:00:00,0.0
2023-02-02T23:00:00,0.0
2023-02-03T00:00:00,0.0
2023-02-03T01:00:00,0.0
2023-02-03T02:00:00,0.0
2023-02-03T03:00:00,0.0
2023-02-03T04:00:00,0.0
2023-02-03T05:00:00,0.0
2023-02-03T06:00:00,7.35
2023-02-03T07:00:00,66.53
2023-02-03T08:00:00,151.75
2023-02-03T09:00:00,151.2
2023-02-03T10:00:00,304.7
2023-02-03T11:00:00,392.1
2023-02-03T12:00:00,427.98
2023-02-03T13:00:00,492.95
2023-02-03T14:00:00,461.1
2023-02-03T15:00:00,390.35
2023-02-03T16:00:00,265.25
2023-02-03T17:00:00,115.12
2023-02-03T18:00:00,15.93
2023-02-03T19:00:00,0.0
2023-02-03T20:00:00,0.0
2023-02-03T21:00:00,0.0
2023-02-03T22:00:00,0.0
2023-02-03T23:00:00,0.0
2023-02-04T00:00:00,0.0
2023-02-04T01:00:00,0.0
2023-02-04T02:00:00,0.0
2023-02-04T03:00:00,0.0
2023-02-04T04:00:00,0.0
2023-02-04T05:00:00,0.0
2023-02-04T06:00:00,9.45
2023-02-04T07:00:00,85.55
2023-02-04T08:00:00,244.93
2023-02-04T09:00:00,232.62
2023-02-04T10:00:00,311.65
2023-02-04T11:00:00,406.2
2023-02-04T12:00:00,324.45
2023-02-04T13:00:00,186.57
2023-02-04T14:00:00,143.23
2023-02-04T15:00:00,99.25
2023-02-04T16:00:00,64.25
2023-02-04T17:00:00,76.68
2023-02-04T18:00:00,9.55
2023-02-04T19:00:00,0.0
2023-02-04T20:00:00,0.0
2023-02-04T21:00:00,0.0
2023-02-04T22:00:00,0.0
2023-02-04T23:00:00,0.0
2023-02-05T00:00:00,0.0
2023-02-05T01:00:00,0.0
2023-02-05T02:00:00,0.0
2023-02-05T03:00:00,0.0
2023-02-05T04:00:00,0.0
2023-02-05T05:00:00,0.0
2023-02-05T06:00:00,13.1
2023-02-05T07:00:00,156.12
2023-02-05T08:00:00,371.73
2023-02-05T09:00:00,629.8
2023-02-05T10:00:00,792.3
2023-02-05T11:00:00,918.85
2023-02-05T12:00:00,952.38
2023-02-05T13:00:00,907.5
2023-02-05T14:00:00,856.62
2023-02-05T15:00:00,697.25
2023-02-05T16:00:00,487.65
2023-02-05T17:00:00,252.2
2023-02-05T18:00:00,49.0
2023-02-05T19:00:00,0.0
2023-02-05T20:00:00,0.0
2023-02-05T21:00:00,0.0
2023-02-05T22:00:00,0.0
2023-02-05T23:00:00,0.0
2023-02-06T00:00:00,0.0
2023-02-06T01:00:00,0.0
2023-02-06T02:00:00,0.0
2023-02-06T03:00:00,0.0
2023-02-06T04:00:00,0.0
2023-02-06T05:00:00,0.0
2023-02-06T06:00:00,13.02
2023-02-06T07:00:00,146.38
2023-02-06T08:00:00,332.67
2023-02-06T09:00:00,511.62
2023-02-06T10:00:00,622.28
2023-02-06T11:00:00,856.4
2023-02-06T12:00:00,969.7
2023-02-06T13:00:00,938.15
2023-02-06T14:00:00,786.75
2023-02-06T15:00:00,625.62
2023-02-06T16:00:00,420.27
2023-02-06T17:00:00,222.85
2023-02-06T18:00:00,43.3
2023-02-06T19:00:00,0.0
2023-02-06T20:00:00,0.0
2023-02-06T21:00:00,0.0
2023-02-06T22:00:00,0.0
2023-02-06T23:00:00,0.0
2023-02-07T00:00:00,0.0
2023-02-07T01:00:00,0.0
2023-02-07T02:00:00,0.0
2023-02-07T03:00:00,0.0
2023-02-07T04:00:00,0.0
2023-02-07T05:00:00,0.0
2023-02-07T06:00:00,11.1
2023-02-07T07:00:00,118.78
2023-02-07T08:00:00,282.6
2023-02-07T09:00:00,499.17
2023-02-07T10:00:00,694.72
2023-02-07T11:00:00,784.9
2023-02-07T12:00:00,694.62
2023-02-07T13:00:00,535.88
2023-02-07T14:00:00,442.48
2023-02-07T15:00:00,247.32
2023-02-07T16:00:00,218.52
2023-02-07T17:00:00,104.15
2023-02-07T18:00:00,18.55
2023-02-07T19:00:00,0.0
2023-02-07T20:00:00,0.0
2023-02-07T21:00:00,0.0
2023-02-07T22:00:00,0.0
2023-02-07T23:00:00,0.0
2023-02-08T00:00:00,0.0
2023-02-08T01:00:00,0.0
2023-02-08T02:00:00,0.0
2023-02-08T03:00:00,0.0
2023-02-08T04:00:00,0.0
2023-02-08T05:00:00,0.0
2023-02-08T06:00:00,15.52
2023-02-08T07:00:00,164.93
2023-02-08T08:00:00,383.17
2023-02-08T09:00:00,599.7
2023-02-08T10:00:00,773.65
2023-02-08T11:00:00,899.67
2023-02-08T12:00:00,953.22
2023-02-08T13:00:00,948.15
2023-02-08T14:00:00,787.05
2023-02-08T15:00:00,664.78
2023-02-08T16:00:00,461.0
2023-02-08T17:00:00,232.85
2023-02-08T18:00:00,39.42
2023-02-08T19:00:00,0.0
2023-02-08T20:00:00,0.0
2023-02-08T21:00:00,0.0
2023-02-08T22:00:00,0.0
2023-02-08T23:00:00,0.0
2023-02-09T00:00:00,0.0
2023-02-09T01:00:00,0.0
2023-02-09T02:00:00,0.0
2023-02-09T03:00:00,0.0
2023-02-09T04:00:00,0.0
2023-02-09T05:00:00,0.0
2023-02-09T06:00:00,15.5
2023-02-09T07:00:00,178.25
2023-02-09T08:00:00,413.4
2023-02-09T09:00:00,633.35
2023-02-09T10:00:00,829.67
2023-02-09T11:00:00,946.55
2023-02-09T12:00:00,1017.58
2023-02-09T13:00:00,963.6
2023-02-09T14:00:00,842.78
2023-02-09T15:00:00,677.72
2023-02-09T16:00:00,454.83
2023-02-09T17:00:00,258.55
2023-02-09T18:00:00,51.1
2023-02-09T19:00:00,0.0
2023-02-09T20:00:00,0.0
2023-02-09T21:00:00,0.0
2023-02-09T22:00:00,0.0
2023-02-09T23:00:00,0.0
2023-02-10T00:00:00,0.0
2023-02-10T01:00:00,0.0
2023-02-10T02:00:00,0.0
2023-02-10T03:00:00,0.0
2023-02-10T04:00:00,0.0
2023-02-10T05:00:00,0.0
2023-02-10T06:00:00,15.65
2023-02-10T07:00:00,179.4
2023-02-10T08:00:00,384.92
2023-02-10T09:00:00,645.03
2023-02-10T10:00:00,833.78
2023-02-10T11:00:00,949.5
2023-02-10T12:00:00,998.33
2023-02-10T13:00:00,949.8
2023-02-10T14:00:00,855.62
2023-02-10T15:00:00,688.6
2023-02-10T16:00:00,479.73
2023-02-10T17:00:00,253.15
2023-02-10T18:00:00,51.45
2023-02-10T19:00:00,0.0
2023-02-10T20:00:00,0.0
2023-02-10T21:00:00,0.0
2023-02-10T22:00:00,0.0
2023-02-10T23:00:00,0.0
2023-02-11T00:00:00,0.0
2023-02-11T01:00:00,0.0
2023-02-11T02:00:00,0.0
2023-02-11T03:00:00,0.0
2023-02-11T04:00:00,0.0
2023-02-11T05:00:00,0.0
2023-02-11T06:00:00,14.35
2023-02-11T07:00:00,179.82
2023-02-11T08:00:00,419.23
2023-02-11T09:00:00,653.45
2023-02-11T10:00:00,847.5
2023-02-11T11:00:00,969.67
2023-02-11T12:00:00,1027.45
2023-02-11T13:00:00,977.35
2023-02-11T14:00:00,841.08
2023-02-11T15:00:00,651.65
2023-02-11T16:00:00,437.92
2023-02-11T17:00:00,236.12
2023-02-11T18:00:00,43.1
2023-02-11T19:00:00,0.0
2023-02-11T20:00:00,0.0
2023-02-11T21:00:00,0.0
2023-02-11T22:00:00,0.0
2023-02-11T23:00:00,0.0
2023-02-12T00:00:00,0.0
2023-02-12T01:00:00,0.0
2023-02-12T02:00:00,0.0
2023-02-12T03:00:00,0.0
2023-02-12T04:00:00,0.0
2023-02-12T05:00:00,0.0
2023-02-12T06:00:00,14.32
2023-02-12T07:00:00,178.32
2023-02-12T08:00:00,414.83
2023-02-12T09:00:00,609.47
2023-02-12T10:00:00,763.72
2023-02-12T11:00:00,907.12
2023-02-12T12:00:00,948.62
2023-02-12T13:00:00,978.75
2023-02-12T14:00:00,831.2
2023-02-12T15:00:00,684.92
2023-02-12T16:00:00,465.7
2023-02-12T17:00:00,239.62
2023-02-12T18:00:00,43.62
2023-02-12T19:00:00,0.0
2023-02-12T20:00:00,0.0
2023-02-12T21:00:00,0.0
2023-02-12T22:00:00,0.0
2023-02-12T23:00:00,0.0
2023-02-13T00:00:00,0.0
2023-02-13T01:00:00,0.0
2023-02-13T02:00:00,0.0
2023-02-13T03:00:00,0.0
2023-02-13T04:00:00,0.0
2023-02-13T05:00:00,0.0
2023-02-13T06:00:00,10.02
2023-02-13T07:00:00,126.2
2023-02-13T08:00:00,306.62
2023-02-13T09:00:00,510.35
2023-02-13T10:00:00,703.33
2023-02-13T11:00:00,946.4
2023-02-13T12:00:00,1008.9
2023-02-13T13:00:00,948.8
2023-02-13T14:00:00,792.08
2023-02-13T15:00:00,680.05
2023-02-13T16:00:00,472.2
2023-02-13T17:00:00,240.57
2023-02-13T18:00:00,39.92
2023-02-13T19:00:00,0.0
2023-02-13T20:00:00,0.0
2023-02-13T21:00:00,0.0
2023-02-13T22:00:00,0.0
2023-02-13T23:00:00,0.0
2023-02-14T00:00:00,0.0
2023-02-14T01:00:00,0.0
2023-02-14T02:00:00,0.0
2023-02-14T03:00:00,0.0
2023-02-14T04:00:00,0.0
2023-02-14T05:00:00,0.0
2023-02-14T06:00:00,10.0
2023-02-14T07:00:00,108.18
2023-02-14T08:00:00,276.15
2023-02-14T09:00:00,470.5
2023-02-14T10:00:00,519.08
2023-02-14T11:00:00,641.78
2023-02-14T12:00:00,731.33
2023-02-14T13:00:00,837.28
2023-02-14T14:00:00,715.03
2023-02-14T15:00:00,533.4
2023-02-14T16:00:00,329.62
2023-02-14T17:00:00,175.35
2023-02-14T18:00:00,28.9
2023-02-14T19:00:00,0.0
2023-02-14T20:00:00,0.0
2023-02-14T21:00:00,0.0
2023-02-14T22:00:00,0.0
2023-02-14T23:00:00,0.0
2023-02-15T00:00:00,0.0
2023-02-15T01:00:00,0.0
2023-02-15T02:00:00,0.0
2023-02-15T03:00:00,0.0
2023-02-15T04:00:00,0.0
2023-02-15T05:00:00,0.0
2023-02-15T06:00:00,8.68
2023-02-15T07:00:00,113.55
2023-02-15T08:00:00,269.9
2023-02-15T09:00:00,502.7
2023-02-15T10:00:00,761.45
2023-02-15T11:00:00,890.33
2023-02-15T12:00:00,981.95
2023-02-15T13:00:00,985.72
2023-02-15T14:00:00,900.65
2023-02-15T15:00:00,727.62
2023-02-15T16:00:00,510.02
2023-02-15T17:00:00,270.98
2023-02-15T18:00:00,51.17
2023-02-15T19:00:00,0.0
2023-02-15T20:00:00,0.0
2023-02-15T21:00:00,0.0
2023-02-15T22:00:00,0.0
2023-02-15T23:00:00,0.0
2023-02-16T00:00:00,0.0
2023-02-16T01:00:00,0.0
2023-02-16T02:00:00,0.0
2023-02-16T03:00:00,0.0
2023-02-16T04:00:00,0.0
2023-02-16T05:00:00,0.0
2023-02-16T06:00:00,13.45
2023-02-16T07:00:00,179.82
2023-02-16T08:00:00,421.1
2023-02-16T09:00:00,643.58
2023-02-16T10:00:00,787.12
2023-02-16T11:00:00,936.83
2023-02-16T12:00:00,988.28
2023-02-16T13:00:00,961.88
2023-02-16T14:00:00,817.8
2023-02-16T15:00:00,675.38
2023-02-16T16:00:00,488.05
2023-02-16T17:00:00,246.6
2023-02-16T18:00:00,45.25
2023-02-16T19:00:00,0.0
2023-02-16T20:00:00,0.0
2023-02-16T21:00:00,0.0
2023-02-16T22:00:00,0.0
2023-02-16T23:00:00,0.0
2023-02-17T00:00:00,0.0
2023-02-17T01:00:00,0.0
2023-02-17T02:00:00,0.0
2023-02-17T03:00:00,0.0
2023-02-17T04:00:00,0.0
2023-02-17T05:00:00,0.0
2023-02-17T06:00:00,13.38
2023-02-17T07:00:00,168.23
2023-02-17T08:00:00,393.75
2023-02-17T09:00:00,601.62
2023-02-17T10:00:00,773.65
2023-02-17T11:00:00,925.47
2023-02-17T12:00:00,1009.72
2023-02-17T13:00:00,963.4
2023-02-17T14:00:00,823.4
2023-02-17T15:00:00,676.17
2023-02-17T16:00:00,465.52
2023-02-17T17:00:00,230.6
2023-02-17T18:00:00,42.85
2023-02-17T19:00:00,0.0
2023-02-17T20:00:00,0.0
2023-02-17T21:00:00,0.0
2023-02-17T22:00:00,0.0
2023-02-17T23:00:00,0.0
2023-02-18T00:00:00,0.0
2023-02-18T01:00:00,0.0
2023-02-18T02:00:00,0.0
2023-02-18T03:00:00,0.0
2023-02-18T04:00:00,0.0
2023-02-18T05:00:00,0.0
2023-02-18T06:00:00,14.27
2023-02-18T07:00:00,194.45
2023-02-18T08:00:00,432.1
2023-02-18T09:00:00,666.2
2023-02-18T10:00:00,836.17
2023-02-18T11:00:00,956.22
2023-02-18T12:00:00,986.92
2023-02-18T13:00:00,990.38
2023-02-18T14:00:00,871.38
2023-02-18T15:00:00,713.95
2023-02-18T16:00:00,494.6
2023-02-18T17:00:00,250.23
2023-02-18T18:00:00,41.45
2023-02-18T19:00:00,0.0
2023-02-18T20:00:00,0.0
2023-02-18T21:00:00,0.0
2023-02-18T22:00:00,0.0
2023-02-18T23:00:00,0.0
2023-02-19T00:00:00,0.0
2023-02-19T01:00:00,0.0
2023-02-19T02:00:00,0.0
2023-02-19T03:00:00,0.0
2023-02-19T04:00:00,0.0
2023-02-19T05:00:00,0.0
2023-02-19T06:00:00,5.62
2023-02-19T07:00:00,61.45
2023-02-19T08:00:00,145.68
2023-02-19T09:00:00,290.77
2023-02-19T10:00:00,419.08
2023-02-19T11:00:00,394.1
2023-02-19T12:00:00,383.58
2023-02-19T13:00:00,413.52
2023-02-19T14:00:00,410.02
2023-02-19T15:00:00,356.23
2023-02-19T16:00:00,193.82
2023-02-19T17:00:00,134.98
2023-02-19T18:00:00,27.4
2023-02-19T19:00:00,0.0
2023-02-19T20:00:00,0.0
2023-02-19T21:00:00,0.0
2023-02-19T22:00:00,0.0
2023-02-19T23:00:00,0.0
2023-02-20T00:00:00,0.0
2023-02-20T01:00:00,0.0
2023-02-20T02:00:00,0.0
2023-02-20T03:00:00,0.0
2023-02-20T04:00:00,0.0
2023-02-20T05:00:00,0.0
2023-02-20T06:00:00,12.3
2023-02-20T07:00:00,157.43
2023-02-20T08:00:00,374.0
2023-02-20T09:00:00,554.38
2023-02-20T10:00:00,729.25
2023-02-20T11:00:00,881.88
2023-02-20T12:00:00,936.28
2023-02-20T13:00:00,857.47
2023-02-20T14:00:00,766.22
2023-02-20T15:00:00,590.88
2023-02-20T16:00:00,408.15
2023-02-20T17:00:00,220.2
2023-02-20T18:00:00,25.35
2023-02-20T19:00:00,0.0
2023-02-20T20:00:00,0.0
2023-02-20T21:00:00,0.0
2023-02-20T22:00:00,0.0
2023-02-20T23:00:00,0.0
2023-02-21T00:00:00,0.0
2023-02-21T01:00:00,0.0
2023-02-21T02:00:00,0.0
2023-02-21T03:00:00,0.0
2023-02-21T04:00:00,0.0
2023-02-21T05:00:00,0.0
2023-02-21T06:00:00,1.83
2023-02-21T07:00:00,26.88
2023-02-21T08:00:00,61.28
2023-02-21T09:00:00,104.45
2023-02-21T10:00:00,199.25
2023-02-21T11:00:00,332.48
2023-02-21T12:00:00,426.75
2023-02-21T13:00:00,440.62
2023-02-21T14:00:00,378.55
2023-02-21T15:00:00,268.85
2023-02-21T16:00:00,200.05
2023-02-21T17:00:00,97.22
2023-02-21T18:00:00,16.83
2023-02-21T19:00:00,0.0
2023-02-21T20:00:00,0.0
2023-02-21T21:00:00,0.0
2023-02-21T22:00:00,0.0
2023-02-21T23:00:00,0.0
2023-02-22T00:00:00,0.0
2023-02-22T01:00:00,0.0
2023-02-22T02:00:00,0.0
2023-02-22T03:00:00,0.0
2023-02-22T04:00:00,0.0
2023-02-22T05:00:00,0.0
2023-02-22T06:00:00,6.47
2023-02-22T07:00:00,83.2
2023-02-22T08:00:00,214.32
2023-02-22T09:00:00,408.4
2023-02-22T10:00:00,555.08
2023-02-22T11:00:00,690.7
2023-02-22T12:00:00,710.2
2023-02-22T13:00:00,630.55
2023-02-22T14:00:00,403.67
2023-02-22T15:00:00,347.8
2023-02-22T16:00:00,173.0
2023-02-22T17:00:00,95.03
2023-02-22T18:00:00,14.48
2023-02-22T19:00:00,0.0
2023-02-22T20:00:00,0.0
2023-02-22T21:00:00,0.0
2023-02-22T22:00:00,0.0
2023-02-22T23:00:00,0.0
2023-02-23T00:00:00,0.0
2023-02-23T01:00:00,0.0
2023-02-23T02:00:00,0.0
2023-02-23T03:00:00,0.0
2023-02-23T04:00:00,0.0
2023-02-23T05:00:00,0.0
2023-02-23T06:00:00,5.9
2023-02-23T07:00:00,66.32
2023-02-23T08:00:00,186.62
2023-02-23T09:00:00,163.2
2023-02-23T10:00:00,357.4
2023-02-23T11:00:00,257.42
2023-02-23T12:00:00,584.42
2023-02-23T13:00:00,486.8
2023-02-23T14:00:00,283.17
2023-02-23T15:00:00,274.92
2023-02-23T16:00:00,200.85
2023-02-23T17:00:00,93.62
2023-02-23T18:00:00,16.5
2023-02-23T19:00:00,0.0
2023-02-23T20:00:00,0.0
2023-02-23T21:00:00,0.0
2023-02-23T22:00:00,0.0
2023-02-23T23:00:00,0.0
2023-02-24T00:00:00,0.0
2023-02-24T01:00:00,0.0
2023-02-24T02:00:00,0.0
2023-02-24T03:00:00,0.0
2023-02-24T04:00:00,0.0
2023-02-24T05:00:00,0.0
2023-02-24T06:00:00,9.6
2023-02-24T07:00:00,110.0
2023-02-24T08:00:00,294.88
2023-02-24T09:00:00,474.8
2023-02-24T10:00:00,668.58
2023-02-24T11:00:00,807.2
2023-02-24T12:00:00,848.92
2023-02-24T13:00:00,783.67
2023-02-24T14:00:00,719.8
2023-02-24T15:00:00,588.1
2023-02-24T16:00:00,399.08
2023-02-24T17:00:00,192.8
2023-02-24T18:00:00,33.08
2023-02-24T19:00:00,0.0
2023-02-24T20:00:00,0.0
2023-02-24T21:00:00,0.0
2023-02-24T22:00:00,0.0
2023-02-24T23:00:00,0.0
2023-02-25T00:00:00,0.0
2023-02-25T01:00:00,0.0
2023-02-25T02:00:00,0.0
2023-02-25T03:00:00,0.0
2023-02-25T04:00:00,0.0
2023-02-25T05:00:00,0.0
2023-02-25T06:00:00,12.3
2023-02-25T07:00:00,185.75
2023-02-25T08:00:00,435.58
2023-02-25T09:00:00,658.5
2023-02-25T10:00:00,830.58
2023-02-25T11:00:00,943.62
2023-02-25T12:00:00,1002.28
2023-02-25T13:00:00,942.8
2023-02-25T14:00:00,853.2
2023-02-25T15:00:00,708.2
2023-02-25T16:00:00,505.77
2023-02-25T17:00:00,261.42
2023-02-25T18:00:00,42.2
2023-02-25T19:00:00,0.0
2023-02-25T20:00:00,0.0
2023-02-25T21:00:00,0.0
2023-02-25T22:00:00,0.0
2023-02-25T23:00:00,0.0
2023-02-26T00:00:00,0.0
2023-02-26T01:00:00,0.0
2023-02-26T02:00:00,0.0
2023-02-26T03:00:00,0.0
2023-02-26T04:00:00,0.0
2023-02-26T05:00:00,0.0
2023-02-26T06:00:00,12.98
2023-02-26T07:00:00,190.27
2023-02-26T08:00:00,427.3
2023-02-26T09:00:00,653.6
2023-02-26T10:00:00,845.6
2023-02-26T11:00:00,972.33
2023-02-26T12:00:00,1013.15
2023-02-26T13:00:00,943.25
2023-02-26T14:00:00,887.92
2023-02-26T15:00:00,706.5
2023-02-26T16:00:00,501.92
2023-02-26T17:00:00,257.77
2023-02-26T18:00:00,41.65
2023-02-26T19:00:00,0.0
2023-02-26T20:00:00,0.0
2023-02-26T21:00:00,0.0
2023-02-26T22:00:00,0.0
2023-02-26T23:00:00,0.0
2023-02-27T00:00:00,0.0
2023-02-27T01:00:00,0.0
2023-02-27T02:00:00,0.0
2023-02-27T03:00:00,0.0
2023-02-27T04:00:00,0.0
2023-02-27T05:00:00,0.0
2023-02-27T06:00:00,12.25
2023-02-27T07:00:00,186.82
2023-02-27T08:00:00,425.52
2023-02-27T09:00:00,663.15
2023-02-27T10:00:00,837.92
2023-02-27T11:00:00,957.97
2023-02-27T12:00:00,1005.2
2023-02-27T13:00:00,979.3
2023-02-27T14:00:00,872.1
2023-02-27T15:00:00,714.65
2023-02-27T16:00:00,504.95
2023-02-27T17:00:00,256.65
2023-02-27T18:00:00,39.2
2023-02-27T19:00:00,0.0
2023-02-27T20:00:00,0.0
2023-02-27T21:00:00,0.0
2023-02-27T22:00:00,0.0
2023-02-27T23:00:00,0.0
2023-02-28T00:00:00,0.0
2023-02-28T01:00:00,0.0
2023-02-28T02:00:00,0.0
2023-02-28T03:00:00,0.0
2023-02-28T04:00:00,0.0
2023-02-28T05:00:00,0.0
2023-02-28T06:00:00,11.73
2023-02-28T07:00:00,177.05
2023-02-28T08:00:00,404.45
2023-02-28T09:00:00,651.0
2023-02-28T10:00:00,832.83
2023-02-28T11:00:00,955.62
2023-02-28T12:00:00,1010.62
2023-02-28T13:00:00,988.12
2023-02-28T14:00:00,897.28
2023-02-28T15:00:00,737.85
2023-02-28T16:00:00,502.85
2023-02-28T17:00:00,256.4
2023-02-28T18:00:00,37.5
2023-02-28T19:00:00,0.0
2023-02-28T20:00:00,0.0
2023-02-28T21:00:00,0.0
2023-02-28T22:00:00,0.0
2023-02-28T23:00:00,0.0
2023-03-01T00:00:00,0.0
2023-03-01T01:00:00,0.0
2023-03-01T02:00:00,0.0
2023-03-01T03:00:00,0.0
2023-03-01T04:00:00,0.0
2023-03-01T05:00:00,0.0
2023-03-01T06:00:00,11.23
2023-03-01T07:00:00,178.85
2023-03-01T08:00:00,418.83
2023-03-01T09:00:00,649.97
2023-03-01T10:00:00,829.9
2023-03-01T11:00:00,952.9
2023-03-01T12:00:00,863.22
2023-03-01T13:00:00,971.7
2023-03-01T14:00:00,878.15
2023-03-01T15:00:00,700.7
2023-03-01T16:00:00,486.35
2023-03-01T17:00:00,239.82
2023-03-01T18:00:00,36.25
2023-03-01T19:00:00,0.0
2023-03-01T20:00:00,0.0
2023-03-01T21:00:00,0.0
2023-03-01T22:00:00,0.0
2023-03-01T23:00:00,0.0
2023-03-02T00:00:00,0.0
2023-03-02T01:00:00,0.0
2023-03-02T02:00:00,0.0
2023-03-02T03:00:00,0.0
2023-03-02T04:00:00,0.0
2023-03-02T05:00:00,0.0
2023-03-02T06:00:00,11.32
2023-03-02T07:00:00,170.02
2023-03-02T08:00:00,402.38
2023-03-02T09:00:00,592.42
2023-03-02T10:00:00,731.5
2023-03-02T11:00:00,815.85
2023-03-02T12:00:00,791.33
2023-03-02T13:00:00,932.58
2023-03-02T14:00:00,784.88
2023-03-02T15:00:00,624.12
2023-03-02T16:00:00,432.02
2023-03-02T17:00:00,204.38
2023-03-02T18:00:00,28.05
2023-03-02T19:00:00,0.0
2023-03-02T20:00:00,0.0
2023-03-02T21:00:00,0.0
2023-03-02T22:00:00,0.0
2023-03-02T23:00:00,0.0
2023-03-03T00:00:00,0.0
2023-03-03T01:00:00,0.0
2023-03-03T02:00:00,0.0
2023-03-03T03:00:00,0.0
2023-03-03T04:00:00,0.0
2023-03-03T05:00:00,0.0
2023-03-03T06:00:00,9.75
2023-03-03T07:00:00,152.25
2023-03-03T08:00:00,376.35
2023-03-03T09:00:00,588.03
2023-03-03T10:00:00,765.03
2023-03-03T11:00:00,884.92
2023-03-03T12:00:00,939.47
2023-03-03T13:00:00,911.45
2023-03-03T14:00:00,756.95
2023-03-03T15:00:00,582.05
2023-03-03T16:00:00,375.08
2023-03-03T17:00:00,178.77
2023-03-03T18:00:00,23.75
2023-03-03T19:00:00,0.0
2023-03-03T20:00:00,0.0
2023-03-03T21:00:00,0.0
2023-03-03T22:00:00,0.0
2023-03-03T23:00:00,0.0
2023-03-04T00:00:00,0.0
2023-03-04T01:00:00,0.0
2023-03-04T02:00:00,0.0
2023-03-04T03:00:00,0.0
2023-03-04T04:00:00,0.0
2023-03-04T05:00:00,0.0
2023-03-04T06:00:00,11.5
2023-03-04T07:00:00,190.2
2023-03-04T08:00:00,436.98
2023-03-04T09:00:00,675.17
2023-03-04T10:00:00,859.95
2023-03-04T11:00:00,981.62
2023-03-04T12:00:00,1033.3
2023-03-04T13:00:00,1002.58
2023-03-04T14:00:00,903.6
2023-03-04T15:00:00,732.7
2023-03-04T16:00:00,516.3
2023-03-04T17:00:00,253.07
2023-03-04T18:00:00,33.5
2023-03-04T19:00:00,0.0
2023-03-04T20:00:00,0.0
2023-03-04T21:00:00,0.0
2023-03-04T22:00:00,0.0
2023-03-04T23:00:00,0.0
2023-03-05T00:00:00,0.0
2023-03-05T01:00:00,0.0
2023-03-05T02:00:00,0.0
2023-03-05T03:00:00,0.0
2023-03-05T04:00:00,0.0
2023-03-05T05:00:00,0.0
2023-03-05T06:00:00,10.0
2023-03-05T07:00:00,148.93
2023-03-05T08:00:00,369.67
2023-03-05T09:00:00,552.12
2023-03-05T10:00:00,705.6
2023-03-05T11:00:00,804.6
2023-03-05T12:00:00,780.35
2023-03-05T13:00:00,691.1
2023-03-05T14:00:00,533.33
2023-03-05T15:00:00,332.05
2023-03-05T16:00:00,113.47
2023-03-05T17:00:00,56.25
2023-03-05T18:00:00,6.18
2023-03-05T19:00:00,0.0
2023-03-05T20:00:00,0.0
2023-03-05T21:00:00,0.0
2023-03-05T22:00:00,0.0
2023-03-05T23:00:00,0.0
2023-03-06T00:00:00,0.0
2023-03-06T01:00:00,0.0
2023-03-06T02:00:00,0.0
2023-03-06T03:00:00,0.0
2023-03-06T04:00:00,0.0
2023-03-06T05:00:00,0.0
2023-03-06T06:00:00,8.12
2023-03-06T07:00:00,138.8
2023-03-06T08:00:00,348.3
2023-03-06T09:00:00,577.47
2023-03-06T10:00:00,736.67
2023-03-06T11:00:00,856.05
2023-03-06T12:00:00,874.1
2023-03-06T13:00:00,811.4
2023-03-06T14:00:00,698.88
2023-03-06T15:00:00,542.08
2023-03-06T16:00:00,340.25
2023-03-06T17:00:00,161.88
2023-03-06T18:00:00,18.17
2023-03-06T19:00:00,0.0
2023-03-06T20:00:00,0.0
2023-03-06T21:00:00,0.0
2023-03-06T22:00:00,0.0
2023-03-06T23:00:00,0.0
2023-03-07T00:00:00,0.0
2023-03-07T01:00:00,0.0
2023-03-07T02:00:00,0.0
2023-03-07T03:00:00,0.0
2023-03-07T04:00:00,0.0
2023-03-07T05:00:00,0.0
2023-03-07T06:00:00,8.27
2023-03-07T07:00:00,127.12
2023-03-07T08:00:00,327.05
2023-03-07T09:00:00,563.97
2023-03-07T10:00:00,718.78
2023-03-07T11:00:00,892.45
2023-03-07T12:00:00,939.7
2023-03-07T13:00:00,894.4
2023-03-07T14:00:00,812.65
2023-03-07T15:00:00,587.22
2023-03-07T16:00:00,360.08
2023-03-07T17:00:00,156.3
2023-03-07T18:00:00,17.9
2023-03-07T19:00:00,0.0
2023-03-07T20:00:00,0.0
2023-03-07T21:00:00,0.0
2023-03-07T22:00:00,0.0
2023-03-07T23:00:00,0.0
2023-03-08T00:00:00,0.0
2023-03-08T01:00:00,0.0
2023-03-08T02:00:00,0.0
2023-03-08T03:00:00,0.0
2023-03-08T04:00:00,0.0
2023-03-08T05:00:00,0.0
2023-03-08T06:00:00,4.03
2023-03-08T07:00:00,48.28
2023-03-08T08:00:00,116.18
2023-03-08T09:00:00,160.18
2023-03-08T10:00:00,152.52
2023-03-08T11:00:00,191.15
2023-03-08T12:00:00,181.55
2023-03-08T13:00:00,247.65
2023-03-08T14:00:00,282.9
2023-03-08T15:00:00,261.58
2023-03-08T16:00:00,149.12
2023-03-08T17:00:00,82.53
2023-03-08T18:00:00,12.23
2023-03-08T19:00:00,0.0
2023-03-08T20:00:00,0.0
2023-03-08T21:00:00,0.0
2023-03-08T22:00:00,0.0
2023-03-08T23:00:00,0.0
2023-03-09T00:00:00,0.0
2023-03-09T01:00:00,0.0
2023-03-09T02:00:00,0.0
2023-03-09T03:00:00,0.0
2023-03-09T04:00:00,0.0
2023-03-09T05:00:00,0.0
2023-03-09T06:00:00,4.85
2023-03-09T07:00:00,67.55
2023-03-09T08:00:00,170.93
2023-03-09T09:00:00,310.6
2023-03-09T10:00:00,432.92
2023-03-09T11:00:00,513.62
2023-03-09T12:00:00,510.38
2023-03-09T13:00:00,494.15
2023-03-09T14:00:00,428.8
2023-03-09T15:00:00,297.42
2023-03-09T16:00:00,154.57
2023-03-09T17:00:00,78.75
2023-03-09T18:00:00,9.98
2023-03-09T19:00:00,0.0
2023-03-09T20:00:00,0.0
2023-03-09T21:00:00,0.0
2023-03-09T22:00:00,0.0
2023-03-09T23:00:00,0.0
2023-03-10T00:00:00,0.0
2023-03-10T01:00:00,0.0
2023-03-10T02:00:00,0.0
2023-03-10T03:00:00,0.0
2023-03-10T04:00:00,0.0
2023-03-10T05:00:00,0.0
2023-03-10T06:00:00,6.03
2023-03-10T07:00:00,106.45
2023-03-10T08:00:00,261.58
2023-03-10T09:00:00,479.52
2023-03-10T10:00:00,575.3
2023-03-10T11:00:00,800.6
2023-03-10T12:00:00,840.53
2023-03-10T13:00:00,759.38
2023-03-10T14:00:00,495.25
2023-03-10T15:00:00,415.25
2023-03-10T16:00:00,218.65
2023-03-10T17:00:00,94.18
2023-03-10T18:00:00,9.85
2023-03-10T19:00:00,0.0
2023-03-10T20:00:00,0.0
2023-03-10T21:00:00,0.0
2023-03-10T22:00:00,0.0
2023-03-10T23:00:00,0.0
2023-03-11T00:00:00,0.0
2023-03-11T01:00:00,0.0
2023-03-11T02:00:00,0.0
2023-03-11T03:00:00,0.0
2023-03-11T04:00:00,0.0
2023-03-11T05:00:00,0.0
2023-03-11T06:00:00,8.52
2023-03-11T07:00:00,139.43
2023-03-11T08:00:00,370.95
2023-03-11T09:00:00,570.97
2023-03-11T10:00:00,803.25
2023-03-11T11:00:00,921.4
2023-03-11T12:00:00,965.12
2023-03-11T13:00:00,897.88
2023-03-11T14:00:00,754.47
2023-03-11T15:00:00,576.28
2023-03-11T16:00:00,382.88
2023-03-11T17:00:00,172.02
2023-03-11T18:00:00,20.98
2023-03-11T19:00:00,0.0
2023-03-11T20:00:00,0.0
2023-03-11T21:00:00,0.0
2023-03-11T22:00:00,0.0
2023-03-11T23:00:00,0.0
2023-03-12T00:00:00,0.0
2023-03-12T01:00:00,0.0
2023-03-12T02:00:00,0.0
2023-03-12T03:00:00,0.0
2023-03-12T04:00:00,0.0
2023-03-12T05:00:00,0.0
2023-03-12T06:00:00,9.25
2023-03-12T07:00:00,147.35
2023-03-12T08:00:00,386.23
2023-03-12T09:00:00,607.5
2023-03-12T10:00:00,774.8
2023-03-12T11:00:00,798.7
2023-03-12T12:00:00,789.5
2023-03-12T13:00:00,791.03
2023-03-12T14:00:00,714.17
2023-03-12T15:00:00,547.75
2023-03-12T16:00:00,355.92
2023-03-12T17:00:00,161.88
2023-03-12T18:00:00,20.52
2023-03-12T19:00:00,0.0
2023-03-12T20:00:00,0.0
2023-03-12T21:00:00,0.0
2023-03-12T22:00:00,0.0
2023-03-12T23:00:00,0.0
2023-03-13T00:00:00,0.0
2023-03-13T01:00:00,0.0
2023-03-13T02:00:00,0.0
2023-03-13T03:00:00,0.0
2023-03-13T04:00:00,0.0
2023-03-13T05:00:00,0.0
2023-03-13T06:00:00,9.55
2023-03-13T07:00:00,161.32
2023-03-13T08:00:00,390.77
2023-03-13T09:00:00,629.9
2023-03-13T10:00:00,822.38
2023-03-13T11:00:00,930.65
2023-03-13T12:00:00,970.9
2023-03-13T13:00:00,743.92
2023-03-13T14:00:00,773.9
2023-03-13T15:00:00,629.83
2023-03-13T16:00:00,410.33
2023-03-13T17:00:00,187.4
2023-03-13T18:00:00,20.65
2023-03-13T19:00:00,0.0
2023-03-13T20:00:00,0.0
2023-03-13T21:00:00,0.0
2023-03-13T22:00:00,0.0
2023-03-13T23:00:00,0.0
2023-03-14T00:00:00,0.0
2023-03-14T01:00:00,0.0
2023-03-14T02:00:00,0.0
2023-03-14T03:00:00,0.0
2023-03-14T04:00:00,0.0
2023-03-14T05:00:00,0.0
2023-03-14T06:00:00,10.57
2023-03-14T07:00:00,180.07
2023-03-14T08:00:00,428.58
2023-03-14T09:00:00,643.72
2023-03-14T10:00:00,816.85
2023-03-14T11:00:00,945.38
2023-03-14T12:00:00,1009.7
2023-03-14T13:00:00,957.62
2023-03-14T14:00:00,865.05
2023-03-14T15:00:00,684.9
2023-03-14T16:00:00,456.83
2023-03-14T17:00:00,215.4
2023-03-14T18:00:00,21.15
2023-03-14T19:00:00,0.0
2023-03-14T20:00:00,0.0
2023-03-14T21:00:00,0.0
2023-03-14T22:00:00,0.0
2023-03-14T23:00:00,0.0
2023-03-15T00:00:00,0.0
2023-03-15T01:00:00,0.0
2023-03-15T02:00:00,0.0
2023-03-15T03:00:00,0.0
2023-03-15T04:00:00,0.0
2023-03-15T05:00:00,0.0
2023-03-15T06:00:00,10.4
2023-03-15T07:00:00,172.75
2023-03-15T08:00:00,404.45
2023-03-15T09:00:00,624.53
2023-03-15T10:00:00,790.35
2023-03-15T11:00:00,886.22
2023-03-15T12:00:00,965.72
2023-03-15T13:00:00,911.33
2023-03-15T14:00:00,685.03
2023-03-15T15:00:00,459.17
2023-03-15T16:00:00,289.23
2023-03-15T17:00:00,145.8
2023-03-15T18:00:00,14.32
2023-03-15T19:00:00,0.0
2023-03-15T20:00:00,0.0
2023-03-15T21:00:00,0.0
2023-03-15T22:00:00,0.0
2023-03-15T23:00:00,0.0
2023-03-16T00:00:00,0.0
2023-03-16T01:00:00,0.0
2023-03-16T02:00:00,0.0
2023-03-16T03:00:00,0.0
2023-03-16T04:00:00,0.0
2023-03-16T05:00:00,0.0
2023-03-16T06:00:00,11.05
2023-03-16T07:00:00,193.18
2023-03-16T08:00:00,442.33
2023-03-16T09:00:00,674.0
2023-03-16T10:00:00,847.78
2023-03-16T11:00:00,960.5
2023-03-16T12:00:00,1003.0
2023-03-16T13:00:00,960.28
2023-03-16T14:00:00,827.58
2023-03-16T15:00:00,607.08
2023-03-16T16:00:00,391.52
2023-03-16T17:00:00,171.82
2023-03-16T18:00:00,14.2
2023-03-16T19:00:00,0.0
2023-03-16T20:00:00,0.0
2023-03-16T21:00:00,0.0
2023-03-16T22:00:00,0.0
2023-03-16T23:00:00,0.0
2023-03-17T00:00:00,0.0
2023-03-17T01:00:00,0.0
2023-03-17T02:00:00,0.0
2023-03-17T03:00:00,0.0
2023-03-17T04:00:00,0.0
2023-03-17T05:00:00,0.0
2023-03-17T06:00:00,8.43
2023-03-17T07:00:00,144.0
2023-03-17T08:00:00,371.38
2023-03-17T09:00:00,593.15
2023-03-17T10:00:00,760.45
2023-03-17T11:00:00,917.33
2023-03-17T12:00:00,966.65
2023-03-17T13:00:00,934.83
2023-03-17T14:00:00,742.3
2023-03-17T15:00:00,648.75
2023-03-17T16:00:00,423.6
2023-03-17T17:00:00,193.52
2023-03-17T18:00:00,16.55
2023-03-17T19:00:00,0.0
2023-03-17T20:00:00,0.0
2023-03-17T21:00:00,0.0
2023-03-17T22:00:00,0.0
2023-03-17T23:00:00,0.0
2023-03-18T00:00:00,0.0
2023-03-18T01:00:00,0.0
2023-03-18T02:00:00,0.0
2023-03-18T03:00:00,0.0
2023-03-18T04:00:00,0.0
2023-03-18T05:00:00,0.0
2023-03-18T06:00:00,9.18
2023-03-18T07:00:00,156.73
2023-03-18T08:00:00,388.58
2023-03-18T09:00:00,609.47
2023-03-18T10:00:00,763.53
2023-03-18T11:00:00,887.92
2023-03-18T12:00:00,918.35
2023-03-18T13:00:00,877.9
2023-03-18T14:00:00,760.12
2023-03-18T15:00:00,572.3
2023-03-18T16:00:00,363.35
2023-03-18T17:00:00,154.27
2023-03-18T18:00:00,13.38
2023-03-18T19:00:00,0.0
2023-03-18T20:00:00,0.0
2023-03-18T21:00:00,0.0
2023-03-18T22:00:00,0.0
2023-03-18T23:00:00,0.0
2023-03-19T00:00:00,0.0
2023-03-19T01:00:00,0.0
2023-03-19T02:00:00,0.0
2023-03-19T03:00:00,0.0
2023-03-19T04:00:00,0.0
2023-03-19T05:00:00,0.0
2023-03-19T06:00:00,4.5
2023-03-19T07:00:00,76.3
2023-03-19T08:00:00,198.7
2023-03-19T09:00:00,346.77
2023-03-19T10:00:00,472.52
2023-03-19T11:00:00,572.42
2023-03-19T12:00:00,724.78
2023-03-19T13:00:00,791.42
2023-03-19T14:00:00,682.3
2023-03-19T15:00:00,551.08
2023-03-19T16:00:00,352.83
2023-03-19T17:00:00,158.18
2023-03-19T18:00:00,13.07
2023-03-19T19:00:00,0.0
2023-03-19T20:00:00,0.0
2023-03-19T21:00:00,0.0
2023-03-19T22:00:00,0.0
2023-03-19T23:00:00,0.0
2023-03-20T00:00:00,0.0
2023-03-20T01:00:00,0.0
2023-03-20T02:00:00,0.0
2023-03-20T03:00:00,0.0
2023-03-20T04:00:00,0.0
2023-03-20T05:00:00,0.0
2023-03-20T06:00:00,9.75
2023-03-20T07:00:00,166.3
2023-03-20T08:00:00,397.9
2023-03-20T09:00:00,607.1
2023-03-20T10:00:00,773.33
2023-03-20T11:00:00,861.05
2023-03-20T12:00:00,918.92
2023-03-20T13:00:00,915.15
2023-03-20T14:00:00,746.55
2023-03-20T15:00:00,558.28
2023-03-20T16:00:00,350.77
2023-03-20T17:00:00,154.95
2023-03-20T18:00:00,12.68
2023-03-20T19:00:00,0.0
2023-03-20T20:00:00,0.0
2023-03-20T21:00:00,0.0
2023-03-20T22:00:00,0.0
2023-03-20T23:00:00,0.0
2023-03-21T00:00:00,0.0
2023-03-21T01:00:00,0.0
2023-03-21T02:00:00,0.0
2023-03-21T03:00:00,0.0
2023-03-21T04:00:00,0.0
2023-03-21T05:00:00,0.0
2023-03-21T06:00:00,7.2
2023-03-21T07:00:00,159.77
2023-03-21T08:00:00,377.45
2023-03-21T09:00:00,609.22
2023-03-21T10:00:00,789.35
2023-03-21T11:00:00,906.55
2023-03-21T12:00:00,952.35
2023-03-21T13:00:00,928.85
2023-03-21T14:00:00,827.55
2023-03-21T15:00:00,665.33
2023-03-21T16:00:00,441.98
2023-03-21T17:00:00,197.32
2023-03-21T18:00:00,15.38
2023-03-21T19:00:00,0.0
2023-03-21T20:00:00,0.0
2023-03-21T21:00:00,0.0
2023-03-21T22:00:00,0.0
2023-03-21T23:00:00,0.0
2023-03-22T00:00:00,0.0
2023-03-22T01:00:00,0.0
2023-03-22T02:00:00,0.0
2023-03-22T03:00:00,0.0
2023-03-22T04:00:00,0.0
2023-03-22T05:00:00,0.0
2023-03-22T06:00:00,8.88
2023-03-22T07:00:00,153.88
2023-03-22T08:00:00,382.9
2023-03-22T09:00:00,598.33
2023-03-22T10:00:00,771.38
2023-03-22T11:00:00,889.7
2023-03-22T12:00:00,957.22
2023-03-22T13:00:00,915.53
2023-03-22T14:00:00,793.12
2023-03-22T15:00:00,600.78
2023-03-22T16:00:00,407.77
2023-03-22T17:00:00,185.65
2023-03-22T18:00:00,14.25
2023-03-22T19:00:00,0.0
2023-03-22T20:00:00,0.0
2023-03-22T21:00:00,0.0
2023-03-22T22:00:00,0.0
2023-03-22T23:00:00,0.0
2023-03-23T00:00:00,0.0
2023-03-23T01:00:00,0.0
2023-03-23T02:00:00,0.0
2023-03-23T03:00:00,0.0
2023-03-23T04:00:00,0.0
2023-03-23T05:00:00,0.0
2023-03-23T06:00:00,6.18
2023-03-23T07:00:00,103.43
2023-03-23T08:00:00,244.38
2023-03-23T09:00:00,413.77
2023-03-23T10:00:00,562.53
2023-03-23T11:00:00,597.58
2023-03-23T12:00:00,608.15
2023-03-23T13:00:00,453.08
2023-03-23T14:00:00,271.27
2023-03-23T15:00:00,340.15
2023-03-23T16:00:00,208.85
2023-03-23T17:00:00,83.12
2023-03-23T18:00:00,6.1
2023-03-23T19:00:00,0.0
2023-03-23T20:00:00,0.0
2023-03-23T21:00:00,0.0
2023-03-23T22:00:00,0.0
2023-03-23T23:00:00,0.0
2023-03-24T00:00:00,0.0
2023-03-24T01:00:00,0.0
2023-03-24T02:00:00,0.0
2023-03-24T03:00:00,0.0
2023-03-24T04:00:00,0.0
2023-03-24T05:00:00,0.0
2023-03-24T06:00:00,4.15
2023-03-24T07:00:00,108.4
2023-03-24T08:00:00,257.52
2023-03-24T09:00:00,437.5
2023-03-24T10:00:00,644.9
2023-03-24T11:00:00,743.38
2023-03-24T12:00:00,790.17
2023-03-24T13:00:00,782.38
2023-03-24T14:00:00,624.25
2023-03-24T15:00:00,500.05
2023-03-24T16:00:00,318.7
2023-03-24T17:00:00,133.12
2023-03-24T18:00:00,11.07
2023-03-24T19:00:00,0.0
2023-03-24T20:00:00,0.0
2023-03-24T21:00:00,0.0
2023-03-24T22:00:00,0.0
2023-03-24T23:00:00,0.0
2023-03-25T00:00:00,0.0
2023-03-25T01:00:00,0.0
2023-03-25T02:00:00,0.0
2023-03-25T03:00:00,0.0
2023-03-25T04:00:00,0.0
2023-03-25T05:00:00,0.0
2023-03-25T06:00:00,8.48
2023-03-25T07:00:00,130.73
2023-03-25T08:00:00,353.2
2023-03-25T09:00:00,560.5
2023-03-25T10:00:00,745.58
2023-03-25T11:00:00,858.75
2023-03-25T12:00:00,916.35
2023-03-25T13:00:00,854.2
2023-03-25T14:00:00,712.35
2023-03-25T15:00:00,549.65
2023-03-25T16:00:00,327.42
2023-03-25T17:00:00,149.6
2023-03-25T18:00:00,8.52
2023-03-25T19:00:00,0.0
2023-03-25T20:00:00,0.0
2023-03-25T21:00:00,0.0
2023-03-25T22:00:00,0.0
2023-03-25T23:00:00,0.0
2023-03-26T00:00:00,0.0
2023-03-26T01:00:00,0.0
2023-03-26T02:00:00,0.0
2023-03-26T03:00:00,0.0
2023-03-26T04:00:00,0.0
2023-03-26T05:00:00,0.0
2023-03-26T06:00:00,8.82
2023-03-26T07:00:00,158.55
2023-03-26T08:00:00,394.1
2023-03-26T09:00:00,614.78
2023-03-26T10:00:00,758.95
2023-03-26T11:00:00,822.47
2023-03-26T12:00:00,792.83
2023-03-26T13:00:00,774.2
2023-03-26T14:00:00,535.5
2023-03-26T15:00:00,288.98
2023-03-26T16:00:00,178.1
2023-03-26T17:00:00,91.9
2023-03-26T18:00:00,6.8
2023-03-26T19:00:00,0.0
2023-03-26T20:00:00,0.0
2023-03-26T21:00:00,0.0
2023-03-26T22:00:00,0.0
2023-03-26T23:00:00,0.0
2023-03-27T00:00:00,0.0
2023-03-27T01:00:00,0.0
2023-03-27T02:00:00,0.0
2023-03-27T03:00:00,0.0
2023-03-27T04:00:00,0.0
2023-03-27T05:00:00,0.0
2023-03-27T06:00:00,9.23
2023-03-27T07:00:00,152.62
2023-03-27T08:00:00,367.1
2023-03-27T09:00:00,569.85
2023-03-27T10:00:00,756.03
2023-03-27T11:00:00,893.15
2023-03-27T12:00:00,950.97
2023-03-27T13:00:00,923.85
2023-03-27T14:00:00,807.3
2023-03-27T15:00:00,622.28
2023-03-27T16:00:00,393.33
2023-03-27T17:00:00,160.93
2023-03-27T18:00:00,9.18
2023-03-27T19:00:00,0.0
2023-03-27T20:00:00,0.0
2023-03-27T21:00:00,0.0
2023-03-27T22:00:00,0.0
2023-03-27T23:00:00,0.0
2023-03-28T00:00:00,0.0
2023-03-28T01:00:00,0.0
2023-03-28T02:00:00,0.0
2023-03-28T03:00:00,0.0
2023-03-28T04:00:00,0.0
2023-03-28T05:00:00,0.0
2023-03-28T06:00:00,8.2
2023-03-28T07:00:00,131.73
2023-03-28T08:00:00,345.98
2023-03-28T09:00:00,563.22
2023-03-28T10:00:00,681.58
2023-03-28T11:00:00,689.38
2023-03-28T12:00:00,619.1
2023-03-28T13:00:00,587.4
2023-03-28T14:00:00,387.17
2023-03-28T15:00:00,245.4
2023-03-28T16:00:00,179.18
2023-03-28T17:00:00,89.7
2023-03-28T18:00:00,5.32
2023-03-28T19:00:00,0.0
2023-03-28T20:00:00,0.0
2023-03-28T21:00:00,0.0
2023-03-28T22:00:00,0.0
2023-03-28T23:00:00,0.0
2023-03-29T00:00:00,0.0
2023-03-29T01:00:00,0.0
2023-03-29T02:00:00,0.0
2023-03-29T03:00:00,0.0
2023-03-29T04:00:00,0.0
2023-03-29T05:00:00,0.0
2023-03-29T06:00:00,7.38
2023-03-29T07:00:00,97.55
2023-03-29T08:00:00,268.62
2023-03-29T09:00:00,452.83
2023-03-29T10:00:00,602.58
2023-03-29T11:00:00,672.83
2023-03-29T12:00:00,699.97
2023-03-29T13:00:00,816.47
2023-03-29T14:00:00,687.25
2023-03-29T15:00:00,516.53
2023-03-29T16:00:00,316.75
2023-03-29T17:00:00,134.32
2023-03-29T18:00:00,8.73
2023-03-29T19:00:00,0.0
2023-03-29T20:00:00,0.0
2023-03-29T21:00:00,0.0
2023-03-29T22:00:00,0.0
2023-03-29T23:00:00,0.0
2023-03-30T00:00:00,0.0
2023-03-30T01:00:00,0.0
2023-03-30T02:00:00,0.0
2023-03-30T03:00:00,0.0
2023-03-30T04:00:00,0.0
2023-03-30T05:00:00,0.0
2023-03-30T06:00:00,8.32
2023-03-30T07:00:00,154.12
2023-03-30T08:00:00,381.5
2023-03-30T09:00:00,588.83
2023-03-30T10:00:00,768.05
2023-03-30T11:00:00,871.28
2023-03-30T12:00:00,899.65
2023-03-30T13:00:00,782.97
2023-03-30T14:00:00,681.1
2023-03-30T15:00:00,500.05
2023-03-30T16:00:00,309.95
2023-03-30T17:00:00,126.57
2023-03-30T18:00:00,8.1
2023-03-30T19:00:00,0.0
2023-03-30T20:00:00,0.0
2023-03-30T21:00:00,0.0
2023-03-30T22:00:00,0.0
2023-03-30T23:00:00,0.0
2023-03-31T00:00:00,0.0
2023-03-31T01:00:00,0.0
2023-03-31T02:00:00,0.0
2023-03-31T03:00:00,0.0
2023-03-31T04:00:00,0.0
2023-03-31T05:00:00,0.0
2023-03-31T06:00:00,8.48
2023-03-31T07:00:00,149.6
2023-03-31T08:00:00,372.27
2023-03-31T09:00:00,585.65
2023-03-31T10:00:00,723.28
2023-03-31T11:00:00,816.65
2023-03-31T12:00:00,862.33
2023-03-31T13:00:00,840.88
2023-03-31T14:00:00,577.25
2023-03-31T15:00:00,420.92
2023-03-31T16:00:00,269.0
2023-03-31T17:00:00,117.07
2023-03-31T18:00:00,8.12
2023-03-31T19:00:00,0.0
2023-03-31T20:00:00,0.0
2023-03-31T21:00:00,0.0
2023-03-31T22:00:00,0.0
2023-03-31T23:00:00,0.0
2023-04-01T00:00:00,0.0
2023-04-01T01:00:00,0.0
2023-04-01T02:00:00,0.0
2023-04-01T03:00:00,0.0
2023-04-01T04:00:00,0.0
2023-04-01T05:00:00,0.0
2023-04-01T06:00:00,8.82
2023-04-01T07:00:00,168.25
2023-04-01T08:00:00,407.62
2023-04-01T09:00:00,626.7
2023-04-01T10:00:00,802.5
2023-04-01T11:00:00,893.15
2023-04-01T12:00:00,942.42
2023-04-01T13:00:00,812.83
2023-04-01T14:00:00,669.03
2023-04-01T15:00:00,560.03
2023-04-01T16:00:00,347.33
2023-04-01T17:00:00,140.25
2023-04-01T18:00:00,8.1
2023-04-01T19:00:00,0.0
2023-04-01T20:00:00,0.0
2023-04-01T21:00:00,0.0
2023-04-01T22:00:00,0.0
2023-04-01T23:00:00,0.0
2023-04-02T00:00:00,0.0
2023-04-02T01:00:00,0.0
2023-04-02T02:00:00,0.0
2023-04-02T03:00:00,0.0
2023-04-02T04:00:00,0.0
2023-04-02T05:00:00,0.0
2023-04-02T06:00:00,7.2
2023-04-02T07:00:00,113.6
2023-04-02T08:00:00,302.02
2023-04-02T09:00:00,497.75
2023-04-02T10:00:00,653.62
2023-04-02T11:00:00,823.75
2023-04-02T12:00:00,768.78
2023-04-02T13:00:00,679.42
2023-04-02T14:00:00,603.35
2023-04-02T15:00:00,506.48
2023-04-02T16:00:00,314.95
2023-04-02T17:00:00,123.85
2023-04-02T18:00:00,7.53
2023-04-02T19:00:00,0.0
2023-04-02T20:00:00,0.0
2023-04-02T21:00:00,0.0
2023-04-02T22:00:00,0.0
2023-04-02T23:00:00,0.0
2023-04-03T00:00:00,0.0
2023-04-03T01:00:00,0.0
2023-04-03T02:00:00,0.0
2023-04-03T03:00:00,0.0
2023-04-03T04:00:00,0.0
2023-04-03T05:00:00,0.0
2023-04-03T06:00:00,6.7
2023-04-03T07:00:00,141.38
2023-04-03T08:00:00,340.35
2023-04-03T09:00:00,531.7
2023-04-03T10:00:00,711.67
2023-04-03T11:00:00,825.28
2023-04-03T12:00:00,868.28
2023-04-03T13:00:00,851.65
2023-04-03T14:00:00,696.33
2023-04-03T15:00:00,509.38
2023-04-03T16:00:00,317.6
2023-04-03T17:00:00,138.62
2023-04-03T18:00:00,7.6
2023-04-03T19:00:00,0.0
2023-04-03T20:00:00,0.0
2023-04-03T21:00:00,0.0
2023-04-03T22:00:00,0.0
2023-04-03T23:00:00,0.0
2023-04-04T00:00:00,0.0
2023-04-04T01:00:00,0.0
2023-04-04T02:00:00,0.0
2023-04-04T03:00:00,0.0
2023-04-04T04:00:00,0.0
2023-04-04T05:00:00,0.0
2023-04-04T06:00:00,8.15
2023-04-04T07:00:00,161.27
2023-04-04T08:00:00,395.52
2023-04-04T09:00:00,619.08
2023-04-04T10:00:00,765.25
2023-04-04T11:00:00,899.22
2023-04-04T12:00:00,908.1
2023-04-04T13:00:00,893.7
2023-04-04T14:00:00,767.3
2023-04-04T15:00:00,525.28
2023-04-04T16:00:00,324.58
2023-04-04T17:00:00,125.43
2023-04-04T18:00:00,5.62
2023-04-04T19:00:00,0.0
2023-04-04T20:00:00,0.0
2023-04-04T21:00:00,0.0
2023-04-04T22:00:00,0.0
2023-04-04T23:00:00,0.0
2023-04-05T00:00:00,0.0
2023-04-05T01:00:00,0.0
2023-04-05T02:00:00,0.0
2023-04-05T03:00:00,0.0
2023-04-05T04:00:00,0.0
2023-04-05T05:00:00,0.0
2023-04-05T06:00:00,7.93
2023-04-05T07:00:00,152.32
2023-04-05T08:00:00,383.45
2023-04-05T09:00:00,598.42
2023-04-05T10:00:00,757.3
2023-04-05T11:00:00,853.3
2023-04-05T12:00:00,893.72
2023-04-05T13:00:00,881.2
2023-04-05T14:00:00,769.3
2023-04-05T15:00:00,585.2
2023-04-05T16:00:00,373.2
2023-04-05T17:00:00,145.7
2023-04-05T18:00:00,6.43
2023-04-05T19:00:00,0.0
2023-04-05T20:00:00,0.0
2023-04-05T21:00:00,0.0
2023-04-05T22:00:00,0.0
2023-04-05T23:00:00,0.0
2023-04-06T00:00:00,0.0
2023-04-06T01:00:00,0.0
2023-04-06T02:00:00,0.0
2023-04-06T03:00:00,0.0
2023-04-06T04:00:00,0.0
2023-04-06T05:00:00,0.0
2023-04-06T06:00:00,8.18
2023-04-06T07:00:00,158.27
2023-04-06T08:00:00,387.85
2023-04-06T09:00:00,590.05
2023-04-06T10:00:00,779.33
2023-04-06T11:00:00,912.03
2023-04-06T12:00:00,944.97
2023-04-06T13:00:00,904.35
2023-04-06T14:00:00,799.12
2023-04-06T15:00:00,617.62
2023-04-06T16:00:00,383.88
2023-04-06T17:00:00,151.77
2023-04-06T18:00:00,6.0
2023-04-06T19:00:00,0.0
2023-04-06T20:00:00,0.0
2023-04-06T21:00:00,0.0
2023-04-06T22:00:00,0.0
2023-04-06T23:00:00,0.0
2023-04-07T00:00:00,0.0
2023-04-07T01:00:00,0.0
2023-04-07T02:00:00,0.0
2023-04-07T03:00:00,0.0
2023-04-07T04:00:00,0.0
2023-04-07T05:00:00,0.0
2023-04-07T06:00:00,7.97
2023-04-07T07:00:00,148.77
2023-04-07T08:00:00,370.98
2023-04-07T09:00:00,587.95
2023-04-07T10:00:00,763.42
2023-04-07T11:00:00,877.55
2023-04-07T12:00:00,913.12
2023-04-07T13:00:00,849.9
2023-04-07T14:00:00,664.83
2023-04-07T15:00:00,565.1
2023-04-07T16:00:00,354.92
2023-04-07T17:00:00,134.45
2023-04-07T18:00:00,5.53
2023-04-07T19:00:00,0.0
2023-04-07T20:00:00,0.0
2023-04-07T21:00:00,0.0
2023-04-07T22:00:00,0.0
2023-04-07T23:00:00,0.0
2023-04-08T00:00:00,0.0
2023-04-08T01:00:00,0.0
2023-04-08T02:00:00,0.0
2023-04-08T03:00:00,0.0
2023-04-08T04:00:00,0.0
2023-04-08T05:00:00,0.0
2023-04-08T06:00:00,7.9
2023-04-08T07:00:00,154.43
2023-04-08T08:00:00,376.67
2023-04-08T09:00:00,615.6
2023-04-08T10:00:00,770.67
2023-04-08T11:00:00,868.28
2023-04-08T12:00:00,912.1
2023-04-08T13:00:00,878.33
2023-04-08T14:00:00,777.33
2023-04-08T15:00:00,582.2
2023-04-08T16:00:00,348.0
2023-04-08T17:00:00,131.57
2023-04-08T18:00:00,5.03
2023-04-08T19:00:00,0.0
2023-04-08T20:00:00,0.0
2023-04-08T21:00:00,0.0
2023-04-08T22:00:00,0.0
2023-04-08T23:00:00,0.0
2023-04-09T00:00:00,0.0
2023-04-09T01:00:00,0.0
2023-04-09T02:00:00,0.0
2023-04-09T03:00:00,0.0
2023-04-09T04:00:00,0.0
2023-04-09T05:00:00,0.0
2023-04-09T06:00:00,7.57
2023-04-09T07:00:00,143.88
2023-04-09T08:00:00,345.48
2023-04-09T09:00:00,581.25
2023-04-09T10:00:00,757.5
2023-04-09T11:00:00,873.22
2023-04-09T12:00:00,905.88
2023-04-09T13:00:00,836.33
2023-04-09T14:00:00,748.72
2023-04-09T15:00:00,569.17
2023-04-09T16:00:00,350.0
2023-04-09T17:00:00,127.25
2023-04-09T18:00:00,4.6
2023-04-09T19:00:00,0.0
2023-04-09T20:00:00,0.0
2023-04-09T21:00:00,0.0
2023-04-09T22:00:00,0.0
2023-04-09T23:00:00,0.0
2023-04-10T00:00:00,0.0
2023-04-10T01:00:00,0.0
2023-04-10T02:00:00,0.0
2023-04-10T03:00:00,0.0
2023-04-10T04:00:00,0.0
2023-04-10T05:00:00,0.0
2023-04-10T06:00:00,6.2
2023-04-10T07:00:00,145.75
2023-04-10T08:00:00,382.77
2023-04-10T09:00:00,603.85
2023-04-10T10:00:00,740.25
2023-04-10T11:00:00,796.05
2023-04-10T12:00:00,834.15
2023-04-10T13:00:00,849.45
2023-04-10T14:00:00,738.88
2023-04-10T15:00:00,574.33
2023-04-10T16:00:00,327.3
2023-04-10T17:00:00,122.93
2023-04-10T18:00:00,4.28
2023-04-10T19:00:00,0.0
2023-04-10T20:00:00,0.0
2023-04-10T21:00:00,0.0
2023-04-10T22:00:00,0.0
2023-04-10T23:00:00,0.0
2023-04-11T00:00:00,0.0
2023-04-11T01:00:00,0.0
2023-04-11T02:00:00,0.0
2023-04-11T03:00:00,0.0
2023-04-11T04:00:00,0.0
2023-04-11T05:00:00,0.0
2023-04-11T06:00:00,8.0
2023-04-11T07:00:00,151.88
2023-04-11T08:00:00,382.2
2023-04-11T09:00:00,527.78
2023-04-11T10:00:00,774.25
2023-04-11T11:00:00,883.53
2023-04-11T12:00:00,913.5
2023-04-11T13:00:00,865.7
2023-04-11T14:00:00,693.3
2023-04-11T15:00:00,572.0
2023-04-11T16:00:00,325.33
2023-04-11T17:00:00,117.32
2023-04-11T18:00:00,3.9
2023-04-11T19:00:00,0.0
2023-04-11T20:00:00,0.0
2023-04-11T21:00:00,0.0
2023-04-11T22:00:00,0.0
2023-04-11T23:00:00,0.0
2023-04-12T00:00:00,0.0
2023-04-12T01:00:00,0.0
2023-04-12T02:00:00,0.0
2023-04-12T03:00:00,0.0
2023-04-12T04:00:00,0.0
2023-04-12T05:00:00,0.0
2023-04-12T06:00:00,7.88
2023-04-12T07:00:00,155.95
2023-04-12T08:00:00,376.95
2023-04-12T09:00:00,593.6
2023-04-12T10:00:00,735.97
2023-04-12T11:00:00,839.0
2023-04-12T12:00:00,885.83
2023-04-12T13:00:00,846.0
2023-04-12T14:00:00,716.6
2023-04-12T15:00:00,559.97
2023-04-12T16:00:00,353.7
2023-04-12T17:00:00,127.57
2023-04-12T18:00:00,3.58
2023-04-12T19:00:00,0.0
2023-04-12T20:00:00,0.0
2023-04-12T21:00:00,0.0
2023-04-12T22:00:00,0.0
2023-04-12T23:00:00,0.0
2023-04-13T00:00:00,0.0
2023-04-13T01:00:00,0.0
2023-04-13T02:00:00,0.0
2023-04-13T03:00:00,0.0
2023-04-13T04:00:00,0.0
2023-04-13T05:00:00,0.0
2023-04-13T06:00:00,6.75
2023-04-13T07:00:00,113.1
2023-04-13T08:00:00,306.45
2023-04-13T09:00:00,504.4
2023-04-13T10:00:00,672.35
2023-04-13T11:00:00,779.4
2023-04-13T12:00:00,784.2
2023-04-13T13:00:00,663.53
2023-04-13T14:00:00,452.15
2023-04-13T15:00:00,407.4
2023-04-13T16:00:00,227.15
2023-04-13T17:00:00,81.85
2023-04-13T18:00:00,3.05
2023-04-13T19:00:00,0.0
2023-04-13T20:00:00,0.0
2023-04-13T21:00:00,0.0
2023-04-13T22:00:00,0.0
2023-04-13T23:00:00,0.0
2023-04-14T00:00:00,0.0
2023-04-14T01:00:00,0.0
2023-04-14T02:00:00,0.0
2023-04-14T03:00:00,0.0
2023-04-14T04:00:00,0.0
2023-04-14T05:00:00,0.0
2023-04-14T06:00:00,7.15
2023-04-14T07:00:00,110.12
2023-04-14T08:00:00,312.48
2023-04-14T09:00:00,498.52
2023-04-14T10:00:00,619.47
2023-04-14T11:00:00,785.17
2023-04-14T12:00:00,836.17
2023-04-14T13:00:00,821.33
2023-04-14T14:00:00,709.8
2023-04-14T15:00:00,437.6
2023-04-14T16:00:00,262.27
2023-04-14T17:00:00,95.3
2023-04-14T18:00:00,0.0
2023-04-14T19:00:00,0.0
2023-04-14T20:00:00,0.0
2023-04-14T21:00:00,0.0
2023-04-14T22:00:00,0.0
2023-04-14T23:00:00,0.0
2023-04-15T00:00:00,0.0
2023-04-15T01:00:00,0.0
2023-04-15T02:00:00,0.0
2023-04-15T03:00:00,0.0
2023-04-15T04:00:00,0.0
2023-04-15T05:00:00,0.0
2023-04-15T06:00:00,4.65
2023-04-15T07:00:00,90.65
2023-04-15T08:00:00,195.65
2023-04-15T09:00:00,323.3
2023-04-15T10:00:00,366.98
2023-04-15T11:00:00,121.9
2023-04-15T12:00:00,71.3
2023-04-15T13:00:00,62.55
2023-04-15T14:00:00,59.17
2023-04-15T15:00:00,72.5
2023-04-15T16:00:00,135.9
2023-04-15T17:00:00,53.17
2023-04-15T18:00:00,0.0
2023-04-15T19:00:00,0.0
2023-04-15T20:00:00,0.0
2023-04-15T21:00:00,0.0
2023-04-15T22:00:00,0.0
2023-04-15T23:00:00,0.0
2023-04-16T00:00:00,0.0
2023-04-16T01:00:00,0.0
2023-04-16T02:00:00,0.0
2023-04-16T03:00:00,0.0
2023-04-16T04:00:00,0.0
2023-04-16T05:00:00,0.0
2023-04-16T06:00:00,4.43
2023-04-16T07:00:00,123.95
2023-04-16T08:00:00,292.52
2023-04-16T09:00:00,498.4
2023-04-16T10:00:00,627.78
2023-04-16T11:00:00,678.42
2023-04-16T12:00:00,643.1
2023-04-16T13:00:00,744.78
2023-04-16T14:00:00,584.85
2023-04-16T15:00:00,326.98
2023-04-16T16:00:00,191.57
2023-04-16T17:00:00,71.6
2023-04-16T18:00:00,0.0
2023-04-16T19:00:00,0.0
2023-04-16T20:00:00,0.0
2023-04-16T21:00:00,0.0
2023-04-16T22:00:00,0.0
2023-04-16T23:00:00,0.0
2023-04-17T00:00:00,0.0
2023-04-17T01:00:00,0.0
2023-04-17T02:00:00,0.0
2023-04-17T03:00:00,0.0
2023-04-17T04:00:00,0.0
2023-04-17T05:00:00,0.0
2023-04-17T06:00:00,4.62
2023-04-17T07:00:00,76.93
2023-04-17T08:00:00,195.5
2023-04-17T09:00:00,353.1
2023-04-17T10:00:00,269.55
2023-04-17T11:00:00,156.98
2023-04-17T12:00:00,75.38
2023-04-17T13:00:00,54.28
2023-04-17T14:00:00,50.1
2023-04-17T15:00:00,30.17
2023-04-17T16:00:00,23.4
2023-04-17T17:00:00,10.82
2023-04-17T18:00:00,0.0
2023-04-17T19:00:00,0.0
2023-04-17T20:00:00,0.0
2023-04-17T21:00:00,0.0
2023-04-17T22:00:00,0.0
2023-04-17T23:00:00,0.0
2023-04-18T00:00:00,0.0
2023-04-18T01:00:00,0.0
2023-04-18T02:00:00,0.0
2023-04-18T03:00:00,0.0
2023-04-18T04:00:00,0.0
2023-04-18T05:00:00,0.0
2023-04-18T06:00:00,5.5
2023-04-18T07:00:00,129.23
2023-04-18T08:00:00,355.92
2023-04-18T09:00:00,577.38
2023-04-18T10:00:00,712.33
2023-04-18T11:00:00,768.62
2023-04-18T12:00:00,736.72
2023-04-18T13:00:00,632.28
2023-04-18T14:00:00,416.42
2023-04-18T15:00:00,311.73
2023-04-18T16:00:00,176.1
2023-04-18T17:00:00,62.6
2023-04-18T18:00:00,0.0
2023-04-18T19:00:00,0.0
2023-04-18T20:00:00,0.0
2023-04-18T21:00:00,0.0
2023-04-18T22:00:00,0.0
2023-04-18T23:00:00,0.0
2023-04-19T00:00:00,0.0
2023-04-19T01:00:00,0.0
2023-04-19T02:00:00,0.0
2023-04-19T03:00:00,0.0
2023-04-19T04:00:00,0.0
2023-04-19T05:00:00,0.0
2023-04-19T06:00:00,6.62
2023-04-19T07:00:00,127.88
2023-04-19T08:00:00,342.1
2023-04-19T09:00:00,537.28
2023-04-19T10:00:00,734.95
2023-04-19T11:00:00,830.45
2023-04-19T12:00:00,860.53
2023-04-19T13:00:00,790.88
2023-04-19T14:00:00,661.42
2023-04-19T15:00:00,495.48
2023-04-19T16:00:00,289.6
2023-04-19T17:00:00,96.4
2023-04-19T18:00:00,0.0
2023-04-19T19:00:00,0.0
2023-04-19T20:00:00,0.0
2023-04-19T21:00:00,0.0
2023-04-19T22:00:00,0.0
2023-04-19T23:00:00,0.0
2023-04-20T00:00:00,0.0
2023-04-20T01:00:00,0.0
2023-04-20T02:00:00,0.0
2023-04-20T03:00:00,0.0
2023-04-20T04:00:00,0.0
2023-04-20T05:00:00,0.0
2023-04-20T06:00:00,5.8
2023-04-20T07:00:00,98.32
2023-04-20T08:00:00,273.65
2023-04-20T09:00:00,448.9
2023-04-20T10:00:00,590.08
2023-04-20T11:00:00,731.78
2023-04-20T12:00:00,752.05
2023-04-20T13:00:00,743.67
2023-04-20T14:00:00,632.55
2023-04-20T15:00:00,501.62
2023-04-20T16:00:00,306.58
2023-04-20T17:00:00,104.4
2023-04-20T18:00:00,0.0
2023-04-20T19:00:00,0.0
2023-04-20T20:00:00,0.0
2023-04-20T21:00:00,0.0
2023-04-20T22:00:00,0.0
2023-04-20T23:00:00,0.0
2023-04-21T00:00:00,0.0
2023-04-21T01:00:00,0.0
2023-04-21T02:00:00,0.0
2023-04-21T03:00:00,0.0
2023-04-21T04:00:00,0.0
2023-04-21T05:00:00,0.0
2023-04-21T06:00:00,5.38
2023-04-21T07:00:00,97.88
2023-04-21T08:00:00,247.85
2023-04-21T09:00:00,396.67
2023-04-21T10:00:00,556.12
2023-04-21T11:00:00,631.95
2023-04-21T12:00:00,574.15
2023-04-21T13:00:00,522.92
2023-04-21T14:00:00,465.8
2023-04-21T15:00:00,274.17
2023-04-21T16:00:00,163.38
2023-04-21T17:00:00,66.4
2023-04-21T18:00:00,0.0
2023-04-21T19:00:00,0.0
2023-04-21T20:00:00,0.0
2023-04-21T21:00:00,0.0
2023-04-21T22:00:00,0.0
2023-04-21T23:00:00,0.0
2023-04-22T00:00:00,0.0
2023-04-22T01:00:00,0.0
2023-04-22T02:00:00,0.0
2023-04-22T03:00:00,0.0
2023-04-22T04:00:00,0.0
2023-04-22T05:00:00,0.0
2023-04-22T06:00:00,5.47
2023-04-22T07:00:00,100.4
2023-04-22T08:00:00,263.02
2023-04-22T09:00:00,415.27
2023-04-22T10:00:00,562.83
2023-04-22T11:00:00,687.15
2023-04-22T12:00:00,737.15
2023-04-22T13:00:00,699.05
2023-04-22T14:00:00,612.42
2023-04-22T15:00:00,521.75
2023-04-22T16:00:00,294.05
2023-04-22T17:00:00,102.38
2023-04-22T18:00:00,0.0
2023-04-22T19:00:00,0.0
2023-04-22T20:00:00,0.0
2023-04-22T21:00:00,0.0
2023-04-22T22:00:00,0.0
2023-04-22T23:00:00,0.0
2023-04-23T00:00:00,0.0
2023-04-23T01:00:00,0.0
2023-04-23T02:00:00,0.0
2023-04-23T03:00:00,0.0
2023-04-23T04:00:00,0.0
2023-04-23T05:00:00,0.0
2023-04-23T06:00:00,6.25
2023-04-23T07:00:00,132.98
2023-04-23T08:00:00,325.48
2023-04-23T09:00:00,571.72
2023-04-23T10:00:00,726.97
2023-04-23T11:00:00,832.0
2023-04-23T12:00:00,859.88
2023-04-23T13:00:00,806.5
2023-04-23T14:00:00,673.62
2023-04-23T15:00:00,488.33
2023-04-23T16:00:00,251.07
2023-04-23T17:00:00,83.2
2023-04-23T18:00:00,0.0
2023-04-23T19:00:00,0.0
2023-04-23T20:00:00,0.0
2023-04-23T21:00:00,0.0
2023-04-23T22:00:00,0.0
2023-04-23T23:00:00,0.0
2023-04-24T00:00:00,0.0
2023-04-24T01:00:00,0.0
2023-04-24T02:00:00,0.0
2023-04-24T03:00:00,0.0
2023-04-24T04:00:00,0.0
2023-04-24T05:00:00,0.0
2023-04-24T06:00:00,4.85
2023-04-24T07:00:00,97.57
2023-04-24T08:00:00,240.73
2023-04-24T09:00:00,391.1
2023-04-24T10:00:00,598.7
2023-04-24T11:00:00,712.4
2023-04-24T12:00:00,746.45
2023-04-24T13:00:00,730.53
2023-04-24T14:00:00,645.75
2023-04-24T15:00:00,405.7
2023-04-24T16:00:00,237.32
2023-04-24T17:00:00,82.38
2023-04-24T18:00:00,0.0
2023-04-24T19:00:00,0.0
2023-04-24T20:00:00,0.0
2023-04-24T21:00:00,0.0
2023-04-24T22:00:00,0.0
2023-04-24T23:00:00,0.0
2023-04-25T00:00:00,0.0
2023-04-25T01:00:00,0.0
2023-04-25T02:00:00,0.0
2023-04-25T03:00:00,0.0
2023-04-25T04:00:00,0.0
2023-04-25T05:00:00,0.0
2023-04-25T06:00:00,6.45
2023-04-25T07:00:00,140.73
2023-04-25T08:00:00,365.15
2023-04-25T09:00:00,572.15
2023-04-25T10:00:00,733.47
2023-04-25T11:00:00,837.03
2023-04-25T12:00:00,838.62
2023-04-25T13:00:00,803.62
2023-04-25T14:00:00,668.67
2023-04-25T15:00:00,514.85
2023-04-25T16:00:00,282.77
2023-04-25T17:00:00,85.07
2023-04-25T18:00:00,0.0
2023-04-25T19:00:00,0.0
2023-04-25T20:00:00,0.0
2023-04-25T21:00:00,0.0
2023-04-25T22:00:00,0.0
2023-04-25T23:00:00,0.0
2023-04-26T00:00:00,0.0
2023-04-26T01:00:00,0.0
2023-04-26T02:00:00,0.0
2023-04-26T03:00:00,0.0
2023-04-26T04:00:00,0.0
2023-04-26T05:00:00,0.0
2023-04-26T06:00:00,5.9
2023-04-26T07:00:00,132.6
2023-04-26T08:00:00,345.42
2023-04-26T09:00:00,546.53
2023-04-26T10:00:00,695.67
2023-04-26T11:00:00,777.45
2023-04-26T12:00:00,778.17
2023-04-26T13:00:00,710.2
2023-04-26T14:00:00,648.47
2023-04-26T15:00:00,469.25
2023-04-26T16:00:00,268.65
2023-04-26T17:00:00,78.57
2023-04-26T18:00:00,0.0
2023-04-26T19:00:00,0.0
2023-04-26T20:00:00,0.0
2023-04-26T21:00:00,0.0
2023-04-26T22:00:00,0.0
2023-04-26T23:00:00,0.0
2023-04-27T00:00:00,0.0
2023-04-27T01:00:00,0.0
2023-04-27T02:00:00,0.0
2023-04-27T03:00:00,0.0
2023-04-27T04:00:00,0.0
2023-04-27T05:00:00,0.0
2023-04-27T06:00:00,5.95
2023-04-27T07:00:00,142.57
2023-04-27T08:00:00,371.38
2023-04-27T09:00:00,580.22
2023-04-27T10:00:00,735.08
2023-04-27T11:00:00,821.22
2023-04-27T12:00:00,836.05
2023-04-27T13:00:00,801.92
2023-04-27T14:00:00,681.47
2023-04-27T15:00:00,501.75
2023-04-27T16:00:00,298.27
2023-04-27T17:00:00,101.05
2023-04-27T18:00:00,0.0
2023-04-27T19:00:00,0.0
2023-04-27T20:00:00,0.0
2023-04-27T21:00:00,0.0
2023-04-27T22:00:00,0.0
2023-04-27T23:00:00,0.0
2023-04-28T00:00:00,0.0
2023-04-28T01:00:00,0.0
2023-04-28T02:00:00,0.0
2023-04-28T03:00:00,0.0
2023-04-28T04:00:00,0.0
2023-04-28T05:00:00,0.0
2023-04-28T06:00:00,5.43
2023-04-28T07:00:00,108.47
2023-04-28T08:00:00,292.1
2023-04-28T09:00:00,523.58
2023-04-28T10:00:00,680.92
2023-04-28T11:00:00,791.4
2023-04-28T12:00:00,802.05
2023-04-28T13:00:00,765.0
2023-04-28T14:00:00,628.95
2023-04-28T15:00:00,495.7
2023-04-28T16:00:00,292.55
2023-04-28T17:00:00,89.8
2023-04-28T18:00:00,0.0
2023-04-28T19:00:00,0.0
2023-04-28T20:00:00,0.0
2023-04-28T21:00:00,0.0
2023-04-28T22:00:00,0.0
2023-04-28T23:00:00,0.0
2023-04-29T00:00:00,0.0
2023-04-29T01:00:00,0.0
2023-04-29T02:00:00,0.0
2023-04-29T03:00:00,0.0
2023-04-29T04:00:00,0.0
2023-04-29T05:00:00,0.0
2023-04-29T06:00:00,5.62
2023-04-29T07:00:00,127.55
2023-04-29T08:00:00,334.9
2023-04-29T09:00:00,549.4
2023-04-29T10:00:00,706.88
2023-04-29T11:00:00,777.33
2023-04-29T12:00:00,813.83
2023-04-29T13:00:00,744.4
2023-04-29T14:00:00,638.83
2023-04-29T15:00:00,491.48
2023-04-29T16:00:00,280.33
2023-04-29T17:00:00,91.05
2023-04-29T18:00:00,0.0
2023-04-29T19:00:00,0.0
2023-04-29T20:00:00,0.0
2023-04-29T21:00:00,0.0
2023-04-29T22:00:00,0.0
2023-04-29T23:00:00,0.0
2023-04-30T00:00:00,0.0
2023-04-30T01:00:00,0.0
2023-04-30T02:00:00,0.0
2023-04-30T03:00:00,0.0
2023-04-30T04:00:00,0.0
2023-04-30T05:00:00,0.0
2023-04-30T06:00:00,5.3
2023-04-30T07:00:00,85.4
2023-04-30T08:00:00,257.08
2023-04-30T09:00:00,431.98
2023-04-30T10:00:00,661.78
2023-04-30T11:00:00,742.67
2023-04-30T12:00:00,768.92
2023-04-30T13:00:00,771.88
2023-04-30T14:00:00,658.2
2023-04-30T15:00:00,432.42
2023-04-30T16:00:00,228.9
2023-04-30T17:00:00,81.97
2023-04-30T18:00:00,0.0
2023-04-30T19:00:00,0.0
2023-04-30T20:00:00,0.0
2023-04-30T21:00:00,0.0
2023-04-30T22:00:00,0.0
2023-04-30T23:00:00,0.0
2023-05-01T00:00:00,0.0
2023-05-01T01:00:00,0.0
2023-05-01T02:00:00,0.0
2023-05-01T03:00:00,0.0
2023-05-01T04:00:00,0.0
2023-05-01T05:00:00,0.0
2023-05-01T06:00:00,5.38
2023-05-01T07:00:00,135.3
2023-05-01T08:00:00,340.08
2023-05-01T09:00:00,543.95
2023-05-01T10:00:00,707.53
2023-05-01T11:00:00,803.03
2023-05-01T12:00:00,832.05
2023-05-01T13:00:00,792.6
2023-05-01T14:00:00,648.72
2023-05-01T15:00:00,465.8
2023-05-01T16:00:00,252.4
2023-05-01T17:00:00,80.78
2023-05-01T18:00:00,0.0
2023-05-01T19:00:00,0.0
2023-05-01T20:00:00,0.0
2023-05-01T21:00:00,0.0
2023-05-01T22:00:00,0.0
2023-05-01T23:00:00,0.0
2023-05-02T00:00:00,0.0
2023-05-02T01:00:00,0.0
2023-05-02T02:00:00,0.0
2023-05-02T03:00:00,0.0
2023-05-02T04:00:00,0.0
2023-05-02T05:00:00,0.0
2023-05-02T06:00:00,4.18
2023-05-02T07:00:00,90.75
2023-05-02T08:00:00,248.55
2023-05-02T09:00:00,402.12
2023-05-02T10:00:00,660.35
2023-05-02T11:00:00,750.85
2023-05-02T12:00:00,783.08
2023-05-02T13:00:00,750.45
2023-05-02T14:00:00,558.92
2023-05-02T15:00:00,333.83
2023-05-02T16:00:00,178.35
2023-05-02T17:00:00,44.53
2023-05-02T18:00:00,0.0
2023-05-02T19:00:00,0.0
2023-05-02T20:00:00,0.0
2023-05-02T21:00:00,0.0
2023-05-02T22:00:00,0.0
2023-05-02T23:00:00,0.0
2023-05-03T00:00:00,0.0
2023-05-03T01:00:00,0.0
2023-05-03T02:00:00,0.0
2023-05-03T03:00:00,0.0
2023-05-03T04:00:00,0.0
2023-05-03T05:00:00,0.0
2023-05-03T06:00:00,1.6
2023-05-03T07:00:00,22.52
2023-05-03T08:00:00,42.2
2023-05-03T09:00:00,50.9
2023-05-03T10:00:00,43.65
2023-05-03T11:00:00,42.3
2023-05-03T12:00:00,53.12
2023-05-03T13:00:00,51.72
2023-05-03T14:00:00,45.17
2023-05-03T15:00:00,26.6
2023-05-03T16:00:00,38.33
2023-05-03T17:00:00,6.1
2023-05-03T18:00:00,0.0
2023-05-03T19:00:00,0.0
2023-05-03T20:00:00,0.0
2023-05-03T21:00:00,0.0
2023-05-03T22:00:00,0.0
2023-05-03T23:00:00,0.0
2023-05-04T00:00:00,0.0
2023-05-04T01:00:00,0.0
2023-05-04T02:00:00,0.0
2023-05-04T03:00:00,0.0
2023-05-04T04:00:00,0.0
2023-05-04T05:00:00,0.0
2023-05-04T06:00:00,3.95
2023-05-04T07:00:00,103.18
2023-05-04T08:00:00,312.52
2023-05-04T09:00:00,522.3
2023-05-04T10:00:00,653.28
2023-05-04T11:00:00,740.42
2023-05-04T12:00:00,719.2
2023-05-04T13:00:00,619.2
2023-05-04T14:00:00,446.98
2023-05-04T15:00:00,412.2
2023-05-04T16:00:00,221.3
2023-05-04T17:00:00,54.62
2023-05-04T18:00:00,0.0
2023-05-04T19:00:00,0.0
2023-05-04T20:00:00,0.0
2023-05-04T21:00:00,0.0
2023-05-04T22:00:00,0.0
2023-05-04T23:00:00,0.0
2023-05-05T00:00:00,0.0
2023-05-05T01:00:00,0.0
2023-05-05T02:00:00,0.0
2023-05-05T03:00:00,0.0
2023-05-05T04:00:00,0.0
2023-05-05T05:00:00,0.0
2023-05-05T06:00:00,5.07
2023-05-05T07:00:00,132.1
2023-05-05T08:00:00,354.15
2023-05-05T09:00:00,563.3
2023-05-05T10:00:00,723.67
2023-05-05T11:00:00,831.58
2023-05-05T12:00:00,860.55
2023-05-05T13:00:00,803.62
2023-05-05T14:00:00,699.33
2023-05-05T15:00:00,515.03
2023-05-05T16:00:00,306.02
2023-05-05T17:00:00,89.6
2023-05-05T18:00:00,0.0
2023-05-05T19:00:00,0.0
2023-05-05T20:00:00,0.0
2023-05-05T21:00:00,0.0
2023-05-05T22:00:00,0.0
2023-05-05T23:00:00,0.0
2023-05-06T00:00:00,0.0
2023-05-06T01:00:00,0.0
2023-05-06T02:00:00,0.0
2023-05-06T03:00:00,0.0
2023-05-06T04:00:00,0.0
2023-05-06T05:00:00,0.0
2023-05-06T06:00:00,5.38
2023-05-06T07:00:00,142.15
2023-05-06T08:00:00,362.7
2023-05-06T09:00:00,560.75
2023-05-06T10:00:00,715.65
2023-05-06T11:00:00,810.3
2023-05-06T12:00:00,828.9
2023-05-06T13:00:00,785.38
2023-05-06T14:00:00,678.6
2023-05-06T15:00:00,514.38
2023-05-06T16:00:00,306.7
2023-05-06T17:00:00,90.0
2023-05-06T18:00:00,0.0
2023-05-06T19:00:00,0.0
2023-05-06T20:00:00,0.0
2023-05-06T21:00:00,0.0
2023-05-06T22:00:00,0.0
2023-05-06T23:00:00,0.0
2023-05-07T00:00:00,0.0
2023-05-07T01:00:00,0.0
2023-05-07T02:00:00,0.0
2023-05-07T03:00:00,0.0
2023-05-07T04:00:00,0.0
2023-05-07T05:00:00,0.0
2023-05-07T06:00:00,4.9
2023-05-07T07:00:00,128.73
2023-05-07T08:00:00,334.42
2023-05-07T09:00:00,546.35
2023-05-07T10:00:00,711.0
2023-05-07T11:00:00,810.88
2023-05-07T12:00:00,825.88
2023-05-07T13:00:00,791.25
2023-05-07T14:00:00,680.33
2023-05-07T15:00:00,514.28
2023-05-07T16:00:00,307.35
2023-05-07T17:00:00,90.07
2023-05-07T18:00:00,0.0
2023-05-07T19:00:00,0.0
2023-05-07T20:00:00,0.0
2023-05-07T21:00:00,0.0
2023-05-07T22:00:00,0.0
2023-05-07T23:00:00,0.0
2023-05-08T00:00:00,0.0
2023-05-08T01:00:00,0.0
2023-05-08T02:00:00,0.0
2023-05-08T03:00:00,0.0
2023-05-08T04:00:00,0.0
2023-05-08T05:00:00,0.0
2023-05-08T06:00:00,4.5
2023-05-08T07:00:00,93.28
2023-05-08T08:00:00,229.52
2023-05-08T09:00:00,379.77
2023-05-08T10:00:00,542.92
2023-05-08T11:00:00,594.3
2023-05-08T12:00:00,651.5
2023-05-08T13:00:00,445.75
2023-05-08T14:00:00,117.47
2023-05-08T15:00:00,50.2
2023-05-08T16:00:00,30.92
2023-05-08T17:00:00,22.08
2023-05-08T18:00:00,0.0
2023-05-08T19:00:00,0.0
2023-05-08T20:00:00,0.0
2023-05-08T21:00:00,0.0
2023-05-08T22:00:00,0.0
2023-05-08T23:00:00,0.0
2023-05-09T00:00:00,0.0
2023-05-09T01:00:00,0.0
2023-05-09T02:00:00,0.0
2023-05-09T03:00:00,0.0
2023-05-09T04:00:00,0.0
2023-05-09T05:00:00,0.0
2023-05-09T06:00:00,3.08
2023-05-09T07:00:00,87.8
2023-05-09T08:00:00,243.55
2023-05-09T09:00:00,379.17
2023-05-09T10:00:00,511.45
2023-05-09T11:00:00,695.83
2023-05-09T12:00:00,759.5
2023-05-09T13:00:00,762.15
2023-05-09T14:00:00,613.8
2023-05-09T15:00:00,428.05
2023-05-09T16:00:00,226.65
2023-05-09T17:00:00,69.88
2023-05-09T18:00:00,0.0
2023-05-09T19:00:00,0.0
2023-05-09T20:00:00,0.0
2023-05-09T21:00:00,0.0
2023-05-09T22:00:00,0.0
2023-05-09T23:00:00,0.0
2023-05-10T00:00:00,0.0
2023-05-10T01:00:00,0.0
2023-05-10T02:00:00,0.0
2023-05-10T03:00:00,0.0
2023-05-10T04:00:00,0.0
2023-05-10T05:00:00,0.0
2023-05-10T06:00:00,4.65
2023-05-10T07:00:00,129.88
2023-05-10T08:00:00,343.77
2023-05-10T09:00:00,540.3
2023-05-10T10:00:00,688.33
2023-05-10T11:00:00,793.3
2023-05-10T12:00:00,808.45
2023-05-10T13:00:00,773.3
2023-05-10T14:00:00,656.35
2023-05-10T15:00:00,494.75
2023-05-10T16:00:00,295.73
2023-05-10T17:00:00,86.75
2023-05-10T18:00:00,0.0
2023-05-10T19:00:00,0.0
2023-05-10T20:00:00,0.0
2023-05-10T21:00:00,0.0
2023-05-10T22:00:00,0.0
2023-05-10T23:00:00,0.0
2023-05-11T00:00:00,0.0
2023-05-11T01:00:00,0.0
2023-05-11T02:00:00,0.0
2023-05-11T03:00:00,0.0
2023-05-11T04:00:00,0.0
2023-05-11T05:00:00,0.0
2023-05-11T06:00:00,4.95
2023-05-11T07:00:00,143.3
2023-05-11T08:00:00,371.75
2023-05-11T09:00:00,572.67
2023-05-11T10:00:00,728.97
2023-05-11T11:00:00,813.03
2023-05-11T12:00:00,838.5
2023-05-11T13:00:00,790.25
2023-05-11T14:00:00,676.83
2023-05-11T15:00:00,501.38
2023-05-11T16:00:00,294.27
2023-05-11T17:00:00,82.38
2023-05-11T18:00:00,0.0
2023-05-11T19:00:00,0.0
2023-05-11T20:00:00,0.0
2023-05-11T21:00:00,0.0
2023-05-11T22:00:00,0.0
2023-05-11T23:00:00,0.0
2023-05-12T00:00:00,0.0
2023-05-12T01:00:00,0.0
2023-05-12T02:00:00,0.0
2023-05-12T03:00:00,0.0
2023-05-12T04:00:00,0.0
2023-05-12T05:00:00,0.0
2023-05-12T06:00:00,4.9
2023-05-12T07:00:00,142.5
2023-05-12T08:00:00,365.27
2023-05-12T09:00:00,563.15
2023-05-12T10:00:00,710.08
2023-05-12T11:00:00,804.4
2023-05-12T12:00:00,826.5
2023-05-12T13:00:00,766.65
2023-05-12T14:00:00,617.25
2023-05-12T15:00:00,473.65
2023-05-12T16:00:00,283.23
2023-05-12T17:00:00,83.35
2023-05-12T18:00:00,0.0
2023-05-12T19:00:00,0.0
2023-05-12T20:00:00,0.0
2023-05-12T21:00:00,0.0
2023-05-12T22:00:00,0.0
2023-05-12T23:00:00,0.0
2023-05-13T00:00:00,0.0
2023-05-13T01:00:00,0.0
2023-05-13T02:00:00,0.0
2023-05-13T03:00:00,0.0
2023-05-13T04:00:00,0.0
2023-05-13T05:00:00,0.0
2023-05-13T06:00:00,4.65
2023-05-13T07:00:00,135.98
2023-05-13T08:00:00,352.67
2023-05-13T09:00:00,546.67
2023-05-13T10:00:00,685.0
2023-05-13T11:00:00,793.5
2023-05-13T12:00:00,825.03
2023-05-13T13:00:00,781.83
2023-05-13T14:00:00,635.8
2023-05-13T15:00:00,491.33
2023-05-13T16:00:00,287.67
2023-05-13T17:00:00,81.57
2023-05-13T18:00:00,0.0
2023-05-13T19:00:00,0.0
2023-05-13T20:00:00,0.0
2023-05-13T21:00:00,0.0
2023-05-13T22:00:00,0.0
2023-05-13T23:00:00,0.0
2023-05-14T00:00:00,0.0
2023-05-14T01:00:00,0.0
2023-05-14T02:00:00,0.0
2023-05-14T03:00:00,0.0
2023-05-14T04:00:00,0.0
2023-05-14T05:00:00,0.0
2023-05-14T06:00:00,4.55
2023-05-14T07:00:00,138.68
2023-05-14T08:00:00,360.08
2023-05-14T09:00:00,555.33
2023-05-14T10:00:00,703.72
2023-05-14T11:00:00,804.0
2023-05-14T12:00:00,832.5
2023-05-14T13:00:00,770.85
2023-05-14T14:00:00,662.67
2023-05-14T15:00:00,499.83
2023-05-14T16:00:00,300.67
2023-05-14T17:00:00,85.53
2023-05-14T18:00:00,0.0
2023-05-14T19:00:00,0.0
2023-05-14T20:00:00,0.0
2023-05-14T21:00:00,0.0
2023-05-14T22:00:00,0.0
2023-05-14T23:00:00,0.0
2023-05-15T00:00:00,0.0
2023-05-15T01:00:00,0.0
2023-05-15T02:00:00,0.0
2023-05-15T03:00:00,0.0
2023-05-15T04:00:00,0.0
2023-05-15T05:00:00,0.0
2023-05-15T06:00:00,4.12
2023-05-15T07:00:00,118.85
2023-05-15T08:00:00,303.1
2023-05-15T09:00:00,528.33
2023-05-15T10:00:00,669.78
2023-05-15T11:00:00,762.53
2023-05-15T12:00:00,780.12
2023-05-15T13:00:00,733.17
2023-05-15T14:00:00,617.67
2023-05-15T15:00:00,427.8
2023-05-15T16:00:00,253.25
2023-05-15T17:00:00,63.33
2023-05-15T18:00:00,0.0
2023-05-15T19:00:00,0.0
2023-05-15T20:00:00,0.0
2023-05-15T21:00:00,0.0
2023-05-15T22:00:00,0.0
2023-05-15T23:00:00,0.0
2023-05-16T00:00:00,0.0
2023-05-16T01:00:00,0.0
2023-05-16T02:00:00,0.0
2023-05-16T03:00:00,0.0
2023-05-16T04:00:00,0.0
2023-05-16T05:00:00,0.0
2023-05-16T06:00:00,2.72
2023-05-16T07:00:00,86.75
2023-05-16T08:00:00,227.65
2023-05-16T09:00:00,398.77
2023-05-16T10:00:00,468.2
2023-05-16T11:00:00,477.9
2023-05-16T12:00:00,389.05
2023-05-16T13:00:00,346.75
2023-05-16T14:00:00,292.2
2023-05-16T15:00:00,144.2
2023-05-16T16:00:00,70.68
2023-05-16T17:00:00,19.12
2023-05-16T18:00:00,0.0
2023-05-16T19:00:00,0.0
2023-05-16T20:00:00,0.0
2023-05-16T21:00:00,0.0
2023-05-16T22:00:00,0.0
2023-05-16T23:00:00,0.0
2023-05-17T00:00:00,0.0
2023-05-17T01:00:00,0.0
2023-05-17T02:00:00,0.0
2023-05-17T03:00:00,0.0
2023-05-17T04:00:00,0.0
2023-05-17T05:00:00,0.0
2023-05-17T06:00:00,2.42
2023-05-17T07:00:00,74.78
2023-05-17T08:00:00,215.18
2023-05-17T09:00:00,369.73
2023-05-17T10:00:00,485.67
2023-05-17T11:00:00,534.78
2023-05-17T12:00:00,537.15
2023-05-17T13:00:00,578.42
2023-05-17T14:00:00,505.33
2023-05-17T15:00:00,353.35
2023-05-17T16:00:00,179.15
2023-05-17T17:00:00,41.92
2023-05-17T18:00:00,0.0
2023-05-17T19:00:00,0.0
2023-05-17T20:00:00,0.0
2023-05-17T21:00:00,0.0
2023-05-17T22:00:00,0.0
2023-05-17T23:00:00,0.0
2023-05-18T00:00:00,0.0
2023-05-18T01:00:00,0.0
2023-05-18T02:00:00,0.0
2023-05-18T03:00:00,0.0
2023-05-18T04:00:00,0.0
2023-05-18T05:00:00,0.0
2023-05-18T06:00:00,3.0
2023-05-18T07:00:00,80.55
2023-05-18T08:00:00,262.67
2023-05-18T09:00:00,448.6
2023-05-18T10:00:00,537.95
2023-05-18T11:00:00,491.8
2023-05-18T12:00:00,383.95
2023-05-18T13:00:00,205.43
2023-05-18T14:00:00,277.42
2023-05-18T15:00:00,195.73
2023-05-18T16:00:00,121.38
2023-05-18T17:00:00,31.88
2023-05-18T18:00:00,0.0
2023-05-18T19:00:00,0.0
2023-05-18T20:00:00,0.0
2023-05-18T21:00:00,0.0
2023-05-18T22:00:00,0.0
2023-05-18T23:00:00,0.0
2023-05-19T00:00:00,0.0
2023-05-19T01:00:00,0.0
2023-05-19T02:00:00,0.0
2023-05-19T03:00:00,0.0
2023-05-19T04:00:00,0.0
2023-05-19T05:00:00,0.0
2023-05-19T06:00:00,3.25
2023-05-19T07:00:00,100.15
2023-05-19T08:00:00,273.15
2023-05-19T09:00:00,490.02
2023-05-19T10:00:00,631.2
2023-05-19T11:00:00,716.38
2023-05-19T12:00:00,710.45
2023-05-19T13:00:00,672.2
2023-05-19T14:00:00,572.6
2023-05-19T15:00:00,415.65
2023-05-19T16:00:00,232.18
2023-05-19T17:00:00,57.28
2023-05-19T18:00:00,0.0
2023-05-19T19:00:00,0.0
2023-05-19T20:00:00,0.0
2023-05-19T21:00:00,0.0
2023-05-19T22:00:00,0.0
2023-05-19T23:00:00,0.0
2023-05-20T00:00:00,0.0
2023-05-20T01:00:00,0.0
2023-05-20T02:00:00,0.0
2023-05-20T03:00:00,0.0
2023-05-20T04:00:00,0.0
2023-05-20T05:00:00,0.0
2023-05-20T06:00:00,0.0
2023-05-20T07:00:00,111.3
2023-05-20T08:00:00,303.45
2023-05-20T09:00:00,495.3
2023-05-20T10:00:00,668.9
2023-05-20T11:00:00,770.7
2023-05-20T12:00:00,791.9
2023-05-20T13:00:00,751.28
2023-05-20T14:00:00,637.78
2023-05-20T15:00:00,467.15
2023-05-20T16:00:00,272.27
2023-05-20T17:00:00,72.95
2023-05-20T18:00:00,0.0
2023-05-20T19:00:00,0.0
2023-05-20T20:00:00,0.0
2023-05-20T21:00:00,0.0
2023-05-20T22:00:00,0.0
2023-05-20T23:00:00,0.0
2023-05-21T00:00:00,0.0
2023-05-21T01:00:00,0.0
2023-05-21T02:00:00,0.0
2023-05-21T03:00:00,0.0
2023-05-21T04:00:00,0.0
2023-05-21T05:00:00,0.0
2023-05-21T06:00:00,0.0
2023-05-21T07:00:00,111.43
2023-05-21T08:00:00,309.6
2023-05-21T09:00:00,485.48
2023-05-21T10:00:00,639.45
2023-05-21T11:00:00,725.95
2023-05-21T12:00:00,749.6
2023-05-21T13:00:00,722.42
2023-05-21T14:00:00,608.38
2023-05-21T15:00:00,437.9
2023-05-21T16:00:00,248.45
2023-05-21T17:00:00,67.05
2023-05-21T18:00:00,0.0
2023-05-21T19:00:00,0.0
2023-05-21T20:00:00,0.0
2023-05-21T21:00:00,0.0
2023-05-21T22:00:00,0.0
2023-05-21T23:00:00,0.0
2023-05-22T00:00:00,0.0
2023-05-22T01:00:00,0.0
2023-05-22T02:00:00,0.0
2023-05-22T03:00:00,0.0
2023-05-22T04:00:00,0.0
2023-05-22T05:00:00,0.0
2023-05-22T06:00:00,0.0
2023-05-22T07:00:00,109.28
2023-05-22T08:00:00,292.7
2023-05-22T09:00:00,475.2
2023-05-22T10:00:00,658.2
2023-05-22T11:00:00,755.5
2023-05-22T12:00:00,777.88
2023-05-22T13:00:00,728.38
2023-05-22T14:00:00,618.78
2023-05-22T15:00:00,452.92
2023-05-22T16:00:00,239.5
2023-05-22T17:00:00,60.72
2023-05-22T18:00:00,0.0
2023-05-22T19:00:00,0.0
2023-05-22T20:00:00,0.0
2023-05-22T21:00:00,0.0
2023-05-22T22:00:00,0.0
2023-05-22T23:00:00,0.0
2023-05-23T00:00:00,0.0
2023-05-23T01:00:00,0.0
2023-05-23T02:00:00,0.0
2023-05-23T03:00:00,0.0
2023-05-23T04:00:00,0.0
2023-05-23T05:00:00,0.0
2023-05-23T06:00:00,0.0
2023-05-23T07:00:00,65.82
2023-05-23T08:00:00,186.48
2023-05-23T09:00:00,362.08
2023-05-23T10:00:00,513.7
2023-05-23T11:00:00,611.7
2023-05-23T12:00:00,623.55
2023-05-23T13:00:00,639.83
2023-05-23T14:00:00,511.85
2023-05-23T15:00:00,391.02
2023-05-23T16:00:00,210.35
2023-05-23T17:00:00,49.53
2023-05-23T18:00:00,0.0
2023-05-23T19:00:00,0.0
2023-05-23T20:00:00,0.0
2023-05-23T21:00:00,0.0
2023-05-23T22:00:00,0.0
2023-05-23T23:00:00,0.0
2023-05-24T00:00:00,0.0
2023-05-24T01:00:00,0.0
2023-05-24T02:00:00,0.0
2023-05-24T03:00:00,0.0
2023-05-24T04:00:00,0.0
2023-05-24T05:00:00,0.0
2023-05-24T06:00:00,0.0
2023-05-24T07:00:00,93.57
2023-05-24T08:00:00,258.83
2023-05-24T09:00:00,427.58
2023-05-24T10:00:00,585.38
2023-05-24T11:00:00,687.97
2023-05-24T12:00:00,767.12
2023-05-24T13:00:00,737.15
2023-05-24T14:00:00,629.12
2023-05-24T15:00:00,473.62
2023-05-24T16:00:00,272.08
2023-05-24T17:00:00,73.75
2023-05-24T18:00:00,0.0
2023-05-24T19:00:00,0.0
2023-05-24T20:00:00,0.0
2023-05-24T21:00:00,0.0
2023-05-24T22:00:00,0.0
2023-05-24T23:00:00,0.0
2023-05-25T00:00:00,0.0
2023-05-25T01:00:00,0.0
2023-05-25T02:00:00,0.0
2023-05-25T03:00:00,0.0
2023-05-25T04:00:00,0.0
2023-05-25T05:00:00,0.0
2023-05-25T06:00:00,0.0
2023-05-25T07:00:00,71.5
2023-05-25T08:00:00,193.43
2023-05-25T09:00:00,333.12
2023-05-25T10:00:00,399.58
2023-05-25T11:00:00,493.88
2023-05-25T12:00:00,502.15
2023-05-25T13:00:00,383.15
2023-05-25T14:00:00,288.75
2023-05-25T15:00:00,315.92
2023-05-25T16:00:00,174.9
2023-05-25T17:00:00,42.28
2023-05-25T18:00:00,0.0
2023-05-25T19:00:00,0.0
2023-05-25T20:00:00,0.0
2023-05-25T21:00:00,0.0
2023-05-25T22:00:00,0.0
2023-05-25T23:00:00,0.0
2023-05-26T00:00:00,0.0
2023-05-26T01:00:00,0.0
2023-05-26T02:00:00,0.0
2023-05-26T03:00:00,0.0
2023-05-26T04:00:00,0.0
2023-05-26T05:00:00,0.0
2023-05-26T06:00:00,0.0
2023-05-26T07:00:00,74.35
2023-05-26T08:00:00,196.15
2023-05-26T09:00:00,324.42
2023-05-26T10:00:00,465.23
2023-05-26T11:00:00,575.9
2023-05-26T12:00:00,519.85
2023-05-26T13:00:00,418.95
2023-05-26T14:00:00,330.67
2023-05-26T15:00:00,308.6
2023-05-26T16:00:00,157.43
2023-05-26T17:00:00,37.22
2023-05-26T18:00:00,0.0
2023-05-26T19:00:00,0.0
2023-05-26T20:00:00,0.0
2023-05-26T21:00:00,0.0
2023-05-26T22:00:00,0.0
2023-05-26T23:00:00,0.0
2023-05-27T00:00:00,0.0
2023-05-27T01:00:00,0.0
2023-05-27T02:00:00,0.0
2023-05-27T03:00:00,0.0
2023-05-27T04:00:00,0.0
2023-05-27T05:00:00,0.0
2023-05-27T06:00:00,0.0
2023-05-27T07:00:00,113.25
2023-05-27T08:00:00,302.92
2023-05-27T09:00:00,489.65
2023-05-27T10:00:00,615.5
2023-05-27T11:00:00,709.3
2023-05-27T12:00:00,730.22
2023-05-27T13:00:00,671.75
2023-05-27T14:00:00,584.0
2023-05-27T15:00:00,406.52
2023-05-27T16:00:00,216.4
2023-05-27T17:00:00,52.0
2023-05-27T18:00:00,0.0
2023-05-27T19:00:00,0.0
2023-05-27T20:00:00,0.0
2023-05-27T21:00:00,0.0
2023-05-27T22:00:00,0.0
2023-05-27T23:00:00,0.0
2023-05-28T00:00:00,0.0
2023-05-28T01:00:00,0.0
2023-05-28T02:00:00,0.0
2023-05-28T03:00:00,0.0
2023-05-28T04:00:00,0.0
2023-05-28T05:00:00,0.0
2023-05-28T06:00:00,0.0
2023-05-28T07:00:00,105.35
2023-05-28T08:00:00,276.62
2023-05-28T09:00:00,487.7
2023-05-28T10:00:00,633.22
2023-05-28T11:00:00,716.75
2023-05-28T12:00:00,737.9
2023-05-28T13:00:00,714.4
2023-05-28T14:00:00,581.75
2023-05-28T15:00:00,446.88
2023-05-28T16:00:00,240.32
2023-05-28T17:00:00,67.22
2023-05-28T18:00:00,0.0
2023-05-28T19:00:00,0.0
2023-05-28T20:00:00,0.0
2023-05-28T21:00:00,0.0
2023-05-28T22:00:00,0.0
2023-05-28T23:00:00,0.0
2023-05-29T00:00:00,0.0
2023-05-29T01:00:00,0.0
2023-05-29T02:00:00,0.0
2023-05-29T03:00:00,0.0
2023-05-29T04:00:00,0.0
2023-05-29T05:00:00,0.0
2023-05-29T06:00:00,0.0
2023-05-29T07:00:00,100.9
2023-05-29T08:00:00,274.8
2023-05-29T09:00:00,496.15
2023-05-29T10:00:00,626.03
2023-05-29T11:00:00,696.88
2023-05-29T12:00:00,699.72
2023-05-29T13:00:00,648.6
2023-05-29T14:00:00,473.65
2023-05-29T15:00:00,356.15
2023-05-29T16:00:00,188.05
2023-05-29T17:00:00,44.7
2023-05-29T18:00:00,0.0
2023-05-29T19:00:00,0.0
2023-05-29T20:00:00,0.0
2023-05-29T21:00:00,0.0
2023-05-29T22:00:00,0.0
2023-05-29T23:00:00,0.0
2023-05-30T00:00:00,0.0
2023-05-30T01:00:00,0.0
2023-05-30T02:00:00,0.0
2023-05-30T03:00:00,0.0
2023-05-30T04:00:00,0.0
2023-05-30T05:00:00,0.0
2023-05-30T06:00:00,0.0
2023-05-30T07:00:00,95.55
2023-05-30T08:00:00,273.4
2023-05-30T09:00:00,451.62
2023-05-30T10:00:00,596.97
2023-05-30T11:00:00,685.38
2023-05-30T12:00:00,715.72
2023-05-30T13:00:00,672.33
2023-05-30T14:00:00,513.45
2023-05-30T15:00:00,404.27
2023-05-30T16:00:00,220.05
2023-05-30T17:00:00,52.33
2023-05-30T18:00:00,0.0
2023-05-30T19:00:00,0.0
2023-05-30T20:00:00,0.0
2023-05-30T21:00:00,0.0
2023-05-30T22:00:00,0.0
2023-05-30T23:00:00,0.0
2023-05-31T00:00:00,0.0
2023-05-31T01:00:00,0.0
2023-05-31T02:00:00,0.0
2023-05-31T03:00:00,0.0
2023-05-31T04:00:00,0.0
2023-05-31T05:00:00,0.0
2023-05-31T06:00:00,0.0
2023-05-31T07:00:00,15.05
2023-05-31T08:00:00,39.05
2023-05-31T09:00:00,38.45
2023-05-31T10:00:00,72.5
2023-05-31T11:00:00,226.45
2023-05-31T12:00:00,346.65
2023-05-31T13:00:00,369.88
2023-05-31T14:00:00,311.27
2023-05-31T15:00:00,320.98
2023-05-31T16:00:00,176.23
2023-05-31T17:00:00,41.95
2023-05-31T18:00:00,0.0
2023-05-31T19:00:00,0.0
2023-05-31T20:00:00,0.0
2023-05-31T21:00:00,0.0
2023-05-31T22:00:00,0.0
2023-05-31T23:00:00,0.0
2023-06-01T00:00:00,0.0
2023-06-01T01:00:00,0.0
2023-06-01T02:00:00,0.0
2023-06-01T03:00:00,0.0
2023-06-01T04:00:00,0.0
2023-06-01T05:00:00,0.0
2023-06-01T06:00:00,0.0
2023-06-01T07:00:00,97.38
2023-06-01T08:00:00,293.2
2023-06-01T09:00:00,483.38
2023-06-01T10:00:00,630.9
2023-06-01T11:00:00,701.95
2023-06-01T12:00:00,746.47
2023-06-01T13:00:00,706.5
2023-06-01T14:00:00,588.28
2023-06-01T15:00:00,419.58
2023-06-01T16:00:00,239.88
2023-06-01T17:00:00,58.03
2023-06-01T18:00:00,0.0
2023-06-01T19:00:00,0.0
2023-06-01T20:00:00,0.0
2023-06-01T21:00:00,0.0
2023-06-01T22:00:00,0.0
2023-06-01T23:00:00,0.0
2023-06-02T00:00:00,0.0
2023-06-02T01:00:00,0.0
2023-06-02T02:00:00,0.0
2023-06-02T03:00:00,0.0
2023-06-02T04:00:00,0.0
2023-06-02T05:00:00,0.0
2023-06-02T06:00:00,0.0
2023-06-02T07:00:00,84.9
2023-06-02T08:00:00,250.7
2023-06-02T09:00:00,432.0
2023-06-02T10:00:00,516.0
2023-06-02T11:00:00,560.03
2023-06-02T12:00:00,597.22
2023-06-02T13:00:00,580.83
2023-06-02T14:00:00,390.15
2023-06-02T15:00:00,201.27
2023-06-02T16:00:00,110.78
2023-06-02T17:00:00,24.38
2023-06-02T18:00:00,0.0
2023-06-02T19:00:00,0.0
2023-06-02T20:00:00,0.0
2023-06-02T21:00:00,0.0
2023-06-02T22:00:00,0.0
2023-06-02T23:00:00,0.0
2023-06-03T00:00:00,0.0
2023-06-03T01:00:00,0.0
2023-06-03T02:00:00,0.0
2023-06-03T03:00:00,0.0
2023-06-03T04:00:00,0.0
2023-06-03T05:00:00,0.0
2023-06-03T06:00:00,0.0
2023-06-03T07:00:00,98.4
2023-06-03T08:00:00,293.15
2023-06-03T09:00:00,484.65
2023-06-03T10:00:00,643.12
2023-06-03T11:00:00,728.55
2023-06-03T12:00:00,738.05
2023-06-03T13:00:00,692.45
2023-06-03T14:00:00,612.3
2023-06-03T15:00:00,461.0
2023-06-03T16:00:00,269.35
2023-06-03T17:00:00,67.85
2023-06-03T18:00:00,0.0
2023-06-03T19:00:00,0.0
2023-06-03T20:00:00,0.0
2023-06-03T21:00:00,0.0
2023-06-03T22:00:00,0.0
2023-06-03T23:00:00,0.0
2023-06-04T00:00:00,0.0
2023-06-04T01:00:00,0.0
2023-06-04T02:00:00,0.0
2023-06-04T03:00:00,0.0
2023-06-04T04:00:00,0.0
2023-06-04T05:00:00,0.0
2023-06-04T06:00:00,0.0
2023-06-04T07:00:00,90.78
2023-06-04T08:00:00,272.25
2023-06-04T09:00:00,470.42
2023-06-04T10:00:00,617.12
2023-06-04T11:00:00,678.9
2023-06-04T12:00:00,714.5
2023-06-04T13:00:00,662.22
2023-06-04T14:00:00,566.28
2023-06-04T15:00:00,388.3
2023-06-04T16:00:00,222.3
2023-06-04T17:00:00,61.85
2023-06-04T18:00:00,0.0
2023-06-04T19:00:00,0.0
2023-06-04T20:00:00,0.0
2023-06-04T21:00:00,0.0
2023-06-04T22:00:00,0.0
2023-06-04T23:00:00,0.0
2023-06-05T00:00:00,0.0
2023-06-05T01:00:00,0.0
2023-06-05T02:00:00,0.0
2023-06-05T03:00:00,0.0
2023-06-05T04:00:00,0.0
2023-06-05T05:00:00,0.0
2023-06-05T06:00:00,0.0
2023-06-05T07:00:00,92.43
2023-06-05T08:00:00,271.77
2023-06-05T09:00:00,445.95
2023-06-05T10:00:00,589.03
2023-06-05T11:00:00,617.55
2023-06-05T12:00:00,662.08
2023-06-05T13:00:00,620.47
2023-06-05T14:00:00,480.15
2023-06-05T15:00:00,332.95
2023-06-05T16:00:00,190.95
2023-06-05T17:00:00,49.3
2023-06-05T18:00:00,0.0
2023-06-05T19:00:00,0.0
2023-06-05T20:00:00,0.0
2023-06-05T21:00:00,0.0
2023-06-05T22:00:00,0.0
2023-06-05T23:00:00,0.0
2023-06-06T00:00:00,0.0
2023-06-06T01:00:00,0.0
2023-06-06T02:00:00,0.0
2023-06-06T03:00:00,0.0
2023-06-06T04:00:00,0.0
2023-06-06T05:00:00,0.0
2023-06-06T06:00:00,0.0
2023-06-06T07:00:00,93.15
2023-06-06T08:00:00,250.8
2023-06-06T09:00:00,412.08
2023-06-06T10:00:00,572.67
2023-06-06T11:00:00,625.15
2023-06-06T12:00:00,603.75
2023-06-06T13:00:00,575.38
2023-06-06T14:00:00,450.3
2023-06-06T15:00:00,342.17
2023-06-06T16:00:00,174.52
2023-06-06T17:00:00,41.75
2023-06-06T18:00:00,0.0
2023-06-06T19:00:00,0.0
2023-06-06T20:00:00,0.0
2023-06-06T21:00:00,0.0
2023-06-06T22:00:00,0.0
2023-06-06T23:00:00,0.0
2023-06-07T00:00:00,0.0
2023-06-07T01:00:00,0.0
2023-06-07T02:00:00,0.0
2023-06-07T03:00:00,0.0
2023-06-07T04:00:00,0.0
2023-06-07T05:00:00,0.0
2023-06-07T06:00:00,0.0
2023-06-07T07:00:00,20.4
2023-06-07T08:00:00,37.1
2023-06-07T09:00:00,48.0
2023-06-07T10:00:00,70.32
2023-06-07T11:00:00,95.05
2023-06-07T12:00:00,405.77
2023-06-07T13:00:00,381.27
2023-06-07T14:00:00,473.33
2023-06-07T15:00:00,403.67
2023-06-07T16:00:00,220.4
2023-06-07T17:00:00,56.72
2023-06-07T18:00:00,0.0
2023-06-07T19:00:00,0.0
2023-06-07T20:00:00,0.0
2023-06-07T21:00:00,0.0
2023-06-07T22:00:00,0.0
2023-06-07T23:00:00,0.0
2023-06-08T00:00:00,0.0
2023-06-08T01:00:00,0.0
2023-06-08T02:00:00,0.0
2023-06-08T03:00:00,0.0
2023-06-08T04:00:00,0.0
2023-06-08T05:00:00,0.0
2023-06-08T06:00:00,0.0
2023-06-08T07:00:00,103.75
2023-06-08T08:00:00,302.75
2023-06-08T09:00:00,489.9
2023-06-08T10:00:00,636.5
2023-06-08T11:00:00,716.0
2023-06-08T12:00:00,668.35
2023-06-08T13:00:00,665.45
2023-06-08T14:00:00,470.62
2023-06-08T15:00:00,369.73
2023-06-08T16:00:00,207.45
2023-06-08T17:00:00,54.8
2023-06-08T18:00:00,0.0
2023-06-08T19:00:00,0.0
2023-06-08T20:00:00,0.0
2023-06-08T21:00:00,0.0
2023-06-08T22:00:00,0.0
2023-06-08T23:00:00,0.0
2023-06-09T00:00:00,0.0
2023-06-09T01:00:00,0.0
2023-06-09T02:00:00,0.0
2023-06-09T03:00:00,0.0
2023-06-09T04:00:00,0.0
2023-06-09T05:00:00,0.0
2023-06-09T06:00:00,0.0
2023-06-09T07:00:00,83.6
2023-06-09T08:00:00,282.98
2023-06-09T09:00:00,461.6
2023-06-09T10:00:00,624.0
2023-06-09T11:00:00,720.25
2023-06-09T12:00:00,749.1
2023-06-09T13:00:00,700.67
2023-06-09T14:00:00,608.83
2023-06-09T15:00:00,448.88
2023-06-09T16:00:00,262.7
2023-06-09T17:00:00,69.75
2023-06-09T18:00:00,0.0
2023-06-09T19:00:00,0.0
2023-06-09T20:00:00,0.0
2023-06-09T21:00:00,0.0
2023-06-09T22:00:00,0.0
2023-06-09T23:00:00,0.0
2023-06-10T00:00:00,0.0
2023-06-10T01:00:00,0.0
2023-06-10T02:00:00,0.0
2023-06-10T03:00:00,0.0
2023-06-10T04:00:00,0.0
2023-06-10T05:00:00,0.0
2023-06-10T06:00:00,0.0
2023-06-10T07:00:00,79.45
2023-06-10T08:00:00,241.95
2023-06-10T09:00:00,441.45
2023-06-10T10:00:00,603.4
2023-06-10T11:00:00,663.97
2023-06-10T12:00:00,603.85
2023-06-10T13:00:00,570.38
2023-06-10T14:00:00,510.12
2023-06-10T15:00:00,372.23
2023-06-10T16:00:00,190.27
2023-06-10T17:00:00,46.67
2023-06-10T18:00:00,0.0
2023-06-10T19:00:00,0.0
2023-06-10T20:00:00,0.0
2023-06-10T21:00:00,0.0
2023-06-10T22:00:00,0.0
2023-06-10T23:00:00,0.0
2023-06-11T00:00:00,0.0
2023-06-11T01:00:00,0.0
2023-06-11T02:00:00,0.0
2023-06-11T03:00:00,0.0
2023-06-11T04:00:00,0.0
2023-06-11T05:00:00,0.0
2023-06-11T06:00:00,0.0
2023-06-11T07:00:00,89.53
2023-06-11T08:00:00,271.27
2023-06-11T09:00:00,472.17
2023-06-11T10:00:00,614.35
2023-06-11T11:00:00,712.3
2023-06-11T12:00:00,734.9
2023-06-11T13:00:00,691.2
2023-06-11T14:00:00,601.6
2023-06-11T15:00:00,344.15
2023-06-11T16:00:00,206.4
2023-06-11T17:00:00,50.62
2023-06-11T18:00:00,0.0
2023-06-11T19:00:00,0.0
2023-06-11T20:00:00,0.0
2023-06-11T21:00:00,0.0
2023-06-11T22:00:00,0.0
2023-06-11T23:00:00,0.0
2023-06-12T00:00:00,0.0
2023-06-12T01:00:00,0.0
2023-06-12T02:00:00,0.0
2023-06-12T03:00:00,0.0
2023-06-12T04:00:00,0.0
2023-06-12T05:00:00,0.0
2023-06-12T06:00:00,0.0
2023-06-12T07:00:00,59.38
2023-06-12T08:00:00,167.38
2023-06-12T09:00:00,306.65
2023-06-12T10:00:00,478.4
2023-06-12T11:00:00,611.67
2023-06-12T12:00:00,686.45
2023-06-12T13:00:00,636.4
2023-06-12T14:00:00,443.02
2023-06-12T15:00:00,368.92
2023-06-12T16:00:00,168.0
2023-06-12T17:00:00,44.5
2023-06-12T18:00:00,0.0
2023-06-12T19:00:00,0.0
2023-06-12T20:00:00,0.0
2023-06-12T21:00:00,0.0
2023-06-12T22:00:00,0.0
2023-06-12T23:00:00,0.0
2023-06-13T00:00:00,0.0
2023-06-13T01:00:00,0.0
2023-06-13T02:00:00,0.0
2023-06-13T03:00:00,0.0
2023-06-13T04:00:00,0.0
2023-06-13T05:00:00,0.0
2023-06-13T06:00:00,0.0
2023-06-13T07:00:00,61.05
2023-06-13T08:00:00,185.43
2023-06-13T09:00:00,317.4
2023-06-13T10:00:00,474.02
2023-06-13T11:00:00,666.42
2023-06-13T12:00:00,683.05
2023-06-13T13:00:00,669.95
2023-06-13T14:00:00,501.55
2023-06-13T15:00:00,316.33
2023-06-13T16:00:00,170.65
2023-06-13T17:00:00,41.95
2023-06-13T18:00:00,0.0
2023-06-13T19:00:00,0.0
2023-06-13T20:00:00,0.0
2023-06-13T21:00:00,0.0
2023-06-13T22:00:00,0.0
2023-06-13T23:00:00,0.0
2023-06-14T00:00:00,0.0
2023-06-14T01:00:00,0.0
2023-06-14T02:00:00,0.0
2023-06-14T03:00:00,0.0
2023-06-14T04:00:00,0.0
2023-06-14T05:00:00,0.0
2023-06-14T06:00:00,0.0
2023-06-14T07:00:00,32.92
2023-06-14T08:00:00,128.85
2023-06-14T09:00:00,254.77
2023-06-14T10:00:00,372.15
2023-06-14T11:00:00,464.33
2023-06-14T12:00:00,416.5
2023-06-14T13:00:00,212.75
2023-06-14T14:00:00,191.6
2023-06-14T15:00:00,152.25
2023-06-14T16:00:00,83.85
2023-06-14T17:00:00,16.8
2023-06-14T18:00:00,0.0
2023-06-14T19:00:00,0.0
2023-06-14T20:00:00,0.0
2023-06-14T21:00:00,0.0
2023-06-14T22:00:00,0.0
2023-06-14T23:00:00,0.0
2023-06-15T00:00:00,0.0
2023-06-15T01:00:00,0.0
2023-06-15T02:00:00,0.0
2023-06-15T03:00:00,0.0
2023-06-15T04:00:00,0.0
2023-06-15T05:00:00,0.0
2023-06-15T06:00:00,0.0
2023-06-15T07:00:00,61.72
2023-06-15T08:00:00,211.25
2023-06-15T09:00:00,362.08
2023-06-15T10:00:00,498.42
2023-06-15T11:00:00,619.58
2023-06-15T12:00:00,652.9
2023-06-15T13:00:00,654.2
2023-06-15T14:00:00,545.2
2023-06-15T15:00:00,396.0
2023-06-15T16:00:00,211.12
2023-06-15T17:00:00,55.3
2023-06-15T18:00:00,0.0
2023-06-15T19:00:00,0.0
2023-06-15T20:00:00,0.0
2023-06-15T21:00:00,0.0
2023-06-15T22:00:00,0.0
2023-06-15T23:00:00,0.0
2023-06-16T00:00:00,0.0
2023-06-16T01:00:00,0.0
2023-06-16T02:00:00,0.0
2023-06-16T03:00:00,0.0
2023-06-16T04:00:00,0.0
2023-06-16T05:00:00,0.0
2023-06-16T06:00:00,0.0
2023-06-16T07:00:00,89.65
2023-06-16T08:00:00,286.4
2023-06-16T09:00:00,474.55
2023-06-16T10:00:00,602.0
2023-06-16T11:00:00,660.97
2023-06-16T12:00:00,661.1
2023-06-16T13:00:00,558.17
2023-06-16T14:00:00,407.7
2023-06-16T15:00:00,235.48
2023-06-16T16:00:00,154.4
2023-06-16T17:00:00,53.5
2023-06-16T18:00:00,0.0
2023-06-16T19:00:00,0.0
2023-06-16T20:00:00,0.0
2023-06-16T21:00:00,0.0
2023-06-16T22:00:00,0.0
2023-06-16T23:00:00,0.0
2023-06-17T00:00:00,0.0
2023-06-17T01:00:00,0.0
2023-06-17T02:00:00,0.0
2023-06-17T03:00:00,0.0
2023-06-17T04:00:00,0.0
2023-06-17T05:00:00,0.0
2023-06-17T06:00:00,0.0
2023-06-17T07:00:00,73.45
2023-06-17T08:00:00,236.7
2023-06-17T09:00:00,445.83
2023-06-17T10:00:00,599.1
2023-06-17T11:00:00,699.45
2023-06-17T12:00:00,744.17
2023-06-17T13:00:00,708.78
2023-06-17T14:00:00,606.95
2023-06-17T15:00:00,450.08
2023-06-17T16:00:00,266.25
2023-06-17T17:00:00,73.5
2023-06-17T18:00:00,0.0
2023-06-17T19:00:00,0.0
2023-06-17T20:00:00,0.0
2023-06-17T21:00:00,0.0
2023-06-17T22:00:00,0.0
2023-06-17T23:00:00,0.0
2023-06-18T00:00:00,0.0
2023-06-18T01:00:00,0.0
2023-06-18T02:00:00,0.0
2023-06-18T03:00:00,0.0
2023-06-18T04:00:00,0.0
2023-06-18T05:00:00,0.0
2023-06-18T06:00:00,0.0
2023-06-18T07:00:00,89.43
2023-06-18T08:00:00,276.0
2023-06-18T09:00:00,454.5
2023-06-18T10:00:00,582.33
2023-06-18T11:00:00,680.95
2023-06-18T12:00:00,725.2
2023-06-18T13:00:00,691.58
2023-06-18T14:00:00,593.05
2023-06-18T15:00:00,431.12
2023-06-18T16:00:00,249.9
2023-06-18T17:00:00,66.55
2023-06-18T18:00:00,0.0
2023-06-18T19:00:00,0.0
2023-06-18T20:00:00,0.0
2023-06-18T21:00:00,0.0
2023-06-18T22:00:00,0.0
2023-06-18T23:00:00,0.0
2023-06-19T00:00:00,0.0
2023-06-19T01:00:00,0.0
2023-06-19T02:00:00,0.0
2023-06-19T03:00:00,0.0
2023-06-19T04:00:00,0.0
2023-06-19T05:00:00,0.0
2023-06-19T06:00:00,0.0
2023-06-19T07:00:00,60.2
2023-06-19T08:00:00,186.55
2023-06-19T09:00:00,336.42
2023-06-19T10:00:00,453.12
2023-06-19T11:00:00,555.0
2023-06-19T12:00:00,640.1
2023-06-19T13:00:00,565.35
2023-06-19T14:00:00,480.17
2023-06-19T15:00:00,303.73
2023-06-19T16:00:00,157.98
2023-06-19T17:00:00,43.22
2023-06-19T18:00:00,0.0
2023-06-19T19:00:00,0.0
2023-06-19T20:00:00,0.0
2023-06-19T21:00:00,0.0
2023-06-19T22:00:00,0.0
2023-06-19T23:00:00,0.0
2023-06-20T00:00:00,0.0
2023-06-20T01:00:00,0.0
2023-06-20T02:00:00,0.0
2023-06-20T03:00:00,0.0
2023-06-20T04:00:00,0.0
2023-06-20T05:00:00,0.0
2023-06-20T06:00:00,0.0
2023-06-20T07:00:00,84.9
2023-06-20T08:00:00,270.77
2023-06-20T09:00:00,452.83
2023-06-20T10:00:00,593.17
2023-06-20T11:00:00,681.55
2023-06-20T12:00:00,691.7
2023-06-20T13:00:00,672.75
2023-06-20T14:00:00,538.47
2023-06-20T15:00:00,402.9
2023-06-20T16:00:00,220.15
2023-06-20T17:00:00,61.72
2023-06-20T18:00:00,0.0
2023-06-20T19:00:00,0.0
2023-06-20T20:00:00,0.0
2023-06-20T21:00:00,0.0
2023-06-20T22:00:00,0.0
2023-06-20T23:00:00,0.0
2023-06-21T00:00:00,0.0
2023-06-21T01:00:00,0.0
2023-06-21T02:00:00,0.0
2023-06-21T03:00:00,0.0
2023-06-21T04:00:00,0.0
2023-06-21T05:00:00,0.0
2023-06-21T06:00:00,0.0
2023-06-21T07:00:00,57.33
2023-06-21T08:00:00,194.75
2023-06-21T09:00:00,350.35
2023-06-21T10:00:00,494.15
2023-06-21T11:00:00,565.4
2023-06-21T12:00:00,483.6
2023-06-21T13:00:00,523.6
2023-06-21T14:00:00,449.33
2023-06-21T15:00:00,337.88
2023-06-21T16:00:00,180.52
2023-06-21T17:00:00,47.05
2023-06-21T18:00:00,0.0
2023-06-21T19:00:00,0.0
2023-06-21T20:00:00,0.0
2023-06-21T21:00:00,0.0
2023-06-21T22:00:00,0.0
2023-06-21T23:00:00,0.0
2023-06-22T00:00:00,0.0
2023-06-22T01:00:00,0.0
2023-06-22T02:00:00,0.0
2023-06-22T03:00:00,0.0
2023-06-22T04:00:00,0.0
2023-06-22T05:00:00,0.0
2023-06-22T06:00:00,0.0
2023-06-22T07:00:00,66.05
2023-06-22T08:00:00,210.6
2023-06-22T09:00:00,415.08
2023-06-22T10:00:00,588.5
2023-06-22T11:00:00,645.58
2023-06-22T12:00:00,631.15
2023-06-22T13:00:00,693.0
2023-06-22T14:00:00,568.55
2023-06-22T15:00:00,380.42
2023-06-22T16:00:00,202.3
2023-06-22T17:00:00,51.38
2023-06-22T18:00:00,0.0
2023-06-22T19:00:00,0.0
2023-06-22T20:00:00,0.0
2023-06-22T21:00:00,0.0
2023-06-22T22:00:00,0.0
2023-06-22T23:00:00,0.0
2023-06-23T00:00:00,0.0
2023-06-23T01:00:00,0.0
2023-06-23T02:00:00,0.0
2023-06-23T03:00:00,0.0
2023-06-23T04:00:00,0.0
2023-06-23T05:00:00,0.0
2023-06-23T06:00:00,0.0
2023-06-23T07:00:00,90.25
2023-06-23T08:00:00,293.9
2023-06-23T09:00:00,497.08
2023-06-23T10:00:00,644.08
2023-06-23T11:00:00,725.6
2023-06-23T12:00:00,739.62
2023-06-23T13:00:00,679.15
2023-06-23T14:00:00,584.88
2023-06-23T15:00:00,432.83
2023-06-23T16:00:00,256.9
2023-06-23T17:00:00,75.78
2023-06-23T18:00:00,0.0
2023-06-23T19:00:00,0.0
2023-06-23T20:00:00,0.0
2023-06-23T21:00:00,0.0
2023-06-23T22:00:00,0.0
2023-06-23T23:00:00,0.0
2023-06-24T00:00:00,0.0
2023-06-24T01:00:00,0.0
2023-06-24T02:00:00,0.0
2023-06-24T03:00:00,0.0
2023-06-24T04:00:00,0.0
2023-06-24T05:00:00,0.0
2023-06-24T06:00:00,0.0
2023-06-24T07:00:00,93.15
2023-06-24T08:00:00,296.52
2023-06-24T09:00:00,485.77
2023-06-24T10:00:00,640.38
2023-06-24T11:00:00,737.78
2023-06-24T12:00:00,769.88
2023-06-24T13:00:00,733.08
2023-06-24T14:00:00,628.45
2023-06-24T15:00:00,478.35
2023-06-24T16:00:00,288.1
2023-06-24T17:00:00,84.12
2023-06-24T18:00:00,0.0
2023-06-24T19:00:00,0.0
2023-06-24T20:00:00,0.0
2023-06-24T21:00:00,0.0
2023-06-24T22:00:00,0.0
2023-06-24T23:00:00,0.0
2023-06-25T00:00:00,0.0
2023-06-25T01:00:00,0.0
2023-06-25T02:00:00,0.0
2023-06-25T03:00:00,0.0
2023-06-25T04:00:00,0.0
2023-06-25T05:00:00,0.0
2023-06-25T06:00:00,0.0
2023-06-25T07:00:00,53.22
2023-06-25T08:00:00,172.25
2023-06-25T09:00:00,283.52
2023-06-25T10:00:00,462.8
2023-06-25T11:00:00,611.5
2023-06-25T12:00:00,680.5
2023-06-25T13:00:00,711.67
2023-06-25T14:00:00,618.03
2023-06-25T15:00:00,487.0
2023-06-25T16:00:00,293.55
2023-06-25T17:00:00,86.28
2023-06-25T18:00:00,0.0
2023-06-25T19:00:00,0.0
2023-06-25T20:00:00,0.0
2023-06-25T21:00:00,0.0
2023-06-25T22:00:00,0.0
2023-06-25T23:00:00,0.0
2023-06-26T00:00:00,0.0
2023-06-26T01:00:00,0.0
2023-06-26T02:00:00,0.0
2023-06-26T03:00:00,0.0
2023-06-26T04:00:00,0.0
2023-06-26T05:00:00,0.0
2023-06-26T06:00:00,0.0
2023-06-26T07:00:00,85.1
2023-06-26T08:00:00,279.73
2023-06-26T09:00:00,464.8
2023-06-26T10:00:00,623.62
2023-06-26T11:00:00,725.17
2023-06-26T12:00:00,766.75
2023-06-26T13:00:00,737.53
2023-06-26T14:00:00,638.6
2023-06-26T15:00:00,484.9
2023-06-26T16:00:00,288.38
2023-06-26T17:00:00,84.05
2023-06-26T18:00:00,0.0
2023-06-26T19:00:00,0.0
2023-06-26T20:00:00,0.0
2023-06-26T21:00:00,0.0
2023-06-26T22:00:00,0.0
2023-06-26T23:00:00,0.0
2023-06-27T00:00:00,0.0
2023-06-27T01:00:00,0.0
2023-06-27T02:00:00,0.0
2023-06-27T03:00:00,0.0
2023-06-27T04:00:00,0.0
2023-06-27T05:00:00,0.0
2023-06-27T06:00:00,0.0
2023-06-27T07:00:00,69.68
2023-06-27T08:00:00,232.15
2023-06-27T09:00:00,415.23
2023-06-27T10:00:00,574.35
2023-06-27T11:00:00,683.65
2023-06-27T12:00:00,722.17
2023-06-27T13:00:00,701.5
2023-06-27T14:00:00,589.12
2023-06-27T15:00:00,422.17
2023-06-27T16:00:00,257.25
2023-06-27T17:00:00,79.32
2023-06-27T18:00:00,0.0
2023-06-27T19:00:00,0.0
2023-06-27T20:00:00,0.0
2023-06-27T21:00:00,0.0
2023-06-27T22:00:00,0.0
2023-06-27T23:00:00,0.0
2023-06-28T00:00:00,0.0
2023-06-28T01:00:00,0.0
2023-06-28T02:00:00,0.0
2023-06-28T03:00:00,0.0
2023-06-28T04:00:00,0.0
2023-06-28T05:00:00,0.0
2023-06-28T06:00:00,0.0
2023-06-28T07:00:00,83.72
2023-06-28T08:00:00,282.9
2023-06-28T09:00:00,475.48
2023-06-28T10:00:00,614.53
2023-06-28T11:00:00,718.7
2023-06-28T12:00:00,753.4
2023-06-28T13:00:00,718.12
2023-06-28T14:00:00,610.65
2023-06-28T15:00:00,450.23
2023-06-28T16:00:00,267.92
2023-06-28T17:00:00,79.35
2023-06-28T18:00:00,0.0
2023-06-28T19:00:00,0.0
2023-06-28T20:00:00,0.0
2023-06-28T21:00:00,0.0
2023-06-28T22:00:00,0.0
2023-06-28T23:00:00,0.0
2023-06-29T00:00:00,0.0
2023-06-29T01:00:00,0.0
2023-06-29T02:00:00,0.0
2023-06-29T03:00:00,0.0
2023-06-29T04:00:00,0.0
2023-06-29T05:00:00,0.0
2023-06-29T06:00:00,0.0
2023-06-29T07:00:00,87.95
2023-06-29T08:00:00,286.38
2023-06-29T09:00:00,473.35
2023-06-29T10:00:00,638.45
2023-06-29T11:00:00,738.58
2023-06-29T12:00:00,771.35
2023-06-29T13:00:00,730.47
2023-06-29T14:00:00,632.9
2023-06-29T15:00:00,483.38
2023-06-29T16:00:00,291.77
2023-06-29T17:00:00,89.18
2023-06-29T18:00:00,0.0
2023-06-29T19:00:00,0.0
2023-06-29T20:00:00,0.0
2023-06-29T21:00:00,0.0
2023-06-29T22:00:00,0.0
2023-06-29T23:00:00,0.0
2023-06-30T00:00:00,0.0
2023-06-30T01:00:00,0.0
2023-06-30T02:00:00,0.0
2023-06-30T03:00:00,0.0
2023-06-30T04:00:00,0.0
2023-06-30T05:00:00,0.0
2023-06-30T06:00:00,0.0
2023-06-30T07:00:00,81.22
2023-06-30T08:00:00,247.95
2023-06-30T09:00:00,434.1
2023-06-30T10:00:00,523.55
2023-06-30T11:00:00,620.22
2023-06-30T12:00:00,631.83
2023-06-30T13:00:00,624.9
2023-06-30T14:00:00,555.78
2023-06-30T15:00:00,458.42
2023-06-30T16:00:00,278.45
2023-06-30T17:00:00,87.25
2023-06-30T18:00:00,0.0
2023-06-30T19:00:00,0.0
2023-06-30T20:00:00,0.0
2023-06-30T21:00:00,0.0
2023-06-30T22:00:00,0.0
2023-06-30T23:00:00,0.0
2023-07-01T00:00:00,0.0
2023-07-01T01:00:00,0.0
2023-07-01T02:00:00,0.0
2023-07-01T03:00:00,0.0
2023-07-01T04:00:00,0.0
2023-07-01T05:00:00,0.0
2023-07-01T06:00:00,0.0
2023-07-01T07:00:00,76.65
2023-07-01T08:00:00,226.43
2023-07-01T09:00:00,405.5
2023-07-01T10:00:00,549.8
2023-07-01T11:00:00,672.55
2023-07-01T12:00:00,759.22
2023-07-01T13:00:00,744.7
2023-07-01T14:00:00,651.97
2023-07-01T15:00:00,499.85
2023-07-01T16:00:00,304.2
2023-07-01T17:00:00,92.68
2023-07-01T18:00:00,0.0
2023-07-01T19:00:00,0.0
2023-07-01T20:00:00,0.0
2023-07-01T21:00:00,0.0
2023-07-01T22:00:00,0.0
2023-07-01T23:00:00,0.0
2023-07-02T00:00:00,0.0
2023-07-02T01:00:00,0.0
2023-07-02T02:00:00,0.0
2023-07-02T03:00:00,0.0
2023-07-02T04:00:00,0.0
2023-07-02T05:00:00,0.0
2023-07-02T06:00:00,0.0
2023-07-02T07:00:00,89.72
2023-07-02T08:00:00,290.25
2023-07-02T09:00:00,478.6
2023-07-02T10:00:00,644.92
2023-07-02T11:00:00,737.85
2023-07-02T12:00:00,768.58
2023-07-02T13:00:00,745.65
2023-07-02T14:00:00,631.17
2023-07-02T15:00:00,462.62
2023-07-02T16:00:00,252.88
2023-07-02T17:00:00,74.6
2023-07-02T18:00:00,0.0
2023-07-02T19:00:00,0.0
2023-07-02T20:00:00,0.0
2023-07-02T21:00:00,0.0
2023-07-02T22:00:00,0.0
2023-07-02T23:00:00,0.0
2023-07-03T00:00:00,0.0
2023-07-03T01:00:00,0.0
2023-07-03T02:00:00,0.0
2023-07-03T03:00:00,0.0
2023-07-03T04:00:00,0.0
2023-07-03T05:00:00,0.0
2023-07-03T06:00:00,0.0
2023-07-03T07:00:00,64.6
2023-07-03T08:00:00,217.77
2023-07-03T09:00:00,421.12
2023-07-03T10:00:00,590.0
2023-07-03T11:00:00,707.9
2023-07-03T12:00:00,747.1
2023-07-03T13:00:00,720.5
2023-07-03T14:00:00,629.38
2023-07-03T15:00:00,482.77
2023-07-03T16:00:00,280.15
2023-07-03T17:00:00,85.07
2023-07-03T18:00:00,0.0
2023-07-03T19:00:00,0.0
2023-07-03T20:00:00,0.0
2023-07-03T21:00:00,0.0
2023-07-03T22:00:00,0.0
2023-07-03T23:00:00,0.0
2023-07-04T00:00:00,0.0
2023-07-04T01:00:00,0.0
2023-07-04T02:00:00,0.0
2023-07-04T03:00:00,0.0
2023-07-04T04:00:00,0.0
2023-07-04T05:00:00,0.0
2023-07-04T06:00:00,0.0
2023-07-04T07:00:00,59.5
2023-07-04T08:00:00,207.95
2023-07-04T09:00:00,409.95
2023-07-04T10:00:00,586.62
2023-07-04T11:00:00,646.92
2023-07-04T12:00:00,668.0
2023-07-04T13:00:00,500.27
2023-07-04T14:00:00,497.62
2023-07-04T15:00:00,357.23
2023-07-04T16:00:00,211.25
2023-07-04T17:00:00,66.55
2023-07-04T18:00:00,0.0
2023-07-04T19:00:00,0.0
2023-07-04T20:00:00,0.0
2023-07-04T21:00:00,0.0
2023-07-04T22:00:00,0.0
2023-07-04T23:00:00,0.0
2023-07-05T00:00:00,0.0
2023-07-05T01:00:00,0.0
2023-07-05T02:00:00,0.0
2023-07-05T03:00:00,0.0
2023-07-05T04:00:00,0.0
2023-07-05T05:00:00,0.0
2023-07-05T06:00:00,0.0
2023-07-05T07:00:00,44.1
2023-07-05T08:00:00,123.53
2023-07-05T09:00:00,184.4
2023-07-05T10:00:00,396.33
2023-07-05T11:00:00,465.58
2023-07-05T12:00:00,626.92
2023-07-05T13:00:00,541.28
2023-07-05T14:00:00,509.58
2023-07-05T15:00:00,382.4
2023-07-05T16:00:00,209.6
2023-07-05T17:00:00,56.28
2023-07-05T18:00:00,0.0
2023-07-05T19:00:00,0.0
2023-07-05T20:00:00,0.0
2023-07-05T21:00:00,0.0
2023-07-05T22:00:00,0.0
2023-07-05T23:00:00,0.0
2023-07-06T00:00:00,0.0
2023-07-06T01:00:00,0.0
2023-07-06T02:00:00,0.0
2023-07-06T03:00:00,0.0
2023-07-06T04:00:00,0.0
2023-07-06T05:00:00,0.0
2023-07-06T06:00:00,0.0
2023-07-06T07:00:00,79.5
2023-07-06T08:00:00,280.42
2023-07-06T09:00:00,483.0
2023-07-06T10:00:00,635.67
2023-07-06T11:00:00,728.97
2023-07-06T12:00:00,755.7
2023-07-06T13:00:00,707.92
2023-07-06T14:00:00,630.45
2023-07-06T15:00:00,468.8
2023-07-06T16:00:00,257.7
2023-07-06T17:00:00,80.65
2023-07-06T18:00:00,0.0
2023-07-06T19:00:00,0.0
2023-07-06T20:00:00,0.0
2023-07-06T21:00:00,0.0
2023-07-06T22:00:00,0.0
2023-07-06T23:00:00,0.0
2023-07-07T00:00:00,0.0
2023-07-07T01:00:00,0.0
2023-07-07T02:00:00,0.0
2023-07-07T03:00:00,0.0
2023-07-07T04:00:00,0.0
2023-07-07T05:00:00,0.0
2023-07-07T06:00:00,0.0
2023-07-07T07:00:00,79.18
2023-07-07T08:00:00,269.6
2023-07-07T09:00:00,454.52
2023-07-07T10:00:00,598.15
2023-07-07T11:00:00,689.2
2023-07-07T12:00:00,735.8
2023-07-07T13:00:00,729.33
2023-07-07T14:00:00,644.7
2023-07-07T15:00:00,477.35
2023-07-07T16:00:00,271.88
2023-07-07T17:00:00,80.68
2023-07-07T18:00:00,0.0
2023-07-07T19:00:00,0.0
2023-07-07T20:00:00,0.0
2023-07-07T21:00:00,0.0
2023-07-07T22:00:00,0.0
2023-07-07T23:00:00,0.0
2023-07-08T00:00:00,0.0
2023-07-08T01:00:00,0.0
2023-07-08T02:00:00,0.0
2023-07-08T03:00:00,0.0
2023-07-08T04:00:00,0.0
2023-07-08T05:00:00,0.0
2023-07-08T06:00:00,0.0
2023-07-08T07:00:00,87.47
2023-07-08T08:00:00,293.08
2023-07-08T09:00:00,492.88
2023-07-08T10:00:00,648.25
2023-07-08T11:00:00,729.88
2023-07-08T12:00:00,752.0
2023-07-08T13:00:00,710.72
2023-07-08T14:00:00,590.5
2023-07-08T15:00:00,441.58
2023-07-08T16:00:00,246.82
2023-07-08T17:00:00,78.12
2023-07-08T18:00:00,0.0
2023-07-08T19:00:00,0.0
2023-07-08T20:00:00,0.0
2023-07-08T21:00:00,0.0
2023-07-08T22:00:00,0.0
2023-07-08T23:00:00,0.0
2023-07-09T00:00:00,0.0
2023-07-09T01:00:00,0.0
2023-07-09T02:00:00,0.0
2023-07-09T03:00:00,0.0
2023-07-09T04:00:00,0.0
2023-07-09T05:00:00,0.0
2023-07-09T06:00:00,0.0
2023-07-09T07:00:00,72.75
2023-07-09T08:00:00,234.05
2023-07-09T09:00:00,433.58
2023-07-09T10:00:00,592.47
2023-07-09T11:00:00,701.92
2023-07-09T12:00:00,731.2
2023-07-09T13:00:00,709.4
2023-07-09T14:00:00,602.83
2023-07-09T15:00:00,453.88
2023-07-09T16:00:00,244.0
2023-07-09T17:00:00,79.45
2023-07-09T18:00:00,0.0
2023-07-09T19:00:00,0.0
2023-07-09T20:00:00,0.0
2023-07-09T21:00:00,0.0
2023-07-09T22:00:00,0.0
2023-07-09T23:00:00,0.0
2023-07-10T00:00:00,0.0
2023-07-10T01:00:00,0.0
2023-07-10T02:00:00,0.0
2023-07-10T03:00:00,0.0
2023-07-10T04:00:00,0.0
2023-07-10T05:00:00,0.0
2023-07-10T06:00:00,0.0
2023-07-10T07:00:00,41.95
2023-07-10T08:00:00,154.98
2023-07-10T09:00:00,287.95
2023-07-10T10:00:00,505.7
2023-07-10T11:00:00,665.85
2023-07-10T12:00:00,719.85
2023-07-10T13:00:00,723.5
2023-07-10T14:00:00,616.35
2023-07-10T15:00:00,464.25
2023-07-10T16:00:00,271.42
2023-07-10T17:00:00,74.07
2023-07-10T18:00:00,0.0
2023-07-10T19:00:00,0.0
2023-07-10T20:00:00,0.0
2023-07-10T21:00:00,0.0
2023-07-10T22:00:00,0.0
2023-07-10T23:00:00,0.0
2023-07-11T00:00:00,0.0
2023-07-11T01:00:00,0.0
2023-07-11T02:00:00,0.0
2023-07-11T03:00:00,0.0
2023-07-11T04:00:00,0.0
2023-07-11T05:00:00,0.0
2023-07-11T06:00:00,0.0
2023-07-11T07:00:00,56.6
2023-07-11T08:00:00,212.5
2023-07-11T09:00:00,376.4
2023-07-11T10:00:00,498.12
2023-07-11T11:00:00,600.72
2023-07-11T12:00:00,594.62
2023-07-11T13:00:00,540.75
2023-07-11T14:00:00,483.02
2023-07-11T15:00:00,341.27
2023-07-11T16:00:00,187.77
2023-07-11T17:00:00,52.03
2023-07-11T18:00:00,0.0
2023-07-11T19:00:00,0.0
2023-07-11T20:00:00,0.0
2023-07-11T21:00:00,0.0
2023-07-11T22:00:00,0.0
2023-07-11T23:00:00,0.0
2023-07-12T00:00:00,0.0
2023-07-12T01:00:00,0.0
2023-07-12T02:00:00,0.0
2023-07-12T03:00:00,0.0
2023-07-12T04:00:00,0.0
2023-07-12T05:00:00,0.0
2023-07-12T06:00:00,0.0
2023-07-12T07:00:00,81.78
2023-07-12T08:00:00,279.58
2023-07-12T09:00:00,470.33
2023-07-12T10:00:00,614.5
2023-07-12T11:00:00,706.92
2023-07-12T12:00:00,736.72
2023-07-12T13:00:00,706.12
2023-07-12T14:00:00,602.85
2023-07-12T15:00:00,434.58
2023-07-12T16:00:00,256.27
2023-07-12T17:00:00,74.93
2023-07-12T18:00:00,0.0
2023-07-12T19:00:00,0.0
2023-07-12T20:00:00,0.0
2023-07-12T21:00:00,0.0
2023-07-12T22:00:00,0.0
2023-07-12T23:00:00,0.0
2023-07-13T00:00:00,0.0
2023-07-13T01:00:00,0.0
2023-07-13T02:00:00,0.0
2023-07-13T03:00:00,0.0
2023-07-13T04:00:00,0.0
2023-07-13T05:00:00,0.0
2023-07-13T06:00:00,0.0
2023-07-13T07:00:00,34.38
2023-07-13T08:00:00,113.03
2023-07-13T09:00:00,212.98
2023-07-13T10:00:00,415.73
2023-07-13T11:00:00,543.42
2023-07-13T12:00:00,584.47
2023-07-13T13:00:00,552.85
2023-07-13T14:00:00,452.27
2023-07-13T15:00:00,311.55
2023-07-13T16:00:00,171.62
2023-07-13T17:00:00,50.88
2023-07-13T18:00:00,0.0
2023-07-13T19:00:00,0.0
2023-07-13T20:00:00,0.0
2023-07-13T21:00:00,0.0
2023-07-13T22:00:00,0.0
2023-07-13T23:00:00,0.0
2023-07-14T00:00:00,0.0
2023-07-14T01:00:00,0.0
2023-07-14T02:00:00,0.0
2023-07-14T03:00:00,0.0
2023-07-14T04:00:00,0.0
2023-07-14T05:00:00,0.0
2023-07-14T06:00:00,0.0
2023-07-14T07:00:00,56.7
2023-07-14T08:00:00,218.75
2023-07-14T09:00:00,406.65
2023-07-14T10:00:00,576.12
2023-07-14T11:00:00,681.38
2023-07-14T12:00:00,680.78
2023-07-14T13:00:00,699.95
2023-07-14T14:00:00,572.28
2023-07-14T15:00:00,434.83
2023-07-14T16:00:00,253.25
2023-07-14T17:00:00,75.65
2023-07-14T18:00:00,0.0
2023-07-14T19:00:00,0.0
2023-07-14T20:00:00,0.0
2023-07-14T21:00:00,0.0
2023-07-14T22:00:00,0.0
2023-07-14T23:00:00,0.0
2023-07-15T00:00:00,0.0
2023-07-15T01:00:00,0.0
2023-07-15T02:00:00,0.0
2023-07-15T03:00:00,0.0
2023-07-15T04:00:00,0.0
2023-07-15T05:00:00,0.0
2023-07-15T06:00:00,0.0
2023-07-15T07:00:00,37.03
2023-07-15T08:00:00,122.15
2023-07-15T09:00:00,86.1
2023-07-15T10:00:00,33.92
2023-07-15T11:00:00,330.2
2023-07-15T12:00:00,166.27
2023-07-15T13:00:00,232.5
2023-07-15T14:00:00,140.2
2023-07-15T15:00:00,98.35
2023-07-15T16:00:00,122.15
2023-07-15T17:00:00,26.95
2023-07-15T18:00:00,0.0
2023-07-15T19:00:00,0.0
2023-07-15T20:00:00,0.0
2023-07-15T21:00:00,0.0
2023-07-15T22:00:00,0.0
2023-07-15T23:00:00,0.0
2023-07-16T00:00:00,0.0
2023-07-16T01:00:00,0.0
2023-07-16T02:00:00,0.0
2023-07-16T03:00:00,0.0
2023-07-16T04:00:00,0.0
2023-07-16T05:00:00,0.0
2023-07-16T06:00:00,0.0
2023-07-16T07:00:00,65.03
2023-07-16T08:00:00,237.43
2023-07-16T09:00:00,426.15
2023-07-16T10:00:00,536.28
2023-07-16T11:00:00,614.03
2023-07-16T12:00:00,694.28
2023-07-16T13:00:00,711.38
2023-07-16T14:00:00,536.03
2023-07-16T15:00:00,375.1
2023-07-16T16:00:00,219.12
2023-07-16T17:00:00,67.25
2023-07-16T18:00:00,0.0
2023-07-16T19:00:00,0.0
2023-07-16T20:00:00,0.0
2023-07-16T21:00:00,0.0
2023-07-16T22:00:00,0.0
2023-07-16T23:00:00,0.0
2023-07-17T00:00:00,0.0
2023-07-17T01:00:00,0.0
2023-07-17T02:00:00,0.0
2023-07-17T03:00:00,0.0
2023-07-17T04:00:00,0.0
2023-07-17T05:00:00,0.0
2023-07-17T06:00:00,0.0
2023-07-17T07:00:00,49.97
2023-07-17T08:00:00,179.52
2023-07-17T09:00:00,367.23
2023-07-17T10:00:00,442.6
2023-07-17T11:00:00,497.55
2023-07-17T12:00:00,538.12
2023-07-17T13:00:00,512.62
2023-07-17T14:00:00,398.6
2023-07-17T15:00:00,268.15
2023-07-17T16:00:00,153.55
2023-07-17T17:00:00,37.4
2023-07-17T18:00:00,0.0
2023-07-17T19:00:00,0.0
2023-07-17T20:00:00,0.0
2023-07-17T21:00:00,0.0
2023-07-17T22:00:00,0.0
2023-07-17T23:00:00,0.0
2023-07-18T00:00:00,0.0
2023-07-18T01:00:00,0.0
2023-07-18T02:00:00,0.0
2023-07-18T03:00:00,0.0
2023-07-18T04:00:00,0.0
2023-07-18T05:00:00,0.0
2023-07-18T06:00:00,0.0
2023-07-18T07:00:00,52.9
2023-07-18T08:00:00,161.88
2023-07-18T09:00:00,284.33
2023-07-18T10:00:00,443.6
2023-07-18T11:00:00,520.45
2023-07-18T12:00:00,617.2
2023-07-18T13:00:00,589.35
2023-07-18T14:00:00,485.45
2023-07-18T15:00:00,367.52
2023-07-18T16:00:00,206.8
2023-07-18T17:00:00,62.92
2023-07-18T18:00:00,0.0
2023-07-18T19:00:00,0.0
2023-07-18T20:00:00,0.0
2023-07-18T21:00:00,0.0
2023-07-18T22:00:00,0.0
2023-07-18T23:00:00,0.0
2023-07-19T00:00:00,0.0
2023-07-19T01:00:00,0.0
2023-07-19T02:00:00,0.0
2023-07-19T03:00:00,0.0
2023-07-19T04:00:00,0.0
2023-07-19T05:00:00,0.0
2023-07-19T06:00:00,0.0
2023-07-19T07:00:00,31.58
2023-07-19T08:00:00,95.65
2023-07-19T09:00:00,194.88
2023-07-19T10:00:00,341.77
2023-07-19T11:00:00,374.6
2023-07-19T12:00:00,382.85
2023-07-19T13:00:00,251.85
2023-07-19T14:00:00,285.0
2023-07-19T15:00:00,216.02
2023-07-19T16:00:00,120.72
2023-07-19T17:00:00,36.6
2023-07-19T18:00:00,0.0
2023-07-19T19:00:00,0.0
2023-07-19T20:00:00,0.0
2023-07-19T21:00:00,0.0
2023-07-19T22:00:00,0.0
2023-07-19T23:00:00,0.0
2023-07-20T00:00:00,0.0
2023-07-20T01:00:00,0.0
2023-07-20T02:00:00,0.0
2023-07-20T03:00:00,0.0
2023-07-20T04:00:00,0.0
2023-07-20T05:00:00,0.0
2023-07-20T06:00:00,0.0
2023-07-20T07:00:00,63.95
2023-07-20T08:00:00,225.35
2023-07-20T09:00:00,429.8
2023-07-20T10:00:00,603.5
2023-07-20T11:00:00,678.65
2023-07-20T12:00:00,654.05
2023-07-20T13:00:00,682.72
2023-07-20T14:00:00,575.2
2023-07-20T15:00:00,400.7
2023-07-20T16:00:00,251.62
2023-07-20T17:00:00,85.32
2023-07-20T18:00:00,0.0
2023-07-20T19:00:00,0.0
2023-07-20T20:00:00,0.0
2023-07-20T21:00:00,0.0
2023-07-20T22:00:00,0.0
2023-07-20T23:00:00,0.0
2023-07-21T00:00:00,0.0
2023-07-21T01:00:00,0.0
2023-07-21T02:00:00,0.0
2023-07-21T03:00:00,0.0
2023-07-21T04:00:00,0.0
2023-07-21T05:00:00,0.0
2023-07-21T06:00:00,0.0
2023-07-21T07:00:00,79.75
2023-07-21T08:00:00,248.18
2023-07-21T09:00:00,454.2
2023-07-21T10:00:00,601.42
2023-07-21T11:00:00,691.7
2023-07-21T12:00:00,740.2
2023-07-21T13:00:00,722.92
2023-07-21T14:00:00,566.22
2023-07-21T15:00:00,420.92
2023-07-21T16:00:00,245.43
2023-07-21T17:00:00,83.6
2023-07-21T18:00:00,0.0
2023-07-21T19:00:00,0.0
2023-07-21T20:00:00,0.0
2023-07-21T21:00:00,0.0
2023-07-21T22:00:00,0.0
2023-07-21T23:00:00,0.0
2023-07-22T00:00:00,0.0
2023-07-22T01:00:00,0.0
2023-07-22T02:00:00,0.0
2023-07-22T03:00:00,0.0
2023-07-22T04:00:00,0.0
2023-07-22T05:00:00,0.0
2023-07-22T06:00:00,0.0
2023-07-22T07:00:00,77.72
2023-07-22T08:00:00,259.48
2023-07-22T09:00:00,473.92
2023-07-22T10:00:00,625.92
2023-07-22T11:00:00,725.4
2023-07-22T12:00:00,747.0
2023-07-22T13:00:00,703.75
2023-07-22T14:00:00,627.3
2023-07-22T15:00:00,444.35
2023-07-22T16:00:00,254.4
2023-07-22T17:00:00,77.28
2023-07-22T18:00:00,0.0
2023-07-22T19:00:00,0.0
2023-07-22T20:00:00,0.0
2023-07-22T21:00:00,0.0
2023-07-22T22:00:00,0.0
2023-07-22T23:00:00,0.0
2023-07-23T00:00:00,0.0
2023-07-23T01:00:00,0.0
2023-07-23T02:00:00,0.0
2023-07-23T03:00:00,0.0
2023-07-23T04:00:00,0.0
2023-07-23T05:00:00,0.0
2023-07-23T06:00:00,0.0
2023-07-23T07:00:00,85.18
2023-07-23T08:00:00,291.1
2023-07-23T09:00:00,491.3
2023-07-23T10:00:00,656.67
2023-07-23T11:00:00,756.67
2023-07-23T12:00:00,797.12
2023-07-23T13:00:00,766.22
2023-07-23T14:00:00,670.2
2023-07-23T15:00:00,507.95
2023-07-23T16:00:00,315.75
2023-07-23T17:00:00,111.8
2023-07-23T18:00:00,0.0
2023-07-23T19:00:00,0.0
2023-07-23T20:00:00,0.0
2023-07-23T21:00:00,0.0
2023-07-23T22:00:00,0.0
2023-07-23T23:00:00,0.0
2023-07-24T00:00:00,0.0
2023-07-24T01:00:00,0.0
2023-07-24T02:00:00,0.0
2023-07-24T03:00:00,0.0
2023-07-24T04:00:00,0.0
2023-07-24T05:00:00,0.0
2023-07-24T06:00:00,0.0
2023-07-24T07:00:00,76.1
2023-07-24T08:00:00,242.0
2023-07-24T09:00:00,455.55
2023-07-24T10:00:00,635.03
2023-07-24T11:00:00,755.05
2023-07-24T12:00:00,791.08
2023-07-24T13:00:00,763.42
2023-07-24T14:00:00,668.0
2023-07-24T15:00:00,509.17
2023-07-24T16:00:00,317.92
2023-07-24T17:00:00,115.25
2023-07-24T18:00:00,0.0
2023-07-24T19:00:00,0.0
2023-07-24T20:00:00,0.0
2023-07-24T21:00:00,0.0
2023-07-24T22:00:00,0.0
2023-07-24T23:00:00,0.0
2023-07-25T00:00:00,0.0
2023-07-25T01:00:00,0.0
2023-07-25T02:00:00,0.0
2023-07-25T03:00:00,0.0
2023-07-25T04:00:00,0.0
2023-07-25T05:00:00,0.0
2023-07-25T06:00:00,0.0
2023-07-25T07:00:00,83.4
2023-07-25T08:00:00,253.57
2023-07-25T09:00:00,421.4
2023-07-25T10:00:00,614.62
2023-07-25T11:00:00,710.85
2023-07-25T12:00:00,731.4
2023-07-25T13:00:00,735.92
2023-07-25T14:00:00,630.97
2023-07-25T15:00:00,493.62
2023-07-25T16:00:00,298.73
2023-07-25T17:00:00,102.5
2023-07-25T18:00:00,0.0
2023-07-25T19:00:00,0.0
2023-07-25T20:00:00,0.0
2023-07-25T21:00:00,0.0
2023-07-25T22:00:00,0.0
2023-07-25T23:00:00,0.0
2023-07-26T00:00:00,0.0
2023-07-26T01:00:00,0.0
2023-07-26T02:00:00,0.0
2023-07-26T03:00:00,0.0
2023-07-26T04:00:00,0.0
2023-07-26T05:00:00,0.0
2023-07-26T06:00:00,0.0
2023-07-26T07:00:00,58.6
2023-07-26T08:00:00,183.25
2023-07-26T09:00:00,358.42
2023-07-26T10:00:00,485.85
2023-07-26T11:00:00,565.6
2023-07-26T12:00:00,581.62
2023-07-26T13:00:00,567.62
2023-07-26T14:00:00,461.98
2023-07-26T15:00:00,337.25
2023-07-26T16:00:00,194.05
2023-07-26T17:00:00,72.35
2023-07-26T18:00:00,0.0
2023-07-26T19:00:00,0.0
2023-07-26T20:00:00,0.0
2023-07-26T21:00:00,0.0
2023-07-26T22:00:00,0.0
2023-07-26T23:00:00,0.0
2023-07-27T00:00:00,0.0
2023-07-27T01:00:00,0.0
2023-07-27T02:00:00,0.0
2023-07-27T03:00:00,0.0
2023-07-27T04:00:00,0.0
2023-07-27T05:00:00,0.0
2023-07-27T06:00:00,0.0
2023-07-27T07:00:00,72.12
2023-07-27T08:00:00,252.12
2023-07-27T09:00:00,420.42
2023-07-27T10:00:00,535.0
2023-07-27T11:00:00,630.9
2023-07-27T12:00:00,707.6
2023-07-27T13:00:00,640.53
2023-07-27T14:00:00,617.22
2023-07-27T15:00:00,440.9
2023-07-27T16:00:00,258.9
2023-07-27T17:00:00,93.53
2023-07-27T18:00:00,0.0
2023-07-27T19:00:00,0.0
2023-07-27T20:00:00,0.0
2023-07-27T21:00:00,0.0
2023-07-27T22:00:00,0.0
2023-07-27T23:00:00,0.0
2023-07-28T00:00:00,0.0
2023-07-28T01:00:00,0.0
2023-07-28T02:00:00,0.0
2023-07-28T03:00:00,0.0
2023-07-28T04:00:00,0.0
2023-07-28T05:00:00,0.0
2023-07-28T06:00:00,0.0
2023-07-28T07:00:00,24.27
2023-07-28T08:00:00,74.72
2023-07-28T09:00:00,147.5
2023-07-28T10:00:00,183.02
2023-07-28T11:00:00,203.45
2023-07-28T12:00:00,259.4
2023-07-28T13:00:00,399.5
2023-07-28T14:00:00,270.45
2023-07-28T15:00:00,175.85
2023-07-28T16:00:00,105.03
2023-07-28T17:00:00,41.12
2023-07-28T18:00:00,0.0
2023-07-28T19:00:00,0.0
2023-07-28T20:00:00,0.0
2023-07-28T21:00:00,0.0
2023-07-28T22:00:00,0.0
2023-07-28T23:00:00,0.0
2023-07-29T00:00:00,0.0
2023-07-29T01:00:00,0.0
2023-07-29T02:00:00,0.0
2023-07-29T03:00:00,0.0
2023-07-29T04:00:00,0.0
2023-07-29T05:00:00,0.0
2023-07-29T06:00:00,0.0
2023-07-29T07:00:00,63.88
2023-07-29T08:00:00,171.7
2023-07-29T09:00:00,304.1
2023-07-29T10:00:00,385.35
2023-07-29T11:00:00,513.17
2023-07-29T12:00:00,573.95
2023-07-29T13:00:00,505.42
2023-07-29T14:00:00,459.17
2023-07-29T15:00:00,369.83
2023-07-29T16:00:00,210.73
2023-07-29T17:00:00,74.93
2023-07-29T18:00:00,0.0
2023-07-29T19:00:00,0.0
2023-07-29T20:00:00,0.0
2023-07-29T21:00:00,0.0
2023-07-29T22:00:00,0.0
2023-07-29T23:00:00,0.0
2023-07-30T00:00:00,0.0
2023-07-30T01:00:00,0.0
2023-07-30T02:00:00,0.0
2023-07-30T03:00:00,0.0
2023-07-30T04:00:00,0.0
2023-07-30T05:00:00,0.0
2023-07-30T06:00:00,0.0
2023-07-30T07:00:00,75.03
2023-07-30T08:00:00,251.1
2023-07-30T09:00:00,490.23
2023-07-30T10:00:00,639.9
2023-07-30T11:00:00,754.3
2023-07-30T12:00:00,784.65
2023-07-30T13:00:00,757.03
2023-07-30T14:00:00,654.03
2023-07-30T15:00:00,495.7
2023-07-30T16:00:00,306.45
2023-07-30T17:00:00,106.5
2023-07-30T18:00:00,0.0
2023-07-30T19:00:00,0.0
2023-07-30T20:00:00,0.0
2023-07-30T21:00:00,0.0
2023-07-30T22:00:00,0.0
2023-07-30T23:00:00,0.0
2023-07-31T00:00:00,0.0
2023-07-31T01:00:00,0.0
2023-07-31T02:00:00,0.0
2023-07-31T03:00:00,0.0
2023-07-31T04:00:00,0.0
2023-07-31T05:00:00,0.0
2023-07-31T06:00:00,0.0
2023-07-31T07:00:00,65.25
2023-07-31T08:00:00,205.77
2023-07-31T09:00:00,418.9
2023-07-31T10:00:00,519.42
2023-07-31T11:00:00,550.7
2023-07-31T12:00:00,593.35
2023-07-31T13:00:00,636.22
2023-07-31T14:00:00,537.1
2023-07-31T15:00:00,387.05
2023-07-31T16:00:00,213.82
2023-07-31T17:00:00,76.3
2023-07-31T18:00:00,0.0
2023-07-31T19:00:00,0.0
2023-07-31T20:00:00,0.0
2023-07-31T21:00:00,0.0
2023-07-31T22:00:00,0.0
2023-07-31T23:00:00,0.0
2023-08-01T00:00:00,0.0
2023-08-01T01:00:00,0.0
2023-08-01T02:00:00,0.0
2023-08-01T03:00:00,0.0
2023-08-01T04:00:00,0.0
2023-08-01T05:00:00,0.0
2023-08-01T06:00:00,0.0
2023-08-01T07:00:00,61.83
2023-08-01T08:00:00,184.27
2023-08-01T09:00:00,381.88
2023-08-01T10:00:00,554.85
2023-08-01T11:00:00,705.53
2023-08-01T12:00:00,695.58
2023-08-01T13:00:00,775.35
2023-08-01T14:00:00,601.85
2023-08-01T15:00:00,501.92
2023-08-01T16:00:00,281.5
2023-08-01T17:00:00,105.22
2023-08-01T18:00:00,0.0
2023-08-01T19:00:00,0.0
2023-08-01T20:00:00,0.0
2023-08-01T21:00:00,0.0
2023-08-01T22:00:00,0.0
2023-08-01T23:00:00,0.0
2023-08-02T00:00:00,0.0
2023-08-02T01:00:00,0.0
2023-08-02T02:00:00,0.0
2023-08-02T03:00:00,0.0
2023-08-02T04:00:00,0.0
2023-08-02T05:00:00,0.0
2023-08-02T06:00:00,0.0
2023-08-02T07:00:00,84.7
2023-08-02T08:00:00,251.18
2023-08-02T09:00:00,434.25
2023-08-02T10:00:00,579.75
2023-08-02T11:00:00,742.33
2023-08-02T12:00:00,772.97
2023-08-02T13:00:00,714.95
2023-08-02T14:00:00,557.88
2023-08-02T15:00:00,417.45
2023-08-02T16:00:00,242.1
2023-08-02T17:00:00,86.2
2023-08-02T18:00:00,0.0
2023-08-02T19:00:00,0.0
2023-08-02T20:00:00,0.0
2023-08-02T21:00:00,0.0
2023-08-02T22:00:00,0.0
2023-08-02T23:00:00,0.0
2023-08-03T00:00:00,0.0
2023-08-03T01:00:00,0.0
2023-08-03T02:00:00,0.0
2023-08-03T03:00:00,0.0
2023-08-03T04:00:00,0.0
2023-08-03T05:00:00,0.0
2023-08-03T06:00:00,0.0
2023-08-03T07:00:00,100.57
2023-08-03T08:00:00,305.7
2023-08-03T09:00:00,516.33
2023-08-03T10:00:00,688.15
2023-08-03T11:00:00,795.75
2023-08-03T12:00:00,829.17
2023-08-03T13:00:00,791.58
2023-08-03T14:00:00,647.72
2023-08-03T15:00:00,506.4
2023-08-03T16:00:00,276.05
2023-08-03T17:00:00,106.0
2023-08-03T18:00:00,0.0
2023-08-03T19:00:00,0.0
2023-08-03T20:00:00,0.0
2023-08-03T21:00:00,0.0
2023-08-03T22:00:00,0.0
2023-08-03T23:00:00,0.0
2023-08-04T00:00:00,0.0
2023-08-04T01:00:00,0.0
2023-08-04T02:00:00,0.0
2023-08-04T03:00:00,0.0
2023-08-04T04:00:00,0.0
2023-08-04T05:00:00,0.0
2023-08-04T06:00:00,0.0
2023-08-04T07:00:00,106.95
2023-08-04T08:00:00,317.4
2023-08-04T09:00:00,516.28
2023-08-04T10:00:00,681.92
2023-08-04T11:00:00,774.47
2023-08-04T12:00:00,806.55
2023-08-04T13:00:00,727.92
2023-08-04T14:00:00,615.1
2023-08-04T15:00:00,465.85
2023-08-04T16:00:00,236.0
2023-08-04T17:00:00,86.05
2023-08-04T18:00:00,0.0
2023-08-04T19:00:00,0.0
2023-08-04T20:00:00,0.0
2023-08-04T21:00:00,0.0
2023-08-04T22:00:00,0.0
2023-08-04T23:00:00,0.0
2023-08-05T00:00:00,0.0
2023-08-05T01:00:00,0.0
2023-08-05T02:00:00,0.0
2023-08-05T03:00:00,0.0
2023-08-05T04:00:00,0.0
2023-08-05T05:00:00,0.0
2023-08-05T06:00:00,0.0
2023-08-05T07:00:00,96.1
2023-08-05T08:00:00,262.12
2023-08-05T09:00:00,484.25
2023-08-05T10:00:00,654.6
2023-08-05T11:00:00,758.85
2023-08-05T12:00:00,808.72
2023-08-05T13:00:00,784.3
2023-08-05T14:00:00,680.28
2023-08-05T15:00:00,521.3
2023-08-05T16:00:00,307.35
2023-08-05T17:00:00,116.38
2023-08-05T18:00:00,0.0
2023-08-05T19:00:00,0.0
2023-08-05T20:00:00,0.0
2023-08-05T21:00:00,0.0
2023-08-05T22:00:00,0.0
2023-08-05T23:00:00,0.0
2023-08-06T00:00:00,0.0
2023-08-06T01:00:00,0.0
2023-08-06T02:00:00,0.0
2023-08-06T03:00:00,0.0
2023-08-06T04:00:00,0.0
2023-08-06T05:00:00,0.0
2023-08-06T06:00:00,0.0
2023-08-06T07:00:00,63.0
2023-08-06T08:00:00,186.48
2023-08-06T09:00:00,328.73
2023-08-06T10:00:00,425.9
2023-08-06T11:00:00,533.17
2023-08-06T12:00:00,659.83
2023-08-06T13:00:00,596.72
2023-08-06T14:00:00,618.28
2023-08-06T15:00:00,458.98
2023-08-06T16:00:00,291.88
2023-08-06T17:00:00,110.75
2023-08-06T18:00:00,0.0
2023-08-06T19:00:00,0.0
2023-08-06T20:00:00,0.0
2023-08-06T21:00:00,0.0
2023-08-06T22:00:00,0.0
2023-08-06T23:00:00,0.0
2023-08-07T00:00:00,0.0
2023-08-07T01:00:00,0.0
2023-08-07T02:00:00,0.0
2023-08-07T03:00:00,0.0
2023-08-07T04:00:00,0.0
2023-08-07T05:00:00,0.0
2023-08-07T06:00:00,0.0
2023-08-07T07:00:00,114.05
2023-08-07T08:00:00,328.23
2023-08-07T09:00:00,530.92
2023-08-07T10:00:00,689.1
2023-08-07T11:00:00,798.2
2023-08-07T12:00:00,836.85
2023-08-07T13:00:00,799.2
2023-08-07T14:00:00,691.72
2023-08-07T15:00:00,540.4
2023-08-07T16:00:00,340.98
2023-08-07T17:00:00,128.07
2023-08-07T18:00:00,0.0
2023-08-07T19:00:00,0.0
2023-08-07T20:00:00,0.0
2023-08-07T21:00:00,0.0
2023-08-07T22:00:00,0.0
2023-08-07T23:00:00,0.0
2023-08-08T00:00:00,0.0
2023-08-08T01:00:00,0.0
2023-08-08T02:00:00,0.0
2023-08-08T03:00:00,0.0
2023-08-08T04:00:00,0.0
2023-08-08T05:00:00,0.0
2023-08-08T06:00:00,0.0
2023-08-08T07:00:00,97.55
2023-08-08T08:00:00,288.77
2023-08-08T09:00:00,521.15
2023-08-08T10:00:00,681.67
2023-08-08T11:00:00,783.38
2023-08-08T12:00:00,823.28
2023-08-08T13:00:00,797.85
2023-08-08T14:00:00,699.9
2023-08-08T15:00:00,551.62
2023-08-08T16:00:00,348.75
2023-08-08T17:00:00,134.6
2023-08-08T18:00:00,0.0
2023-08-08T19:00:00,0.0
2023-08-08T20:00:00,0.0
2023-08-08T21:00:00,0.0
2023-08-08T22:00:00,0.0
2023-08-08T23:00:00,0.0
2023-08-09T00:00:00,0.0
2023-08-09T01:00:00,0.0
2023-08-09T02:00:00,0.0
2023-08-09T03:00:00,0.0
2023-08-09T04:00:00,0.0
2023-08-09T05:00:00,0.0
2023-08-09T06:00:00,0.0
2023-08-09T07:00:00,119.2
2023-08-09T08:00:00,333.65
2023-08-09T09:00:00,537.72
2023-08-09T10:00:00,697.53
2023-08-09T11:00:00,796.65
2023-08-09T12:00:00,829.42
2023-08-09T13:00:00,770.8
2023-08-09T14:00:00,647.62
2023-08-09T15:00:00,501.85
2023-08-09T16:00:00,307.42
2023-08-09T17:00:00,110.25
2023-08-09T18:00:00,0.0
2023-08-09T19:00:00,0.0
2023-08-09T20:00:00,0.0
2023-08-09T21:00:00,0.0
2023-08-09T22:00:00,0.0
2023-08-09T23:00:00,0.0
2023-08-10T00:00:00,0.0
2023-08-10T01:00:00,0.0
2023-08-10T02:00:00,0.0
2023-08-10T03:00:00,0.0
2023-08-10T04:00:00,0.0
2023-08-10T05:00:00,0.0
2023-08-10T06:00:00,0.0
2023-08-10T07:00:00,62.45
2023-08-10T08:00:00,187.52
2023-08-10T09:00:00,363.23
2023-08-10T10:00:00,502.77
2023-08-10T11:00:00,629.38
2023-08-10T12:00:00,734.4
2023-08-10T13:00:00,745.67
2023-08-10T14:00:00,690.42
2023-08-10T15:00:00,478.58
2023-08-10T16:00:00,298.48
2023-08-10T17:00:00,107.43
2023-08-10T18:00:00,0.0
2023-08-10T19:00:00,0.0
2023-08-10T20:00:00,0.0
2023-08-10T21:00:00,0.0
2023-08-10T22:00:00,0.0
2023-08-10T23:00:00,0.0
2023-08-11T00:00:00,0.0
2023-08-11T01:00:00,0.0
2023-08-11T02:00:00,0.0
2023-08-11T03:00:00,0.0
2023-08-11T04:00:00,0.0
2023-08-11T05:00:00,0.0
2023-08-11T06:00:00,0.0
2023-08-11T07:00:00,48.97
2023-08-11T08:00:00,157.62
2023-08-11T09:00:00,309.17
2023-08-11T10:00:00,419.98
2023-08-11T11:00:00,543.03
2023-08-11T12:00:00,610.88
2023-08-11T13:00:00,463.4
2023-08-11T14:00:00,491.88
2023-08-11T15:00:00,411.62
2023-08-11T16:00:00,249.93
2023-08-11T17:00:00,100.95
2023-08-11T18:00:00,0.0
2023-08-11T19:00:00,0.0
2023-08-11T20:00:00,0.0
2023-08-11T21:00:00,0.0
2023-08-11T22:00:00,0.0
2023-08-11T23:00:00,0.0
2023-08-12T00:00:00,0.0
2023-08-12T01:00:00,0.0
2023-08-12T02:00:00,0.0
2023-08-12T03:00:00,0.0
2023-08-12T04:00:00,0.0
2023-08-12T05:00:00,0.0
2023-08-12T06:00:00,0.0
2023-08-12T07:00:00,120.75
2023-08-12T08:00:00,334.02
2023-08-12T09:00:00,536.1
2023-08-12T10:00:00,698.38
2023-08-12T11:00:00,791.12
2023-08-12T12:00:00,819.22
2023-08-12T13:00:00,793.3
2023-08-12T14:00:00,707.97
2023-08-12T15:00:00,521.12
2023-08-12T16:00:00,328.8
2023-08-12T17:00:00,128.98
2023-08-12T18:00:00,0.0
2023-08-12T19:00:00,0.0
2023-08-12T20:00:00,0.0
2023-08-12T21:00:00,0.0
2023-08-12T22:00:00,0.0
2023-08-12T23:00:00,0.0
2023-08-13T00:00:00,0.0
2023-08-13T01:00:00,0.0
2023-08-13T02:00:00,0.0
2023-08-13T03:00:00,0.0
2023-08-13T04:00:00,0.0
2023-08-13T05:00:00,0.0
2023-08-13T06:00:00,0.0
2023-08-13T07:00:00,112.15
2023-08-13T08:00:00,297.12
2023-08-13T09:00:00,478.23
2023-08-13T10:00:00,659.8
2023-08-13T11:00:00,769.3
2023-08-13T12:00:00,831.8
2023-08-13T13:00:00,751.6
2023-08-13T14:00:00,578.38
2023-08-13T15:00:00,428.02
2023-08-13T16:00:00,269.52
2023-08-13T17:00:00,106.03
2023-08-13T18:00:00,0.0
2023-08-13T19:00:00,0.0
2023-08-13T20:00:00,0.0
2023-08-13T21:00:00,0.0
2023-08-13T22:00:00,0.0
2023-08-13T23:00:00,0.0
2023-08-14T00:00:00,0.0
2023-08-14T01:00:00,0.0
2023-08-14T02:00:00,0.0
2023-08-14T03:00:00,0.0
2023-08-14T04:00:00,0.0
2023-08-14T05:00:00,0.0
2023-08-14T06:00:00,0.0
2023-08-14T07:00:00,107.82
2023-08-14T08:00:00,301.48
2023-08-14T09:00:00,535.97
2023-08-14T10:00:00,713.45
2023-08-14T11:00:00,815.9
2023-08-14T12:00:00,850.65
2023-08-14T13:00:00,820.35
2023-08-14T14:00:00,710.22
2023-08-14T15:00:00,524.65
2023-08-14T16:00:00,330.83
2023-08-14T17:00:00,130.73
2023-08-14T18:00:00,0.0
2023-08-14T19:00:00,0.0
2023-08-14T20:00:00,0.0
2023-08-14T21:00:00,0.0
2023-08-14T22:00:00,0.0
2023-08-14T23:00:00,0.0
2023-08-15T00:00:00,0.0
2023-08-15T01:00:00,0.0
2023-08-15T02:00:00,0.0
2023-08-15T03:00:00,0.0
2023-08-15T04:00:00,0.0
2023-08-15T05:00:00,0.0
2023-08-15T06:00:00,0.0
2023-08-15T07:00:00,121.12
2023-08-15T08:00:00,329.88
2023-08-15T09:00:00,553.67
2023-08-15T10:00:00,734.22
2023-08-15T11:00:00,842.62
2023-08-15T12:00:00,875.95
2023-08-15T13:00:00,825.17
2023-08-15T14:00:00,714.5
2023-08-15T15:00:00,545.4
2023-08-15T16:00:00,344.38
2023-08-15T17:00:00,136.35
2023-08-15T18:00:00,0.0
2023-08-15T19:00:00,0.0
2023-08-15T20:00:00,0.0
2023-08-15T21:00:00,0.0
2023-08-15T22:00:00,0.0
2023-08-15T23:00:00,0.0
2023-08-16T00:00:00,0.0
2023-08-16T01:00:00,0.0
2023-08-16T02:00:00,0.0
2023-08-16T03:00:00,0.0
2023-08-16T04:00:00,0.0
2023-08-16T05:00:00,0.0
2023-08-16T06:00:00,0.0
2023-08-16T07:00:00,126.07
2023-08-16T08:00:00,341.88
2023-08-16T09:00:00,549.35
2023-08-16T10:00:00,718.7
2023-08-16T11:00:00,807.25
2023-08-16T12:00:00,843.78
2023-08-16T13:00:00,821.7
2023-08-16T14:00:00,729.55
2023-08-16T15:00:00,572.9
2023-08-16T16:00:00,363.38
2023-08-16T17:00:00,143.75
2023-08-16T18:00:00,0.0
2023-08-16T19:00:00,0.0
2023-08-16T20:00:00,0.0
2023-08-16T21:00:00,0.0
2023-08-16T22:00:00,0.0
2023-08-16T23:00:00,0.0
2023-08-17T00:00:00,0.0
2023-08-17T01:00:00,0.0
2023-08-17T02:00:00,0.0
2023-08-17T03:00:00,0.0
2023-08-17T04:00:00,0.0
2023-08-17T05:00:00,0.0
2023-08-17T06:00:00,0.0
2023-08-17T07:00:00,135.45
2023-08-17T08:00:00,354.1
2023-08-17T09:00:00,562.88
2023-08-17T10:00:00,722.67
2023-08-17T11:00:00,758.92
2023-08-17T12:00:00,776.83
2023-08-17T13:00:00,812.08
2023-08-17T14:00:00,604.42
2023-08-17T15:00:00,515.17
2023-08-17T16:00:00,320.15
2023-08-17T17:00:00,114.72
2023-08-17T18:00:00,3.38
2023-08-17T19:00:00,0.0
2023-08-17T20:00:00,0.0
2023-08-17T21:00:00,0.0
2023-08-17T22:00:00,0.0
2023-08-17T23:00:00,0.0
2023-08-18T00:00:00,0.0
2023-08-18T01:00:00,0.0
2023-08-18T02:00:00,0.0
2023-08-18T03:00:00,0.0
2023-08-18T04:00:00,0.0
2023-08-18T05:00:00,0.0
2023-08-18T06:00:00,3.42
2023-08-18T07:00:00,108.75
2023-08-18T08:00:00,294.98
2023-08-18T09:00:00,506.35
2023-08-18T10:00:00,661.9
2023-08-18T11:00:00,764.17
2023-08-18T12:00:00,789.17
2023-08-18T13:00:00,784.3
2023-08-18T14:00:00,694.58
2023-08-18T15:00:00,518.42
2023-08-18T16:00:00,322.5
2023-08-18T17:00:00,113.85
2023-08-18T18:00:00,3.08
2023-08-18T19:00:00,0.0
2023-08-18T20:00:00,0.0
2023-08-18T21:00:00,0.0
2023-08-18T22:00:00,0.0
2023-08-18T23:00:00,0.0
2023-08-19T00:00:00,0.0
2023-08-19T01:00:00,0.0
2023-08-19T02:00:00,0.0
2023-08-19T03:00:00,0.0
2023-08-19T04:00:00,0.0
2023-08-19T05:00:00,0.0
2023-08-19T06:00:00,3.35
2023-08-19T07:00:00,115.88
2023-08-19T08:00:00,340.75
2023-08-19T09:00:00,552.22
2023-08-19T10:00:00,729.17
2023-08-19T11:00:00,841.8
2023-08-19T12:00:00,881.22
2023-08-19T13:00:00,852.65
2023-08-19T14:00:00,746.58
2023-08-19T15:00:00,582.25
2023-08-19T16:00:00,370.15
2023-08-19T17:00:00,137.35
2023-08-19T18:00:00,3.78
2023-08-19T19:00:00,0.0
2023-08-19T20:00:00,0.0
2023-08-19T21:00:00,0.0
2023-08-19T22:00:00,0.0
2023-08-19T23:00:00,0.0
2023-08-20T00:00:00,0.0
2023-08-20T01:00:00,0.0
2023-08-20T02:00:00,0.0
2023-08-20T03:00:00,0.0
2023-08-20T04:00:00,0.0
2023-08-20T05:00:00,0.0
2023-08-20T06:00:00,4.28
2023-08-20T07:00:00,128.6
2023-08-20T08:00:00,340.38
2023-08-20T09:00:00,548.28
2023-08-20T10:00:00,705.95
2023-08-20T11:00:00,834.53
2023-08-20T12:00:00,884.85
2023-08-20T13:00:00,854.2
2023-08-20T14:00:00,736.4
2023-08-20T15:00:00,560.17
2023-08-20T16:00:00,347.42
2023-08-20T17:00:00,130.1
2023-08-20T18:00:00,3.85
2023-08-20T19:00:00,0.0
2023-08-20T20:00:00,0.0
2023-08-20T21:00:00,0.0
2023-08-20T22:00:00,0.0
2023-08-20T23:00:00,0.0
2023-08-21T00:00:00,0.0
2023-08-21T01:00:00,0.0
2023-08-21T02:00:00,0.0
2023-08-21T03:00:00,0.0
2023-08-21T04:00:00,0.0
2023-08-21T05:00:00,0.0
2023-08-21T06:00:00,4.47
2023-08-21T07:00:00,133.32
2023-08-21T08:00:00,350.02
2023-08-21T09:00:00,548.4
2023-08-21T10:00:00,705.58
2023-08-21T11:00:00,820.62
2023-08-21T12:00:00,883.03
2023-08-21T13:00:00,850.8
2023-08-21T14:00:00,748.72
2023-08-21T15:00:00,569.28
2023-08-21T16:00:00,360.7
2023-08-21T17:00:00,131.95
2023-08-21T18:00:00,3.72
2023-08-21T19:00:00,0.0
2023-08-21T20:00:00,0.0
2023-08-21T21:00:00,0.0
2023-08-21T22:00:00,0.0
2023-08-21T23:00:00,0.0
2023-08-22T00:00:00,0.0
2023-08-22T01:00:00,0.0
2023-08-22T02:00:00,0.0
2023-08-22T03:00:00,0.0
2023-08-22T04:00:00,0.0
2023-08-22T05:00:00,0.0
2023-08-22T06:00:00,4.47
2023-08-22T07:00:00,137.35
2023-08-22T08:00:00,371.48
2023-08-22T09:00:00,592.75
2023-08-22T10:00:00,768.92
2023-08-22T11:00:00,873.65
2023-08-22T12:00:00,909.0
2023-08-22T13:00:00,870.7
2023-08-22T14:00:00,763.62
2023-08-22T15:00:00,581.78
2023-08-22T16:00:00,375.58
2023-08-22T17:00:00,137.0
2023-08-22T18:00:00,3.78
2023-08-22T19:00:00,0.0
2023-08-22T20:00:00,0.0
2023-08-22T21:00:00,0.0
2023-08-22T22:00:00,0.0
2023-08-22T23:00:00,0.0
2023-08-23T00:00:00,0.0
2023-08-23T01:00:00,0.0
2023-08-23T02:00:00,0.0
2023-08-23T03:00:00,0.0
2023-08-23T04:00:00,0.0
2023-08-23T05:00:00,0.0
2023-08-23T06:00:00,5.1
2023-08-23T07:00:00,138.88
2023-08-23T08:00:00,366.45
2023-08-23T09:00:00,572.2
2023-08-23T10:00:00,734.3
2023-08-23T11:00:00,846.7
2023-08-23T12:00:00,880.17
2023-08-23T13:00:00,852.05
2023-08-23T14:00:00,696.3
2023-08-23T15:00:00,565.28
2023-08-23T16:00:00,356.38
2023-08-23T17:00:00,128.05
2023-08-23T18:00:00,3.85
2023-08-23T19:00:00,0.0
2023-08-23T20:00:00,0.0
2023-08-23T21:00:00,0.0
2023-08-23T22:00:00,0.0
2023-08-23T23:00:00,0.0
2023-08-24T00:00:00,0.0
2023-08-24T01:00:00,0.0
2023-08-24T02:00:00,0.0
2023-08-24T03:00:00,0.0
2023-08-24T04:00:00,0.0
2023-08-24T05:00:00,0.0
2023-08-24T06:00:00,4.18
2023-08-24T07:00:00,103.18
2023-08-24T08:00:00,276.1
2023-08-24T09:00:00,523.72
2023-08-24T10:00:00,704.0
2023-08-24T11:00:00,786.25
2023-08-24T12:00:00,821.7
2023-08-24T13:00:00,796.17
2023-08-24T14:00:00,580.03
2023-08-24T15:00:00,465.7
2023-08-24T16:00:00,251.05
2023-08-24T17:00:00,91.05
2023-08-24T18:00:00,3.08
2023-08-24T19:00:00,0.0
2023-08-24T20:00:00,0.0
2023-08-24T21:00:00,0.0
2023-08-24T22:00:00,0.0
2023-08-24T23:00:00,0.0
2023-08-25T00:00:00,0.0
2023-08-25T01:00:00,0.0
2023-08-25T02:00:00,0.0
2023-08-25T03:00:00,0.0
2023-08-25T04:00:00,0.0
2023-08-25T05:00:00,0.0
2023-08-25T06:00:00,4.4
2023-08-25T07:00:00,93.93
2023-08-25T08:00:00,273.17
2023-08-25T09:00:00,449.23
2023-08-25T10:00:00,539.22
2023-08-25T11:00:00,557.53
2023-08-25T12:00:00,642.83
2023-08-25T13:00:00,494.38
2023-08-25T14:00:00,401.73
2023-08-25T15:00:00,300.98
2023-08-25T16:00:00,187.2
2023-08-25T17:00:00,75.53
2023-08-25T18:00:00,1.85
2023-08-25T19:00:00,0.0
2023-08-25T20:00:00,0.0
2023-08-25T21:00:00,0.0
2023-08-25T22:00:00,0.0
2023-08-25T23:00:00,0.0
2023-08-26T00:00:00,0.0
2023-08-26T01:00:00,0.0
2023-08-26T02:00:00,0.0
2023-08-26T03:00:00,0.0
2023-08-26T04:00:00,0.0
2023-08-26T05:00:00,0.0
2023-08-26T06:00:00,4.82
2023-08-26T07:00:00,113.68
2023-08-26T08:00:00,322.7
2023-08-26T09:00:00,516.42
2023-08-26T10:00:00,679.75
2023-08-26T11:00:00,779.12
2023-08-26T12:00:00,760.05
2023-08-26T13:00:00,686.28
2023-08-26T14:00:00,530.58
2023-08-26T15:00:00,377.52
2023-08-26T16:00:00,219.15
2023-08-26T17:00:00,85.82
2023-08-26T18:00:00,3.12
2023-08-26T19:00:00,0.0
2023-08-26T20:00:00,0.0
2023-08-26T21:00:00,0.0
2023-08-26T22:00:00,0.0
2023-08-26T23:00:00,0.0
2023-08-27T00:00:00,0.0
2023-08-27T01:00:00,0.0
2023-08-27T02:00:00,0.0
2023-08-27T03:00:00,0.0
2023-08-27T04:00:00,0.0
2023-08-27T05:00:00,0.0
2023-08-27T06:00:00,4.22
2023-08-27T07:00:00,67.12
2023-08-27T08:00:00,200.62
2023-08-27T09:00:00,352.0
2023-08-27T10:00:00,537.95
2023-08-27T11:00:00,540.17
2023-08-27T12:00:00,556.47
2023-08-27T13:00:00,513.15
2023-08-27T14:00:00,401.33
2023-08-27T15:00:00,301.25
2023-08-27T16:00:00,183.25
2023-08-27T17:00:00,67.72
2023-08-27T18:00:00,2.7
2023-08-27T19:00:00,0.0
2023-08-27T20:00:00,0.0
2023-08-27T21:00:00,0.0
2023-08-27T22:00:00,0.0
2023-08-27T23:00:00,0.0
2023-08-28T00:00:00,0.0
2023-08-28T01:00:00,0.0
2023-08-28T02:00:00,0.0
2023-08-28T03:00:00,0.0
2023-08-28T04:00:00,0.0
2023-08-28T05:00:00,0.0
2023-08-28T06:00:00,4.93
2023-08-28T07:00:00,77.43
2023-08-28T08:00:00,194.65
2023-08-28T09:00:00,346.23
2023-08-28T10:00:00,575.03
2023-08-28T11:00:00,688.25
2023-08-28T12:00:00,728.3
2023-08-28T13:00:00,552.67
2023-08-28T14:00:00,490.33
2023-08-28T15:00:00,423.77
2023-08-28T16:00:00,237.75
2023-08-28T17:00:00,79.45
2023-08-28T18:00:00,2.55
2023-08-28T19:00:00,0.0
2023-08-28T20:00:00,0.0
2023-08-28T21:00:00,0.0
2023-08-28T22:00:00,0.0
2023-08-28T23:00:00,0.0
2023-08-29T00:00:00,0.0
2023-08-29T01:00:00,0.0
2023-08-29T02:00:00,0.0
2023-08-29T03:00:00,0.0
2023-08-29T04:00:00,0.0
2023-08-29T05:00:00,0.0
2023-08-29T06:00:00,5.88
2023-08-29T07:00:00,102.55
2023-08-29T08:00:00,290.33
2023-08-29T09:00:00,476.85
2023-08-29T10:00:00,596.95
2023-08-29T11:00:00,675.45
2023-08-29T12:00:00,684.33
2023-08-29T13:00:00,671.17
2023-08-29T14:00:00,598.0
2023-08-29T15:00:00,460.38
2023-08-29T16:00:00,248.8
2023-08-29T17:00:00,87.78
2023-08-29T18:00:00,2.95
2023-08-29T19:00:00,0.0
2023-08-29T20:00:00,0.0
2023-08-29T21:00:00,0.0
2023-08-29T22:00:00,0.0
2023-08-29T23:00:00,0.0
2023-08-30T00:00:00,0.0
2023-08-30T01:00:00,0.0
2023-08-30T02:00:00,0.0
2023-08-30T03:00:00,0.0
2023-08-30T04:00:00,0.0
2023-08-30T05:00:00,0.0
2023-08-30T06:00:00,7.68
2023-08-30T07:00:00,139.02
2023-08-30T08:00:00,345.33
2023-08-30T09:00:00,542.45
2023-08-30T10:00:00,748.55
2023-08-30T11:00:00,842.42
2023-08-30T12:00:00,855.17
2023-08-30T13:00:00,825.62
2023-08-30T14:00:00,709.2
2023-08-30T15:00:00,354.7
2023-08-30T16:00:00,219.15
2023-08-30T17:00:00,83.25
2023-08-30T18:00:00,2.83
2023-08-30T19:00:00,0.0
2023-08-30T20:00:00,0.0
2023-08-30T21:00:00,0.0
2023-08-30T22:00:00,0.0
2023-08-30T23:00:00,0.0
2023-08-31T00:00:00,0.0
2023-08-31T01:00:00,0.0
2023-08-31T02:00:00,0.0
2023-08-31T03:00:00,0.0
2023-08-31T04:00:00,0.0
2023-08-31T05:00:00,0.0
2023-08-31T06:00:00,6.07
2023-08-31T07:00:00,129.27
2023-08-31T08:00:00,354.5
2023-08-31T09:00:00,559.72
2023-08-31T10:00:00,695.55
2023-08-31T11:00:00,755.25
2023-08-31T12:00:00,753.97
2023-08-31T13:00:00,675.62
2023-08-31T14:00:00,641.3
2023-08-31T15:00:00,490.77
2023-08-31T16:00:00,294.2
2023-08-31T17:00:00,98.78
2023-08-31T18:00:00,3.53
2023-08-31T19:00:00,0.0
2023-08-31T20:00:00,0.0
2023-08-31T21:00:00,0.0
2023-08-31T22:00:00,0.0
2023-08-31T23:00:00,0.0
2023-09-01T00:00:00,0.0
2023-09-01T01:00:00,0.0
2023-09-01T02:00:00,0.0
2023-09-01T03:00:00,0.0
2023-09-01T04:00:00,0.0
2023-09-01T05:00:00,0.0
2023-09-01T06:00:00,8.45
2023-09-01T07:00:00,130.57
2023-09-01T08:00:00,311.95
2023-09-01T09:00:00,492.02
2023-09-01T10:00:00,605.35
2023-09-01T11:00:00,685.05
2023-09-01T12:00:00,771.2
2023-09-01T13:00:00,713.22
2023-09-01T14:00:00,629.6
2023-09-01T15:00:00,495.5
2023-09-01T16:00:00,303.17
2023-09-01T17:00:00,113.22
2023-09-01T18:00:00,3.97
2023-09-01T19:00:00,0.0
2023-09-01T20:00:00,0.0
2023-09-01T21:00:00,0.0
2023-09-01T22:00:00,0.0
2023-09-01T23:00:00,0.0
2023-09-02T00:00:00,0.0
2023-09-02T01:00:00,0.0
2023-09-02T02:00:00,0.0
2023-09-02T03:00:00,0.0
2023-09-02T04:00:00,0.0
2023-09-02T05:00:00,0.0
2023-09-02T06:00:00,8.6
2023-09-02T07:00:00,149.57
2023-09-02T08:00:00,364.23
2023-09-02T09:00:00,566.15
2023-09-02T10:00:00,753.33
2023-09-02T11:00:00,869.42
2023-09-02T12:00:00,885.92
2023-09-02T13:00:00,839.33
2023-09-02T14:00:00,625.1
2023-09-02T15:00:00,487.7
2023-09-02T16:00:00,302.35
2023-09-02T17:00:00,118.65
2023-09-02T18:00:00,4.03
2023-09-02T19:00:00,0.0
2023-09-02T20:00:00,0.0
2023-09-02T21:00:00,0.0
2023-09-02T22:00:00,0.0
2023-09-02T23:00:00,0.0
2023-09-03T00:00:00,0.0
2023-09-03T01:00:00,0.0
2023-09-03T02:00:00,0.0
2023-09-03T03:00:00,0.0
2023-09-03T04:00:00,0.0
2023-09-03T05:00:00,0.0
2023-09-03T06:00:00,7.0
2023-09-03T07:00:00,101.82
2023-09-03T08:00:00,236.35
2023-09-03T09:00:00,492.8
2023-09-03T10:00:00,538.78
2023-09-03T11:00:00,670.6
2023-09-03T12:00:00,730.3
2023-09-03T13:00:00,702.15
2023-09-03T14:00:00,579.92
2023-09-03T15:00:00,434.52
2023-09-03T16:00:00,266.52
2023-09-03T17:00:00,85.53
2023-09-03T18:00:00,3.47
2023-09-03T19:00:00,0.0
2023-09-03T20:00:00,0.0
2023-09-03T21:00:00,0.0
2023-09-03T22:00:00,0.0
2023-09-03T23:00:00,0.0
2023-09-04T00:00:00,0.0
2023-09-04T01:00:00,0.0
2023-09-04T02:00:00,0.0
2023-09-04T03:00:00,0.0
2023-09-04T04:00:00,0.0
2023-09-04T05:00:00,0.0
2023-09-04T06:00:00,7.85
2023-09-04T07:00:00,123.22
2023-09-04T08:00:00,313.52
2023-09-04T09:00:00,501.77
2023-09-04T10:00:00,667.9
2023-09-04T11:00:00,774.75
2023-09-04T12:00:00,819.72
2023-09-04T13:00:00,779.88
2023-09-04T14:00:00,710.72
2023-09-04T15:00:00,516.7
2023-09-04T16:00:00,320.4
2023-09-04T17:00:00,115.45
2023-09-04T18:00:00,4.03
2023-09-04T19:00:00,0.0
2023-09-04T20:00:00,0.0
2023-09-04T21:00:00,0.0
2023-09-04T22:00:00,0.0
2023-09-04T23:00:00,0.0
2023-09-05T00:00:00,0.0
2023-09-05T01:00:00,0.0
2023-09-05T02:00:00,0.0
2023-09-05T03:00:00,0.0
2023-09-05T04:00:00,0.0
2023-09-05T05:00:00,0.0
2023-09-05T06:00:00,11.48
2023-09-05T07:00:00,181.0
2023-09-05T08:00:00,416.6
2023-09-05T09:00:00,628.28
2023-09-05T10:00:00,787.55
2023-09-05T11:00:00,897.28
2023-09-05T12:00:00,929.78
2023-09-05T13:00:00,882.72
2023-09-05T14:00:00,773.67
2023-09-05T15:00:00,586.78
2023-09-05T16:00:00,372.1
2023-09-05T17:00:00,137.98
2023-09-05T18:00:00,4.15
2023-09-05T19:00:00,0.0
2023-09-05T20:00:00,0.0
2023-09-05T21:00:00,0.0
2023-09-05T22:00:00,0.0
2023-09-05T23:00:00,0.0
2023-09-06T00:00:00,0.0
2023-09-06T01:00:00,0.0
2023-09-06T02:00:00,0.0
2023-09-06T03:00:00,0.0
2023-09-06T04:00:00,0.0
2023-09-06T05:00:00,0.0
2023-09-06T06:00:00,11.1
2023-09-06T07:00:00,175.73
2023-09-06T08:00:00,418.3
2023-09-06T09:00:00,645.4
2023-09-06T10:00:00,796.83
2023-09-06T11:00:00,851.4
2023-09-06T12:00:00,855.83
2023-09-06T13:00:00,775.7
2023-09-06T14:00:00,573.4
2023-09-06T15:00:00,341.08
2023-09-06T16:00:00,195.6
2023-09-06T17:00:00,75.5
2023-09-06T18:00:00,3.08
2023-09-06T19:00:00,0.0
2023-09-06T20:00:00,0.0
2023-09-06T21:00:00,0.0
2023-09-06T22:00:00,0.0
2023-09-06T23:00:00,0.0
2023-09-07T00:00:00,0.0
2023-09-07T01:00:00,0.0
2023-09-07T02:00:00,0.0
2023-09-07T03:00:00,0.0
2023-09-07T04:00:00,0.0
2023-09-07T05:00:00,0.0
2023-09-07T06:00:00,10.23
2023-09-07T07:00:00,133.38
2023-09-07T08:00:00,334.6
2023-09-07T09:00:00,541.45
2023-09-07T10:00:00,739.2
2023-09-07T11:00:00,840.1
2023-09-07T12:00:00,880.85
2023-09-07T13:00:00,823.72
2023-09-07T14:00:00,686.65
2023-09-07T15:00:00,474.83
2023-09-07T16:00:00,246.48
2023-09-07T17:00:00,89.32
2023-09-07T18:00:00,2.97
2023-09-07T19:00:00,0.0
2023-09-07T20:00:00,0.0
2023-09-07T21:00:00,0.0
2023-09-07T22:00:00,0.0
2023-09-07T23:00:00,0.0
2023-09-08T00:00:00,0.0
2023-09-08T01:00:00,0.0
2023-09-08T02:00:00,0.0
2023-09-08T03:00:00,0.0
2023-09-08T04:00:00,0.0
2023-09-08T05:00:00,0.0
2023-09-08T06:00:00,9.02
2023-09-08T07:00:00,122.88
2023-09-08T08:00:00,324.3
2023-09-08T09:00:00,495.23
2023-09-08T10:00:00,681.38
2023-09-08T11:00:00,750.35
2023-09-08T12:00:00,884.67
2023-09-08T13:00:00,801.47
2023-09-08T14:00:00,680.08
2023-09-08T15:00:00,549.12
2023-09-08T16:00:00,313.8
2023-09-08T17:00:00,115.6
2023-09-08T18:00:00,3.7
2023-09-08T19:00:00,0.0
2023-09-08T20:00:00,0.0
2023-09-08T21:00:00,0.0
2023-09-08T22:00:00,0.0
2023-09-08T23:00:00,0.0
2023-09-09T00:00:00,0.0
2023-09-09T01:00:00,0.0
2023-09-09T02:00:00,0.0
2023-09-09T03:00:00,0.0
2023-09-09T04:00:00,0.0
2023-09-09T05:00:00,0.0
2023-09-09T06:00:00,10.8
2023-09-09T07:00:00,131.48
2023-09-09T08:00:00,317.52
2023-09-09T09:00:00,516.67
2023-09-09T10:00:00,719.03
2023-09-09T11:00:00,892.95
2023-09-09T12:00:00,912.0
2023-09-09T13:00:00,860.08
2023-09-09T14:00:00,697.47
2023-09-09T15:00:00,572.55
2023-09-09T16:00:00,348.73
2023-09-09T17:00:00,127.65
2023-09-09T18:00:00,3.7
2023-09-09T19:00:00,0.0
2023-09-09T20:00:00,0.0
2023-09-09T21:00:00,0.0
2023-09-09T22:00:00,0.0
2023-09-09T23:00:00,0.0
2023-09-10T00:00:00,0.0
2023-09-10T01:00:00,0.0
2023-09-10T02:00:00,0.0
2023-09-10T03:00:00,0.0
2023-09-10T04:00:00,0.0
2023-09-10T05:00:00,0.0
2023-09-10T06:00:00,14.57
2023-09-10T07:00:00,189.43
2023-09-10T08:00:00,420.42
2023-09-10T09:00:00,623.53
2023-09-10T10:00:00,801.58
2023-09-10T11:00:00,908.6
2023-09-10T12:00:00,941.15
2023-09-10T13:00:00,881.8
2023-09-10T14:00:00,769.55
2023-09-10T15:00:00,582.0
2023-09-10T16:00:00,358.5
2023-09-10T17:00:00,128.52
2023-09-10T18:00:00,3.95
2023-09-10T19:00:00,0.0
2023-09-10T20:00:00,0.0
2023-09-10T21:00:00,0.0
2023-09-10T22:00:00,0.0
2023-09-10T23:00:00,0.0
2023-09-11T00:00:00,0.0
2023-09-11T01:00:00,0.0
2023-09-11T02:00:00,0.0
2023-09-11T03:00:00,0.0
2023-09-11T04:00:00,0.0
2023-09-11T05:00:00,0.0
2023-09-11T06:00:00,15.02
2023-09-11T07:00:00,187.02
2023-09-11T08:00:00,419.25
2023-09-11T09:00:00,620.5
2023-09-11T10:00:00,775.47
2023-09-11T11:00:00,874.75
2023-09-11T12:00:00,935.5
2023-09-11T13:00:00,874.22
2023-09-11T14:00:00,772.83
2023-09-11T15:00:00,580.62
2023-09-11T16:00:00,341.23
2023-09-11T17:00:00,122.43
2023-09-11T18:00:00,3.83
2023-09-11T19:00:00,0.0
2023-09-11T20:00:00,0.0
2023-09-11T21:00:00,0.0
2023-09-11T22:00:00,0.0
2023-09-11T23:00:00,0.0
2023-09-12T00:00:00,0.0
2023-09-12T01:00:00,0.0
2023-09-12T02:00:00,0.0
2023-09-12T03:00:00,0.0
2023-09-12T04:00:00,0.0
2023-09-12T05:00:00,0.0
2023-09-12T06:00:00,11.0
2023-09-12T07:00:00,121.45
2023-09-12T08:00:00,268.58
2023-09-12T09:00:00,421.2
2023-09-12T10:00:00,754.92
2023-09-12T11:00:00,883.67
2023-09-12T12:00:00,882.35
2023-09-12T13:00:00,841.47
2023-09-12T14:00:00,749.7
2023-09-12T15:00:00,584.85
2023-09-12T16:00:00,352.45
2023-09-12T17:00:00,125.45
2023-09-12T18:00:00,3.67
2023-09-12T19:00:00,0.0
2023-09-12T20:00:00,0.0
2023-09-12T21:00:00,0.0
2023-09-12T22:00:00,0.0
2023-09-12T23:00:00,0.0
2023-09-13T00:00:00,0.0
2023-09-13T01:00:00,0.0
2023-09-13T02:00:00,0.0
2023-09-13T03:00:00,0.0
2023-09-13T04:00:00,0.0
2023-09-13T05:00:00,0.0
2023-09-13T06:00:00,17.58
2023-09-13T07:00:00,208.68
2023-09-13T08:00:00,449.75
2023-09-13T09:00:00,664.08
2023-09-13T10:00:00,826.7
2023-09-13T11:00:00,927.38
2023-09-13T12:00:00,951.67
2023-09-13T13:00:00,898.35
2023-09-13T14:00:00,736.45
2023-09-13T15:00:00,575.33
2023-09-13T16:00:00,357.98
2023-09-13T17:00:00,129.62
2023-09-13T18:00:00,4.0
2023-09-13T19:00:00,0.0
2023-09-13T20:00:00,0.0
2023-09-13T21:00:00,0.0
2023-09-13T22:00:00,0.0
2023-09-13T23:00:00,0.0
2023-09-14T00:00:00,0.0
2023-09-14T01:00:00,0.0
2023-09-14T02:00:00,0.0
2023-09-14T03:00:00,0.0
2023-09-14T04:00:00,0.0
2023-09-14T05:00:00,0.0
2023-09-14T06:00:00,17.77
2023-09-14T07:00:00,195.75
2023-09-14T08:00:00,425.95
2023-09-14T09:00:00,604.58
2023-09-14T10:00:00,786.6
2023-09-14T11:00:00,880.78
2023-09-14T12:00:00,904.22
2023-09-14T13:00:00,855.1
2023-09-14T14:00:00,626.42
2023-09-14T15:00:00,535.6
2023-09-14T16:00:00,269.58
2023-09-14T17:00:00,97.15
2023-09-14T18:00:00,3.25
2023-09-14T19:00:00,0.0
2023-09-14T20:00:00,0.0
2023-09-14T21:00:00,0.0
2023-09-14T22:00:00,0.0
2023-09-14T23:00:00,0.0
2023-09-15T00:00:00,0.0
2023-09-15T01:00:00,0.0
2023-09-15T02:00:00,0.0
2023-09-15T03:00:00,0.0
2023-09-15T04:00:00,0.0
2023-09-15T05:00:00,0.0
2023-09-15T06:00:00,12.68
2023-09-15T07:00:00,114.78
2023-09-15T08:00:00,285.85
2023-09-15T09:00:00,477.58
2023-09-15T10:00:00,611.83
2023-09-15T11:00:00,702.38
2023-09-15T12:00:00,668.92
2023-09-15T13:00:00,593.65
2023-09-15T14:00:00,459.67
2023-09-15T15:00:00,367.98
2023-09-15T16:00:00,198.8
2023-09-15T17:00:00,73.12
2023-09-15T18:00:00,3.03
2023-09-15T19:00:00,0.0
2023-09-15T20:00:00,0.0
2023-09-15T21:00:00,0.0
2023-09-15T22:00:00,0.0
2023-09-15T23:00:00,0.0
2023-09-16T00:00:00,0.0
2023-09-16T01:00:00,0.0
2023-09-16T02:00:00,0.0
2023-09-16T03:00:00,0.0
2023-09-16T04:00:00,0.0
2023-09-16T05:00:00,0.0
2023-09-16T06:00:00,15.48
2023-09-16T07:00:00,139.77
2023-09-16T08:00:00,276.17
2023-09-16T09:00:00,575.8
2023-09-16T10:00:00,759.4
2023-09-16T11:00:00,820.92
2023-09-16T12:00:00,918.4
2023-09-16T13:00:00,891.08
2023-09-16T14:00:00,765.47
2023-09-16T15:00:00,560.8
2023-09-16T16:00:00,349.77
2023-09-16T17:00:00,127.1
2023-09-16T18:00:00,4.05
2023-09-16T19:00:00,0.0
2023-09-16T20:00:00,0.0
2023-09-16T21:00:00,0.0
2023-09-16T22:00:00,0.0
2023-09-16T23:00:00,0.0
2023-09-17T00:00:00,0.0
2023-09-17T01:00:00,0.0
2023-09-17T02:00:00,0.0
2023-09-17T03:00:00,0.0
2023-09-17T04:00:00,0.0
2023-09-17T05:00:00,0.0
2023-09-17T06:00:00,18.65
2023-09-17T07:00:00,166.9
2023-09-17T08:00:00,360.75
2023-09-17T09:00:00,505.08
2023-09-17T10:00:00,662.55
2023-09-17T11:00:00,740.5
2023-09-17T12:00:00,776.8
2023-09-17T13:00:00,711.85
2023-09-17T14:00:00,577.5
2023-09-17T15:00:00,460.52
2023-09-17T16:00:00,218.62
2023-09-17T17:00:00,81.7
2023-09-17T18:00:00,3.12
2023-09-17T19:00:00,0.0
2023-09-17T20:00:00,0.0
2023-09-17T21:00:00,0.0
2023-09-17T22:00:00,0.0
2023-09-17T23:00:00,0.0
2023-09-18T00:00:00,0.0
2023-09-18T01:00:00,0.0
2023-09-18T02:00:00,0.0
2023-09-18T03:00:00,0.0
2023-09-18T04:00:00,0.0
2023-09-18T05:00:00,0.0
2023-09-18T06:00:00,18.95
2023-09-18T07:00:00,174.48
2023-09-18T08:00:00,387.02
2023-09-18T09:00:00,567.22
2023-09-18T10:00:00,738.53
2023-09-18T11:00:00,854.53
2023-09-18T12:00:00,849.42
2023-09-18T13:00:00,836.55
2023-09-18T14:00:00,505.17
2023-09-18T15:00:00,427.75
2023-09-18T16:00:00,251.7
2023-09-18T17:00:00,77.4
2023-09-18T18:00:00,2.8
2023-09-18T19:00:00,0.0
2023-09-18T20:00:00,0.0
2023-09-18T21:00:00,0.0
2023-09-18T22:00:00,0.0
2023-09-18T23:00:00,0.0
2023-09-19T00:00:00,0.0
2023-09-19T01:00:00,0.0
2023-09-19T02:00:00,0.0
2023-09-19T03:00:00,0.0
2023-09-19T04:00:00,0.0
2023-09-19T05:00:00,0.0
2023-09-19T06:00:00,18.02
2023-09-19T07:00:00,179.88
2023-09-19T08:00:00,407.23
2023-09-19T09:00:00,578.62
2023-09-19T10:00:00,748.95
2023-09-19T11:00:00,852.42
2023-09-19T12:00:00,878.6
2023-09-19T13:00:00,852.53
2023-09-19T14:00:00,582.42
2023-09-19T15:00:00,489.35
2023-09-19T16:00:00,289.6
2023-09-19T17:00:00,93.57
2023-09-19T18:00:00,3.22
2023-09-19T19:00:00,0.0
2023-09-19T20:00:00,0.0
2023-09-19T21:00:00,0.0
2023-09-19T22:00:00,0.0
2023-09-19T23:00:00,0.0
2023-09-20T00:00:00,0.0
2023-09-20T01:00:00,0.0
2023-09-20T02:00:00,0.0
2023-09-20T03:00:00,0.0
2023-09-20T04:00:00,0.0
2023-09-20T05:00:00,0.0
2023-09-20T06:00:00,17.4
2023-09-20T07:00:00,171.8
2023-09-20T08:00:00,390.95
2023-09-20T09:00:00,531.65
2023-09-20T10:00:00,654.85
2023-09-20T11:00:00,732.25
2023-09-20T12:00:00,799.97
2023-09-20T13:00:00,695.6
2023-09-20T14:00:00,570.42
2023-09-20T15:00:00,381.12
2023-09-20T16:00:00,225.98
2023-09-20T17:00:00,88.57
2023-09-20T18:00:00,3.03
2023-09-20T19:00:00,0.0
2023-09-20T20:00:00,0.0
2023-09-20T21:00:00,0.0
2023-09-20T22:00:00,0.0
2023-09-20T23:00:00,0.0
2023-09-21T00:00:00,0.0
2023-09-21T01:00:00,0.0
2023-09-21T02:00:00,0.0
2023-09-21T03:00:00,0.0
2023-09-21T04:00:00,0.0
2023-09-21T05:00:00,0.0
2023-09-21T06:00:00,15.23
2023-09-21T07:00:00,143.52
2023-09-21T08:00:00,340.8
2023-09-21T09:00:00,576.9
2023-09-21T10:00:00,797.0
2023-09-21T11:00:00,892.1
2023-09-21T12:00:00,902.17
2023-09-21T13:00:00,732.85
2023-09-21T14:00:00,617.7
2023-09-21T15:00:00,401.45
2023-09-21T16:00:00,249.45
2023-09-21T17:00:00,92.8
2023-09-21T18:00:00,2.53
2023-09-21T19:00:00,0.0
2023-09-21T20:00:00,0.0
2023-09-21T21:00:00,0.0
2023-09-21T22:00:00,0.0
2023-09-21T23:00:00,0.0
2023-09-22T00:00:00,0.0
2023-09-22T01:00:00,0.0
2023-09-22T02:00:00,0.0
2023-09-22T03:00:00,0.0
2023-09-22T04:00:00,0.0
2023-09-22T05:00:00,0.0
2023-09-22T06:00:00,16.98
2023-09-22T07:00:00,141.0
2023-09-22T08:00:00,321.12
2023-09-22T09:00:00,527.7
2023-09-22T10:00:00,740.95
2023-09-22T11:00:00,878.6
2023-09-22T12:00:00,880.15
2023-09-22T13:00:00,844.6
2023-09-22T14:00:00,676.47
2023-09-22T15:00:00,474.08
2023-09-22T16:00:00,283.4
2023-09-22T17:00:00,107.43
2023-09-22T18:00:00,3.53
2023-09-22T19:00:00,0.0
2023-09-22T20:00:00,0.0
2023-09-22T21:00:00,0.0
2023-09-22T22:00:00,0.0
2023-09-22T23:00:00,0.0
2023-09-23T00:00:00,0.0
2023-09-23T01:00:00,0.0
2023-09-23T02:00:00,0.0
2023-09-23T03:00:00,0.0
2023-09-23T04:00:00,0.0
2023-09-23T05:00:00,0.0
2023-09-23T06:00:00,19.2
2023-09-23T07:00:00,138.32
2023-09-23T08:00:00,294.5
2023-09-23T09:00:00,486.6
2023-09-23T10:00:00,729.97
2023-09-23T11:00:00,819.38
2023-09-23T12:00:00,878.75
2023-09-23T13:00:00,839.05
2023-09-23T14:00:00,741.47
2023-09-23T15:00:00,546.1
2023-09-23T16:00:00,325.95
2023-09-23T17:00:00,112.12
2023-09-23T18:00:00,3.35
2023-09-23T19:00:00,0.0
2023-09-23T20:00:00,0.0
2023-09-23T21:00:00,0.0
2023-09-23T22:00:00,0.0
2023-09-23T23:00:00,0.0
2023-09-24T00:00:00,0.0
2023-09-24T01:00:00,0.0
2023-09-24T02:00:00,0.0
2023-09-24T03:00:00,0.0
2023-09-24T04:00:00,0.0
2023-09-24T05:00:00,0.0
2023-09-24T06:00:00,19.83
2023-09-24T07:00:00,167.45
2023-09-24T08:00:00,332.17
2023-09-24T09:00:00,545.03
2023-09-24T10:00:00,705.08
2023-09-24T11:00:00,782.85
2023-09-24T12:00:00,843.95
2023-09-24T13:00:00,796.0
2023-09-24T14:00:00,717.9
2023-09-24T15:00:00,490.05
2023-09-24T16:00:00,237.77
2023-09-24T17:00:00,86.97
2023-09-24T18:00:00,3.08
2023-09-24T19:00:00,0.0
2023-09-24T20:00:00,0.0
2023-09-24T21:00:00,0.0
2023-09-24T22:00:00,0.0
2023-09-24T23:00:00,0.0
2023-09-25T00:00:00,0.0
2023-09-25T01:00:00,0.0
2023-09-25T02:00:00,0.0
2023-09-25T03:00:00,0.0
2023-09-25T04:00:00,0.0
2023-09-25T05:00:00,0.0
2023-09-25T06:00:00,28.15
2023-09-25T07:00:00,212.25
2023-09-25T08:00:00,437.25
2023-09-25T09:00:00,634.0
2023-09-25T10:00:00,786.85
2023-09-25T11:00:00,867.95
2023-09-25T12:00:00,872.47
2023-09-25T13:00:00,804.6
2023-09-25T14:00:00,659.15
2023-09-25T15:00:00,520.0
2023-09-25T16:00:00,312.73
2023-09-25T17:00:00,107.1
2023-09-25T18:00:00,3.85
2023-09-25T19:00:00,0.0
2023-09-25T20:00:00,0.0
2023-09-25T21:00:00,0.0
2023-09-25T22:00:00,0.0
2023-09-25T23:00:00,0.0
2023-09-26T00:00:00,0.0
2023-09-26T01:00:00,0.0
2023-09-26T02:00:00,0.0
2023-09-26T03:00:00,0.0
2023-09-26T04:00:00,0.0
2023-09-26T05:00:00,0.0
2023-09-26T06:00:00,24.2
2023-09-26T07:00:00,182.2
2023-09-26T08:00:00,426.2
2023-09-26T09:00:00,608.65
2023-09-26T10:00:00,732.08
2023-09-26T11:00:00,823.15
2023-09-26T12:00:00,813.7
2023-09-26T13:00:00,755.88
2023-09-26T14:00:00,608.4
2023-09-26T15:00:00,426.85
2023-09-26T16:00:00,213.5
2023-09-26T17:00:00,80.35
2023-09-26T18:00:00,2.83
2023-09-26T19:00:00,0.0
2023-09-26T20:00:00,0.0
2023-09-26T21:00:00,0.0
2023-09-26T22:00:00,0.0
2023-09-26T23:00:00,0.0
2023-09-27T00:00:00,0.0
2023-09-27T01:00:00,0.0
2023-09-27T02:00:00,0.0
2023-09-27T03:00:00,0.0
2023-09-27T04:00:00,0.0
2023-09-27T05:00:00,0.0
2023-09-27T06:00:00,26.73
2023-09-27T07:00:00,181.23
2023-09-27T08:00:00,379.33
2023-09-27T09:00:00,531.28
2023-09-27T10:00:00,658.95
2023-09-27T11:00:00,835.8
2023-09-27T12:00:00,894.65
2023-09-27T13:00:00,850.8
2023-09-27T14:00:00,769.08
2023-09-27T15:00:00,575.97
2023-09-27T16:00:00,361.15
2023-09-27T17:00:00,134.62
2023-09-27T18:00:00,4.25
2023-09-27T19:00:00,0.0
2023-09-27T20:00:00,0.0
2023-09-27T21:00:00,0.0
2023-09-27T22:00:00,0.0
2023-09-27T23:00:00,0.0
2023-09-28T00:00:00,0.0
2023-09-28T01:00:00,0.0
2023-09-28T02:00:00,0.0
2023-09-28T03:00:00,0.0
2023-09-28T04:00:00,0.0
2023-09-28T05:00:00,0.0
2023-09-28T06:00:00,26.33
2023-09-28T07:00:00,200.5
2023-09-28T08:00:00,457.4
2023-09-28T09:00:00,669.85
2023-09-28T10:00:00,829.85
2023-09-28T11:00:00,918.78
2023-09-28T12:00:00,951.95
2023-09-28T13:00:00,896.55
2023-09-28T14:00:00,784.5
2023-09-28T15:00:00,579.65
2023-09-28T16:00:00,365.62
2023-09-28T17:00:00,140.15
2023-09-28T18:00:00,4.5
2023-09-28T19:00:00,0.0
2023-09-28T20:00:00,0.0
2023-09-28T21:00:00,0.0
2023-09-28T22:00:00,0.0
2023-09-28T23:00:00,0.0
2023-09-29T00:00:00,0.0
2023-09-29T01:00:00,0.0
2023-09-29T02:00:00,0.0
2023-09-29T03:00:00,0.0
2023-09-29T04:00:00,0.0
2023-09-29T05:00:00,0.0
2023-09-29T06:00:00,36.33
2023-09-29T07:00:00,256.42
2023-09-29T08:00:00,509.95
2023-09-29T09:00:00,710.75
2023-09-29T10:00:00,873.67
2023-09-29T11:00:00,968.78
2023-09-29T12:00:00,991.3
2023-09-29T13:00:00,936.0
2023-09-29T14:00:00,799.45
2023-09-29T15:00:00,578.33
2023-09-29T16:00:00,354.38
2023-09-29T17:00:00,123.53
2023-09-29T18:00:00,4.12
2023-09-29T19:00:00,0.0
2023-09-29T20:00:00,0.0
2023-09-29T21:00:00,0.0
2023-09-29T22:00:00,0.0
2023-09-29T23:00:00,0.0
2023-09-30T00:00:00,0.0
2023-09-30T01:00:00,0.0
2023-09-30T02:00:00,0.0
2023-09-30T03:00:00,0.0
2023-09-30T04:00:00,0.0
2023-09-30T05:00:00,0.0
2023-09-30T06:00:00,34.45
2023-09-30T07:00:00,231.38
2023-09-30T08:00:00,480.52
2023-09-30T09:00:00,690.53
2023-09-30T10:00:00,842.38
2023-09-30T11:00:00,940.95
2023-09-30T12:00:00,977.92
2023-09-30T13:00:00,910.45
2023-09-30T14:00:00,767.67
2023-09-30T15:00:00,578.47
2023-09-30T16:00:00,365.62
2023-09-30T17:00:00,139.25
2023-09-30T18:00:00,4.38
2023-09-30T19:00:00,0.0
2023-09-30T20:00:00,0.0
2023-09-30T21:00:00,0.0
2023-09-30T22:00:00,0.0
2023-09-30T23:00:00,0.0
2023-10-01T00:00:00,0.0
2023-10-01T01:00:00,0.0
2023-10-01T02:00:00,0.0
2023-10-01T03:00:00,0.0
2023-10-01T04:00:00,0.0
2023-10-01T05:00:00,0.0
2023-10-01T06:00:00,31.02
2023-10-01T07:00:00,188.45
2023-10-01T08:00:00,386.2
2023-10-01T09:00:00,471.33
2023-10-01T10:00:00,562.17
2023-10-01T11:00:00,494.73
2023-10-01T12:00:00,417.25
2023-10-01T13:00:00,326.62
2023-10-01T14:00:00,259.02
2023-10-01T15:00:00,214.62
2023-10-01T16:00:00,128.27
2023-10-01T17:00:00,50.42
2023-10-01T18:00:00,2.17
2023-10-01T19:00:00,0.0
2023-10-01T20:00:00,0.0
2023-10-01T21:00:00,0.0
2023-10-01T22:00:00,0.0
2023-10-01T23:00:00,0.0
2023-10-02T00:00:00,0.0
2023-10-02T01:00:00,0.0
2023-10-02T02:00:00,0.0
2023-10-02T03:00:00,0.0
2023-10-02T04:00:00,0.0
2023-10-02T05:00:00,0.0
2023-10-02T06:00:00,19.38
2023-10-02T07:00:00,129.75
2023-10-02T08:00:00,299.0
2023-10-02T09:00:00,402.62
2023-10-02T10:00:00,545.25
2023-10-02T11:00:00,670.03
2023-10-02T12:00:00,700.7
2023-10-02T13:00:00,668.78
2023-10-02T14:00:00,528.65
2023-10-02T15:00:00,416.33
2023-10-02T16:00:00,244.27
2023-10-02T17:00:00,93.45
2023-10-02T18:00:00,2.75
2023-10-02T19:00:00,0.0
2023-10-02T20:00:00,0.0
2023-10-02T21:00:00,0.0
2023-10-02T22:00:00,0.0
2023-10-02T23:00:00,0.0
2023-10-03T00:00:00,0.0
2023-10-03T01:00:00,0.0
2023-10-03T02:00:00,0.0
2023-10-03T03:00:00,0.0
2023-10-03T04:00:00,0.0
2023-10-03T05:00:00,0.0
2023-10-03T06:00:00,33.62
2023-10-03T07:00:00,209.82
2023-10-03T08:00:00,456.05
2023-10-03T09:00:00,657.7
2023-10-03T10:00:00,794.88
2023-10-03T11:00:00,871.83
2023-10-03T12:00:00,882.75
2023-10-03T13:00:00,786.25
2023-10-03T14:00:00,726.08
2023-10-03T15:00:00,542.95
2023-10-03T16:00:00,322.88
2023-10-03T17:00:00,114.62
2023-10-03T18:00:00,3.72
2023-10-03T19:00:00,0.0
2023-10-03T20:00:00,0.0
2023-10-03T21:00:00,0.0
2023-10-03T22:00:00,0.0
2023-10-03T23:00:00,0.0
2023-10-04T00:00:00,0.0
2023-10-04T01:00:00,0.0
2023-10-04T02:00:00,0.0
2023-10-04T03:00:00,0.0
2023-10-04T04:00:00,0.0
2023-10-04T05:00:00,0.0
2023-10-04T06:00:00,38.78
2023-10-04T07:00:00,214.8
2023-10-04T08:00:00,442.85
2023-10-04T09:00:00,658.58
2023-10-04T10:00:00,771.25
2023-10-04T11:00:00,837.45
2023-10-04T12:00:00,862.08
2023-10-04T13:00:00,552.05
2023-10-04T14:00:00,476.83
2023-10-04T15:00:00,284.23
2023-10-04T16:00:00,171.2
2023-10-04T17:00:00,61.58
2023-10-04T18:00:00,1.65
2023-10-04T19:00:00,0.0
2023-10-04T20:00:00,0.0
2023-10-04T21:00:00,0.0
2023-10-04T22:00:00,0.0
2023-10-04T23:00:00,0.0
2023-10-05T00:00:00,0.0
2023-10-05T01:00:00,0.0
2023-10-05T02:00:00,0.0
2023-10-05T03:00:00,0.0
2023-10-05T04:00:00,0.0
2023-10-05T05:00:00,0.0
2023-10-05T06:00:00,35.95
2023-10-05T07:00:00,218.98
2023-10-05T08:00:00,451.7
2023-10-05T09:00:00,670.28
2023-10-05T10:00:00,818.85
2023-10-05T11:00:00,907.28
2023-10-05T12:00:00,947.22
2023-10-05T13:00:00,903.15
2023-10-05T14:00:00,744.3
2023-10-05T15:00:00,560.17
2023-10-05T16:00:00,345.45
2023-10-05T17:00:00,122.28
2023-10-05T18:00:00,4.03
2023-10-05T19:00:00,0.0
2023-10-05T20:00:00,0.0
2023-10-05T21:00:00,0.0
2023-10-05T22:00:00,0.0
2023-10-05T23:00:00,0.0
2023-10-06T00:00:00,0.0
2023-10-06T01:00:00,0.0
2023-10-06T02:00:00,0.0
2023-10-06T03:00:00,0.0
2023-10-06T04:00:00,0.0
2023-10-06T05:00:00,0.0
2023-10-06T06:00:00,34.72
2023-10-06T07:00:00,189.4
2023-10-06T08:00:00,399.75
2023-10-06T09:00:00,665.62
2023-10-06T10:00:00,880.7
2023-10-06T11:00:00,966.38
2023-10-06T12:00:00,988.28
2023-10-06T13:00:00,912.72
2023-10-06T14:00:00,793.95
2023-10-06T15:00:00,565.88
2023-10-06T16:00:00,344.3
2023-10-06T17:00:00,126.25
2023-10-06T18:00:00,3.5
2023-10-06T19:00:00,0.0
2023-10-06T20:00:00,0.0
2023-10-06T21:00:00,0.0
2023-10-06T22:00:00,0.0
2023-10-06T23:00:00,0.0
2023-10-07T00:00:00,0.0
2023-10-07T01:00:00,0.0
2023-10-07T02:00:00,0.0
2023-10-07T03:00:00,0.0
2023-10-07T04:00:00,0.0
2023-10-07T05:00:00,0.0
2023-10-07T06:00:00,33.33
2023-10-07T07:00:00,176.73
2023-10-07T08:00:00,402.2
2023-10-07T09:00:00,652.6
2023-10-07T10:00:00,806.72
2023-10-07T11:00:00,841.95
2023-10-07T12:00:00,743.6
2023-10-07T13:00:00,623.1
2023-10-07T14:00:00,517.9
2023-10-07T15:00:00,372.77
2023-10-07T16:00:00,205.15
2023-10-07T17:00:00,80.53
2023-10-07T18:00:00,3.22
2023-10-07T19:00:00,0.0
2023-10-07T20:00:00,0.0
2023-10-07T21:00:00,0.0
2023-10-07T22:00:00,0.0
2023-10-07T23:00:00,0.0
2023-10-08T00:00:00,0.0
2023-10-08T01:00:00,0.0
2023-10-08T02:00:00,0.0
2023-10-08T03:00:00,0.0
2023-10-08T04:00:00,0.0
2023-10-08T05:00:00,0.0
2023-10-08T06:00:00,34.08
2023-10-08T07:00:00,189.38
2023-10-08T08:00:00,411.1
2023-10-08T09:00:00,543.47
2023-10-08T10:00:00,784.5
2023-10-08T11:00:00,886.67
2023-10-08T12:00:00,933.47
2023-10-08T13:00:00,889.9
2023-10-08T14:00:00,737.17
2023-10-08T15:00:00,548.65
2023-10-08T16:00:00,329.08
2023-10-08T17:00:00,113.12
2023-10-08T18:00:00,4.05
2023-10-08T19:00:00,0.0
2023-10-08T20:00:00,0.0
2023-10-08T21:00:00,0.0
2023-10-08T22:00:00,0.0
2023-10-08T23:00:00,0.0
2023-10-09T00:00:00,0.0
2023-10-09T01:00:00,0.0
2023-10-09T02:00:00,0.0
2023-10-09T03:00:00,0.0
2023-10-09T04:00:00,0.0
2023-10-09T05:00:00,0.0
2023-10-09T06:00:00,52.55
2023-10-09T07:00:00,278.67
2023-10-09T08:00:00,519.65
2023-10-09T09:00:00,724.78
2023-10-09T10:00:00,880.3
2023-10-09T11:00:00,956.78
2023-10-09T12:00:00,975.17
2023-10-09T13:00:00,899.03
2023-10-09T14:00:00,790.85
2023-10-09T15:00:00,601.62
2023-10-09T16:00:00,361.25
2023-10-09T17:00:00,137.38
2023-10-09T18:00:00,4.38
2023-10-09T19:00:00,0.0
2023-10-09T20:00:00,0.0
2023-10-09T21:00:00,0.0
2023-10-09T22:00:00,0.0
2023-10-09T23:00:00,0.0
2023-10-10T00:00:00,0.0
2023-10-10T01:00:00,0.0
2023-10-10T02:00:00,0.0
2023-10-10T03:00:00,0.0
2023-10-10T04:00:00,0.0
2023-10-10T05:00:00,0.0
2023-10-10T06:00:00,45.38
2023-10-10T07:00:00,207.38
2023-10-10T08:00:00,434.88
2023-10-10T09:00:00,592.35
2023-10-10T10:00:00,776.35
2023-10-10T11:00:00,891.8
2023-10-10T12:00:00,902.45
2023-10-10T13:00:00,775.58
2023-10-10T14:00:00,571.72
2023-10-10T15:00:00,395.3
2023-10-10T16:00:00,235.75
2023-10-10T17:00:00,77.38
2023-10-10T18:00:00,2.85
2023-10-10T19:00:00,0.0
2023-10-10T20:00:00,0.0
2023-10-10T21:00:00,0.0
2023-10-10T22:00:00,0.0
2023-10-10T23:00:00,0.0
2023-10-11T00:00:00,0.0
2023-10-11T01:00:00,0.0
2023-10-11T02:00:00,0.0
2023-10-11T03:00:00,0.0
2023-10-11T04:00:00,0.0
2023-10-11T05:00:00,0.0
2023-10-11T06:00:00,23.52
2023-10-11T07:00:00,127.43
2023-10-11T08:00:00,294.9
2023-10-11T09:00:00,574.05
2023-10-11T10:00:00,758.97
2023-10-11T11:00:00,901.3
2023-10-11T12:00:00,931.15
2023-10-11T13:00:00,880.47
2023-10-11T14:00:00,737.97
2023-10-11T15:00:00,571.12
2023-10-11T16:00:00,357.12
2023-10-11T17:00:00,131.3
2023-10-11T18:00:00,4.53
2023-10-11T19:00:00,0.0
2023-10-11T20:00:00,0.0
2023-10-11T21:00:00,0.0
2023-10-11T22:00:00,0.0
2023-10-11T23:00:00,0.0
2023-10-12T00:00:00,0.0
2023-10-12T01:00:00,0.0
2023-10-12T02:00:00,0.0
2023-10-12T03:00:00,0.0
2023-10-12T04:00:00,0.0
2023-10-12T05:00:00,0.0
2023-10-12T06:00:00,46.67
2023-10-12T07:00:00,252.07
2023-10-12T08:00:00,506.6
2023-10-12T09:00:00,714.38
2023-10-12T10:00:00,861.3
2023-10-12T11:00:00,953.58
2023-10-12T12:00:00,984.92
2023-10-12T13:00:00,930.7
2023-10-12T14:00:00,794.67
2023-10-12T15:00:00,606.92
2023-10-12T16:00:00,373.08
2023-10-12T17:00:00,144.88
2023-10-12T18:00:00,4.82
2023-10-12T19:00:00,0.0
2023-10-12T20:00:00,0.0
2023-10-12T21:00:00,0.0
2023-10-12T22:00:00,0.0
2023-10-12T23:00:00,0.0
2023-10-13T00:00:00,0.0
2023-10-13T01:00:00,0.0
2023-10-13T02:00:00,0.0
2023-10-13T03:00:00,0.0
2023-10-13T04:00:00,0.0
2023-10-13T05:00:00,0.0
2023-10-13T06:00:00,58.0
2023-10-13T07:00:00,279.33
2023-10-13T08:00:00,519.12
2023-10-13T09:00:00,718.62
2023-10-13T10:00:00,830.8
2023-10-13T11:00:00,951.5
2023-10-13T12:00:00,942.15
2023-10-13T13:00:00,876.03
2023-10-13T14:00:00,715.7
2023-10-13T15:00:00,528.1
2023-10-13T16:00:00,322.48
2023-10-13T17:00:00,110.62
2023-10-13T18:00:00,4.62
2023-10-13T19:00:00,0.0
2023-10-13T20:00:00,0.0
2023-10-13T21:00:00,0.0
2023-10-13T22:00:00,0.0
2023-10-13T23:00:00,0.0
2023-10-14T00:00:00,0.0
2023-10-14T01:00:00,0.0
2023-10-14T02:00:00,0.0
2023-10-14T03:00:00,0.0
2023-10-14T04:00:00,0.0
2023-10-14T05:00:00,0.0
2023-10-14T06:00:00,57.35
2023-10-14T07:00:00,272.4
2023-10-14T08:00:00,511.33
2023-10-14T09:00:00,736.67
2023-10-14T10:00:00,874.4
2023-10-14T11:00:00,942.17
2023-10-14T12:00:00,982.58
2023-10-14T13:00:00,921.45
2023-10-14T14:00:00,760.28
2023-10-14T15:00:00,573.25
2023-10-14T16:00:00,350.38
2023-10-14T17:00:00,134.95
2023-10-14T18:00:00,4.78
2023-10-14T19:00:00,0.0
2023-10-14T20:00:00,0.0
2023-10-14T21:00:00,0.0
2023-10-14T22:00:00,0.0
2023-10-14T23:00:00,0.0
2023-10-15T00:00:00,0.0
2023-10-15T01:00:00,0.0
2023-10-15T02:00:00,0.0
2023-10-15T03:00:00,0.0
2023-10-15T04:00:00,0.0
2023-10-15T05:00:00,0.0
2023-10-15T06:00:00,45.95
2023-10-15T07:00:00,195.95
2023-10-15T08:00:00,416.95
2023-10-15T09:00:00,594.83
2023-10-15T10:00:00,746.28
2023-10-15T11:00:00,816.75
2023-10-15T12:00:00,883.85
2023-10-15T13:00:00,826.5
2023-10-15T14:00:00,703.22
2023-10-15T15:00:00,494.77
2023-10-15T16:00:00,285.88
2023-10-15T17:00:00,100.0
2023-10-15T18:00:00,3.97
2023-10-15T19:00:00,0.0
2023-10-15T20:00:00,0.0
2023-10-15T21:00:00,0.0
2023-10-15T22:00:00,0.0
2023-10-15T23:00:00,0.0
2023-10-16T00:00:00,0.0
2023-10-16T01:00:00,0.0
2023-10-16T02:00:00,0.0
2023-10-16T03:00:00,0.0
2023-10-16T04:00:00,0.0
2023-10-16T05:00:00,0.0
2023-10-16T06:00:00,48.4
2023-10-16T07:00:00,234.25
2023-10-16T08:00:00,457.08
2023-10-16T09:00:00,699.47
2023-10-16T10:00:00,855.58
2023-10-16T11:00:00,936.05
2023-10-16T12:00:00,938.4
2023-10-16T13:00:00,848.45
2023-10-16T14:00:00,723.6
2023-10-16T15:00:00,512.38
2023-10-16T16:00:00,308.52
2023-10-16T17:00:00,119.62
2023-10-16T18:00:00,4.38
2023-10-16T19:00:00,0.0
2023-10-16T20:00:00,0.0
2023-10-16T21:00:00,0.0
2023-10-16T22:00:00,0.0
2023-10-16T23:00:00,0.0
2023-10-17T00:00:00,0.0
2023-10-17T01:00:00,0.0
2023-10-17T02:00:00,0.0
2023-10-17T03:00:00,0.0
2023-10-17T04:00:00,0.0
2023-10-17T05:00:00,0.0
2023-10-17T06:00:00,31.4
2023-10-17T07:00:00,139.73
2023-10-17T08:00:00,339.67
2023-10-17T09:00:00,526.53
2023-10-17T10:00:00,623.2
2023-10-17T11:00:00,667.55
2023-10-17T12:00:00,665.38
2023-10-17T13:00:00,603.08
2023-10-17T14:00:00,493.33
2023-10-17T15:00:00,356.75
2023-10-17T16:00:00,202.6
2023-10-17T17:00:00,67.12
2023-10-17T18:00:00,3.67
2023-10-17T19:00:00,0.0
2023-10-17T20:00:00,0.0
2023-10-17T21:00:00,0.0
2023-10-17T22:00:00,0.0
2023-10-17T23:00:00,0.0
2023-10-18T00:00:00,0.0
2023-10-18T01:00:00,0.0
2023-10-18T02:00:00,0.0
2023-10-18T03:00:00,0.0
2023-10-18T04:00:00,0.0
2023-10-18T05:00:00,0.0
2023-10-18T06:00:00,29.88
2023-10-18T07:00:00,119.15
2023-10-18T08:00:00,216.25
2023-10-18T09:00:00,368.25
2023-10-18T10:00:00,531.8
2023-10-18T11:00:00,692.5
2023-10-18T12:00:00,774.2
2023-10-18T13:00:00,601.95
2023-10-18T14:00:00,598.3
2023-10-18T15:00:00,429.88
2023-10-18T16:00:00,244.45
2023-10-18T17:00:00,78.28
2023-10-18T18:00:00,3.83
2023-10-18T19:00:00,0.0
2023-10-18T20:00:00,0.0
2023-10-18T21:00:00,0.0
2023-10-18T22:00:00,0.0
2023-10-18T23:00:00,0.0
2023-10-19T00:00:00,0.0
2023-10-19T01:00:00,0.0
2023-10-19T02:00:00,0.0
2023-10-19T03:00:00,0.0
2023-10-19T04:00:00,0.0
2023-10-19T05:00:00,0.0
2023-10-19T06:00:00,25.75
2023-10-19T07:00:00,109.45
2023-10-19T08:00:00,235.4
2023-10-19T09:00:00,475.5
2023-10-19T10:00:00,598.33
2023-10-19T11:00:00,760.28
2023-10-19T12:00:00,744.58
2023-10-19T13:00:00,700.0
2023-10-19T14:00:00,570.67
2023-10-19T15:00:00,411.5
2023-10-19T16:00:00,216.85
2023-10-19T17:00:00,72.75
2023-10-19T18:00:00,4.28
2023-10-19T19:00:00,0.0
2023-10-19T20:00:00,0.0
2023-10-19T21:00:00,0.0
2023-10-19T22:00:00,0.0
2023-10-19T23:00:00,0.0
2023-10-20T00:00:00,0.0
2023-10-20T01:00:00,0.0
2023-10-20T02:00:00,0.0
2023-10-20T03:00:00,0.0
2023-10-20T04:00:00,0.0
2023-10-20T05:00:00,0.0
2023-10-20T06:00:00,43.12
2023-10-20T07:00:00,184.62
2023-10-20T08:00:00,395.15
2023-10-20T09:00:00,539.78
2023-10-20T10:00:00,699.88
2023-10-20T11:00:00,777.75
2023-10-20T12:00:00,821.25
2023-10-20T13:00:00,722.47
2023-10-20T14:00:00,454.83
2023-10-20T15:00:00,320.5
2023-10-20T16:00:00,188.0
2023-10-20T17:00:00,75.6
2023-10-20T18:00:00,4.3
2023-10-20T19:00:00,0.0
2023-10-20T20:00:00,0.0
2023-10-20T21:00:00,0.0
2023-10-20T22:00:00,0.0
2023-10-20T23:00:00,0.0
2023-10-21T00:00:00,0.0
2023-10-21T01:00:00,0.0
2023-10-21T02:00:00,0.0
2023-10-21T03:00:00,0.0
2023-10-21T04:00:00,0.0
2023-10-21T05:00:00,0.0
2023-10-21T06:00:00,11.32
2023-10-21T07:00:00,38.22
2023-10-21T08:00:00,64.8
2023-10-21T09:00:00,131.15
2023-10-21T10:00:00,249.82
2023-10-21T11:00:00,340.23
2023-10-21T12:00:00,410.0
2023-10-21T13:00:00,429.33
2023-10-21T14:00:00,505.55
2023-10-21T15:00:00,305.52
2023-10-21T16:00:00,206.25
2023-10-21T17:00:00,84.43
2023-10-21T18:00:00,3.65
2023-10-21T19:00:00,0.0
2023-10-21T20:00:00,0.0
2023-10-21T21:00:00,0.0
2023-10-21T22:00:00,0.0
2023-10-21T23:00:00,0.0
2023-10-22T00:00:00,0.0
2023-10-22T01:00:00,0.0
2023-10-22T02:00:00,0.0
2023-10-22T03:00:00,0.0
2023-10-22T04:00:00,0.0
2023-10-22T05:00:00,0.0
2023-10-22T06:00:00,73.53
2023-10-22T07:00:00,308.5
2023-10-22T08:00:00,550.08
2023-10-22T09:00:00,752.6
2023-10-22T10:00:00,894.2
2023-10-22T11:00:00,998.53
2023-10-22T12:00:00,998.17
2023-10-22T13:00:00,939.12
2023-10-22T14:00:00,803.65
2023-10-22T15:00:00,602.67
2023-10-22T16:00:00,375.25
2023-10-22T17:00:00,138.82
2023-10-22T18:00:00,5.32
2023-10-22T19:00:00,0.0
2023-10-22T20:00:00,0.0
2023-10-22T21:00:00,0.0
2023-10-22T22:00:00,0.0
2023-10-22T23:00:00,0.0
2023-10-23T00:00:00,0.0
2023-10-23T01:00:00,0.0
2023-10-23T02:00:00,0.0
2023-10-23T03:00:00,0.0
2023-10-23T04:00:00,0.0
2023-10-23T05:00:00,0.0
2023-10-23T06:00:00,59.7
2023-10-23T07:00:00,246.02
2023-10-23T08:00:00,488.8
2023-10-23T09:00:00,722.33
2023-10-23T10:00:00,801.92
2023-10-23T11:00:00,894.85
2023-10-23T12:00:00,953.03
2023-10-23T13:00:00,739.3
2023-10-23T14:00:00,641.45
2023-10-23T15:00:00,490.98
2023-10-23T16:00:00,279.15
2023-10-23T17:00:00,100.55
2023-10-23T18:00:00,4.6
2023-10-23T19:00:00,0.0
2023-10-23T20:00:00,0.0
2023-10-23T21:00:00,0.0
2023-10-23T22:00:00,0.0
2023-10-23T23:00:00,0.0
2023-10-24T00:00:00,0.0
2023-10-24T01:00:00,0.0
2023-10-24T02:00:00,0.0
2023-10-24T03:00:00,0.0
2023-10-24T04:00:00,0.0
2023-10-24T05:00:00,0.0
2023-10-24T06:00:00,71.07
2023-10-24T07:00:00,273.5
2023-10-24T08:00:00,524.5
2023-10-24T09:00:00,718.4
2023-10-24T10:00:00,833.83
2023-10-24T11:00:00,874.6
2023-10-24T12:00:00,869.4
2023-10-24T13:00:00,774.15
2023-10-24T14:00:00,653.97
2023-10-24T15:00:00,485.33
2023-10-24T16:00:00,298.8
2023-10-24T17:00:00,120.2
2023-10-24T18:00:00,5.5
2023-10-24T19:00:00,0.0
2023-10-24T20:00:00,0.0
2023-10-24T21:00:00,0.0
2023-10-24T22:00:00,0.0
2023-10-24T23:00:00,0.0
2023-10-25T00:00:00,0.0
2023-10-25T01:00:00,0.0
2023-10-25T02:00:00,0.0
2023-10-25T03:00:00,0.0
2023-10-25T04:00:00,0.0
2023-10-25T05:00:00,0.0
2023-10-25T06:00:00,72.7
2023-10-25T07:00:00,289.77
2023-10-25T08:00:00,543.97
2023-10-25T09:00:00,733.83
2023-10-25T10:00:00,878.05
2023-10-25T11:00:00,954.47
2023-10-25T12:00:00,958.22
2023-10-25T13:00:00,919.47
2023-10-25T14:00:00,751.28
2023-10-25T15:00:00,574.42
2023-10-25T16:00:00,343.95
2023-10-25T17:00:00,128.02
2023-10-25T18:00:00,5.0
2023-10-25T19:00:00,0.0
2023-10-25T20:00:00,0.0
2023-10-25T21:00:00,0.0
2023-10-25T22:00:00,0.0
2023-10-25T23:00:00,0.0
2023-10-26T00:00:00,0.0
2023-10-26T01:00:00,0.0
2023-10-26T02:00:00,0.0
2023-10-26T03:00:00,0.0
2023-10-26T04:00:00,0.0
2023-10-26T05:00:00,0.0
2023-10-26T06:00:00,62.15
2023-10-26T07:00:00,251.35
2023-10-26T08:00:00,464.95
2023-10-26T09:00:00,692.92
2023-10-26T10:00:00,887.58
2023-10-26T11:00:00,929.5
2023-10-26T12:00:00,980.88
2023-10-26T13:00:00,828.75
2023-10-26T14:00:00,588.05
2023-10-26T15:00:00,429.1
2023-10-26T16:00:00,246.38
2023-10-26T17:00:00,98.25
2023-10-26T18:00:00,5.05
2023-10-26T19:00:00,0.0
2023-10-26T20:00:00,0.0
2023-10-26T21:00:00,0.0
2023-10-26T22:00:00,0.0
2023-10-26T23:00:00,0.0
2023-10-27T00:00:00,0.0
2023-10-27T01:00:00,0.0
2023-10-27T02:00:00,0.0
2023-10-27T03:00:00,0.0
2023-10-27T04:00:00,0.0
2023-10-27T05:00:00,0.0
2023-10-27T06:00:00,57.5
2023-10-27T07:00:00,222.85
2023-10-27T08:00:00,417.4
2023-10-27T09:00:00,575.38
2023-10-27T10:00:00,759.03
2023-10-27T11:00:00,869.38
2023-10-27T12:00:00,904.08
2023-10-27T13:00:00,764.38
2023-10-27T14:00:00,545.15
2023-10-27T15:00:00,418.95
2023-10-27T16:00:00,255.52
2023-10-27T17:00:00,103.22
2023-10-27T18:00:00,3.92
2023-10-27T19:00:00,0.0
2023-10-27T20:00:00,0.0
2023-10-27T21:00:00,0.0
2023-10-27T22:00:00,0.0
2023-10-27T23:00:00,0.0
2023-10-28T00:00:00,0.0
2023-10-28T01:00:00,0.0
2023-10-28T02:00:00,0.0
2023-10-28T03:00:00,0.0
2023-10-28T04:00:00,0.0
2023-10-28T05:00:00,0.0
2023-10-28T06:00:00,55.42
2023-10-28T07:00:00,213.75
2023-10-28T08:00:00,431.75
2023-10-28T09:00:00,663.92
2023-10-28T10:00:00,720.4
2023-10-28T11:00:00,795.1
2023-10-28T12:00:00,811.78
2023-10-28T13:00:00,655.05
2023-10-28T14:00:00,547.5
2023-10-28T15:00:00,390.38
2023-10-28T16:00:00,227.35
2023-10-28T17:00:00,78.15
2023-10-28T18:00:00,3.78
2023-10-28T19:00:00,0.0
2023-10-28T20:00:00,0.0
2023-10-28T21:00:00,0.0
2023-10-28T22:00:00,0.0
2023-10-28T23:00:00,0.0
2023-10-29T00:00:00,0.0
2023-10-29T01:00:00,0.0
2023-10-29T02:00:00,0.0
2023-10-29T03:00:00,0.0
2023-10-29T04:00:00,0.0
2023-10-29T05:00:00,0.0
2023-10-29T06:00:00,63.88
2023-10-29T07:00:00,258.88
2023-10-29T08:00:00,502.98
2023-10-29T09:00:00,731.15
2023-10-29T10:00:00,879.3
2023-10-29T11:00:00,964.12
2023-10-29T12:00:00,994.95
2023-10-29T13:00:00,888.4
2023-10-29T14:00:00,703.55
2023-10-29T15:00:00,600.5
2023-10-29T16:00:00,372.55
2023-10-29T17:00:00,138.05
2023-10-29T18:00:00,6.03
2023-10-29T19:00:00,0.0
2023-10-29T20:00:00,0.0
2023-10-29T21:00:00,0.0
2023-10-29T22:00:00,0.0
2023-10-29T23:00:00,0.0
2023-10-30T00:00:00,0.0
2023-10-30T01:00:00,0.0
2023-10-30T02:00:00,0.0
2023-10-30T03:00:00,0.0
2023-10-30T04:00:00,0.0
2023-10-30T05:00:00,0.0
2023-10-30T06:00:00,76.4
2023-10-30T07:00:00,285.45
2023-10-30T08:00:00,518.33
2023-10-30T09:00:00,722.78
2023-10-30T10:00:00,864.95
2023-10-30T11:00:00,895.12
2023-10-30T12:00:00,867.35
2023-10-30T13:00:00,732.3
2023-10-30T14:00:00,550.03
2023-10-30T15:00:00,393.1
2023-10-30T16:00:00,243.0
2023-10-30T17:00:00,111.0
2023-10-30T18:00:00,4.07
2023-10-30T19:00:00,0.0
2023-10-30T20:00:00,0.0
2023-10-30T21:00:00,0.0
2023-10-30T22:00:00,0.0
2023-10-30T23:00:00,0.0
2023-10-31T00:00:00,0.0
2023-10-31T01:00:00,0.0
2023-10-31T02:00:00,0.0
2023-10-31T03:00:00,0.0
2023-10-31T04:00:00,0.0
2023-10-31T05:00:00,0.0
2023-10-31T06:00:00,69.75
2023-10-31T07:00:00,291.77
2023-10-31T08:00:00,526.58
2023-10-31T09:00:00,743.7
2023-10-31T10:00:00,912.7
2023-10-31T11:00:00,1008.58
2023-10-31T12:00:00,1019.25
2023-10-31T13:00:00,955.5
2023-10-31T14:00:00,823.65
2023-10-31T15:00:00,633.78
2023-10-31T16:00:00,406.23
2023-10-31T17:00:00,154.93
2023-10-31T18:00:00,6.9
2023-10-31T19:00:00,0.0
2023-10-31T20:00:00,0.0
2023-10-31T21:00:00,0.0
2023-10-31T22:00:00,0.0
2023-10-31T23:00:00,0.0
2023-11-01T00:00:00,0.0
2023-11-01T01:00:00,0.0
2023-11-01T02:00:00,0.0
2023-11-01T03:00:00,0.0
2023-11-01T04:00:00,0.0
2023-11-01T05:00:00,0.0
2023-11-01T06:00:00,67.62
2023-11-01T07:00:00,256.9
2023-11-01T08:00:00,476.5
2023-11-01T09:00:00,672.83
2023-11-01T10:00:00,839.8
2023-11-01T11:00:00,930.55
2023-11-01T12:00:00,991.45
2023-11-01T13:00:00,886.08
2023-11-01T14:00:00,675.47
2023-11-01T15:00:00,557.47
2023-11-01T16:00:00,335.08
2023-11-01T17:00:00,126.68
2023-11-01T18:00:00,4.47
2023-11-01T19:00:00,0.0
2023-11-01T20:00:00,0.0
2023-11-01T21:00:00,0.0
2023-11-01T22:00:00,0.0
2023-11-01T23:00:00,0.0
2023-11-02T00:00:00,0.0
2023-11-02T01:00:00,0.0
2023-11-02T02:00:00,0.0
2023-11-02T03:00:00,0.0
2023-11-02T04:00:00,0.0
2023-11-02T05:00:00,0.0
2023-11-02T06:00:00,23.3
2023-11-02T07:00:00,76.88
2023-11-02T08:00:00,100.93
2023-11-02T09:00:00,181.45
2023-11-02T10:00:00,345.38
2023-11-02T11:00:00,417.6
2023-11-02T12:00:00,498.7
2023-11-02T13:00:00,533.6
2023-11-02T14:00:00,436.5
2023-11-02T15:00:00,321.85
2023-11-02T16:00:00,177.9
2023-11-02T17:00:00,75.8
2023-11-02T18:00:00,4.32
2023-11-02T19:00:00,0.0
2023-11-02T20:00:00,0.0
2023-11-02T21:00:00,0.0
2023-11-02T22:00:00,0.0
2023-11-02T23:00:00,0.0
2023-11-03T00:00:00,0.0
2023-11-03T01:00:00,0.0
2023-11-03T02:00:00,0.0
2023-11-03T03:00:00,0.0
2023-11-03T04:00:00,0.0
2023-11-03T05:00:00,0.0
2023-11-03T06:00:00,70.47
2023-11-03T07:00:00,275.23
2023-11-03T08:00:00,524.38
2023-11-03T09:00:00,734.9
2023-11-03T10:00:00,849.85
2023-11-03T11:00:00,979.6
2023-11-03T12:00:00,980.35
2023-11-03T13:00:00,757.15
2023-11-03T14:00:00,684.62
2023-11-03T15:00:00,538.65
2023-11-03T16:00:00,346.02
2023-11-03T17:00:00,141.45
2023-11-03T18:00:00,7.12
2023-11-03T19:00:00,0.0
2023-11-03T20:00:00,0.0
2023-11-03T21:00:00,0.0
2023-11-03T22:00:00,0.0
2023-11-03T23:00:00,0.0
2023-11-04T00:00:00,0.0
2023-11-04T01:00:00,0.0
2023-11-04T02:00:00,0.0
2023-11-04T03:00:00,0.0
2023-11-04T04:00:00,0.0
2023-11-04T05:00:00,0.0
2023-11-04T06:00:00,63.4
2023-11-04T07:00:00,218.68
2023-11-04T08:00:00,468.67
2023-11-04T09:00:00,684.0
2023-11-04T10:00:00,827.33
2023-11-04T11:00:00,915.7
2023-11-04T12:00:00,928.05
2023-11-04T13:00:00,873.35
2023-11-04T14:00:00,706.97
2023-11-04T15:00:00,535.03
2023-11-04T16:00:00,331.35
2023-11-04T17:00:00,129.15
2023-11-04T18:00:00,6.38
2023-11-04T19:00:00,0.0
2023-11-04T20:00:00,0.0
2023-11-04T21:00:00,0.0
2023-11-04T22:00:00,0.0
2023-11-04T23:00:00,0.0
2023-11-05T00:00:00,0.0
2023-11-05T01:00:00,0.0
2023-11-05T02:00:00,0.0
2023-11-05T03:00:00,0.0
2023-11-05T04:00:00,0.0
2023-11-05T05:00:00,0.0
2023-11-05T06:00:00,67.05
2023-11-05T07:00:00,224.88
2023-11-05T08:00:00,523.47
2023-11-05T09:00:00,737.4
2023-11-05T10:00:00,894.2
2023-11-05T11:00:00,978.22
2023-11-05T12:00:00,953.9
2023-11-05T13:00:00,920.47
2023-11-05T14:00:00,785.42
2023-11-05T15:00:00,579.67
2023-11-05T16:00:00,361.65
2023-11-05T17:00:00,135.85
2023-11-05T18:00:00,7.3
2023-11-05T19:00:00,0.0
2023-11-05T20:00:00,0.0
2023-11-05T21:00:00,0.0
2023-11-05T22:00:00,0.0
2023-11-05T23:00:00,0.0
2023-11-06T00:00:00,0.0
2023-11-06T01:00:00,0.0
2023-11-06T02:00:00,0.0
2023-11-06T03:00:00,0.0
2023-11-06T04:00:00,0.0
2023-11-06T05:00:00,0.0
2023-11-06T06:00:00,46.35
2023-11-06T07:00:00,183.88
2023-11-06T08:00:00,361.27
2023-11-06T09:00:00,530.65
2023-11-06T10:00:00,683.7
2023-11-06T11:00:00,733.3
2023-11-06T12:00:00,763.78
2023-11-06T13:00:00,651.3
2023-11-06T14:00:00,537.8
2023-11-06T15:00:00,452.55
2023-11-06T16:00:00,258.75
2023-11-06T17:00:00,92.38
2023-11-06T18:00:00,5.5
2023-11-06T19:00:00,0.0
2023-11-06T20:00:00,0.0
2023-11-06T21:00:00,0.0
2023-11-06T22:00:00,0.0
2023-11-06T23:00:00,0.0
2023-11-07T00:00:00,0.0
2023-11-07T01:00:00,0.0
2023-11-07T02:00:00,0.0
2023-11-07T03:00:00,0.0
2023-11-07T04:00:00,0.0
2023-11-07T05:00:00,0.0
2023-11-07T06:00:00,54.38
2023-11-07T07:00:00,214.38
2023-11-07T08:00:00,403.7
2023-11-07T09:00:00,612.2
2023-11-07T10:00:00,742.1
2023-11-07T11:00:00,778.33
2023-11-07T12:00:00,865.55
2023-11-07T13:00:00,775.72
2023-11-07T14:00:00,618.3
2023-11-07T15:00:00,438.62
2023-11-07T16:00:00,243.8
2023-11-07T17:00:00,91.07
2023-11-07T18:00:00,6.7
2023-11-07T19:00:00,0.0
2023-11-07T20:00:00,0.0
2023-11-07T21:00:00,0.0
2023-11-07T22:00:00,0.0
2023-11-07T23:00:00,0.0
2023-11-08T00:00:00,0.0
2023-11-08T01:00:00,0.0
2023-11-08T02:00:00,0.0
2023-11-08T03:00:00,0.0
2023-11-08T04:00:00,0.0
2023-11-08T05:00:00,0.0
2023-11-08T06:00:00,45.47
2023-11-08T07:00:00,153.73
2023-11-08T08:00:00,276.38
2023-11-08T09:00:00,324.05
2023-11-08T10:00:00,415.73
2023-11-08T11:00:00,471.23
2023-11-08T12:00:00,446.48
2023-11-08T13:00:00,121.75
2023-11-08T14:00:00,92.25
2023-11-08T15:00:00,69.1
2023-11-08T16:00:00,44.7
2023-11-08T17:00:00,19.12
2023-11-08T18:00:00,1.45
2023-11-08T19:00:00,0.0
2023-11-08T20:00:00,0.0
2023-11-08T21:00:00,0.0
2023-11-08T22:00:00,0.0
2023-11-08T23:00:00,0.0
2023-11-09T00:00:00,0.0
2023-11-09T01:00:00,0.0
2023-11-09T02:00:00,0.0
2023-11-09T03:00:00,0.0
2023-11-09T04:00:00,0.0
2023-11-09T05:00:00,0.0
2023-11-09T06:00:00,76.82
2023-11-09T07:00:00,280.9
2023-11-09T08:00:00,493.02
2023-11-09T09:00:00,668.72
2023-11-09T10:00:00,829.53
2023-11-09T11:00:00,961.33
2023-11-09T12:00:00,992.65
2023-11-09T13:00:00,897.15
2023-11-09T14:00:00,776.55
2023-11-09T15:00:00,580.25
2023-11-09T16:00:00,368.15
2023-11-09T17:00:00,150.07
2023-11-09T18:00:00,7.97
2023-11-09T19:00:00,0.0
2023-11-09T20:00:00,0.0
2023-11-09T21:00:00,0.0
2023-11-09T22:00:00,0.0
2023-11-09T23:00:00,0.0
2023-11-10T00:00:00,0.0
2023-11-10T01:00:00,0.0
2023-11-10T02:00:00,0.0
2023-11-10T03:00:00,0.0
2023-11-10T04:00:00,0.0
2023-11-10T05:00:00,0.0
2023-11-10T06:00:00,87.05
2023-11-10T07:00:00,295.4
2023-11-10T08:00:00,502.2
2023-11-10T09:00:00,675.28
2023-11-10T10:00:00,847.17
2023-11-10T11:00:00,982.03
2023-11-10T12:00:00,1020.6
2023-11-10T13:00:00,954.28
2023-11-10T14:00:00,814.3
2023-11-10T15:00:00,618.25
2023-11-10T16:00:00,392.67
2023-11-10T17:00:00,156.75
2023-11-10T18:00:00,8.73
2023-11-10T19:00:00,0.0
2023-11-10T20:00:00,0.0
2023-11-10T21:00:00,0.0
2023-11-10T22:00:00,0.0
2023-11-10T23:00:00,0.0
2023-11-11T00:00:00,0.0
2023-11-11T01:00:00,0.0
2023-11-11T02:00:00,0.0
2023-11-11T03:00:00,0.0
2023-11-11T04:00:00,0.0
2023-11-11T05:00:00,0.0
2023-11-11T06:00:00,99.38
2023-11-11T07:00:00,335.2
2023-11-11T08:00:00,566.12
2023-11-11T09:00:00,768.22
2023-11-11T10:00:00,914.05
2023-11-11T11:00:00,1003.38
2023-11-11T12:00:00,1019.6
2023-11-11T13:00:00,936.53
2023-11-11T14:00:00,787.5
2023-11-11T15:00:00,605.4
2023-11-11T16:00:00,385.02
2023-11-11T17:00:00,156.55
2023-11-11T18:00:00,9.7
2023-11-11T19:00:00,0.0
2023-11-11T20:00:00,0.0
2023-11-11T21:00:00,0.0
2023-11-11T22:00:00,0.0
2023-11-11T23:00:00,0.0
2023-11-12T00:00:00,0.0
2023-11-12T01:00:00,0.0
2023-11-12T02:00:00,0.0
2023-11-12T03:00:00,0.0
2023-11-12T04:00:00,0.0
2023-11-12T05:00:00,0.0
2023-11-12T06:00:00,101.12
2023-11-12T07:00:00,333.8
2023-11-12T08:00:00,569.08
2023-11-12T09:00:00,761.0
2023-11-12T10:00:00,911.4
2023-11-12T11:00:00,995.15
2023-11-12T12:00:00,1019.1
2023-11-12T13:00:00,963.6
2023-11-12T14:00:00,800.03
2023-11-12T15:00:00,605.8
2023-11-12T16:00:00,390.65
2023-11-12T17:00:00,166.88
2023-11-12T18:00:00,10.48
2023-11-12T19:00:00,0.0
2023-11-12T20:00:00,0.0
2023-11-12T21:00:00,0.0
2023-11-12T22:00:00,0.0
2023-11-12T23:00:00,0.0
2023-11-13T00:00:00,0.0
2023-11-13T01:00:00,0.0
2023-11-13T02:00:00,0.0
2023-11-13T03:00:00,0.0
2023-11-13T04:00:00,0.0
2023-11-13T05:00:00,0.0
2023-11-13T06:00:00,100.38
2023-11-13T07:00:00,327.73
2023-11-13T08:00:00,559.05
2023-11-13T09:00:00,744.72
2023-11-13T10:00:00,893.9
2023-11-13T11:00:00,999.7
2023-11-13T12:00:00,964.12
2023-11-13T13:00:00,909.08
2023-11-13T14:00:00,771.05
2023-11-13T15:00:00,568.58
2023-11-13T16:00:00,368.33
2023-11-13T17:00:00,153.1
2023-11-13T18:00:00,7.05
2023-11-13T19:00:00,0.0
2023-11-13T20:00:00,0.0
2023-11-13T21:00:00,0.0
2023-11-13T22:00:00,0.0
2023-11-13T23:00:00,0.0
2023-11-14T00:00:00,0.0
2023-11-14T01:00:00,0.0
2023-11-14T02:00:00,0.0
2023-11-14T03:00:00,0.0
2023-11-14T04:00:00,0.0
2023-11-14T05:00:00,0.0
2023-11-14T06:00:00,69.07
2023-11-14T07:00:00,257.17
2023-11-14T08:00:00,452.4
2023-11-14T09:00:00,735.8
2023-11-14T10:00:00,900.33
2023-11-14T11:00:00,973.17
2023-11-14T12:00:00,948.12
2023-11-14T13:00:00,853.28
2023-11-14T14:00:00,716.58
2023-11-14T15:00:00,543.85
2023-11-14T16:00:00,313.42
2023-11-14T17:00:00,104.72
2023-11-14T18:00:00,7.35
2023-11-14T19:00:00,0.0
2023-11-14T20:00:00,0.0
2023-11-14T21:00:00,0.0
2023-11-14T22:00:00,0.0
2023-11-14T23:00:00,0.0
2023-11-15T00:00:00,0.0
2023-11-15T01:00:00,0.0
2023-11-15T02:00:00,0.0
2023-11-15T03:00:00,0.0
2023-11-15T04:00:00,0.0
2023-11-15T05:00:00,0.0
2023-11-15T06:00:00,72.95
2023-11-15T07:00:00,218.77
2023-11-15T08:00:00,376.15
2023-11-15T09:00:00,517.65
2023-11-15T10:00:00,587.75
2023-11-15T11:00:00,763.35
2023-11-15T12:00:00,814.97
2023-11-15T13:00:00,822.1
2023-11-15T14:00:00,658.12
2023-11-15T15:00:00,495.85
2023-11-15T16:00:00,301.05
2023-11-15T17:00:00,112.95
2023-11-15T18:00:00,9.93
2023-11-15T19:00:00,0.0
2023-11-15T20:00:00,0.0
2023-11-15T21:00:00,0.0
2023-11-15T22:00:00,0.0
2023-11-15T23:00:00,0.0
2023-11-16T00:00:00,0.0
2023-11-16T01:00:00,0.0
2023-11-16T02:00:00,0.0
2023-11-16T03:00:00,0.0
2023-11-16T04:00:00,0.0
2023-11-16T05:00:00,0.0
2023-11-16T06:00:00,96.22
2023-11-16T07:00:00,323.67
2023-11-16T08:00:00,545.7
2023-11-16T09:00:00,722.58
2023-11-16T10:00:00,867.67
2023-11-16T11:00:00,950.35
2023-11-16T12:00:00,1010.67
2023-11-16T13:00:00,947.6
2023-11-16T14:00:00,783.95
2023-11-16T15:00:00,601.47
2023-11-16T16:00:00,362.7
2023-11-16T17:00:00,152.5
2023-11-16T18:00:00,10.7
2023-11-16T19:00:00,0.0
2023-11-16T20:00:00,0.0
2023-11-16T21:00:00,0.0
2023-11-16T22:00:00,0.0
2023-11-16T23:00:00,0.0
2023-11-17T00:00:00,0.0
2023-11-17T01:00:00,0.0
2023-11-17T02:00:00,0.0
2023-11-17T03:00:00,0.0
2023-11-17T04:00:00,0.0
2023-11-17T05:00:00,0.0
2023-11-17T06:00:00,84.82
2023-11-17T07:00:00,301.9
2023-11-17T08:00:00,529.9
2023-11-17T09:00:00,693.97
2023-11-17T10:00:00,832.9
2023-11-17T11:00:00,873.1
2023-11-17T12:00:00,929.85
2023-11-17T13:00:00,877.4
2023-11-17T14:00:00,778.1
2023-11-17T15:00:00,593.67
2023-11-17T16:00:00,376.25
2023-11-17T17:00:00,166.35
2023-11-17T18:00:00,10.65
2023-11-17T19:00:00,0.0
2023-11-17T20:00:00,0.0
2023-11-17T21:00:00,0.0
2023-11-17T22:00:00,0.0
2023-11-17T23:00:00,0.0
2023-11-18T00:00:00,0.0
2023-11-18T01:00:00,0.0
2023-11-18T02:00:00,0.0
2023-11-18T03:00:00,0.0
2023-11-18T04:00:00,0.0
2023-11-18T05:00:00,0.0
2023-11-18T06:00:00,97.65
2023-11-18T07:00:00,329.52
2023-11-18T08:00:00,563.15
2023-11-18T09:00:00,757.85
2023-11-18T10:00:00,900.17
2023-11-18T11:00:00,990.97
2023-11-18T12:00:00,1001.9
2023-11-18T13:00:00,914.7
2023-11-18T14:00:00,759.28
2023-11-18T15:00:00,569.65
2023-11-18T16:00:00,358.05
2023-11-18T17:00:00,151.45
2023-11-18T18:00:00,11.73
2023-11-18T19:00:00,0.0
2023-11-18T20:00:00,0.0
2023-11-18T21:00:00,0.0
2023-11-18T22:00:00,0.0
2023-11-18T23:00:00,0.0
2023-11-19T00:00:00,0.0
2023-11-19T01:00:00,0.0
2023-11-19T02:00:00,0.0
2023-11-19T03:00:00,0.0
2023-11-19T04:00:00,0.0
2023-11-19T05:00:00,0.0
2023-11-19T06:00:00,93.62
2023-11-19T07:00:00,321.17
2023-11-19T08:00:00,554.22
2023-11-19T09:00:00,765.95
2023-11-19T10:00:00,922.33
2023-11-19T11:00:00,1006.35
2023-11-19T12:00:00,1008.5
2023-11-19T13:00:00,913.6
2023-11-19T14:00:00,633.47
2023-11-19T15:00:00,527.42
2023-11-19T16:00:00,288.08
2023-11-19T17:00:00,177.73
2023-11-19T18:00:00,13.3
2023-11-19T19:00:00,0.0
2023-11-19T20:00:00,0.0
2023-11-19T21:00:00,0.0
2023-11-19T22:00:00,0.0
2023-11-19T23:00:00,0.0
2023-11-20T00:00:00,0.0
2023-11-20T01:00:00,0.0
2023-11-20T02:00:00,0.0
2023-11-20T03:00:00,0.0
2023-11-20T04:00:00,0.0
2023-11-20T05:00:00,0.0
2023-11-20T06:00:00,102.1
2023-11-20T07:00:00,338.12
2023-11-20T08:00:00,580.1
2023-11-20T09:00:00,785.85
2023-11-20T10:00:00,921.8
2023-11-20T11:00:00,1004.25
2023-11-20T12:00:00,1004.15
2023-11-20T13:00:00,933.22
2023-11-20T14:00:00,802.9
2023-11-20T15:00:00,623.7
2023-11-20T16:00:00,414.8
2023-11-20T17:00:00,179.15
2023-11-20T18:00:00,13.25
2023-11-20T19:00:00,0.0
2023-11-20T20:00:00,0.0
2023-11-20T21:00:00,0.0
2023-11-20T22:00:00,0.0
2023-11-20T23:00:00,0.0
2023-11-21T00:00:00,0.0
2023-11-21T01:00:00,0.0
2023-11-21T02:00:00,0.0
2023-11-21T03:00:00,0.0
2023-11-21T04:00:00,0.0
2023-11-21T05:00:00,0.0
2023-11-21T06:00:00,94.07
2023-11-21T07:00:00,316.2
2023-11-21T08:00:00,573.35
2023-11-21T09:00:00,771.15
2023-11-21T10:00:00,923.3
2023-11-21T11:00:00,1017.75
2023-11-21T12:00:00,1025.62
2023-11-21T13:00:00,979.42
2023-11-21T14:00:00,768.8
2023-11-21T15:00:00,643.12
2023-11-21T16:00:00,420.12
2023-11-21T17:00:00,185.9
2023-11-21T18:00:00,14.15
2023-11-21T19:00:00,0.0
2023-11-21T20:00:00,0.0
2023-11-21T21:00:00,0.0
2023-11-21T22:00:00,0.0
2023-11-21T23:00:00,0.0
2023-11-22T00:00:00,0.0
2023-11-22T01:00:00,0.0
2023-11-22T02:00:00,0.0
2023-11-22T03:00:00,0.0
2023-11-22T04:00:00,0.0
2023-11-22T05:00:00,0.0
2023-11-22T06:00:00,52.53
2023-11-22T07:00:00,184.18
2023-11-22T08:00:00,358.75
2023-11-22T09:00:00,472.67
2023-11-22T10:00:00,619.7
2023-11-22T11:00:00,692.12
2023-11-22T12:00:00,708.83
2023-11-22T13:00:00,620.17
2023-11-22T14:00:00,434.2
2023-11-22T15:00:00,408.45
2023-11-22T16:00:00,233.65
2023-11-22T17:00:00,100.93
2023-11-22T18:00:00,9.1
2023-11-22T19:00:00,0.0
2023-11-22T20:00:00,0.0
2023-11-22T21:00:00,0.0
2023-11-22T22:00:00,0.0
2023-11-22T23:00:00,0.0
2023-11-23T00:00:00,0.0
2023-11-23T01:00:00,0.0
2023-11-23T02:00:00,0.0
2023-11-23T03:00:00,0.0
2023-11-23T04:00:00,0.0
2023-11-23T05:00:00,0.0
2023-11-23T06:00:00,76.85
2023-11-23T07:00:00,249.93
2023-11-23T08:00:00,472.73
2023-11-23T09:00:00,676.3
2023-11-23T10:00:00,858.42
2023-11-23T11:00:00,926.85
2023-11-23T12:00:00,948.38
2023-11-23T13:00:00,890.95
2023-11-23T14:00:00,786.72
2023-11-23T15:00:00,540.83
2023-11-23T16:00:00,300.88
2023-11-23T17:00:00,141.55
2023-11-23T18:00:00,11.55
2023-11-23T19:00:00,0.0
2023-11-23T20:00:00,0.0
2023-11-23T21:00:00,0.0
2023-11-23T22:00:00,0.0
2023-11-23T23:00:00,0.0
2023-11-24T00:00:00,0.0
2023-11-24T01:00:00,0.0
2023-11-24T02:00:00,0.0
2023-11-24T03:00:00,0.0
2023-11-24T04:00:00,0.0
2023-11-24T05:00:00,0.0
2023-11-24T06:00:00,76.97
2023-11-24T07:00:00,269.12
2023-11-24T08:00:00,485.2
2023-11-24T09:00:00,689.67
2023-11-24T10:00:00,868.9
2023-11-24T11:00:00,926.35
2023-11-24T12:00:00,867.12
2023-11-24T13:00:00,824.83
2023-11-24T14:00:00,679.92
2023-11-24T15:00:00,500.45
2023-11-24T16:00:00,290.17
2023-11-24T17:00:00,111.28
2023-11-24T18:00:00,11.55
2023-11-24T19:00:00,0.0
2023-11-24T20:00:00,0.0
2023-11-24T21:00:00,0.0
2023-11-24T22:00:00,0.0
2023-11-24T23:00:00,0.0
2023-11-25T00:00:00,0.0
2023-11-25T01:00:00,0.0
2023-11-25T02:00:00,0.0
2023-11-25T03:00:00,0.0
2023-11-25T04:00:00,0.0
2023-11-25T05:00:00,0.0
2023-11-25T06:00:00,85.12
2023-11-25T07:00:00,301.08
2023-11-25T08:00:00,533.55
2023-11-25T09:00:00,734.67
2023-11-25T10:00:00,826.67
2023-11-25T11:00:00,979.45
2023-11-25T12:00:00,934.67
2023-11-25T13:00:00,869.03
2023-11-25T14:00:00,773.15
2023-11-25T15:00:00,600.15
2023-11-25T16:00:00,372.0
2023-11-25T17:00:00,167.23
2023-11-25T18:00:00,14.9
2023-11-25T19:00:00,0.0
2023-11-25T20:00:00,0.0
2023-11-25T21:00:00,0.0
2023-11-25T22:00:00,0.0
2023-11-25T23:00:00,0.0
2023-11-26T00:00:00,0.0
2023-11-26T01:00:00,0.0
2023-11-26T02:00:00,0.0
2023-11-26T03:00:00,0.0
2023-11-26T04:00:00,0.0
2023-11-26T05:00:00,0.0
2023-11-26T06:00:00,82.3
2023-11-26T07:00:00,284.12
2023-11-26T08:00:00,493.42
2023-11-26T09:00:00,712.58
2023-11-26T10:00:00,882.28
2023-11-26T11:00:00,966.8
2023-11-26T12:00:00,988.67
2023-11-26T13:00:00,935.05
2023-11-26T14:00:00,794.5
2023-11-26T15:00:00,624.25
2023-11-26T16:00:00,400.27
2023-11-26T17:00:00,177.73
2023-11-26T18:00:00,14.15
2023-11-26T19:00:00,0.0
2023-11-26T20:00:00,0.0
2023-11-26T21:00:00,0.0
2023-11-26T22:00:00,0.0
2023-11-26T23:00:00,0.0
2023-11-27T00:00:00,0.0
2023-11-27T01:00:00,0.0
2023-11-27T02:00:00,0.0
2023-11-27T03:00:00,0.0
2023-11-27T04:00:00,0.0
2023-11-27T05:00:00,0.0
2023-11-27T06:00:00,16.98
2023-11-27T07:00:00,59.53
2023-11-27T08:00:00,54.62
2023-11-27T09:00:00,208.77
2023-11-27T10:00:00,434.6
2023-11-27T11:00:00,628.9
2023-11-27T12:00:00,852.1
2023-11-27T13:00:00,752.15
2023-11-27T14:00:00,555.62
2023-11-27T15:00:00,410.25
2023-11-27T16:00:00,269.52
2023-11-27T17:00:00,91.55
2023-11-27T18:00:00,8.27
2023-11-27T19:00:00,0.0
2023-11-27T20:00:00,0.0
2023-11-27T21:00:00,0.0
2023-11-27T22:00:00,0.0
2023-11-27T23:00:00,0.0
2023-11-28T00:00:00,0.0
2023-11-28T01:00:00,0.0
2023-11-28T02:00:00,0.0
2023-11-28T03:00:00,0.0
2023-11-28T04:00:00,0.0
2023-11-28T05:00:00,0.0
2023-11-28T06:00:00,26.85
2023-11-28T07:00:00,65.4
2023-11-28T08:00:00,114.18
2023-11-28T09:00:00,158.48
2023-11-28T10:00:00,226.55
2023-11-28T11:00:00,299.05
2023-11-28T12:00:00,310.67
2023-11-28T13:00:00,362.83
2023-11-28T14:00:00,342.33
2023-11-28T15:00:00,249.05
2023-11-28T16:00:00,165.4
2023-11-28T17:00:00,73.85
2023-11-28T18:00:00,6.97
2023-11-28T19:00:00,0.0
2023-11-28T20:00:00,0.0
2023-11-28T21:00:00,0.0
2023-11-28T22:00:00,0.0
2023-11-28T23:00:00,0.0
2023-11-29T00:00:00,0.0
2023-11-29T01:00:00,0.0
2023-11-29T02:00:00,0.0
2023-11-29T03:00:00,0.0
2023-11-29T04:00:00,0.0
2023-11-29T05:00:00,0.0
2023-11-29T06:00:00,75.32
2023-11-29T07:00:00,244.23
2023-11-29T08:00:00,490.65
2023-11-29T09:00:00,726.9
2023-11-29T10:00:00,875.05
2023-11-29T11:00:00,966.72
2023-11-29T12:00:00,985.55
2023-11-29T13:00:00,931.72
2023-11-29T14:00:00,789.45
2023-11-29T15:00:00,614.28
2023-11-29T16:00:00,394.65
2023-11-29T17:00:00,179.23
2023-11-29T18:00:00,15.95
2023-11-29T19:00:00,0.0
2023-11-29T20:00:00,0.0
2023-11-29T21:00:00,0.0
2023-11-29T22:00:00,0.0
2023-11-29T23:00:00,0.0
2023-11-30T00:00:00,0.0
2023-11-30T01:00:00,0.0
2023-11-30T02:00:00,0.0
2023-11-30T03:00:00,0.0
2023-11-30T04:00:00,0.0
2023-11-30T05:00:00,0.0
2023-11-30T06:00:00,80.32
2023-11-30T07:00:00,301.23
2023-11-30T08:00:00,545.58
2023-11-30T09:00:00,726.05
2023-11-30T10:00:00,831.28
2023-11-30T11:00:00,884.5
2023-11-30T12:00:00,925.42
2023-11-30T13:00:00,804.28
2023-11-30T14:00:00,745.38
2023-11-30T15:00:00,573.38
2023-11-30T16:00:00,355.65
2023-11-30T17:00:00,149.88
2023-11-30T18:00:00,14.38
2023-11-30T19:00:00,0.0
2023-11-30T20:00:00,0.0
2023-11-30T21:00:00,0.0
2023-11-30T22:00:00,0.0
2023-11-30T23:00:00,0.0
2023-12-01T00:00:00,0.0
2023-12-01T01:00:00,0.0
2023-12-01T02:00:00,0.0
2023-12-01T03:00:00,0.0
2023-12-01T04:00:00,0.0
2023-12-01T05:00:00,0.0
2023-12-01T06:00:00,39.3
2023-12-01T07:00:00,126.85
2023-12-01T08:00:00,202.62
2023-12-01T09:00:00,269.3
2023-12-01T10:00:00,177.12
2023-12-01T11:00:00,207.3
2023-12-01T12:00:00,264.95
2023-12-01T13:00:00,241.27
2023-12-01T14:00:00,252.07
2023-12-01T15:00:00,191.55
2023-12-01T16:00:00,117.6
2023-12-01T17:00:00,44.9
2023-12-01T18:00:00,6.95
2023-12-01T19:00:00,0.0
2023-12-01T20:00:00,0.0
2023-12-01T21:00:00,0.0
2023-12-01T22:00:00,0.0
2023-12-01T23:00:00,0.0
2023-12-02T00:00:00,0.0
2023-12-02T01:00:00,0.0
2023-12-02T02:00:00,0.0
2023-12-02T03:00:00,0.0
2023-12-02T04:00:00,0.0
2023-12-02T05:00:00,0.0
2023-12-02T06:00:00,61.3
2023-12-02T07:00:00,209.65
2023-12-02T08:00:00,381.05
2023-12-02T09:00:00,634.78
2023-12-02T10:00:00,779.53
2023-12-02T11:00:00,881.15
2023-12-02T12:00:00,852.17
2023-12-02T13:00:00,828.12
2023-12-02T14:00:00,741.22
2023-12-02T15:00:00,536.65
2023-12-02T16:00:00,349.3
2023-12-02T17:00:00,180.45
2023-12-02T18:00:00,13.3
2023-12-02T19:00:00,0.0
2023-12-02T20:00:00,0.0
2023-12-02T21:00:00,0.0
2023-12-02T22:00:00,0.0
2023-12-02T23:00:00,0.0
2023-12-03T00:00:00,0.0
2023-12-03T01:00:00,0.0
2023-12-03T02:00:00,0.0
2023-12-03T03:00:00,0.0
2023-12-03T04:00:00,0.0
2023-12-03T05:00:00,0.0
2023-12-03T06:00:00,86.22
2023-12-03T07:00:00,306.45
2023-12-03T08:00:00,548.45
2023-12-03T09:00:00,757.8
2023-12-03T10:00:00,907.0
2023-12-03T11:00:00,996.6
2023-12-03T12:00:00,999.05
2023-12-03T13:00:00,937.15
2023-12-03T14:00:00,788.97
2023-12-03T15:00:00,609.05
2023-12-03T16:00:00,405.62
2023-12-03T17:00:00,179.45
2023-12-03T18:00:00,19.0
2023-12-03T19:00:00,0.0
2023-12-03T20:00:00,0.0
2023-12-03T21:00:00,0.0
2023-12-03T22:00:00,0.0
2023-12-03T23:00:00,0.0
2023-12-04T00:00:00,0.0
2023-12-04T01:00:00,0.0
2023-12-04T02:00:00,0.0
2023-12-04T03:00:00,0.0
2023-12-04T04:00:00,0.0
2023-12-04T05:00:00,0.0
2023-12-04T06:00:00,86.7
2023-12-04T07:00:00,313.38
2023-12-04T08:00:00,548.65
2023-12-04T09:00:00,749.3
2023-12-04T10:00:00,878.95
2023-12-04T11:00:00,981.45
2023-12-04T12:00:00,1004.45
2023-12-04T13:00:00,954.4
2023-12-04T14:00:00,830.88
2023-12-04T15:00:00,638.8
2023-12-04T16:00:00,429.27
2023-12-04T17:00:00,206.68
2023-12-04T18:00:00,22.02
2023-12-04T19:00:00,0.0
2023-12-04T20:00:00,0.0
2023-12-04T21:00:00,0.0
2023-12-04T22:00:00,0.0
2023-12-04T23:00:00,0.0
2023-12-05T00:00:00,0.0
2023-12-05T01:00:00,0.0
2023-12-05T02:00:00,0.0
2023-12-05T03:00:00,0.0
2023-12-05T04:00:00,0.0
2023-12-05T05:00:00,0.0
2023-12-05T06:00:00,84.57
2023-12-05T07:00:00,300.35
2023-12-05T08:00:00,526.53
2023-12-05T09:00:00,727.53
2023-12-05T10:00:00,876.55
2023-12-05T11:00:00,987.05
2023-12-05T12:00:00,993.6
2023-12-05T13:00:00,898.55
2023-12-05T14:00:00,628.98
2023-12-05T15:00:00,444.12
2023-12-05T16:00:00,276.23
2023-12-05T17:00:00,142.23
2023-12-05T18:00:00,22.8
2023-12-05T19:00:00,0.0
2023-12-05T20:00:00,0.0
2023-12-05T21:00:00,0.0
2023-12-05T22:00:00,0.0
2023-12-05T23:00:00,0.0
2023-12-06T00:00:00,0.0
2023-12-06T01:00:00,0.0
2023-12-06T02:00:00,0.0
2023-12-06T03:00:00,0.0
2023-12-06T04:00:00,0.0
2023-12-06T05:00:00,0.0
2023-12-06T06:00:00,76.18
2023-12-06T07:00:00,282.2
2023-12-06T08:00:00,541.45
2023-12-06T09:00:00,739.05
2023-12-06T10:00:00,901.0
2023-12-06T11:00:00,981.22
2023-12-06T12:00:00,994.67
2023-12-06T13:00:00,945.75
2023-12-06T14:00:00,805.8
2023-12-06T15:00:00,572.12
2023-12-06T16:00:00,405.3
2023-12-06T17:00:00,185.35
2023-12-06T18:00:00,21.67
2023-12-06T19:00:00,0.0
2023-12-06T20:00:00,0.0
2023-12-06T21:00:00,0.0
2023-12-06T22:00:00,0.0
2023-12-06T23:00:00,0.0
2023-12-07T00:00:00,0.0
2023-12-07T01:00:00,0.0
2023-12-07T02:00:00,0.0
2023-12-07T03:00:00,0.0
2023-12-07T04:00:00,0.0
2023-12-07T05:00:00,0.0
2023-12-07T06:00:00,45.55
2023-12-07T07:00:00,207.93
2023-12-07T08:00:00,408.9
2023-12-07T09:00:00,582.78
2023-12-07T10:00:00,697.1
2023-12-07T11:00:00,772.35
2023-12-07T12:00:00,790.55
2023-12-07T13:00:00,694.03
2023-12-07T14:00:00,655.3
2023-12-07T15:00:00,467.75
2023-12-07T16:00:00,308.38
2023-12-07T17:00:00,138.75
2023-12-07T18:00:00,10.2
2023-12-07T19:00:00,0.0
2023-12-07T20:00:00,0.0
2023-12-07T21:00:00,0.0
2023-12-07T22:00:00,0.0
2023-12-07T23:00:00,0.0
2023-12-08T00:00:00,0.0
2023-12-08T01:00:00,0.0
2023-12-08T02:00:00,0.0
2023-12-08T03:00:00,0.0
2023-12-08T04:00:00,0.0
2023-12-08T05:00:00,0.0
2023-12-08T06:00:00,68.43
2023-12-08T07:00:00,264.17
2023-12-08T08:00:00,478.25
2023-12-08T09:00:00,673.62
2023-12-08T10:00:00,809.88
2023-12-08T11:00:00,860.92
2023-12-08T12:00:00,890.05
2023-12-08T13:00:00,913.35
2023-12-08T14:00:00,812.33
2023-12-08T15:00:00,618.78
2023-12-08T16:00:00,403.15
2023-12-08T17:00:00,196.25
2023-12-08T18:00:00,22.33
2023-12-08T19:00:00,0.0
2023-12-08T20:00:00,0.0
2023-12-08T21:00:00,0.0
2023-12-08T22:00:00,0.0
2023-12-08T23:00:00,0.0
2023-12-09T00:00:00,0.0
2023-12-09T01:00:00,0.0
2023-12-09T02:00:00,0.0
2023-12-09T03:00:00,0.0
2023-12-09T04:00:00,0.0
2023-12-09T05:00:00,0.0
2023-12-09T06:00:00,60.1
2023-12-09T07:00:00,186.23
2023-12-09T08:00:00,369.0
2023-12-09T09:00:00,565.8
2023-12-09T10:00:00,630.15
2023-12-09T11:00:00,305.2
2023-12-09T12:00:00,89.82
2023-12-09T13:00:00,136.25
2023-12-09T14:00:00,144.1
2023-12-09T15:00:00,140.4
2023-12-09T16:00:00,55.22
2023-12-09T17:00:00,29.45
2023-12-09T18:00:00,5.88
2023-12-09T19:00:00,0.0
2023-12-09T20:00:00,0.0
2023-12-09T21:00:00,0.0
2023-12-09T22:00:00,0.0
2023-12-09T23:00:00,0.0
2023-12-10T00:00:00,0.0
2023-12-10T01:00:00,0.0
2023-12-10T02:00:00,0.0
2023-12-10T03:00:00,0.0
2023-12-10T04:00:00,0.0
2023-12-10T05:00:00,0.0
2023-12-10T06:00:00,46.97
2023-12-10T07:00:00,164.0
2023-12-10T08:00:00,297.33
2023-12-10T09:00:00,463.6
2023-12-10T10:00:00,629.08
2023-12-10T11:00:00,790.8
2023-12-10T12:00:00,830.33
2023-12-10T13:00:00,800.75
2023-12-10T14:00:00,690.7
2023-12-10T15:00:00,525.03
2023-12-10T16:00:00,337.08
2023-12-10T17:00:00,163.38
2023-12-10T18:00:00,18.0
2023-12-10T19:00:00,0.0
2023-12-10T20:00:00,0.0
2023-12-10T21:00:00,0.0
2023-12-10T22:00:00,0.0
2023-12-10T23:00:00,0.0
2023-12-11T00:00:00,0.0
2023-12-11T01:00:00,0.0
2023-12-11T02:00:00,0.0
2023-12-11T03:00:00,0.0
2023-12-11T04:00:00,0.0
2023-12-11T05:00:00,0.0
2023-12-11T06:00:00,32.95
2023-12-11T07:00:00,138.35
2023-12-11T08:00:00,278.88
2023-12-11T09:00:00,383.4
2023-12-11T10:00:00,426.73
2023-12-11T11:00:00,469.42
2023-12-11T12:00:00,415.35
2023-12-11T13:00:00,244.45
2023-12-11T14:00:00,220.12
2023-12-11T15:00:00,176.18
2023-12-11T16:00:00,141.8
2023-12-11T17:00:00,20.02
2023-12-11T18:00:00,11.07
2023-12-11T19:00:00,0.0
2023-12-11T20:00:00,0.0
2023-12-11T21:00:00,0.0
2023-12-11T22:00:00,0.0
2023-12-11T23:00:00,0.0
2023-12-12T00:00:00,0.0
2023-12-12T01:00:00,0.0
2023-12-12T02:00:00,0.0
2023-12-12T03:00:00,0.0
2023-12-12T04:00:00,0.0
2023-12-12T05:00:00,0.0
2023-12-12T06:00:00,21.75
2023-12-12T07:00:00,74.72
2023-12-12T08:00:00,134.23
2023-12-12T09:00:00,225.12
2023-12-12T10:00:00,207.55
2023-12-12T11:00:00,437.38
2023-12-12T12:00:00,442.15
2023-12-12T13:00:00,471.67
2023-12-12T14:00:00,371.25
2023-12-12T15:00:00,260.8
2023-12-12T16:00:00,155.68
2023-12-12T17:00:00,106.38
2023-12-12T18:00:00,9.07
2023-12-12T19:00:00,0.0
2023-12-12T20:00:00,0.0
2023-12-12T21:00:00,0.0
2023-12-12T22:00:00,0.0
2023-12-12T23:00:00,0.0
2023-12-13T00:00:00,0.0
2023-12-13T01:00:00,0.0
2023-12-13T02:00:00,0.0
2023-12-13T03:00:00,0.0
2023-12-13T04:00:00,0.0
2023-12-13T05:00:00,0.0
2023-12-13T06:00:00,59.85
2023-12-13T07:00:00,246.12
2023-12-13T08:00:00,439.98
2023-12-13T09:00:00,668.08
2023-12-13T10:00:00,876.83
2023-12-13T11:00:00,900.75
2023-12-13T12:00:00,928.45
2023-12-13T13:00:00,783.8
2023-12-13T14:00:00,613.33
2023-12-13T15:00:00,476.3
2023-12-13T16:00:00,296.2
2023-12-13T17:00:00,158.48
2023-12-13T18:00:00,14.75
2023-12-13T19:00:00,0.0
2023-12-13T20:00:00,0.0
2023-12-13T21:00:00,0.0
2023-12-13T22:00:00,0.0
2023-12-13T23:00:00,0.0
2023-12-14T00:00:00,0.0
2023-12-14T01:00:00,0.0
2023-12-14T02:00:00,0.0
2023-12-14T03:00:00,0.0
2023-12-14T04:00:00,0.0
2023-12-14T05:00:00,0.0
2023-12-14T06:00:00,41.7
2023-12-14T07:00:00,149.52
2023-12-14T08:00:00,289.3
2023-12-14T09:00:00,468.88
2023-12-14T10:00:00,628.58
2023-12-14T11:00:00,571.17
2023-12-14T12:00:00,568.38
2023-12-14T13:00:00,554.55
2023-12-14T14:00:00,450.02
2023-12-14T15:00:00,324.08
2023-12-14T16:00:00,209.1
2023-12-14T17:00:00,129.4
2023-12-14T18:00:00,9.88
2023-12-14T19:00:00,0.0
2023-12-14T20:00:00,0.0
2023-12-14T21:00:00,0.0
2023-12-14T22:00:00,0.0
2023-12-14T23:00:00,0.0
2023-12-15T00:00:00,0.0
2023-12-15T01:00:00,0.0
2023-12-15T02:00:00,0.0
2023-12-15T03:00:00,0.0
2023-12-15T04:00:00,0.0
2023-12-15T05:00:00,0.0
2023-12-15T06:00:00,39.25
2023-12-15T07:00:00,150.12
2023-12-15T08:00:00,301.17
2023-12-15T09:00:00,531.8
2023-12-15T10:00:00,712.65
2023-12-15T11:00:00,729.95
2023-12-15T12:00:00,722.55
2023-12-15T13:00:00,767.95
2023-12-15T14:00:00,606.03
2023-12-15T15:00:00,486.17
2023-12-15T16:00:00,333.27
2023-12-15T17:00:00,165.7
2023-12-15T18:00:00,17.3
2023-12-15T19:00:00,0.0
2023-12-15T20:00:00,0.0
2023-12-15T21:00:00,0.0
2023-12-15T22:00:00,0.0
2023-12-15T23:00:00,0.0
2023-12-16T00:00:00,0.0
2023-12-16T01:00:00,0.0
2023-12-16T02:00:00,0.0
2023-12-16T03:00:00,0.0
2023-12-16T04:00:00,0.0
2023-12-16T05:00:00,0.0
2023-12-16T06:00:00,37.05
2023-12-16T07:00:00,143.5
2023-12-16T08:00:00,314.92
2023-12-16T09:00:00,438.5
2023-12-16T10:00:00,556.6
2023-12-16T11:00:00,657.08
2023-12-16T12:00:00,725.53
2023-12-16T13:00:00,774.67
2023-12-16T14:00:00,687.1
2023-12-16T15:00:00,545.03
2023-12-16T16:00:00,345.58
2023-12-16T17:00:00,178.68
2023-12-16T18:00:00,21.4
2023-12-16T19:00:00,0.0
2023-12-16T20:00:00,0.0
2023-12-16T21:00:00,0.0
2023-12-16T22:00:00,0.0
2023-12-16T23:00:00,0.0
2023-12-17T00:00:00,0.0
2023-12-17T01:00:00,0.0
2023-12-17T02:00:00,0.0
2023-12-17T03:00:00,0.0
2023-12-17T04:00:00,0.0
2023-12-17T05:00:00,0.0
2023-12-17T06:00:00,56.88
2023-12-17T07:00:00,250.95
2023-12-17T08:00:00,475.27
2023-12-17T09:00:00,624.62
2023-12-17T10:00:00,779.38
2023-12-17T11:00:00,875.0
2023-12-17T12:00:00,889.85
2023-12-17T13:00:00,846.97
2023-12-17T14:00:00,685.2
2023-12-17T15:00:00,556.3
2023-12-17T16:00:00,344.33
2023-12-17T17:00:00,175.48
2023-12-17T18:00:00,19.23
2023-12-17T19:00:00,0.0
2023-12-17T20:00:00,0.0
2023-12-17T21:00:00,0.0
2023-12-17T22:00:00,0.0
2023-12-17T23:00:00,0.0
2023-12-18T00:00:00,0.0
2023-12-18T01:00:00,0.0
2023-12-18T02:00:00,0.0
2023-12-18T03:00:00,0.0
2023-12-18T04:00:00,0.0
2023-12-18T05:00:00,0.0
2023-12-18T06:00:00,68.72
2023-12-18T07:00:00,284.5
2023-12-18T08:00:00,508.3
2023-12-18T09:00:00,729.83
2023-12-18T10:00:00,874.05
2023-12-18T11:00:00,962.55
2023-12-18T12:00:00,1001.67
2023-12-18T13:00:00,936.08
2023-12-18T14:00:00,772.8
2023-12-18T15:00:00,626.12
2023-12-18T16:00:00,420.7
2023-12-18T17:00:00,214.0
2023-12-18T18:00:00,28.8
2023-12-18T19:00:00,0.0
2023-12-18T20:00:00,0.0
2023-12-18T21:00:00,0.0
2023-12-18T22:00:00,0.0
2023-12-18T23:00:00,0.0
2023-12-19T00:00:00,0.0
2023-12-19T01:00:00,0.0
2023-12-19T02:00:00,0.0
2023-12-19T03:00:00,0.0
2023-12-19T04:00:00,0.0
2023-12-19T05:00:00,0.0
2023-12-19T06:00:00,56.88
2023-12-19T07:00:00,250.57
2023-12-19T08:00:00,506.9
2023-12-19T09:00:00,654.53
2023-12-19T10:00:00,818.3
2023-12-19T11:00:00,919.38
2023-12-19T12:00:00,940.53
2023-12-19T13:00:00,891.85
2023-12-19T14:00:00,748.55
2023-12-19T15:00:00,578.5
2023-12-19T16:00:00,401.42
2023-12-19T17:00:00,184.73
2023-12-19T18:00:00,25.58
2023-12-19T19:00:00,0.0
2023-12-19T20:00:00,0.0
2023-12-19T21:00:00,0.0
2023-12-19T22:00:00,0.0
2023-12-19T23:00:00,0.0
2023-12-20T00:00:00,0.0
2023-12-20T01:00:00,0.0
2023-12-20T02:00:00,0.0
2023-12-20T03:00:00,0.0
2023-12-20T04:00:00,0.0
2023-12-20T05:00:00,0.0
2023-12-20T06:00:00,25.88
2023-12-20T07:00:00,89.7
2023-12-20T08:00:00,143.12
2023-12-20T09:00:00,276.67
2023-12-20T10:00:00,553.97
2023-12-20T11:00:00,694.85
2023-12-20T12:00:00,707.28
2023-12-20T13:00:00,595.6
2023-12-20T14:00:00,577.15
2023-12-20T15:00:00,419.25
2023-12-20T16:00:00,263.35
2023-12-20T17:00:00,117.12
2023-12-20T18:00:00,19.27
2023-12-20T19:00:00,0.0
2023-12-20T20:00:00,0.0
2023-12-20T21:00:00,0.0
2023-12-20T22:00:00,0.0
2023-12-20T23:00:00,0.0
2023-12-21T00:00:00,0.0
2023-12-21T01:00:00,0.0
2023-12-21T02:00:00,0.0
2023-12-21T03:00:00,0.0
2023-12-21T04:00:00,0.0
2023-12-21T05:00:00,0.0
2023-12-21T06:00:00,40.5
2023-12-21T07:00:00,157.2
2023-12-21T08:00:00,285.25
2023-12-21T09:00:00,433.52
2023-12-21T10:00:00,533.9
2023-12-21T11:00:00,656.83
2023-12-21T12:00:00,679.67
2023-12-21T13:00:00,635.53
2023-12-21T14:00:00,596.28
2023-12-21T15:00:00,437.15
2023-12-21T16:00:00,302.52
2023-12-21T17:00:00,175.23
2023-12-21T18:00:00,18.65
2023-12-21T19:00:00,0.0
2023-12-21T20:00:00,0.0
2023-12-21T21:00:00,0.0
2023-12-21T22:00:00,0.0
2023-12-21T23:00:00,0.0
2023-12-22T00:00:00,0.0
2023-12-22T01:00:00,0.0
2023-12-22T02:00:00,0.0
2023-12-22T03:00:00,0.0
2023-12-22T04:00:00,0.0
2023-12-22T05:00:00,0.0
2023-12-22T06:00:00,28.85
2023-12-22T07:00:00,169.6
2023-12-22T08:00:00,307.58
2023-12-22T09:00:00,518.45
2023-12-22T10:00:00,585.1
2023-12-22T11:00:00,768.28
2023-12-22T12:00:00,750.78
2023-12-22T13:00:00,701.83
2023-12-22T14:00:00,611.85
2023-12-22T15:00:00,513.25
2023-12-22T16:00:00,335.85
2023-12-22T17:00:00,168.5
2023-12-22T18:00:00,18.27
2023-12-22T19:00:00,0.0
2023-12-22T20:00:00,0.0
2023-12-22T21:00:00,0.0
2023-12-22T22:00:00,0.0
2023-12-22T23:00:00,0.0
2023-12-23T00:00:00,0.0
2023-12-23T01:00:00,0.0
2023-12-23T02:00:00,0.0
2023-12-23T03:00:00,0.0
2023-12-23T04:00:00,0.0
2023-12-23T05:00:00,0.0
2023-12-23T06:00:00,37.3
2023-12-23T07:00:00,180.88
2023-12-23T08:00:00,369.33
2023-12-23T09:00:00,585.38
2023-12-23T10:00:00,753.22
2023-12-23T11:00:00,781.47
2023-12-23T12:00:00,754.92
2023-12-23T13:00:00,717.75
2023-12-23T14:00:00,506.55
2023-12-23T15:00:00,440.73
2023-12-23T16:00:00,266.52
2023-12-23T17:00:00,132.32
2023-12-23T18:00:00,17.52
2023-12-23T19:00:00,0.0
2023-12-23T20:00:00,0.0
2023-12-23T21:00:00,0.0
2023-12-23T22:00:00,0.0
2023-12-23T23:00:00,0.0
2023-12-24T00:00:00,0.0
2023-12-24T01:00:00,0.0
2023-12-24T02:00:00,0.0
2023-12-24T03:00:00,0.0
2023-12-24T04:00:00,0.0
2023-12-24T05:00:00,0.0
2023-12-24T06:00:00,43.53
2023-12-24T07:00:00,195.93
2023-12-24T08:00:00,378.23
2023-12-24T09:00:00,541.9
2023-12-24T10:00:00,675.15
2023-12-24T11:00:00,711.05
2023-12-24T12:00:00,753.25
2023-12-24T13:00:00,725.5
2023-12-24T14:00:00,629.75
2023-12-24T15:00:00,474.85
2023-12-24T16:00:00,310.0
2023-12-24T17:00:00,164.7
2023-12-24T18:00:00,21.62
2023-12-24T19:00:00,0.0
2023-12-24T20:00:00,0.0
2023-12-24T21:00:00,0.0
2023-12-24T22:00:00,0.0
2023-12-24T23:00:00,0.0
2023-12-25T00:00:00,0.0
2023-12-25T01:00:00,0.0
2023-12-25T02:00:00,0.0
2023-12-25T03:00:00,0.0
2023-12-25T04:00:00,0.0
2023-12-25T05:00:00,0.0
2023-12-25T06:00:00,36.72
2023-12-25T07:00:00,178.4
2023-12-25T08:00:00,341.25
2023-12-25T09:00:00,518.67
2023-12-25T10:00:00,677.1
2023-12-25T11:00:00,789.72
2023-12-25T12:00:00,860.85
2023-12-25T13:00:00,799.2
2023-12-25T14:00:00,680.53
2023-12-25T15:00:00,551.62
2023-12-25T16:00:00,360.42
2023-12-25T17:00:00,174.8
2023-12-25T18:00:00,25.75
2023-12-25T19:00:00,0.0
2023-12-25T20:00:00,0.0
2023-12-25T21:00:00,0.0
2023-12-25T22:00:00,0.0
2023-12-25T23:00:00,0.0
2023-12-26T00:00:00,0.0
2023-12-26T01:00:00,0.0
2023-12-26T02:00:00,0.0
2023-12-26T03:00:00,0.0
2023-12-26T04:00:00,0.0
2023-12-26T05:00:00,0.0
2023-12-26T06:00:00,18.33
2023-12-26T07:00:00,93.07
2023-12-26T08:00:00,179.07
2023-12-26T09:00:00,288.38
2023-12-26T10:00:00,65.5
2023-12-26T11:00:00,52.67
2023-12-26T12:00:00,44.17
2023-12-26T13:00:00,43.62
2023-12-26T14:00:00,40.0
2023-12-26T15:00:00,32.92
2023-12-26T16:00:00,35.65
2023-12-26T17:00:00,37.28
2023-12-26T18:00:00,7.22
2023-12-26T19:00:00,0.0
2023-12-26T20:00:00,0.0
2023-12-26T21:00:00,0.0
2023-12-26T22:00:00,0.0
2023-12-26T23:00:00,0.0
2023-12-27T00:00:00,0.0
2023-12-27T01:00:00,0.0
2023-12-27T02:00:00,0.0
2023-12-27T03:00:00,0.0
2023-12-27T04:00:00,0.0
2023-12-27T05:00:00,0.0
2023-12-27T06:00:00,47.38
2023-12-27T07:00:00,246.68
2023-12-27T08:00:00,470.75
2023-12-27T09:00:00,628.9
2023-12-27T10:00:00,816.03
2023-12-27T11:00:00,953.55
2023-12-27T12:00:00,954.62
2023-12-27T13:00:00,939.5
2023-12-27T14:00:00,777.4
2023-12-27T15:00:00,608.03
2023-12-27T16:00:00,422.25
2023-12-27T17:00:00,215.18
2023-12-27T18:00:00,32.0
2023-12-27T19:00:00,0.0
2023-12-27T20:00:00,0.0
2023-12-27T21:00:00,0.0
2023-12-27T22:00:00,0.0
2023-12-27T23:00:00,0.0
2023-12-28T00:00:00,0.0
2023-12-28T01:00:00,0.0
2023-12-28T02:00:00,0.0
2023-12-28T03:00:00,0.0
2023-12-28T04:00:00,0.0
2023-12-28T05:00:00,0.0
2023-12-28T06:00:00,51.22
2023-12-28T07:00:00,264.1
2023-12-28T08:00:00,499.85
2023-12-28T09:00:00,670.47
2023-12-28T10:00:00,851.38
2023-12-28T11:00:00,989.2
2023-12-28T12:00:00,1012.42
2023-12-28T13:00:00,966.0
2023-12-28T14:00:00,793.42
2023-12-28T15:00:00,524.7
2023-12-28T16:00:00,440.33
2023-12-28T17:00:00,215.57
2023-12-28T18:00:00,36.2
2023-12-28T19:00:00,0.0
2023-12-28T20:00:00,0.0
2023-12-28T21:00:00,0.0
2023-12-28T22:00:00,0.0
2023-12-28T23:00:00,0.0
2023-12-29T00:00:00,0.0
2023-12-29T01:00:00,0.0
2023-12-29T02:00:00,0.0
2023-12-29T03:00:00,0.0
2023-12-29T04:00:00,0.0
2023-12-29T05:00:00,0.0
2023-12-29T06:00:00,48.78
2023-12-29T07:00:00,251.95
2023-12-29T08:00:00,478.8
2023-12-29T09:00:00,685.4
2023-12-29T10:00:00,846.83
2023-12-29T11:00:00,934.65
2023-12-29T12:00:00,954.55
2023-12-29T13:00:00,910.8
2023-12-29T14:00:00,820.4
2023-12-29T15:00:00,584.78
2023-12-29T16:00:00,386.88
2023-12-29T17:00:00,188.15
2023-12-29T18:00:00,30.62
2023-12-29T19:00:00,0.0
2023-12-29T20:00:00,0.0
2023-12-29T21:00:00,0.0
2023-12-29T22:00:00,0.0
2023-12-29T23:00:00,0.0
2023-12-30T00:00:00,0.0
2023-12-30T01:00:00,0.0
2023-12-30T02:00:00,0.0
2023-12-30T03:00:00,0.0
2023-12-30T04:00:00,0.0
2023-12-30T05:00:00,0.0
2023-12-30T06:00:00,45.97
2023-12-30T07:00:00,246.27
2023-12-30T08:00:00,475.73
2023-12-30T09:00:00,692.17
2023-12-30T10:00:00,864.7
2023-12-30T11:00:00,974.72
2023-12-30T12:00:00,994.17
2023-12-30T13:00:00,916.8
2023-12-30T14:00:00,825.25
2023-12-30T15:00:00,590.25
2023-12-30T16:00:00,401.65
2023-12-30T17:00:00,198.95
2023-12-30T18:00:00,33.1
2023-12-30T19:00:00,0.0
2023-12-30T20:00:00,0.0
2023-12-30T21:00:00,0.0
2023-12-30T22:00:00,0.0
2023-12-30T23:00:00,0.0
2023-12-31T00:00:00,0.0
2023-12-31T01:00:00,0.0
2023-12-31T02:00:00,0.0
2023-12-31T03:00:00,0.0
2023-12-31T04:00:00,0.0
2023-12-31T05:00:00,0.0
2023-12-31T06:00:00,44.78
2023-12-31T07:00:00,252.95
2023-12-31T08:00:00,479.92
2023-12-31T09:00:00,695.65
2023-12-31T10:00:00,856.2
2023-12-31T11:00:00,937.53
2023-12-31T12:00:00,999.9
2023-12-31T13:00:00,877.25
2023-12-31T14:00:00,753.9
2023-12-31T15:00:00,593.1
2023-12-31T16:00:00,403.5
2023-12-31T17:00:00,223.9
2023-12-31T18:00:00,34.75
2023-12-31T19:00:00,0.0
2023-12-31T20:00:00,0.0
2023-12-31T21:00:00,0.0
2023-12-31T22:00:00,0.0
2023-12-31T23:00:00,0.0
2024-01-01T00:00:00,0.0
2024-01-01T01:00:00,0.0
2024-01-01T02:00:00,0.0
2024-01-01T03:00:00,0.0
2024-01-01T04:00:00,0.0
2024-01-01T05:00:00,0.0
2024-01-01T06:00:00,41.9
2024-01-01T07:00:00,226.15
2024-01-01T08:00:00,452.35
2024-01-01T09:00:00,663.83
2024-01-01T10:00:00,739.08
2024-01-01T11:00:00,779.8
2024-01-01T12:00:00,616.25
2024-01-01T13:00:00,565.85
2024-01-01T14:00:00,352.25
2024-01-01T15:00:00,370.42
2024-01-01T16:00:00,309.73
2024-01-01T17:00:00,186.95
2024-01-01T18:00:00,44.78
2024-01-01T19:00:00,0.0
2024-01-01T20:00:00,0.0
2024-01-01T21:00:00,0.0
2024-01-01T22:00:00,0.0
2024-01-01T23:00:00,0.0
2024-01-02T00:00:00,0.0
2024-01-02T01:00:00,0.0
2024-01-02T02:00:00,0.0
2024-01-02T03:00:00,0.0
2024-01-02T04:00:00,0.0
2024-01-02T05:00:00,0.0
2024-01-02T06:00:00,50.5
2024-01-02T07:00:00,265.5
2024-01-02T08:00:00,514.95
2024-01-02T09:00:00,725.42
2024-01-02T10:00:00,892.45
2024-01-02T11:00:00,1000.47
2024-01-02T12:00:00,1039.82
2024-01-02T13:00:00,994.42
2024-01-02T14:00:00,891.33
2024-01-02T15:00:00,706.4
2024-01-02T16:00:00,482.4
2024-01-02T17:00:00,256.73
2024-01-02T18:00:00,48.17
2024-01-02T19:00:00,0.0
2024-01-02T20:00:00,0.0
2024-01-02T21:00:00,0.0
2024-01-02T22:00:00,0.0
2024-01-02T23:00:00,0.0
2024-01-03T00:00:00,0.0
2024-01-03T01:00:00,0.0
2024-01-03T02:00:00,0.0
2024-01-03T03:00:00,0.0
2024-01-03T04:00:00,0.0
2024-01-03T05:00:00,0.0
2024-01-03T06:00:00,43.38
2024-01-03T07:00:00,234.9
2024-01-03T08:00:00,431.15
2024-01-03T09:00:00,620.28
2024-01-03T10:00:00,825.1
2024-01-03T11:00:00,942.45
2024-01-03T12:00:00,876.17
2024-01-03T13:00:00,950.38
2024-01-03T14:00:00,794.28
2024-01-03T15:00:00,683.38
2024-01-03T16:00:00,468.58
2024-01-03T17:00:00,247.1
2024-01-03T18:00:00,49.15
2024-01-03T19:00:00,0.0
2024-01-03T20:00:00,0.0
2024-01-03T21:00:00,0.0
2024-01-03T22:00:00,0.0
2024-01-03T23:00:00,0.0
2024-01-04T00:00:00,0.0
2024-01-04T01:00:00,0.0
2024-01-04T02:00:00,0.0
2024-01-04T03:00:00,0.0
2024-01-04T04:00:00,0.0
2024-01-04T05:00:00,0.0
2024-01-04T06:00:00,43.0
2024-01-04T07:00:00,232.55
2024-01-04T08:00:00,482.85
2024-01-04T09:00:00,698.75
2024-01-04T10:00:00,866.85
2024-01-04T11:00:00,973.05
2024-01-04T12:00:00,1012.83
2024-01-04T13:00:00,962.45
2024-01-04T14:00:00,805.25
2024-01-04T15:00:00,682.03
2024-01-04T16:00:00,475.73
2024-01-04T17:00:00,239.0
2024-01-04T18:00:00,42.72
2024-01-04T19:00:00,0.0
2024-01-04T20:00:00,0.0
2024-01-04T21:00:00,0.0
2024-01-04T22:00:00,0.0
2024-01-04T23:00:00,0.0
2024-01-05T00:00:00,0.0
2024-01-05T01:00:00,0.0
2024-01-05T02:00:00,0.0
2024-01-05T03:00:00,0.0
2024-01-05T04:00:00,0.0
2024-01-05T05:00:00,0.0
2024-01-05T06:00:00,31.2
2024-01-05T07:00:00,162.23
2024-01-05T08:00:00,348.95
2024-01-05T09:00:00,482.52
2024-01-05T10:00:00,638.35
2024-01-05T11:00:00,765.35
2024-01-05T12:00:00,816.35
2024-01-05T13:00:00,785.55
2024-01-05T14:00:00,664.7
2024-01-05T15:00:00,490.3
2024-01-05T16:00:00,320.08
2024-01-05T17:00:00,137.45
2024-01-05T18:00:00,22.52
2024-01-05T19:00:00,0.0
2024-01-05T20:00:00,0.0
2024-01-05T21:00:00,0.0
2024-01-05T22:00:00,0.0
2024-01-05T23:00:00,0.0
2024-01-06T00:00:00,0.0
2024-01-06T01:00:00,0.0
2024-01-06T02:00:00,0.0
2024-01-06T03:00:00,0.0
2024-01-06T04:00:00,0.0
2024-01-06T05:00:00,0.0
2024-01-06T06:00:00,36.08
2024-01-06T07:00:00,224.82
2024-01-06T08:00:00,454.33
2024-01-06T09:00:00,684.42
2024-01-06T10:00:00,858.2
2024-01-06T11:00:00,974.0
2024-01-06T12:00:00,993.83
2024-01-06T13:00:00,851.53
2024-01-06T14:00:00,813.03
2024-01-06T15:00:00,655.17
2024-01-06T16:00:00,449.3
2024-01-06T17:00:00,224.4
2024-01-06T18:00:00,39.45
2024-01-06T19:00:00,0.0
2024-01-06T20:00:00,0.0
2024-01-06T21:00:00,0.0
2024-01-06T22:00:00,0.0
2024-01-06T23:00:00,0.0
2024-01-07T00:00:00,0.0
2024-01-07T01:00:00,0.0
2024-01-07T02:00:00,0.0
2024-01-07T03:00:00,0.0
2024-01-07T04:00:00,0.0
2024-01-07T05:00:00,0.0
2024-01-07T06:00:00,30.35
2024-01-07T07:00:00,168.65
2024-01-07T08:00:00,339.35
2024-01-07T09:00:00,558.95
2024-01-07T10:00:00,753.88
2024-01-07T11:00:00,765.5
2024-01-07T12:00:00,718.17
2024-01-07T13:00:00,651.38
2024-01-07T14:00:00,559.55
2024-01-07T15:00:00,443.17
2024-01-07T16:00:00,286.38
2024-01-07T17:00:00,123.88
2024-01-07T18:00:00,25.83
2024-01-07T19:00:00,0.0
2024-01-07T20:00:00,0.0
2024-01-07T21:00:00,0.0
2024-01-07T22:00:00,0.0
2024-01-07T23:00:00,0.0
2024-01-08T00:00:00,0.0
2024-01-08T01:00:00,0.0
2024-01-08T02:00:00,0.0
2024-01-08T03:00:00,0.0
2024-01-08T04:00:00,0.0
2024-01-08T05:00:00,0.0
2024-01-08T06:00:00,37.88
2024-01-08T07:00:00,248.07
2024-01-08T08:00:00,494.9
2024-01-08T09:00:00,701.67
2024-01-08T10:00:00,865.62
2024-01-08T11:00:00,986.85
2024-01-08T12:00:00,1033.4
2024-01-08T13:00:00,993.55
2024-01-08T14:00:00,759.25
2024-01-08T15:00:00,626.55
2024-01-08T16:00:00,427.83
2024-01-08T17:00:00,222.62
2024-01-08T18:00:00,47.65
2024-01-08T19:00:00,0.0
2024-01-08T20:00:00,0.0
2024-01-08T21:00:00,0.0
2024-01-08T22:00:00,0.0
2024-01-08T23:00:00,0.0
2024-01-09T00:00:00,0.0
2024-01-09T01:00:00,0.0
2024-01-09T02:00:00,0.0
2024-01-09T03:00:00,0.0
2024-01-09T04:00:00,0.0
2024-01-09T05:00:00,0.0
2024-01-09T06:00:00,28.48
2024-01-09T07:00:00,151.93
2024-01-09T08:00:00,322.55
2024-01-09T09:00:00,471.7
2024-01-09T10:00:00,660.15
2024-01-09T11:00:00,749.83
2024-01-09T12:00:00,707.2
2024-01-09T13:00:00,581.17
2024-01-09T14:00:00,270.9
2024-01-09T15:00:00,247.75
2024-01-09T16:00:00,212.38
2024-01-09T17:00:00,126.1
2024-01-09T18:00:00,38.95
2024-01-09T19:00:00,0.0
2024-01-09T20:00:00,0.0
2024-01-09T21:00:00,0.0
2024-01-09T22:00:00,0.0
2024-01-09T23:00:00,0.0
2024-01-10T00:00:00,0.0
2024-01-10T01:00:00,0.0
2024-01-10T02:00:00,0.0
2024-01-10T03:00:00,0.0
2024-01-10T04:00:00,0.0
2024-01-10T05:00:00,0.0
2024-01-10T06:00:00,40.72
2024-01-10T07:00:00,252.62
2024-01-10T08:00:00,497.85
2024-01-10T09:00:00,704.65
2024-01-10T10:00:00,867.1
2024-01-10T11:00:00,966.05
2024-01-10T12:00:00,999.3
2024-01-10T13:00:00,870.58
2024-01-10T14:00:00,734.28
2024-01-10T15:00:00,583.78
2024-01-10T16:00:00,404.25
2024-01-10T17:00:00,225.05
2024-01-10T18:00:00,52.53
2024-01-10T19:00:00,0.0
2024-01-10T20:00:00,0.0
2024-01-10T21:00:00,0.0
2024-01-10T22:00:00,0.0
2024-01-10T23:00:00,0.0
2024-01-11T00:00:00,0.0
2024-01-11T01:00:00,0.0
2024-01-11T02:00:00,0.0
2024-01-11T03:00:00,0.0
2024-01-11T04:00:00,0.0
2024-01-11T05:00:00,0.0
2024-01-11T06:00:00,34.97
2024-01-11T07:00:00,216.98
2024-01-11T08:00:00,446.9
2024-01-11T09:00:00,668.55
2024-01-11T10:00:00,849.05
2024-01-11T11:00:00,910.67
2024-01-11T12:00:00,915.35
2024-01-11T13:00:00,805.25
2024-01-11T14:00:00,666.35
2024-01-11T15:00:00,587.8
2024-01-11T16:00:00,409.85
2024-01-11T17:00:00,224.18
2024-01-11T18:00:00,35.47
2024-01-11T19:00:00,0.0
2024-01-11T20:00:00,0.0
2024-01-11T21:00:00,0.0
2024-01-11T22:00:00,0.0
2024-01-11T23:00:00,0.0
2024-01-12T00:00:00,0.0
2024-01-12T01:00:00,0.0
2024-01-12T02:00:00,0.0
2024-01-12T03:00:00,0.0
2024-01-12T04:00:00,0.0
2024-01-12T05:00:00,0.0
2024-01-12T06:00:00,28.2
2024-01-12T07:00:00,189.1
2024-01-12T08:00:00,406.35
2024-01-12T09:00:00,575.08
2024-01-12T10:00:00,755.85
2024-01-12T11:00:00,934.95
2024-01-12T12:00:00,987.1
2024-01-12T13:00:00,906.3
2024-01-12T14:00:00,800.95
2024-01-12T15:00:00,630.8
2024-01-12T16:00:00,433.92
2024-01-12T17:00:00,242.2
2024-01-12T18:00:00,39.12
2024-01-12T19:00:00,0.0
2024-01-12T20:00:00,0.0
2024-01-12T21:00:00,0.0
2024-01-12T22:00:00,0.0
2024-01-12T23:00:00,0.0
2024-01-13T00:00:00,0.0
2024-01-13T01:00:00,0.0
2024-01-13T02:00:00,0.0
2024-01-13T03:00:00,0.0
2024-01-13T04:00:00,0.0
2024-01-13T05:00:00,0.0
2024-01-13T06:00:00,29.0
2024-01-13T07:00:00,190.62
2024-01-13T08:00:00,399.05
2024-01-13T09:00:00,607.6
2024-01-13T10:00:00,734.6
2024-01-13T11:00:00,902.05
2024-01-13T12:00:00,961.75
2024-01-13T13:00:00,910.55
2024-01-13T14:00:00,752.2
2024-01-13T15:00:00,587.05
2024-01-13T16:00:00,424.95
2024-01-13T17:00:00,218.45
2024-01-13T18:00:00,37.05
2024-01-13T19:00:00,0.0
2024-01-13T20:00:00,0.0
2024-01-13T21:00:00,0.0
2024-01-13T22:00:00,0.0
2024-01-13T23:00:00,0.0
2024-01-14T00:00:00,0.0
2024-01-14T01:00:00,0.0
2024-01-14T02:00:00,0.0
2024-01-14T03:00:00,0.0
2024-01-14T04:00:00,0.0
2024-01-14T05:00:00,0.0
2024-01-14T06:00:00,14.85
2024-01-14T07:00:00,120.35
2024-01-14T08:00:00,275.3
2024-01-14T09:00:00,428.6
2024-01-14T10:00:00,574.83
2024-01-14T11:00:00,620.83
2024-01-14T12:00:00,412.4
2024-01-14T13:00:00,250.55
2024-01-14T14:00:00,174.35
2024-01-14T15:00:00,124.05
2024-01-14T16:00:00,75.1
2024-01-14T17:00:00,40.85
2024-01-14T18:00:00,7.18
2024-01-14T19:00:00,0.0
2024-01-14T20:00:00,0.0
2024-01-14T21:00:00,0.0
2024-01-14T22:00:00,0.0
2024-01-14T23:00:00,0.0
2024-01-15T00:00:00,0.0
2024-01-15T01:00:00,0.0
2024-01-15T02:00:00,0.0
2024-01-15T03:00:00,0.0
2024-01-15T04:00:00,0.0
2024-01-15T05:00:00,0.0
2024-01-15T06:00:00,9.48
2024-01-15T07:00:00,75.43
2024-01-15T08:00:00,155.73
2024-01-15T09:00:00,397.9
2024-01-15T10:00:00,563.9
2024-01-15T11:00:00,569.78
2024-01-15T12:00:00,306.52
2024-01-15T13:00:00,127.82
2024-01-15T14:00:00,83.03
2024-01-15T15:00:00,101.47
2024-01-15T16:00:00,71.78
2024-01-15T17:00:00,40.03
2024-01-15T18:00:00,9.93
2024-01-15T19:00:00,0.0
2024-01-15T20:00:00,0.0
2024-01-15T21:00:00,0.0
2024-01-15T22:00:00,0.0
2024-01-15T23:00:00,0.0
2024-01-16T00:00:00,0.0
2024-01-16T01:00:00,0.0
2024-01-16T02:00:00,0.0
2024-01-16T03:00:00,0.0
2024-01-16T04:00:00,0.0
2024-01-16T05:00:00,0.0
2024-01-16T06:00:00,13.1
2024-01-16T07:00:00,121.03
2024-01-16T08:00:00,261.02
2024-01-16T09:00:00,421.33
2024-01-16T10:00:00,552.88
2024-01-16T11:00:00,604.1
2024-01-16T12:00:00,638.7
2024-01-16T13:00:00,588.58
2024-01-16T14:00:00,504.1
2024-01-16T15:00:00,386.95
2024-01-16T16:00:00,252.43
2024-01-16T17:00:00,130.77
2024-01-16T18:00:00,9.88
2024-01-16T19:00:00,0.0
2024-01-16T20:00:00,0.0
2024-01-16T21:00:00,0.0
2024-01-16T22:00:00,0.0
2024-01-16T23:00:00,0.0
2024-01-17T00:00:00,0.0
2024-01-17T01:00:00,0.0
2024-01-17T02:00:00,0.0
2024-01-17T03:00:00,0.0
2024-01-17T04:00:00,0.0
2024-01-17T05:00:00,0.0
2024-01-17T06:00:00,19.52
2024-01-17T07:00:00,140.5
2024-01-17T08:00:00,301.52
2024-01-17T09:00:00,449.55
2024-01-17T10:00:00,604.7
2024-01-17T11:00:00,691.85
2024-01-17T12:00:00,714.8
2024-01-17T13:00:00,741.47
2024-01-17T14:00:00,654.4
2024-01-17T15:00:00,504.6
2024-01-17T16:00:00,339.02
2024-01-17T17:00:00,164.62
2024-01-17T18:00:00,42.5
2024-01-17T19:00:00,0.0
2024-01-17T20:00:00,0.0
2024-01-17T21:00:00,0.0
2024-01-17T22:00:00,0.0
2024-01-17T23:00:00,0.0
2024-01-18T00:00:00,0.0
2024-01-18T01:00:00,0.0
2024-01-18T02:00:00,0.0
2024-01-18T03:00:00,0.0
2024-01-18T04:00:00,0.0
2024-01-18T05:00:00,0.0
2024-01-18T06:00:00,29.5
2024-01-18T07:00:00,212.65
2024-01-18T08:00:00,462.23
2024-01-18T09:00:00,680.9
2024-01-18T10:00:00,857.5
2024-01-18T11:00:00,978.53
2024-01-18T12:00:00,1005.08
2024-01-18T13:00:00,981.85
2024-01-18T14:00:00,888.4
2024-01-18T15:00:00,710.53
2024-01-18T16:00:00,501.23
2024-01-18T17:00:00,254.43
2024-01-18T18:00:00,56.38
2024-01-18T19:00:00,0.0
2024-01-18T20:00:00,0.0
2024-01-18T21:00:00,0.0
2024-01-18T22:00:00,0.0
2024-01-18T23:00:00,0.0
2024-01-19T00:00:00,0.0
2024-01-19T01:00:00,0.0
2024-01-19T02:00:00,0.0
2024-01-19T03:00:00,0.0
2024-01-19T04:00:00,0.0
2024-01-19T05:00:00,0.0
2024-01-19T06:00:00,22.02
2024-01-19T07:00:00,171.88
2024-01-19T08:00:00,383.58
2024-01-19T09:00:00,602.45
2024-01-19T10:00:00,710.78
2024-01-19T11:00:00,857.35
2024-01-19T12:00:00,845.45
2024-01-19T13:00:00,794.45
2024-01-19T14:00:00,734.92
2024-01-19T15:00:00,541.92
2024-01-19T16:00:00,363.4
2024-01-19T17:00:00,184.2
2024-01-19T18:00:00,34.95
2024-01-19T19:00:00,0.0
2024-01-19T20:00:00,0.0
2024-01-19T21:00:00,0.0
2024-01-19T22:00:00,0.0
2024-01-19T23:00:00,0.0
2024-01-20T00:00:00,0.0
2024-01-20T01:00:00,0.0
2024-01-20T02:00:00,0.0
2024-01-20T03:00:00,0.0
2024-01-20T04:00:00,0.0
2024-01-20T05:00:00,0.0
2024-01-20T06:00:00,7.35
2024-01-20T07:00:00,54.3
2024-01-20T08:00:00,115.7
2024-01-20T09:00:00,312.02
2024-01-20T10:00:00,438.85
2024-01-20T11:00:00,590.5
2024-01-20T12:00:00,650.25
2024-01-20T13:00:00,638.05
2024-01-20T14:00:00,588.35
2024-01-20T15:00:00,444.62
2024-01-20T16:00:00,280.88
2024-01-20T17:00:00,154.07
2024-01-20T18:00:00,14.27
2024-01-20T19:00:00,0.0
2024-01-20T20:00:00,0.0
2024-01-20T21:00:00,0.0
2024-01-20T22:00:00,0.0
2024-01-20T23:00:00,0.0
2024-01-21T00:00:00,0.0
2024-01-21T01:00:00,0.0
2024-01-21T02:00:00,0.0
2024-01-21T03:00:00,0.0
2024-01-21T04:00:00,0.0
2024-01-21T05:00:00,0.0
2024-01-21T06:00:00,25.65
2024-01-21T07:00:00,210.68
2024-01-21T08:00:00,443.55
2024-01-21T09:00:00,640.78
2024-01-21T10:00:00,790.8
2024-01-21T11:00:00,926.08
2024-01-21T12:00:00,981.65
2024-01-21T13:00:00,940.22
2024-01-21T14:00:00,797.15
2024-01-21T15:00:00,650.72
2024-01-21T16:00:00,403.58
2024-01-21T17:00:00,237.27
2024-01-21T18:00:00,42.0
2024-01-21T19:00:00,0.0
2024-01-21T20:00:00,0.0
2024-01-21T21:00:00,0.0
2024-01-21T22:00:00,0.0
2024-01-21T23:00:00,0.0
2024-01-22T00:00:00,0.0
2024-01-22T01:00:00,0.0
2024-01-22T02:00:00,0.0
2024-01-22T03:00:00,0.0
2024-01-22T04:00:00,0.0
2024-01-22T05:00:00,0.0
2024-01-22T06:00:00,18.45
2024-01-22T07:00:00,161.82
2024-01-22T08:00:00,367.2
2024-01-22T09:00:00,546.3
2024-01-22T10:00:00,662.9
2024-01-22T11:00:00,735.8
2024-01-22T12:00:00,735.12
2024-01-22T13:00:00,730.22
2024-01-22T14:00:00,633.03
2024-01-22T15:00:00,488.27
2024-01-22T16:00:00,297.12
2024-01-22T17:00:00,158.55
2024-01-22T18:00:00,28.85
2024-01-22T19:00:00,0.0
2024-01-22T20:00:00,0.0
2024-01-22T21:00:00,0.0
2024-01-22T22:00:00,0.0
2024-01-22T23:00:00,0.0
2024-01-23T00:00:00,0.0
2024-01-23T01:00:00,0.0
2024-01-23T02:00:00,0.0
2024-01-23T03:00:00,0.0
2024-01-23T04:00:00,0.0
2024-01-23T05:00:00,0.0
2024-01-23T06:00:00,25.1
2024-01-23T07:00:00,211.85
2024-01-23T08:00:00,445.95
2024-01-23T09:00:00,663.58
2024-01-23T10:00:00,844.5
2024-01-23T11:00:00,974.45
2024-01-23T12:00:00,1011.4
2024-01-23T13:00:00,981.28
2024-01-23T14:00:00,863.95
2024-01-23T15:00:00,628.2
2024-01-23T16:00:00,450.77
2024-01-23T17:00:00,244.82
2024-01-23T18:00:00,46.85
2024-01-23T19:00:00,0.0
2024-01-23T20:00:00,0.0
2024-01-23T21:00:00,0.0
2024-01-23T22:00:00,0.0
2024-01-23T23:00:00,0.0
2024-01-24T00:00:00,0.0
2024-01-24T01:00:00,0.0
2024-01-24T02:00:00,0.0
2024-01-24T03:00:00,0.0
2024-01-24T04:00:00,0.0
2024-01-24T05:00:00,0.0
2024-01-24T06:00:00,14.1
2024-01-24T07:00:00,113.25
2024-01-24T08:00:00,267.38
2024-01-24T09:00:00,434.62
2024-01-24T10:00:00,636.33
2024-01-24T11:00:00,714.28
2024-01-24T12:00:00,772.35
2024-01-24T13:00:00,735.58
2024-01-24T14:00:00,523.58
2024-01-24T15:00:00,426.98
2024-01-24T16:00:00,249.35
2024-01-24T17:00:00,147.4
2024-01-24T18:00:00,22.52
2024-01-24T19:00:00,0.0
2024-01-24T20:00:00,0.0
2024-01-24T21:00:00,0.0
2024-01-24T22:00:00,0.0
2024-01-24T23:00:00,0.0
2024-01-25T00:00:00,0.0
2024-01-25T01:00:00,0.0
2024-01-25T02:00:00,0.0
2024-01-25T03:00:00,0.0
2024-01-25T04:00:00,0.0
2024-01-25T05:00:00,0.0
2024-01-25T06:00:00,19.67
2024-01-25T07:00:00,192.0
2024-01-25T08:00:00,426.48
2024-01-25T09:00:00,637.47
2024-01-25T10:00:00,785.65
2024-01-25T11:00:00,906.17
2024-01-25T12:00:00,897.67
2024-01-25T13:00:00,828.42
2024-01-25T14:00:00,746.7
2024-01-25T15:00:00,536.1
2024-01-25T16:00:00,362.62
2024-01-25T17:00:00,194.95
2024-01-25T18:00:00,36.95
2024-01-25T19:00:00,0.0
2024-01-25T20:00:00,0.0
2024-01-25T21:00:00,0.0
2024-01-25T22:00:00,0.0
2024-01-25T23:00:00,0.0
2024-01-26T00:00:00,0.0
2024-01-26T01:00:00,0.0
2024-01-26T02:00:00,0.0
2024-01-26T03:00:00,0.0
2024-01-26T04:00:00,0.0
2024-01-26T05:00:00,0.0
2024-01-26T06:00:00,11.55
2024-01-26T07:00:00,103.8
2024-01-26T08:00:00,228.05
2024-01-26T09:00:00,339.27
2024-01-26T10:00:00,384.52
2024-01-26T11:00:00,449.25
2024-01-26T12:00:00,583.67
2024-01-26T13:00:00,668.3
2024-01-26T14:00:00,650.6
2024-01-26T15:00:00,507.52
2024-01-26T16:00:00,327.6
2024-01-26T17:00:00,170.02
2024-01-26T18:00:00,25.4
2024-01-26T19:00:00,0.0
2024-01-26T20:00:00,0.0
2024-01-26T21:00:00,0.0
2024-01-26T22:00:00,0.0
2024-01-26T23:00:00,0.0
2024-01-27T00:00:00,0.0
2024-01-27T01:00:00,0.0
2024-01-27T02:00:00,0.0
2024-01-27T03:00:00,0.0
2024-01-27T04:00:00,0.0
2024-01-27T05:00:00,0.0
2024-01-27T06:00:00,18.23
2024-01-27T07:00:00,175.07
2024-01-27T08:00:00,407.27
2024-01-27T09:00:00,623.95
2024-01-27T10:00:00,813.88
2024-01-27T11:00:00,917.72
2024-01-27T12:00:00,921.78
2024-01-27T13:00:00,886.03
2024-01-27T14:00:00,787.38
2024-01-27T15:00:00,644.58
2024-01-27T16:00:00,424.35
2024-01-27T17:00:00,237.65
2024-01-27T18:00:00,43.62
2024-01-27T19:00:00,0.0
2024-01-27T20:00:00,0.0
2024-01-27T21:00:00,0.0
2024-01-27T22:00:00,0.0
2024-01-27T23:00:00,0.0
2024-01-28T00:00:00,0.0
2024-01-28T01:00:00,0.0
2024-01-28T02:00:00,0.0
2024-01-28T03:00:00,0.0
2024-01-28T04:00:00,0.0
2024-01-28T05:00:00,0.0
2024-01-28T06:00:00,13.07
2024-01-28T07:00:00,153.02
2024-01-28T08:00:00,318.62
2024-01-28T09:00:00,526.15
2024-01-28T10:00:00,771.4
2024-01-28T11:00:00,927.22
2024-01-28T12:00:00,974.53
2024-01-28T13:00:00,970.47
2024-01-28T14:00:00,816.72
2024-01-28T15:00:00,661.25
2024-01-28T16:00:00,469.9
2024-01-28T17:00:00,257.7
2024-01-28T18:00:00,50.65
2024-01-28T19:00:00,0.0
2024-01-28T20:00:00,0.0
2024-01-28T21:00:00,0.0
2024-01-28T22:00:00,0.0
2024-01-28T23:00:00,0.0
2024-01-29T00:00:00,0.0
2024-01-29T01:00:00,0.0
2024-01-29T02:00:00,0.0
2024-01-29T03:00:00,0.0
2024-01-29T04:00:00,0.0
2024-01-29T05:00:00,0.0
2024-01-29T06:00:00,15.15
2024-01-29T07:00:00,148.3
2024-01-29T08:00:00,357.17
2024-01-29T09:00:00,511.67
2024-01-29T10:00:00,618.15
2024-01-29T11:00:00,787.47
2024-01-29T12:00:00,952.4
2024-01-29T13:00:00,961.78
2024-01-29T14:00:00,839.15
2024-01-29T15:00:00,673.45
2024-01-29T16:00:00,469.77
2024-01-29T17:00:00,246.07
2024-01-29T18:00:00,54.42
2024-01-29T19:00:00,0.0
2024-01-29T20:00:00,0.0
2024-01-29T21:00:00,0.0
2024-01-29T22:00:00,0.0
2024-01-29T23:00:00,0.0
2024-01-30T00:00:00,0.0
2024-01-30T01:00:00,0.0
2024-01-30T02:00:00,0.0
2024-01-30T03:00:00,0.0
2024-01-30T04:00:00,0.0
2024-01-30T05:00:00,0.0
2024-01-30T06:00:00,21.38
2024-01-30T07:00:00,209.57
2024-01-30T08:00:00,446.67
2024-01-30T09:00:00,660.2
2024-01-30T10:00:00,850.53
2024-01-30T11:00:00,969.6
2024-01-30T12:00:00,1023.85
2024-01-30T13:00:00,989.45
2024-01-30T14:00:00,884.1
2024-01-30T15:00:00,668.25
2024-01-30T16:00:00,482.58
2024-01-30T17:00:00,259.15
2024-01-30T18:00:00,51.47
2024-01-30T19:00:00,0.0
2024-01-30T20:00:00,0.0
2024-01-30T21:00:00,0.0
2024-01-30T22:00:00,0.0
2024-01-30T23:00:00,0.0
2024-01-31T00:00:00,0.0
2024-01-31T01:00:00,0.0
2024-01-31T02:00:00,0.0
2024-01-31T03:00:00,0.0
2024-01-31T04:00:00,0.0
2024-01-31T05:00:00,0.0
2024-01-31T06:00:00,19.9
2024-01-31T07:00:00,205.43
2024-01-31T08:00:00,445.12
2024-01-31T09:00:00,664.83
2024-01-31T10:00:00,846.5
2024-01-31T11:00:00,945.53
2024-01-31T12:00:00,972.35
2024-01-31T13:00:00,920.03
2024-01-31T14:00:00,829.7
2024-01-31T15:00:00,678.9
2024-01-31T16:00:00,474.05
2024-01-31T17:00:00,240.9
2024-01-31T18:00:00,44.6
2024-01-31T19:00:00,0.0
2024-01-31T20:00:00,0.0
2024-01-31T21:00:00,0.0
2024-01-31T22:00:00,0.0
2024-01-31T23:00:00,0.0
2024-02-01T00:00:00,0.0
2024-02-01T01:00:00,0.0
2024-02-01T02:00:00,0.0
2024-02-01T03:00:00,0.0
2024-02-01T04:00:00,0.0
2024-02-01T05:00:00,0.0
2024-02-01T06:00:00,9.73
2024-02-01T07:00:00,93.2
2024-02-01T08:00:00,244.55
2024-02-01T09:00:00,349.98
2024-02-01T10:00:00,487.55
2024-02-01T11:00:00,695.15
2024-02-01T12:00:00,668.17
2024-02-01T13:00:00,532.08
2024-02-01T14:00:00,469.75
2024-02-01T15:00:00,381.02
2024-02-01T16:00:00,261.6
2024-02-01T17:00:00,130.57
2024-02-01T18:00:00,33.53
2024-02-01T19:00:00,0.0
2024-02-01T20:00:00,0.0
2024-02-01T21:00:00,0.0
2024-02-01T22:00:00,0.0
2024-02-01T23:00:00,0.0
2024-02-02T00:00:00,0.0
2024-02-02T01:00:00,0.0
2024-02-02T02:00:00,0.0
2024-02-02T03:00:00,0.0
2024-02-02T04:00:00,0.0
2024-02-02T05:00:00,0.0
2024-02-02T06:00:00,4.75
2024-02-02T07:00:00,35.55
2024-02-02T08:00:00,66.18
2024-02-02T09:00:00,80.4
2024-02-02T10:00:00,165.45
2024-02-02T11:00:00,313.7
2024-02-02T12:00:00,444.88
2024-02-02T13:00:00,672.65
2024-02-02T14:00:00,469.92
2024-02-02T15:00:00,387.38
2024-02-02T16:00:00,259.4
2024-02-02T17:00:00,88.22
2024-02-02T18:00:00,9.5
2024-02-02T19:00:00,0.0
2024-02-02T20:00:00,0.0
2024-02-02T21:00:00,0.0
2024-02-02T22:00:00,0.0
2024-02-02T23:00:00,0.0
2024-02-03T00:00:00,0.0
2024-02-03T01:00:00,0.0
2024-02-03T02:00:00,0.0
2024-02-03T03:00:00,0.0
2024-02-03T04:00:00,0.0
2024-02-03T05:00:00,0.0
2024-02-03T06:00:00,10.45
2024-02-03T07:00:00,127.55
2024-02-03T08:00:00,259.85
2024-02-03T09:00:00,395.35
2024-02-03T10:00:00,427.25
2024-02-03T11:00:00,425.17
2024-02-03T12:00:00,523.55
2024-02-03T13:00:00,541.25
2024-02-03T14:00:00,458.15
2024-02-03T15:00:00,345.4
2024-02-03T16:00:00,187.55
2024-02-03T17:00:00,114.03
2024-02-03T18:00:00,12.27
2024-02-03T19:00:00,0.0
2024-02-03T20:00:00,0.0
2024-02-03T21:00:00,0.0
2024-02-03T22:00:00,0.0
2024-02-03T23:00:00,0.0
2024-02-04T00:00:00,0.0
2024-02-04T01:00:00,0.0
2024-02-04T02:00:00,0.0
2024-02-04T03:00:00,0.0
2024-02-04T04:00:00,0.0
2024-02-04T05:00:00,0.0
2024-02-04T06:00:00,3.05
2024-02-04T07:00:00,46.12
2024-02-04T08:00:00,136.15
2024-02-04T09:00:00,317.95
2024-02-04T10:00:00,447.85
2024-02-04T11:00:00,671.5
2024-02-04T12:00:00,813.53
2024-02-04T13:00:00,830.9
2024-02-04T14:00:00,742.25
2024-02-04T15:00:00,572.58
2024-02-04T16:00:00,375.65
2024-02-04T17:00:00,207.38
2024-02-04T18:00:00,31.23
2024-02-04T19:00:00,0.0
2024-02-04T20:00:00,0.0
2024-02-04T21:00:00,0.0
2024-02-04T22:00:00,0.0
2024-02-04T23:00:00,0.0
2024-02-05T00:00:00,0.0
2024-02-05T01:00:00,0.0
2024-02-05T02:00:00,0.0
2024-02-05T03:00:00,0.0
2024-02-05T04:00:00,0.0
2024-02-05T05:00:00,0.0
2024-02-05T06:00:00,14.2
2024-02-05T07:00:00,167.93
2024-02-05T08:00:00,393.5
2024-02-05T09:00:00,598.5
2024-02-05T10:00:00,732.78
2024-02-05T11:00:00,851.17
2024-02-05T12:00:00,910.03
2024-02-05T13:00:00,912.42
2024-02-05T14:00:00,745.83
2024-02-05T15:00:00,533.88
2024-02-05T16:00:00,369.12
2024-02-05T17:00:00,176.2
2024-02-05T18:00:00,35.95
2024-02-05T19:00:00,0.0
2024-02-05T20:00:00,0.0
2024-02-05T21:00:00,0.0
2024-02-05T22:00:00,0.0
2024-02-05T23:00:00,0.0
2024-02-06T00:00:00,0.0
2024-02-06T01:00:00,0.0
2024-02-06T02:00:00,0.0
2024-02-06T03:00:00,0.0
2024-02-06T04:00:00,0.0
2024-02-06T05:00:00,0.0
2024-02-06T06:00:00,10.23
2024-02-06T07:00:00,123.95
2024-02-06T08:00:00,270.38
2024-02-06T09:00:00,471.85
2024-02-06T10:00:00,592.53
2024-02-06T11:00:00,712.9
2024-02-06T12:00:00,670.7
2024-02-06T13:00:00,711.78
2024-02-06T14:00:00,708.33
2024-02-06T15:00:00,534.8
2024-02-06T16:00:00,359.15
2024-02-06T17:00:00,157.9
2024-02-06T18:00:00,33.22
2024-02-06T19:00:00,0.0
2024-02-06T20:00:00,0.0
2024-02-06T21:00:00,0.0
2024-02-06T22:00:00,0.0
2024-02-06T23:00:00,0.0
2024-02-07T00:00:00,0.0
2024-02-07T01:00:00,0.0
2024-02-07T02:00:00,0.0
2024-02-07T03:00:00,0.0
2024-02-07T04:00:00,0.0
2024-02-07T05:00:00,0.0
2024-02-07T06:00:00,3.2
2024-02-07T07:00:00,48.47
2024-02-07T08:00:00,136.38
2024-02-07T09:00:00,393.2
2024-02-07T10:00:00,620.85
2024-02-07T11:00:00,720.72
2024-02-07T12:00:00,783.35
2024-02-07T13:00:00,855.38
2024-02-07T14:00:00,732.08
2024-02-07T15:00:00,568.6
2024-02-07T16:00:00,403.38
2024-02-07T17:00:00,192.18
2024-02-07T18:00:00,35.67
2024-02-07T19:00:00,0.0
2024-02-07T20:00:00,0.0
2024-02-07T21:00:00,0.0
2024-02-07T22:00:00,0.0
2024-02-07T23:00:00,0.0
2024-02-08T00:00:00,0.0
2024-02-08T01:00:00,0.0
2024-02-08T02:00:00,0.0
2024-02-08T03:00:00,0.0
2024-02-08T04:00:00,0.0
2024-02-08T05:00:00,0.0
2024-02-08T06:00:00,7.25
2024-02-08T07:00:00,73.65
2024-02-08T08:00:00,170.1
2024-02-08T09:00:00,311.73
2024-02-08T10:00:00,387.77
2024-02-08T11:00:00,569.35
2024-02-08T12:00:00,656.85
2024-02-08T13:00:00,651.5
2024-02-08T14:00:00,571.47
2024-02-08T15:00:00,436.85
2024-02-08T16:00:00,285.88
2024-02-08T17:00:00,144.32
2024-02-08T18:00:00,36.8
2024-02-08T19:00:00,0.0
2024-02-08T20:00:00,0.0
2024-02-08T21:00:00,0.0
2024-02-08T22:00:00,0.0
2024-02-08T23:00:00,0.0
2024-02-09T00:00:00,0.0
2024-02-09T01:00:00,0.0
2024-02-09T02:00:00,0.0
2024-02-09T03:00:00,0.0
2024-02-09T04:00:00,0.0
2024-02-09T05:00:00,0.0
2024-02-09T06:00:00,12.95
2024-02-09T07:00:00,160.62
2024-02-09T08:00:00,376.5
2024-02-09T09:00:00,577.33
2024-02-09T10:00:00,752.03
2024-02-09T11:00:00,922.17
2024-02-09T12:00:00,908.67
2024-02-09T13:00:00,847.67
2024-02-09T14:00:00,761.2
2024-02-09T15:00:00,533.35
2024-02-09T16:00:00,389.48
2024-02-09T17:00:00,215.25
2024-02-09T18:00:00,33.12
2024-02-09T19:00:00,0.0
2024-02-09T20:00:00,0.0
2024-02-09T21:00:00,0.0
2024-02-09T22:00:00,0.0
2024-02-09T23:00:00,0.0
2024-02-10T00:00:00,0.0
2024-02-10T01:00:00,0.0
2024-02-10T02:00:00,0.0
2024-02-10T03:00:00,0.0
2024-02-10T04:00:00,0.0
2024-02-10T05:00:00,0.0
2024-02-10T06:00:00,13.05
2024-02-10T07:00:00,138.25
2024-02-10T08:00:00,331.45
2024-02-10T09:00:00,566.72
2024-02-10T10:00:00,717.05
2024-02-10T11:00:00,843.22
2024-02-10T12:00:00,856.83
2024-02-10T13:00:00,830.47
2024-02-10T14:00:00,761.17
2024-02-10T15:00:00,567.8
2024-02-10T16:00:00,393.65
2024-02-10T17:00:00,202.85
2024-02-10T18:00:00,33.15
2024-02-10T19:00:00,0.0
2024-02-10T20:00:00,0.0
2024-02-10T21:00:00,0.0
2024-02-10T22:00:00,0.0
2024-02-10T23:00:00,0.0
2024-02-11T00:00:00,0.0
2024-02-11T01:00:00,0.0
2024-02-11T02:00:00,0.0
2024-02-11T03:00:00,0.0
2024-02-11T04:00:00,0.0
2024-02-11T05:00:00,0.0
2024-02-11T06:00:00,13.6
2024-02-11T07:00:00,150.23
2024-02-11T08:00:00,367.17
2024-02-11T09:00:00,601.75
2024-02-11T10:00:00,744.7
2024-02-11T11:00:00,716.38
2024-02-11T12:00:00,656.95
2024-02-11T13:00:00,567.53
2024-02-11T14:00:00,545.7
2024-02-11T15:00:00,432.62
2024-02-11T16:00:00,288.25
2024-02-11T17:00:00,183.95
2024-02-11T18:00:00,24.15
2024-02-11T19:00:00,0.0
2024-02-11T20:00:00,0.0
2024-02-11T21:00:00,0.0
2024-02-11T22:00:00,0.0
2024-02-11T23:00:00,0.0
2024-02-12T00:00:00,0.0
2024-02-12T01:00:00,0.0
2024-02-12T02:00:00,0.0
2024-02-12T03:00:00,0.0
2024-02-12T04:00:00,0.0
2024-02-12T05:00:00,0.0
2024-02-12T06:00:00,1.7
2024-02-12T07:00:00,22.25
2024-02-12T08:00:00,59.75
2024-02-12T09:00:00,121.7
2024-02-12T10:00:00,210.1
2024-02-12T11:00:00,373.45
2024-02-12T12:00:00,421.75
2024-02-12T13:00:00,511.95
2024-02-12T14:00:00,468.02
2024-02-12T15:00:00,362.1
2024-02-12T16:00:00,211.52
2024-02-12T17:00:00,118.55
2024-02-12T18:00:00,20.02
2024-02-12T19:00:00,0.0
2024-02-12T20:00:00,0.0
2024-02-12T21:00:00,0.0
2024-02-12T22:00:00,0.0
2024-02-12T23:00:00,0.0
2024-02-13T00:00:00,0.0
2024-02-13T01:00:00,0.0
2024-02-13T02:00:00,0.0
2024-02-13T03:00:00,0.0
2024-02-13T04:00:00,0.0
2024-02-13T05:00:00,0.0
2024-02-13T06:00:00,8.12
2024-02-13T07:00:00,107.53
2024-02-13T08:00:00,262.2
2024-02-13T09:00:00,469.67
2024-02-13T10:00:00,578.55
2024-02-13T11:00:00,582.83
2024-02-13T12:00:00,510.55
2024-02-13T13:00:00,472.92
2024-02-13T14:00:00,414.33
2024-02-13T15:00:00,322.38
2024-02-13T16:00:00,212.77
2024-02-13T17:00:00,118.5
2024-02-13T18:00:00,18.7
2024-02-13T19:00:00,0.0
2024-02-13T20:00:00,0.0
2024-02-13T21:00:00,0.0
2024-02-13T22:00:00,0.0
2024-02-13T23:00:00,0.0
2024-02-14T00:00:00,0.0
2024-02-14T01:00:00,0.0
2024-02-14T02:00:00,0.0
2024-02-14T03:00:00,0.0
2024-02-14T04:00:00,0.0
2024-02-14T05:00:00,0.0
2024-02-14T06:00:00,2.75
2024-02-14T07:00:00,38.62
2024-02-14T08:00:00,100.8
2024-02-14T09:00:00,153.3
2024-02-14T10:00:00,199.35
2024-02-14T11:00:00,294.38
2024-02-14T12:00:00,312.35
2024-02-14T13:00:00,286.3
2024-02-14T14:00:00,286.77
2024-02-14T15:00:00,253.68
2024-02-14T16:00:00,158.23
2024-02-14T17:00:00,95.07
2024-02-14T18:00:00,18.55
2024-02-14T19:00:00,0.0
2024-02-14T20:00:00,0.0
2024-02-14T21:00:00,0.0
2024-02-14T22:00:00,0.0
2024-02-14T23:00:00,0.0
2024-02-15T00:00:00,0.0
2024-02-15T01:00:00,0.0
2024-02-15T02:00:00,0.0
2024-02-15T03:00:00,0.0
2024-02-15T04:00:00,0.0
2024-02-15T05:00:00,0.0
2024-02-15T06:00:00,4.15
2024-02-15T07:00:00,47.45
2024-02-15T08:00:00,108.05
2024-02-15T09:00:00,188.25
2024-02-15T10:00:00,351.0
2024-02-15T11:00:00,484.08
2024-02-15T12:00:00,477.88
2024-02-15T13:00:00,518.92
2024-02-15T14:00:00,516.55
2024-02-15T15:00:00,396.48
2024-02-15T16:00:00,272.65
2024-02-15T17:00:00,136.57
2024-02-15T18:00:00,24.15
2024-02-15T19:00:00,0.0
2024-02-15T20:00:00,0.0
2024-02-15T21:00:00,0.0
2024-02-15T22:00:00,0.0
2024-02-15T23:00:00,0.0
2024-02-16T00:00:00,0.0
2024-02-16T01:00:00,0.0
2024-02-16T02:00:00,0.0
2024-02-16T03:00:00,0.0
2024-02-16T04:00:00,0.0
2024-02-16T05:00:00,0.0
2024-02-16T06:00:00,12.27
2024-02-16T07:00:00,145.07
2024-02-16T08:00:00,353.3
2024-02-16T09:00:00,570.95
2024-02-16T10:00:00,768.22
2024-02-16T11:00:00,940.88
2024-02-16T12:00:00,983.53
2024-02-16T13:00:00,911.17
2024-02-16T14:00:00,776.85
2024-02-16T15:00:00,618.58
2024-02-16T16:00:00,429.88
2024-02-16T17:00:00,233.82
2024-02-16T18:00:00,31.75
2024-02-16T19:00:00,0.0
2024-02-16T20:00:00,0.0
2024-02-16T21:00:00,0.0
2024-02-16T22:00:00,0.0
2024-02-16T23:00:00,0.0
2024-02-17T00:00:00,0.0
2024-02-17T01:00:00,0.0
2024-02-17T02:00:00,0.0
2024-02-17T03:00:00,0.0
2024-02-17T04:00:00,0.0
2024-02-17T05:00:00,0.0
2024-02-17T06:00:00,7.95
2024-02-17T07:00:00,93.75
2024-02-17T08:00:00,218.35
2024-02-17T09:00:00,298.5
2024-02-17T10:00:00,429.65
2024-02-17T11:00:00,507.98
2024-02-17T12:00:00,491.25
2024-02-17T13:00:00,496.67
2024-02-17T14:00:00,413.6
2024-02-17T15:00:00,295.77
2024-02-17T16:00:00,190.6
2024-02-17T17:00:00,116.18
2024-02-17T18:00:00,14.43
2024-02-17T19:00:00,0.0
2024-02-17T20:00:00,0.0
2024-02-17T21:00:00,0.0
2024-02-17T22:00:00,0.0
2024-02-17T23:00:00,0.0
2024-02-18T00:00:00,0.0
2024-02-18T01:00:00,0.0
2024-02-18T02:00:00,0.0
2024-02-18T03:00:00,0.0
2024-02-18T04:00:00,0.0
2024-02-18T05:00:00,0.0
2024-02-18T06:00:00,1.33
2024-02-18T07:00:00,14.6
2024-02-18T08:00:00,35.78
2024-02-18T09:00:00,67.22
2024-02-18T10:00:00,149.85
2024-02-18T11:00:00,236.1
2024-02-18T12:00:00,251.68
2024-02-18T13:00:00,239.2
2024-02-18T14:00:00,209.15
2024-02-18T15:00:00,196.4
2024-02-18T16:00:00,103.12
2024-02-18T17:00:00,57.45
2024-02-18T18:00:00,9.8
2024-02-18T19:00:00,0.0
2024-02-18T20:00:00,0.0
2024-02-18T21:00:00,0.0
2024-02-18T22:00:00,0.0
2024-02-18T23:00:00,0.0
2024-02-19T00:00:00,0.0
2024-02-19T01:00:00,0.0
2024-02-19T02:00:00,0.0
2024-02-19T03:00:00,0.0
2024-02-19T04:00:00,0.0
2024-02-19T05:00:00,0.0
2024-02-19T06:00:00,7.57
2024-02-19T07:00:00,117.75
2024-02-19T08:00:00,283.08
2024-02-19T09:00:00,483.95
2024-02-19T10:00:00,670.08
2024-02-19T11:00:00,824.72
2024-02-19T12:00:00,864.88
2024-02-19T13:00:00,881.2
2024-02-19T14:00:00,723.38
2024-02-19T15:00:00,563.67
2024-02-19T16:00:00,384.3
2024-02-19T17:00:00,212.25
2024-02-19T18:00:00,30.27
2024-02-19T19:00:00,0.0
2024-02-19T20:00:00,0.0
2024-02-19T21:00:00,0.0
2024-02-19T22:00:00,0.0
2024-02-19T23:00:00,0.0
2024-02-20T00:00:00,0.0
2024-02-20T01:00:00,0.0
2024-02-20T02:00:00,0.0
2024-02-20T03:00:00,0.0
2024-02-20T04:00:00,0.0
2024-02-20T05:00:00,0.0
2024-02-20T06:00:00,6.68
2024-02-20T07:00:00,90.38
2024-02-20T08:00:00,231.82
2024-02-20T09:00:00,405.67
2024-02-20T10:00:00,606.58
2024-02-20T11:00:00,648.78
2024-02-20T12:00:00,652.8
2024-02-20T13:00:00,686.72
2024-02-20T14:00:00,611.5
2024-02-20T15:00:00,450.83
2024-02-20T16:00:00,305.7
2024-02-20T17:00:00,136.18
2024-02-20T18:00:00,25.5
2024-02-20T19:00:00,0.0
2024-02-20T20:00:00,0.0
2024-02-20T21:00:00,0.0
2024-02-20T22:00:00,0.0
2024-02-20T23:00:00,0.0
2024-02-21T00:00:00,0.0
2024-02-21T01:00:00,0.0
2024-02-21T02:00:00,0.0
2024-02-21T03:00:00,0.0
2024-02-21T04:00:00,0.0
2024-02-21T05:00:00,0.0
2024-02-21T06:00:00,11.82
2024-02-21T07:00:00,158.32
2024-02-21T08:00:00,383.83
2024-02-21T09:00:00,609.7
2024-02-21T10:00:00,797.0
2024-02-21T11:00:00,925.12
2024-02-21T12:00:00,990.17
2024-02-21T13:00:00,965.5
2024-02-21T14:00:00,797.6
2024-02-21T15:00:00,703.28
2024-02-21T16:00:00,481.35
2024-02-21T17:00:00,251.85
2024-02-21T18:00:00,43.4
2024-02-21T19:00:00,0.0
2024-02-21T20:00:00,0.0
2024-02-21T21:00:00,0.0
2024-02-21T22:00:00,0.0
2024-02-21T23:00:00,0.0
2024-02-22T00:00:00,0.0
2024-02-22T01:00:00,0.0
2024-02-22T02:00:00,0.0
2024-02-22T03:00:00,0.0
2024-02-22T04:00:00,0.0
2024-02-22T05:00:00,0.0
2024-02-22T06:00:00,12.18
2024-02-22T07:00:00,173.68
2024-02-22T08:00:00,398.88
2024-02-22T09:00:00,621.28
2024-02-22T10:00:00,786.72
2024-02-22T11:00:00,883.75
2024-02-22T12:00:00,959.05
2024-02-22T13:00:00,914.53
2024-02-22T14:00:00,715.85
2024-02-22T15:00:00,613.1
2024-02-22T16:00:00,416.95
2024-02-22T17:00:00,216.95
2024-02-22T18:00:00,38.97
2024-02-22T19:00:00,0.0
2024-02-22T20:00:00,0.0
2024-02-22T21:00:00,0.0
2024-02-22T22:00:00,0.0
2024-02-22T23:00:00,0.0
2024-02-23T00:00:00,0.0
2024-02-23T01:00:00,0.0
2024-02-23T02:00:00,0.0
2024-02-23T03:00:00,0.0
2024-02-23T04:00:00,0.0
2024-02-23T05:00:00,0.0
2024-02-23T06:00:00,11.3
2024-02-23T07:00:00,145.1
2024-02-23T08:00:00,368.27
2024-02-23T09:00:00,585.47
2024-02-23T10:00:00,779.67
2024-02-23T11:00:00,896.53
2024-02-23T12:00:00,971.12
2024-02-23T13:00:00,922.4
2024-02-23T14:00:00,807.88
2024-02-23T15:00:00,638.38
2024-02-23T16:00:00,428.58
2024-02-23T17:00:00,204.2
2024-02-23T18:00:00,32.97
2024-02-23T19:00:00,0.0
2024-02-23T20:00:00,0.0
2024-02-23T21:00:00,0.0
2024-02-23T22:00:00,0.0
2024-02-23T23:00:00,0.0
2024-02-24T00:00:00,0.0
2024-02-24T01:00:00,0.0
2024-02-24T02:00:00,0.0
2024-02-24T03:00:00,0.0
2024-02-24T04:00:00,0.0
2024-02-24T05:00:00,0.0
2024-02-24T06:00:00,11.75
2024-02-24T07:00:00,170.5
2024-02-24T08:00:00,391.67
2024-02-24T09:00:00,583.25
2024-02-24T10:00:00,806.95
2024-02-24T11:00:00,959.22
2024-02-24T12:00:00,1014.12
2024-02-24T13:00:00,974.53
2024-02-24T14:00:00,870.33
2024-02-24T15:00:00,702.17
2024-02-24T16:00:00,489.8
2024-02-24T17:00:00,241.57
2024-02-24T18:00:00,38.3
2024-02-24T19:00:00,0.0
2024-02-24T20:00:00,0.0
2024-02-24T21:00:00,0.0
2024-02-24T22:00:00,0.0
2024-02-24T23:00:00,0.0
2024-02-25T00:00:00,0.0
2024-02-25T01:00:00,0.0
2024-02-25T02:00:00,0.0
2024-02-25T03:00:00,0.0
2024-02-25T04:00:00,0.0
2024-02-25T05:00:00,0.0
2024-02-25T06:00:00,12.18
2024-02-25T07:00:00,179.25
2024-02-25T08:00:00,414.83
2024-02-25T09:00:00,642.33
2024-02-25T10:00:00,825.35
2024-02-25T11:00:00,950.4
2024-02-25T12:00:00,1024.57
2024-02-25T13:00:00,1003.05
2024-02-25T14:00:00,889.7
2024-02-25T15:00:00,698.2
2024-02-25T16:00:00,508.67
2024-02-25T17:00:00,262.98
2024-02-25T18:00:00,40.53
2024-02-25T19:00:00,0.0
2024-02-25T20:00:00,0.0
2024-02-25T21:00:00,0.0
2024-02-25T22:00:00,0.0
2024-02-25T23:00:00,0.0
2024-02-26T00:00:00,0.0
2024-02-26T01:00:00,0.0
2024-02-26T02:00:00,0.0
2024-02-26T03:00:00,0.0
2024-02-26T04:00:00,0.0
2024-02-26T05:00:00,0.0
2024-02-26T06:00:00,11.8
2024-02-26T07:00:00,173.75
2024-02-26T08:00:00,402.4
2024-02-26T09:00:00,617.38
2024-02-26T10:00:00,855.3
2024-02-26T11:00:00,947.03
2024-02-26T12:00:00,951.47
2024-02-26T13:00:00,954.2
2024-02-26T14:00:00,788.35
2024-02-26T15:00:00,635.85
2024-02-26T16:00:00,397.38
2024-02-26T17:00:00,195.48
2024-02-26T18:00:00,29.85
2024-02-26T19:00:00,0.0
2024-02-26T20:00:00,0.0
2024-02-26T21:00:00,0.0
2024-02-26T22:00:00,0.0
2024-02-26T23:00:00,0.0
2024-02-27T00:00:00,0.0
2024-02-27T01:00:00,0.0
2024-02-27T02:00:00,0.0
2024-02-27T03:00:00,0.0
2024-02-27T04:00:00,0.0
2024-02-27T05:00:00,0.0
2024-02-27T06:00:00,11.85
2024-02-27T07:00:00,185.8
2024-02-27T08:00:00,435.1
2024-02-27T09:00:00,677.38
2024-02-27T10:00:00,859.97
2024-02-27T11:00:00,983.45
2024-02-27T12:00:00,1033.97
2024-02-27T13:00:00,998.35
2024-02-27T14:00:00,872.12
2024-02-27T15:00:00,688.17
2024-02-27T16:00:00,467.25
2024-02-27T17:00:00,237.48
2024-02-27T18:00:00,38.15
2024-02-27T19:00:00,0.0
2024-02-27T20:00:00,0.0
2024-02-27T21:00:00,0.0
2024-02-27T22:00:00,0.0
2024-02-27T23:00:00,0.0
2024-02-28T00:00:00,0.0
2024-02-28T01:00:00,0.0
2024-02-28T02:00:00,0.0
2024-02-28T03:00:00,0.0
2024-02-28T04:00:00,0.0
2024-02-28T05:00:00,0.0
2024-02-28T06:00:00,10.62
2024-02-28T07:00:00,136.55
2024-02-28T08:00:00,325.8
2024-02-28T09:00:00,475.1
2024-02-28T10:00:00,637.08
2024-02-28T11:00:00,737.42
2024-02-28T12:00:00,803.6
2024-02-28T13:00:00,628.25
2024-02-28T14:00:00,543.97
2024-02-28T15:00:00,432.55
2024-02-28T16:00:00,282.0
2024-02-28T17:00:00,146.1
2024-02-28T18:00:00,26.15
2024-02-28T19:00:00,0.0
2024-02-28T20:00:00,0.0
2024-02-28T21:00:00,0.0
2024-02-28T22:00:00,0.0
2024-02-28T23:00:00,0.0
2024-02-29T00:00:00,0.0
2024-02-29T01:00:00,0.0
2024-02-29T02:00:00,0.0
2024-02-29T03:00:00,0.0
2024-02-29T04:00:00,0.0
2024-02-29T05:00:00,0.0
2024-02-29T06:00:00,11.15
2024-02-29T07:00:00,168.85
2024-02-29T08:00:00,388.75
2024-02-29T09:00:00,631.8
2024-02-29T10:00:00,822.97
2024-02-29T11:00:00,932.88
2024-02-29T12:00:00,1003.6
2024-02-29T13:00:00,983.4
2024-02-29T14:00:00,846.33
2024-02-29T15:00:00,703.53
2024-02-29T16:00:00,476.23
2024-02-29T17:00:00,244.05
2024-02-29T18:00:00,35.92
2024-02-29T19:00:00,0.0
2024-02-29T20:00:00,0.0
2024-02-29T21:00:00,0.0
2024-02-29T22:00:00,0.0
2024-02-29T23:00:00,0.0
2024-03-01T00:00:00,0.0
2024-03-01T01:00:00,0.0
2024-03-01T02:00:00,0.0
2024-03-01T03:00:00,0.0
2024-03-01T04:00:00,0.0
2024-03-01T05:00:00,0.0
2024-03-01T06:00:00,11.02
2024-03-01T07:00:00,157.62
2024-03-01T08:00:00,388.1
2024-03-01T09:00:00,608.88
2024-03-01T10:00:00,786.25
2024-03-01T11:00:00,904.78
2024-03-01T12:00:00,967.53
2024-03-01T13:00:00,964.22
2024-03-01T14:00:00,840.35
2024-03-01T15:00:00,677.28
2024-03-01T16:00:00,468.17
2024-03-01T17:00:00,235.5
2024-03-01T18:00:00,33.22
2024-03-01T19:00:00,0.0
2024-03-01T20:00:00,0.0
2024-03-01T21:00:00,0.0
2024-03-01T22:00:00,0.0
2024-03-01T23:00:00,0.0
2024-03-02T00:00:00,0.0
2024-03-02T01:00:00,0.0
2024-03-02T02:00:00,0.0
2024-03-02T03:00:00,0.0
2024-03-02T04:00:00,0.0
2024-03-02T05:00:00,0.0
2024-03-02T06:00:00,10.45
2024-03-02T07:00:00,159.35
2024-03-02T08:00:00,370.5
2024-03-02T09:00:00,635.35
2024-03-02T10:00:00,815.45
2024-03-02T11:00:00,919.97
2024-03-02T12:00:00,984.33
2024-03-02T13:00:00,956.47
2024-03-02T14:00:00,845.2
2024-03-02T15:00:00,696.58
2024-03-02T16:00:00,464.73
2024-03-02T17:00:00,223.0
2024-03-02T18:00:00,30.17
2024-03-02T19:00:00,0.0
2024-03-02T20:00:00,0.0
2024-03-02T21:00:00,0.0
2024-03-02T22:00:00,0.0
2024-03-02T23:00:00,0.0
2024-03-03T00:00:00,0.0
2024-03-03T01:00:00,0.0
2024-03-03T02:00:00,0.0
2024-03-03T03:00:00,0.0
2024-03-03T04:00:00,0.0
2024-03-03T05:00:00,0.0
2024-03-03T06:00:00,7.18
2024-03-03T07:00:00,116.65
2024-03-03T08:00:00,285.73
2024-03-03T09:00:00,530.15
2024-03-03T10:00:00,741.65
2024-03-03T11:00:00,829.47
2024-03-03T12:00:00,788.47
2024-03-03T13:00:00,753.72
2024-03-03T14:00:00,642.12
2024-03-03T15:00:00,538.05
2024-03-03T16:00:00,347.9
2024-03-03T17:00:00,156.2
2024-03-03T18:00:00,22.0
2024-03-03T19:00:00,0.0
2024-03-03T20:00:00,0.0
2024-03-03T21:00:00,0.0
2024-03-03T22:00:00,0.0
2024-03-03T23:00:00,0.0
2024-03-04T00:00:00,0.0
2024-03-04T01:00:00,0.0
2024-03-04T02:00:00,0.0
2024-03-04T03:00:00,0.0
2024-03-04T04:00:00,0.0
2024-03-04T05:00:00,0.0
2024-03-04T06:00:00,6.6
2024-03-04T07:00:00,93.82
2024-03-04T08:00:00,228.23
2024-03-04T09:00:00,422.52
2024-03-04T10:00:00,610.53
2024-03-04T11:00:00,712.6
2024-03-04T12:00:00,686.08
2024-03-04T13:00:00,554.08
2024-03-04T14:00:00,506.95
2024-03-04T15:00:00,374.0
2024-03-04T16:00:00,229.15
2024-03-04T17:00:00,127.47
2024-03-04T18:00:00,15.7
2024-03-04T19:00:00,0.0
2024-03-04T20:00:00,0.0
2024-03-04T21:00:00,0.0
2024-03-04T22:00:00,0.0
2024-03-04T23:00:00,0.0
2024-03-05T00:00:00,0.0
2024-03-05T01:00:00,0.0
2024-03-05T02:00:00,0.0
2024-03-05T03:00:00,0.0
2024-03-05T04:00:00,0.0
2024-03-05T05:00:00,0.0
2024-03-05T06:00:00,8.68
2024-03-05T07:00:00,162.38
2024-03-05T08:00:00,407.83
2024-03-05T09:00:00,637.53
2024-03-05T10:00:00,823.88
2024-03-05T11:00:00,945.15
2024-03-05T12:00:00,999.7
2024-03-05T13:00:00,956.83
2024-03-05T14:00:00,821.95
2024-03-05T15:00:00,655.75
2024-03-05T16:00:00,443.58
2024-03-05T17:00:00,218.82
2024-03-05T18:00:00,28.77
2024-03-05T19:00:00,0.0
2024-03-05T20:00:00,0.0
2024-03-05T21:00:00,0.0
2024-03-05T22:00:00,0.0
2024-03-05T23:00:00,0.0
2024-03-06T00:00:00,0.0
2024-03-06T01:00:00,0.0
2024-03-06T02:00:00,0.0
2024-03-06T03:00:00,0.0
2024-03-06T04:00:00,0.0
2024-03-06T05:00:00,0.0
2024-03-06T06:00:00,10.52
2024-03-06T07:00:00,168.68
2024-03-06T08:00:00,399.58
2024-03-06T09:00:00,639.67
2024-03-06T10:00:00,819.03
2024-03-06T11:00:00,942.92
2024-03-06T12:00:00,1004.55
2024-03-06T13:00:00,972.6
2024-03-06T14:00:00,847.7
2024-03-06T15:00:00,683.45
2024-03-06T16:00:00,470.67
2024-03-06T17:00:00,225.82
2024-03-06T18:00:00,27.23
2024-03-06T19:00:00,0.0
2024-03-06T20:00:00,0.0
2024-03-06T21:00:00,0.0
2024-03-06T22:00:00,0.0
2024-03-06T23:00:00,0.0
2024-03-07T00:00:00,0.0
2024-03-07T01:00:00,0.0
2024-03-07T02:00:00,0.0
2024-03-07T03:00:00,0.0
2024-03-07T04:00:00,0.0
2024-03-07T05:00:00,0.0
2024-03-07T06:00:00,5.22
2024-03-07T07:00:00,78.28
2024-03-07T08:00:00,228.2
2024-03-07T09:00:00,305.12
2024-03-07T10:00:00,145.02
2024-03-07T11:00:00,122.47
2024-03-07T12:00:00,171.07
2024-03-07T13:00:00,267.6
2024-03-07T14:00:00,393.45
2024-03-07T15:00:00,320.17
2024-03-07T16:00:00,196.9
2024-03-07T17:00:00,99.68
2024-03-07T18:00:00,10.68
2024-03-07T19:00:00,0.0
2024-03-07T20:00:00,0.0
2024-03-07T21:00:00,0.0
2024-03-07T22:00:00,0.0
2024-03-07T23:00:00,0.0
2024-03-08T00:00:00,0.0
2024-03-08T01:00:00,0.0
2024-03-08T02:00:00,0.0
2024-03-08T03:00:00,0.0
2024-03-08T04:00:00,0.0
2024-03-08T05:00:00,0.0
2024-03-08T06:00:00,7.32
2024-03-08T07:00:00,103.62
2024-03-08T08:00:00,244.85
2024-03-08T09:00:00,354.35
2024-03-08T10:00:00,325.77
2024-03-08T11:00:00,419.45
2024-03-08T12:00:00,608.03
2024-03-08T13:00:00,646.1
2024-03-08T14:00:00,760.3
2024-03-08T15:00:00,618.88
2024-03-08T16:00:00,448.02
2024-03-08T17:00:00,223.77
2024-03-08T18:00:00,27.02
2024-03-08T19:00:00,0.0
2024-03-08T20:00:00,0.0
2024-03-08T21:00:00,0.0
2024-03-08T22:00:00,0.0
2024-03-08T23:00:00,0.0
2024-03-09T00:00:00,0.0
2024-03-09T01:00:00,0.0
2024-03-09T02:00:00,0.0
2024-03-09T03:00:00,0.0
2024-03-09T04:00:00,0.0
2024-03-09T05:00:00,0.0
2024-03-09T06:00:00,8.27
2024-03-09T07:00:00,144.65
2024-03-09T08:00:00,375.6
2024-03-09T09:00:00,609.8
2024-03-09T10:00:00,796.47
2024-03-09T11:00:00,917.22
2024-03-09T12:00:00,973.0
2024-03-09T13:00:00,943.92
2024-03-09T14:00:00,820.62
2024-03-09T15:00:00,643.58
2024-03-09T16:00:00,405.48
2024-03-09T17:00:00,193.7
2024-03-09T18:00:00,21.62
2024-03-09T19:00:00,0.0
2024-03-09T20:00:00,0.0
2024-03-09T21:00:00,0.0
2024-03-09T22:00:00,0.0
2024-03-09T23:00:00,0.0
2024-03-10T00:00:00,0.0
2024-03-10T01:00:00,0.0
2024-03-10T02:00:00,0.0
2024-03-10T03:00:00,0.0
2024-03-10T04:00:00,0.0
2024-03-10T05:00:00,0.0
2024-03-10T06:00:00,9.15
2024-03-10T07:00:00,141.6
2024-03-10T08:00:00,358.5
2024-03-10T09:00:00,553.95
2024-03-10T10:00:00,760.78
2024-03-10T11:00:00,881.42
2024-03-10T12:00:00,926.6
2024-03-10T13:00:00,909.25
2024-03-10T14:00:00,851.97
2024-03-10T15:00:00,684.62
2024-03-10T16:00:00,471.23
2024-03-10T17:00:00,220.85
2024-03-10T18:00:00,23.23
2024-03-10T19:00:00,0.0
2024-03-10T20:00:00,0.0
2024-03-10T21:00:00,0.0
2024-03-10T22:00:00,0.0
2024-03-10T23:00:00,0.0
2024-03-11T00:00:00,0.0
2024-03-11T01:00:00,0.0
2024-03-11T02:00:00,0.0
2024-03-11T03:00:00,0.0
2024-03-11T04:00:00,0.0
2024-03-11T05:00:00,0.0
2024-03-11T06:00:00,9.4
2024-03-11T07:00:00,128.77
2024-03-11T08:00:00,328.9
2024-03-11T09:00:00,555.42
2024-03-11T10:00:00,701.92
2024-03-11T11:00:00,744.08
2024-03-11T12:00:00,731.35
2024-03-11T13:00:00,776.75
2024-03-11T14:00:00,703.6
2024-03-11T15:00:00,560.17
2024-03-11T16:00:00,354.23
2024-03-11T17:00:00,154.05
2024-03-11T18:00:00,19.83
2024-03-11T19:00:00,0.0
2024-03-11T20:00:00,0.0
2024-03-11T21:00:00,0.0
2024-03-11T22:00:00,0.0
2024-03-11T23:00:00,0.0
2024-03-12T00:00:00,0.0
2024-03-12T01:00:00,0.0
2024-03-12T02:00:00,0.0
2024-03-12T03:00:00,0.0
2024-03-12T04:00:00,0.0
2024-03-12T05:00:00,0.0
2024-03-12T06:00:00,10.27
2024-03-12T07:00:00,163.68
2024-03-12T08:00:00,377.48
2024-03-12T09:00:00,589.75
2024-03-12T10:00:00,758.1
2024-03-12T11:00:00,914.78
2024-03-12T12:00:00,925.92
2024-03-12T13:00:00,808.47
2024-03-12T14:00:00,670.75
2024-03-12T15:00:00,460.15
2024-03-12T16:00:00,291.62
2024-03-12T17:00:00,133.7
2024-03-12T18:00:00,15.48
2024-03-12T19:00:00,0.0
2024-03-12T20:00:00,0.0
2024-03-12T21:00:00,0.0
2024-03-12T22:00:00,0.0
2024-03-12T23:00:00,0.0
2024-03-13T00:00:00,0.0
2024-03-13T01:00:00,0.0
2024-03-13T02:00:00,0.0
2024-03-13T03:00:00,0.0
2024-03-13T04:00:00,0.0
2024-03-13T05:00:00,0.0
2024-03-13T06:00:00,10.1
2024-03-13T07:00:00,175.4
2024-03-13T08:00:00,412.33
2024-03-13T09:00:00,638.83
2024-03-13T10:00:00,819.35
2024-03-13T11:00:00,925.35
2024-03-13T12:00:00,976.33
2024-03-13T13:00:00,826.67
2024-03-13T14:00:00,791.5
2024-03-13T15:00:00,642.85
2024-03-13T16:00:00,390.25
2024-03-13T17:00:00,188.65
2024-03-13T18:00:00,17.4
2024-03-13T19:00:00,0.0
2024-03-13T20:00:00,0.0
2024-03-13T21:00:00,0.0
2024-03-13T22:00:00,0.0
2024-03-13T23:00:00,0.0
2024-03-14T00:00:00,0.0
2024-03-14T01:00:00,0.0
2024-03-14T02:00:00,0.0
2024-03-14T03:00:00,0.0
2024-03-14T04:00:00,0.0
2024-03-14T05:00:00,0.0
2024-03-14T06:00:00,6.47
2024-03-14T07:00:00,127.57
2024-03-14T08:00:00,303.05
2024-03-14T09:00:00,500.33
2024-03-14T10:00:00,770.65
2024-03-14T11:00:00,897.4
2024-03-14T12:00:00,926.47
2024-03-14T13:00:00,925.72
2024-03-14T14:00:00,819.67
2024-03-14T15:00:00,668.22
2024-03-14T16:00:00,438.8
2024-03-14T17:00:00,205.18
2024-03-14T18:00:00,19.85
2024-03-14T19:00:00,0.0
2024-03-14T20:00:00,0.0
2024-03-14T21:00:00,0.0
2024-03-14T22:00:00,0.0
2024-03-14T23:00:00,0.0
2024-03-15T00:00:00,0.0
2024-03-15T01:00:00,0.0
2024-03-15T02:00:00,0.0
2024-03-15T03:00:00,0.0
2024-03-15T04:00:00,0.0
2024-03-15T05:00:00,0.0
2024-03-15T06:00:00,9.43
2024-03-15T07:00:00,165.48
2024-03-15T08:00:00,414.0
2024-03-15T09:00:00,649.45
2024-03-15T10:00:00,819.75
2024-03-15T11:00:00,934.53
2024-03-15T12:00:00,941.17
2024-03-15T13:00:00,919.78
2024-03-15T14:00:00,834.97
2024-03-15T15:00:00,631.78
2024-03-15T16:00:00,432.98
2024-03-15T17:00:00,197.88
2024-03-15T18:00:00,17.77
2024-03-15T19:00:00,0.0
2024-03-15T20:00:00,0.0
2024-03-15T21:00:00,0.0
2024-03-15T22:00:00,0.0
2024-03-15T23:00:00,0.0
2024-03-16T00:00:00,0.0
2024-03-16T01:00:00,0.0
2024-03-16T02:00:00,0.0
2024-03-16T03:00:00,0.0
2024-03-16T04:00:00,0.0
2024-03-16T05:00:00,0.0
2024-03-16T06:00:00,9.5
2024-03-16T07:00:00,165.35
2024-03-16T08:00:00,389.2
2024-03-16T09:00:00,636.85
2024-03-16T10:00:00,788.35
2024-03-16T11:00:00,885.4
2024-03-16T12:00:00,965.2
2024-03-16T13:00:00,899.0
2024-03-16T14:00:00,810.0
2024-03-16T15:00:00,627.9
2024-03-16T16:00:00,435.98
2024-03-16T17:00:00,203.45
2024-03-16T18:00:00,18.12
2024-03-16T19:00:00,0.0
2024-03-16T20:00:00,0.0
2024-03-16T21:00:00,0.0
2024-03-16T22:00:00,0.0
2024-03-16T23:00:00,0.0
2024-03-17T00:00:00,0.0
2024-03-17T01:00:00,0.0
2024-03-17T02:00:00,0.0
2024-03-17T03:00:00,0.0
2024-03-17T04:00:00,0.0
2024-03-17T05:00:00,0.0
2024-03-17T06:00:00,9.93
2024-03-17T07:00:00,171.23
2024-03-17T08:00:00,396.3
2024-03-17T09:00:00,623.42
2024-03-17T10:00:00,830.92
2024-03-17T11:00:00,947.47
2024-03-17T12:00:00,979.78
2024-03-17T13:00:00,954.65
2024-03-17T14:00:00,852.05
2024-03-17T15:00:00,685.62
2024-03-17T16:00:00,462.75
2024-03-17T17:00:00,217.98
2024-03-17T18:00:00,18.8
2024-03-17T19:00:00,0.0
2024-03-17T20:00:00,0.0
2024-03-17T21:00:00,0.0
2024-03-17T22:00:00,0.0
2024-03-17T23:00:00,0.0
2024-03-18T00:00:00,0.0
2024-03-18T01:00:00,0.0
2024-03-18T02:00:00,0.0
2024-03-18T03:00:00,0.0
2024-03-18T04:00:00,0.0
2024-03-18T05:00:00,0.0
2024-03-18T06:00:00,9.77
2024-03-18T07:00:00,169.48
2024-03-18T08:00:00,409.9
2024-03-18T09:00:00,627.38
2024-03-18T10:00:00,801.62
2024-03-18T11:00:00,885.9
2024-03-18T12:00:00,900.72
2024-03-18T13:00:00,913.7
2024-03-18T14:00:00,841.95
2024-03-18T15:00:00,641.35
2024-03-18T16:00:00,425.0
2024-03-18T17:00:00,189.75
2024-03-18T18:00:00,16.48
2024-03-18T19:00:00,0.0
2024-03-18T20:00:00,0.0
2024-03-18T21:00:00,0.0
2024-03-18T22:00:00,0.0
2024-03-18T23:00:00,0.0
2024-03-19T00:00:00,0.0
2024-03-19T01:00:00,0.0
2024-03-19T02:00:00,0.0
2024-03-19T03:00:00,0.0
2024-03-19T04:00:00,0.0
2024-03-19T05:00:00,0.0
2024-03-19T06:00:00,9.38
2024-03-19T07:00:00,165.3
2024-03-19T08:00:00,405.73
2024-03-19T09:00:00,634.35
2024-03-19T10:00:00,802.12
2024-03-19T11:00:00,841.47
2024-03-19T12:00:00,927.97
2024-03-19T13:00:00,935.05
2024-03-19T14:00:00,813.08
2024-03-19T15:00:00,649.7
2024-03-19T16:00:00,435.98
2024-03-19T17:00:00,200.05
2024-03-19T18:00:00,16.0
2024-03-19T19:00:00,0.0
2024-03-19T20:00:00,0.0
2024-03-19T21:00:00,0.0
2024-03-19T22:00:00,0.0
2024-03-19T23:00:00,0.0
2024-03-20T00:00:00,0.0
2024-03-20T01:00:00,0.0
2024-03-20T02:00:00,0.0
2024-03-20T03:00:00,0.0
2024-03-20T04:00:00,0.0
2024-03-20T05:00:00,0.0
2024-03-20T06:00:00,8.07
2024-03-20T07:00:00,126.43
2024-03-20T08:00:00,334.7
2024-03-20T09:00:00,557.2
2024-03-20T10:00:00,738.33
2024-03-20T11:00:00,895.38
2024-03-20T12:00:00,942.97
2024-03-20T13:00:00,867.83
2024-03-20T14:00:00,791.67
2024-03-20T15:00:00,627.67
2024-03-20T16:00:00,412.45
2024-03-20T17:00:00,194.0
2024-03-20T18:00:00,15.5
2024-03-20T19:00:00,0.0
2024-03-20T20:00:00,0.0
2024-03-20T21:00:00,0.0
2024-03-20T22:00:00,0.0
2024-03-20T23:00:00,0.0
2024-03-21T00:00:00,0.0
2024-03-21T01:00:00,0.0
2024-03-21T02:00:00,0.0
2024-03-21T03:00:00,0.0
2024-03-21T04:00:00,0.0
2024-03-21T05:00:00,0.0
2024-03-21T06:00:00,9.43
2024-03-21T07:00:00,165.1
2024-03-21T08:00:00,391.5
2024-03-21T09:00:00,596.17
2024-03-21T10:00:00,801.67
2024-03-21T11:00:00,905.53
2024-03-21T12:00:00,903.85
2024-03-21T13:00:00,925.67
2024-03-21T14:00:00,841.9
2024-03-21T15:00:00,672.03
2024-03-21T16:00:00,437.8
2024-03-21T17:00:00,199.02
2024-03-21T18:00:00,15.27
2024-03-21T19:00:00,0.0
2024-03-21T20:00:00,0.0
2024-03-21T21:00:00,0.0
2024-03-21T22:00:00,0.0
2024-03-21T23:00:00,0.0
2024-03-22T00:00:00,0.0
2024-03-22T01:00:00,0.0
2024-03-22T02:00:00,0.0
2024-03-22T03:00:00,0.0
2024-03-22T04:00:00,0.0
2024-03-22T05:00:00,0.0
2024-03-22T06:00:00,8.9
2024-03-22T07:00:00,156.43
2024-03-22T08:00:00,376.85
2024-03-22T09:00:00,596.7
2024-03-22T10:00:00,796.67
2024-03-22T11:00:00,894.53
2024-03-22T12:00:00,946.58
2024-03-22T13:00:00,878.0
2024-03-22T14:00:00,789.0
2024-03-22T15:00:00,643.72
2024-03-22T16:00:00,426.45
2024-03-22T17:00:00,189.77
2024-03-22T18:00:00,14.52
2024-03-22T19:00:00,0.0
2024-03-22T20:00:00,0.0
2024-03-22T21:00:00,0.0
2024-03-22T22:00:00,0.0
2024-03-22T23:00:00,0.0
2024-03-23T00:00:00,0.0
2024-03-23T01:00:00,0.0
2024-03-23T02:00:00,0.0
2024-03-23T03:00:00,0.0
2024-03-23T04:00:00,0.0
2024-03-23T05:00:00,0.0
2024-03-23T06:00:00,9.15
2024-03-23T07:00:00,162.12
2024-03-23T08:00:00,392.92
2024-03-23T09:00:00,610.33
2024-03-23T10:00:00,768.5
2024-03-23T11:00:00,884.0
2024-03-23T12:00:00,935.1
2024-03-23T13:00:00,931.05
2024-03-23T14:00:00,807.05
2024-03-23T15:00:00,629.28
2024-03-23T16:00:00,408.62
2024-03-23T17:00:00,180.8
2024-03-23T18:00:00,13.18
2024-03-23T19:00:00,0.0
2024-03-23T20:00:00,0.0
2024-03-23T21:00:00,0.0
2024-03-23T22:00:00,0.0
2024-03-23T23:00:00,0.0
2024-03-24T00:00:00,0.0
2024-03-24T01:00:00,0.0
2024-03-24T02:00:00,0.0
2024-03-24T03:00:00,0.0
2024-03-24T04:00:00,0.0
2024-03-24T05:00:00,0.0
2024-03-24T06:00:00,9.18
2024-03-24T07:00:00,158.6
2024-03-24T08:00:00,370.77
2024-03-24T09:00:00,563.12
2024-03-24T10:00:00,788.58
2024-03-24T11:00:00,878.42
2024-03-24T12:00:00,955.17
2024-03-24T13:00:00,923.62
2024-03-24T14:00:00,822.9
2024-03-24T15:00:00,655.58
2024-03-24T16:00:00,432.83
2024-03-24T17:00:00,194.43
2024-03-24T18:00:00,13.07
2024-03-24T19:00:00,0.0
2024-03-24T20:00:00,0.0
2024-03-24T21:00:00,0.0
2024-03-24T22:00:00,0.0
2024-03-24T23:00:00,0.0
2024-03-25T00:00:00,0.0
2024-03-25T01:00:00,0.0
2024-03-25T02:00:00,0.0
2024-03-25T03:00:00,0.0
2024-03-25T04:00:00,0.0
2024-03-25T05:00:00,0.0
2024-03-25T06:00:00,9.5
2024-03-25T07:00:00,154.3
2024-03-25T08:00:00,364.7
2024-03-25T09:00:00,566.08
2024-03-25T10:00:00,727.6
2024-03-25T11:00:00,811.62
2024-03-25T12:00:00,785.47
2024-03-25T13:00:00,794.4
2024-03-25T14:00:00,622.45
2024-03-25T15:00:00,486.5
2024-03-25T16:00:00,299.83
2024-03-25T17:00:00,115.28
2024-03-25T18:00:00,10.27
2024-03-25T19:00:00,0.0
2024-03-25T20:00:00,0.0
2024-03-25T21:00:00,0.0
2024-03-25T22:00:00,0.0
2024-03-25T23:00:00,0.0
2024-03-26T00:00:00,0.0
2024-03-26T01:00:00,0.0
2024-03-26T02:00:00,0.0
2024-03-26T03:00:00,0.0
2024-03-26T04:00:00,0.0
2024-03-26T05:00:00,0.0
2024-03-26T06:00:00,8.55
2024-03-26T07:00:00,124.15
2024-03-26T08:00:00,339.73
2024-03-26T09:00:00,537.22
2024-03-26T10:00:00,673.8
2024-03-26T11:00:00,739.05
2024-03-26T12:00:00,600.92
2024-03-26T13:00:00,555.78
2024-03-26T14:00:00,475.7
2024-03-26T15:00:00,401.65
2024-03-26T16:00:00,222.68
2024-03-26T17:00:00,76.25
2024-03-26T18:00:00,5.9
2024-03-26T19:00:00,0.0
2024-03-26T20:00:00,0.0
2024-03-26T21:00:00,0.0
2024-03-26T22:00:00,0.0
2024-03-26T23:00:00,0.0
2024-03-27T00:00:00,0.0
2024-03-27T01:00:00,0.0
2024-03-27T02:00:00,0.0
2024-03-27T03:00:00,0.0
2024-03-27T04:00:00,0.0
2024-03-27T05:00:00,0.0
2024-03-27T06:00:00,5.75
2024-03-27T07:00:00,117.93
2024-03-27T08:00:00,291.1
2024-03-27T09:00:00,482.85
2024-03-27T10:00:00,745.28
2024-03-27T11:00:00,836.2
2024-03-27T12:00:00,826.7
2024-03-27T13:00:00,837.45
2024-03-27T14:00:00,697.35
2024-03-27T15:00:00,441.98
2024-03-27T16:00:00,267.15
2024-03-27T17:00:00,116.5
2024-03-27T18:00:00,6.28
2024-03-27T19:00:00,0.0
2024-03-27T20:00:00,0.0
2024-03-27T21:00:00,0.0
2024-03-27T22:00:00,0.0
2024-03-27T23:00:00,0.0
2024-03-28T00:00:00,0.0
2024-03-28T01:00:00,0.0
2024-03-28T02:00:00,0.0
2024-03-28T03:00:00,0.0
2024-03-28T04:00:00,0.0
2024-03-28T05:00:00,0.0
2024-03-28T06:00:00,8.62
2024-03-28T07:00:00,157.93
2024-03-28T08:00:00,388.7
2024-03-28T09:00:00,612.62
2024-03-28T10:00:00,770.0
2024-03-28T11:00:00,848.95
2024-03-28T12:00:00,915.7
2024-03-28T13:00:00,889.3
2024-03-28T14:00:00,753.97
2024-03-28T15:00:00,604.15
2024-03-28T16:00:00,379.9
2024-03-28T17:00:00,150.32
2024-03-28T18:00:00,8.7
2024-03-28T19:00:00,0.0
2024-03-28T20:00:00,0.0
2024-03-28T21:00:00,0.0
2024-03-28T22:00:00,0.0
2024-03-28T23:00:00,0.0
2024-03-29T00:00:00,0.0
2024-03-29T01:00:00,0.0
2024-03-29T02:00:00,0.0
2024-03-29T03:00:00,0.0
2024-03-29T04:00:00,0.0
2024-03-29T05:00:00,0.0
2024-03-29T06:00:00,6.53
2024-03-29T07:00:00,84.85
2024-03-29T08:00:00,247.65
2024-03-29T09:00:00,429.65
2024-03-29T10:00:00,552.38
2024-03-29T11:00:00,645.95
2024-03-29T12:00:00,690.35
2024-03-29T13:00:00,670.42
2024-03-29T14:00:00,648.45
2024-03-29T15:00:00,499.5
2024-03-29T16:00:00,313.25
2024-03-29T17:00:00,123.38
2024-03-29T18:00:00,8.25
2024-03-29T19:00:00,0.0
2024-03-29T20:00:00,0.0
2024-03-29T21:00:00,0.0
2024-03-29T22:00:00,0.0
2024-03-29T23:00:00,0.0
2024-03-30T00:00:00,0.0
2024-03-30T01:00:00,0.0
2024-03-30T02:00:00,0.0
2024-03-30T03:00:00,0.0
2024-03-30T04:00:00,0.0
2024-03-30T05:00:00,0.0
2024-03-30T06:00:00,7.7
2024-03-30T07:00:00,150.25
2024-03-30T08:00:00,362.42
2024-03-30T09:00:00,576.17
2024-03-30T10:00:00,733.3
2024-03-30T11:00:00,893.62
2024-03-30T12:00:00,915.45
2024-03-30T13:00:00,847.42
2024-03-30T14:00:00,714.97
2024-03-30T15:00:00,534.65
2024-03-30T16:00:00,336.1
2024-03-30T17:00:00,130.12
2024-03-30T18:00:00,8.48
2024-03-30T19:00:00,0.0
2024-03-30T20:00:00,0.0
2024-03-30T21:00:00,0.0
2024-03-30T22:00:00,0.0
2024-03-30T23:00:00,0.0
2024-03-31T00:00:00,0.0
2024-03-31T01:00:00,0.0
2024-03-31T02:00:00,0.0
2024-03-31T03:00:00,0.0
2024-03-31T04:00:00,0.0
2024-03-31T05:00:00,0.0
2024-03-31T06:00:00,7.7
2024-03-31T07:00:00,128.75
2024-03-31T08:00:00,331.4
2024-03-31T09:00:00,535.9
2024-03-31T10:00:00,657.83
2024-03-31T11:00:00,838.42
2024-03-31T12:00:00,897.08
2024-03-31T13:00:00,857.15
2024-03-31T14:00:00,760.88
2024-03-31T15:00:00,583.95
2024-03-31T16:00:00,373.55
2024-03-31T17:00:00,146.65
2024-03-31T18:00:00,7.93
2024-03-31T19:00:00,0.0
2024-03-31T20:00:00,0.0
2024-03-31T21:00:00,0.0
2024-03-31T22:00:00,0.0
2024-03-31T23:00:00,0.0
2024-04-01T00:00:00,0.0
2024-04-01T01:00:00,0.0
2024-04-01T02:00:00,0.0
2024-04-01T03:00:00,0.0
2024-04-01T04:00:00,0.0
2024-04-01T05:00:00,0.0
2024-04-01T06:00:00,8.2
2024-04-01T07:00:00,151.55
2024-04-01T08:00:00,385.7
2024-04-01T09:00:00,607.22
2024-04-01T10:00:00,743.75
2024-04-01T11:00:00,805.15
2024-04-01T12:00:00,677.47
2024-04-01T13:00:00,693.95
2024-04-01T14:00:00,567.2
2024-04-01T15:00:00,452.45
2024-04-01T16:00:00,272.5
2024-04-01T17:00:00,96.38
2024-04-01T18:00:00,6.3
2024-04-01T19:00:00,0.0
2024-04-01T20:00:00,0.0
2024-04-01T21:00:00,0.0
2024-04-01T22:00:00,0.0
2024-04-01T23:00:00,0.0
2024-04-02T00:00:00,0.0
2024-04-02T01:00:00,0.0
2024-04-02T02:00:00,0.0
2024-04-02T03:00:00,0.0
2024-04-02T04:00:00,0.0
2024-04-02T05:00:00,0.0
2024-04-02T06:00:00,1.83
2024-04-02T07:00:00,19.02
2024-04-02T08:00:00,43.83
2024-04-02T09:00:00,63.9
2024-04-02T10:00:00,67.55
2024-04-02T11:00:00,79.43
2024-04-02T12:00:00,82.25
2024-04-02T13:00:00,221.07
2024-04-02T14:00:00,256.88
2024-04-02T15:00:00,280.42
2024-04-02T16:00:00,168.88
2024-04-02T17:00:00,64.38
2024-04-02T18:00:00,4.32
2024-04-02T19:00:00,0.0
2024-04-02T20:00:00,0.0
2024-04-02T21:00:00,0.0
2024-04-02T22:00:00,0.0
2024-04-02T23:00:00,0.0
2024-04-03T00:00:00,0.0
2024-04-03T01:00:00,0.0
2024-04-03T02:00:00,0.0
2024-04-03T03:00:00,0.0
2024-04-03T04:00:00,0.0
2024-04-03T05:00:00,0.0
2024-04-03T06:00:00,5.97
2024-04-03T07:00:00,105.32
2024-04-03T08:00:00,280.45
2024-04-03T09:00:00,471.98
2024-04-03T10:00:00,630.2
2024-04-03T11:00:00,757.3
2024-04-03T12:00:00,732.62
2024-04-03T13:00:00,774.15
2024-04-03T14:00:00,718.47
2024-04-03T15:00:00,504.15
2024-04-03T16:00:00,300.9
2024-04-03T17:00:00,114.95
2024-04-03T18:00:00,5.3
2024-04-03T19:00:00,0.0
2024-04-03T20:00:00,0.0
2024-04-03T21:00:00,0.0
2024-04-03T22:00:00,0.0
2024-04-03T23:00:00,0.0
2024-04-04T00:00:00,0.0
2024-04-04T01:00:00,0.0
2024-04-04T02:00:00,0.0
2024-04-04T03:00:00,0.0
2024-04-04T04:00:00,0.0
2024-04-04T05:00:00,0.0
2024-04-04T06:00:00,2.6
2024-04-04T07:00:00,41.22
2024-04-04T08:00:00,95.78
2024-04-04T09:00:00,144.25
2024-04-04T10:00:00,294.38
2024-04-04T11:00:00,463.85
2024-04-04T12:00:00,529.33
2024-04-04T13:00:00,588.95
2024-04-04T14:00:00,501.67
2024-04-04T15:00:00,354.67
2024-04-04T16:00:00,174.02
2024-04-04T17:00:00,83.38
2024-04-04T18:00:00,3.58
2024-04-04T19:00:00,0.0
2024-04-04T20:00:00,0.0
2024-04-04T21:00:00,0.0
2024-04-04T22:00:00,0.0
2024-04-04T23:00:00,0.0
2024-04-05T00:00:00,0.0
2024-04-05T01:00:00,0.0
2024-04-05T02:00:00,0.0
2024-04-05T03:00:00,0.0
2024-04-05T04:00:00,0.0
2024-04-05T05:00:00,0.0
2024-04-05T06:00:00,8.0
2024-04-05T07:00:00,140.77
2024-04-05T08:00:00,355.35
2024-04-05T09:00:00,551.4
2024-04-05T10:00:00,745.58
2024-04-05T11:00:00,835.9
2024-04-05T12:00:00,907.3
2024-04-05T13:00:00,860.22
2024-04-05T14:00:00,590.25
2024-04-05T15:00:00,435.0
2024-04-05T16:00:00,260.95
2024-04-05T17:00:00,98.15
2024-04-05T18:00:00,5.12
2024-04-05T19:00:00,0.0
2024-04-05T20:00:00,0.0
2024-04-05T21:00:00,0.0
2024-04-05T22:00:00,0.0
2024-04-05T23:00:00,0.0
2024-04-06T00:00:00,0.0
2024-04-06T01:00:00,0.0
2024-04-06T02:00:00,0.0
2024-04-06T03:00:00,0.0
2024-04-06T04:00:00,0.0
2024-04-06T05:00:00,0.0
2024-04-06T06:00:00,7.72
2024-04-06T07:00:00,151.8
2024-04-06T08:00:00,380.42
2024-04-06T09:00:00,597.15
2024-04-06T10:00:00,749.12
2024-04-06T11:00:00,857.6
2024-04-06T12:00:00,921.03
2024-04-06T13:00:00,879.35
2024-04-06T14:00:00,719.75
2024-04-06T15:00:00,527.33
2024-04-06T16:00:00,325.95
2024-04-06T17:00:00,119.97
2024-04-06T18:00:00,5.75
2024-04-06T19:00:00,0.0
2024-04-06T20:00:00,0.0
2024-04-06T21:00:00,0.0
2024-04-06T22:00:00,0.0
2024-04-06T23:00:00,0.0
2024-04-07T00:00:00,0.0
2024-04-07T01:00:00,0.0
2024-04-07T02:00:00,0.0
2024-04-07T03:00:00,0.0
2024-04-07T04:00:00,0.0
2024-04-07T05:00:00,0.0
2024-04-07T06:00:00,8.18
2024-04-07T07:00:00,153.82
2024-04-07T08:00:00,368.0
2024-04-07T09:00:00,583.92
2024-04-07T10:00:00,758.22
2024-04-07T11:00:00,877.72
2024-04-07T12:00:00,890.53
2024-04-07T13:00:00,817.5
2024-04-07T14:00:00,744.7
2024-04-07T15:00:00,550.72
2024-04-07T16:00:00,347.85
2024-04-07T17:00:00,131.07
2024-04-07T18:00:00,5.3
2024-04-07T19:00:00,0.0
2024-04-07T20:00:00,0.0
2024-04-07T21:00:00,0.0
2024-04-07T22:00:00,0.0
2024-04-07T23:00:00,0.0
2024-04-08T00:00:00,0.0
2024-04-08T01:00:00,0.0
2024-04-08T02:00:00,0.0
2024-04-08T03:00:00,0.0
2024-04-08T04:00:00,0.0
2024-04-08T05:00:00,0.0
2024-04-08T06:00:00,7.38
2024-04-08T07:00:00,124.3
2024-04-08T08:00:00,328.38
2024-04-08T09:00:00,526.65
2024-04-08T10:00:00,707.97
2024-04-08T11:00:00,724.88
2024-04-08T12:00:00,697.62
2024-04-08T13:00:00,762.55
2024-04-08T14:00:00,566.3
2024-04-08T15:00:00,294.08
2024-04-08T16:00:00,183.0
2024-04-08T17:00:00,66.57
2024-04-08T18:00:00,3.22
2024-04-08T19:00:00,0.0
2024-04-08T20:00:00,0.0
2024-04-08T21:00:00,0.0
2024-04-08T22:00:00,0.0
2024-04-08T23:00:00,0.0
2024-04-09T00:00:00,0.0
2024-04-09T01:00:00,0.0
2024-04-09T02:00:00,0.0
2024-04-09T03:00:00,0.0
2024-04-09T04:00:00,0.0
2024-04-09T05:00:00,0.0
2024-04-09T06:00:00,5.18
2024-04-09T07:00:00,102.85
2024-04-09T08:00:00,269.73
2024-04-09T09:00:00,439.33
2024-04-09T10:00:00,584.03
2024-04-09T11:00:00,679.33
2024-04-09T12:00:00,748.3
2024-04-09T13:00:00,755.15
2024-04-09T14:00:00,608.1
2024-04-09T15:00:00,451.45
2024-04-09T16:00:00,262.2
2024-04-09T17:00:00,103.6
2024-04-09T18:00:00,3.05
2024-04-09T19:00:00,0.0
2024-04-09T20:00:00,0.0
2024-04-09T21:00:00,0.0
2024-04-09T22:00:00,0.0
2024-04-09T23:00:00,0.0
2024-04-10T00:00:00,0.0
2024-04-10T01:00:00,0.0
2024-04-10T02:00:00,0.0
2024-04-10T03:00:00,0.0
2024-04-10T04:00:00,0.0
2024-04-10T05:00:00,0.0
2024-04-10T06:00:00,6.45
2024-04-10T07:00:00,115.15
2024-04-10T08:00:00,292.5
2024-04-10T09:00:00,518.83
2024-04-10T10:00:00,731.0
2024-04-10T11:00:00,824.0
2024-04-10T12:00:00,876.33
2024-04-10T13:00:00,750.72
2024-04-10T14:00:00,694.97
2024-04-10T15:00:00,506.33
2024-04-10T16:00:00,305.83
2024-04-10T17:00:00,116.1
2024-04-10T18:00:00,3.95
2024-04-10T19:00:00,0.0
2024-04-10T20:00:00,0.0
2024-04-10T21:00:00,0.0
2024-04-10T22:00:00,0.0
2024-04-10T23:00:00,0.0
2024-04-11T00:00:00,0.0
2024-04-11T01:00:00,0.0
2024-04-11T02:00:00,0.0
2024-04-11T03:00:00,0.0
2024-04-11T04:00:00,0.0
2024-04-11T05:00:00,0.0
2024-04-11T06:00:00,7.3
2024-04-11T07:00:00,124.75
2024-04-11T08:00:00,325.17
2024-04-11T09:00:00,523.35
2024-04-11T10:00:00,714.9
2024-04-11T11:00:00,727.95
2024-04-11T12:00:00,847.15
2024-04-11T13:00:00,818.65
2024-04-11T14:00:00,695.2
2024-04-11T15:00:00,486.48
2024-04-11T16:00:00,297.17
2024-04-11T17:00:00,115.8
2024-04-11T18:00:00,3.97
2024-04-11T19:00:00,0.0
2024-04-11T20:00:00,0.0
2024-04-11T21:00:00,0.0
2024-04-11T22:00:00,0.0
2024-04-11T23:00:00,0.0
2024-04-12T00:00:00,0.0
2024-04-12T01:00:00,0.0
2024-04-12T02:00:00,0.0
2024-04-12T03:00:00,0.0
2024-04-12T04:00:00,0.0
2024-04-12T05:00:00,0.0
2024-04-12T06:00:00,4.88
2024-04-12T07:00:00,78.05
2024-04-12T08:00:00,173.07
2024-04-12T09:00:00,109.85
2024-04-12T10:00:00,241.62
2024-04-12T11:00:00,366.35
2024-04-12T12:00:00,345.12
2024-04-12T13:00:00,423.73
2024-04-12T14:00:00,472.12
2024-04-12T15:00:00,426.55
2024-04-12T16:00:00,230.23
2024-04-12T17:00:00,98.05
2024-04-12T18:00:00,3.08
2024-04-12T19:00:00,0.0
2024-04-12T20:00:00,0.0
2024-04-12T21:00:00,0.0
2024-04-12T22:00:00,0.0
2024-04-12T23:00:00,0.0
2024-04-13T00:00:00,0.0
2024-04-13T01:00:00,0.0
2024-04-13T02:00:00,0.0
2024-04-13T03:00:00,0.0
2024-04-13T04:00:00,0.0
2024-04-13T05:00:00,0.0
2024-04-13T06:00:00,7.47
2024-04-13T07:00:00,151.9
2024-04-13T08:00:00,353.33
2024-04-13T09:00:00,565.7
2024-04-13T10:00:00,697.33
2024-04-13T11:00:00,824.88
2024-04-13T12:00:00,855.88
2024-04-13T13:00:00,820.88
2024-04-13T14:00:00,704.17
2024-04-13T15:00:00,521.28
2024-04-13T16:00:00,316.15
2024-04-13T17:00:00,117.82
2024-04-13T18:00:00,0.0
2024-04-13T19:00:00,0.0
2024-04-13T20:00:00,0.0
2024-04-13T21:00:00,0.0
2024-04-13T22:00:00,0.0
2024-04-13T23:00:00,0.0
2024-04-14T00:00:00,0.0
2024-04-14T01:00:00,0.0
2024-04-14T02:00:00,0.0
2024-04-14T03:00:00,0.0
2024-04-14T04:00:00,0.0
2024-04-14T05:00:00,0.0
2024-04-14T06:00:00,7.07
2024-04-14T07:00:00,118.55
2024-04-14T08:00:00,305.88
2024-04-14T09:00:00,487.95
2024-04-14T10:00:00,650.92
2024-04-14T11:00:00,774.35
2024-04-14T12:00:00,887.6
2024-04-14T13:00:00,853.88
2024-04-14T14:00:00,714.67
2024-04-14T15:00:00,556.62
2024-04-14T16:00:00,310.55
2024-04-14T17:00:00,127.93
2024-04-14T18:00:00,0.0
2024-04-14T19:00:00,0.0
2024-04-14T20:00:00,0.0
2024-04-14T21:00:00,0.0
2024-04-14T22:00:00,0.0
2024-04-14T23:00:00,0.0
2024-04-15T00:00:00,0.0
2024-04-15T01:00:00,0.0
2024-04-15T02:00:00,0.0
2024-04-15T03:00:00,0.0
2024-04-15T04:00:00,0.0
2024-04-15T05:00:00,0.0
2024-04-15T06:00:00,5.07
2024-04-15T07:00:00,74.7
2024-04-15T08:00:00,167.65
2024-04-15T09:00:00,85.35
2024-04-15T10:00:00,363.45
2024-04-15T11:00:00,568.03
2024-04-15T12:00:00,688.03
2024-04-15T13:00:00,684.33
2024-04-15T14:00:00,539.28
2024-04-15T15:00:00,370.73
2024-04-15T16:00:00,205.0
2024-04-15T17:00:00,73.72
2024-04-15T18:00:00,0.0
2024-04-15T19:00:00,0.0
2024-04-15T20:00:00,0.0
2024-04-15T21:00:00,0.0
2024-04-15T22:00:00,0.0
2024-04-15T23:00:00,0.0
2024-04-16T00:00:00,0.0
2024-04-16T01:00:00,0.0
2024-04-16T02:00:00,0.0
2024-04-16T03:00:00,0.0
2024-04-16T04:00:00,0.0
2024-04-16T05:00:00,0.0
2024-04-16T06:00:00,7.12
2024-04-16T07:00:00,146.02
2024-04-16T08:00:00,375.17
2024-04-16T09:00:00,584.6
2024-04-16T10:00:00,746.1
2024-04-16T11:00:00,844.55
2024-04-16T12:00:00,866.12
2024-04-16T13:00:00,819.08
2024-04-16T14:00:00,695.17
2024-04-16T15:00:00,533.22
2024-04-16T16:00:00,323.5
2024-04-16T17:00:00,115.03
2024-04-16T18:00:00,0.0
2024-04-16T19:00:00,0.0
2024-04-16T20:00:00,0.0
2024-04-16T21:00:00,0.0
2024-04-16T22:00:00,0.0
2024-04-16T23:00:00,0.0
2024-04-17T00:00:00,0.0
2024-04-17T01:00:00,0.0
2024-04-17T02:00:00,0.0
2024-04-17T03:00:00,0.0
2024-04-17T04:00:00,0.0
2024-04-17T05:00:00,0.0
2024-04-17T06:00:00,5.8
2024-04-17T07:00:00,145.1
2024-04-17T08:00:00,372.15
2024-04-17T09:00:00,581.92
2024-04-17T10:00:00,748.17
2024-04-17T11:00:00,805.1
2024-04-17T12:00:00,844.88
2024-04-17T13:00:00,794.05
2024-04-17T14:00:00,665.33
2024-04-17T15:00:00,506.55
2024-04-17T16:00:00,305.92
2024-04-17T17:00:00,107.68
2024-04-17T18:00:00,0.0
2024-04-17T19:00:00,0.0
2024-04-17T20:00:00,0.0
2024-04-17T21:00:00,0.0
2024-04-17T22:00:00,0.0
2024-04-17T23:00:00,0.0
2024-04-18T00:00:00,0.0
2024-04-18T01:00:00,0.0
2024-04-18T02:00:00,0.0
2024-04-18T03:00:00,0.0
2024-04-18T04:00:00,0.0
2024-04-18T05:00:00,0.0
2024-04-18T06:00:00,7.03
2024-04-18T07:00:00,151.0
2024-04-18T08:00:00,373.0
2024-04-18T09:00:00,603.5
2024-04-18T10:00:00,761.75
2024-04-18T11:00:00,868.9
2024-04-18T12:00:00,906.65
2024-04-18T13:00:00,870.78
2024-04-18T14:00:00,759.15
2024-04-18T15:00:00,566.88
2024-04-18T16:00:00,355.25
2024-04-18T17:00:00,131.32
2024-04-18T18:00:00,0.0
2024-04-18T19:00:00,0.0
2024-04-18T20:00:00,0.0
2024-04-18T21:00:00,0.0
2024-04-18T22:00:00,0.0
2024-04-18T23:00:00,0.0
2024-04-19T00:00:00,0.0
2024-04-19T01:00:00,0.0
2024-04-19T02:00:00,0.0
2024-04-19T03:00:00,0.0
2024-04-19T04:00:00,0.0
2024-04-19T05:00:00,0.0
2024-04-19T06:00:00,7.1
2024-04-19T07:00:00,136.23
2024-04-19T08:00:00,327.15
2024-04-19T09:00:00,537.4
2024-04-19T10:00:00,721.12
2024-04-19T11:00:00,811.12
2024-04-19T12:00:00,842.6
2024-04-19T13:00:00,767.42
2024-04-19T14:00:00,642.72
2024-04-19T15:00:00,523.05
2024-04-19T16:00:00,318.45
2024-04-19T17:00:00,109.8
2024-04-19T18:00:00,0.0
2024-04-19T19:00:00,0.0
2024-04-19T20:00:00,0.0
2024-04-19T21:00:00,0.0
2024-04-19T22:00:00,0.0
2024-04-19T23:00:00,0.0
2024-04-20T00:00:00,0.0
2024-04-20T01:00:00,0.0
2024-04-20T02:00:00,0.0
2024-04-20T03:00:00,0.0
2024-04-20T04:00:00,0.0
2024-04-20T05:00:00,0.0
2024-04-20T06:00:00,6.53
2024-04-20T07:00:00,125.22
2024-04-20T08:00:00,313.75
2024-04-20T09:00:00,511.88
2024-04-20T10:00:00,691.72
2024-04-20T11:00:00,785.78
2024-04-20T12:00:00,805.42
2024-04-20T13:00:00,701.1
2024-04-20T14:00:00,588.6
2024-04-20T15:00:00,482.08
2024-04-20T16:00:00,278.52
2024-04-20T17:00:00,88.9
2024-04-20T18:00:00,0.0
2024-04-20T19:00:00,0.0
2024-04-20T20:00:00,0.0
2024-04-20T21:00:00,0.0
2024-04-20T22:00:00,0.0
2024-04-20T23:00:00,0.0
2024-04-21T00:00:00,0.0
2024-04-21T01:00:00,0.0
2024-04-21T02:00:00,0.0
2024-04-21T03:00:00,0.0
2024-04-21T04:00:00,0.0
2024-04-21T05:00:00,0.0
2024-04-21T06:00:00,6.1
2024-04-21T07:00:00,100.47
2024-04-21T08:00:00,281.77
2024-04-21T09:00:00,465.73
2024-04-21T10:00:00,621.95
2024-04-21T11:00:00,601.65
2024-04-21T12:00:00,422.8
2024-04-21T13:00:00,435.08
2024-04-21T14:00:00,372.6
2024-04-21T15:00:00,180.75
2024-04-21T16:00:00,122.4
2024-04-21T17:00:00,53.95
2024-04-21T18:00:00,0.0
2024-04-21T19:00:00,0.0
2024-04-21T20:00:00,0.0
2024-04-21T21:00:00,0.0
2024-04-21T22:00:00,0.0
2024-04-21T23:00:00,0.0
2024-04-22T00:00:00,0.0
2024-04-22T01:00:00,0.0
2024-04-22T02:00:00,0.0
2024-04-22T03:00:00,0.0
2024-04-22T04:00:00,0.0
2024-04-22T05:00:00,0.0
2024-04-22T06:00:00,4.78
2024-04-22T07:00:00,110.3
2024-04-22T08:00:00,275.55
2024-04-22T09:00:00,450.4
2024-04-22T10:00:00,612.25
2024-04-22T11:00:00,709.88
2024-04-22T12:00:00,629.97
2024-04-22T13:00:00,648.15
2024-04-22T14:00:00,540.78
2024-04-22T15:00:00,473.33
2024-04-22T16:00:00,279.0
2024-04-22T17:00:00,86.78
2024-04-22T18:00:00,0.0
2024-04-22T19:00:00,0.0
2024-04-22T20:00:00,0.0
2024-04-22T21:00:00,0.0
2024-04-22T22:00:00,0.0
2024-04-22T23:00:00,0.0
2024-04-23T00:00:00,0.0
2024-04-23T01:00:00,0.0
2024-04-23T02:00:00,0.0
2024-04-23T03:00:00,0.0
2024-04-23T04:00:00,0.0
2024-04-23T05:00:00,0.0
2024-04-23T06:00:00,7.05
2024-04-23T07:00:00,156.9
2024-04-23T08:00:00,386.7
2024-04-23T09:00:00,599.78
2024-04-23T10:00:00,761.4
2024-04-23T11:00:00,860.62
2024-04-23T12:00:00,890.9
2024-04-23T13:00:00,848.08
2024-04-23T14:00:00,734.47
2024-04-23T15:00:00,552.42
2024-04-23T16:00:00,337.48
2024-04-23T17:00:00,114.9
2024-04-23T18:00:00,0.0
2024-04-23T19:00:00,0.0
2024-04-23T20:00:00,0.0
2024-04-23T21:00:00,0.0
2024-04-23T22:00:00,0.0
2024-04-23T23:00:00,0.0
2024-04-24T00:00:00,0.0
2024-04-24T01:00:00,0.0
2024-04-24T02:00:00,0.0
2024-04-24T03:00:00,0.0
2024-04-24T04:00:00,0.0
2024-04-24T05:00:00,0.0
2024-04-24T06:00:00,6.72
2024-04-24T07:00:00,138.25
2024-04-24T08:00:00,355.67
2024-04-24T09:00:00,550.35
2024-04-24T10:00:00,633.42
2024-04-24T11:00:00,625.97
2024-04-24T12:00:00,681.97
2024-04-24T13:00:00,559.5
2024-04-24T14:00:00,566.05
2024-04-24T15:00:00,449.65
2024-04-24T16:00:00,256.25
2024-04-24T17:00:00,81.12
2024-04-24T18:00:00,0.0
2024-04-24T19:00:00,0.0
2024-04-24T20:00:00,0.0
2024-04-24T21:00:00,0.0
2024-04-24T22:00:00,0.0
2024-04-24T23:00:00,0.0
2024-04-25T00:00:00,0.0
2024-04-25T01:00:00,0.0
2024-04-25T02:00:00,0.0
2024-04-25T03:00:00,0.0
2024-04-25T04:00:00,0.0
2024-04-25T05:00:00,0.0
2024-04-25T06:00:00,4.4
2024-04-25T07:00:00,118.57
2024-04-25T08:00:00,297.42
2024-04-25T09:00:00,472.8
2024-04-25T10:00:00,682.03
2024-04-25T11:00:00,822.95
2024-04-25T12:00:00,858.35
2024-04-25T13:00:00,830.1
2024-04-25T14:00:00,699.72
2024-04-25T15:00:00,528.2
2024-04-25T16:00:00,318.42
2024-04-25T17:00:00,102.97
2024-04-25T18:00:00,0.0
2024-04-25T19:00:00,0.0
2024-04-25T20:00:00,0.0
2024-04-25T21:00:00,0.0
2024-04-25T22:00:00,0.0
2024-04-25T23:00:00,0.0
2024-04-26T00:00:00,0.0
2024-04-26T01:00:00,0.0
2024-04-26T02:00:00,0.0
2024-04-26T03:00:00,0.0
2024-04-26T04:00:00,0.0
2024-04-26T05:00:00,0.0
2024-04-26T06:00:00,5.93
2024-04-26T07:00:00,129.73
2024-04-26T08:00:00,311.23
2024-04-26T09:00:00,494.02
2024-04-26T10:00:00,623.4
2024-04-26T11:00:00,705.0
2024-04-26T12:00:00,713.8
2024-04-26T13:00:00,688.38
2024-04-26T14:00:00,605.38
2024-04-26T15:00:00,428.25
2024-04-26T16:00:00,249.2
2024-04-26T17:00:00,78.57
2024-04-26T18:00:00,0.0
2024-04-26T19:00:00,0.0
2024-04-26T20:00:00,0.0
2024-04-26T21:00:00,0.0
2024-04-26T22:00:00,0.0
2024-04-26T23:00:00,0.0
2024-04-27T00:00:00,0.0
2024-04-27T01:00:00,0.0
2024-04-27T02:00:00,0.0
2024-04-27T03:00:00,0.0
2024-04-27T04:00:00,0.0
2024-04-27T05:00:00,0.0
2024-04-27T06:00:00,5.95
2024-04-27T07:00:00,128.35
2024-04-27T08:00:00,330.77
2024-04-27T09:00:00,557.0
2024-04-27T10:00:00,704.12
2024-04-27T11:00:00,812.8
2024-04-27T12:00:00,841.75
2024-04-27T13:00:00,798.03
2024-04-27T14:00:00,678.1
2024-04-27T15:00:00,519.67
2024-04-27T16:00:00,313.55
2024-04-27T17:00:00,102.47
2024-04-27T18:00:00,0.0
2024-04-27T19:00:00,0.0
2024-04-27T20:00:00,0.0
2024-04-27T21:00:00,0.0
2024-04-27T22:00:00,0.0
2024-04-27T23:00:00,0.0
2024-04-28T00:00:00,0.0
2024-04-28T01:00:00,0.0
2024-04-28T02:00:00,0.0
2024-04-28T03:00:00,0.0
2024-04-28T04:00:00,0.0
2024-04-28T05:00:00,0.0
2024-04-28T06:00:00,5.72
2024-04-28T07:00:00,133.1
2024-04-28T08:00:00,348.58
2024-04-28T09:00:00,549.92
2024-04-28T10:00:00,727.7
2024-04-28T11:00:00,800.25
2024-04-28T12:00:00,822.5
2024-04-28T13:00:00,799.42
2024-04-28T14:00:00,677.05
2024-04-28T15:00:00,497.98
2024-04-28T16:00:00,294.73
2024-04-28T17:00:00,87.9
2024-04-28T18:00:00,0.0
2024-04-28T19:00:00,0.0
2024-04-28T20:00:00,0.0
2024-04-28T21:00:00,0.0
2024-04-28T22:00:00,0.0
2024-04-28T23:00:00,0.0
2024-04-29T00:00:00,0.0
2024-04-29T01:00:00,0.0
2024-04-29T02:00:00,0.0
2024-04-29T03:00:00,0.0
2024-04-29T04:00:00,0.0
2024-04-29T05:00:00,0.0
2024-04-29T06:00:00,4.7
2024-04-29T07:00:00,90.15
2024-04-29T08:00:00,258.15
2024-04-29T09:00:00,432.48
2024-04-29T10:00:00,553.9
2024-04-29T11:00:00,681.58
2024-04-29T12:00:00,678.05
2024-04-29T13:00:00,604.05
2024-04-29T14:00:00,459.58
2024-04-29T15:00:00,320.58
2024-04-29T16:00:00,174.05
2024-04-29T17:00:00,48.38
2024-04-29T18:00:00,0.0
2024-04-29T19:00:00,0.0
2024-04-29T20:00:00,0.0
2024-04-29T21:00:00,0.0
2024-04-29T22:00:00,0.0
2024-04-29T23:00:00,0.0
2024-04-30T00:00:00,0.0
2024-04-30T01:00:00,0.0
2024-04-30T02:00:00,0.0
2024-04-30T03:00:00,0.0
2024-04-30T04:00:00,0.0
2024-04-30T05:00:00,0.0
2024-04-30T06:00:00,1.9
2024-04-30T07:00:00,33.45
2024-04-30T08:00:00,85.7
2024-04-30T09:00:00,66.97
2024-04-30T10:00:00,156.75
2024-04-30T11:00:00,309.08
2024-04-30T12:00:00,364.98
2024-04-30T13:00:00,391.0
2024-04-30T14:00:00,394.05
2024-04-30T15:00:00,320.23
2024-04-30T16:00:00,168.23
2024-04-30T17:00:00,44.35
2024-04-30T18:00:00,0.0
2024-04-30T19:00:00,0.0
2024-04-30T20:00:00,0.0
2024-04-30T21:00:00,0.0
2024-04-30T22:00:00,0.0
2024-04-30T23:00:00,0.0
2024-05-01T00:00:00,0.0
2024-05-01T01:00:00,0.0
2024-05-01T02:00:00,0.0
2024-05-01T03:00:00,0.0
2024-05-01T04:00:00,0.0
2024-05-01T05:00:00,0.0
2024-05-01T06:00:00,5.78
2024-05-01T07:00:00,140.2
2024-05-01T08:00:00,360.12
2024-05-01T09:00:00,572.35
2024-05-01T10:00:00,733.25
2024-05-01T11:00:00,827.72
2024-05-01T12:00:00,844.75
2024-05-01T13:00:00,774.1
2024-05-01T14:00:00,681.95
2024-05-01T15:00:00,497.75
2024-05-01T16:00:00,294.35
2024-05-01T17:00:00,88.47
2024-05-01T18:00:00,0.0
2024-05-01T19:00:00,0.0
2024-05-01T20:00:00,0.0
2024-05-01T21:00:00,0.0
2024-05-01T22:00:00,0.0
2024-05-01T23:00:00,0.0
2024-05-02T00:00:00,0.0
2024-05-02T01:00:00,0.0
2024-05-02T02:00:00,0.0
2024-05-02T03:00:00,0.0
2024-05-02T04:00:00,0.0
2024-05-02T05:00:00,0.0
2024-05-02T06:00:00,4.93
2024-05-02T07:00:00,83.7
2024-05-02T08:00:00,225.15
2024-05-02T09:00:00,364.7
2024-05-02T10:00:00,367.77
2024-05-02T11:00:00,171.73
2024-05-02T12:00:00,127.25
2024-05-02T13:00:00,238.82
2024-05-02T14:00:00,303.23
2024-05-02T15:00:00,260.6
2024-05-02T16:00:00,139.8
2024-05-02T17:00:00,33.67
2024-05-02T18:00:00,0.0
2024-05-02T19:00:00,0.0
2024-05-02T20:00:00,0.0
2024-05-02T21:00:00,0.0
2024-05-02T22:00:00,0.0
2024-05-02T23:00:00,0.0
2024-05-03T00:00:00,0.0
2024-05-03T01:00:00,0.0
2024-05-03T02:00:00,0.0
2024-05-03T03:00:00,0.0
2024-05-03T04:00:00,0.0
2024-05-03T05:00:00,0.0
2024-05-03T06:00:00,4.12
2024-05-03T07:00:00,86.78
2024-05-03T08:00:00,272.02
2024-05-03T09:00:00,454.85
2024-05-03T10:00:00,581.5
2024-05-03T11:00:00,625.33
2024-05-03T12:00:00,577.35
2024-05-03T13:00:00,699.47
2024-05-03T14:00:00,408.45
2024-05-03T15:00:00,279.15
2024-05-03T16:00:00,150.3
2024-05-03T17:00:00,33.22
2024-05-03T18:00:00,0.0
2024-05-03T19:00:00,0.0
2024-05-03T20:00:00,0.0
2024-05-03T21:00:00,0.0
2024-05-03T22:00:00,0.0
2024-05-03T23:00:00,0.0
2024-05-04T00:00:00,0.0
2024-05-04T01:00:00,0.0
2024-05-04T02:00:00,0.0
2024-05-04T03:00:00,0.0
2024-05-04T04:00:00,0.0
2024-05-04T05:00:00,0.0
2024-05-04T06:00:00,2.53
2024-05-04T07:00:00,30.65
2024-05-04T08:00:00,74.03
2024-05-04T09:00:00,124.0
2024-05-04T10:00:00,75.05
2024-05-04T11:00:00,111.18
2024-05-04T12:00:00,219.7
2024-05-04T13:00:00,369.73
2024-05-04T14:00:00,345.5
2024-05-04T15:00:00,259.05
2024-05-04T16:00:00,131.57
2024-05-04T17:00:00,21.62
2024-05-04T18:00:00,0.0
2024-05-04T19:00:00,0.0
2024-05-04T20:00:00,0.0
2024-05-04T21:00:00,0.0
2024-05-04T22:00:00,0.0
2024-05-04T23:00:00,0.0
2024-05-05T00:00:00,0.0
2024-05-05T01:00:00,0.0
2024-05-05T02:00:00,0.0
2024-05-05T03:00:00,0.0
2024-05-05T04:00:00,0.0
2024-05-05T05:00:00,0.0
2024-05-05T06:00:00,0.73
2024-05-05T07:00:00,13.8
2024-05-05T08:00:00,35.15
2024-05-05T09:00:00,57.03
2024-05-05T10:00:00,148.88
2024-05-05T11:00:00,184.32
2024-05-05T12:00:00,293.73
2024-05-05T13:00:00,405.75
2024-05-05T14:00:00,454.25
2024-05-05T15:00:00,324.9
2024-05-05T16:00:00,176.48
2024-05-05T17:00:00,33.05
2024-05-05T18:00:00,0.0
2024-05-05T19:00:00,0.0
2024-05-05T20:00:00,0.0
2024-05-05T21:00:00,0.0
2024-05-05T22:00:00,0.0
2024-05-05T23:00:00,0.0
2024-05-06T00:00:00,0.0
2024-05-06T01:00:00,0.0
2024-05-06T02:00:00,0.0
2024-05-06T03:00:00,0.0
2024-05-06T04:00:00,0.0
2024-05-06T05:00:00,0.0
2024-05-06T06:00:00,4.43
2024-05-06T07:00:00,102.75
2024-05-06T08:00:00,282.85
2024-05-06T09:00:00,464.05
2024-05-06T10:00:00,606.38
2024-05-06T11:00:00,709.03
2024-05-06T12:00:00,746.2
2024-05-06T13:00:00,733.17
2024-05-06T14:00:00,590.28
2024-05-06T15:00:00,446.98
2024-05-06T16:00:00,253.68
2024-05-06T17:00:00,63.88
2024-05-06T18:00:00,0.0
2024-05-06T19:00:00,0.0
2024-05-06T20:00:00,0.0
2024-05-06T21:00:00,0.0
2024-05-06T22:00:00,0.0
2024-05-06T23:00:00,0.0
2024-05-07T00:00:00,0.0
2024-05-07T01:00:00,0.0
2024-05-07T02:00:00,0.0
2024-05-07T03:00:00,0.0
2024-05-07T04:00:00,0.0
2024-05-07T05:00:00,0.0
2024-05-07T06:00:00,4.22
2024-05-07T07:00:00,91.8
2024-05-07T08:00:00,249.18
2024-05-07T09:00:00,416.4
2024-05-07T10:00:00,519.4
2024-05-07T11:00:00,619.65
2024-05-07T12:00:00,724.47
2024-05-07T13:00:00,707.88
2024-05-07T14:00:00,592.38
2024-05-07T15:00:00,457.02
2024-05-07T16:00:00,255.6
2024-05-07T17:00:00,65.65
2024-05-07T18:00:00,0.0
2024-05-07T19:00:00,0.0
2024-05-07T20:00:00,0.0
2024-05-07T21:00:00,0.0
2024-05-07T22:00:00,0.0
2024-05-07T23:00:00,0.0
2024-05-08T00:00:00,0.0
2024-05-08T01:00:00,0.0
2024-05-08T02:00:00,0.0
2024-05-08T03:00:00,0.0
2024-05-08T04:00:00,0.0
2024-05-08T05:00:00,0.0
2024-05-08T06:00:00,3.22
2024-05-08T07:00:00,66.4
2024-05-08T08:00:00,208.15
2024-05-08T09:00:00,377.92
2024-05-08T10:00:00,463.1
2024-05-08T11:00:00,515.03
2024-05-08T12:00:00,511.45
2024-05-08T13:00:00,540.08
2024-05-08T14:00:00,422.33
2024-05-08T15:00:00,292.02
2024-05-08T16:00:00,153.82
2024-05-08T17:00:00,30.1
2024-05-08T18:00:00,0.0
2024-05-08T19:00:00,0.0
2024-05-08T20:00:00,0.0
2024-05-08T21:00:00,0.0
2024-05-08T22:00:00,0.0
2024-05-08T23:00:00,0.0
2024-05-09T00:00:00,0.0
2024-05-09T01:00:00,0.0
2024-05-09T02:00:00,0.0
2024-05-09T03:00:00,0.0
2024-05-09T04:00:00,0.0
2024-05-09T05:00:00,0.0
2024-05-09T06:00:00,1.98
2024-05-09T07:00:00,62.22
2024-05-09T08:00:00,153.82
2024-05-09T09:00:00,242.25
2024-05-09T10:00:00,423.7
2024-05-09T11:00:00,620.08
2024-05-09T12:00:00,676.12
2024-05-09T13:00:00,612.8
2024-05-09T14:00:00,430.55
2024-05-09T15:00:00,260.2
2024-05-09T16:00:00,135.35
2024-05-09T17:00:00,29.98
2024-05-09T18:00:00,0.0
2024-05-09T19:00:00,0.0
2024-05-09T20:00:00,0.0
2024-05-09T21:00:00,0.0
2024-05-09T22:00:00,0.0
2024-05-09T23:00:00,0.0
2024-05-10T00:00:00,0.0
2024-05-10T01:00:00,0.0
2024-05-10T02:00:00,0.0
2024-05-10T03:00:00,0.0
2024-05-10T04:00:00,0.0
2024-05-10T05:00:00,0.0
2024-05-10T06:00:00,3.08
2024-05-10T07:00:00,56.4
2024-05-10T08:00:00,187.32
2024-05-10T09:00:00,318.0
2024-05-10T10:00:00,407.98
2024-05-10T11:00:00,478.52
2024-05-10T12:00:00,501.17
2024-05-10T13:00:00,435.15
2024-05-10T14:00:00,292.02
2024-05-10T15:00:00,80.6
2024-05-10T16:00:00,50.85
2024-05-10T17:00:00,10.4
2024-05-10T18:00:00,0.0
2024-05-10T19:00:00,0.0
2024-05-10T20:00:00,0.0
2024-05-10T21:00:00,0.0
2024-05-10T22:00:00,0.0
2024-05-10T23:00:00,0.0
2024-05-11T00:00:00,0.0
2024-05-11T01:00:00,0.0
2024-05-11T02:00:00,0.0
2024-05-11T03:00:00,0.0
2024-05-11T04:00:00,0.0
2024-05-11T05:00:00,0.0
2024-05-11T06:00:00,2.38
2024-05-11T07:00:00,53.2
2024-05-11T08:00:00,166.43
2024-05-11T09:00:00,300.4
2024-05-11T10:00:00,451.25
2024-05-11T11:00:00,468.62
2024-05-11T12:00:00,535.65
2024-05-11T13:00:00,490.12
2024-05-11T14:00:00,434.62
2024-05-11T15:00:00,304.27
2024-05-11T16:00:00,166.6
2024-05-11T17:00:00,43.08
2024-05-11T18:00:00,0.0
2024-05-11T19:00:00,0.0
2024-05-11T20:00:00,0.0
2024-05-11T21:00:00,0.0
2024-05-11T22:00:00,0.0
2024-05-11T23:00:00,0.0
2024-05-12T00:00:00,0.0
2024-05-12T01:00:00,0.0
2024-05-12T02:00:00,0.0
2024-05-12T03:00:00,0.0
2024-05-12T04:00:00,0.0
2024-05-12T05:00:00,0.0
2024-05-12T06:00:00,3.45
2024-05-12T07:00:00,78.28
2024-05-12T08:00:00,222.62
2024-05-12T09:00:00,385.48
2024-05-12T10:00:00,470.73
2024-05-12T11:00:00,473.95
2024-05-12T12:00:00,417.35
2024-05-12T13:00:00,357.0
2024-05-12T14:00:00,289.02
2024-05-12T15:00:00,224.95
2024-05-12T16:00:00,139.35
2024-05-12T17:00:00,36.05
2024-05-12T18:00:00,0.0
2024-05-12T19:00:00,0.0
2024-05-12T20:00:00,0.0
2024-05-12T21:00:00,0.0
2024-05-12T22:00:00,0.0
2024-05-12T23:00:00,0.0
2024-05-13T00:00:00,0.0
2024-05-13T01:00:00,0.0
2024-05-13T02:00:00,0.0
2024-05-13T03:00:00,0.0
2024-05-13T04:00:00,0.0
2024-05-13T05:00:00,0.0
2024-05-13T06:00:00,3.88
2024-05-13T07:00:00,87.47
2024-05-13T08:00:00,258.35
2024-05-13T09:00:00,431.95
2024-05-13T10:00:00,532.58
2024-05-13T11:00:00,656.53
2024-05-13T12:00:00,755.58
2024-05-13T13:00:00,717.03
2024-05-13T14:00:00,596.05
2024-05-13T15:00:00,420.88
2024-05-13T16:00:00,224.5
2024-05-13T17:00:00,52.33
2024-05-13T18:00:00,0.0
2024-05-13T19:00:00,0.0
2024-05-13T20:00:00,0.0
2024-05-13T21:00:00,0.0
2024-05-13T22:00:00,0.0
2024-05-13T23:00:00,0.0
2024-05-14T00:00:00,0.0
2024-05-14T01:00:00,0.0
2024-05-14T02:00:00,0.0
2024-05-14T03:00:00,0.0
2024-05-14T04:00:00,0.0
2024-05-14T05:00:00,0.0
2024-05-14T06:00:00,3.25
2024-05-14T07:00:00,76.4
2024-05-14T08:00:00,238.45
2024-05-14T09:00:00,406.15
2024-05-14T10:00:00,415.98
2024-05-14T11:00:00,456.2
2024-05-14T12:00:00,490.77
2024-05-14T13:00:00,406.98
2024-05-14T14:00:00,207.48
2024-05-14T15:00:00,181.1
2024-05-14T16:00:00,103.7
2024-05-14T17:00:00,35.83
2024-05-14T18:00:00,0.0
2024-05-14T19:00:00,0.0
2024-05-14T20:00:00,0.0
2024-05-14T21:00:00,0.0
2024-05-14T22:00:00,0.0
2024-05-14T23:00:00,0.0
2024-05-15T00:00:00,0.0
2024-05-15T01:00:00,0.0
2024-05-15T02:00:00,0.0
2024-05-15T03:00:00,0.0
2024-05-15T04:00:00,0.0
2024-05-15T05:00:00,0.0
2024-05-15T06:00:00,3.08
2024-05-15T07:00:00,107.12
2024-05-15T08:00:00,278.42
2024-05-15T09:00:00,436.65
2024-05-15T10:00:00,565.83
2024-05-15T11:00:00,679.53
2024-05-15T12:00:00,665.62
2024-05-15T13:00:00,645.65
2024-05-15T14:00:00,597.88
2024-05-15T15:00:00,343.7
2024-05-15T16:00:00,211.07
2024-05-15T17:00:00,57.42
2024-05-15T18:00:00,0.0
2024-05-15T19:00:00,0.0
2024-05-15T20:00:00,0.0
2024-05-15T21:00:00,0.0
2024-05-15T22:00:00,0.0
2024-05-15T23:00:00,0.0
2024-05-16T00:00:00,0.0
2024-05-16T01:00:00,0.0
2024-05-16T02:00:00,0.0
2024-05-16T03:00:00,0.0
2024-05-16T04:00:00,0.0
2024-05-16T05:00:00,0.0
2024-05-16T06:00:00,3.05
2024-05-16T07:00:00,82.47
2024-05-16T08:00:00,235.02
2024-05-16T09:00:00,390.83
2024-05-16T10:00:00,534.97
2024-05-16T11:00:00,664.75
2024-05-16T12:00:00,758.6
2024-05-16T13:00:00,737.92
2024-05-16T14:00:00,629.95
2024-05-16T15:00:00,419.77
2024-05-16T16:00:00,220.2
2024-05-16T17:00:00,50.53
2024-05-16T18:00:00,0.0
2024-05-16T19:00:00,0.0
2024-05-16T20:00:00,0.0
2024-05-16T21:00:00,0.0
2024-05-16T22:00:00,0.0
2024-05-16T23:00:00,0.0
2024-05-17T00:00:00,0.0
2024-05-17T01:00:00,0.0
2024-05-17T02:00:00,0.0
2024-05-17T03:00:00,0.0
2024-05-17T04:00:00,0.0
2024-05-17T05:00:00,0.0
2024-05-17T06:00:00,1.7
2024-05-17T07:00:00,49.6
2024-05-17T08:00:00,137.02
2024-05-17T09:00:00,237.52
2024-05-17T10:00:00,429.12
2024-05-17T11:00:00,617.67
2024-05-17T12:00:00,639.47
2024-05-17T13:00:00,646.53
2024-05-17T14:00:00,553.75
2024-05-17T15:00:00,397.45
2024-05-17T16:00:00,228.0
2024-05-17T17:00:00,59.62
2024-05-17T18:00:00,0.0
2024-05-17T19:00:00,0.0
2024-05-17T20:00:00,0.0
2024-05-17T21:00:00,0.0
2024-05-17T22:00:00,0.0
2024-05-17T23:00:00,0.0
2024-05-18T00:00:00,0.0
2024-05-18T01:00:00,0.0
2024-05-18T02:00:00,0.0
2024-05-18T03:00:00,0.0
2024-05-18T04:00:00,0.0
2024-05-18T05:00:00,0.0
2024-05-18T06:00:00,3.53
2024-05-18T07:00:00,111.0
2024-05-18T08:00:00,311.2
2024-05-18T09:00:00,512.2
2024-05-18T10:00:00,639.03
2024-05-18T11:00:00,738.0
2024-05-18T12:00:00,730.4
2024-05-18T13:00:00,670.95
2024-05-18T14:00:00,497.85
2024-05-18T15:00:00,445.02
2024-05-18T16:00:00,228.75
2024-05-18T17:00:00,58.65
2024-05-18T18:00:00,0.0
2024-05-18T19:00:00,0.0
2024-05-18T20:00:00,0.0
2024-05-18T21:00:00,0.0
2024-05-18T22:00:00,0.0
2024-05-18T23:00:00,0.0
2024-05-19T00:00:00,0.0
2024-05-19T01:00:00,0.0
2024-05-19T02:00:00,0.0
2024-05-19T03:00:00,0.0
2024-05-19T04:00:00,0.0
2024-05-19T05:00:00,0.0
2024-05-19T06:00:00,3.1
2024-05-19T07:00:00,91.35
2024-05-19T08:00:00,276.52
2024-05-19T09:00:00,459.92
2024-05-19T10:00:00,603.38
2024-05-19T11:00:00,642.45
2024-05-19T12:00:00,661.65
2024-05-19T13:00:00,699.8
2024-05-19T14:00:00,558.95
2024-05-19T15:00:00,391.2
2024-05-19T16:00:00,219.3
2024-05-19T17:00:00,61.35
2024-05-19T18:00:00,0.0
2024-05-19T19:00:00,0.0
2024-05-19T20:00:00,0.0
2024-05-19T21:00:00,0.0
2024-05-19T22:00:00,0.0
2024-05-19T23:00:00,0.0
2024-05-20T00:00:00,0.0
2024-05-20T01:00:00,0.0
2024-05-20T02:00:00,0.0
2024-05-20T03:00:00,0.0
2024-05-20T04:00:00,0.0
2024-05-20T05:00:00,0.0
2024-05-20T06:00:00,0.0
2024-05-20T07:00:00,126.03
2024-05-20T08:00:00,312.3
2024-05-20T09:00:00,514.33
2024-05-20T10:00:00,657.33
2024-05-20T11:00:00,749.38
2024-05-20T12:00:00,775.28
2024-05-20T13:00:00,715.15
2024-05-20T14:00:00,557.92
2024-05-20T15:00:00,388.02
2024-05-20T16:00:00,192.9
2024-05-20T17:00:00,52.88
2024-05-20T18:00:00,0.0
2024-05-20T19:00:00,0.0
2024-05-20T20:00:00,0.0
2024-05-20T21:00:00,0.0
2024-05-20T22:00:00,0.0
2024-05-20T23:00:00,0.0
2024-05-21T00:00:00,0.0
2024-05-21T01:00:00,0.0
2024-05-21T02:00:00,0.0
2024-05-21T03:00:00,0.0
2024-05-21T04:00:00,0.0
2024-05-21T05:00:00,0.0
2024-05-21T06:00:00,0.0
2024-05-21T07:00:00,117.78
2024-05-21T08:00:00,323.55
2024-05-21T09:00:00,525.65
2024-05-21T10:00:00,682.6
2024-05-21T11:00:00,771.55
2024-05-21T12:00:00,800.67
2024-05-21T13:00:00,753.53
2024-05-21T14:00:00,617.9
2024-05-21T15:00:00,479.8
2024-05-21T16:00:00,279.38
2024-05-21T17:00:00,75.65
2024-05-21T18:00:00,0.0
2024-05-21T19:00:00,0.0
2024-05-21T20:00:00,0.0
2024-05-21T21:00:00,0.0
2024-05-21T22:00:00,0.0
2024-05-21T23:00:00,0.0
2024-05-22T00:00:00,0.0
2024-05-22T01:00:00,0.0
2024-05-22T02:00:00,0.0
2024-05-22T03:00:00,0.0
2024-05-22T04:00:00,0.0
2024-05-22T05:00:00,0.0
2024-05-22T06:00:00,0.0
2024-05-22T07:00:00,81.65
2024-05-22T08:00:00,223.23
2024-05-22T09:00:00,378.38
2024-05-22T10:00:00,563.2
2024-05-22T11:00:00,664.03
2024-05-22T12:00:00,723.78
2024-05-22T13:00:00,718.15
2024-05-22T14:00:00,586.92
2024-05-22T15:00:00,429.98
2024-05-22T16:00:00,239.07
2024-05-22T17:00:00,62.42
2024-05-22T18:00:00,0.0
2024-05-22T19:00:00,0.0
2024-05-22T20:00:00,0.0
2024-05-22T21:00:00,0.0
2024-05-22T22:00:00,0.0
2024-05-22T23:00:00,0.0
2024-05-23T00:00:00,0.0
2024-05-23T01:00:00,0.0
2024-05-23T02:00:00,0.0
2024-05-23T03:00:00,0.0
2024-05-23T04:00:00,0.0
2024-05-23T05:00:00,0.0
2024-05-23T06:00:00,0.0
2024-05-23T07:00:00,117.32
2024-05-23T08:00:00,316.85
2024-05-23T09:00:00,516.4
2024-05-23T10:00:00,649.2
2024-05-23T11:00:00,747.17
2024-05-23T12:00:00,795.25
2024-05-23T13:00:00,747.47
2024-05-23T14:00:00,587.12
2024-05-23T15:00:00,431.48
2024-05-23T16:00:00,247.1
2024-05-23T17:00:00,57.5
2024-05-23T18:00:00,0.0
2024-05-23T19:00:00,0.0
2024-05-23T20:00:00,0.0
2024-05-23T21:00:00,0.0
2024-05-23T22:00:00,0.0
2024-05-23T23:00:00,0.0
2024-05-24T00:00:00,0.0
2024-05-24T01:00:00,0.0
2024-05-24T02:00:00,0.0
2024-05-24T03:00:00,0.0
2024-05-24T04:00:00,0.0
2024-05-24T05:00:00,0.0
2024-05-24T06:00:00,0.0
2024-05-24T07:00:00,104.05
2024-05-24T08:00:00,260.98
2024-05-24T09:00:00,441.73
2024-05-24T10:00:00,586.05
2024-05-24T11:00:00,640.75
2024-05-24T12:00:00,694.2
2024-05-24T13:00:00,705.6
2024-05-24T14:00:00,606.65
2024-05-24T15:00:00,426.73
2024-05-24T16:00:00,255.25
2024-05-24T17:00:00,65.05
2024-05-24T18:00:00,0.0
2024-05-24T19:00:00,0.0
2024-05-24T20:00:00,0.0
2024-05-24T21:00:00,0.0
2024-05-24T22:00:00,0.0
2024-05-24T23:00:00,0.0
2024-05-25T00:00:00,0.0
2024-05-25T01:00:00,0.0
2024-05-25T02:00:00,0.0
2024-05-25T03:00:00,0.0
2024-05-25T04:00:00,0.0
2024-05-25T05:00:00,0.0
2024-05-25T06:00:00,0.0
2024-05-25T07:00:00,96.95
2024-05-25T08:00:00,245.27
2024-05-25T09:00:00,466.62
2024-05-25T10:00:00,631.9
2024-05-25T11:00:00,728.85
2024-05-25T12:00:00,775.92
2024-05-25T13:00:00,724.17
2024-05-25T14:00:00,613.58
2024-05-25T15:00:00,447.48
2024-05-25T16:00:00,241.95
2024-05-25T17:00:00,66.97
2024-05-25T18:00:00,0.0
2024-05-25T19:00:00,0.0
2024-05-25T20:00:00,0.0
2024-05-25T21:00:00,0.0
2024-05-25T22:00:00,0.0
2024-05-25T23:00:00,0.0
2024-05-26T00:00:00,0.0
2024-05-26T01:00:00,0.0
2024-05-26T02:00:00,0.0
2024-05-26T03:00:00,0.0
2024-05-26T04:00:00,0.0
2024-05-26T05:00:00,0.0
2024-05-26T06:00:00,0.0
2024-05-26T07:00:00,92.38
2024-05-26T08:00:00,268.85
2024-05-26T09:00:00,449.88
2024-05-26T10:00:00,617.03
2024-05-26T11:00:00,691.15
2024-05-26T12:00:00,728.05
2024-05-26T13:00:00,615.12
2024-05-26T14:00:00,582.17
2024-05-26T15:00:00,401.42
2024-05-26T16:00:00,236.8
2024-05-26T17:00:00,62.17
2024-05-26T18:00:00,0.0
2024-05-26T19:00:00,0.0
2024-05-26T20:00:00,0.0
2024-05-26T21:00:00,0.0
2024-05-26T22:00:00,0.0
2024-05-26T23:00:00,0.0
2024-05-27T00:00:00,0.0
2024-05-27T01:00:00,0.0
2024-05-27T02:00:00,0.0
2024-05-27T03:00:00,0.0
2024-05-27T04:00:00,0.0
2024-05-27T05:00:00,0.0
2024-05-27T06:00:00,0.0
2024-05-27T07:00:00,115.62
2024-05-27T08:00:00,310.92
2024-05-27T09:00:00,493.38
2024-05-27T10:00:00,632.4
2024-05-27T11:00:00,736.53
2024-05-27T12:00:00,753.58
2024-05-27T13:00:00,685.83
2024-05-27T14:00:00,542.88
2024-05-27T15:00:00,418.92
2024-05-27T16:00:00,235.55
2024-05-27T17:00:00,58.8
2024-05-27T18:00:00,0.0
2024-05-27T19:00:00,0.0
2024-05-27T20:00:00,0.0
2024-05-27T21:00:00,0.0
2024-05-27T22:00:00,0.0
2024-05-27T23:00:00,0.0
2024-05-28T00:00:00,0.0
2024-05-28T01:00:00,0.0
2024-05-28T02:00:00,0.0
2024-05-28T03:00:00,0.0
2024-05-28T04:00:00,0.0
2024-05-28T05:00:00,0.0
2024-05-28T06:00:00,0.0
2024-05-28T07:00:00,105.43
2024-05-28T08:00:00,279.73
2024-05-28T09:00:00,484.23
2024-05-28T10:00:00,631.6
2024-05-28T11:00:00,733.6
2024-05-28T12:00:00,751.75
2024-05-28T13:00:00,724.7
2024-05-28T14:00:00,589.1
2024-05-28T15:00:00,413.2
2024-05-28T16:00:00,237.8
2024-05-28T17:00:00,65.62
2024-05-28T18:00:00,0.0
2024-05-28T19:00:00,0.0
2024-05-28T20:00:00,0.0
2024-05-28T21:00:00,0.0
2024-05-28T22:00:00,0.0
2024-05-28T23:00:00,0.0
2024-05-29T00:00:00,0.0
2024-05-29T01:00:00,0.0
2024-05-29T02:00:00,0.0
2024-05-29T03:00:00,0.0
2024-05-29T04:00:00,0.0
2024-05-29T05:00:00,0.0
2024-05-29T06:00:00,0.0
2024-05-29T07:00:00,94.3
2024-05-29T08:00:00,280.8
2024-05-29T09:00:00,467.15
2024-05-29T10:00:00,600.7
2024-05-29T11:00:00,682.55
2024-05-29T12:00:00,729.83
2024-05-29T13:00:00,636.83
2024-05-29T14:00:00,593.38
2024-05-29T15:00:00,443.0
2024-05-29T16:00:00,243.85
2024-05-29T17:00:00,56.53
2024-05-29T18:00:00,0.0
2024-05-29T19:00:00,0.0
2024-05-29T20:00:00,0.0
2024-05-29T21:00:00,0.0
2024-05-29T22:00:00,0.0
2024-05-29T23:00:00,0.0
2024-05-30T00:00:00,0.0
2024-05-30T01:00:00,0.0
2024-05-30T02:00:00,0.0
2024-05-30T03:00:00,0.0
2024-05-30T04:00:00,0.0
2024-05-30T05:00:00,0.0
2024-05-30T06:00:00,0.0
2024-05-30T07:00:00,104.62
2024-05-30T08:00:00,287.7
2024-05-30T09:00:00,474.27
2024-05-30T10:00:00,595.45
2024-05-30T11:00:00,686.72
2024-05-30T12:00:00,691.92
2024-05-30T13:00:00,670.3
2024-05-30T14:00:00,543.83
2024-05-30T15:00:00,386.2
2024-05-30T16:00:00,213.77
2024-05-30T17:00:00,49.83
2024-05-30T18:00:00,0.0
2024-05-30T19:00:00,0.0
2024-05-30T20:00:00,0.0
2024-05-30T21:00:00,0.0
2024-05-30T22:00:00,0.0
2024-05-30T23:00:00,0.0
2024-05-31T00:00:00,0.0
2024-05-31T01:00:00,0.0
2024-05-31T02:00:00,0.0
2024-05-31T03:00:00,0.0
2024-05-31T04:00:00,0.0
2024-05-31T05:00:00,0.0
2024-05-31T06:00:00,0.0
2024-05-31T07:00:00,33.47
2024-05-31T08:00:00,75.9
2024-05-31T09:00:00,144.12
2024-05-31T10:00:00,133.45
2024-05-31T11:00:00,206.93
2024-05-31T12:00:00,161.12
2024-05-31T13:00:00,54.05
2024-05-31T14:00:00,31.0
2024-05-31T15:00:00,25.67
2024-05-31T16:00:00,33.5
2024-05-31T17:00:00,13.05
2024-05-31T18:00:00,0.0
2024-05-31T19:00:00,0.0
2024-05-31T20:00:00,0.0
2024-05-31T21:00:00,0.0
2024-05-31T22:00:00,0.0
2024-05-31T23:00:00,0.0
2024-06-01T00:00:00,0.0
2024-06-01T01:00:00,0.0
2024-06-01T02:00:00,0.0
2024-06-01T03:00:00,0.0
2024-06-01T04:00:00,0.0
2024-06-01T05:00:00,0.0
2024-06-01T06:00:00,0.0
2024-06-01T07:00:00,84.22
2024-06-01T08:00:00,266.83
2024-06-01T09:00:00,446.17
2024-06-01T10:00:00,600.7
2024-06-01T11:00:00,650.2
2024-06-01T12:00:00,638.0
2024-06-01T13:00:00,571.97
2024-06-01T14:00:00,438.33
2024-06-01T15:00:00,308.3
2024-06-01T16:00:00,161.1
2024-06-01T17:00:00,34.25
2024-06-01T18:00:00,0.0
2024-06-01T19:00:00,0.0
2024-06-01T20:00:00,0.0
2024-06-01T21:00:00,0.0
2024-06-01T22:00:00,0.0
2024-06-01T23:00:00,0.0
2024-06-02T00:00:00,0.0
2024-06-02T01:00:00,0.0
2024-06-02T02:00:00,0.0
2024-06-02T03:00:00,0.0
2024-06-02T04:00:00,0.0
2024-06-02T05:00:00,0.0
2024-06-02T06:00:00,0.0
2024-06-02T07:00:00,75.9
2024-06-02T08:00:00,209.62
2024-06-02T09:00:00,354.02
2024-06-02T10:00:00,543.42
2024-06-02T11:00:00,643.83
2024-06-02T12:00:00,641.42
2024-06-02T13:00:00,551.33
2024-06-02T14:00:00,548.12
2024-06-02T15:00:00,405.4
2024-06-02T16:00:00,219.82
2024-06-02T17:00:00,56.2
2024-06-02T18:00:00,0.0
2024-06-02T19:00:00,0.0
2024-06-02T20:00:00,0.0
2024-06-02T21:00:00,0.0
2024-06-02T22:00:00,0.0
2024-06-02T23:00:00,0.0
2024-06-03T00:00:00,0.0
2024-06-03T01:00:00,0.0
2024-06-03T02:00:00,0.0
2024-06-03T03:00:00,0.0
2024-06-03T04:00:00,0.0
2024-06-03T05:00:00,0.0
2024-06-03T06:00:00,0.0
2024-06-03T07:00:00,106.9
2024-06-03T08:00:00,314.2
2024-06-03T09:00:00,513.17
2024-06-03T10:00:00,653.38
2024-06-03T11:00:00,737.8
2024-06-03T12:00:00,771.72
2024-06-03T13:00:00,730.58
2024-06-03T14:00:00,621.1
2024-06-03T15:00:00,449.62
2024-06-03T16:00:00,262.33
2024-06-03T17:00:00,70.3
2024-06-03T18:00:00,0.0
2024-06-03T19:00:00,0.0
2024-06-03T20:00:00,0.0
2024-06-03T21:00:00,0.0
2024-06-03T22:00:00,0.0
2024-06-03T23:00:00,0.0
2024-06-04T00:00:00,0.0
2024-06-04T01:00:00,0.0
2024-06-04T02:00:00,0.0
2024-06-04T03:00:00,0.0
2024-06-04T04:00:00,0.0
2024-06-04T05:00:00,0.0
2024-06-04T06:00:00,0.0
2024-06-04T07:00:00,63.45
2024-06-04T08:00:00,173.82
2024-06-04T09:00:00,299.35
2024-06-04T10:00:00,485.9
2024-06-04T11:00:00,557.62
2024-06-04T12:00:00,644.75
2024-06-04T13:00:00,536.28
2024-06-04T14:00:00,367.77
2024-06-04T15:00:00,268.17
2024-06-04T16:00:00,134.68
2024-06-04T17:00:00,29.55
2024-06-04T18:00:00,0.0
2024-06-04T19:00:00,0.0
2024-06-04T20:00:00,0.0
2024-06-04T21:00:00,0.0
2024-06-04T22:00:00,0.0
2024-06-04T23:00:00,0.0
2024-06-05T00:00:00,0.0
2024-06-05T01:00:00,0.0
2024-06-05T02:00:00,0.0
2024-06-05T03:00:00,0.0
2024-06-05T04:00:00,0.0
2024-06-05T05:00:00,0.0
2024-06-05T06:00:00,0.0
2024-06-05T07:00:00,62.88
2024-06-05T08:00:00,206.75
2024-06-05T09:00:00,382.75
2024-06-05T10:00:00,535.2
2024-06-05T11:00:00,545.78
2024-06-05T12:00:00,587.1
2024-06-05T13:00:00,561.5
2024-06-05T14:00:00,466.77
2024-06-05T15:00:00,314.9
2024-06-05T16:00:00,171.25
2024-06-05T17:00:00,38.33
2024-06-05T18:00:00,0.0
2024-06-05T19:00:00,0.0
2024-06-05T20:00:00,0.0
2024-06-05T21:00:00,0.0
2024-06-05T22:00:00,0.0
2024-06-05T23:00:00,0.0
2024-06-06T00:00:00,0.0
2024-06-06T01:00:00,0.0
2024-06-06T02:00:00,0.0
2024-06-06T03:00:00,0.0
2024-06-06T04:00:00,0.0
2024-06-06T05:00:00,0.0
2024-06-06T06:00:00,0.0
2024-06-06T07:00:00,88.05
2024-06-06T08:00:00,288.35
2024-06-06T09:00:00,486.75
2024-06-06T10:00:00,623.67
2024-06-06T11:00:00,697.42
2024-06-06T12:00:00,732.33
2024-06-06T13:00:00,707.62
2024-06-06T14:00:00,537.85
2024-06-06T15:00:00,443.1
2024-06-06T16:00:00,238.25
2024-06-06T17:00:00,64.22
2024-06-06T18:00:00,0.0
2024-06-06T19:00:00,0.0
2024-06-06T20:00:00,0.0
2024-06-06T21:00:00,0.0
2024-06-06T22:00:00,0.0
2024-06-06T23:00:00,0.0
2024-06-07T00:00:00,0.0
2024-06-07T01:00:00,0.0
2024-06-07T02:00:00,0.0
2024-06-07T03:00:00,0.0
2024-06-07T04:00:00,0.0
2024-06-07T05:00:00,0.0
2024-06-07T06:00:00,0.0
2024-06-07T07:00:00,103.25
2024-06-07T08:00:00,288.67
2024-06-07T09:00:00,467.02
2024-06-07T10:00:00,591.72
2024-06-07T11:00:00,642.85
2024-06-07T12:00:00,733.15
2024-06-07T13:00:00,705.88
2024-06-07T14:00:00,591.53
2024-06-07T15:00:00,445.48
2024-06-07T16:00:00,255.73
2024-06-07T17:00:00,66.22
2024-06-07T18:00:00,0.0
2024-06-07T19:00:00,0.0
2024-06-07T20:00:00,0.0
2024-06-07T21:00:00,0.0
2024-06-07T22:00:00,0.0
2024-06-07T23:00:00,0.0
2024-06-08T00:00:00,0.0
2024-06-08T01:00:00,0.0
2024-06-08T02:00:00,0.0
2024-06-08T03:00:00,0.0
2024-06-08T04:00:00,0.0
2024-06-08T05:00:00,0.0
2024-06-08T06:00:00,0.0
2024-06-08T07:00:00,64.9
2024-06-08T08:00:00,213.05
2024-06-08T09:00:00,377.58
2024-06-08T10:00:00,521.92
2024-06-08T11:00:00,606.67
2024-06-08T12:00:00,644.1
2024-06-08T13:00:00,515.88
2024-06-08T14:00:00,527.25
2024-06-08T15:00:00,336.75
2024-06-08T16:00:00,180.62
2024-06-08T17:00:00,49.53
2024-06-08T18:00:00,0.0
2024-06-08T19:00:00,0.0
2024-06-08T20:00:00,0.0
2024-06-08T21:00:00,0.0
2024-06-08T22:00:00,0.0
2024-06-08T23:00:00,0.0
2024-06-09T00:00:00,0.0
2024-06-09T01:00:00,0.0
2024-06-09T02:00:00,0.0
2024-06-09T03:00:00,0.0
2024-06-09T04:00:00,0.0
2024-06-09T05:00:00,0.0
2024-06-09T06:00:00,0.0
2024-06-09T07:00:00,85.47
2024-06-09T08:00:00,261.85
2024-06-09T09:00:00,481.77
2024-06-09T10:00:00,641.03
2024-06-09T11:00:00,743.85
2024-06-09T12:00:00,764.8
2024-06-09T13:00:00,722.03
2024-06-09T14:00:00,592.28
2024-06-09T15:00:00,429.17
2024-06-09T16:00:00,224.32
2024-06-09T17:00:00,61.25
2024-06-09T18:00:00,0.0
2024-06-09T19:00:00,0.0
2024-06-09T20:00:00,0.0
2024-06-09T21:00:00,0.0
2024-06-09T22:00:00,0.0
2024-06-09T23:00:00,0.0
2024-06-10T00:00:00,0.0
2024-06-10T01:00:00,0.0
2024-06-10T02:00:00,0.0
2024-06-10T03:00:00,0.0
2024-06-10T04:00:00,0.0
2024-06-10T05:00:00,0.0
2024-06-10T06:00:00,0.0
2024-06-10T07:00:00,84.88
2024-06-10T08:00:00,246.68
2024-06-10T09:00:00,409.6
2024-06-10T10:00:00,567.03
2024-06-10T11:00:00,632.97
2024-06-10T12:00:00,695.0
2024-06-10T13:00:00,666.42
2024-06-10T14:00:00,525.45
2024-06-10T15:00:00,408.48
2024-06-10T16:00:00,212.3
2024-06-10T17:00:00,54.2
2024-06-10T18:00:00,0.0
2024-06-10T19:00:00,0.0
2024-06-10T20:00:00,0.0
2024-06-10T21:00:00,0.0
2024-06-10T22:00:00,0.0
2024-06-10T23:00:00,0.0
2024-06-11T00:00:00,0.0
2024-06-11T01:00:00,0.0
2024-06-11T02:00:00,0.0
2024-06-11T03:00:00,0.0
2024-06-11T04:00:00,0.0
2024-06-11T05:00:00,0.0
2024-06-11T06:00:00,0.0
2024-06-11T07:00:00,65.82
2024-06-11T08:00:00,217.02
2024-06-11T09:00:00,388.65
2024-06-11T10:00:00,551.15
2024-06-11T11:00:00,674.85
2024-06-11T12:00:00,710.05
2024-06-11T13:00:00,657.6
2024-06-11T14:00:00,521.7
2024-06-11T15:00:00,363.62
2024-06-11T16:00:00,201.32
2024-06-11T17:00:00,51.75
2024-06-11T18:00:00,0.0
2024-06-11T19:00:00,0.0
2024-06-11T20:00:00,0.0
2024-06-11T21:00:00,0.0
2024-06-11T22:00:00,0.0
2024-06-11T23:00:00,0.0
2024-06-12T00:00:00,0.0
2024-06-12T01:00:00,0.0
2024-06-12T02:00:00,0.0
2024-06-12T03:00:00,0.0
2024-06-12T04:00:00,0.0
2024-06-12T05:00:00,0.0
2024-06-12T06:00:00,0.0
2024-06-12T07:00:00,82.22
2024-06-12T08:00:00,261.02
2024-06-12T09:00:00,448.98
2024-06-12T10:00:00,584.9
2024-06-12T11:00:00,651.2
2024-06-12T12:00:00,659.22
2024-06-12T13:00:00,673.28
2024-06-12T14:00:00,579.58
2024-06-12T15:00:00,433.85
2024-06-12T16:00:00,254.8
2024-06-12T17:00:00,68.22
2024-06-12T18:00:00,0.0
2024-06-12T19:00:00,0.0
2024-06-12T20:00:00,0.0
2024-06-12T21:00:00,0.0
2024-06-12T22:00:00,0.0
2024-06-12T23:00:00,0.0
2024-06-13T00:00:00,0.0
2024-06-13T01:00:00,0.0
2024-06-13T02:00:00,0.0
2024-06-13T03:00:00,0.0
2024-06-13T04:00:00,0.0
2024-06-13T05:00:00,0.0
2024-06-13T06:00:00,0.0
2024-06-13T07:00:00,82.35
2024-06-13T08:00:00,248.3
2024-06-13T09:00:00,417.55
2024-06-13T10:00:00,582.15
2024-06-13T11:00:00,662.53
2024-06-13T12:00:00,687.8
2024-06-13T13:00:00,618.2
2024-06-13T14:00:00,547.42
2024-06-13T15:00:00,411.6
2024-06-13T16:00:00,242.2
2024-06-13T17:00:00,68.85
2024-06-13T18:00:00,0.0
2024-06-13T19:00:00,0.0
2024-06-13T20:00:00,0.0
2024-06-13T21:00:00,0.0
2024-06-13T22:00:00,0.0
2024-06-13T23:00:00,0.0
2024-06-14T00:00:00,0.0
2024-06-14T01:00:00,0.0
2024-06-14T02:00:00,0.0
2024-06-14T03:00:00,0.0
2024-06-14T04:00:00,0.0
2024-06-14T05:00:00,0.0
2024-06-14T06:00:00,0.0
2024-06-14T07:00:00,98.78
2024-06-14T08:00:00,296.33
2024-06-14T09:00:00,487.42
2024-06-14T10:00:00,634.72
2024-06-14T11:00:00,734.33
2024-06-14T12:00:00,745.4
2024-06-14T13:00:00,711.17
2024-06-14T14:00:00,613.97
2024-06-14T15:00:00,434.8
2024-06-14T16:00:00,235.25
2024-06-14T17:00:00,59.3
2024-06-14T18:00:00,0.0
2024-06-14T19:00:00,0.0
2024-06-14T20:00:00,0.0
2024-06-14T21:00:00,0.0
2024-06-14T22:00:00,0.0
2024-06-14T23:00:00,0.0
2024-06-15T00:00:00,0.0
2024-06-15T01:00:00,0.0
2024-06-15T02:00:00,0.0
2024-06-15T03:00:00,0.0
2024-06-15T04:00:00,0.0
2024-06-15T05:00:00,0.0
2024-06-15T06:00:00,0.0
2024-06-15T07:00:00,61.4
2024-06-15T08:00:00,163.27
2024-06-15T09:00:00,333.67
2024-06-15T10:00:00,381.52
2024-06-15T11:00:00,524.08
2024-06-15T12:00:00,558.55
2024-06-15T13:00:00,593.22
2024-06-15T14:00:00,544.92
2024-06-15T15:00:00,376.3
2024-06-15T16:00:00,206.68
2024-06-15T17:00:00,50.7
2024-06-15T18:00:00,0.0
2024-06-15T19:00:00,0.0
2024-06-15T20:00:00,0.0
2024-06-15T21:00:00,0.0
2024-06-15T22:00:00,0.0
2024-06-15T23:00:00,0.0
2024-06-16T00:00:00,0.0
2024-06-16T01:00:00,0.0
2024-06-16T02:00:00,0.0
2024-06-16T03:00:00,0.0
2024-06-16T04:00:00,0.0
2024-06-16T05:00:00,0.0
2024-06-16T06:00:00,0.0
2024-06-16T07:00:00,73.15
2024-06-16T08:00:00,229.9
2024-06-16T09:00:00,414.98
2024-06-16T10:00:00,466.2
2024-06-16T11:00:00,512.6
2024-06-16T12:00:00,517.58
2024-06-16T13:00:00,523.95
2024-06-16T14:00:00,435.98
2024-06-16T15:00:00,346.62
2024-06-16T16:00:00,188.0
2024-06-16T17:00:00,52.22
2024-06-16T18:00:00,0.0
2024-06-16T19:00:00,0.0
2024-06-16T20:00:00,0.0
2024-06-16T21:00:00,0.0
2024-06-16T22:00:00,0.0
2024-06-16T23:00:00,0.0
2024-06-17T00:00:00,0.0
2024-06-17T01:00:00,0.0
2024-06-17T02:00:00,0.0
2024-06-17T03:00:00,0.0
2024-06-17T04:00:00,0.0
2024-06-17T05:00:00,0.0
2024-06-17T06:00:00,0.0
2024-06-17T07:00:00,87.68
2024-06-17T08:00:00,241.52
2024-06-17T09:00:00,394.98
2024-06-17T10:00:00,488.33
2024-06-17T11:00:00,565.67
2024-06-17T12:00:00,646.92
2024-06-17T13:00:00,609.72
2024-06-17T14:00:00,453.62
2024-06-17T15:00:00,333.9
2024-06-17T16:00:00,182.57
2024-06-17T17:00:00,45.05
2024-06-17T18:00:00,0.0
2024-06-17T19:00:00,0.0
2024-06-17T20:00:00,0.0
2024-06-17T21:00:00,0.0
2024-06-17T22:00:00,0.0
2024-06-17T23:00:00,0.0
2024-06-18T00:00:00,0.0
2024-06-18T01:00:00,0.0
2024-06-18T02:00:00,0.0
2024-06-18T03:00:00,0.0
2024-06-18T04:00:00,0.0
2024-06-18T05:00:00,0.0
2024-06-18T06:00:00,0.0
2024-06-18T07:00:00,71.15
2024-06-18T08:00:00,246.48
2024-06-18T09:00:00,439.52
2024-06-18T10:00:00,594.2
2024-06-18T11:00:00,695.55
2024-06-18T12:00:00,732.58
2024-06-18T13:00:00,670.53
2024-06-18T14:00:00,580.22
2024-06-18T15:00:00,432.2
2024-06-18T16:00:00,246.1
2024-06-18T17:00:00,69.32
2024-06-18T18:00:00,0.0
2024-06-18T19:00:00,0.0
2024-06-18T20:00:00,0.0
2024-06-18T21:00:00,0.0
2024-06-18T22:00:00,0.0
2024-06-18T23:00:00,0.0
2024-06-19T00:00:00,0.0
2024-06-19T01:00:00,0.0
2024-06-19T02:00:00,0.0
2024-06-19T03:00:00,0.0
2024-06-19T04:00:00,0.0
2024-06-19T05:00:00,0.0
2024-06-19T06:00:00,0.0
2024-06-19T07:00:00,70.82
2024-06-19T08:00:00,238.93
2024-06-19T09:00:00,451.2
2024-06-19T10:00:00,599.1
2024-06-19T11:00:00,701.33
2024-06-19T12:00:00,696.4
2024-06-19T13:00:00,675.17
2024-06-19T14:00:00,588.6
2024-06-19T15:00:00,436.62
2024-06-19T16:00:00,253.82
2024-06-19T17:00:00,74.0
2024-06-19T18:00:00,0.0
2024-06-19T19:00:00,0.0
2024-06-19T20:00:00,0.0
2024-06-19T21:00:00,0.0
2024-06-19T22:00:00,0.0
2024-06-19T23:00:00,0.0
2024-06-20T00:00:00,0.0
2024-06-20T01:00:00,0.0
2024-06-20T02:00:00,0.0
2024-06-20T03:00:00,0.0
2024-06-20T04:00:00,0.0
2024-06-20T05:00:00,0.0
2024-06-20T06:00:00,0.0
2024-06-20T07:00:00,82.18
2024-06-20T08:00:00,270.58
2024-06-20T09:00:00,455.17
2024-06-20T10:00:00,616.08
2024-06-20T11:00:00,707.2
2024-06-20T12:00:00,729.58
2024-06-20T13:00:00,678.17
2024-06-20T14:00:00,605.38
2024-06-20T15:00:00,449.77
2024-06-20T16:00:00,265.48
2024-06-20T17:00:00,74.1
2024-06-20T18:00:00,0.0
2024-06-20T19:00:00,0.0
2024-06-20T20:00:00,0.0
2024-06-20T21:00:00,0.0
2024-06-20T22:00:00,0.0
2024-06-20T23:00:00,0.0
2024-06-21T00:00:00,0.0
2024-06-21T01:00:00,0.0
2024-06-21T02:00:00,0.0
2024-06-21T03:00:00,0.0
2024-06-21T04:00:00,0.0
2024-06-21T05:00:00,0.0
2024-06-21T06:00:00,0.0
2024-06-21T07:00:00,82.03
2024-06-21T08:00:00,273.2
2024-06-21T09:00:00,461.35
2024-06-21T10:00:00,596.75
2024-06-21T11:00:00,706.35
2024-06-21T12:00:00,744.05
2024-06-21T13:00:00,712.03
2024-06-21T14:00:00,604.85
2024-06-21T15:00:00,460.92
2024-06-21T16:00:00,271.45
2024-06-21T17:00:00,76.15
2024-06-21T18:00:00,0.0
2024-06-21T19:00:00,0.0
2024-06-21T20:00:00,0.0
2024-06-21T21:00:00,0.0
2024-06-21T22:00:00,0.0
2024-06-21T23:00:00,0.0
2024-06-22T00:00:00,0.0
2024-06-22T01:00:00,0.0
2024-06-22T02:00:00,0.0
2024-06-22T03:00:00,0.0
2024-06-22T04:00:00,0.0
2024-06-22T05:00:00,0.0
2024-06-22T06:00:00,0.0
2024-06-22T07:00:00,70.32
2024-06-22T08:00:00,237.0
2024-06-22T09:00:00,424.02
2024-06-22T10:00:00,603.58
2024-06-22T11:00:00,724.0
2024-06-22T12:00:00,764.1
2024-06-22T13:00:00,715.85
2024-06-22T14:00:00,604.05
2024-06-22T15:00:00,407.4
2024-06-22T16:00:00,243.98
2024-06-22T17:00:00,69.8
2024-06-22T18:00:00,0.0
2024-06-22T19:00:00,0.0
2024-06-22T20:00:00,0.0
2024-06-22T21:00:00,0.0
2024-06-22T22:00:00,0.0
2024-06-22T23:00:00,0.0
2024-06-23T00:00:00,0.0
2024-06-23T01:00:00,0.0
2024-06-23T02:00:00,0.0
2024-06-23T03:00:00,0.0
2024-06-23T04:00:00,0.0
2024-06-23T05:00:00,0.0
2024-06-23T06:00:00,0.0
2024-06-23T07:00:00,80.75
2024-06-23T08:00:00,264.4
2024-06-23T09:00:00,441.65
2024-06-23T10:00:00,611.78
2024-06-23T11:00:00,706.53
2024-06-23T12:00:00,730.65
2024-06-23T13:00:00,670.75
2024-06-23T14:00:00,606.75
2024-06-23T15:00:00,425.25
2024-06-23T16:00:00,225.75
2024-06-23T17:00:00,65.8
2024-06-23T18:00:00,0.0
2024-06-23T19:00:00,0.0
2024-06-23T20:00:00,0.0
2024-06-23T21:00:00,0.0
2024-06-23T22:00:00,0.0
2024-06-23T23:00:00,0.0
2024-06-24T00:00:00,0.0
2024-06-24T01:00:00,0.0
2024-06-24T02:00:00,0.0
2024-06-24T03:00:00,0.0
2024-06-24T04:00:00,0.0
2024-06-24T05:00:00,0.0
2024-06-24T06:00:00,0.0
2024-06-24T07:00:00,65.6
2024-06-24T08:00:00,207.93
2024-06-24T09:00:00,359.55
2024-06-24T10:00:00,560.08
2024-06-24T11:00:00,616.4
2024-06-24T12:00:00,693.15
2024-06-24T13:00:00,640.72
2024-06-24T14:00:00,575.6
2024-06-24T15:00:00,447.65
2024-06-24T16:00:00,231.45
2024-06-24T17:00:00,64.4
2024-06-24T18:00:00,0.0
2024-06-24T19:00:00,0.0
2024-06-24T20:00:00,0.0
2024-06-24T21:00:00,0.0
2024-06-24T22:00:00,0.0
2024-06-24T23:00:00,0.0
2024-06-25T00:00:00,0.0
2024-06-25T01:00:00,0.0
2024-06-25T02:00:00,0.0
2024-06-25T03:00:00,0.0
2024-06-25T04:00:00,0.0
2024-06-25T05:00:00,0.0
2024-06-25T06:00:00,0.0
2024-06-25T07:00:00,81.7
2024-06-25T08:00:00,255.23
2024-06-25T09:00:00,453.02
2024-06-25T10:00:00,589.22
2024-06-25T11:00:00,679.15
2024-06-25T12:00:00,720.17
2024-06-25T13:00:00,689.47
2024-06-25T14:00:00,622.75
2024-06-25T15:00:00,473.35
2024-06-25T16:00:00,280.15
2024-06-25T17:00:00,80.07
2024-06-25T18:00:00,0.0
2024-06-25T19:00:00,0.0
2024-06-25T20:00:00,0.0
2024-06-25T21:00:00,0.0
2024-06-25T22:00:00,0.0
2024-06-25T23:00:00,0.0
2024-06-26T00:00:00,0.0
2024-06-26T01:00:00,0.0
2024-06-26T02:00:00,0.0
2024-06-26T03:00:00,0.0
2024-06-26T04:00:00,0.0
2024-06-26T05:00:00,0.0
2024-06-26T06:00:00,0.0
2024-06-26T07:00:00,73.0
2024-06-26T08:00:00,242.62
2024-06-26T09:00:00,417.55
2024-06-26T10:00:00,551.6
2024-06-26T11:00:00,587.38
2024-06-26T12:00:00,515.53
2024-06-26T13:00:00,408.25
2024-06-26T14:00:00,340.55
2024-06-26T15:00:00,183.0
2024-06-26T16:00:00,113.18
2024-06-26T17:00:00,33.15
2024-06-26T18:00:00,0.0
2024-06-26T19:00:00,0.0
2024-06-26T20:00:00,0.0
2024-06-26T21:00:00,0.0
2024-06-26T22:00:00,0.0
2024-06-26T23:00:00,0.0
2024-06-27T00:00:00,0.0
2024-06-27T01:00:00,0.0
2024-06-27T02:00:00,0.0
2024-06-27T03:00:00,0.0
2024-06-27T04:00:00,0.0
2024-06-27T05:00:00,0.0
2024-06-27T06:00:00,0.0
2024-06-27T07:00:00,71.72
2024-06-27T08:00:00,243.88
2024-06-27T09:00:00,439.83
2024-06-27T10:00:00,572.53
2024-06-27T11:00:00,649.9
2024-06-27T12:00:00,643.83
2024-06-27T13:00:00,568.62
2024-06-27T14:00:00,446.58
2024-06-27T15:00:00,354.02
2024-06-27T16:00:00,194.18
2024-06-27T17:00:00,54.53
2024-06-27T18:00:00,0.0
2024-06-27T19:00:00,0.0
2024-06-27T20:00:00,0.0
2024-06-27T21:00:00,0.0
2024-06-27T22:00:00,0.0
2024-06-27T23:00:00,0.0
2024-06-28T00:00:00,0.0
2024-06-28T01:00:00,0.0
2024-06-28T02:00:00,0.0
2024-06-28T03:00:00,0.0
2024-06-28T04:00:00,0.0
2024-06-28T05:00:00,0.0
2024-06-28T06:00:00,0.0
2024-06-28T07:00:00,70.97
2024-06-28T08:00:00,259.75
2024-06-28T09:00:00,456.17
2024-06-28T10:00:00,631.88
2024-06-28T11:00:00,736.65
2024-06-28T12:00:00,775.22
2024-06-28T13:00:00,711.38
2024-06-28T14:00:00,626.25
2024-06-28T15:00:00,466.77
2024-06-28T16:00:00,267.88
2024-06-28T17:00:00,81.5
2024-06-28T18:00:00,0.0
2024-06-28T19:00:00,0.0
2024-06-28T20:00:00,0.0
2024-06-28T21:00:00,0.0
2024-06-28T22:00:00,0.0
2024-06-28T23:00:00,0.0
2024-06-29T00:00:00,0.0
2024-06-29T01:00:00,0.0
2024-06-29T02:00:00,0.0
2024-06-29T03:00:00,0.0
2024-06-29T04:00:00,0.0
2024-06-29T05:00:00,0.0
2024-06-29T06:00:00,0.0
2024-06-29T07:00:00,71.53
2024-06-29T08:00:00,250.18
2024-06-29T09:00:00,433.2
2024-06-29T10:00:00,544.97
2024-06-29T11:00:00,575.17
2024-06-29T12:00:00,586.72
2024-06-29T13:00:00,459.65
2024-06-29T14:00:00,361.05
2024-06-29T15:00:00,221.02
2024-06-29T16:00:00,120.62
2024-06-29T17:00:00,36.95
2024-06-29T18:00:00,0.0
2024-06-29T19:00:00,0.0
2024-06-29T20:00:00,0.0
2024-06-29T21:00:00,0.0
2024-06-29T22:00:00,0.0
2024-06-29T23:00:00,0.0
2024-06-30T00:00:00,0.0
2024-06-30T01:00:00,0.0
2024-06-30T02:00:00,0.0
2024-06-30T03:00:00,0.0
2024-06-30T04:00:00,0.0
2024-06-30T05:00:00,0.0
2024-06-30T06:00:00,0.0
2024-06-30T07:00:00,66.03
2024-06-30T08:00:00,186.25
2024-06-30T09:00:00,349.2
2024-06-30T10:00:00,411.05
2024-06-30T11:00:00,603.85
2024-06-30T12:00:00,721.92
2024-06-30T13:00:00,691.67
2024-06-30T14:00:00,572.12
2024-06-30T15:00:00,384.48
2024-06-30T16:00:00,233.0
2024-06-30T17:00:00,68.1
2024-06-30T18:00:00,0.0
2024-06-30T19:00:00,0.0
2024-06-30T20:00:00,0.0
2024-06-30T21:00:00,0.0
2024-06-30T22:00:00,0.0
2024-06-30T23:00:00,0.0
2024-07-01T00:00:00,0.0
2024-07-01T01:00:00,0.0
2024-07-01T02:00:00,0.0
2024-07-01T03:00:00,0.0
2024-07-01T04:00:00,0.0
2024-07-01T05:00:00,0.0
2024-07-01T06:00:00,0.0
2024-07-01T07:00:00,61.53
2024-07-01T08:00:00,203.95
2024-07-01T09:00:00,396.95
2024-07-01T10:00:00,559.22
2024-07-01T11:00:00,645.53
2024-07-01T12:00:00,705.45
2024-07-01T13:00:00,585.45
2024-07-01T14:00:00,508.2
2024-07-01T15:00:00,302.35
2024-07-01T16:00:00,167.95
2024-07-01T17:00:00,44.67
2024-07-01T18:00:00,0.0
2024-07-01T19:00:00,0.0
2024-07-01T20:00:00,0.0
2024-07-01T21:00:00,0.0
2024-07-01T22:00:00,0.0
2024-07-01T23:00:00,0.0
2024-07-02T00:00:00,0.0
2024-07-02T01:00:00,0.0
2024-07-02T02:00:00,0.0
2024-07-02T03:00:00,0.0
2024-07-02T04:00:00,0.0
2024-07-02T05:00:00,0.0
2024-07-02T06:00:00,0.0
2024-07-02T07:00:00,66.47
2024-07-02T08:00:00,240.45
2024-07-02T09:00:00,416.83
2024-07-02T10:00:00,535.53
2024-07-02T11:00:00,643.6
2024-07-02T12:00:00,657.08
2024-07-02T13:00:00,602.85
2024-07-02T14:00:00,475.92
2024-07-02T15:00:00,400.17
2024-07-02T16:00:00,229.7
2024-07-02T17:00:00,74.25
2024-07-02T18:00:00,0.0
2024-07-02T19:00:00,0.0
2024-07-02T20:00:00,0.0
2024-07-02T21:00:00,0.0
2024-07-02T22:00:00,0.0
2024-07-02T23:00:00,0.0
2024-07-03T00:00:00,0.0
2024-07-03T01:00:00,0.0
2024-07-03T02:00:00,0.0
2024-07-03T03:00:00,0.0
2024-07-03T04:00:00,0.0
2024-07-03T05:00:00,0.0
2024-07-03T06:00:00,0.0
2024-07-03T07:00:00,74.72
2024-07-03T08:00:00,250.15
2024-07-03T09:00:00,423.5
2024-07-03T10:00:00,577.53
2024-07-03T11:00:00,680.7
2024-07-03T12:00:00,715.47
2024-07-03T13:00:00,683.3
2024-07-03T14:00:00,581.3
2024-07-03T15:00:00,450.55
2024-07-03T16:00:00,271.8
2024-07-03T17:00:00,84.75
2024-07-03T18:00:00,0.0
2024-07-03T19:00:00,0.0
2024-07-03T20:00:00,0.0
2024-07-03T21:00:00,0.0
2024-07-03T22:00:00,0.0
2024-07-03T23:00:00,0.0
2024-07-04T00:00:00,0.0
2024-07-04T01:00:00,0.0
2024-07-04T02:00:00,0.0
2024-07-04T03:00:00,0.0
2024-07-04T04:00:00,0.0
2024-07-04T05:00:00,0.0
2024-07-04T06:00:00,0.0
2024-07-04T07:00:00,76.43
2024-07-04T08:00:00,256.4
2024-07-04T09:00:00,440.23
2024-07-04T10:00:00,610.83
2024-07-04T11:00:00,719.58
2024-07-04T12:00:00,746.05
2024-07-04T13:00:00,719.62
2024-07-04T14:00:00,604.95
2024-07-04T15:00:00,426.62
2024-07-04T16:00:00,202.77
2024-07-04T17:00:00,63.3
2024-07-04T18:00:00,0.0
2024-07-04T19:00:00,0.0
2024-07-04T20:00:00,0.0
2024-07-04T21:00:00,0.0
2024-07-04T22:00:00,0.0
2024-07-04T23:00:00,0.0
2024-07-05T00:00:00,0.0
2024-07-05T01:00:00,0.0
2024-07-05T02:00:00,0.0
2024-07-05T03:00:00,0.0
2024-07-05T04:00:00,0.0
2024-07-05T05:00:00,0.0
2024-07-05T06:00:00,0.0
2024-07-05T07:00:00,66.8
2024-07-05T08:00:00,235.55
2024-07-05T09:00:00,458.27
2024-07-05T10:00:00,606.75
2024-07-05T11:00:00,715.15
2024-07-05T12:00:00,745.95
2024-07-05T13:00:00,709.2
2024-07-05T14:00:00,611.17
2024-07-05T15:00:00,465.62
2024-07-05T16:00:00,259.7
2024-07-05T17:00:00,70.85
2024-07-05T18:00:00,0.0
2024-07-05T19:00:00,0.0
2024-07-05T20:00:00,0.0
2024-07-05T21:00:00,0.0
2024-07-05T22:00:00,0.0
2024-07-05T23:00:00,0.0
2024-07-06T00:00:00,0.0
2024-07-06T01:00:00,0.0
2024-07-06T02:00:00,0.0
2024-07-06T03:00:00,0.0
2024-07-06T04:00:00,0.0
2024-07-06T05:00:00,0.0
2024-07-06T06:00:00,0.0
2024-07-06T07:00:00,71.38
2024-07-06T08:00:00,249.73
2024-07-06T09:00:00,458.52
2024-07-06T10:00:00,612.15
2024-07-06T11:00:00,720.47
2024-07-06T12:00:00,756.17
2024-07-06T13:00:00,717.2
2024-07-06T14:00:00,596.58
2024-07-06T15:00:00,441.12
2024-07-06T16:00:00,256.1
2024-07-06T17:00:00,73.95
2024-07-06T18:00:00,0.0
2024-07-06T19:00:00,0.0
2024-07-06T20:00:00,0.0
2024-07-06T21:00:00,0.0
2024-07-06T22:00:00,0.0
2024-07-06T23:00:00,0.0
2024-07-07T00:00:00,0.0
2024-07-07T01:00:00,0.0
2024-07-07T02:00:00,0.0
2024-07-07T03:00:00,0.0
2024-07-07T04:00:00,0.0
2024-07-07T05:00:00,0.0
2024-07-07T06:00:00,0.0
2024-07-07T07:00:00,37.2
2024-07-07T08:00:00,124.35
2024-07-07T09:00:00,220.6
2024-07-07T10:00:00,268.83
2024-07-07T11:00:00,261.85
2024-07-07T12:00:00,230.45
2024-07-07T13:00:00,320.1
2024-07-07T14:00:00,276.77
2024-07-07T15:00:00,225.57
2024-07-07T16:00:00,142.55
2024-07-07T17:00:00,41.22
2024-07-07T18:00:00,0.0
2024-07-07T19:00:00,0.0
2024-07-07T20:00:00,0.0
2024-07-07T21:00:00,0.0
2024-07-07T22:00:00,0.0
2024-07-07T23:00:00,0.0
2024-07-08T00:00:00,0.0
2024-07-08T01:00:00,0.0
2024-07-08T02:00:00,0.0
2024-07-08T03:00:00,0.0
2024-07-08T04:00:00,0.0
2024-07-08T05:00:00,0.0
2024-07-08T06:00:00,0.0
2024-07-08T07:00:00,33.38
2024-07-08T08:00:00,131.5
2024-07-08T09:00:00,234.95
2024-07-08T10:00:00,373.38
2024-07-08T11:00:00,422.0
2024-07-08T12:00:00,372.12
2024-07-08T13:00:00,280.9
2024-07-08T14:00:00,157.3
2024-07-08T15:00:00,90.55
2024-07-08T16:00:00,71.57
2024-07-08T17:00:00,26.6
2024-07-08T18:00:00,0.0
2024-07-08T19:00:00,0.0
2024-07-08T20:00:00,0.0
2024-07-08T21:00:00,0.0
2024-07-08T22:00:00,0.0
2024-07-08T23:00:00,0.0
2024-07-09T00:00:00,0.0
2024-07-09T01:00:00,0.0
2024-07-09T02:00:00,0.0
2024-07-09T03:00:00,0.0
2024-07-09T04:00:00,0.0
2024-07-09T05:00:00,0.0
2024-07-09T06:00:00,0.0
2024-07-09T07:00:00,37.8
2024-07-09T08:00:00,143.38
2024-07-09T09:00:00,260.42
2024-07-09T10:00:00,324.9
2024-07-09T11:00:00,319.2
2024-07-09T12:00:00,350.92
2024-07-09T13:00:00,352.27
2024-07-09T14:00:00,286.52
2024-07-09T15:00:00,175.6
2024-07-09T16:00:00,97.22
2024-07-09T17:00:00,27.2
2024-07-09T18:00:00,0.0
2024-07-09T19:00:00,0.0
2024-07-09T20:00:00,0.0
2024-07-09T21:00:00,0.0
2024-07-09T22:00:00,0.0
2024-07-09T23:00:00,0.0
2024-07-10T00:00:00,0.0
2024-07-10T01:00:00,0.0
2024-07-10T02:00:00,0.0
2024-07-10T03:00:00,0.0
2024-07-10T04:00:00,0.0
2024-07-10T05:00:00,0.0
2024-07-10T06:00:00,0.0
2024-07-10T07:00:00,58.88
2024-07-10T08:00:00,193.73
2024-07-10T09:00:00,350.38
2024-07-10T10:00:00,472.05
2024-07-10T11:00:00,501.62
2024-07-10T12:00:00,483.65
2024-07-10T13:00:00,458.6
2024-07-10T14:00:00,272.38
2024-07-10T15:00:00,75.85
2024-07-10T16:00:00,50.1
2024-07-10T17:00:00,16.58
2024-07-10T18:00:00,0.0
2024-07-10T19:00:00,0.0
2024-07-10T20:00:00,0.0
2024-07-10T21:00:00,0.0
2024-07-10T22:00:00,0.0
2024-07-10T23:00:00,0.0
2024-07-11T00:00:00,0.0
2024-07-11T01:00:00,0.0
2024-07-11T02:00:00,0.0
2024-07-11T03:00:00,0.0
2024-07-11T04:00:00,0.0
2024-07-11T05:00:00,0.0
2024-07-11T06:00:00,0.0
2024-07-11T07:00:00,40.42
2024-07-11T08:00:00,162.05
2024-07-11T09:00:00,293.7
2024-07-11T10:00:00,386.92
2024-07-11T11:00:00,499.3
2024-07-11T12:00:00,551.58
2024-07-11T13:00:00,500.92
2024-07-11T14:00:00,467.88
2024-07-11T15:00:00,315.05
2024-07-11T16:00:00,170.73
2024-07-11T17:00:00,56.33
2024-07-11T18:00:00,0.0
2024-07-11T19:00:00,0.0
2024-07-11T20:00:00,0.0
2024-07-11T21:00:00,0.0
2024-07-11T22:00:00,0.0
2024-07-11T23:00:00,0.0
2024-07-12T00:00:00,0.0
2024-07-12T01:00:00,0.0
2024-07-12T02:00:00,0.0
2024-07-12T03:00:00,0.0
2024-07-12T04:00:00,0.0
2024-07-12T05:00:00,0.0
2024-07-12T06:00:00,0.0
2024-07-12T07:00:00,33.1
2024-07-12T08:00:00,113.35
2024-07-12T09:00:00,212.93
2024-07-12T10:00:00,285.73
2024-07-12T11:00:00,284.52
2024-07-12T12:00:00,203.05
2024-07-12T13:00:00,157.68
2024-07-12T14:00:00,48.15
2024-07-12T15:00:00,109.35
2024-07-12T16:00:00,62.85
2024-07-12T17:00:00,23.65
2024-07-12T18:00:00,0.0
2024-07-12T19:00:00,0.0
2024-07-12T20:00:00,0.0
2024-07-12T21:00:00,0.0
2024-07-12T22:00:00,0.0
2024-07-12T23:00:00,0.0
2024-07-13T00:00:00,0.0
2024-07-13T01:00:00,0.0
2024-07-13T02:00:00,0.0
2024-07-13T03:00:00,0.0
2024-07-13T04:00:00,0.0
2024-07-13T05:00:00,0.0
2024-07-13T06:00:00,0.0
2024-07-13T07:00:00,40.7
2024-07-13T08:00:00,132.32
2024-07-13T09:00:00,248.32
2024-07-13T10:00:00,384.58
2024-07-13T11:00:00,479.15
2024-07-13T12:00:00,626.0
2024-07-13T13:00:00,628.05
2024-07-13T14:00:00,551.2
2024-07-13T15:00:00,419.9
2024-07-13T16:00:00,238.5
2024-07-13T17:00:00,69.55
2024-07-13T18:00:00,0.0
2024-07-13T19:00:00,0.0
2024-07-13T20:00:00,0.0
2024-07-13T21:00:00,0.0
2024-07-13T22:00:00,0.0
2024-07-13T23:00:00,0.0
2024-07-14T00:00:00,0.0
2024-07-14T01:00:00,0.0
2024-07-14T02:00:00,0.0
2024-07-14T03:00:00,0.0
2024-07-14T04:00:00,0.0
2024-07-14T05:00:00,0.0
2024-07-14T06:00:00,0.0
2024-07-14T07:00:00,86.35
2024-07-14T08:00:00,283.98
2024-07-14T09:00:00,483.98
2024-07-14T10:00:00,634.72
2024-07-14T11:00:00,728.95
2024-07-14T12:00:00,755.12
2024-07-14T13:00:00,730.25
2024-07-14T14:00:00,620.9
2024-07-14T15:00:00,480.65
2024-07-14T16:00:00,295.08
2024-07-14T17:00:00,98.35
2024-07-14T18:00:00,0.0
2024-07-14T19:00:00,0.0
2024-07-14T20:00:00,0.0
2024-07-14T21:00:00,0.0
2024-07-14T22:00:00,0.0
2024-07-14T23:00:00,0.0
2024-07-15T00:00:00,0.0
2024-07-15T01:00:00,0.0
2024-07-15T02:00:00,0.0
2024-07-15T03:00:00,0.0
2024-07-15T04:00:00,0.0
2024-07-15T05:00:00,0.0
2024-07-15T06:00:00,0.0
2024-07-15T07:00:00,77.9
2024-07-15T08:00:00,276.92
2024-07-15T09:00:00,471.08
2024-07-15T10:00:00,629.75
2024-07-15T11:00:00,713.15
2024-07-15T12:00:00,734.6
2024-07-15T13:00:00,718.92
2024-07-15T14:00:00,613.45
2024-07-15T15:00:00,466.67
2024-07-15T16:00:00,284.95
2024-07-15T17:00:00,95.93
2024-07-15T18:00:00,0.0
2024-07-15T19:00:00,0.0
2024-07-15T20:00:00,0.0
2024-07-15T21:00:00,0.0
2024-07-15T22:00:00,0.0
2024-07-15T23:00:00,0.0
2024-07-16T00:00:00,0.0
2024-07-16T01:00:00,0.0
2024-07-16T02:00:00,0.0
2024-07-16T03:00:00,0.0
2024-07-16T04:00:00,0.0
2024-07-16T05:00:00,0.0
2024-07-16T06:00:00,0.0
2024-07-16T07:00:00,75.85
2024-07-16T08:00:00,257.4
2024-07-16T09:00:00,433.75
2024-07-16T10:00:00,535.7
2024-07-16T11:00:00,625.8
2024-07-16T12:00:00,654.8
2024-07-16T13:00:00,505.8
2024-07-16T14:00:00,507.17
2024-07-16T15:00:00,369.45
2024-07-16T16:00:00,214.98
2024-07-16T17:00:00,70.05
2024-07-16T18:00:00,0.0
2024-07-16T19:00:00,0.0
2024-07-16T20:00:00,0.0
2024-07-16T21:00:00,0.0
2024-07-16T22:00:00,0.0
2024-07-16T23:00:00,0.0
2024-07-17T00:00:00,0.0
2024-07-17T01:00:00,0.0
2024-07-17T02:00:00,0.0
2024-07-17T03:00:00,0.0
2024-07-17T04:00:00,0.0
2024-07-17T05:00:00,0.0
2024-07-17T06:00:00,0.0
2024-07-17T07:00:00,91.05
2024-07-17T08:00:00,300.73
2024-07-17T09:00:00,499.5
2024-07-17T10:00:00,656.6
2024-07-17T11:00:00,744.0
2024-07-17T12:00:00,786.1
2024-07-17T13:00:00,763.15
2024-07-17T14:00:00,612.67
2024-07-17T15:00:00,494.6
2024-07-17T16:00:00,306.02
2024-07-17T17:00:00,105.9
2024-07-17T18:00:00,0.0
2024-07-17T19:00:00,0.0
2024-07-17T20:00:00,0.0
2024-07-17T21:00:00,0.0
2024-07-17T22:00:00,0.0
2024-07-17T23:00:00,0.0
2024-07-18T00:00:00,0.0
2024-07-18T01:00:00,0.0
2024-07-18T02:00:00,0.0
2024-07-18T03:00:00,0.0
2024-07-18T04:00:00,0.0
2024-07-18T05:00:00,0.0
2024-07-18T06:00:00,0.0
2024-07-18T07:00:00,72.22
2024-07-18T08:00:00,234.02
2024-07-18T09:00:00,443.4
2024-07-18T10:00:00,632.88
2024-07-18T11:00:00,763.33
2024-07-18T12:00:00,815.5
2024-07-18T13:00:00,789.67
2024-07-18T14:00:00,688.6
2024-07-18T15:00:00,533.85
2024-07-18T16:00:00,334.23
2024-07-18T17:00:00,116.32
2024-07-18T18:00:00,0.0
2024-07-18T19:00:00,0.0
2024-07-18T20:00:00,0.0
2024-07-18T21:00:00,0.0
2024-07-18T22:00:00,0.0
2024-07-18T23:00:00,0.0
2024-07-19T00:00:00,0.0
2024-07-19T01:00:00,0.0
2024-07-19T02:00:00,0.0
2024-07-19T03:00:00,0.0
2024-07-19T04:00:00,0.0
2024-07-19T05:00:00,0.0
2024-07-19T06:00:00,0.0
2024-07-19T07:00:00,88.95
2024-07-19T08:00:00,285.02
2024-07-19T09:00:00,498.7
2024-07-19T10:00:00,667.95
2024-07-19T11:00:00,774.53
2024-07-19T12:00:00,808.95
2024-07-19T13:00:00,773.83
2024-07-19T14:00:00,668.2
2024-07-19T15:00:00,472.75
2024-07-19T16:00:00,269.02
2024-07-19T17:00:00,91.12
2024-07-19T18:00:00,0.0
2024-07-19T19:00:00,0.0
2024-07-19T20:00:00,0.0
2024-07-19T21:00:00,0.0
2024-07-19T22:00:00,0.0
2024-07-19T23:00:00,0.0
2024-07-20T00:00:00,0.0
2024-07-20T01:00:00,0.0
2024-07-20T02:00:00,0.0
2024-07-20T03:00:00,0.0
2024-07-20T04:00:00,0.0
2024-07-20T05:00:00,0.0
2024-07-20T06:00:00,0.0
2024-07-20T07:00:00,93.43
2024-07-20T08:00:00,298.25
2024-07-20T09:00:00,492.3
2024-07-20T10:00:00,651.08
2024-07-20T11:00:00,752.6
2024-07-20T12:00:00,763.15
2024-07-20T13:00:00,679.33
2024-07-20T14:00:00,625.47
2024-07-20T15:00:00,491.38
2024-07-20T16:00:00,305.17
2024-07-20T17:00:00,108.7
2024-07-20T18:00:00,0.0
2024-07-20T19:00:00,0.0
2024-07-20T20:00:00,0.0
2024-07-20T21:00:00,0.0
2024-07-20T22:00:00,0.0
2024-07-20T23:00:00,0.0
2024-07-21T00:00:00,0.0
2024-07-21T01:00:00,0.0
2024-07-21T02:00:00,0.0
2024-07-21T03:00:00,0.0
2024-07-21T04:00:00,0.0
2024-07-21T05:00:00,0.0
2024-07-21T06:00:00,0.0
2024-07-21T07:00:00,66.53
2024-07-21T08:00:00,232.3
2024-07-21T09:00:00,415.67
2024-07-21T10:00:00,593.55
2024-07-21T11:00:00,747.58
2024-07-21T12:00:00,808.38
2024-07-21T13:00:00,769.15
2024-07-21T14:00:00,673.2
2024-07-21T15:00:00,510.58
2024-07-21T16:00:00,313.85
2024-07-21T17:00:00,109.43
2024-07-21T18:00:00,0.0
2024-07-21T19:00:00,0.0
2024-07-21T20:00:00,0.0
2024-07-21T21:00:00,0.0
2024-07-21T22:00:00,0.0
2024-07-21T23:00:00,0.0
2024-07-22T00:00:00,0.0
2024-07-22T01:00:00,0.0
2024-07-22T02:00:00,0.0
2024-07-22T03:00:00,0.0
2024-07-22T04:00:00,0.0
2024-07-22T05:00:00,0.0
2024-07-22T06:00:00,0.0
2024-07-22T07:00:00,87.85
2024-07-22T08:00:00,291.05
2024-07-22T09:00:00,488.35
2024-07-22T10:00:00,646.75
2024-07-22T11:00:00,756.95
2024-07-22T12:00:00,806.45
2024-07-22T13:00:00,768.58
2024-07-22T14:00:00,578.45
2024-07-22T15:00:00,487.45
2024-07-22T16:00:00,301.55
2024-07-22T17:00:00,110.93
2024-07-22T18:00:00,0.0
2024-07-22T19:00:00,0.0
2024-07-22T20:00:00,0.0
2024-07-22T21:00:00,0.0
2024-07-22T22:00:00,0.0
2024-07-22T23:00:00,0.0
2024-07-23T00:00:00,0.0
2024-07-23T01:00:00,0.0
2024-07-23T02:00:00,0.0
2024-07-23T03:00:00,0.0
2024-07-23T04:00:00,0.0
2024-07-23T05:00:00,0.0
2024-07-23T06:00:00,0.0
2024-07-23T07:00:00,92.3
2024-07-23T08:00:00,295.42
2024-07-23T09:00:00,507.6
2024-07-23T10:00:00,664.12
2024-07-23T11:00:00,770.7
2024-07-23T12:00:00,792.3
2024-07-23T13:00:00,753.0
2024-07-23T14:00:00,598.75
2024-07-23T15:00:00,506.5
2024-07-23T16:00:00,265.1
2024-07-23T17:00:00,95.62
2024-07-23T18:00:00,0.0
2024-07-23T19:00:00,0.0
2024-07-23T20:00:00,0.0
2024-07-23T21:00:00,0.0
2024-07-23T22:00:00,0.0
2024-07-23T23:00:00,0.0
2024-07-24T00:00:00,0.0
2024-07-24T01:00:00,0.0
2024-07-24T02:00:00,0.0
2024-07-24T03:00:00,0.0
2024-07-24T04:00:00,0.0
2024-07-24T05:00:00,0.0
2024-07-24T06:00:00,0.0
2024-07-24T07:00:00,53.95
2024-07-24T08:00:00,178.9
2024-07-24T09:00:00,337.88
2024-07-24T10:00:00,383.48
2024-07-24T11:00:00,458.83
2024-07-24T12:00:00,385.8
2024-07-24T13:00:00,364.77
2024-07-24T14:00:00,256.08
2024-07-24T15:00:00,235.45
2024-07-24T16:00:00,142.05
2024-07-24T17:00:00,56.12
2024-07-24T18:00:00,0.0
2024-07-24T19:00:00,0.0
2024-07-24T20:00:00,0.0
2024-07-24T21:00:00,0.0
2024-07-24T22:00:00,0.0
2024-07-24T23:00:00,0.0
2024-07-25T00:00:00,0.0
2024-07-25T01:00:00,0.0
2024-07-25T02:00:00,0.0
2024-07-25T03:00:00,0.0
2024-07-25T04:00:00,0.0
2024-07-25T05:00:00,0.0
2024-07-25T06:00:00,0.0
2024-07-25T07:00:00,69.22
2024-07-25T08:00:00,224.25
2024-07-25T09:00:00,434.45
2024-07-25T10:00:00,539.35
2024-07-25T11:00:00,566.55
2024-07-25T12:00:00,754.8
2024-07-25T13:00:00,742.0
2024-07-25T14:00:00,654.4
2024-07-25T15:00:00,510.95
2024-07-25T16:00:00,312.92
2024-07-25T17:00:00,108.9
2024-07-25T18:00:00,0.0
2024-07-25T19:00:00,0.0
2024-07-25T20:00:00,0.0
2024-07-25T21:00:00,0.0
2024-07-25T22:00:00,0.0
2024-07-25T23:00:00,0.0
2024-07-26T00:00:00,0.0
2024-07-26T01:00:00,0.0
2024-07-26T02:00:00,0.0
2024-07-26T03:00:00,0.0
2024-07-26T04:00:00,0.0
2024-07-26T05:00:00,0.0
2024-07-26T06:00:00,0.0
2024-07-26T07:00:00,100.97
2024-07-26T08:00:00,318.33
2024-07-26T09:00:00,522.58
2024-07-26T10:00:00,691.47
2024-07-26T11:00:00,793.35
2024-07-26T12:00:00,826.65
2024-07-26T13:00:00,792.7
2024-07-26T14:00:00,692.28
2024-07-26T15:00:00,528.15
2024-07-26T16:00:00,317.88
2024-07-26T17:00:00,111.28
2024-07-26T18:00:00,0.0
2024-07-26T19:00:00,0.0
2024-07-26T20:00:00,0.0
2024-07-26T21:00:00,0.0
2024-07-26T22:00:00,0.0
2024-07-26T23:00:00,0.0
2024-07-27T00:00:00,0.0
2024-07-27T01:00:00,0.0
2024-07-27T02:00:00,0.0
2024-07-27T03:00:00,0.0
2024-07-27T04:00:00,0.0
2024-07-27T05:00:00,0.0
2024-07-27T06:00:00,0.0
2024-07-27T07:00:00,67.82
2024-07-27T08:00:00,222.82
2024-07-27T09:00:00,381.3
2024-07-27T10:00:00,556.58
2024-07-27T11:00:00,705.3
2024-07-27T12:00:00,724.8
2024-07-27T13:00:00,678.2
2024-07-27T14:00:00,464.4
2024-07-27T15:00:00,459.08
2024-07-27T16:00:00,211.82
2024-07-27T17:00:00,83.88
2024-07-27T18:00:00,0.0
2024-07-27T19:00:00,0.0
2024-07-27T20:00:00,0.0
2024-07-27T21:00:00,0.0
2024-07-27T22:00:00,0.0
2024-07-27T23:00:00,0.0
2024-07-28T00:00:00,0.0
2024-07-28T01:00:00,0.0
2024-07-28T02:00:00,0.0
2024-07-28T03:00:00,0.0
2024-07-28T04:00:00,0.0
2024-07-28T05:00:00,0.0
2024-07-28T06:00:00,0.0
2024-07-28T07:00:00,75.68
2024-07-28T08:00:00,259.05
2024-07-28T09:00:00,431.05
2024-07-28T10:00:00,654.42
2024-07-28T11:00:00,782.25
2024-07-28T12:00:00,830.6
2024-07-28T13:00:00,797.08
2024-07-28T14:00:00,685.8
2024-07-28T15:00:00,536.75
2024-07-28T16:00:00,322.02
2024-07-28T17:00:00,118.75
2024-07-28T18:00:00,0.0
2024-07-28T19:00:00,0.0
2024-07-28T20:00:00,0.0
2024-07-28T21:00:00,0.0
2024-07-28T22:00:00,0.0
2024-07-28T23:00:00,0.0
2024-07-29T00:00:00,0.0
2024-07-29T01:00:00,0.0
2024-07-29T02:00:00,0.0
2024-07-29T03:00:00,0.0
2024-07-29T04:00:00,0.0
2024-07-29T05:00:00,0.0
2024-07-29T06:00:00,0.0
2024-07-29T07:00:00,99.72
2024-07-29T08:00:00,295.42
2024-07-29T09:00:00,488.23
2024-07-29T10:00:00,656.9
2024-07-29T11:00:00,779.7
2024-07-29T12:00:00,782.35
2024-07-29T13:00:00,763.58
2024-07-29T14:00:00,669.62
2024-07-29T15:00:00,503.77
2024-07-29T16:00:00,260.45
2024-07-29T17:00:00,101.15
2024-07-29T18:00:00,0.0
2024-07-29T19:00:00,0.0
2024-07-29T20:00:00,0.0
2024-07-29T21:00:00,0.0
2024-07-29T22:00:00,0.0
2024-07-29T23:00:00,0.0
2024-07-30T00:00:00,0.0
2024-07-30T01:00:00,0.0
2024-07-30T02:00:00,0.0
2024-07-30T03:00:00,0.0
2024-07-30T04:00:00,0.0
2024-07-30T05:00:00,0.0
2024-07-30T06:00:00,0.0
2024-07-30T07:00:00,69.68
2024-07-30T08:00:00,204.05
2024-07-30T09:00:00,400.42
2024-07-30T10:00:00,530.25
2024-07-30T11:00:00,649.03
2024-07-30T12:00:00,708.65
2024-07-30T13:00:00,687.97
2024-07-30T14:00:00,587.72
2024-07-30T15:00:00,412.08
2024-07-30T16:00:00,252.45
2024-07-30T17:00:00,94.75
2024-07-30T18:00:00,0.0
2024-07-30T19:00:00,0.0
2024-07-30T20:00:00,0.0
2024-07-30T21:00:00,0.0
2024-07-30T22:00:00,0.0
2024-07-30T23:00:00,0.0
2024-07-31T00:00:00,0.0
2024-07-31T01:00:00,0.0
2024-07-31T02:00:00,0.0
2024-07-31T03:00:00,0.0
2024-07-31T04:00:00,0.0
2024-07-31T05:00:00,0.0
2024-07-31T06:00:00,0.0
2024-07-31T07:00:00,68.4
2024-07-31T08:00:00,211.82
2024-07-31T09:00:00,346.38
2024-07-31T10:00:00,552.25
2024-07-31T11:00:00,628.67
2024-07-31T12:00:00,629.25
2024-07-31T13:00:00,616.78
2024-07-31T14:00:00,541.95
2024-07-31T15:00:00,442.25
2024-07-31T16:00:00,254.85
2024-07-31T17:00:00,81.4
2024-07-31T18:00:00,0.0
2024-07-31T19:00:00,0.0
2024-07-31T20:00:00,0.0
2024-07-31T21:00:00,0.0
2024-07-31T22:00:00,0.0
2024-07-31T23:00:00,0.0
2024-08-01T00:00:00,0.0
2024-08-01T01:00:00,0.0
2024-08-01T02:00:00,0.0
2024-08-01T03:00:00,0.0
2024-08-01T04:00:00,0.0
2024-08-01T05:00:00,0.0
2024-08-01T06:00:00,0.0
2024-08-01T07:00:00,72.85
2024-08-01T08:00:00,246.8
2024-08-01T09:00:00,428.05
2024-08-01T10:00:00,546.8
2024-08-01T11:00:00,710.6
2024-08-01T12:00:00,719.5
2024-08-01T13:00:00,734.9
2024-08-01T14:00:00,644.55
2024-08-01T15:00:00,494.17
2024-08-01T16:00:00,307.98
2024-08-01T17:00:00,114.53
2024-08-01T18:00:00,0.0
2024-08-01T19:00:00,0.0
2024-08-01T20:00:00,0.0
2024-08-01T21:00:00,0.0
2024-08-01T22:00:00,0.0
2024-08-01T23:00:00,0.0
2024-08-02T00:00:00,0.0
2024-08-02T01:00:00,0.0
2024-08-02T02:00:00,0.0
2024-08-02T03:00:00,0.0
2024-08-02T04:00:00,0.0
2024-08-02T05:00:00,0.0
2024-08-02T06:00:00,0.0
2024-08-02T07:00:00,97.68
2024-08-02T08:00:00,310.25
2024-08-02T09:00:00,517.45
2024-08-02T10:00:00,683.42
2024-08-02T11:00:00,791.83
2024-08-02T12:00:00,839.78
2024-08-02T13:00:00,800.85
2024-08-02T14:00:00,628.55
2024-08-02T15:00:00,512.53
2024-08-02T16:00:00,313.77
2024-08-02T17:00:00,115.65
2024-08-02T18:00:00,0.0
2024-08-02T19:00:00,0.0
2024-08-02T20:00:00,0.0
2024-08-02T21:00:00,0.0
2024-08-02T22:00:00,0.0
2024-08-02T23:00:00,0.0
2024-08-03T00:00:00,0.0
2024-08-03T01:00:00,0.0
2024-08-03T02:00:00,0.0
2024-08-03T03:00:00,0.0
2024-08-03T04:00:00,0.0
2024-08-03T05:00:00,0.0
2024-08-03T06:00:00,0.0
2024-08-03T07:00:00,104.25
2024-08-03T08:00:00,324.23
2024-08-03T09:00:00,543.17
2024-08-03T10:00:00,707.65
2024-08-03T11:00:00,809.65
2024-08-03T12:00:00,850.35
2024-08-03T13:00:00,815.88
2024-08-03T14:00:00,698.38
2024-08-03T15:00:00,533.92
2024-08-03T16:00:00,335.3
2024-08-03T17:00:00,126.88
2024-08-03T18:00:00,0.0
2024-08-03T19:00:00,0.0
2024-08-03T20:00:00,0.0
2024-08-03T21:00:00,0.0
2024-08-03T22:00:00,0.0
2024-08-03T23:00:00,0.0
2024-08-04T00:00:00,0.0
2024-08-04T01:00:00,0.0
2024-08-04T02:00:00,0.0
2024-08-04T03:00:00,0.0
2024-08-04T04:00:00,0.0
2024-08-04T05:00:00,0.0
2024-08-04T06:00:00,0.0
2024-08-04T07:00:00,114.38
2024-08-04T08:00:00,331.62
2024-08-04T09:00:00,539.28
2024-08-04T10:00:00,702.1
2024-08-04T11:00:00,804.8
2024-08-04T12:00:00,828.35
2024-08-04T13:00:00,795.97
2024-08-04T14:00:00,675.9
2024-08-04T15:00:00,497.27
2024-08-04T16:00:00,288.85
2024-08-04T17:00:00,106.8
2024-08-04T18:00:00,0.0
2024-08-04T19:00:00,0.0
2024-08-04T20:00:00,0.0
2024-08-04T21:00:00,0.0
2024-08-04T22:00:00,0.0
2024-08-04T23:00:00,0.0
2024-08-05T00:00:00,0.0
2024-08-05T01:00:00,0.0
2024-08-05T02:00:00,0.0
2024-08-05T03:00:00,0.0
2024-08-05T04:00:00,0.0
2024-08-05T05:00:00,0.0
2024-08-05T06:00:00,0.0
2024-08-05T07:00:00,99.75
2024-08-05T08:00:00,309.25
2024-08-05T09:00:00,517.3
2024-08-05T10:00:00,686.72
2024-08-05T11:00:00,781.03
2024-08-05T12:00:00,826.6
2024-08-05T13:00:00,777.85
2024-08-05T14:00:00,684.83
2024-08-05T15:00:00,549.9
2024-08-05T16:00:00,346.88
2024-08-05T17:00:00,128.77
2024-08-05T18:00:00,0.0
2024-08-05T19:00:00,0.0
2024-08-05T20:00:00,0.0
2024-08-05T21:00:00,0.0
2024-08-05T22:00:00,0.0
2024-08-05T23:00:00,0.0
2024-08-06T00:00:00,0.0
2024-08-06T01:00:00,0.0
2024-08-06T02:00:00,0.0
2024-08-06T03:00:00,0.0
2024-08-06T04:00:00,0.0
2024-08-06T05:00:00,0.0
2024-08-06T06:00:00,0.0
2024-08-06T07:00:00,89.93
2024-08-06T08:00:00,247.65
2024-08-06T09:00:00,446.2
2024-08-06T10:00:00,470.67
2024-08-06T11:00:00,595.38
2024-08-06T12:00:00,731.5
2024-08-06T13:00:00,643.8
2024-08-06T14:00:00,625.17
2024-08-06T15:00:00,436.15
2024-08-06T16:00:00,256.73
2024-08-06T17:00:00,84.97
2024-08-06T18:00:00,0.0
2024-08-06T19:00:00,0.0
2024-08-06T20:00:00,0.0
2024-08-06T21:00:00,0.0
2024-08-06T22:00:00,0.0
2024-08-06T23:00:00,0.0
2024-08-07T00:00:00,0.0
2024-08-07T01:00:00,0.0
2024-08-07T02:00:00,0.0
2024-08-07T03:00:00,0.0
2024-08-07T04:00:00,0.0
2024-08-07T05:00:00,0.0
2024-08-07T06:00:00,0.0
2024-08-07T07:00:00,100.35
2024-08-07T08:00:00,300.85
2024-08-07T09:00:00,501.58
2024-08-07T10:00:00,678.08
2024-08-07T11:00:00,772.65
2024-08-07T12:00:00,818.9
2024-08-07T13:00:00,759.38
2024-08-07T14:00:00,441.05
2024-08-07T15:00:00,331.33
2024-08-07T16:00:00,204.8
2024-08-07T17:00:00,83.65
2024-08-07T18:00:00,0.0
2024-08-07T19:00:00,0.0
2024-08-07T20:00:00,0.0
2024-08-07T21:00:00,0.0
2024-08-07T22:00:00,0.0
2024-08-07T23:00:00,0.0
2024-08-08T00:00:00,0.0
2024-08-08T01:00:00,0.0
2024-08-08T02:00:00,0.0
2024-08-08T03:00:00,0.0
2024-08-08T04:00:00,0.0
2024-08-08T05:00:00,0.0
2024-08-08T06:00:00,0.0
2024-08-08T07:00:00,56.05
2024-08-08T08:00:00,187.43
2024-08-08T09:00:00,350.23
2024-08-08T10:00:00,436.05
2024-08-08T11:00:00,591.78
2024-08-08T12:00:00,628.15
2024-08-08T13:00:00,573.35
2024-08-08T14:00:00,438.25
2024-08-08T15:00:00,348.02
2024-08-08T16:00:00,198.02
2024-08-08T17:00:00,72.93
2024-08-08T18:00:00,0.0
2024-08-08T19:00:00,0.0
2024-08-08T20:00:00,0.0
2024-08-08T21:00:00,0.0
2024-08-08T22:00:00,0.0
2024-08-08T23:00:00,0.0
2024-08-09T00:00:00,0.0
2024-08-09T01:00:00,0.0
2024-08-09T02:00:00,0.0
2024-08-09T03:00:00,0.0
2024-08-09T04:00:00,0.0
2024-08-09T05:00:00,0.0
2024-08-09T06:00:00,0.0
2024-08-09T07:00:00,74.05
2024-08-09T08:00:00,228.82
2024-08-09T09:00:00,387.95
2024-08-09T10:00:00,514.2
2024-08-09T11:00:00,582.95
2024-08-09T12:00:00,676.9
2024-08-09T13:00:00,542.65
2024-08-09T14:00:00,388.48
2024-08-09T15:00:00,322.5
2024-08-09T16:00:00,196.15
2024-08-09T17:00:00,79.2
2024-08-09T18:00:00,0.0
2024-08-09T19:00:00,0.0
2024-08-09T20:00:00,0.0
2024-08-09T21:00:00,0.0
2024-08-09T22:00:00,0.0
2024-08-09T23:00:00,0.0
2024-08-10T00:00:00,0.0
2024-08-10T01:00:00,0.0
2024-08-10T02:00:00,0.0
2024-08-10T03:00:00,0.0
2024-08-10T04:00:00,0.0
2024-08-10T05:00:00,0.0
2024-08-10T06:00:00,0.0
2024-08-10T07:00:00,95.57
2024-08-10T08:00:00,304.55
2024-08-10T09:00:00,512.6
2024-08-10T10:00:00,670.45
2024-08-10T11:00:00,774.78
2024-08-10T12:00:00,793.7
2024-08-10T13:00:00,704.2
2024-08-10T14:00:00,585.42
2024-08-10T15:00:00,415.23
2024-08-10T16:00:00,205.35
2024-08-10T17:00:00,85.47
2024-08-10T18:00:00,0.0
2024-08-10T19:00:00,0.0
2024-08-10T20:00:00,0.0
2024-08-10T21:00:00,0.0
2024-08-10T22:00:00,0.0
2024-08-10T23:00:00,0.0
2024-08-11T00:00:00,0.0
2024-08-11T01:00:00,0.0
2024-08-11T02:00:00,0.0
2024-08-11T03:00:00,0.0
2024-08-11T04:00:00,0.0
2024-08-11T05:00:00,0.0
2024-08-11T06:00:00,0.0
2024-08-11T07:00:00,75.75
2024-08-11T08:00:00,196.7
2024-08-11T09:00:00,325.12
2024-08-11T10:00:00,406.35
2024-08-11T11:00:00,532.62
2024-08-11T12:00:00,504.0
2024-08-11T13:00:00,463.88
2024-08-11T14:00:00,325.4
2024-08-11T15:00:00,218.57
2024-08-11T16:00:00,142.2
2024-08-11T17:00:00,56.38
2024-08-11T18:00:00,0.0
2024-08-11T19:00:00,0.0
2024-08-11T20:00:00,0.0
2024-08-11T21:00:00,0.0
2024-08-11T22:00:00,0.0
2024-08-11T23:00:00,0.0
2024-08-12T00:00:00,0.0
2024-08-12T01:00:00,0.0
2024-08-12T02:00:00,0.0
2024-08-12T03:00:00,0.0
2024-08-12T04:00:00,0.0
2024-08-12T05:00:00,0.0
2024-08-12T06:00:00,0.0
2024-08-12T07:00:00,72.32
2024-08-12T08:00:00,198.98
2024-08-12T09:00:00,375.12
2024-08-12T10:00:00,486.65
2024-08-12T11:00:00,615.95
2024-08-12T12:00:00,696.8
2024-08-12T13:00:00,654.28
2024-08-12T14:00:00,569.55
2024-08-12T15:00:00,413.27
2024-08-12T16:00:00,235.38
2024-08-12T17:00:00,95.72
2024-08-12T18:00:00,0.0
2024-08-12T19:00:00,0.0
2024-08-12T20:00:00,0.0
2024-08-12T21:00:00,0.0
2024-08-12T22:00:00,0.0
2024-08-12T23:00:00,0.0
2024-08-13T00:00:00,0.0
2024-08-13T01:00:00,0.0
2024-08-13T02:00:00,0.0
2024-08-13T03:00:00,0.0
2024-08-13T04:00:00,0.0
2024-08-13T05:00:00,0.0
2024-08-13T06:00:00,0.0
2024-08-13T07:00:00,86.65
2024-08-13T08:00:00,262.5
2024-08-13T09:00:00,451.23
2024-08-13T10:00:00,577.7
2024-08-13T11:00:00,629.47
2024-08-13T12:00:00,687.72
2024-08-13T13:00:00,644.22
2024-08-13T14:00:00,499.33
2024-08-13T15:00:00,329.25
2024-08-13T16:00:00,190.6
2024-08-13T17:00:00,65.38
2024-08-13T18:00:00,0.0
2024-08-13T19:00:00,0.0
2024-08-13T20:00:00,0.0
2024-08-13T21:00:00,0.0
2024-08-13T22:00:00,0.0
2024-08-13T23:00:00,0.0
2024-08-14T00:00:00,0.0
2024-08-14T01:00:00,0.0
2024-08-14T02:00:00,0.0
2024-08-14T03:00:00,0.0
2024-08-14T04:00:00,0.0
2024-08-14T05:00:00,0.0
2024-08-14T06:00:00,0.0
2024-08-14T07:00:00,93.8
2024-08-14T08:00:00,253.5
2024-08-14T09:00:00,424.95
2024-08-14T10:00:00,515.78
2024-08-14T11:00:00,568.35
2024-08-14T12:00:00,560.5
2024-08-14T13:00:00,593.7
2024-08-14T14:00:00,524.35
2024-08-14T15:00:00,347.6
2024-08-14T16:00:00,196.3
2024-08-14T17:00:00,78.5
2024-08-14T18:00:00,0.0
2024-08-14T19:00:00,0.0
2024-08-14T20:00:00,0.0
2024-08-14T21:00:00,0.0
2024-08-14T22:00:00,0.0
2024-08-14T23:00:00,0.0
2024-08-15T00:00:00,0.0
2024-08-15T01:00:00,0.0
2024-08-15T02:00:00,0.0
2024-08-15T03:00:00,0.0
2024-08-15T04:00:00,0.0
2024-08-15T05:00:00,0.0
2024-08-15T06:00:00,0.0
2024-08-15T07:00:00,62.55
2024-08-15T08:00:00,198.65
2024-08-15T09:00:00,358.8
2024-08-15T10:00:00,459.9
2024-08-15T11:00:00,534.05
2024-08-15T12:00:00,539.58
2024-08-15T13:00:00,443.98
2024-08-15T14:00:00,375.25
2024-08-15T15:00:00,330.48
2024-08-15T16:00:00,179.85
2024-08-15T17:00:00,73.12
2024-08-15T18:00:00,0.0
2024-08-15T19:00:00,0.0
2024-08-15T20:00:00,0.0
2024-08-15T21:00:00,0.0
2024-08-15T22:00:00,0.0
2024-08-15T23:00:00,0.0
2024-08-16T00:00:00,0.0
2024-08-16T01:00:00,0.0
2024-08-16T02:00:00,0.0
2024-08-16T03:00:00,0.0
2024-08-16T04:00:00,0.0
2024-08-16T05:00:00,0.0
2024-08-16T06:00:00,0.0
2024-08-16T07:00:00,103.57
2024-08-16T08:00:00,286.67
2024-08-16T09:00:00,473.17
2024-08-16T10:00:00,615.55
2024-08-16T11:00:00,713.15
2024-08-16T12:00:00,706.25
2024-08-16T13:00:00,664.17
2024-08-16T14:00:00,567.03
2024-08-16T15:00:00,379.27
2024-08-16T16:00:00,225.85
2024-08-16T17:00:00,81.7
2024-08-16T18:00:00,2.78
2024-08-16T19:00:00,0.0
2024-08-16T20:00:00,0.0
2024-08-16T21:00:00,0.0
2024-08-16T22:00:00,0.0
2024-08-16T23:00:00,0.0
2024-08-17T00:00:00,0.0
2024-08-17T01:00:00,0.0
2024-08-17T02:00:00,0.0
2024-08-17T03:00:00,0.0
2024-08-17T04:00:00,0.0
2024-08-17T05:00:00,0.0
2024-08-17T06:00:00,2.88
2024-08-17T07:00:00,91.47
2024-08-17T08:00:00,243.55
2024-08-17T09:00:00,464.33
2024-08-17T10:00:00,675.33
2024-08-17T11:00:00,796.85
2024-08-17T12:00:00,837.6
2024-08-17T13:00:00,770.83
2024-08-17T14:00:00,690.42
2024-08-17T15:00:00,535.17
2024-08-17T16:00:00,328.9
2024-08-17T17:00:00,113.93
2024-08-17T18:00:00,3.1
2024-08-17T19:00:00,0.0
2024-08-17T20:00:00,0.0
2024-08-17T21:00:00,0.0
2024-08-17T22:00:00,0.0
2024-08-17T23:00:00,0.0
2024-08-18T00:00:00,0.0
2024-08-18T01:00:00,0.0
2024-08-18T02:00:00,0.0
2024-08-18T03:00:00,0.0
2024-08-18T04:00:00,0.0
2024-08-18T05:00:00,0.0
2024-08-18T06:00:00,3.6
2024-08-18T07:00:00,119.0
2024-08-18T08:00:00,333.98
2024-08-18T09:00:00,536.4
2024-08-18T10:00:00,680.15
2024-08-18T11:00:00,703.83
2024-08-18T12:00:00,714.42
2024-08-18T13:00:00,664.55
2024-08-18T14:00:00,475.42
2024-08-18T15:00:00,477.45
2024-08-18T16:00:00,283.0
2024-08-18T17:00:00,98.3
2024-08-18T18:00:00,3.22
2024-08-18T19:00:00,0.0
2024-08-18T20:00:00,0.0
2024-08-18T21:00:00,0.0
2024-08-18T22:00:00,0.0
2024-08-18T23:00:00,0.0
2024-08-19T00:00:00,0.0
2024-08-19T01:00:00,0.0
2024-08-19T02:00:00,0.0
2024-08-19T03:00:00,0.0
2024-08-19T04:00:00,0.0
2024-08-19T05:00:00,0.0
2024-08-19T06:00:00,4.0
2024-08-19T07:00:00,126.65
2024-08-19T08:00:00,352.4
2024-08-19T09:00:00,558.95
2024-08-19T10:00:00,680.78
2024-08-19T11:00:00,765.55
2024-08-19T12:00:00,811.12
2024-08-19T13:00:00,767.33
2024-08-19T14:00:00,660.03
2024-08-19T15:00:00,516.62
2024-08-19T16:00:00,317.83
2024-08-19T17:00:00,108.45
2024-08-19T18:00:00,3.33
2024-08-19T19:00:00,0.0
2024-08-19T20:00:00,0.0
2024-08-19T21:00:00,0.0
2024-08-19T22:00:00,0.0
2024-08-19T23:00:00,0.0
2024-08-20T00:00:00,0.0
2024-08-20T01:00:00,0.0
2024-08-20T02:00:00,0.0
2024-08-20T03:00:00,0.0
2024-08-20T04:00:00,0.0
2024-08-20T05:00:00,0.0
2024-08-20T06:00:00,3.7
2024-08-20T07:00:00,107.25
2024-08-20T08:00:00,289.5
2024-08-20T09:00:00,527.25
2024-08-20T10:00:00,727.38
2024-08-20T11:00:00,834.0
2024-08-20T12:00:00,853.28
2024-08-20T13:00:00,799.1
2024-08-20T14:00:00,678.12
2024-08-20T15:00:00,499.58
2024-08-20T16:00:00,296.98
2024-08-20T17:00:00,100.82
2024-08-20T18:00:00,3.55
2024-08-20T19:00:00,0.0
2024-08-20T20:00:00,0.0
2024-08-20T21:00:00,0.0
2024-08-20T22:00:00,0.0
2024-08-20T23:00:00,0.0
2024-08-21T00:00:00,0.0
2024-08-21T01:00:00,0.0
2024-08-21T02:00:00,0.0
2024-08-21T03:00:00,0.0
2024-08-21T04:00:00,0.0
2024-08-21T05:00:00,0.0
2024-08-21T06:00:00,4.18
2024-08-21T07:00:00,94.1
2024-08-21T08:00:00,258.48
2024-08-21T09:00:00,475.35
2024-08-21T10:00:00,553.72
2024-08-21T11:00:00,611.62
2024-08-21T12:00:00,502.75
2024-08-21T13:00:00,594.9
2024-08-21T14:00:00,480.92
2024-08-21T15:00:00,396.7
2024-08-21T16:00:00,233.5
2024-08-21T17:00:00,80.6
2024-08-21T18:00:00,2.75
2024-08-21T19:00:00,0.0
2024-08-21T20:00:00,0.0
2024-08-21T21:00:00,0.0
2024-08-21T22:00:00,0.0
2024-08-21T23:00:00,0.0
2024-08-22T00:00:00,0.0
2024-08-22T01:00:00,0.0
2024-08-22T02:00:00,0.0
2024-08-22T03:00:00,0.0
2024-08-22T04:00:00,0.0
2024-08-22T05:00:00,0.0
2024-08-22T06:00:00,4.25
2024-08-22T07:00:00,112.3
2024-08-22T08:00:00,304.88
2024-08-22T09:00:00,546.62
2024-08-22T10:00:00,722.92
2024-08-22T11:00:00,831.38
2024-08-22T12:00:00,880.72
2024-08-22T13:00:00,805.58
2024-08-22T14:00:00,736.6
2024-08-22T15:00:00,557.47
2024-08-22T16:00:00,350.38
2024-08-22T17:00:00,125.32
2024-08-22T18:00:00,3.7
2024-08-22T19:00:00,0.0
2024-08-22T20:00:00,0.0
2024-08-22T21:00:00,0.0
2024-08-22T22:00:00,0.0
2024-08-22T23:00:00,0.0
2024-08-23T00:00:00,0.0
2024-08-23T01:00:00,0.0
2024-08-23T02:00:00,0.0
2024-08-23T03:00:00,0.0
2024-08-23T04:00:00,0.0
2024-08-23T05:00:00,0.0
2024-08-23T06:00:00,5.05
2024-08-23T07:00:00,123.47
2024-08-23T08:00:00,337.77
2024-08-23T09:00:00,540.15
2024-08-23T10:00:00,703.97
2024-08-23T11:00:00,793.42
2024-08-23T12:00:00,866.28
2024-08-23T13:00:00,833.4
2024-08-23T14:00:00,740.05
2024-08-23T15:00:00,545.47
2024-08-23T16:00:00,332.48
2024-08-23T17:00:00,112.05
2024-08-23T18:00:00,3.53
2024-08-23T19:00:00,0.0
2024-08-23T20:00:00,0.0
2024-08-23T21:00:00,0.0
2024-08-23T22:00:00,0.0
2024-08-23T23:00:00,0.0
2024-08-24T00:00:00,0.0
2024-08-24T01:00:00,0.0
2024-08-24T02:00:00,0.0
2024-08-24T03:00:00,0.0
2024-08-24T04:00:00,0.0
2024-08-24T05:00:00,0.0
2024-08-24T06:00:00,4.45
2024-08-24T07:00:00,113.47
2024-08-24T08:00:00,335.8
2024-08-24T09:00:00,519.9
2024-08-24T10:00:00,679.97
2024-08-24T11:00:00,834.47
2024-08-24T12:00:00,858.75
2024-08-24T13:00:00,842.28
2024-08-24T14:00:00,707.97
2024-08-24T15:00:00,551.05
2024-08-24T16:00:00,300.8
2024-08-24T17:00:00,108.45
2024-08-24T18:00:00,3.1
2024-08-24T19:00:00,0.0
2024-08-24T20:00:00,0.0
2024-08-24T21:00:00,0.0
2024-08-24T22:00:00,0.0
2024-08-24T23:00:00,0.0
2024-08-25T00:00:00,0.0
2024-08-25T01:00:00,0.0
2024-08-25T02:00:00,0.0
2024-08-25T03:00:00,0.0
2024-08-25T04:00:00,0.0
2024-08-25T05:00:00,0.0
2024-08-25T06:00:00,5.53
2024-08-25T07:00:00,115.55
2024-08-25T08:00:00,313.4
2024-08-25T09:00:00,523.67
2024-08-25T10:00:00,682.95
2024-08-25T11:00:00,774.05
2024-08-25T12:00:00,788.12
2024-08-25T13:00:00,720.12
2024-08-25T14:00:00,556.7
2024-08-25T15:00:00,504.92
2024-08-25T16:00:00,289.42
2024-08-25T17:00:00,90.07
2024-08-25T18:00:00,2.53
2024-08-25T19:00:00,0.0
2024-08-25T20:00:00,0.0
2024-08-25T21:00:00,0.0
2024-08-25T22:00:00,0.0
2024-08-25T23:00:00,0.0
2024-08-26T00:00:00,0.0
2024-08-26T01:00:00,0.0
2024-08-26T02:00:00,0.0
2024-08-26T03:00:00,0.0
2024-08-26T04:00:00,0.0
2024-08-26T05:00:00,0.0
2024-08-26T06:00:00,4.1
2024-08-26T07:00:00,107.05
2024-08-26T08:00:00,280.92
2024-08-26T09:00:00,465.27
2024-08-26T10:00:00,540.1
2024-08-26T11:00:00,631.85
2024-08-26T12:00:00,601.5
2024-08-26T13:00:00,488.52
2024-08-26T14:00:00,457.15
2024-08-26T15:00:00,408.25
2024-08-26T16:00:00,231.32
2024-08-26T17:00:00,79.68
2024-08-26T18:00:00,3.38
2024-08-26T19:00:00,0.0
2024-08-26T20:00:00,0.0
2024-08-26T21:00:00,0.0
2024-08-26T22:00:00,0.0
2024-08-26T23:00:00,0.0
2024-08-27T00:00:00,0.0
2024-08-27T01:00:00,0.0
2024-08-27T02:00:00,0.0
2024-08-27T03:00:00,0.0
2024-08-27T04:00:00,0.0
2024-08-27T05:00:00,0.0
2024-08-27T06:00:00,6.72
2024-08-27T07:00:00,152.25
2024-08-27T08:00:00,384.17
2024-08-27T09:00:00,601.55
2024-08-27T10:00:00,765.25
2024-08-27T11:00:00,864.58
2024-08-27T12:00:00,909.17
2024-08-27T13:00:00,859.42
2024-08-27T14:00:00,753.97
2024-08-27T15:00:00,573.55
2024-08-27T16:00:00,348.4
2024-08-27T17:00:00,125.15
2024-08-27T18:00:00,3.67
2024-08-27T19:00:00,0.0
2024-08-27T20:00:00,0.0
2024-08-27T21:00:00,0.0
2024-08-27T22:00:00,0.0
2024-08-27T23:00:00,0.0
2024-08-28T00:00:00,0.0
2024-08-28T01:00:00,0.0
2024-08-28T02:00:00,0.0
2024-08-28T03:00:00,0.0
2024-08-28T04:00:00,0.0
2024-08-28T05:00:00,0.0
2024-08-28T06:00:00,6.2
2024-08-28T07:00:00,123.2
2024-08-28T08:00:00,314.2
2024-08-28T09:00:00,561.92
2024-08-28T10:00:00,733.55
2024-08-28T11:00:00,845.97
2024-08-28T12:00:00,870.33
2024-08-28T13:00:00,815.15
2024-08-28T14:00:00,706.53
2024-08-28T15:00:00,551.05
2024-08-28T16:00:00,345.92
2024-08-28T17:00:00,125.53
2024-08-28T18:00:00,3.88
2024-08-28T19:00:00,0.0
2024-08-28T20:00:00,0.0
2024-08-28T21:00:00,0.0
2024-08-28T22:00:00,0.0
2024-08-28T23:00:00,0.0
2024-08-29T00:00:00,0.0
2024-08-29T01:00:00,0.0
2024-08-29T02:00:00,0.0
2024-08-29T03:00:00,0.0
2024-08-29T04:00:00,0.0
2024-08-29T05:00:00,0.0
2024-08-29T06:00:00,7.62
2024-08-29T07:00:00,149.88
2024-08-29T08:00:00,371.73
2024-08-29T09:00:00,572.9
2024-08-29T10:00:00,736.75
2024-08-29T11:00:00,848.3
2024-08-29T12:00:00,895.83
2024-08-29T13:00:00,836.55
2024-08-29T14:00:00,704.53
2024-08-29T15:00:00,531.8
2024-08-29T16:00:00,316.52
2024-08-29T17:00:00,103.4
2024-08-29T18:00:00,3.25
2024-08-29T19:00:00,0.0
2024-08-29T20:00:00,0.0
2024-08-29T21:00:00,0.0
2024-08-29T22:00:00,0.0
2024-08-29T23:00:00,0.0
2024-08-30T00:00:00,0.0
2024-08-30T01:00:00,0.0
2024-08-30T02:00:00,0.0
2024-08-30T03:00:00,0.0
2024-08-30T04:00:00,0.0
2024-08-30T05:00:00,0.0
2024-08-30T06:00:00,4.4
2024-08-30T07:00:00,89.07
2024-08-30T08:00:00,229.02
2024-08-30T09:00:00,387.35
2024-08-30T10:00:00,590.8
2024-08-30T11:00:00,725.12
2024-08-30T12:00:00,633.03
2024-08-30T13:00:00,600.53
2024-08-30T14:00:00,457.42
2024-08-30T15:00:00,418.35
2024-08-30T16:00:00,235.52
2024-08-30T17:00:00,86.07
2024-08-30T18:00:00,2.28
2024-08-30T19:00:00,0.0
2024-08-30T20:00:00,0.0
2024-08-30T21:00:00,0.0
2024-08-30T22:00:00,0.0
2024-08-30T23:00:00,0.0
2024-08-31T00:00:00,0.0
2024-08-31T01:00:00,0.0
2024-08-31T02:00:00,0.0
2024-08-31T03:00:00,0.0
2024-08-31T04:00:00,0.0
2024-08-31T05:00:00,0.0
2024-08-31T06:00:00,4.82
2024-08-31T07:00:00,122.5
2024-08-31T08:00:00,294.35
2024-08-31T09:00:00,493.0
2024-08-31T10:00:00,719.9
2024-08-31T11:00:00,832.03
2024-08-31T12:00:00,870.2
2024-08-31T13:00:00,802.47
2024-08-31T14:00:00,703.9
2024-08-31T15:00:00,531.6
2024-08-31T16:00:00,329.9
2024-08-31T17:00:00,114.57
2024-08-31T18:00:00,3.7
2024-08-31T19:00:00,0.0
2024-08-31T20:00:00,0.0
2024-08-31T21:00:00,0.0
2024-08-31T22:00:00,0.0
2024-08-31T23:00:00,0.0
2024-09-01T00:00:00,0.0
2024-09-01T01:00:00,0.0
2024-09-01T02:00:00,0.0
2024-09-01T03:00:00,0.0
2024-09-01T04:00:00,0.0
2024-09-01T05:00:00,0.0
2024-09-01T06:00:00,8.62
2024-09-01T07:00:00,157.02
2024-09-01T08:00:00,388.12
2024-09-01T09:00:00,598.03
2024-09-01T10:00:00,760.95
2024-09-01T11:00:00,876.8
2024-09-01T12:00:00,915.7
2024-09-01T13:00:00,848.75
2024-09-01T14:00:00,760.17
2024-09-01T15:00:00,582.78
2024-09-01T16:00:00,369.38
2024-09-01T17:00:00,136.23
2024-09-01T18:00:00,4.03
2024-09-01T19:00:00,0.0
2024-09-01T20:00:00,0.0
2024-09-01T21:00:00,0.0
2024-09-01T22:00:00,0.0
2024-09-01T23:00:00,0.0
2024-09-02T00:00:00,0.0
2024-09-02T01:00:00,0.0
2024-09-02T02:00:00,0.0
2024-09-02T03:00:00,0.0
2024-09-02T04:00:00,0.0
2024-09-02T05:00:00,0.0
2024-09-02T06:00:00,9.68
2024-09-02T07:00:00,167.02
2024-09-02T08:00:00,395.4
2024-09-02T09:00:00,615.9
2024-09-02T10:00:00,782.9
2024-09-02T11:00:00,889.75
2024-09-02T12:00:00,923.67
2024-09-02T13:00:00,873.47
2024-09-02T14:00:00,770.55
2024-09-02T15:00:00,590.17
2024-09-02T16:00:00,372.45
2024-09-02T17:00:00,137.88
2024-09-02T18:00:00,4.07
2024-09-02T19:00:00,0.0
2024-09-02T20:00:00,0.0
2024-09-02T21:00:00,0.0
2024-09-02T22:00:00,0.0
2024-09-02T23:00:00,0.0
2024-09-03T00:00:00,0.0
2024-09-03T01:00:00,0.0
2024-09-03T02:00:00,0.0
2024-09-03T03:00:00,0.0
2024-09-03T04:00:00,0.0
2024-09-03T05:00:00,0.0
2024-09-03T06:00:00,10.52
2024-09-03T07:00:00,169.23
2024-09-03T08:00:00,396.45
2024-09-03T09:00:00,602.28
2024-09-03T10:00:00,739.15
2024-09-03T11:00:00,820.55
2024-09-03T12:00:00,889.3
2024-09-03T13:00:00,856.12
2024-09-03T14:00:00,722.55
2024-09-03T15:00:00,533.95
2024-09-03T16:00:00,333.6
2024-09-03T17:00:00,124.72
2024-09-03T18:00:00,3.95
2024-09-03T19:00:00,0.0
2024-09-03T20:00:00,0.0
2024-09-03T21:00:00,0.0
2024-09-03T22:00:00,0.0
2024-09-03T23:00:00,0.0
2024-09-04T00:00:00,0.0
2024-09-04T01:00:00,0.0
2024-09-04T02:00:00,0.0
2024-09-04T03:00:00,0.0
2024-09-04T04:00:00,0.0
2024-09-04T05:00:00,0.0
2024-09-04T06:00:00,10.0
2024-09-04T07:00:00,134.18
2024-09-04T08:00:00,334.58
2024-09-04T09:00:00,523.7
2024-09-04T10:00:00,620.67
2024-09-04T11:00:00,701.78
2024-09-04T12:00:00,687.4
2024-09-04T13:00:00,580.28
2024-09-04T14:00:00,478.6
2024-09-04T15:00:00,346.15
2024-09-04T16:00:00,202.55
2024-09-04T17:00:00,69.47
2024-09-04T18:00:00,2.55
2024-09-04T19:00:00,0.0
2024-09-04T20:00:00,0.0
2024-09-04T21:00:00,0.0
2024-09-04T22:00:00,0.0
2024-09-04T23:00:00,0.0
2024-09-05T00:00:00,0.0
2024-09-05T01:00:00,0.0
2024-09-05T02:00:00,0.0
2024-09-05T03:00:00,0.0
2024-09-05T04:00:00,0.0
2024-09-05T05:00:00,0.0
2024-09-05T06:00:00,8.35
2024-09-05T07:00:00,108.53
2024-09-05T08:00:00,265.08
2024-09-05T09:00:00,429.55
2024-09-05T10:00:00,615.9
2024-09-05T11:00:00,764.25
2024-09-05T12:00:00,838.47
2024-09-05T13:00:00,749.47
2024-09-05T14:00:00,548.0
2024-09-05T15:00:00,440.15
2024-09-05T16:00:00,243.48
2024-09-05T17:00:00,84.57
2024-09-05T18:00:00,2.25
2024-09-05T19:00:00,0.0
2024-09-05T20:00:00,0.0
2024-09-05T21:00:00,0.0
2024-09-05T22:00:00,0.0
2024-09-05T23:00:00,0.0
2024-09-06T00:00:00,0.0
2024-09-06T01:00:00,0.0
2024-09-06T02:00:00,0.0
2024-09-06T03:00:00,0.0
2024-09-06T04:00:00,0.0
2024-09-06T05:00:00,0.0
2024-09-06T06:00:00,7.57
2024-09-06T07:00:00,101.25
2024-09-06T08:00:00,260.5
2024-09-06T09:00:00,438.25
2024-09-06T10:00:00,635.75
2024-09-06T11:00:00,804.88
2024-09-06T12:00:00,776.45
2024-09-06T13:00:00,502.2
2024-09-06T14:00:00,489.1
2024-09-06T15:00:00,395.55
2024-09-06T16:00:00,217.2
2024-09-06T17:00:00,80.85
2024-09-06T18:00:00,2.15
2024-09-06T19:00:00,0.0
2024-09-06T20:00:00,0.0
2024-09-06T21:00:00,0.0
2024-09-06T22:00:00,0.0
2024-09-06T23:00:00,0.0
2024-09-07T00:00:00,0.0
2024-09-07T01:00:00,0.0
2024-09-07T02:00:00,0.0
2024-09-07T03:00:00,0.0
2024-09-07T04:00:00,0.0
2024-09-07T05:00:00,0.0
2024-09-07T06:00:00,7.32
2024-09-07T07:00:00,99.82
2024-09-07T08:00:00,264.92
2024-09-07T09:00:00,424.35
2024-09-07T10:00:00,652.62
2024-09-07T11:00:00,666.83
2024-09-07T12:00:00,764.75
2024-09-07T13:00:00,690.3
2024-09-07T14:00:00,644.53
2024-09-07T15:00:00,485.55
2024-09-07T16:00:00,283.55
2024-09-07T17:00:00,88.4
2024-09-07T18:00:00,3.4
2024-09-07T19:00:00,0.0
2024-09-07T20:00:00,0.0
2024-09-07T21:00:00,0.0
2024-09-07T22:00:00,0.0
2024-09-07T23:00:00,0.0
2024-09-08T00:00:00,0.0
2024-09-08T01:00:00,0.0
2024-09-08T02:00:00,0.0
2024-09-08T03:00:00,0.0
2024-09-08T04:00:00,0.0
2024-09-08T05:00:00,0.0
2024-09-08T06:00:00,13.2
2024-09-08T07:00:00,164.88
2024-09-08T08:00:00,376.2
2024-09-08T09:00:00,602.03
2024-09-08T10:00:00,771.7
2024-09-08T11:00:00,866.65
2024-09-08T12:00:00,927.2
2024-09-08T13:00:00,895.22
2024-09-08T14:00:00,736.78
2024-09-08T15:00:00,592.28
2024-09-08T16:00:00,373.33
2024-09-08T17:00:00,137.12
2024-09-08T18:00:00,4.12
2024-09-08T19:00:00,0.0
2024-09-08T20:00:00,0.0
2024-09-08T21:00:00,0.0
2024-09-08T22:00:00,0.0
2024-09-08T23:00:00,0.0
2024-09-09T00:00:00,0.0
2024-09-09T01:00:00,0.0
2024-09-09T02:00:00,0.0
2024-09-09T03:00:00,0.0
2024-09-09T04:00:00,0.0
2024-09-09T05:00:00,0.0
2024-09-09T06:00:00,13.3
2024-09-09T07:00:00,149.57
2024-09-09T08:00:00,322.12
2024-09-09T09:00:00,519.95
2024-09-09T10:00:00,709.97
2024-09-09T11:00:00,807.72
2024-09-09T12:00:00,852.15
2024-09-09T13:00:00,835.88
2024-09-09T14:00:00,711.92
2024-09-09T15:00:00,550.42
2024-09-09T16:00:00,339.88
2024-09-09T17:00:00,120.03
2024-09-09T18:00:00,3.8
2024-09-09T19:00:00,0.0
2024-09-09T20:00:00,0.0
2024-09-09T21:00:00,0.0
2024-09-09T22:00:00,0.0
2024-09-09T23:00:00,0.0
2024-09-10T00:00:00,0.0
2024-09-10T01:00:00,0.0
2024-09-10T02:00:00,0.0
2024-09-10T03:00:00,0.0
2024-09-10T04:00:00,0.0
2024-09-10T05:00:00,0.0
2024-09-10T06:00:00,14.18
2024-09-10T07:00:00,174.05
2024-09-10T08:00:00,384.2
2024-09-10T09:00:00,603.55
2024-09-10T10:00:00,755.38
2024-09-10T11:00:00,860.55
2024-09-10T12:00:00,876.05
2024-09-10T13:00:00,814.17
2024-09-10T14:00:00,714.42
2024-09-10T15:00:00,543.15
2024-09-10T16:00:00,339.2
2024-09-10T17:00:00,121.82
2024-09-10T18:00:00,3.97
2024-09-10T19:00:00,0.0
2024-09-10T20:00:00,0.0
2024-09-10T21:00:00,0.0
2024-09-10T22:00:00,0.0
2024-09-10T23:00:00,0.0
2024-09-11T00:00:00,0.0
2024-09-11T01:00:00,0.0
2024-09-11T02:00:00,0.0
2024-09-11T03:00:00,0.0
2024-09-11T04:00:00,0.0
2024-09-11T05:00:00,0.0
2024-09-11T06:00:00,15.62
2024-09-11T07:00:00,168.52
2024-09-11T08:00:00,372.1
2024-09-11T09:00:00,583.47
2024-09-11T10:00:00,673.17
2024-09-11T11:00:00,768.35
2024-09-11T12:00:00,830.33
2024-09-11T13:00:00,827.15
2024-09-11T14:00:00,726.42
2024-09-11T15:00:00,545.65
2024-09-11T16:00:00,336.35
2024-09-11T17:00:00,118.05
2024-09-11T18:00:00,4.03
2024-09-11T19:00:00,0.0
2024-09-11T20:00:00,0.0
2024-09-11T21:00:00,0.0
2024-09-11T22:00:00,0.0
2024-09-11T23:00:00,0.0
2024-09-12T00:00:00,0.0
2024-09-12T01:00:00,0.0
2024-09-12T02:00:00,0.0
2024-09-12T03:00:00,0.0
2024-09-12T04:00:00,0.0
2024-09-12T05:00:00,0.0
2024-09-12T06:00:00,14.27
2024-09-12T07:00:00,162.85
2024-09-12T08:00:00,354.95
2024-09-12T09:00:00,608.78
2024-09-12T10:00:00,762.38
2024-09-12T11:00:00,871.65
2024-09-12T12:00:00,882.9
2024-09-12T13:00:00,795.92
2024-09-12T14:00:00,741.45
2024-09-12T15:00:00,563.2
2024-09-12T16:00:00,351.88
2024-09-12T17:00:00,126.05
2024-09-12T18:00:00,4.03
2024-09-12T19:00:00,0.0
2024-09-12T20:00:00,0.0
2024-09-12T21:00:00,0.0
2024-09-12T22:00:00,0.0
2024-09-12T23:00:00,0.0
2024-09-13T00:00:00,0.0
2024-09-13T01:00:00,0.0
2024-09-13T02:00:00,0.0
2024-09-13T03:00:00,0.0
2024-09-13T04:00:00,0.0
2024-09-13T05:00:00,0.0
2024-09-13T06:00:00,17.4
2024-09-13T07:00:00,186.57
2024-09-13T08:00:00,409.42
2024-09-13T09:00:00,600.78
2024-09-13T10:00:00,764.85
2024-09-13T11:00:00,878.17
2024-09-13T12:00:00,924.88
2024-09-13T13:00:00,874.4
2024-09-13T14:00:00,757.33
2024-09-13T15:00:00,557.4
2024-09-13T16:00:00,347.15
2024-09-13T17:00:00,125.1
2024-09-13T18:00:00,4.05
2024-09-13T19:00:00,0.0
2024-09-13T20:00:00,0.0
2024-09-13T21:00:00,0.0
2024-09-13T22:00:00,0.0
2024-09-13T23:00:00,0.0
2024-09-14T00:00:00,0.0
2024-09-14T01:00:00,0.0
2024-09-14T02:00:00,0.0
2024-09-14T03:00:00,0.0
2024-09-14T04:00:00,0.0
2024-09-14T05:00:00,0.0
2024-09-14T06:00:00,17.38
2024-09-14T07:00:00,186.2
2024-09-14T08:00:00,410.58
2024-09-14T09:00:00,603.08
2024-09-14T10:00:00,778.3
2024-09-14T11:00:00,856.15
2024-09-14T12:00:00,858.47
2024-09-14T13:00:00,843.53
2024-09-14T14:00:00,757.15
2024-09-14T15:00:00,588.85
2024-09-14T16:00:00,373.0
2024-09-14T17:00:00,138.75
2024-09-14T18:00:00,4.22
2024-09-14T19:00:00,0.0
2024-09-14T20:00:00,0.0
2024-09-14T21:00:00,0.0
2024-09-14T22:00:00,0.0
2024-09-14T23:00:00,0.0
2024-09-15T00:00:00,0.0
2024-09-15T01:00:00,0.0
2024-09-15T02:00:00,0.0
2024-09-15T03:00:00,0.0
2024-09-15T04:00:00,0.0
2024-09-15T05:00:00,0.0
2024-09-15T06:00:00,19.2
2024-09-15T07:00:00,193.77
2024-09-15T08:00:00,442.42
2024-09-15T09:00:00,628.9
2024-09-15T10:00:00,816.72
2024-09-15T11:00:00,911.5
2024-09-15T12:00:00,944.65
2024-09-15T13:00:00,904.17
2024-09-15T14:00:00,771.65
2024-09-15T15:00:00,595.15
2024-09-15T16:00:00,376.62
2024-09-15T17:00:00,140.57
2024-09-15T18:00:00,4.32
2024-09-15T19:00:00,0.0
2024-09-15T20:00:00,0.0
2024-09-15T21:00:00,0.0
2024-09-15T22:00:00,0.0
2024-09-15T23:00:00,0.0
2024-09-16T00:00:00,0.0
2024-09-16T01:00:00,0.0
2024-09-16T02:00:00,0.0
2024-09-16T03:00:00,0.0
2024-09-16T04:00:00,0.0
2024-09-16T05:00:00,0.0
2024-09-16T06:00:00,19.95
2024-09-16T07:00:00,185.95
2024-09-16T08:00:00,449.9
2024-09-16T09:00:00,633.95
2024-09-16T10:00:00,827.75
2024-09-16T11:00:00,925.15
2024-09-16T12:00:00,939.85
2024-09-16T13:00:00,905.17
2024-09-16T14:00:00,789.53
2024-09-16T15:00:00,608.2
2024-09-16T16:00:00,386.12
2024-09-16T17:00:00,147.2
2024-09-16T18:00:00,4.53
2024-09-16T19:00:00,0.0
2024-09-16T20:00:00,0.0
2024-09-16T21:00:00,0.0
2024-09-16T22:00:00,0.0
2024-09-16T23:00:00,0.0
2024-09-17T00:00:00,0.0
2024-09-17T01:00:00,0.0
2024-09-17T02:00:00,0.0
2024-09-17T03:00:00,0.0
2024-09-17T04:00:00,0.0
2024-09-17T05:00:00,0.0
2024-09-17T06:00:00,23.58
2024-09-17T07:00:00,225.25
2024-09-17T08:00:00,465.45
2024-09-17T09:00:00,675.35
2024-09-17T10:00:00,841.7
2024-09-17T11:00:00,942.03
2024-09-17T12:00:00,955.47
2024-09-17T13:00:00,905.0
2024-09-17T14:00:00,801.25
2024-09-17T15:00:00,612.88
2024-09-17T16:00:00,376.1
2024-09-17T17:00:00,130.02
2024-09-17T18:00:00,3.6
2024-09-17T19:00:00,0.0
2024-09-17T20:00:00,0.0
2024-09-17T21:00:00,0.0
2024-09-17T22:00:00,0.0
2024-09-17T23:00:00,0.0
2024-09-18T00:00:00,0.0
2024-09-18T01:00:00,0.0
2024-09-18T02:00:00,0.0
2024-09-18T03:00:00,0.0
2024-09-18T04:00:00,0.0
2024-09-18T05:00:00,0.0
2024-09-18T06:00:00,19.27
2024-09-18T07:00:00,161.9
2024-09-18T08:00:00,374.67
2024-09-18T09:00:00,571.75
2024-09-18T10:00:00,739.8
2024-09-18T11:00:00,806.03
2024-09-18T12:00:00,866.4
2024-09-18T13:00:00,805.95
2024-09-18T14:00:00,655.08
2024-09-18T15:00:00,498.5
2024-09-18T16:00:00,270.85
2024-09-18T17:00:00,90.7
2024-09-18T18:00:00,3.12
2024-09-18T19:00:00,0.0
2024-09-18T20:00:00,0.0
2024-09-18T21:00:00,0.0
2024-09-18T22:00:00,0.0
2024-09-18T23:00:00,0.0
2024-09-19T00:00:00,0.0
2024-09-19T01:00:00,0.0
2024-09-19T02:00:00,0.0
2024-09-19T03:00:00,0.0
2024-09-19T04:00:00,0.0
2024-09-19T05:00:00,0.0
2024-09-19T06:00:00,22.98
2024-09-19T07:00:00,212.7
2024-09-19T08:00:00,463.95
2024-09-19T09:00:00,673.97
2024-09-19T10:00:00,846.3
2024-09-19T11:00:00,934.62
2024-09-19T12:00:00,964.92
2024-09-19T13:00:00,916.53
2024-09-19T14:00:00,798.55
2024-09-19T15:00:00,590.9
2024-09-19T16:00:00,365.98
2024-09-19T17:00:00,138.12
2024-09-19T18:00:00,4.32
2024-09-19T19:00:00,0.0
2024-09-19T20:00:00,0.0
2024-09-19T21:00:00,0.0
2024-09-19T22:00:00,0.0
2024-09-19T23:00:00,0.0
2024-09-20T00:00:00,0.0
2024-09-20T01:00:00,0.0
2024-09-20T02:00:00,0.0
2024-09-20T03:00:00,0.0
2024-09-20T04:00:00,0.0
2024-09-20T05:00:00,0.0
2024-09-20T06:00:00,22.77
2024-09-20T07:00:00,178.43
2024-09-20T08:00:00,401.08
2024-09-20T09:00:00,596.15
2024-09-20T10:00:00,789.4
2024-09-20T11:00:00,899.92
2024-09-20T12:00:00,943.5
2024-09-20T13:00:00,889.08
2024-09-20T14:00:00,769.97
2024-09-20T15:00:00,585.83
2024-09-20T16:00:00,368.52
2024-09-20T17:00:00,135.73
2024-09-20T18:00:00,4.38
2024-09-20T19:00:00,0.0
2024-09-20T20:00:00,0.0
2024-09-20T21:00:00,0.0
2024-09-20T22:00:00,0.0
2024-09-20T23:00:00,0.0
2024-09-21T00:00:00,0.0
2024-09-21T01:00:00,0.0
2024-09-21T02:00:00,0.0
2024-09-21T03:00:00,0.0
2024-09-21T04:00:00,0.0
2024-09-21T05:00:00,0.0
2024-09-21T06:00:00,21.77
2024-09-21T07:00:00,156.75
2024-09-21T08:00:00,388.27
2024-09-21T09:00:00,559.85
2024-09-21T10:00:00,719.35
2024-09-21T11:00:00,801.72
2024-09-21T12:00:00,860.72
2024-09-21T13:00:00,808.25
2024-09-21T14:00:00,691.65
2024-09-21T15:00:00,547.08
2024-09-21T16:00:00,328.25
2024-09-21T17:00:00,116.3
2024-09-21T18:00:00,3.85
2024-09-21T19:00:00,0.0
2024-09-21T20:00:00,0.0
2024-09-21T21:00:00,0.0
2024-09-21T22:00:00,0.0
2024-09-21T23:00:00,0.0
2024-09-22T00:00:00,0.0
2024-09-22T01:00:00,0.0
2024-09-22T02:00:00,0.0
2024-09-22T03:00:00,0.0
2024-09-22T04:00:00,0.0
2024-09-22T05:00:00,0.0
2024-09-22T06:00:00,24.85
2024-09-22T07:00:00,190.82
2024-09-22T08:00:00,401.4
2024-09-22T09:00:00,599.0
2024-09-22T10:00:00,658.83
2024-09-22T11:00:00,842.97
2024-09-22T12:00:00,898.62
2024-09-22T13:00:00,845.88
2024-09-22T14:00:00,753.12
2024-09-22T15:00:00,566.33
2024-09-22T16:00:00,337.77
2024-09-22T17:00:00,113.32
2024-09-22T18:00:00,3.95
2024-09-22T19:00:00,0.0
2024-09-22T20:00:00,0.0
2024-09-22T21:00:00,0.0
2024-09-22T22:00:00,0.0
2024-09-22T23:00:00,0.0
2024-09-23T00:00:00,0.0
2024-09-23T01:00:00,0.0
2024-09-23T02:00:00,0.0
2024-09-23T03:00:00,0.0
2024-09-23T04:00:00,0.0
2024-09-23T05:00:00,0.0
2024-09-23T06:00:00,25.8
2024-09-23T07:00:00,205.2
2024-09-23T08:00:00,426.55
2024-09-23T09:00:00,631.08
2024-09-23T10:00:00,758.7
2024-09-23T11:00:00,894.67
2024-09-23T12:00:00,834.22
2024-09-23T13:00:00,790.53
2024-09-23T14:00:00,694.62
2024-09-23T15:00:00,559.0
2024-09-23T16:00:00,343.55
2024-09-23T17:00:00,123.82
2024-09-23T18:00:00,4.25
2024-09-23T19:00:00,0.0
2024-09-23T20:00:00,0.0
2024-09-23T21:00:00,0.0
2024-09-23T22:00:00,0.0
2024-09-23T23:00:00,0.0
2024-09-24T00:00:00,0.0
2024-09-24T01:00:00,0.0
2024-09-24T02:00:00,0.0
2024-09-24T03:00:00,0.0
2024-09-24T04:00:00,0.0
2024-09-24T05:00:00,0.0
2024-09-24T06:00:00,23.2
2024-09-24T07:00:00,185.3
2024-09-24T08:00:00,451.77
2024-09-24T09:00:00,638.78
2024-09-24T10:00:00,721.15
2024-09-24T11:00:00,866.38
2024-09-24T12:00:00,867.12
2024-09-24T13:00:00,804.25
2024-09-24T14:00:00,617.83
2024-09-24T15:00:00,540.12
2024-09-24T16:00:00,308.4
2024-09-24T17:00:00,105.75
2024-09-24T18:00:00,3.83
2024-09-24T19:00:00,0.0
2024-09-24T20:00:00,0.0
2024-09-24T21:00:00,0.0
2024-09-24T22:00:00,0.0
2024-09-24T23:00:00,0.0
2024-09-25T00:00:00,0.0
2024-09-25T01:00:00,0.0
2024-09-25T02:00:00,0.0
2024-09-25T03:00:00,0.0
2024-09-25T04:00:00,0.0
2024-09-25T05:00:00,0.0
2024-09-25T06:00:00,19.4
2024-09-25T07:00:00,142.43
2024-09-25T08:00:00,330.83
2024-09-25T09:00:00,446.8
2024-09-25T10:00:00,545.55
2024-09-25T11:00:00,615.25
2024-09-25T12:00:00,675.3
2024-09-25T13:00:00,686.12
2024-09-25T14:00:00,557.05
2024-09-25T15:00:00,409.17
2024-09-25T16:00:00,230.25
2024-09-25T17:00:00,81.68
2024-09-25T18:00:00,3.17
2024-09-25T19:00:00,0.0
2024-09-25T20:00:00,0.0
2024-09-25T21:00:00,0.0
2024-09-25T22:00:00,0.0
2024-09-25T23:00:00,0.0
2024-09-26T00:00:00,0.0
2024-09-26T01:00:00,0.0
2024-09-26T02:00:00,0.0
2024-09-26T03:00:00,0.0
2024-09-26T04:00:00,0.0
2024-09-26T05:00:00,0.0
2024-09-26T06:00:00,18.7
2024-09-26T07:00:00,137.7
2024-09-26T08:00:00,286.08
2024-09-26T09:00:00,476.4
2024-09-26T10:00:00,560.58
2024-09-26T11:00:00,598.83
2024-09-26T12:00:00,617.25
2024-09-26T13:00:00,614.28
2024-09-26T14:00:00,488.75
2024-09-26T15:00:00,285.25
2024-09-26T16:00:00,169.55
2024-09-26T17:00:00,60.45
2024-09-26T18:00:00,2.05
2024-09-26T19:00:00,0.0
2024-09-26T20:00:00,0.0
2024-09-26T21:00:00,0.0
2024-09-26T22:00:00,0.0
2024-09-26T23:00:00,0.0
2024-09-27T00:00:00,0.0
2024-09-27T01:00:00,0.0
2024-09-27T02:00:00,0.0
2024-09-27T03:00:00,0.0
2024-09-27T04:00:00,0.0
2024-09-27T05:00:00,0.0
2024-09-27T06:00:00,24.35
2024-09-27T07:00:00,199.82
2024-09-27T08:00:00,441.58
2024-09-27T09:00:00,649.6
2024-09-27T10:00:00,824.05
2024-09-27T11:00:00,928.47
2024-09-27T12:00:00,929.53
2024-09-27T13:00:00,812.8
2024-09-27T14:00:00,723.42
2024-09-27T15:00:00,554.1
2024-09-27T16:00:00,323.42
2024-09-27T17:00:00,110.45
2024-09-27T18:00:00,3.78
2024-09-27T19:00:00,0.0
2024-09-27T20:00:00,0.0
2024-09-27T21:00:00,0.0
2024-09-27T22:00:00,0.0
2024-09-27T23:00:00,0.0
2024-09-28T00:00:00,0.0
2024-09-28T01:00:00,0.0
2024-09-28T02:00:00,0.0
2024-09-28T03:00:00,0.0
2024-09-28T04:00:00,0.0
2024-09-28T05:00:00,0.0
2024-09-28T06:00:00,31.45
2024-09-28T07:00:00,226.15
2024-09-28T08:00:00,458.42
2024-09-28T09:00:00,649.4
2024-09-28T10:00:00,800.72
2024-09-28T11:00:00,909.95
2024-09-28T12:00:00,946.95
2024-09-28T13:00:00,908.17
2024-09-28T14:00:00,778.9
2024-09-28T15:00:00,584.85
2024-09-28T16:00:00,360.3
2024-09-28T17:00:00,129.1
2024-09-28T18:00:00,3.95
2024-09-28T19:00:00,0.0
2024-09-28T20:00:00,0.0
2024-09-28T21:00:00,0.0
2024-09-28T22:00:00,0.0
2024-09-28T23:00:00,0.0
2024-09-29T00:00:00,0.0
2024-09-29T01:00:00,0.0
2024-09-29T02:00:00,0.0
2024-09-29T03:00:00,0.0
2024-09-29T04:00:00,0.0
2024-09-29T05:00:00,0.0
2024-09-29T06:00:00,19.38
2024-09-29T07:00:00,147.73
2024-09-29T08:00:00,310.23
2024-09-29T09:00:00,430.3
2024-09-29T10:00:00,499.62
2024-09-29T11:00:00,661.2
2024-09-29T12:00:00,684.95
2024-09-29T13:00:00,657.58
2024-09-29T14:00:00,595.28
2024-09-29T15:00:00,417.88
2024-09-29T16:00:00,232.2
2024-09-29T17:00:00,85.0
2024-09-29T18:00:00,2.72
2024-09-29T19:00:00,0.0
2024-09-29T20:00:00,0.0
2024-09-29T21:00:00,0.0
2024-09-29T22:00:00,0.0
2024-09-29T23:00:00,0.0
2024-09-30T00:00:00,0.0
2024-09-30T01:00:00,0.0
2024-09-30T02:00:00,0.0
2024-09-30T03:00:00,0.0
2024-09-30T04:00:00,0.0
2024-09-30T05:00:00,0.0
2024-09-30T06:00:00,13.93
2024-09-30T07:00:00,90.45
2024-09-30T08:00:00,127.47
2024-09-30T09:00:00,205.77
2024-09-30T10:00:00,191.98
2024-09-30T11:00:00,128.48
2024-09-30T12:00:00,167.38
2024-09-30T13:00:00,160.5
2024-09-30T14:00:00,143.02
2024-09-30T15:00:00,107.68
2024-09-30T16:00:00,70.57
2024-09-30T17:00:00,11.5
2024-09-30T18:00:00,1.6
2024-09-30T19:00:00,0.0
2024-09-30T20:00:00,0.0
2024-09-30T21:00:00,0.0
2024-09-30T22:00:00,0.0
2024-09-30T23:00:00,0.0
2024-10-01T00:00:00,0.0
2024-10-01T01:00:00,0.0
2024-10-01T02:00:00,0.0
2024-10-01T03:00:00,0.0
2024-10-01T04:00:00,0.0
2024-10-01T05:00:00,0.0
2024-10-01T06:00:00,18.9
2024-10-01T07:00:00,142.05
2024-10-01T08:00:00,294.15
2024-10-01T09:00:00,551.62
2024-10-01T10:00:00,694.47
2024-10-01T11:00:00,846.85
2024-10-01T12:00:00,881.47
2024-10-01T13:00:00,813.17
2024-10-01T14:00:00,593.62
2024-10-01T15:00:00,472.3
2024-10-01T16:00:00,282.48
2024-10-01T17:00:00,99.28
2024-10-01T18:00:00,3.22
2024-10-01T19:00:00,0.0
2024-10-01T20:00:00,0.0
2024-10-01T21:00:00,0.0
2024-10-01T22:00:00,0.0
2024-10-01T23:00:00,0.0
2024-10-02T00:00:00,0.0
2024-10-02T01:00:00,0.0
2024-10-02T02:00:00,0.0
2024-10-02T03:00:00,0.0
2024-10-02T04:00:00,0.0
2024-10-02T05:00:00,0.0
2024-10-02T06:00:00,39.72
2024-10-02T07:00:00,249.57
2024-10-02T08:00:00,485.02
2024-10-02T09:00:00,686.22
2024-10-02T10:00:00,843.65
2024-10-02T11:00:00,924.85
2024-10-02T12:00:00,939.58
2024-10-02T13:00:00,862.78
2024-10-02T14:00:00,753.75
2024-10-02T15:00:00,574.75
2024-10-02T16:00:00,345.4
2024-10-02T17:00:00,129.65
2024-10-02T18:00:00,4.12
2024-10-02T19:00:00,0.0
2024-10-02T20:00:00,0.0
2024-10-02T21:00:00,0.0
2024-10-02T22:00:00,0.0
2024-10-02T23:00:00,0.0
2024-10-03T00:00:00,0.0
2024-10-03T01:00:00,0.0
2024-10-03T02:00:00,0.0
2024-10-03T03:00:00,0.0
2024-10-03T04:00:00,0.0
2024-10-03T05:00:00,0.0
2024-10-03T06:00:00,29.45
2024-10-03T07:00:00,171.68
2024-10-03T08:00:00,403.7
2024-10-03T09:00:00,614.62
2024-10-03T10:00:00,746.85
2024-10-03T11:00:00,888.85
2024-10-03T12:00:00,922.45
2024-10-03T13:00:00,859.83
2024-10-03T14:00:00,739.03
2024-10-03T15:00:00,560.35
2024-10-03T16:00:00,349.9
2024-10-03T17:00:00,130.45
2024-10-03T18:00:00,4.3
2024-10-03T19:00:00,0.0
2024-10-03T20:00:00,0.0
2024-10-03T21:00:00,0.0
2024-10-03T22:00:00,0.0
2024-10-03T23:00:00,0.0
2024-10-04T00:00:00,0.0
2024-10-04T01:00:00,0.0
2024-10-04T02:00:00,0.0
2024-10-04T03:00:00,0.0
2024-10-04T04:00:00,0.0
2024-10-04T05:00:00,0.0
2024-10-04T06:00:00,38.08
2024-10-04T07:00:00,226.05
2024-10-04T08:00:00,482.62
2024-10-04T09:00:00,678.55
2024-10-04T10:00:00,819.28
2024-10-04T11:00:00,909.95
2024-10-04T12:00:00,942.6
2024-10-04T13:00:00,888.08
2024-10-04T14:00:00,764.58
2024-10-04T15:00:00,577.35
2024-10-04T16:00:00,354.88
2024-10-04T17:00:00,128.98
2024-10-04T18:00:00,4.03
2024-10-04T19:00:00,0.0
2024-10-04T20:00:00,0.0
2024-10-04T21:00:00,0.0
2024-10-04T22:00:00,0.0
2024-10-04T23:00:00,0.0
2024-10-05T00:00:00,0.0
2024-10-05T01:00:00,0.0
2024-10-05T02:00:00,0.0
2024-10-05T03:00:00,0.0
2024-10-05T04:00:00,0.0
2024-10-05T05:00:00,0.0
2024-10-05T06:00:00,40.08
2024-10-05T07:00:00,223.57
2024-10-05T08:00:00,473.45
2024-10-05T09:00:00,689.53
2024-10-05T10:00:00,830.42
2024-10-05T11:00:00,919.9
2024-10-05T12:00:00,954.85
2024-10-05T13:00:00,834.55
2024-10-05T14:00:00,714.65
2024-10-05T15:00:00,509.92
2024-10-05T16:00:00,303.15
2024-10-05T17:00:00,99.85
2024-10-05T18:00:00,3.35
2024-10-05T19:00:00,0.0
2024-10-05T20:00:00,0.0
2024-10-05T21:00:00,0.0
2024-10-05T22:00:00,0.0
2024-10-05T23:00:00,0.0
2024-10-06T00:00:00,0.0
2024-10-06T01:00:00,0.0
2024-10-06T02:00:00,0.0
2024-10-06T03:00:00,0.0
2024-10-06T04:00:00,0.0
2024-10-06T05:00:00,0.0
2024-10-06T06:00:00,25.98
2024-10-06T07:00:00,169.73
2024-10-06T08:00:00,379.52
2024-10-06T09:00:00,555.72
2024-10-06T10:00:00,684.25
2024-10-06T11:00:00,723.85
2024-10-06T12:00:00,596.75
2024-10-06T13:00:00,484.12
2024-10-06T14:00:00,337.58
2024-10-06T15:00:00,246.6
2024-10-06T16:00:00,145.7
2024-10-06T17:00:00,44.5
2024-10-06T18:00:00,1.92
2024-10-06T19:00:00,0.0
2024-10-06T20:00:00,0.0
2024-10-06T21:00:00,0.0
2024-10-06T22:00:00,0.0
2024-10-06T23:00:00,0.0
2024-10-07T00:00:00,0.0
2024-10-07T01:00:00,0.0
2024-10-07T02:00:00,0.0
2024-10-07T03:00:00,0.0
2024-10-07T04:00:00,0.0
2024-10-07T05:00:00,0.0
2024-10-07T06:00:00,21.5
2024-10-07T07:00:00,136.77
2024-10-07T08:00:00,286.7
2024-10-07T09:00:00,400.88
2024-10-07T10:00:00,425.58
2024-10-07T11:00:00,525.08
2024-10-07T12:00:00,530.88
2024-10-07T13:00:00,534.42
2024-10-07T14:00:00,404.08
2024-10-07T15:00:00,305.42
2024-10-07T16:00:00,186.43
2024-10-07T17:00:00,74.47
2024-10-07T18:00:00,2.83
2024-10-07T19:00:00,0.0
2024-10-07T20:00:00,0.0
2024-10-07T21:00:00,0.0
2024-10-07T22:00:00,0.0
2024-10-07T23:00:00,0.0
2024-10-08T00:00:00,0.0
2024-10-08T01:00:00,0.0
2024-10-08T02:00:00,0.0
2024-10-08T03:00:00,0.0
2024-10-08T04:00:00,0.0
2024-10-08T05:00:00,0.0
2024-10-08T06:00:00,21.42
2024-10-08T07:00:00,131.8
2024-10-08T08:00:00,277.23
2024-10-08T09:00:00,445.6
2024-10-08T10:00:00,570.45
2024-10-08T11:00:00,603.47
2024-10-08T12:00:00,575.03
2024-10-08T13:00:00,663.65
2024-10-08T14:00:00,557.8
2024-10-08T15:00:00,400.4
2024-10-08T16:00:00,231.95
2024-10-08T17:00:00,90.0
2024-10-08T18:00:00,3.38
2024-10-08T19:00:00,0.0
2024-10-08T20:00:00,0.0
2024-10-08T21:00:00,0.0
2024-10-08T22:00:00,0.0
2024-10-08T23:00:00,0.0
2024-10-09T00:00:00,0.0
2024-10-09T01:00:00,0.0
2024-10-09T02:00:00,0.0
2024-10-09T03:00:00,0.0
2024-10-09T04:00:00,0.0
2024-10-09T05:00:00,0.0
2024-10-09T06:00:00,38.72
2024-10-09T07:00:00,223.27
2024-10-09T08:00:00,457.88
2024-10-09T09:00:00,643.28
2024-10-09T10:00:00,744.25
2024-10-09T11:00:00,884.45
2024-10-09T12:00:00,971.12
2024-10-09T13:00:00,895.53
2024-10-09T14:00:00,790.25
2024-10-09T15:00:00,590.3
2024-10-09T16:00:00,361.88
2024-10-09T17:00:00,131.23
2024-10-09T18:00:00,3.78
2024-10-09T19:00:00,0.0
2024-10-09T20:00:00,0.0
2024-10-09T21:00:00,0.0
2024-10-09T22:00:00,0.0
2024-10-09T23:00:00,0.0
2024-10-10T00:00:00,0.0
2024-10-10T01:00:00,0.0
2024-10-10T02:00:00,0.0
2024-10-10T03:00:00,0.0
2024-10-10T04:00:00,0.0
2024-10-10T05:00:00,0.0
2024-10-10T06:00:00,38.38
2024-10-10T07:00:00,189.05
2024-10-10T08:00:00,383.62
2024-10-10T09:00:00,584.78
2024-10-10T10:00:00,745.35
2024-10-10T11:00:00,917.7
2024-10-10T12:00:00,961.08
2024-10-10T13:00:00,910.05
2024-10-10T14:00:00,729.7
2024-10-10T15:00:00,543.4
2024-10-10T16:00:00,319.5
2024-10-10T17:00:00,117.4
2024-10-10T18:00:00,3.92
2024-10-10T19:00:00,0.0
2024-10-10T20:00:00,0.0
2024-10-10T21:00:00,0.0
2024-10-10T22:00:00,0.0
2024-10-10T23:00:00,0.0
2024-10-11T00:00:00,0.0
2024-10-11T01:00:00,0.0
2024-10-11T02:00:00,0.0
2024-10-11T03:00:00,0.0
2024-10-11T04:00:00,0.0
2024-10-11T05:00:00,0.0
2024-10-11T06:00:00,53.03
2024-10-11T07:00:00,250.27
2024-10-11T08:00:00,500.35
2024-10-11T09:00:00,706.42
2024-10-11T10:00:00,861.95
2024-10-11T11:00:00,946.78
2024-10-11T12:00:00,952.45
2024-10-11T13:00:00,909.33
2024-10-11T14:00:00,790.83
2024-10-11T15:00:00,591.1
2024-10-11T16:00:00,362.9
2024-10-11T17:00:00,134.6
2024-10-11T18:00:00,4.53
2024-10-11T19:00:00,0.0
2024-10-11T20:00:00,0.0
2024-10-11T21:00:00,0.0
2024-10-11T22:00:00,0.0
2024-10-11T23:00:00,0.0
2024-10-12T00:00:00,0.0
2024-10-12T01:00:00,0.0
2024-10-12T02:00:00,0.0
2024-10-12T03:00:00,0.0
2024-10-12T04:00:00,0.0
2024-10-12T05:00:00,0.0
2024-10-12T06:00:00,50.05
2024-10-12T07:00:00,234.68
2024-10-12T08:00:00,497.2
2024-10-12T09:00:00,713.2
2024-10-12T10:00:00,853.85
2024-10-12T11:00:00,928.42
2024-10-12T12:00:00,945.7
2024-10-12T13:00:00,898.33
2024-10-12T14:00:00,720.62
2024-10-12T15:00:00,568.35
2024-10-12T16:00:00,344.12
2024-10-12T17:00:00,116.8
2024-10-12T18:00:00,3.53
2024-10-12T19:00:00,0.0
2024-10-12T20:00:00,0.0
2024-10-12T21:00:00,0.0
2024-10-12T22:00:00,0.0
2024-10-12T23:00:00,0.0
2024-10-13T00:00:00,0.0
2024-10-13T01:00:00,0.0
2024-10-13T02:00:00,0.0
2024-10-13T03:00:00,0.0
2024-10-13T04:00:00,0.0
2024-10-13T05:00:00,0.0
2024-10-13T06:00:00,50.12
2024-10-13T07:00:00,271.98
2024-10-13T08:00:00,513.5
2024-10-13T09:00:00,687.17
2024-10-13T10:00:00,801.47
2024-10-13T11:00:00,902.72
2024-10-13T12:00:00,884.4
2024-10-13T13:00:00,853.67
2024-10-13T14:00:00,727.9
2024-10-13T15:00:00,577.38
2024-10-13T16:00:00,356.85
2024-10-13T17:00:00,122.68
2024-10-13T18:00:00,4.65
2024-10-13T19:00:00,0.0
2024-10-13T20:00:00,0.0
2024-10-13T21:00:00,0.0
2024-10-13T22:00:00,0.0
2024-10-13T23:00:00,0.0
2024-10-14T00:00:00,0.0
2024-10-14T01:00:00,0.0
2024-10-14T02:00:00,0.0
2024-10-14T03:00:00,0.0
2024-10-14T04:00:00,0.0
2024-10-14T05:00:00,0.0
2024-10-14T06:00:00,49.08
2024-10-14T07:00:00,236.25
2024-10-14T08:00:00,463.55
2024-10-14T09:00:00,644.9
2024-10-14T10:00:00,786.8
2024-10-14T11:00:00,857.17
2024-10-14T12:00:00,922.08
2024-10-14T13:00:00,824.95
2024-10-14T14:00:00,695.8
2024-10-14T15:00:00,500.4
2024-10-14T16:00:00,281.73
2024-10-14T17:00:00,97.88
2024-10-14T18:00:00,3.67
2024-10-14T19:00:00,0.0
2024-10-14T20:00:00,0.0
2024-10-14T21:00:00,0.0
2024-10-14T22:00:00,0.0
2024-10-14T23:00:00,0.0
2024-10-15T00:00:00,0.0
2024-10-15T01:00:00,0.0
2024-10-15T02:00:00,0.0
2024-10-15T03:00:00,0.0
2024-10-15T04:00:00,0.0
2024-10-15T05:00:00,0.0
2024-10-15T06:00:00,40.17
2024-10-15T07:00:00,227.62
2024-10-15T08:00:00,461.73
2024-10-15T09:00:00,663.3
2024-10-15T10:00:00,859.33
2024-10-15T11:00:00,915.22
2024-10-15T12:00:00,898.83
2024-10-15T13:00:00,879.1
2024-10-15T14:00:00,731.72
2024-10-15T15:00:00,552.55
2024-10-15T16:00:00,333.5
2024-10-15T17:00:00,116.85
2024-10-15T18:00:00,4.7
2024-10-15T19:00:00,0.0
2024-10-15T20:00:00,0.0
2024-10-15T21:00:00,0.0
2024-10-15T22:00:00,0.0
2024-10-15T23:00:00,0.0
2024-10-16T00:00:00,0.0
2024-10-16T01:00:00,0.0
2024-10-16T02:00:00,0.0
2024-10-16T03:00:00,0.0
2024-10-16T04:00:00,0.0
2024-10-16T05:00:00,0.0
2024-10-16T06:00:00,53.03
2024-10-16T07:00:00,256.67
2024-10-16T08:00:00,499.83
2024-10-16T09:00:00,711.6
2024-10-16T10:00:00,830.88
2024-10-16T11:00:00,908.75
2024-10-16T12:00:00,792.6
2024-10-16T13:00:00,652.3
2024-10-16T14:00:00,520.6
2024-10-16T15:00:00,420.33
2024-10-16T16:00:00,252.35
2024-10-16T17:00:00,97.7
2024-10-16T18:00:00,3.75
2024-10-16T19:00:00,0.0
2024-10-16T20:00:00,0.0
2024-10-16T21:00:00,0.0
2024-10-16T22:00:00,0.0
2024-10-16T23:00:00,0.0
2024-10-17T00:00:00,0.0
2024-10-17T01:00:00,0.0
2024-10-17T02:00:00,0.0
2024-10-17T03:00:00,0.0
2024-10-17T04:00:00,0.0
2024-10-17T05:00:00,0.0
2024-10-17T06:00:00,27.27
2024-10-17T07:00:00,122.03
2024-10-17T08:00:00,48.03
2024-10-17T09:00:00,113.03
2024-10-17T10:00:00,153.52
2024-10-17T11:00:00,232.48
2024-10-17T12:00:00,172.4
2024-10-17T13:00:00,252.77
2024-10-17T14:00:00,214.27
2024-10-17T15:00:00,141.18
2024-10-17T16:00:00,85.82
2024-10-17T17:00:00,39.75
2024-10-17T18:00:00,2.08
2024-10-17T19:00:00,0.0
2024-10-17T20:00:00,0.0
2024-10-17T21:00:00,0.0
2024-10-17T22:00:00,0.0
2024-10-17T23:00:00,0.0
2024-10-18T00:00:00,0.0
2024-10-18T01:00:00,0.0
2024-10-18T02:00:00,0.0
2024-10-18T03:00:00,0.0
2024-10-18T04:00:00,0.0
2024-10-18T05:00:00,0.0
2024-10-18T06:00:00,48.2
2024-10-18T07:00:00,204.62
2024-10-18T08:00:00,410.52
2024-10-18T09:00:00,513.28
2024-10-18T10:00:00,687.8
2024-10-18T11:00:00,855.88
2024-10-18T12:00:00,832.85
2024-10-18T13:00:00,821.9
2024-10-18T14:00:00,587.97
2024-10-18T15:00:00,434.1
2024-10-18T16:00:00,265.12
2024-10-18T17:00:00,95.35
2024-10-18T18:00:00,4.5
2024-10-18T19:00:00,0.0
2024-10-18T20:00:00,0.0
2024-10-18T21:00:00,0.0
2024-10-18T22:00:00,0.0
2024-10-18T23:00:00,0.0
2024-10-19T00:00:00,0.0
2024-10-19T01:00:00,0.0
2024-10-19T02:00:00,0.0
2024-10-19T03:00:00,0.0
2024-10-19T04:00:00,0.0
2024-10-19T05:00:00,0.0
2024-10-19T06:00:00,59.42
2024-10-19T07:00:00,283.8
2024-10-19T08:00:00,534.9
2024-10-19T09:00:00,727.15
2024-10-19T10:00:00,892.88
2024-10-19T11:00:00,954.25
2024-10-19T12:00:00,985.05
2024-10-19T13:00:00,865.25
2024-10-19T14:00:00,777.45
2024-10-19T15:00:00,580.5
2024-10-19T16:00:00,334.73
2024-10-19T17:00:00,120.75
2024-10-19T18:00:00,5.03
2024-10-19T19:00:00,0.0
2024-10-19T20:00:00,0.0
2024-10-19T21:00:00,0.0
2024-10-19T22:00:00,0.0
2024-10-19T23:00:00,0.0
2024-10-20T00:00:00,0.0
2024-10-20T01:00:00,0.0
2024-10-20T02:00:00,0.0
2024-10-20T03:00:00,0.0
2024-10-20T04:00:00,0.0
2024-10-20T05:00:00,0.0
2024-10-20T06:00:00,72.88
2024-10-20T07:00:00,310.9
2024-10-20T08:00:00,555.35
2024-10-20T09:00:00,759.12
2024-10-20T10:00:00,911.95
2024-10-20T11:00:00,997.17
2024-10-20T12:00:00,983.1
2024-10-20T13:00:00,934.55
2024-10-20T14:00:00,786.4
2024-10-20T15:00:00,588.8
2024-10-20T16:00:00,351.35
2024-10-20T17:00:00,132.98
2024-10-20T18:00:00,5.38
2024-10-20T19:00:00,0.0
2024-10-20T20:00:00,0.0
2024-10-20T21:00:00,0.0
2024-10-20T22:00:00,0.0
2024-10-20T23:00:00,0.0
2024-10-21T00:00:00,0.0
2024-10-21T01:00:00,0.0
2024-10-21T02:00:00,0.0
2024-10-21T03:00:00,0.0
2024-10-21T04:00:00,0.0
2024-10-21T05:00:00,0.0
2024-10-21T06:00:00,74.78
2024-10-21T07:00:00,316.5
2024-10-21T08:00:00,565.4
2024-10-21T09:00:00,776.65
2024-10-21T10:00:00,933.92
2024-10-21T11:00:00,1022.88
2024-10-21T12:00:00,1030.55
2024-10-21T13:00:00,953.85
2024-10-21T14:00:00,821.95
2024-10-21T15:00:00,621.67
2024-10-21T16:00:00,387.55
2024-10-21T17:00:00,150.07
2024-10-21T18:00:00,5.62
2024-10-21T19:00:00,0.0
2024-10-21T20:00:00,0.0
2024-10-21T21:00:00,0.0
2024-10-21T22:00:00,0.0
2024-10-21T23:00:00,0.0
2024-10-22T00:00:00,0.0
2024-10-22T01:00:00,0.0
2024-10-22T02:00:00,0.0
2024-10-22T03:00:00,0.0
2024-10-22T04:00:00,0.0
2024-10-22T05:00:00,0.0
2024-10-22T06:00:00,40.55
2024-10-22T07:00:00,142.23
2024-10-22T08:00:00,312.05
2024-10-22T09:00:00,379.83
2024-10-22T10:00:00,403.67
2024-10-22T11:00:00,602.9
2024-10-22T12:00:00,627.85
2024-10-22T13:00:00,646.8
2024-10-22T14:00:00,646.62
2024-10-22T15:00:00,423.2
2024-10-22T16:00:00,259.08
2024-10-22T17:00:00,95.97
2024-10-22T18:00:00,4.22
2024-10-22T19:00:00,0.0
2024-10-22T20:00:00,0.0
2024-10-22T21:00:00,0.0
2024-10-22T22:00:00,0.0
2024-10-22T23:00:00,0.0
2024-10-23T00:00:00,0.0
2024-10-23T01:00:00,0.0
2024-10-23T02:00:00,0.0
2024-10-23T03:00:00,0.0
2024-10-23T04:00:00,0.0
2024-10-23T05:00:00,0.0
2024-10-23T06:00:00,14.1
2024-10-23T07:00:00,50.83
2024-10-23T08:00:00,99.82
2024-10-23T09:00:00,188.12
2024-10-23T10:00:00,374.15
2024-10-23T11:00:00,247.85
2024-10-23T12:00:00,270.6
2024-10-23T13:00:00,218.15
2024-10-23T14:00:00,181.85
2024-10-23T15:00:00,203.3
2024-10-23T16:00:00,115.75
2024-10-23T17:00:00,45.1
2024-10-23T18:00:00,3.05
2024-10-23T19:00:00,0.0
2024-10-23T20:00:00,0.0
2024-10-23T21:00:00,0.0
2024-10-23T22:00:00,0.0
2024-10-23T23:00:00,0.0
2024-10-24T00:00:00,0.0
2024-10-24T01:00:00,0.0
2024-10-24T02:00:00,0.0
2024-10-24T03:00:00,0.0
2024-10-24T04:00:00,0.0
2024-10-24T05:00:00,0.0
2024-10-24T06:00:00,53.83
2024-10-24T07:00:00,233.25
2024-10-24T08:00:00,445.55
2024-10-24T09:00:00,637.58
2024-10-24T10:00:00,769.1
2024-10-24T11:00:00,833.65
2024-10-24T12:00:00,841.4
2024-10-24T13:00:00,764.97
2024-10-24T14:00:00,642.5
2024-10-24T15:00:00,485.0
2024-10-24T16:00:00,276.25
2024-10-24T17:00:00,103.95
2024-10-24T18:00:00,4.88
2024-10-24T19:00:00,0.0
2024-10-24T20:00:00,0.0
2024-10-24T21:00:00,0.0
2024-10-24T22:00:00,0.0
2024-10-24T23:00:00,0.0
2024-10-25T00:00:00,0.0
2024-10-25T01:00:00,0.0
2024-10-25T02:00:00,0.0
2024-10-25T03:00:00,0.0
2024-10-25T04:00:00,0.0
2024-10-25T05:00:00,0.0
2024-10-25T06:00:00,56.15
2024-10-25T07:00:00,245.4
2024-10-25T08:00:00,497.98
2024-10-25T09:00:00,685.0
2024-10-25T10:00:00,743.08
2024-10-25T11:00:00,633.75
2024-10-25T12:00:00,533.42
2024-10-25T13:00:00,354.3
2024-10-25T14:00:00,217.35
2024-10-25T15:00:00,140.98
2024-10-25T16:00:00,160.5
2024-10-25T17:00:00,65.25
2024-10-25T18:00:00,3.62
2024-10-25T19:00:00,0.0
2024-10-25T20:00:00,0.0
2024-10-25T21:00:00,0.0
2024-10-25T22:00:00,0.0
2024-10-25T23:00:00,0.0
2024-10-26T00:00:00,0.0
2024-10-26T01:00:00,0.0
2024-10-26T02:00:00,0.0
2024-10-26T03:00:00,0.0
2024-10-26T04:00:00,0.0
2024-10-26T05:00:00,0.0
2024-10-26T06:00:00,66.6
2024-10-26T07:00:00,253.8
2024-10-26T08:00:00,471.5
2024-10-26T09:00:00,654.03
2024-10-26T10:00:00,836.38
2024-10-26T11:00:00,919.9
2024-10-26T12:00:00,943.47
2024-10-26T13:00:00,871.12
2024-10-26T14:00:00,692.47
2024-10-26T15:00:00,577.3
2024-10-26T16:00:00,364.02
2024-10-26T17:00:00,142.52
2024-10-26T18:00:00,6.1
2024-10-26T19:00:00,0.0
2024-10-26T20:00:00,0.0
2024-10-26T21:00:00,0.0
2024-10-26T22:00:00,0.0
2024-10-26T23:00:00,0.0
2024-10-27T00:00:00,0.0
2024-10-27T01:00:00,0.0
2024-10-27T02:00:00,0.0
2024-10-27T03:00:00,0.0
2024-10-27T04:00:00,0.0
2024-10-27T05:00:00,0.0
2024-10-27T06:00:00,81.12
2024-10-27T07:00:00,314.33
2024-10-27T08:00:00,565.22
2024-10-27T09:00:00,767.0
2024-10-27T10:00:00,907.55
2024-10-27T11:00:00,985.4
2024-10-27T12:00:00,967.25
2024-10-27T13:00:00,906.08
2024-10-27T14:00:00,799.9
2024-10-27T15:00:00,605.03
2024-10-27T16:00:00,383.35
2024-10-27T17:00:00,152.4
2024-10-27T18:00:00,6.62
2024-10-27T19:00:00,0.0
2024-10-27T20:00:00,0.0
2024-10-27T21:00:00,0.0
2024-10-27T22:00:00,0.0
2024-10-27T23:00:00,0.0
2024-10-28T00:00:00,0.0
2024-10-28T01:00:00,0.0
2024-10-28T02:00:00,0.0
2024-10-28T03:00:00,0.0
2024-10-28T04:00:00,0.0
2024-10-28T05:00:00,0.0
2024-10-28T06:00:00,84.07
2024-10-28T07:00:00,310.92
2024-10-28T08:00:00,552.38
2024-10-28T09:00:00,747.08
2024-10-28T10:00:00,900.7
2024-10-28T11:00:00,987.0
2024-10-28T12:00:00,1001.53
2024-10-28T13:00:00,953.35
2024-10-28T14:00:00,827.08
2024-10-28T15:00:00,613.72
2024-10-28T16:00:00,404.48
2024-10-28T17:00:00,163.4
2024-10-28T18:00:00,6.9
2024-10-28T19:00:00,0.0
2024-10-28T20:00:00,0.0
2024-10-28T21:00:00,0.0
2024-10-28T22:00:00,0.0
2024-10-28T23:00:00,0.0
2024-10-29T00:00:00,0.0
2024-10-29T01:00:00,0.0
2024-10-29T02:00:00,0.0
2024-10-29T03:00:00,0.0
2024-10-29T04:00:00,0.0
2024-10-29T05:00:00,0.0
2024-10-29T06:00:00,63.28
2024-10-29T07:00:00,209.82
2024-10-29T08:00:00,426.67
2024-10-29T09:00:00,643.83
2024-10-29T10:00:00,805.3
2024-10-29T11:00:00,864.75
2024-10-29T12:00:00,833.42
2024-10-29T13:00:00,670.75
2024-10-29T14:00:00,555.53
2024-10-29T15:00:00,399.55
2024-10-29T16:00:00,254.77
2024-10-29T17:00:00,100.12
2024-10-29T18:00:00,4.65
2024-10-29T19:00:00,0.0
2024-10-29T20:00:00,0.0
2024-10-29T21:00:00,0.0
2024-10-29T22:00:00,0.0
2024-10-29T23:00:00,0.0
2024-10-30T00:00:00,0.0
2024-10-30T01:00:00,0.0
2024-10-30T02:00:00,0.0
2024-10-30T03:00:00,0.0
2024-10-30T04:00:00,0.0
2024-10-30T05:00:00,0.0
2024-10-30T06:00:00,82.57
2024-10-30T07:00:00,308.92
2024-10-30T08:00:00,542.95
2024-10-30T09:00:00,736.25
2024-10-30T10:00:00,859.08
2024-10-30T11:00:00,888.65
2024-10-30T12:00:00,861.4
2024-10-30T13:00:00,800.72
2024-10-30T14:00:00,660.15
2024-10-30T15:00:00,490.95
2024-10-30T16:00:00,291.98
2024-10-30T17:00:00,114.3
2024-10-30T18:00:00,5.5
2024-10-30T19:00:00,0.0
2024-10-30T20:00:00,0.0
2024-10-30T21:00:00,0.0
2024-10-30T22:00:00,0.0
2024-10-30T23:00:00,0.0
2024-10-31T00:00:00,0.0
2024-10-31T01:00:00,0.0
2024-10-31T02:00:00,0.0
2024-10-31T03:00:00,0.0
2024-10-31T04:00:00,0.0
2024-10-31T05:00:00,0.0
2024-10-31T06:00:00,43.88
2024-10-31T07:00:00,166.98
2024-10-31T08:00:00,327.08
2024-10-31T09:00:00,465.6
2024-10-31T10:00:00,586.95
2024-10-31T11:00:00,619.55
2024-10-31T12:00:00,640.55
2024-10-31T13:00:00,689.38
2024-10-31T14:00:00,544.5
2024-10-31T15:00:00,427.38
2024-10-31T16:00:00,236.9
2024-10-31T17:00:00,98.38
2024-10-31T18:00:00,5.1
2024-10-31T19:00:00,0.0
2024-10-31T20:00:00,0.0
2024-10-31T21:00:00,0.0
2024-10-31T22:00:00,0.0
2024-10-31T23:00:00,0.0
2024-11-01T00:00:00,0.0
2024-11-01T01:00:00,0.0
2024-11-01T02:00:00,0.0
2024-11-01T03:00:00,0.0
2024-11-01T04:00:00,0.0
2024-11-01T05:00:00,0.0
2024-11-01T06:00:00,62.78
2024-11-01T07:00:00,237.15
2024-11-01T08:00:00,443.45
2024-11-01T09:00:00,641.35
2024-11-01T10:00:00,869.35
2024-11-01T11:00:00,895.8
2024-11-01T12:00:00,990.3
2024-11-01T13:00:00,898.92
2024-11-01T14:00:00,734.15
2024-11-01T15:00:00,506.85
2024-11-01T16:00:00,304.65
2024-11-01T17:00:00,109.28
2024-11-01T18:00:00,6.7
2024-11-01T19:00:00,0.0
2024-11-01T20:00:00,0.0
2024-11-01T21:00:00,0.0
2024-11-01T22:00:00,0.0
2024-11-01T23:00:00,0.0
2024-11-02T00:00:00,0.0
2024-11-02T01:00:00,0.0
2024-11-02T02:00:00,0.0
2024-11-02T03:00:00,0.0
2024-11-02T04:00:00,0.0
2024-11-02T05:00:00,0.0
2024-11-02T06:00:00,58.6
2024-11-02T07:00:00,234.77
2024-11-02T08:00:00,450.33
2024-11-02T09:00:00,633.72
2024-11-02T10:00:00,725.7
2024-11-02T11:00:00,749.83
2024-11-02T12:00:00,766.67
2024-11-02T13:00:00,768.08
2024-11-02T14:00:00,579.4
2024-11-02T15:00:00,410.5
2024-11-02T16:00:00,249.93
2024-11-02T17:00:00,96.18
2024-11-02T18:00:00,3.12
2024-11-02T19:00:00,0.0
2024-11-02T20:00:00,0.0
2024-11-02T21:00:00,0.0
2024-11-02T22:00:00,0.0
2024-11-02T23:00:00,0.0
2024-11-03T00:00:00,0.0
2024-11-03T01:00:00,0.0
2024-11-03T02:00:00,0.0
2024-11-03T03:00:00,0.0
2024-11-03T04:00:00,0.0
2024-11-03T05:00:00,0.0
2024-11-03T06:00:00,85.78
2024-11-03T07:00:00,299.08
2024-11-03T08:00:00,529.97
2024-11-03T09:00:00,706.85
2024-11-03T10:00:00,868.78
2024-11-03T11:00:00,953.15
2024-11-03T12:00:00,957.28
2024-11-03T13:00:00,910.5
2024-11-03T14:00:00,726.22
2024-11-03T15:00:00,537.7
2024-11-03T16:00:00,329.55
2024-11-03T17:00:00,120.28
2024-11-03T18:00:00,7.12
2024-11-03T19:00:00,0.0
2024-11-03T20:00:00,0.0
2024-11-03T21:00:00,0.0
2024-11-03T22:00:00,0.0
2024-11-03T23:00:00,0.0
2024-11-04T00:00:00,0.0
2024-11-04T01:00:00,0.0
2024-11-04T02:00:00,0.0
2024-11-04T03:00:00,0.0
2024-11-04T04:00:00,0.0
2024-11-04T05:00:00,0.0
2024-11-04T06:00:00,51.97
2024-11-04T07:00:00,175.0
2024-11-04T08:00:00,320.38
2024-11-04T09:00:00,511.38
2024-11-04T10:00:00,644.62
2024-11-04T11:00:00,611.05
2024-11-04T12:00:00,310.8
2024-11-04T13:00:00,242.48
2024-11-04T14:00:00,150.57
2024-11-04T15:00:00,102.65
2024-11-04T16:00:00,65.65
2024-11-04T17:00:00,29.17
2024-11-04T18:00:00,1.9
2024-11-04T19:00:00,0.0
2024-11-04T20:00:00,0.0
2024-11-04T21:00:00,0.0
2024-11-04T22:00:00,0.0
2024-11-04T23:00:00,0.0
2024-11-05T00:00:00,0.0
2024-11-05T01:00:00,0.0
2024-11-05T02:00:00,0.0
2024-11-05T03:00:00,0.0
2024-11-05T04:00:00,0.0
2024-11-05T05:00:00,0.0
2024-11-05T06:00:00,61.7
2024-11-05T07:00:00,192.62
2024-11-05T08:00:00,363.4
2024-11-05T09:00:00,517.7
2024-11-05T10:00:00,634.25
2024-11-05T11:00:00,786.53
2024-11-05T12:00:00,726.12
2024-11-05T13:00:00,677.25
2024-11-05T14:00:00,513.55
2024-11-05T15:00:00,371.4
2024-11-05T16:00:00,243.05
2024-11-05T17:00:00,122.3
2024-11-05T18:00:00,3.12
2024-11-05T19:00:00,0.0
2024-11-05T20:00:00,0.0
2024-11-05T21:00:00,0.0
2024-11-05T22:00:00,0.0
2024-11-05T23:00:00,0.0
2024-11-06T00:00:00,0.0
2024-11-06T01:00:00,0.0
2024-11-06T02:00:00,0.0
2024-11-06T03:00:00,0.0
2024-11-06T04:00:00,0.0
2024-11-06T05:00:00,0.0
2024-11-06T06:00:00,72.43
2024-11-06T07:00:00,270.23
2024-11-06T08:00:00,528.38
2024-11-06T09:00:00,735.85
2024-11-06T10:00:00,870.7
2024-11-06T11:00:00,970.65
2024-11-06T12:00:00,1006.45
2024-11-06T13:00:00,938.85
2024-11-06T14:00:00,736.53
2024-11-06T15:00:00,602.78
2024-11-06T16:00:00,371.52
2024-11-06T17:00:00,145.77
2024-11-06T18:00:00,7.43
2024-11-06T19:00:00,0.0
2024-11-06T20:00:00,0.0
2024-11-06T21:00:00,0.0
2024-11-06T22:00:00,0.0
2024-11-06T23:00:00,0.0
2024-11-07T00:00:00,0.0
2024-11-07T01:00:00,0.0
2024-11-07T02:00:00,0.0
2024-11-07T03:00:00,0.0
2024-11-07T04:00:00,0.0
2024-11-07T05:00:00,0.0
2024-11-07T06:00:00,49.0
2024-11-07T07:00:00,152.1
2024-11-07T08:00:00,330.83
2024-11-07T09:00:00,460.85
2024-11-07T10:00:00,572.92
2024-11-07T11:00:00,584.3
2024-11-07T12:00:00,611.78
2024-11-07T13:00:00,565.85
2024-11-07T14:00:00,469.62
2024-11-07T15:00:00,346.88
2024-11-07T16:00:00,212.0
2024-11-07T17:00:00,87.65
2024-11-07T18:00:00,3.5
2024-11-07T19:00:00,0.0
2024-11-07T20:00:00,0.0
2024-11-07T21:00:00,0.0
2024-11-07T22:00:00,0.0
2024-11-07T23:00:00,0.0
2024-11-08T00:00:00,0.0
2024-11-08T01:00:00,0.0
2024-11-08T02:00:00,0.0
2024-11-08T03:00:00,0.0
2024-11-08T04:00:00,0.0
2024-11-08T05:00:00,0.0
2024-11-08T06:00:00,31.45
2024-11-08T07:00:00,104.53
2024-11-08T08:00:00,188.57
2024-11-08T09:00:00,250.7
2024-11-08T10:00:00,263.52
2024-11-08T11:00:00,316.2
2024-11-08T12:00:00,358.4
2024-11-08T13:00:00,407.6
2024-11-08T14:00:00,403.8
2024-11-08T15:00:00,312.3
2024-11-08T16:00:00,199.95
2024-11-08T17:00:00,79.68
2024-11-08T18:00:00,6.32
2024-11-08T19:00:00,0.0
2024-11-08T20:00:00,0.0
2024-11-08T21:00:00,0.0
2024-11-08T22:00:00,0.0
2024-11-08T23:00:00,0.0
2024-11-09T00:00:00,0.0
2024-11-09T01:00:00,0.0
2024-11-09T02:00:00,0.0
2024-11-09T03:00:00,0.0
2024-11-09T04:00:00,0.0
2024-11-09T05:00:00,0.0
2024-11-09T06:00:00,72.68
2024-11-09T07:00:00,280.7
2024-11-09T08:00:00,499.52
2024-11-09T09:00:00,627.17
2024-11-09T10:00:00,811.15
2024-11-09T11:00:00,977.9
2024-11-09T12:00:00,979.42
2024-11-09T13:00:00,809.72
2024-11-09T14:00:00,736.97
2024-11-09T15:00:00,548.05
2024-11-09T16:00:00,334.52
2024-11-09T17:00:00,129.35
2024-11-09T18:00:00,6.93
2024-11-09T19:00:00,0.0
2024-11-09T20:00:00,0.0
2024-11-09T21:00:00,0.0
2024-11-09T22:00:00,0.0
2024-11-09T23:00:00,0.0
2024-11-10T00:00:00,0.0
2024-11-10T01:00:00,0.0
2024-11-10T02:00:00,0.0
2024-11-10T03:00:00,0.0
2024-11-10T04:00:00,0.0
2024-11-10T05:00:00,0.0
2024-11-10T06:00:00,85.93
2024-11-10T07:00:00,286.5
2024-11-10T08:00:00,512.65
2024-11-10T09:00:00,711.0
2024-11-10T10:00:00,886.85
2024-11-10T11:00:00,906.25
2024-11-10T12:00:00,905.9
2024-11-10T13:00:00,771.7
2024-11-10T14:00:00,651.22
2024-11-10T15:00:00,473.17
2024-11-10T16:00:00,295.67
2024-11-10T17:00:00,111.28
2024-11-10T18:00:00,6.03
2024-11-10T19:00:00,0.0
2024-11-10T20:00:00,0.0
2024-11-10T21:00:00,0.0
2024-11-10T22:00:00,0.0
2024-11-10T23:00:00,0.0
2024-11-11T00:00:00,0.0
2024-11-11T01:00:00,0.0
2024-11-11T02:00:00,0.0
2024-11-11T03:00:00,0.0
2024-11-11T04:00:00,0.0
2024-11-11T05:00:00,0.0
2024-11-11T06:00:00,89.8
2024-11-11T07:00:00,315.83
2024-11-11T08:00:00,555.95
2024-11-11T09:00:00,781.6
2024-11-11T10:00:00,938.38
2024-11-11T11:00:00,1043.72
2024-11-11T12:00:00,1052.55
2024-11-11T13:00:00,983.15
2024-11-11T14:00:00,864.22
2024-11-11T15:00:00,661.35
2024-11-11T16:00:00,420.67
2024-11-11T17:00:00,172.07
2024-11-11T18:00:00,9.6
2024-11-11T19:00:00,0.0
2024-11-11T20:00:00,0.0
2024-11-11T21:00:00,0.0
2024-11-11T22:00:00,0.0
2024-11-11T23:00:00,0.0
2024-11-12T00:00:00,0.0
2024-11-12T01:00:00,0.0
2024-11-12T02:00:00,0.0
2024-11-12T03:00:00,0.0
2024-11-12T04:00:00,0.0
2024-11-12T05:00:00,0.0
2024-11-12T06:00:00,88.0
2024-11-12T07:00:00,319.3
2024-11-12T08:00:00,564.22
2024-11-12T09:00:00,765.53
2024-11-12T10:00:00,909.4
2024-11-12T11:00:00,970.6
2024-11-12T12:00:00,1017.35
2024-11-12T13:00:00,892.15
2024-11-12T14:00:00,655.78
2024-11-12T15:00:00,571.42
2024-11-12T16:00:00,356.55
2024-11-12T17:00:00,142.2
2024-11-12T18:00:00,7.88
2024-11-12T19:00:00,0.0
2024-11-12T20:00:00,0.0
2024-11-12T21:00:00,0.0
2024-11-12T22:00:00,0.0
2024-11-12T23:00:00,0.0
2024-11-13T00:00:00,0.0
2024-11-13T01:00:00,0.0
2024-11-13T02:00:00,0.0
2024-11-13T03:00:00,0.0
2024-11-13T04:00:00,0.0
2024-11-13T05:00:00,0.0
2024-11-13T06:00:00,48.53
2024-11-13T07:00:00,162.7
2024-11-13T08:00:00,305.75
2024-11-13T09:00:00,488.02
2024-11-13T10:00:00,667.75
2024-11-13T11:00:00,834.4
2024-11-13T12:00:00,848.85
2024-11-13T13:00:00,859.05
2024-11-13T14:00:00,751.97
2024-11-13T15:00:00,560.03
2024-11-13T16:00:00,346.5
2024-11-13T17:00:00,129.62
2024-11-13T18:00:00,9.2
2024-11-13T19:00:00,0.0
2024-11-13T20:00:00,0.0
2024-11-13T21:00:00,0.0
2024-11-13T22:00:00,0.0
2024-11-13T23:00:00,0.0
2024-11-14T00:00:00,0.0
2024-11-14T01:00:00,0.0
2024-11-14T02:00:00,0.0
2024-11-14T03:00:00,0.0
2024-11-14T04:00:00,0.0
2024-11-14T05:00:00,0.0
2024-11-14T06:00:00,55.65
2024-11-14T07:00:00,193.23
2024-11-14T08:00:00,378.08
2024-11-14T09:00:00,506.45
2024-11-14T10:00:00,507.42
2024-11-14T11:00:00,343.85
2024-11-14T12:00:00,183.0
2024-11-14T13:00:00,112.6
2024-11-14T14:00:00,148.77
2024-11-14T15:00:00,123.32
2024-11-14T16:00:00,197.45
2024-11-14T17:00:00,78.95
2024-11-14T18:00:00,6.38
2024-11-14T19:00:00,0.0
2024-11-14T20:00:00,0.0
2024-11-14T21:00:00,0.0
2024-11-14T22:00:00,0.0
2024-11-14T23:00:00,0.0
2024-11-15T00:00:00,0.0
2024-11-15T01:00:00,0.0
2024-11-15T02:00:00,0.0
2024-11-15T03:00:00,0.0
2024-11-15T04:00:00,0.0
2024-11-15T05:00:00,0.0
2024-11-15T06:00:00,54.17
2024-11-15T07:00:00,199.2
2024-11-15T08:00:00,371.58
2024-11-15T09:00:00,529.58
2024-11-15T10:00:00,694.9
2024-11-15T11:00:00,699.78
2024-11-15T12:00:00,697.03
2024-11-15T13:00:00,666.72
2024-11-15T14:00:00,532.85
2024-11-15T15:00:00,389.7
2024-11-15T16:00:00,225.73
2024-11-15T17:00:00,94.93
2024-11-15T18:00:00,7.9
2024-11-15T19:00:00,0.0
2024-11-15T20:00:00,0.0
2024-11-15T21:00:00,0.0
2024-11-15T22:00:00,0.0
2024-11-15T23:00:00,0.0
2024-11-16T00:00:00,0.0
2024-11-16T01:00:00,0.0
2024-11-16T02:00:00,0.0
2024-11-16T03:00:00,0.0
2024-11-16T04:00:00,0.0
2024-11-16T05:00:00,0.0
2024-11-16T06:00:00,31.48
2024-11-16T07:00:00,84.25
2024-11-16T08:00:00,135.52
2024-11-16T09:00:00,176.73
2024-11-16T10:00:00,190.7
2024-11-16T11:00:00,247.18
2024-11-16T12:00:00,335.5
2024-11-16T13:00:00,353.35
2024-11-16T14:00:00,286.9
2024-11-16T15:00:00,191.45
2024-11-16T16:00:00,118.22
2024-11-16T17:00:00,56.0
2024-11-16T18:00:00,4.3
2024-11-16T19:00:00,0.0
2024-11-16T20:00:00,0.0
2024-11-16T21:00:00,0.0
2024-11-16T22:00:00,0.0
2024-11-16T23:00:00,0.0
2024-11-17T00:00:00,0.0
2024-11-17T01:00:00,0.0
2024-11-17T02:00:00,0.0
2024-11-17T03:00:00,0.0
2024-11-17T04:00:00,0.0
2024-11-17T05:00:00,0.0
2024-11-17T06:00:00,43.05
2024-11-17T07:00:00,162.02
2024-11-17T08:00:00,288.0
2024-11-17T09:00:00,305.12
2024-11-17T10:00:00,452.23
2024-11-17T11:00:00,466.98
2024-11-17T12:00:00,223.77
2024-11-17T13:00:00,246.32
2024-11-17T14:00:00,203.8
2024-11-17T15:00:00,162.5
2024-11-17T16:00:00,108.12
2024-11-17T17:00:00,48.05
2024-11-17T18:00:00,5.15
2024-11-17T19:00:00,0.0
2024-11-17T20:00:00,0.0
2024-11-17T21:00:00,0.0
2024-11-17T22:00:00,0.0
2024-11-17T23:00:00,0.0
2024-11-18T00:00:00,0.0
2024-11-18T01:00:00,0.0
2024-11-18T02:00:00,0.0
2024-11-18T03:00:00,0.0
2024-11-18T04:00:00,0.0
2024-11-18T05:00:00,0.0
2024-11-18T06:00:00,64.97
2024-11-18T07:00:00,243.43
2024-11-18T08:00:00,455.23
2024-11-18T09:00:00,682.6
2024-11-18T10:00:00,845.2
2024-11-18T11:00:00,910.03
2024-11-18T12:00:00,859.58
2024-11-18T13:00:00,749.95
2024-11-18T14:00:00,700.1
2024-11-18T15:00:00,499.02
2024-11-18T16:00:00,308.15
2024-11-18T17:00:00,125.47
2024-11-18T18:00:00,10.65
2024-11-18T19:00:00,0.0
2024-11-18T20:00:00,0.0
2024-11-18T21:00:00,0.0
2024-11-18T22:00:00,0.0
2024-11-18T23:00:00,0.0
2024-11-19T00:00:00,0.0
2024-11-19T01:00:00,0.0
2024-11-19T02:00:00,0.0
2024-11-19T03:00:00,0.0
2024-11-19T04:00:00,0.0
2024-11-19T05:00:00,0.0
2024-11-19T06:00:00,66.6
2024-11-19T07:00:00,242.23
2024-11-19T08:00:00,427.73
2024-11-19T09:00:00,640.4
2024-11-19T10:00:00,809.53
2024-11-19T11:00:00,770.17
2024-11-19T12:00:00,632.5
2024-11-19T13:00:00,484.48
2024-11-19T14:00:00,278.12
2024-11-19T15:00:00,193.95
2024-11-19T16:00:00,136.1
2024-11-19T17:00:00,60.08
2024-11-19T18:00:00,4.9
2024-11-19T19:00:00,0.0
2024-11-19T20:00:00,0.0
2024-11-19T21:00:00,0.0
2024-11-19T22:00:00,0.0
2024-11-19T23:00:00,0.0
2024-11-20T00:00:00,0.0
2024-11-20T01:00:00,0.0
2024-11-20T02:00:00,0.0
2024-11-20T03:00:00,0.0
2024-11-20T04:00:00,0.0
2024-11-20T05:00:00,0.0
2024-11-20T06:00:00,17.73
2024-11-20T07:00:00,51.03
2024-11-20T08:00:00,84.35
2024-11-20T09:00:00,119.25
2024-11-20T10:00:00,135.43
2024-11-20T11:00:00,76.18
2024-11-20T12:00:00,45.55
2024-11-20T13:00:00,46.45
2024-11-20T14:00:00,41.9
2024-11-20T15:00:00,33.28
2024-11-20T16:00:00,23.3
2024-11-20T17:00:00,10.98
2024-11-20T18:00:00,1.55
2024-11-20T19:00:00,0.0
2024-11-20T20:00:00,0.0
2024-11-20T21:00:00,0.0
2024-11-20T22:00:00,0.0
2024-11-20T23:00:00,0.0
2024-11-21T00:00:00,0.0
2024-11-21T01:00:00,0.0
2024-11-21T02:00:00,0.0
2024-11-21T03:00:00,0.0
2024-11-21T04:00:00,0.0
2024-11-21T05:00:00,0.0
2024-11-21T06:00:00,74.15
2024-11-21T07:00:00,257.65
2024-11-21T08:00:00,483.5
2024-11-21T09:00:00,728.08
2024-11-21T10:00:00,859.88
2024-11-21T11:00:00,948.35
2024-11-21T12:00:00,961.95
2024-11-21T13:00:00,781.3
2024-11-21T14:00:00,651.72
2024-11-21T15:00:00,509.33
2024-11-21T16:00:00,342.75
2024-11-21T17:00:00,154.62
2024-11-21T18:00:00,5.88
2024-11-21T19:00:00,0.0
2024-11-21T20:00:00,0.0
2024-11-21T21:00:00,0.0
2024-11-21T22:00:00,0.0
2024-11-21T23:00:00,0.0
2024-11-22T00:00:00,0.0
2024-11-22T01:00:00,0.0
2024-11-22T02:00:00,0.0
2024-11-22T03:00:00,0.0
2024-11-22T04:00:00,0.0
2024-11-22T05:00:00,0.0
2024-11-22T06:00:00,19.08
2024-11-22T07:00:00,142.8
2024-11-22T08:00:00,265.35
2024-11-22T09:00:00,183.55
2024-11-22T10:00:00,171.73
2024-11-22T11:00:00,115.75
2024-11-22T12:00:00,97.7
2024-11-22T13:00:00,192.95
2024-11-22T14:00:00,185.05
2024-11-22T15:00:00,151.52
2024-11-22T16:00:00,109.3
2024-11-22T17:00:00,51.8
2024-11-22T18:00:00,6.03
2024-11-22T19:00:00,0.0
2024-11-22T20:00:00,0.0
2024-11-22T21:00:00,0.0
2024-11-22T22:00:00,0.0
2024-11-22T23:00:00,0.0
2024-11-23T00:00:00,0.0
2024-11-23T01:00:00,0.0
2024-11-23T02:00:00,0.0
2024-11-23T03:00:00,0.0
2024-11-23T04:00:00,0.0
2024-11-23T05:00:00,0.0
2024-11-23T06:00:00,28.48
2024-11-23T07:00:00,73.07
2024-11-23T08:00:00,128.18
2024-11-23T09:00:00,287.38
2024-11-23T10:00:00,343.7
2024-11-23T11:00:00,295.48
2024-11-23T12:00:00,237.75
2024-11-23T13:00:00,199.85
2024-11-23T14:00:00,103.95
2024-11-23T15:00:00,71.45
2024-11-23T16:00:00,96.57
2024-11-23T17:00:00,50.28
2024-11-23T18:00:00,6.0
2024-11-23T19:00:00,0.0
2024-11-23T20:00:00,0.0
2024-11-23T21:00:00,0.0
2024-11-23T22:00:00,0.0
2024-11-23T23:00:00,0.0
2024-11-24T00:00:00,0.0
2024-11-24T01:00:00,0.0
2024-11-24T02:00:00,0.0
2024-11-24T03:00:00,0.0
2024-11-24T04:00:00,0.0
2024-11-24T05:00:00,0.0
2024-11-24T06:00:00,83.43
2024-11-24T07:00:00,297.83
2024-11-24T08:00:00,531.08
2024-11-24T09:00:00,733.58
2024-11-24T10:00:00,891.45
2024-11-24T11:00:00,983.88
2024-11-24T12:00:00,1007.8
2024-11-24T13:00:00,950.05
2024-11-24T14:00:00,794.95
2024-11-24T15:00:00,604.9
2024-11-24T16:00:00,394.15
2024-11-24T17:00:00,170.5
2024-11-24T18:00:00,12.25
2024-11-24T19:00:00,0.0
2024-11-24T20:00:00,0.0
2024-11-24T21:00:00,0.0
2024-11-24T22:00:00,0.0
2024-11-24T23:00:00,0.0
2024-11-25T00:00:00,0.0
2024-11-25T01:00:00,0.0
2024-11-25T02:00:00,0.0
2024-11-25T03:00:00,0.0
2024-11-25T04:00:00,0.0
2024-11-25T05:00:00,0.0
2024-11-25T06:00:00,96.55
2024-11-25T07:00:00,325.02
2024-11-25T08:00:00,563.4
2024-11-25T09:00:00,770.58
2024-11-25T10:00:00,920.67
2024-11-25T11:00:00,1011.17
2024-11-25T12:00:00,1034.85
2024-11-25T13:00:00,925.9
2024-11-25T14:00:00,547.86
2024-11-25T15:00:00,421.13
2024-11-25T16:00:00,278.48
2024-11-25T17:00:00,184.43
2024-11-25T18:00:00,15.85
2024-11-25T19:00:00,0.0
2024-11-25T20:00:00,0.0
2024-11-25T21:00:00,0.0
2024-11-25T22:00:00,0.0
2024-11-25T23:00:00,0.0
2024-11-26T00:00:00,0.0
2024-11-26T01:00:00,0.0
2024-11-26T02:00:00,0.0
2024-11-26T03:00:00,0.0
2024-11-26T04:00:00,0.0
2024-11-26T05:00:00,0.0
2024-11-26T06:00:00,91.82
2024-11-26T07:00:00,322.08
2024-11-26T08:00:00,557.17
2024-11-26T09:00:00,757.05
2024-11-26T10:00:00,901.97
2024-11-26T11:00:00,972.65
2024-11-26T12:00:00,952.15
2024-11-26T13:00:00,848.92
2024-11-26T14:00:00,738.28
2024-11-26T15:00:00,565.72
2024-11-26T16:00:00,356.25
2024-11-26T17:00:00,144.45
2024-11-26T18:00:00,12.85
2024-11-26T19:00:00,0.0
2024-11-26T20:00:00,0.0
2024-11-26T21:00:00,0.0
2024-11-26T22:00:00,0.0
2024-11-26T23:00:00,0.0
2024-11-27T00:00:00,0.0
2024-11-27T01:00:00,0.0
2024-11-27T02:00:00,0.0
2024-11-27T03:00:00,0.0
2024-11-27T04:00:00,0.0
2024-11-27T05:00:00,0.0
2024-11-27T06:00:00,88.88
2024-11-27T07:00:00,299.42
2024-11-27T08:00:00,522.62
2024-11-27T09:00:00,724.05
2024-11-27T10:00:00,879.95
2024-11-27T11:00:00,949.83
2024-11-27T12:00:00,926.97
2024-11-27T13:00:00,707.6
2024-11-27T14:00:00,395.52
2024-11-27T15:00:00,297.05
2024-11-27T16:00:00,231.43
2024-11-27T17:00:00,105.4
2024-11-27T18:00:00,9.75
2024-11-27T19:00:00,0.0
2024-11-27T20:00:00,0.0
2024-11-27T21:00:00,0.0
2024-11-27T22:00:00,0.0
2024-11-27T23:00:00,0.0
2024-11-28T00:00:00,0.0
2024-11-28T01:00:00,0.0
2024-11-28T02:00:00,0.0
2024-11-28T03:00:00,0.0
2024-11-28T04:00:00,0.0
2024-11-28T05:00:00,0.0
2024-11-28T06:00:00,53.08
2024-11-28T07:00:00,180.4
2024-11-28T08:00:00,298.23
2024-11-28T09:00:00,426.77
2024-11-28T10:00:00,482.08
2024-11-28T11:00:00,488.08
2024-11-28T12:00:00,650.7
2024-11-28T13:00:00,679.33
2024-11-28T14:00:00,667.78
2024-11-28T15:00:00,484.7
2024-11-28T16:00:00,301.7
2024-11-28T17:00:00,133.2
2024-11-28T18:00:00,10.73
2024-11-28T19:00:00,0.0
2024-11-28T20:00:00,0.0
2024-11-28T21:00:00,0.0
2024-11-28T22:00:00,0.0
2024-11-28T23:00:00,0.0
2024-11-29T00:00:00,0.0
2024-11-29T01:00:00,0.0
2024-11-29T02:00:00,0.0
2024-11-29T03:00:00,0.0
2024-11-29T04:00:00,0.0
2024-11-29T05:00:00,0.0
2024-11-29T06:00:00,53.78
2024-11-29T07:00:00,180.0
2024-11-29T08:00:00,341.62
2024-11-29T09:00:00,396.83
2024-11-29T10:00:00,344.6
2024-11-29T11:00:00,540.75
2024-11-29T12:00:00,632.85
2024-11-29T13:00:00,594.05
2024-11-29T14:00:00,529.2
2024-11-29T15:00:00,370.02
2024-11-29T16:00:00,211.85
2024-11-29T17:00:00,102.65
2024-11-29T18:00:00,8.6
2024-11-29T19:00:00,0.0
2024-11-29T20:00:00,0.0
2024-11-29T21:00:00,0.0
2024-11-29T22:00:00,0.0
2024-11-29T23:00:00,0.0
2024-11-30T00:00:00,0.0
2024-11-30T01:00:00,0.0
2024-11-30T02:00:00,0.0
2024-11-30T03:00:00,0.0
2024-11-30T04:00:00,0.0
2024-11-30T05:00:00,0.0
2024-11-30T06:00:00,48.75
2024-11-30T07:00:00,163.23
2024-11-30T08:00:00,326.17
2024-11-30T09:00:00,446.02
2024-11-30T10:00:00,618.25
2024-11-30T11:00:00,686.33
2024-11-30T12:00:00,727.38
2024-11-30T13:00:00,816.62
2024-11-30T14:00:00,671.33
2024-11-30T15:00:00,493.7
2024-11-30T16:00:00,310.67
2024-11-30T17:00:00,155.1
2024-11-30T18:00:00,12.73
2024-11-30T19:00:00,0.0
2024-11-30T20:00:00,0.0
2024-11-30T21:00:00,0.0
2024-11-30T22:00:00,0.0
2024-11-30T23:00:00,0.0
2024-12-01T00:00:00,0.0
2024-12-01T01:00:00,0.0
2024-12-01T02:00:00,0.0
2024-12-01T03:00:00,0.0
2024-12-01T04:00:00,0.0
2024-12-01T05:00:00,0.0
2024-12-01T06:00:00,84.25
2024-12-01T07:00:00,266.17
2024-12-01T08:00:00,503.33
2024-12-01T09:00:00,665.17
2024-12-01T10:00:00,827.72
2024-12-01T11:00:00,877.58
2024-12-01T12:00:00,938.97
2024-12-01T13:00:00,848.4
2024-12-01T14:00:00,763.08
2024-12-01T15:00:00,587.58
2024-12-01T16:00:00,379.95
2024-12-01T17:00:00,171.88
2024-12-01T18:00:00,15.48
2024-12-01T19:00:00,0.0
2024-12-01T20:00:00,0.0
2024-12-01T21:00:00,0.0
2024-12-01T22:00:00,0.0
2024-12-01T23:00:00,0.0
2024-12-02T00:00:00,0.0
2024-12-02T01:00:00,0.0
2024-12-02T02:00:00,0.0
2024-12-02T03:00:00,0.0
2024-12-02T04:00:00,0.0
2024-12-02T05:00:00,0.0
2024-12-02T06:00:00,91.9
2024-12-02T07:00:00,318.3
2024-12-02T08:00:00,550.62
2024-12-02T09:00:00,741.42
2024-12-02T10:00:00,886.05
2024-12-02T11:00:00,984.15
2024-12-02T12:00:00,966.5
2024-12-02T13:00:00,918.83
2024-12-02T14:00:00,773.17
2024-12-02T15:00:00,593.85
2024-12-02T16:00:00,394.73
2024-12-02T17:00:00,180.68
2024-12-02T18:00:00,16.2
2024-12-02T19:00:00,0.0
2024-12-02T20:00:00,0.0
2024-12-02T21:00:00,0.0
2024-12-02T22:00:00,0.0
2024-12-02T23:00:00,0.0
2024-12-03T00:00:00,0.0
2024-12-03T01:00:00,0.0
2024-12-03T02:00:00,0.0
2024-12-03T03:00:00,0.0
2024-12-03T04:00:00,0.0
2024-12-03T05:00:00,0.0
2024-12-03T06:00:00,81.75
2024-12-03T07:00:00,298.6
2024-12-03T08:00:00,531.72
2024-12-03T09:00:00,743.35
2024-12-03T10:00:00,890.97
2024-12-03T11:00:00,982.5
2024-12-03T12:00:00,989.85
2024-12-03T13:00:00,915.1
2024-12-03T14:00:00,787.92
2024-12-03T15:00:00,582.08
2024-12-03T16:00:00,381.02
2024-12-03T17:00:00,173.4
2024-12-03T18:00:00,13.27
2024-12-03T19:00:00,0.0
2024-12-03T20:00:00,0.0
2024-12-03T21:00:00,0.0
2024-12-03T22:00:00,0.0
2024-12-03T23:00:00,0.0
2024-12-04T00:00:00,0.0
2024-12-04T01:00:00,0.0
2024-12-04T02:00:00,0.0
2024-12-04T03:00:00,0.0
2024-12-04T04:00:00,0.0
2024-12-04T05:00:00,0.0
2024-12-04T06:00:00,69.1
2024-12-04T07:00:00,250.12
2024-12-04T08:00:00,458.8
2024-12-04T09:00:00,637.28
2024-12-04T10:00:00,841.72
2024-12-04T11:00:00,859.55
2024-12-04T12:00:00,826.7
2024-12-04T13:00:00,726.2
2024-12-04T14:00:00,630.38
2024-12-04T15:00:00,482.62
2024-12-04T16:00:00,299.9
2024-12-04T17:00:00,109.38
2024-12-04T18:00:00,12.82
2024-12-04T19:00:00,0.0
2024-12-04T20:00:00,0.0
2024-12-04T21:00:00,0.0
2024-12-04T22:00:00,0.0
2024-12-04T23:00:00,0.0
2024-12-05T00:00:00,0.0
2024-12-05T01:00:00,0.0
2024-12-05T02:00:00,0.0
2024-12-05T03:00:00,0.0
2024-12-05T04:00:00,0.0
2024-12-05T05:00:00,0.0
2024-12-05T06:00:00,49.2
2024-12-05T07:00:00,191.55
2024-12-05T08:00:00,343.08
2024-12-05T09:00:00,526.45
2024-12-05T10:00:00,646.72
2024-12-05T11:00:00,650.17
2024-12-05T12:00:00,692.12
2024-12-05T13:00:00,778.3
2024-12-05T14:00:00,642.65
2024-12-05T15:00:00,495.2
2024-12-05T16:00:00,334.6
2024-12-05T17:00:00,155.23
2024-12-05T18:00:00,11.27
2024-12-05T19:00:00,0.0
2024-12-05T20:00:00,0.0
2024-12-05T21:00:00,0.0
2024-12-05T22:00:00,0.0
2024-12-05T23:00:00,0.0
2024-12-06T00:00:00,0.0
2024-12-06T01:00:00,0.0
2024-12-06T02:00:00,0.0
2024-12-06T03:00:00,0.0
2024-12-06T04:00:00,0.0
2024-12-06T05:00:00,0.0
2024-12-06T06:00:00,60.78
2024-12-06T07:00:00,251.73
2024-12-06T08:00:00,485.5
2024-12-06T09:00:00,648.12
2024-12-06T10:00:00,799.92
2024-12-06T11:00:00,954.45
2024-12-06T12:00:00,955.97
2024-12-06T13:00:00,864.9
2024-12-06T14:00:00,735.0
2024-12-06T15:00:00,580.65
2024-12-06T16:00:00,389.17
2024-12-06T17:00:00,193.9
2024-12-06T18:00:00,23.2
2024-12-06T19:00:00,0.0
2024-12-06T20:00:00,0.0
2024-12-06T21:00:00,0.0
2024-12-06T22:00:00,0.0
2024-12-06T23:00:00,0.0
2024-12-07T00:00:00,0.0
2024-12-07T01:00:00,0.0
2024-12-07T02:00:00,0.0
2024-12-07T03:00:00,0.0
2024-12-07T04:00:00,0.0
2024-12-07T05:00:00,0.0
2024-12-07T06:00:00,74.4
2024-12-07T07:00:00,263.6
2024-12-07T08:00:00,486.2
2024-12-07T09:00:00,677.62
2024-12-07T10:00:00,762.15
2024-12-07T11:00:00,731.45
2024-12-07T12:00:00,736.1
2024-12-07T13:00:00,595.45
2024-12-07T14:00:00,463.77
2024-12-07T15:00:00,322.48
2024-12-07T16:00:00,222.55
2024-12-07T17:00:00,105.53
2024-12-07T18:00:00,4.95
2024-12-07T19:00:00,0.0
2024-12-07T20:00:00,0.0
2024-12-07T21:00:00,0.0
2024-12-07T22:00:00,0.0
2024-12-07T23:00:00,0.0
2024-12-08T00:00:00,0.0
2024-12-08T01:00:00,0.0
2024-12-08T02:00:00,0.0
2024-12-08T03:00:00,0.0
2024-12-08T04:00:00,0.0
2024-12-08T05:00:00,0.0
2024-12-08T06:00:00,34.9
2024-12-08T07:00:00,123.3
2024-12-08T08:00:00,235.85
2024-12-08T09:00:00,313.62
2024-12-08T10:00:00,319.65
2024-12-08T11:00:00,257.92
2024-12-08T12:00:00,309.92
2024-12-08T13:00:00,322.95
2024-12-08T14:00:00,338.9
2024-12-08T15:00:00,263.17
2024-12-08T16:00:00,162.23
2024-12-08T17:00:00,78.97
2024-12-08T18:00:00,7.72
2024-12-08T19:00:00,0.0
2024-12-08T20:00:00,0.0
2024-12-08T21:00:00,0.0
2024-12-08T22:00:00,0.0
2024-12-08T23:00:00,0.0
2024-12-09T00:00:00,0.0
2024-12-09T01:00:00,0.0
2024-12-09T02:00:00,0.0
2024-12-09T03:00:00,0.0
2024-12-09T04:00:00,0.0
2024-12-09T05:00:00,0.0
2024-12-09T06:00:00,34.28
2024-12-09T07:00:00,116.95
2024-12-09T08:00:00,210.12
2024-12-09T09:00:00,304.7
2024-12-09T10:00:00,543.3
2024-12-09T11:00:00,646.58
2024-12-09T12:00:00,728.17
2024-12-09T13:00:00,741.75
2024-12-09T14:00:00,611.08
2024-12-09T15:00:00,441.98
2024-12-09T16:00:00,271.15
2024-12-09T17:00:00,107.6
2024-12-09T18:00:00,14.15
2024-12-09T19:00:00,0.0
2024-12-09T20:00:00,0.0
2024-12-09T21:00:00,0.0
2024-12-09T22:00:00,0.0
2024-12-09T23:00:00,0.0
2024-12-10T00:00:00,0.0
2024-12-10T01:00:00,0.0
2024-12-10T02:00:00,0.0
2024-12-10T03:00:00,0.0
2024-12-10T04:00:00,0.0
2024-12-10T05:00:00,0.0
2024-12-10T06:00:00,63.65
2024-12-10T07:00:00,234.02
2024-12-10T08:00:00,465.45
2024-12-10T09:00:00,673.47
2024-12-10T10:00:00,846.83
2024-12-10T11:00:00,931.47
2024-12-10T12:00:00,878.62
2024-12-10T13:00:00,753.8
2024-12-10T14:00:00,621.3
2024-12-10T15:00:00,443.75
2024-12-10T16:00:00,287.88
2024-12-10T17:00:00,122.95
2024-12-10T18:00:00,15.02
2024-12-10T19:00:00,0.0
2024-12-10T20:00:00,0.0
2024-12-10T21:00:00,0.0
2024-12-10T22:00:00,0.0
2024-12-10T23:00:00,0.0
2024-12-11T00:00:00,0.0
2024-12-11T01:00:00,0.0
2024-12-11T02:00:00,0.0
2024-12-11T03:00:00,0.0
2024-12-11T04:00:00,0.0
2024-12-11T05:00:00,0.0
2024-12-11T06:00:00,62.58
2024-12-11T07:00:00,244.1
2024-12-11T08:00:00,446.27
2024-12-11T09:00:00,718.75
2024-12-11T10:00:00,874.78
2024-12-11T11:00:00,977.1
2024-12-11T12:00:00,997.38
2024-12-11T13:00:00,835.17
2024-12-11T14:00:00,725.5
2024-12-11T15:00:00,586.47
2024-12-11T16:00:00,403.75
2024-12-11T17:00:00,191.45
2024-12-11T18:00:00,25.3
2024-12-11T19:00:00,0.0
2024-12-11T20:00:00,0.0
2024-12-11T21:00:00,0.0
2024-12-11T22:00:00,0.0
2024-12-11T23:00:00,0.0
2024-12-12T00:00:00,0.0
2024-12-12T01:00:00,0.0
2024-12-12T02:00:00,0.0
2024-12-12T03:00:00,0.0
2024-12-12T04:00:00,0.0
2024-12-12T05:00:00,0.0
2024-12-12T06:00:00,86.55
2024-12-12T07:00:00,318.98
2024-12-12T08:00:00,552.85
2024-12-12T09:00:00,744.05
2024-12-12T10:00:00,890.17
2024-12-12T11:00:00,992.62
2024-12-12T12:00:00,1017.3
2024-12-12T13:00:00,964.72
2024-12-12T14:00:00,843.08
2024-12-12T15:00:00,685.92
2024-12-12T16:00:00,456.58
2024-12-12T17:00:00,220.32
2024-12-12T18:00:00,29.38
2024-12-12T19:00:00,0.0
2024-12-12T20:00:00,0.0
2024-12-12T21:00:00,0.0
2024-12-12T22:00:00,0.0
2024-12-12T23:00:00,0.0
2024-12-13T00:00:00,0.0
2024-12-13T01:00:00,0.0
2024-12-13T02:00:00,0.0
2024-12-13T03:00:00,0.0
2024-12-13T04:00:00,0.0
2024-12-13T05:00:00,0.0
2024-12-13T06:00:00,68.4
2024-12-13T07:00:00,249.02
2024-12-13T08:00:00,499.33
2024-12-13T09:00:00,692.45
2024-12-13T10:00:00,839.58
2024-12-13T11:00:00,951.5
2024-12-13T12:00:00,971.25
2024-12-13T13:00:00,964.42
2024-12-13T14:00:00,824.62
2024-12-13T15:00:00,663.8
2024-12-13T16:00:00,452.25
2024-12-13T17:00:00,220.0
2024-12-13T18:00:00,28.33
2024-12-13T19:00:00,0.0
2024-12-13T20:00:00,0.0
2024-12-13T21:00:00,0.0
2024-12-13T22:00:00,0.0
2024-12-13T23:00:00,0.0
2024-12-14T00:00:00,0.0
2024-12-14T01:00:00,0.0
2024-12-14T02:00:00,0.0
2024-12-14T03:00:00,0.0
2024-12-14T04:00:00,0.0
2024-12-14T05:00:00,0.0
2024-12-14T06:00:00,69.07
2024-12-14T07:00:00,276.27
2024-12-14T08:00:00,495.27
2024-12-14T09:00:00,708.45
2024-12-14T10:00:00,885.42
2024-12-14T11:00:00,979.58
2024-12-14T12:00:00,975.05
2024-12-14T13:00:00,920.9
2024-12-14T14:00:00,716.45
2024-12-14T15:00:00,564.47
2024-12-14T16:00:00,391.5
2024-12-14T17:00:00,202.62
2024-12-14T18:00:00,28.0
2024-12-14T19:00:00,0.0
2024-12-14T20:00:00,0.0
2024-12-14T21:00:00,0.0
2024-12-14T22:00:00,0.0
2024-12-14T23:00:00,0.0
2024-12-15T00:00:00,0.0
2024-12-15T01:00:00,0.0
2024-12-15T02:00:00,0.0
2024-12-15T03:00:00,0.0
2024-12-15T04:00:00,0.0
2024-12-15T05:00:00,0.0
2024-12-15T06:00:00,74.07
2024-12-15T07:00:00,290.55
2024-12-15T08:00:00,516.7
2024-12-15T09:00:00,699.42
2024-12-15T10:00:00,857.62
2024-12-15T11:00:00,983.2
2024-12-15T12:00:00,997.15
2024-12-15T13:00:00,927.58
2024-12-15T14:00:00,789.8
2024-12-15T15:00:00,605.9
2024-12-15T16:00:00,399.38
2024-12-15T17:00:00,197.82
2024-12-15T18:00:00,32.7
2024-12-15T19:00:00,0.0
2024-12-15T20:00:00,0.0
2024-12-15T21:00:00,0.0
2024-12-15T22:00:00,0.0
2024-12-15T23:00:00,0.0
2024-12-16T00:00:00,0.0
2024-12-16T01:00:00,0.0
2024-12-16T02:00:00,0.0
2024-12-16T03:00:00,0.0
2024-12-16T04:00:00,0.0
2024-12-16T05:00:00,0.0
2024-12-16T06:00:00,73.03
2024-12-16T07:00:00,276.52
2024-12-16T08:00:00,505.75
2024-12-16T09:00:00,719.95
2024-12-16T10:00:00,872.95
2024-12-16T11:00:00,889.17
2024-12-16T12:00:00,860.33
2024-12-16T13:00:00,866.85
2024-12-16T14:00:00,742.6
2024-12-16T15:00:00,568.95
2024-12-16T16:00:00,372.9
2024-12-16T17:00:00,176.98
2024-12-16T18:00:00,27.25
2024-12-16T19:00:00,0.0
2024-12-16T20:00:00,0.0
2024-12-16T21:00:00,0.0
2024-12-16T22:00:00,0.0
2024-12-16T23:00:00,0.0
2024-12-17T00:00:00,0.0
2024-12-17T01:00:00,0.0
2024-12-17T02:00:00,0.0
2024-12-17T03:00:00,0.0
2024-12-17T04:00:00,0.0
2024-12-17T05:00:00,0.0
2024-12-17T06:00:00,44.17
2024-12-17T07:00:00,177.73
2024-12-17T08:00:00,347.77
2024-12-17T09:00:00,514.6
2024-12-17T10:00:00,646.38
2024-12-17T11:00:00,745.42
2024-12-17T12:00:00,761.67
2024-12-17T13:00:00,728.72
2024-12-17T14:00:00,627.92
2024-12-17T15:00:00,471.33
2024-12-17T16:00:00,300.55
2024-12-17T17:00:00,111.15
2024-12-17T18:00:00,13.0
2024-12-17T19:00:00,0.0
2024-12-17T20:00:00,0.0
2024-12-17T21:00:00,0.0
2024-12-17T22:00:00,0.0
2024-12-17T23:00:00,0.0
2024-12-18T00:00:00,0.0
2024-12-18T01:00:00,0.0
2024-12-18T02:00:00,0.0
2024-12-18T03:00:00,0.0
2024-12-18T04:00:00,0.0
2024-12-18T05:00:00,0.0
2024-12-18T06:00:00,51.0
2024-12-18T07:00:00,209.07
2024-12-18T08:00:00,397.88
2024-12-18T09:00:00,505.6
2024-12-18T10:00:00,645.35
2024-12-18T11:00:00,670.4
2024-12-18T12:00:00,559.53
2024-12-18T13:00:00,420.8
2024-12-18T14:00:00,325.88
2024-12-18T15:00:00,243.0
2024-12-18T16:00:00,135.8
2024-12-18T17:00:00,121.6
2024-12-18T18:00:00,8.77
2024-12-18T19:00:00,0.0
2024-12-18T20:00:00,0.0
2024-12-18T21:00:00,0.0
2024-12-18T22:00:00,0.0
2024-12-18T23:00:00,0.0
2024-12-19T00:00:00,0.0
2024-12-19T01:00:00,0.0
2024-12-19T02:00:00,0.0
2024-12-19T03:00:00,0.0
2024-12-19T04:00:00,0.0
2024-12-19T05:00:00,0.0
2024-12-19T06:00:00,35.12
2024-12-19T07:00:00,148.7
2024-12-19T08:00:00,285.67
2024-12-19T09:00:00,414.6
2024-12-19T10:00:00,546.83
2024-12-19T11:00:00,595.62
2024-12-19T12:00:00,706.3
2024-12-19T13:00:00,733.33
2024-12-19T14:00:00,768.2
2024-12-19T15:00:00,581.05
2024-12-19T16:00:00,379.9
2024-12-19T17:00:00,193.07
2024-12-19T18:00:00,30.73
2024-12-19T19:00:00,0.0
2024-12-19T20:00:00,0.0
2024-12-19T21:00:00,0.0
2024-12-19T22:00:00,0.0
2024-12-19T23:00:00,0.0
2024-12-20T00:00:00,0.0
2024-12-20T01:00:00,0.0
2024-12-20T02:00:00,0.0
2024-12-20T03:00:00,0.0
2024-12-20T04:00:00,0.0
2024-12-20T05:00:00,0.0
2024-12-20T06:00:00,38.9
2024-12-20T07:00:00,171.7
2024-12-20T08:00:00,349.73
2024-12-20T09:00:00,516.05
2024-12-20T10:00:00,712.3
2024-12-20T11:00:00,735.72
2024-12-20T12:00:00,661.0
2024-12-20T13:00:00,631.88
2024-12-20T14:00:00,549.62
2024-12-20T15:00:00,419.12
2024-12-20T16:00:00,254.6
2024-12-20T17:00:00,98.07
2024-12-20T18:00:00,15.18
2024-12-20T19:00:00,0.0
2024-12-20T20:00:00,0.0
2024-12-20T21:00:00,0.0
2024-12-20T22:00:00,0.0
2024-12-20T23:00:00,0.0
2024-12-21T00:00:00,0.0
2024-12-21T01:00:00,0.0
2024-12-21T02:00:00,0.0
2024-12-21T03:00:00,0.0
2024-12-21T04:00:00,0.0
2024-12-21T05:00:00,0.0
2024-12-21T06:00:00,53.78
2024-12-21T07:00:00,258.25
2024-12-21T08:00:00,488.92
2024-12-21T09:00:00,719.12
2024-12-21T10:00:00,863.05
2024-12-21T11:00:00,915.5
2024-12-21T12:00:00,782.62
2024-12-21T13:00:00,713.3
2024-12-21T14:00:00,599.35
2024-12-21T15:00:00,483.48
2024-12-21T16:00:00,323.7
2024-12-21T17:00:00,149.4
2024-12-21T18:00:00,25.7
2024-12-21T19:00:00,0.0
2024-12-21T20:00:00,0.0
2024-12-21T21:00:00,0.0
2024-12-21T22:00:00,0.0
2024-12-21T23:00:00,0.0
2024-12-22T00:00:00,0.0
2024-12-22T01:00:00,0.0
2024-12-22T02:00:00,0.0
2024-12-22T03:00:00,0.0
2024-12-22T04:00:00,0.0
2024-12-22T05:00:00,0.0
2024-12-22T06:00:00,53.53
2024-12-22T07:00:00,244.4
2024-12-22T08:00:00,488.52
2024-12-22T09:00:00,668.92
2024-12-22T10:00:00,882.62
2024-12-22T11:00:00,990.7
2024-12-22T12:00:00,1027.15
2024-12-22T13:00:00,977.38
2024-12-22T14:00:00,845.92
2024-12-22T15:00:00,663.85
2024-12-22T16:00:00,475.4
2024-12-22T17:00:00,236.93
2024-12-22T18:00:00,37.88
2024-12-22T19:00:00,0.0
2024-12-22T20:00:00,0.0
2024-12-22T21:00:00,0.0
2024-12-22T22:00:00,0.0
2024-12-22T23:00:00,0.0
2024-12-23T00:00:00,0.0
2024-12-23T01:00:00,0.0
2024-12-23T02:00:00,0.0
2024-12-23T03:00:00,0.0
2024-12-23T04:00:00,0.0
2024-12-23T05:00:00,0.0
2024-12-23T06:00:00,30.73
2024-12-23T07:00:00,146.9
2024-12-23T08:00:00,307.62
2024-12-23T09:00:00,498.73
2024-12-23T10:00:00,609.42
2024-12-23T11:00:00,797.1
2024-12-23T12:00:00,769.95
2024-12-23T13:00:00,713.45
2024-12-23T14:00:00,598.4
2024-12-23T15:00:00,409.65
2024-12-23T16:00:00,289.62
2024-12-23T17:00:00,140.77
2024-12-23T18:00:00,20.42
2024-12-23T19:00:00,0.0
2024-12-23T20:00:00,0.0
2024-12-23T21:00:00,0.0
2024-12-23T22:00:00,0.0
2024-12-23T23:00:00,0.0
2024-12-24T00:00:00,0.0
2024-12-24T01:00:00,0.0
2024-12-24T02:00:00,0.0
2024-12-24T03:00:00,0.0
2024-12-24T04:00:00,0.0
2024-12-24T05:00:00,0.0
2024-12-24T06:00:00,45.5
2024-12-24T07:00:00,222.7
2024-12-24T08:00:00,436.23
2024-12-24T09:00:00,636.92
2024-12-24T10:00:00,820.92
2024-12-24T11:00:00,940.85
2024-12-24T12:00:00,991.92
2024-12-24T13:00:00,890.4
2024-12-24T14:00:00,691.4
2024-12-24T15:00:00,564.2
2024-12-24T16:00:00,368.15
2024-12-24T17:00:00,169.6
2024-12-24T18:00:00,25.08
2024-12-24T19:00:00,0.0
2024-12-24T20:00:00,0.0
2024-12-24T21:00:00,0.0
2024-12-24T22:00:00,0.0
2024-12-24T23:00:00,0.0
2024-12-25T00:00:00,0.0
2024-12-25T01:00:00,0.0
2024-12-25T02:00:00,0.0
2024-12-25T03:00:00,0.0
2024-12-25T04:00:00,0.0
2024-12-25T05:00:00,0.0
2024-12-25T06:00:00,29.35
2024-12-25T07:00:00,147.32
2024-12-25T08:00:00,290.67
2024-12-25T09:00:00,491.15
2024-12-25T10:00:00,713.95
2024-12-25T11:00:00,804.05
2024-12-25T12:00:00,906.4
2024-12-25T13:00:00,944.53
2024-12-25T14:00:00,852.67
2024-12-25T15:00:00,668.8
2024-12-25T16:00:00,463.05
2024-12-25T17:00:00,235.27
2024-12-25T18:00:00,41.58
2024-12-25T19:00:00,0.0
2024-12-25T20:00:00,0.0
2024-12-25T21:00:00,0.0
2024-12-25T22:00:00,0.0
2024-12-25T23:00:00,0.0
2024-12-26T00:00:00,0.0
2024-12-26T01:00:00,0.0
2024-12-26T02:00:00,0.0
2024-12-26T03:00:00,0.0
2024-12-26T04:00:00,0.0
2024-12-26T05:00:00,0.0
2024-12-26T06:00:00,43.7
2024-12-26T07:00:00,231.98
2024-12-26T08:00:00,451.42
2024-12-26T09:00:00,660.62
2024-12-26T10:00:00,819.08
2024-12-26T11:00:00,938.95
2024-12-26T12:00:00,998.95
2024-12-26T13:00:00,956.62
2024-12-26T14:00:00,859.65
2024-12-26T15:00:00,690.8
2024-12-26T16:00:00,494.75
2024-12-26T17:00:00,256.02
2024-12-26T18:00:00,44.2
2024-12-26T19:00:00,0.0
2024-12-26T20:00:00,0.0
2024-12-26T21:00:00,0.0
2024-12-26T22:00:00,0.0
2024-12-26T23:00:00,0.0
2024-12-27T00:00:00,0.0
2024-12-27T01:00:00,0.0
2024-12-27T02:00:00,0.0
2024-12-27T03:00:00,0.0
2024-12-27T04:00:00,0.0
2024-12-27T05:00:00,0.0
2024-12-27T06:00:00,54.72
2024-12-27T07:00:00,267.83
2024-12-27T08:00:00,512.8
2024-12-27T09:00:00,716.95
2024-12-27T10:00:00,870.9
2024-12-27T11:00:00,984.08
2024-12-27T12:00:00,980.08
2024-12-27T13:00:00,939.65
2024-12-27T14:00:00,815.62
2024-12-27T15:00:00,652.15
2024-12-27T16:00:00,315.35
2024-12-27T17:00:00,254.7
2024-12-27T18:00:00,43.67
2024-12-27T19:00:00,0.0
2024-12-27T20:00:00,0.0
2024-12-27T21:00:00,0.0
2024-12-27T22:00:00,0.0
2024-12-27T23:00:00,0.0
2024-12-28T00:00:00,0.0
2024-12-28T01:00:00,0.0
2024-12-28T02:00:00,0.0
2024-12-28T03:00:00,0.0
2024-12-28T04:00:00,0.0
2024-12-28T05:00:00,0.0
2024-12-28T06:00:00,53.85
2024-12-28T07:00:00,255.7
2024-12-28T08:00:00,484.12
2024-12-28T09:00:00,686.97
2024-12-28T10:00:00,890.42
2024-12-28T11:00:00,960.17
2024-12-28T12:00:00,1027.93
2024-12-28T13:00:00,987.42
2024-12-28T14:00:00,878.28
2024-12-28T15:00:00,711.53
2024-12-28T16:00:00,483.38
2024-12-28T17:00:00,254.07
2024-12-28T18:00:00,42.0
2024-12-28T19:00:00,0.0
2024-12-28T20:00:00,0.0
2024-12-28T21:00:00,0.0
2024-12-28T22:00:00,0.0
2024-12-28T23:00:00,0.0
2024-12-29T00:00:00,0.0
2024-12-29T01:00:00,0.0
2024-12-29T02:00:00,0.0
2024-12-29T03:00:00,0.0
2024-12-29T04:00:00,0.0
2024-12-29T05:00:00,0.0
2024-12-29T06:00:00,51.4
2024-12-29T07:00:00,273.38
2024-12-29T08:00:00,514.88
2024-12-29T09:00:00,725.95
2024-12-29T10:00:00,878.65
2024-12-29T11:00:00,978.17
2024-12-29T12:00:00,1014.03
2024-12-29T13:00:00,886.88
2024-12-29T14:00:00,736.42
2024-12-29T15:00:00,553.75
2024-12-29T16:00:00,352.67
2024-12-29T17:00:00,187.35
2024-12-29T18:00:00,27.0
2024-12-29T19:00:00,0.0
2024-12-29T20:00:00,0.0
2024-12-29T21:00:00,0.0
2024-12-29T22:00:00,0.0
2024-12-29T23:00:00,0.0
2024-12-30T00:00:00,0.0
2024-12-30T01:00:00,0.0
2024-12-30T02:00:00,0.0
2024-12-30T03:00:00,0.0
2024-12-30T04:00:00,0.0
2024-12-30T05:00:00,0.0
2024-12-30T06:00:00,52.47
2024-12-30T07:00:00,264.33
2024-12-30T08:00:00,498.62
2024-12-30T09:00:00,677.05
2024-12-30T10:00:00,845.1
2024-12-30T11:00:00,955.25
2024-12-30T12:00:00,966.8
2024-12-30T13:00:00,907.25
2024-12-30T14:00:00,799.03
2024-12-30T15:00:00,616.95
2024-12-30T16:00:00,422.88
2024-12-30T17:00:00,215.5
2024-12-30T18:00:00,35.47
2024-12-30T19:00:00,0.0
2024-12-30T20:00:00,0.0
2024-12-30T21:00:00,0.0
2024-12-30T22:00:00,0.0
2024-12-30T23:00:00,0.0
2024-12-31T00:00:00,0.0
2024-12-31T01:00:00,0.0
2024-12-31T02:00:00,0.0
2024-12-31T03:00:00,0.0
2024-12-31T04:00:00,0.0
2024-12-31T05:00:00,0.0
2024-12-31T06:00:00,46.12
2024-12-31T07:00:00,242.77
2024-12-31T08:00:00,464.95
2024-12-31T09:00:00,693.42
2024-12-31T10:00:00,793.53
2024-12-31T11:00:00,968.85
2024-12-31T12:00:00,1023.38
2024-12-31T13:00:00,987.15
2024-12-31T14:00:00,822.45
2024-12-31T15:00:00,681.38
2024-12-31T16:00:00,473.95
2024-12-31T17:00:00,251.93
2024-12-31T18:00:00,46.17
2024-12-31T19:00:00,0.0
2024-12-31T20:00:00,0.0
2024-12-31T21:00:00,0.0
2024-12-31T22:00:00,0.0
2024-12-31T23:00:00,0.0
