timestamp,ghi_wm2
2023-01-01T00:00:00Z,0.0
2023-01-01T01:00:00Z,0.0
2023-01-01T02:00:00Z,0.0
2023-01-01T03:00:00Z,0.0
2023-01-01T04:00:00Z,0.0
2023-01-01T05:00:00Z,0.0
2023-01-01T06:00:00Z,73.05
2023-01-01T07:00:00Z,262.9
2023-01-01T08:00:00Z,470.12
2023-01-01T09:00:00Z,652.8
2023-01-01T10:00:00Z,768.9
2023-01-01T11:00:00Z,859.45
2023-01-01T12:00:00Z,858.6
2023-01-01T13:00:00Z,829.22
2023-01-01T14:00:00Z,734.88
2023-01-01T15:00:00Z,565.62
2023-01-01T16:00:00Z,351.0
2023-01-01T17:00:00Z,130.05
2023-01-01T18:00:00Z,4.97
2023-01-01T19:00:00Z,0.0
2023-01-01T20:00:00Z,0.0
2023-01-01T21:00:00Z,0.0
2023-01-01T22:00:00Z,0.0
2023-01-01T23:00:00Z,0.0
2023-01-02T00:00:00Z,0.0
2023-01-02T01:00:00Z,0.0
2023-01-02T02:00:00Z,0.0
2023-01-02T03:00:00Z,0.0
2023-01-02T04:00:00Z,0.0
2023-01-02T05:00:00Z,0.0
2023-01-02T06:00:00Z,74.9
2023-01-02T07:00:00Z,257.0
2023-01-02T08:00:00Z,493.35
2023-01-02T09:00:00Z,688.25
2023-01-02T10:00:00Z,731.67
2023-01-02T11:00:00Z,867.12
2023-01-02T12:00:00Z,859.47
2023-01-02T13:00:00Z,798.65
2023-01-02T14:00:00Z,756.12
2023-01-02T15:00:00Z,554.95
2023-01-02T16:00:00Z,351.02
2023-01-02T17:00:00Z,125.75
2023-01-02T18:00:00Z,4.93
2023-01-02T19:00:00Z,0.0
2023-01-02T20:00:00Z,0.0
2023-01-02T21:00:00Z,0.0
2023-01-02T22:00:00Z,0.0
2023-01-02T23:00:00Z,0.0
2023-01-03T00:00:00Z,0.0
2023-01-03T01:00:00Z,0.0
2023-01-03T02:00:00Z,0.0
2023-01-03T03:00:00Z,0.0
2023-01-03T04:00:00Z,0.0
2023-01-03T05:00:00Z,0.0
2023-01-03T06:00:00Z,90.5
2023-01-03T07:00:00Z,292.0
2023-01-03T08:00:00Z,531.83
2023-01-03T09:00:00Z,749.6
2023-01-03T10:00:00Z,898.2
2023-01-03T11:00:00Z,979.45
2023-01-03T12:00:00Z,987.0
2023-01-03T13:00:00Z,936.7
2023-01-03T14:00:00Z,788.0
2023-01-03T15:00:00Z,583.45
2023-01-03T16:00:00Z,344.55
2023-01-03T17:00:00Z,129.8
2023-01-03T18:00:00Z,5.25
2023-01-03T19:00:00Z,0.0
2023-01-03T20:00:00Z,0.0
2023-01-03T21:00:00Z,0.0
2023-01-03T22:00:00Z,0.0
2023-01-03T23:00:00Z,0.0
2023-01-04T00:00:00Z,0.0
2023-01-04T01:00:00Z,0.0
2023-01-04T02:00:00Z,0.0
2023-01-04T03:00:00Z,0.0
2023-01-04T04:00:00Z,0.0
2023-01-04T05:00:00Z,0.0
2023-01-04T06:00:00Z,92.15
2023-01-04T07:00:00Z,324.2
2023-01-04T08:00:00Z,556.28
2023-01-04T09:00:00Z,754.42
2023-01-04T10:00:00Z,905.47
2023-01-04T11:00:00Z,1008.2
2023-01-04T12:00:00Z,1030.03
2023-01-04T13:00:00Z,961.03
2023-01-04T14:00:00Z,830.53
2023-01-04T15:00:00Z,611.0
2023-01-04T16:00:00Z,389.17
2023-01-04T17:00:00Z,147.95
2023-01-04T18:00:00Z,5.65
2023-01-04T19:00:00Z,0.0
2023-01-04T20:00:00Z,0.0
2023-01-04T21:00:00Z,0.0
2023-01-04T22:00:00Z,0.0
2023-01-04T23:00:00Z,0.0
2023-01-05T00:00:00Z,0.0
2023-01-05T01:00:00Z,0.0
2023-01-05T02:00:00Z,0.0
2023-01-05T03:00:00Z,0.0
2023-01-05T04:00:00Z,0.0
2023-01-05T05:00:00Z,0.0
2023-01-05T06:00:00Z,80.9
2023-01-05T07:00:00Z,275.65
2023-01-05T08:00:00Z,522.38
2023-01-05T09:00:00Z,727.22
2023-01-05T10:00:00Z,749.2
2023-01-05T11:00:00Z,977.15
2023-01-05T12:00:00Z,1002.55
2023-01-05T13:00:00Z,934.45
2023-01-05T14:00:00Z,809.2
2023-01-05T15:00:00Z,613.92
2023-01-05T16:00:00Z,386.58
2023-01-05T17:00:00Z,147.4
2023-01-05T18:00:00Z,5.8
2023-01-05T19:00:00Z,0.0
2023-01-05T20:00:00Z,0.0
2023-01-05T21:00:00Z,0.0
2023-01-05T22:00:00Z,0.0
2023-01-05T23:00:00Z,0.0
2023-01-06T00:00:00Z,0.0
2023-01-06T01:00:00Z,0.0
2023-01-06T02:00:00Z,0.0
2023-01-06T03:00:00Z,0.0
2023-01-06T04:00:00Z,0.0
2023-01-06T05:00:00Z,0.0
2023-01-06T06:00:00Z,62.5
2023-01-06T07:00:00Z,218.48
2023-01-06T08:00:00Z,417.65
2023-01-06T09:00:00Z,606.45
2023-01-06T10:00:00Z,756.9
2023-01-06T11:00:00Z,886.17
2023-01-06T12:00:00Z,920.97
2023-01-06T13:00:00Z,695.08
2023-01-06T14:00:00Z,524.17
2023-01-06T15:00:00Z,284.83
2023-01-06T16:00:00Z,172.48
2023-01-06T17:00:00Z,60.33
2023-01-06T18:00:00Z,3.0
2023-01-06T19:00:00Z,0.0
2023-01-06T20:00:00Z,0.0
2023-01-06T21:00:00Z,0.0
2023-01-06T22:00:00Z,0.0
2023-01-06T23:00:00Z,0.0
2023-01-07T00:00:00Z,0.0
2023-01-07T01:00:00Z,0.0
2023-01-07T02:00:00Z,0.0
2023-01-07T03:00:00Z,0.0
2023-01-07T04:00:00Z,0.0
2023-01-07T05:00:00Z,0.0
2023-01-07T06:00:00Z,68.78
2023-01-07T07:00:00Z,222.85
2023-01-07T08:00:00Z,378.33
2023-01-07T09:00:00Z,558.15
2023-01-07T10:00:00Z,716.92
2023-01-07T11:00:00Z,815.5
2023-01-07T12:00:00Z,802.05
2023-01-07T13:00:00Z,800.83
2023-01-07T14:00:00Z,637.45
2023-01-07T15:00:00Z,493.15
2023-01-07T16:00:00Z,295.08
2023-01-07T17:00:00Z,110.57
2023-01-07T18:00:00Z,5.5
2023-01-07T19:00:00Z,0.0
2023-01-07T20:00:00Z,0.0
2023-01-07T21:00:00Z,0.0
2023-01-07T22:00:00Z,0.0
2023-01-07T23:00:00Z,0.0
2023-01-08T00:00:00Z,0.0
2023-01-08T01:00:00Z,0.0
2023-01-08T02:00:00Z,0.0
2023-01-08T03:00:00Z,0.0
2023-01-08T04:00:00Z,0.0
2023-01-08T05:00:00Z,0.0
2023-01-08T06:00:00Z,76.15
2023-01-08T07:00:00Z,263.6
2023-01-08T08:00:00Z,477.23
2023-01-08T09:00:00Z,545.8
2023-01-08T10:00:00Z,812.83
2023-01-08T11:00:00Z,906.62
2023-01-08T12:00:00Z,913.12
2023-01-08T13:00:00Z,745.08
2023-01-08T14:00:00Z,667.9
2023-01-08T15:00:00Z,528.75
2023-01-08T16:00:00Z,323.98
2023-01-08T17:00:00Z,119.12
2023-01-08T18:00:00Z,5.97
2023-01-08T19:00:00Z,0.0
2023-01-08T20:00:00Z,0.0
2023-01-08T21:00:00Z,0.0
2023-01-08T22:00:00Z,0.0
2023-01-08T23:00:00Z,0.0
2023-01-09T00:00:00Z,0.0
2023-01-09T01:00:00Z,0.0
2023-01-09T02:00:00Z,0.0
2023-01-09T03:00:00Z,0.0
2023-01-09T04:00:00Z,0.0
2023-01-09T05:00:00Z,0.0
2023-01-09T06:00:00Z,72.22
2023-01-09T07:00:00Z,257.42
2023-01-09T08:00:00Z,470.3
2023-01-09T09:00:00Z,661.1
2023-01-09T10:00:00Z,818.15
2023-01-09T11:00:00Z,915.08
2023-01-09T12:00:00Z,880.8
2023-01-09T13:00:00Z,852.5
2023-01-09T14:00:00Z,706.53
2023-01-09T15:00:00Z,510.05
2023-01-09T16:00:00Z,300.73
2023-01-09T17:00:00Z,109.07
2023-01-09T18:00:00Z,5.1
2023-01-09T19:00:00Z,0.0
2023-01-09T20:00:00Z,0.0
2023-01-09T21:00:00Z,0.0
2023-01-09T22:00:00Z,0.0
2023-01-09T23:00:00Z,0.0
2023-01-10T00:00:00Z,0.0
2023-01-10T01:00:00Z,0.0
2023-01-10T02:00:00Z,0.0
2023-01-10T03:00:00Z,0.0
2023-01-10T04:00:00Z,0.0
2023-01-10T05:00:00Z,0.0
2023-01-10T06:00:00Z,24.3
2023-01-10T07:00:00Z,69.8
2023-01-10T08:00:00Z,152.7
2023-01-10T09:00:00Z,162.3
2023-01-10T10:00:00Z,193.85
2023-01-10T11:00:00Z,199.05
2023-01-10T12:00:00Z,182.52
2023-01-10T13:00:00Z,216.82
2023-01-10T14:00:00Z,177.27
2023-01-10T15:00:00Z,173.77
2023-01-10T16:00:00Z,110.5
2023-01-10T17:00:00Z,48.67
2023-01-10T18:00:00Z,2.92
2023-01-10T19:00:00Z,0.0
2023-01-10T20:00:00Z,0.0
2023-01-10T21:00:00Z,0.0
2023-01-10T22:00:00Z,0.0
2023-01-10T23:00:00Z,0.0
2023-01-11T00:00:00Z,0.0
2023-01-11T01:00:00Z,0.0
2023-01-11T02:00:00Z,0.0
2023-01-11T03:00:00Z,0.0
2023-01-11T04:00:00Z,0.0
2023-01-11T05:00:00Z,0.0
2023-01-11T06:00:00Z,52.4
2023-01-11T07:00:00Z,191.62
2023-01-11T08:00:00Z,383.95
2023-01-11T09:00:00Z,559.7
2023-01-11T10:00:00Z,659.05
2023-01-11T11:00:00Z,661.25
2023-01-11T12:00:00Z,749.05
2023-01-11T13:00:00Z,856.35
2023-01-11T14:00:00Z,771.42
2023-01-11T15:00:00Z,603.03
2023-01-11T16:00:00Z,362.92
2023-01-11T17:00:00Z,132.75
2023-01-11T18:00:00Z,5.28
2023-01-11T19:00:00Z,0.0
2023-01-11T20:00:00Z,0.0
2023-01-11T21:00:00Z,0.0
2023-01-11T22:00:00Z,0.0
2023-01-11T23:00:00Z,0.0
2023-01-12T00:00:00Z,0.0
2023-01-12T01:00:00Z,0.0
2023-01-12T02:00:00Z,0.0
2023-01-12T03:00:00Z,0.0
2023-01-12T04:00:00Z,0.0
2023-01-12T05:00:00Z,0.0
2023-01-12T06:00:00Z,72.82
2023-01-12T07:00:00Z,283.02
2023-01-12T08:00:00Z,508.62
2023-01-12T09:00:00Z,712.53
2023-01-12T10:00:00Z,876.08
2023-01-12T11:00:00Z,958.83
2023-01-12T12:00:00Z,973.42
2023-01-12T13:00:00Z,933.2
2023-01-12T14:00:00Z,774.75
2023-01-12T15:00:00Z,507.08
2023-01-12T16:00:00Z,312.05
2023-01-12T17:00:00Z,119.9
2023-01-12T18:00:00Z,5.32
2023-01-12T19:00:00Z,0.0
2023-01-12T20:00:00Z,0.0
2023-01-12T21:00:00Z,0.0
2023-01-12T22:00:00Z,0.0
2023-01-12T23:00:00Z,0.0
2023-01-13T00:00:00Z,0.0
2023-01-13T01:00:00Z,0.0
2023-01-13T02:00:00Z,0.0
2023-01-13T03:00:00Z,0.0
2023-01-13T04:00:00Z,0.0
2023-01-13T05:00:00Z,0.0
2023-01-13T06:00:00Z,84.57
2023-01-13T07:00:00Z,314.58
2023-01-13T08:00:00Z,553.25
2023-01-13T09:00:00Z,740.0
2023-01-13T10:00:00Z,911.97
2023-01-13T11:00:00Z,999.78
2023-01-13T12:00:00Z,1006.38
2023-01-13T13:00:00Z,941.92
2023-01-13T14:00:00Z,822.92
2023-01-13T15:00:00Z,629.97
2023-01-13T16:00:00Z,390.12
2023-01-13T17:00:00Z,158.57
2023-01-13T18:00:00Z,7.65
2023-01-13T19:00:00Z,0.0
2023-01-13T20:00:00Z,0.0
2023-01-13T21:00:00Z,0.0
2023-01-13T22:00:00Z,0.0
2023-01-13T23:00:00Z,0.0
2023-01-14T00:00:00Z,0.0
2023-01-14T01:00:00Z,0.0
2023-01-14T02:00:00Z,0.0
2023-01-14T03:00:00Z,0.0
2023-01-14T04:00:00Z,0.0
2023-01-14T05:00:00Z,0.0
2023-01-14T06:00:00Z,77.32
2023-01-14T07:00:00Z,295.2
2023-01-14T08:00:00Z,547.3
2023-01-14T09:00:00Z,743.35
2023-01-14T10:00:00Z,865.15
2023-01-14T11:00:00Z,1005.3
2023-01-14T12:00:00Z,1021.85
2023-01-14T13:00:00Z,970.85
2023-01-14T14:00:00Z,838.75
2023-01-14T15:00:00Z,653.17
2023-01-14T16:00:00Z,420.1
2023-01-14T17:00:00Z,171.73
2023-01-14T18:00:00Z,8.25
2023-01-14T19:00:00Z,0.0
2023-01-14T20:00:00Z,0.0
2023-01-14T21:00:00Z,0.0
2023-01-14T22:00:00Z,0.0
2023-01-14T23:00:00Z,0.0
2023-01-15T00:00:00Z,0.0
2023-01-15T01:00:00Z,0.0
2023-01-15T02:00:00Z,0.0
2023-01-15T03:00:00Z,0.0
2023-01-15T04:00:00Z,0.0
2023-01-15T05:00:00Z,0.0
2023-01-15T06:00:00Z,87.45
2023-01-15T07:00:00Z,333.9
2023-01-15T08:00:00Z,571.65
2023-01-15T09:00:00Z,782.15
2023-01-15T10:00:00Z,934.78
2023-01-15T11:00:00Z,1028.6
2023-01-15T12:00:00Z,1045.25
2023-01-15T13:00:00Z,985.5
2023-01-15T14:00:00Z,852.33
2023-01-15T15:00:00Z,660.7
2023-01-15T16:00:00Z,431.58
2023-01-15T17:00:00Z,181.38
2023-01-15T18:00:00Z,8.62
2023-01-15T19:00:00Z,0.0
2023-01-15T20:00:00Z,0.0
2023-01-15T21:00:00Z,0.0
2023-01-15T22:00:00Z,0.0
2023-01-15T23:00:00Z,0.0
2023-01-16T00:00:00Z,0.0
2023-01-16T01:00:00Z,0.0
2023-01-16T02:00:00Z,0.0
2023-01-16T03:00:00Z,0.0
2023-01-16T04:00:00Z,0.0
2023-01-16T05:00:00Z,0.0
2023-01-16T06:00:00Z,83.25
2023-01-16T07:00:00Z,316.38
2023-01-16T08:00:00Z,541.65
2023-01-16T09:00:00Z,759.8
2023-01-16T10:00:00Z,911.55
2023-01-16T11:00:00Z,988.5
2023-01-16T12:00:00Z,994.97
2023-01-16T13:00:00Z,916.0
2023-01-16T14:00:00Z,814.25
2023-01-16T15:00:00Z,622.9
2023-01-16T16:00:00Z,373.58
2023-01-16T17:00:00Z,153.3
2023-01-16T18:00:00Z,7.82
2023-01-16T19:00:00Z,0.0
2023-01-16T20:00:00Z,0.0
2023-01-16T21:00:00Z,0.0
2023-01-16T22:00:00Z,0.0
2023-01-16T23:00:00Z,0.0
2023-01-17T00:00:00Z,0.0
2023-01-17T01:00:00Z,0.0
2023-01-17T02:00:00Z,0.0
2023-01-17T03:00:00Z,0.0
2023-01-17T04:00:00Z,0.0
2023-01-17T05:00:00Z,0.0
2023-01-17T06:00:00Z,80.43
2023-01-17T07:00:00Z,313.2
2023-01-17T08:00:00Z,541.35
2023-01-17T09:00:00Z,745.1
2023-01-17T10:00:00Z,905.55
2023-01-17T11:00:00Z,991.67
2023-01-17T12:00:00Z,1004.75
2023-01-17T13:00:00Z,948.4
2023-01-17T14:00:00Z,829.95
2023-01-17T15:00:00Z,643.38
2023-01-17T16:00:00Z,404.52
2023-01-17T17:00:00Z,167.32
2023-01-17T18:00:00Z,8.43
2023-01-17T19:00:00Z,0.0
2023-01-17T20:00:00Z,0.0
2023-01-17T21:00:00Z,0.0
2023-01-17T22:00:00Z,0.0
2023-01-17T23:00:00Z,0.0
2023-01-18T00:00:00Z,0.0
2023-01-18T01:00:00Z,0.0
2023-01-18T02:00:00Z,0.0
2023-01-18T03:00:00Z,0.0
2023-01-18T04:00:00Z,0.0
2023-01-18T05:00:00Z,0.0
2023-01-18T06:00:00Z,79.57
2023-01-18T07:00:00Z,298.15
2023-01-18T08:00:00Z,526.78
2023-01-18T09:00:00Z,735.65
2023-01-18T10:00:00Z,893.6
2023-01-18T11:00:00Z,982.97
2023-01-18T12:00:00Z,997.85
2023-01-18T13:00:00Z,933.22
2023-01-18T14:00:00Z,814.2
2023-01-18T15:00:00Z,619.9
2023-01-18T16:00:00Z,398.75
2023-01-18T17:00:00Z,157.65
2023-01-18T18:00:00Z,7.9
2023-01-18T19:00:00Z,0.0
2023-01-18T20:00:00Z,0.0
2023-01-18T21:00:00Z,0.0
2023-01-18T22:00:00Z,0.0
2023-01-18T23:00:00Z,0.0
2023-01-19T00:00:00Z,0.0
2023-01-19T01:00:00Z,0.0
2023-01-19T02:00:00Z,0.0
2023-01-19T03:00:00Z,0.0
2023-01-19T04:00:00Z,0.0
2023-01-19T05:00:00Z,0.0
2023-01-19T06:00:00Z,55.92
2023-01-19T07:00:00Z,286.92
2023-01-19T08:00:00Z,537.65
2023-01-19T09:00:00Z,720.1
2023-01-19T10:00:00Z,919.78
2023-01-19T11:00:00Z,983.38
2023-01-19T12:00:00Z,886.5
2023-01-19T13:00:00Z,951.03
2023-01-19T14:00:00Z,797.25
2023-01-19T15:00:00Z,592.7
2023-01-19T16:00:00Z,372.17
2023-01-19T17:00:00Z,138.43
2023-01-19T18:00:00Z,8.15
2023-01-19T19:00:00Z,0.0
2023-01-19T20:00:00Z,0.0
2023-01-19T21:00:00Z,0.0
2023-01-19T22:00:00Z,0.0
2023-01-19T23:00:00Z,0.0
2023-01-20T00:00:00Z,0.0
2023-01-20T01:00:00Z,0.0
2023-01-20T02:00:00Z,0.0
2023-01-20T03:00:00Z,0.0
2023-01-20T04:00:00Z,0.0
2023-01-20T05:00:00Z,0.0
2023-01-20T06:00:00Z,52.0
2023-01-20T07:00:00Z,248.0
2023-01-20T08:00:00Z,475.92
2023-01-20T09:00:00Z,671.97
2023-01-20T10:00:00Z,829.1
2023-01-20T11:00:00Z,919.85
2023-01-20T12:00:00Z,967.2
2023-01-20T13:00:00Z,884.97
2023-01-20T14:00:00Z,730.25
2023-01-20T15:00:00Z,562.7
2023-01-20T16:00:00Z,359.08
2023-01-20T17:00:00Z,142.82
2023-01-20T18:00:00Z,8.32
2023-01-20T19:00:00Z,0.0
2023-01-20T20:00:00Z,0.0
2023-01-20T21:00:00Z,0.0
2023-01-20T22:00:00Z,0.0
2023-01-20T23:00:00Z,0.0
2023-01-21T00:00:00Z,0.0
2023-01-21T01:00:00Z,0.0
2023-01-21T02:00:00Z,0.0
2023-01-21T03:00:00Z,0.0
2023-01-21T04:00:00Z,0.0
2023-01-21T05:00:00Z,0.0
2023-01-21T06:00:00Z,50.33
2023-01-21T07:00:00Z,202.23
2023-01-21T08:00:00Z,363.0
2023-01-21T09:00:00Z,571.8
2023-01-21T10:00:00Z,730.83
2023-01-21T11:00:00Z,796.12
2023-01-21T12:00:00Z,840.72
2023-01-21T13:00:00Z,771.6
2023-01-21T14:00:00Z,575.12
2023-01-21T15:00:00Z,358.85
2023-01-21T16:00:00Z,209.9
2023-01-21T17:00:00Z,72.55
2023-01-21T18:00:00Z,5.53
2023-01-21T19:00:00Z,0.0
2023-01-21T20:00:00Z,0.0
2023-01-21T21:00:00Z,0.0
2023-01-21T22:00:00Z,0.0
2023-01-21T23:00:00Z,0.0
2023-01-22T00:00:00Z,0.0
2023-01-22T01:00:00Z,0.0
2023-01-22T02:00:00Z,0.0
2023-01-22T03:00:00Z,0.0
2023-01-22T04:00:00Z,0.0
2023-01-22T05:00:00Z,0.0
2023-01-22T06:00:00Z,23.4
2023-01-22T07:00:00Z,187.85
2023-01-22T08:00:00Z,248.07
2023-01-22T09:00:00Z,303.23
2023-01-22T10:00:00Z,431.05
2023-01-22T11:00:00Z,686.3
2023-01-22T12:00:00Z,790.53
2023-01-22T13:00:00Z,744.4
2023-01-22T14:00:00Z,496.7
2023-01-22T15:00:00Z,298.95
2023-01-22T16:00:00Z,181.02
2023-01-22T17:00:00Z,72.15
2023-01-22T18:00:00Z,4.12
2023-01-22T19:00:00Z,0.0
2023-01-22T20:00:00Z,0.0
2023-01-22T21:00:00Z,0.0
2023-01-22T22:00:00Z,0.0
2023-01-22T23:00:00Z,0.0
2023-01-23T00:00:00Z,0.0
2023-01-23T01:00:00Z,0.0
2023-01-23T02:00:00Z,0.0
2023-01-23T03:00:00Z,0.0
2023-01-23T04:00:00Z,0.0
2023-01-23T05:00:00Z,0.0
2023-01-23T06:00:00Z,58.17
2023-01-23T07:00:00Z,281.1
2023-01-23T08:00:00Z,514.8
2023-01-23T09:00:00Z,730.1
2023-01-23T10:00:00Z,886.47
2023-01-23T11:00:00Z,997.15
2023-01-23T12:00:00Z,1018.22
2023-01-23T13:00:00Z,956.0
2023-01-23T14:00:00Z,830.65
2023-01-23T15:00:00Z,638.0
2023-01-23T16:00:00Z,400.83
2023-01-23T17:00:00Z,160.4
2023-01-23T18:00:00Z,8.25
2023-01-23T19:00:00Z,0.0
2023-01-23T20:00:00Z,0.0
2023-01-23T21:00:00Z,0.0
2023-01-23T22:00:00Z,0.0
2023-01-23T23:00:00Z,0.0
2023-01-24T00:00:00Z,0.0
2023-01-24T01:00:00Z,0.0
2023-01-24T02:00:00Z,0.0
2023-01-24T03:00:00Z,0.0
2023-01-24T04:00:00Z,0.0
2023-01-24T05:00:00Z,0.0
2023-01-24T06:00:00Z,52.33
2023-01-24T07:00:00Z,197.55
2023-01-24T08:00:00Z,371.12
2023-01-24T09:00:00Z,558.47
2023-01-24T10:00:00Z,707.1
2023-01-24T11:00:00Z,705.62
2023-01-24T12:00:00Z,664.2
2023-01-24T13:00:00Z,555.55
2023-01-24T14:00:00Z,518.22
2023-01-24T15:00:00Z,422.52
2023-01-24T16:00:00Z,260.35
2023-01-24T17:00:00Z,94.35
2023-01-24T18:00:00Z,6.72
2023-01-24T19:00:00Z,0.0
2023-01-24T20:00:00Z,0.0
2023-01-24T21:00:00Z,0.0
2023-01-24T22:00:00Z,0.0
2023-01-24T23:00:00Z,0.0
2023-01-25T00:00:00Z,0.0
2023-01-25T01:00:00Z,0.0
2023-01-25T02:00:00Z,0.0
2023-01-25T03:00:00Z,0.0
2023-01-25T04:00:00Z,0.0
2023-01-25T05:00:00Z,0.0
2023-01-25T06:00:00Z,36.58
2023-01-25T07:00:00Z,186.4
2023-01-25T08:00:00Z,351.25
2023-01-25T09:00:00Z,494.92
2023-01-25T10:00:00Z,645.42
2023-01-25T11:00:00Z,726.7
2023-01-25T12:00:00Z,761.38
2023-01-25T13:00:00Z,702.72
2023-01-25T14:00:00Z,512.88
2023-01-25T15:00:00Z,428.95
2023-01-25T16:00:00Z,257.45
2023-01-25T17:00:00Z,88.82
2023-01-25T18:00:00Z,6.2
2023-01-25T19:00:00Z,0.0
2023-01-25T20:00:00Z,0.0
2023-01-25T21:00:00Z,0.0
2023-01-25T22:00:00Z,0.0
2023-01-25T23:00:00Z,0.0
2023-01-26T00:00:00Z,0.0
2023-01-26T01:00:00Z,0.0
2023-01-26T02:00:00Z,0.0
2023-01-26T03:00:00Z,0.0
2023-01-26T04:00:00Z,0.0
2023-01-26T05:00:00Z,0.0
2023-01-26T06:00:00Z,52.85
2023-01-26T07:00:00Z,248.77
2023-01-26T08:00:00Z,474.73
2023-01-26T09:00:00Z,685.1
2023-01-26T10:00:00Z,846.08
2023-01-26T11:00:00Z,923.62
2023-01-26T12:00:00Z,930.12
2023-01-26T13:00:00Z,690.92
2023-01-26T14:00:00Z,583.8
2023-01-26T15:00:00Z,423.7
2023-01-26T16:00:00Z,253.2
2023-01-26T17:00:00Z,95.1
2023-01-26T18:00:00Z,5.88
2023-01-26T19:00:00Z,0.0
2023-01-26T20:00:00Z,0.0
2023-01-26T21:00:00Z,0.0
2023-01-26T22:00:00Z,0.0
2023-01-26T23:00:00Z,0.0
2023-01-27T00:00:00Z,0.0
2023-01-27T01:00:00Z,0.0
2023-01-27T02:00:00Z,0.0
2023-01-27T03:00:00Z,0.0
2023-01-27T04:00:00Z,0.0
2023-01-27T05:00:00Z,0.0
2023-01-27T06:00:00Z,39.17
2023-01-27T07:00:00Z,208.12
2023-01-27T08:00:00Z,428.2
2023-01-27T09:00:00Z,627.42
2023-01-27T10:00:00Z,790.8
2023-01-27T11:00:00Z,886.95
2023-01-27T12:00:00Z,898.7
2023-01-27T13:00:00Z,825.6
2023-01-27T14:00:00Z,663.33
2023-01-27T15:00:00Z,443.67
2023-01-27T16:00:00Z,271.08
2023-01-27T17:00:00Z,108.2
2023-01-27T18:00:00Z,6.05
2023-01-27T19:00:00Z,0.0
2023-01-27T20:00:00Z,0.0
2023-01-27T21:00:00Z,0.0
2023-01-27T22:00:00Z,0.0
2023-01-27T23:00:00Z,0.0
2023-01-28T00:00:00Z,0.0
2023-01-28T01:00:00Z,0.0
2023-01-28T02:00:00Z,0.0
2023-01-28T03:00:00Z,0.0
2023-01-28T04:00:00Z,0.0
2023-01-28T05:00:00Z,0.0
2023-01-28T06:00:00Z,33.67
2023-01-28T07:00:00Z,175.75
2023-01-28T08:00:00Z,372.48
2023-01-28T09:00:00Z,531.4
2023-01-28T10:00:00Z,678.9
2023-01-28T11:00:00Z,647.35
2023-01-28T12:00:00Z,497.02
2023-01-28T13:00:00Z,443.45
2023-01-28T14:00:00Z,244.73
2023-01-28T15:00:00Z,250.12
2023-01-28T16:00:00Z,137.57
2023-01-28T17:00:00Z,53.9
2023-01-28T18:00:00Z,3.6
2023-01-28T19:00:00Z,0.0
2023-01-28T20:00:00Z,0.0
2023-01-28T21:00:00Z,0.0
2023-01-28T22:00:00Z,0.0
2023-01-28T23:00:00Z,0.0
2023-01-29T00:00:00Z,0.0
2023-01-29T01:00:00Z,0.0
2023-01-29T02:00:00Z,0.0
2023-01-29T03:00:00Z,0.0
2023-01-29T04:00:00Z,0.0
2023-01-29T05:00:00Z,0.0
2023-01-29T06:00:00Z,21.35
2023-01-29T07:00:00Z,158.15
2023-01-29T08:00:00Z,288.7
2023-01-29T09:00:00Z,375.17
2023-01-29T10:00:00Z,524.92
2023-01-29T11:00:00Z,662.92
2023-01-29T12:00:00Z,638.92
2023-01-29T13:00:00Z,549.62
2023-01-29T14:00:00Z,600.7
2023-01-29T15:00:00Z,442.17
2023-01-29T16:00:00Z,270.3
2023-01-29T17:00:00Z,113.9
2023-01-29T18:00:00Z,6.3
2023-01-29T19:00:00Z,0.0
2023-01-29T20:00:00Z,0.0
2023-01-29T21:00:00Z,0.0
2023-01-29T22:00:00Z,0.0
2023-01-29T23:00:00Z,0.0
2023-01-30T00:00:00Z,0.0
2023-01-30T01:00:00Z,0.0
2023-01-30T02:00:00Z,0.0
2023-01-30T03:00:00Z,0.0
2023-01-30T04:00:00Z,0.0
2023-01-30T05:00:00Z,0.0
2023-01-30T06:00:00Z,26.5
2023-01-30T07:00:00Z,187.27
2023-01-30T08:00:00Z,390.12
2023-01-30T09:00:00Z,567.08
2023-01-30T10:00:00Z,725.28
2023-01-30T11:00:00Z,901.53
2023-01-30T12:00:00Z,964.83
2023-01-30T13:00:00Z,862.42
2023-01-30T14:00:00Z,655.85
2023-01-30T15:00:00Z,482.73
2023-01-30T16:00:00Z,299.23
2023-01-30T17:00:00Z,115.1
2023-01-30T18:00:00Z,8.3
2023-01-30T19:00:00Z,0.0
2023-01-30T20:00:00Z,0.0
2023-01-30T21:00:00Z,0.0
2023-01-30T22:00:00Z,0.0
2023-01-30T23:00:00Z,0.0
2023-01-31T00:00:00Z,0.0
2023-01-31T01:00:00Z,0.0
2023-01-31T02:00:00Z,0.0
2023-01-31T03:00:00Z,0.0
2023-01-31T04:00:00Z,0.0
2023-01-31T05:00:00Z,0.0
2023-01-31T06:00:00Z,19.98
2023-01-31T07:00:00Z,161.2
2023-01-31T08:00:00Z,275.33
2023-01-31T09:00:00Z,424.7
2023-01-31T10:00:00Z,535.85
2023-01-31T11:00:00Z,595.65
2023-01-31T12:00:00Z,510.17
2023-01-31T13:00:00Z,376.98
2023-01-31T14:00:00Z,167.18
2023-01-31T15:00:00Z,100.95
2023-01-31T16:00:00Z,64.53
2023-01-31T17:00:00Z,27.45
2023-01-31T18:00:00Z,1.62
2023-01-31T19:00:00Z,0.0
2023-01-31T20:00:00Z,0.0
2023-01-31T21:00:00Z,0.0
2023-01-31T22:00:00Z,0.0
2023-01-31T23:00:00Z,0.0
2023-02-01T00:00:00Z,0.0
2023-02-01T01:00:00Z,0.0
2023-02-01T02:00:00Z,0.0
2023-02-01T03:00:00Z,0.0
2023-02-01T04:00:00Z,0.0
2023-02-01T05:00:00Z,0.0
2023-02-01T06:00:00Z,31.08
2023-02-01T07:00:00Z,156.18
2023-02-01T08:00:00Z,342.98
2023-02-01T09:00:00Z,405.62
2023-02-01T10:00:00Z,778.53
2023-02-01T11:00:00Z,883.65
2023-02-01T12:00:00Z,866.45
2023-02-01T13:00:00Z,776.85
2023-02-01T14:00:00Z,604.78
2023-02-01T15:00:00Z,369.25
2023-02-01T16:00:00Z,222.02
2023-02-01T17:00:00Z,84.85
2023-02-01T18:00:00Z,5.47
2023-02-01T19:00:00Z,0.0
2023-02-01T20:00:00Z,0.0
2023-02-01T21:00:00Z,0.0
2023-02-01T22:00:00Z,0.0
2023-02-01T23:00:00Z,0.0
2023-02-02T00:00:00Z,0.0
2023-02-02T01:00:00Z,0.0
2023-02-02T02:00:00Z,0.0
2023-02-02T03:00:00Z,0.0
2023-02-02T04:00:00Z,0.0
2023-02-02T05:00:00Z,0.0
2023-02-02T06:00:00Z,6.28
2023-02-02T07:00:00Z,53.55
2023-02-02T08:00:00Z,91.45
2023-02-02T09:00:00Z,134.75
2023-02-02T10:00:00Z,191.45
2023-02-02T11:00:00Z,239.93
2023-02-02T12:00:00Z,266.38
2023-02-02T13:00:00Z,291.7
2023-02-02T14:00:00Z,316.08
2023-02-02T15:00:00Z,296.62
2023-02-02T16:00:00Z,184.05
2023-02-02T17:00:00Z,72.28
2023-02-02T18:00:00Z,4.43
2023-02-02T19:00:00Z,0.0
2023-02-02T20:00:00Z,0.0
2023-02-02T21:00:00Z,0.0
2023-02-02T22:00:00Z,0.0
2023-02-02T23:00:00Z,0.0
2023-02-03T00:00:00Z,0.0
2023-02-03T01:00:00Z,0.0
2023-02-03T02:00:00Z,0.0
2023-02-03T03:00:00Z,0.0
2023-02-03T04:00:00Z,0.0
2023-02-03T05:00:00Z,0.0
2023-02-03T06:00:00Z,24.27
2023-02-03T07:00:00Z,146.95
2023-02-03T08:00:00Z,265.48
2023-02-03T09:00:00Z,372.75
2023-02-03T10:00:00Z,524.42
2023-02-03T11:00:00Z,504.75
2023-02-03T12:00:00Z,541.8
2023-02-03T13:00:00Z,605.97
2023-02-03T14:00:00Z,579.33
2023-02-03T15:00:00Z,444.45
2023-02-03T16:00:00Z,282.45
2023-02-03T17:00:00Z,109.35
2023-02-03T18:00:00Z,7.03
2023-02-03T19:00:00Z,0.0
2023-02-03T20:00:00Z,0.0
2023-02-03T21:00:00Z,0.0
2023-02-03T22:00:00Z,0.0
2023-02-03T23:00:00Z,0.0
2023-02-04T00:00:00Z,0.0
2023-02-04T01:00:00Z,0.0
2023-02-04T02:00:00Z,0.0
2023-02-04T03:00:00Z,0.0
2023-02-04T04:00:00Z,0.0
2023-02-04T05:00:00Z,0.0
2023-02-04T06:00:00Z,40.35
2023-02-04T07:00:00Z,235.45
2023-02-04T08:00:00Z,453.35
2023-02-04T09:00:00Z,652.55
2023-02-04T10:00:00Z,841.42
2023-02-04T11:00:00Z,943.53
2023-02-04T12:00:00Z,981.45
2023-02-04T13:00:00Z,908.62
2023-02-04T14:00:00Z,774.7
2023-02-04T15:00:00Z,569.6
2023-02-04T16:00:00Z,339.02
2023-02-04T17:00:00Z,128.1
2023-02-04T18:00:00Z,6.85
2023-02-04T19:00:00Z,0.0
2023-02-04T20:00:00Z,0.0
2023-02-04T21:00:00Z,0.0
2023-02-04T22:00:00Z,0.0
2023-02-04T23:00:00Z,0.0
2023-02-05T00:00:00Z,0.0
2023-02-05T01:00:00Z,0.0
2023-02-05T02:00:00Z,0.0
2023-02-05T03:00:00Z,0.0
2023-02-05T04:00:00Z,0.0
2023-02-05T05:00:00Z,0.0
2023-02-05T06:00:00Z,27.98
2023-02-05T07:00:00Z,177.62
2023-02-05T08:00:00Z,341.25
2023-02-05T09:00:00Z,546.75
2023-02-05T10:00:00Z,663.7
2023-02-05T11:00:00Z,754.5
2023-02-05T12:00:00Z,850.88
2023-02-05T13:00:00Z,833.22
2023-02-05T14:00:00Z,716.8
2023-02-05T15:00:00Z,506.95
2023-02-05T16:00:00Z,300.83
2023-02-05T17:00:00Z,110.5
2023-02-05T18:00:00Z,6.47
2023-02-05T19:00:00Z,0.0
2023-02-05T20:00:00Z,0.0
2023-02-05T21:00:00Z,0.0
2023-02-05T22:00:00Z,0.0
2023-02-05T23:00:00Z,0.0
2023-02-06T00:00:00Z,0.0
2023-02-06T01:00:00Z,0.0
2023-02-06T02:00:00Z,0.0
2023-02-06T03:00:00Z,0.0
2023-02-06T04:00:00Z,0.0
2023-02-06T05:00:00Z,0.0
2023-02-06T06:00:00Z,50.85
2023-02-06T07:00:00Z,267.75
2023-02-06T08:00:00Z,507.5
2023-02-06T09:00:00Z,718.83
2023-02-06T10:00:00Z,875.53
2023-02-06T11:00:00Z,972.53
2023-02-06T12:00:00Z,985.1
2023-02-06T13:00:00Z,910.08
2023-02-06T14:00:00Z,771.5
2023-02-06T15:00:00Z,583.8
2023-02-06T16:00:00Z,364.65
2023-02-06T17:00:00Z,140.23
2023-02-06T18:00:00Z,8.1
2023-02-06T19:00:00Z,0.0
2023-02-06T20:00:00Z,0.0
2023-02-06T21:00:00Z,0.0
2023-02-06T22:00:00Z,0.0
2023-02-06T23:00:00Z,0.0
2023-02-07T00:00:00Z,0.0
2023-02-07T01:00:00Z,0.0
2023-02-07T02:00:00Z,0.0
2023-02-07T03:00:00Z,0.0
2023-02-07T04:00:00Z,0.0
2023-02-07T05:00:00Z,0.0
2023-02-07T06:00:00Z,43.45
2023-02-07T07:00:00Z,235.32
2023-02-07T08:00:00Z,453.4
2023-02-07T09:00:00Z,668.42
2023-02-07T10:00:00Z,827.97
2023-02-07T11:00:00Z,825.25
2023-02-07T12:00:00Z,798.85
2023-02-07T13:00:00Z,782.03
2023-02-07T14:00:00Z,666.85
2023-02-07T15:00:00Z,576.42
2023-02-07T16:00:00Z,360.12
2023-02-07T17:00:00Z,136.82
2023-02-07T18:00:00Z,8.25
2023-02-07T19:00:00Z,0.0
2023-02-07T20:00:00Z,0.0
2023-02-07T21:00:00Z,0.0
2023-02-07T22:00:00Z,0.0
2023-02-07T23:00:00Z,0.0
2023-02-08T00:00:00Z,0.0
2023-02-08T01:00:00Z,0.0
2023-02-08T02:00:00Z,0.0
2023-02-08T03:00:00Z,0.0
2023-02-08T04:00:00Z,0.0
2023-02-08T05:00:00Z,0.0
2023-02-08T06:00:00Z,52.33
2023-02-08T07:00:00Z,281.8
2023-02-08T08:00:00Z,526.65
2023-02-08T09:00:00Z,742.92
2023-02-08T10:00:00Z,911.25
2023-02-08T11:00:00Z,1018.33
2023-02-08T12:00:00Z,1038.5
2023-02-08T13:00:00Z,972.17
2023-02-08T14:00:00Z,839.55
2023-02-08T15:00:00Z,648.25
2023-02-08T16:00:00Z,419.62
2023-02-08T17:00:00Z,171.07
2023-02-08T18:00:00Z,8.6
2023-02-08T19:00:00Z,0.0
2023-02-08T20:00:00Z,0.0
2023-02-08T21:00:00Z,0.0
2023-02-08T22:00:00Z,0.0
2023-02-08T23:00:00Z,0.0
2023-02-09T00:00:00Z,0.0
2023-02-09T01:00:00Z,0.0
2023-02-09T02:00:00Z,0.0
2023-02-09T03:00:00Z,0.0
2023-02-09T04:00:00Z,0.0
2023-02-09T05:00:00Z,0.0
2023-02-09T06:00:00Z,46.55
2023-02-09T07:00:00Z,277.77
2023-02-09T08:00:00Z,514.8
2023-02-09T09:00:00Z,660.0
2023-02-09T10:00:00Z,885.12
2023-02-09T11:00:00Z,970.75
2023-02-09T12:00:00Z,991.47
2023-02-09T13:00:00Z,923.38
2023-02-09T14:00:00Z,789.15
2023-02-09T15:00:00Z,627.47
2023-02-09T16:00:00Z,390.9
2023-02-09T17:00:00Z,148.9
2023-02-09T18:00:00Z,7.8
2023-02-09T19:00:00Z,0.0
2023-02-09T20:00:00Z,0.0
2023-02-09T21:00:00Z,0.0
2023-02-09T22:00:00Z,0.0
2023-02-09T23:00:00Z,0.0
2023-02-10T00:00:00Z,0.0
2023-02-10T01:00:00Z,0.0
2023-02-10T02:00:00Z,0.0
2023-02-10T03:00:00Z,0.0
2023-02-10T04:00:00Z,0.0
2023-02-10T05:00:00Z,0.0
2023-02-10T06:00:00Z,42.17
2023-02-10T07:00:00Z,215.73
2023-02-10T08:00:00Z,439.95
2023-02-10T09:00:00Z,624.12
2023-02-10T10:00:00Z,712.6
2023-02-10T11:00:00Z,846.05
2023-02-10T12:00:00Z,1004.42
2023-02-10T13:00:00Z,930.25
2023-02-10T14:00:00Z,821.08
2023-02-10T15:00:00Z,603.78
2023-02-10T16:00:00Z,353.65
2023-02-10T17:00:00Z,144.65
2023-02-10T18:00:00Z,7.53
2023-02-10T19:00:00Z,0.0
2023-02-10T20:00:00Z,0.0
2023-02-10T21:00:00Z,0.0
2023-02-10T22:00:00Z,0.0
2023-02-10T23:00:00Z,0.0
2023-02-11T00:00:00Z,0.0
2023-02-11T01:00:00Z,0.0
2023-02-11T02:00:00Z,0.0
2023-02-11T03:00:00Z,0.0
2023-02-11T04:00:00Z,0.0
2023-02-11T05:00:00Z,0.0
2023-02-11T06:00:00Z,51.35
2023-02-11T07:00:00Z,276.77
2023-02-11T08:00:00Z,514.35
2023-02-11T09:00:00Z,719.9
2023-02-11T10:00:00Z,895.72
2023-02-11T11:00:00Z,984.75
2023-02-11T12:00:00Z,997.42
2023-02-11T13:00:00Z,895.55
2023-02-11T14:00:00Z,818.7
2023-02-11T15:00:00Z,630.12
2023-02-11T16:00:00Z,393.2
2023-02-11T17:00:00Z,143.7
2023-02-11T18:00:00Z,7.05
2023-02-11T19:00:00Z,0.0
2023-02-11T20:00:00Z,0.0
2023-02-11T21:00:00Z,0.0
2023-02-11T22:00:00Z,0.0
2023-02-11T23:00:00Z,0.0
2023-02-12T00:00:00Z,0.0
2023-02-12T01:00:00Z,0.0
2023-02-12T02:00:00Z,0.0
2023-02-12T03:00:00Z,0.0
2023-02-12T04:00:00Z,0.0
2023-02-12T05:00:00Z,0.0
2023-02-12T06:00:00Z,48.3
2023-02-12T07:00:00Z,264.9
2023-02-12T08:00:00Z,510.4
2023-02-12T09:00:00Z,713.1
2023-02-12T10:00:00Z,835.28
2023-02-12T11:00:00Z,897.88
2023-02-12T12:00:00Z,921.88
2023-02-12T13:00:00Z,963.42
2023-02-12T14:00:00Z,771.5
2023-02-12T15:00:00Z,578.7
2023-02-12T16:00:00Z,379.9
2023-02-12T17:00:00Z,150.77
2023-02-12T18:00:00Z,7.62
2023-02-12T19:00:00Z,0.0
2023-02-12T20:00:00Z,0.0
2023-02-12T21:00:00Z,0.0
2023-02-12T22:00:00Z,0.0
2023-02-12T23:00:00Z,0.0
2023-02-13T00:00:00Z,0.0
2023-02-13T01:00:00Z,0.0
2023-02-13T02:00:00Z,0.0
2023-02-13T03:00:00Z,0.0
2023-02-13T04:00:00Z,0.0
2023-02-13T05:00:00Z,0.0
2023-02-13T06:00:00Z,34.1
2023-02-13T07:00:00Z,206.23
2023-02-13T08:00:00Z,441.67
2023-02-13T09:00:00Z,645.33
2023-02-13T10:00:00Z,806.35
2023-02-13T11:00:00Z,865.85
2023-02-13T12:00:00Z,853.35
2023-02-13T13:00:00Z,786.72
2023-02-13T14:00:00Z,642.65
2023-02-13T15:00:00Z,493.83
2023-02-13T16:00:00Z,295.65
2023-02-13T17:00:00Z,111.95
2023-02-13T18:00:00Z,5.9
2023-02-13T19:00:00Z,0.0
2023-02-13T20:00:00Z,0.0
2023-02-13T21:00:00Z,0.0
2023-02-13T22:00:00Z,0.0
2023-02-13T23:00:00Z,0.0
2023-02-14T00:00:00Z,0.0
2023-02-14T01:00:00Z,0.0
2023-02-14T02:00:00Z,0.0
2023-02-14T03:00:00Z,0.0
2023-02-14T04:00:00Z,0.0
2023-02-14T05:00:00Z,0.0
2023-02-14T06:00:00Z,41.4
2023-02-14T07:00:00Z,223.38
2023-02-14T08:00:00Z,451.05
2023-02-14T09:00:00Z,664.6
2023-02-14T10:00:00Z,798.28
2023-02-14T11:00:00Z,901.33
2023-02-14T12:00:00Z,869.53
2023-02-14T13:00:00Z,918.5
2023-02-14T14:00:00Z,780.47
2023-02-14T15:00:00Z,582.72
2023-02-14T16:00:00Z,376.4
2023-02-14T17:00:00Z,144.25
2023-02-14T18:00:00Z,7.12
2023-02-14T19:00:00Z,0.0
2023-02-14T20:00:00Z,0.0
2023-02-14T21:00:00Z,0.0
2023-02-14T22:00:00Z,0.0
2023-02-14T23:00:00Z,0.0
2023-02-15T00:00:00Z,0.0
2023-02-15T01:00:00Z,0.0
2023-02-15T02:00:00Z,0.0
2023-02-15T03:00:00Z,0.0
2023-02-15T04:00:00Z,0.0
2023-02-15T05:00:00Z,0.0
2023-02-15T06:00:00Z,41.4
2023-02-15T07:00:00Z,234.6
2023-02-15T08:00:00Z,484.65
2023-02-15T09:00:00Z,701.08
2023-02-15T10:00:00Z,889.95
2023-02-15T11:00:00Z,980.03
2023-02-15T12:00:00Z,1016.8
2023-02-15T13:00:00Z,959.33
2023-02-15T14:00:00Z,830.47
2023-02-15T15:00:00Z,631.03
2023-02-15T16:00:00Z,400.52
2023-02-15T17:00:00Z,155.52
2023-02-15T18:00:00Z,7.3
2023-02-15T19:00:00Z,0.0
2023-02-15T20:00:00Z,0.0
2023-02-15T21:00:00Z,0.0
2023-02-15T22:00:00Z,0.0
2023-02-15T23:00:00Z,0.0
2023-02-16T00:00:00Z,0.0
2023-02-16T01:00:00Z,0.0
2023-02-16T02:00:00Z,0.0
2023-02-16T03:00:00Z,0.0
2023-02-16T04:00:00Z,0.0
2023-02-16T05:00:00Z,0.0
2023-02-16T06:00:00Z,35.47
2023-02-16T07:00:00Z,228.02
2023-02-16T08:00:00Z,452.77
2023-02-16T09:00:00Z,643.12
2023-02-16T10:00:00Z,790.22
2023-02-16T11:00:00Z,910.75
2023-02-16T12:00:00Z,1005.08
2023-02-16T13:00:00Z,926.83
2023-02-16T14:00:00Z,801.08
2023-02-16T15:00:00Z,558.22
2023-02-16T16:00:00Z,342.12
2023-02-16T17:00:00Z,122.65
2023-02-16T18:00:00Z,6.38
2023-02-16T19:00:00Z,0.0
2023-02-16T20:00:00Z,0.0
2023-02-16T21:00:00Z,0.0
2023-02-16T22:00:00Z,0.0
2023-02-16T23:00:00Z,0.0
2023-02-17T00:00:00Z,0.0
2023-02-17T01:00:00Z,0.0
2023-02-17T02:00:00Z,0.0
2023-02-17T03:00:00Z,0.0
2023-02-17T04:00:00Z,0.0
2023-02-17T05:00:00Z,0.0
2023-02-17T06:00:00Z,50.28
2023-02-17T07:00:00Z,277.75
2023-02-17T08:00:00Z,519.88
2023-02-17T09:00:00Z,740.1
2023-02-17T10:00:00Z,914.03
2023-02-17T11:00:00Z,1007.05
2023-02-17T12:00:00Z,984.92
2023-02-17T13:00:00Z,915.47
2023-02-17T14:00:00Z,795.85
2023-02-17T15:00:00Z,568.6
2023-02-17T16:00:00Z,335.6
2023-02-17T17:00:00Z,126.97
2023-02-17T18:00:00Z,6.32
2023-02-17T19:00:00Z,0.0
2023-02-17T20:00:00Z,0.0
2023-02-17T21:00:00Z,0.0
2023-02-17T22:00:00Z,0.0
2023-02-17T23:00:00Z,0.0
2023-02-18T00:00:00Z,0.0
2023-02-18T01:00:00Z,0.0
2023-02-18T02:00:00Z,0.0
2023-02-18T03:00:00Z,0.0
2023-02-18T04:00:00Z,0.0
2023-02-18T05:00:00Z,0.0
2023-02-18T06:00:00Z,39.85
2023-02-18T07:00:00Z,216.12
2023-02-18T08:00:00Z,456.65
2023-02-18T09:00:00Z,666.25
2023-02-18T10:00:00Z,832.85
2023-02-18T11:00:00Z,886.17
2023-02-18T12:00:00Z,944.83
2023-02-18T13:00:00Z,898.08
2023-02-18T14:00:00Z,761.92
2023-02-18T15:00:00Z,579.33
2023-02-18T16:00:00Z,368.75
2023-02-18T17:00:00Z,141.9
2023-02-18T18:00:00Z,6.95
2023-02-18T19:00:00Z,0.0
2023-02-18T20:00:00Z,0.0
2023-02-18T21:00:00Z,0.0
2023-02-18T22:00:00Z,0.0
2023-02-18T23:00:00Z,0.0
2023-02-19T00:00:00Z,0.0
2023-02-19T01:00:00Z,0.0
2023-02-19T02:00:00Z,0.0
2023-02-19T03:00:00Z,0.0
2023-02-19T04:00:00Z,0.0
2023-02-19T05:00:00Z,0.0
2023-02-19T06:00:00Z,39.3
2023-02-19T07:00:00Z,237.23
2023-02-19T08:00:00Z,484.4
2023-02-19T09:00:00Z,687.05
2023-02-19T10:00:00Z,844.47
2023-02-19T11:00:00Z,924.62
2023-02-19T12:00:00Z,978.75
2023-02-19T13:00:00Z,854.7
2023-02-19T14:00:00Z,803.28
2023-02-19T15:00:00Z,607.45
2023-02-19T16:00:00Z,359.05
2023-02-19T17:00:00Z,137.98
2023-02-19T18:00:00Z,6.1
2023-02-19T19:00:00Z,0.0
2023-02-19T20:00:00Z,0.0
2023-02-19T21:00:00Z,0.0
2023-02-19T22:00:00Z,0.0
2023-02-19T23:00:00Z,0.0
2023-02-20T00:00:00Z,0.0
2023-02-20T01:00:00Z,0.0
2023-02-20T02:00:00Z,0.0
2023-02-20T03:00:00Z,0.0
2023-02-20T04:00:00Z,0.0
2023-02-20T05:00:00Z,0.0
2023-02-20T06:00:00Z,33.05
2023-02-20T07:00:00Z,257.98
2023-02-20T08:00:00Z,445.42
2023-02-20T09:00:00Z,667.15
2023-02-20T10:00:00Z,837.92
2023-02-20T11:00:00Z,955.2
2023-02-20T12:00:00Z,979.25
2023-02-20T13:00:00Z,916.15
2023-02-20T14:00:00Z,795.72
2023-02-20T15:00:00Z,570.2
2023-02-20T16:00:00Z,293.92
2023-02-20T17:00:00Z,105.18
2023-02-20T18:00:00Z,4.5
2023-02-20T19:00:00Z,0.0
2023-02-20T20:00:00Z,0.0
2023-02-20T21:00:00Z,0.0
2023-02-20T22:00:00Z,0.0
2023-02-20T23:00:00Z,0.0
2023-02-21T00:00:00Z,0.0
2023-02-21T01:00:00Z,0.0
2023-02-21T02:00:00Z,0.0
2023-02-21T03:00:00Z,0.0
2023-02-21T04:00:00Z,0.0
2023-02-21T05:00:00Z,0.0
2023-02-21T06:00:00Z,37.08
2023-02-21T07:00:00Z,249.68
2023-02-21T08:00:00Z,438.3
2023-02-21T09:00:00Z,685.72
2023-02-21T10:00:00Z,898.55
2023-02-21T11:00:00Z,1008.8
2023-02-21T12:00:00Z,1012.55
2023-02-21T13:00:00Z,922.6
2023-02-21T14:00:00Z,785.72
2023-02-21T15:00:00Z,578.85
2023-02-21T16:00:00Z,332.08
2023-02-21T17:00:00Z,123.8
2023-02-21T18:00:00Z,5.55
2023-02-21T19:00:00Z,0.0
2023-02-21T20:00:00Z,0.0
2023-02-21T21:00:00Z,0.0
2023-02-21T22:00:00Z,0.0
2023-02-21T23:00:00Z,0.0
2023-02-22T00:00:00Z,0.0
2023-02-22T01:00:00Z,0.0
2023-02-22T02:00:00Z,0.0
2023-02-22T03:00:00Z,0.0
2023-02-22T04:00:00Z,0.0
2023-02-22T05:00:00Z,0.0
2023-02-22T06:00:00Z,38.15
2023-02-22T07:00:00Z,191.95
2023-02-22T08:00:00Z,387.12
2023-02-22T09:00:00Z,590.22
2023-02-22T10:00:00Z,700.5
2023-02-22T11:00:00Z,894.15
2023-02-22T12:00:00Z,841.97
2023-02-22T13:00:00Z,852.45
2023-02-22T14:00:00Z,649.45
2023-02-22T15:00:00Z,493.38
2023-02-22T16:00:00Z,285.02
2023-02-22T17:00:00Z,96.03
2023-02-22T18:00:00Z,5.18
2023-02-22T19:00:00Z,0.0
2023-02-22T20:00:00Z,0.0
2023-02-22T21:00:00Z,0.0
2023-02-22T22:00:00Z,0.0
2023-02-22T23:00:00Z,0.0
2023-02-23T00:00:00Z,0.0
2023-02-23T01:00:00Z,0.0
2023-02-23T02:00:00Z,0.0
2023-02-23T03:00:00Z,0.0
2023-02-23T04:00:00Z,0.0
2023-02-23T05:00:00Z,0.0
2023-02-23T06:00:00Z,7.6
2023-02-23T07:00:00Z,59.1
2023-02-23T08:00:00Z,144.65
2023-02-23T09:00:00Z,154.0
2023-02-23T10:00:00Z,193.35
2023-02-23T11:00:00Z,146.75
2023-02-23T12:00:00Z,153.1
2023-02-23T13:00:00Z,112.75
2023-02-23T14:00:00Z,178.4
2023-02-23T15:00:00Z,199.15
2023-02-23T16:00:00Z,125.38
2023-02-23T17:00:00Z,51.22
2023-02-23T18:00:00Z,2.75
2023-02-23T19:00:00Z,0.0
2023-02-23T20:00:00Z,0.0
2023-02-23T21:00:00Z,0.0
2023-02-23T22:00:00Z,0.0
2023-02-23T23:00:00Z,0.0
2023-02-24T00:00:00Z,0.0
2023-02-24T01:00:00Z,0.0
2023-02-24T02:00:00Z,0.0
2023-02-24T03:00:00Z,0.0
2023-02-24T04:00:00Z,0.0
2023-02-24T05:00:00Z,0.0
2023-02-24T06:00:00Z,6.3
2023-02-24T07:00:00Z,36.78
2023-02-24T08:00:00Z,41.9
2023-02-24T09:00:00Z,61.33
2023-02-24T10:00:00Z,74.07
2023-02-24T11:00:00Z,164.88
2023-02-24T12:00:00Z,334.6
2023-02-24T13:00:00Z,538.75
2023-02-24T14:00:00Z,401.02
2023-02-24T15:00:00Z,256.5
2023-02-24T16:00:00Z,148.93
2023-02-24T17:00:00Z,57.5
2023-02-24T18:00:00Z,1.88
2023-02-24T19:00:00Z,0.0
2023-02-24T20:00:00Z,0.0
2023-02-24T21:00:00Z,0.0
2023-02-24T22:00:00Z,0.0
2023-02-24T23:00:00Z,0.0
2023-02-25T00:00:00Z,0.0
2023-02-25T01:00:00Z,0.0
2023-02-25T02:00:00Z,0.0
2023-02-25T03:00:00Z,0.0
2023-02-25T04:00:00Z,0.0
2023-02-25T05:00:00Z,0.0
2023-02-25T06:00:00Z,5.65
2023-02-25T07:00:00Z,26.02
2023-02-25T08:00:00Z,47.12
2023-02-25T09:00:00Z,65.62
2023-02-25T10:00:00Z,79.25
2023-02-25T11:00:00Z,63.9
2023-02-25T12:00:00Z,49.25
2023-02-25T13:00:00Z,48.8
2023-02-25T14:00:00Z,65.82
2023-02-25T15:00:00Z,65.68
2023-02-25T16:00:00Z,42.33
2023-02-25T17:00:00Z,16.27
2023-02-25T18:00:00Z,0.93
2023-02-25T19:00:00Z,0.0
2023-02-25T20:00:00Z,0.0
2023-02-25T21:00:00Z,0.0
2023-02-25T22:00:00Z,0.0
2023-02-25T23:00:00Z,0.0
2023-02-26T00:00:00Z,0.0
2023-02-26T01:00:00Z,0.0
2023-02-26T02:00:00Z,0.0
2023-02-26T03:00:00Z,0.0
2023-02-26T04:00:00Z,0.0
2023-02-26T05:00:00Z,0.0
2023-02-26T06:00:00Z,10.75
2023-02-26T07:00:00Z,78.8
2023-02-26T08:00:00Z,78.15
2023-02-26T09:00:00Z,123.3
2023-02-26T10:00:00Z,222.18
2023-02-26T11:00:00Z,391.6
2023-02-26T12:00:00Z,434.35
2023-02-26T13:00:00Z,304.9
2023-02-26T14:00:00Z,203.3
2023-02-26T15:00:00Z,154.48
2023-02-26T16:00:00Z,97.15
2023-02-26T17:00:00Z,38.67
2023-02-26T18:00:00Z,2.08
2023-02-26T19:00:00Z,0.0
2023-02-26T20:00:00Z,0.0
2023-02-26T21:00:00Z,0.0
2023-02-26T22:00:00Z,0.0
2023-02-26T23:00:00Z,0.0
2023-02-27T00:00:00Z,0.0
2023-02-27T01:00:00Z,0.0
2023-02-27T02:00:00Z,0.0
2023-02-27T03:00:00Z,0.0
2023-02-27T04:00:00Z,0.0
2023-02-27T05:00:00Z,0.0
2023-02-27T06:00:00Z,37.17
2023-02-27T07:00:00Z,237.52
2023-02-27T08:00:00Z,455.02
2023-02-27T09:00:00Z,601.62
2023-02-27T10:00:00Z,837.65
2023-02-27T11:00:00Z,918.08
2023-02-27T12:00:00Z,919.62
2023-02-27T13:00:00Z,859.03
2023-02-27T14:00:00Z,784.67
2023-02-27T15:00:00Z,525.3
2023-02-27T16:00:00Z,318.48
2023-02-27T17:00:00Z,109.2
2023-02-27T18:00:00Z,5.0
2023-02-27T19:00:00Z,0.0
2023-02-27T20:00:00Z,0.0
2023-02-27T21:00:00Z,0.0
2023-02-27T22:00:00Z,0.0
2023-02-27T23:00:00Z,0.0
2023-02-28T00:00:00Z,0.0
2023-02-28T01:00:00Z,0.0
2023-02-28T02:00:00Z,0.0
2023-02-28T03:00:00Z,0.0
2023-02-28T04:00:00Z,0.0
2023-02-28T05:00:00Z,0.0
2023-02-28T06:00:00Z,34.5
2023-02-28T07:00:00Z,226.4
2023-02-28T08:00:00Z,430.67
2023-02-28T09:00:00Z,513.92
2023-02-28T10:00:00Z,760.25
2023-02-28T11:00:00Z,850.8
2023-02-28T12:00:00Z,801.45
2023-02-28T13:00:00Z,953.28
2023-02-28T14:00:00Z,783.55
2023-02-28T15:00:00Z,590.97
2023-02-28T16:00:00Z,366.83
2023-02-28T17:00:00Z,133.38
2023-02-28T18:00:00Z,4.8
2023-02-28T19:00:00Z,0.0
2023-02-28T20:00:00Z,0.0
2023-02-28T21:00:00Z,0.0
2023-02-28T22:00:00Z,0.0
2023-02-28T23:00:00Z,0.0
2023-03-01T00:00:00Z,0.0
2023-03-01T01:00:00Z,0.0
2023-03-01T02:00:00Z,0.0
2023-03-01T03:00:00Z,0.0
2023-03-01T04:00:00Z,0.0
2023-03-01T05:00:00Z,0.0
2023-03-01T06:00:00Z,35.95
2023-03-01T07:00:00Z,246.48
2023-03-01T08:00:00Z,491.95
2023-03-01T09:00:00Z,685.45
2023-03-01T10:00:00Z,814.8
2023-03-01T11:00:00Z,927.45
2023-03-01T12:00:00Z,937.08
2023-03-01T13:00:00Z,882.72
2023-03-01T14:00:00Z,713.33
2023-03-01T15:00:00Z,517.0
2023-03-01T16:00:00Z,301.75
2023-03-01T17:00:00Z,96.6
2023-03-01T18:00:00Z,4.0
2023-03-01T19:00:00Z,0.0
2023-03-01T20:00:00Z,0.0
2023-03-01T21:00:00Z,0.0
2023-03-01T22:00:00Z,0.0
2023-03-01T23:00:00Z,0.0
2023-03-02T00:00:00Z,0.0
2023-03-02T01:00:00Z,0.0
2023-03-02T02:00:00Z,0.0
2023-03-02T03:00:00Z,0.0
2023-03-02T04:00:00Z,0.0
2023-03-02T05:00:00Z,0.0
2023-03-02T06:00:00Z,26.77
2023-03-02T07:00:00Z,177.65
2023-03-02T08:00:00Z,384.17
2023-03-02T09:00:00Z,576.25
2023-03-02T10:00:00Z,729.92
2023-03-02T11:00:00Z,843.15
2023-03-02T12:00:00Z,857.75
2023-03-02T13:00:00Z,794.95
2023-03-02T14:00:00Z,705.25
2023-03-02T15:00:00Z,523.75
2023-03-02T16:00:00Z,312.17
2023-03-02T17:00:00Z,114.2
2023-03-02T18:00:00Z,4.0
2023-03-02T19:00:00Z,0.0
2023-03-02T20:00:00Z,0.0
2023-03-02T21:00:00Z,0.0
2023-03-02T22:00:00Z,0.0
2023-03-02T23:00:00Z,0.0
2023-03-03T00:00:00Z,0.0
2023-03-03T01:00:00Z,0.0
2023-03-03T02:00:00Z,0.0
2023-03-03T03:00:00Z,0.0
2023-03-03T04:00:00Z,0.0
2023-03-03T05:00:00Z,0.0
2023-03-03T06:00:00Z,31.55
2023-03-03T07:00:00Z,201.23
2023-03-03T08:00:00Z,445.08
2023-03-03T09:00:00Z,642.28
2023-03-03T10:00:00Z,795.42
2023-03-03T11:00:00Z,891.0
2023-03-03T12:00:00Z,968.83
2023-03-03T13:00:00Z,890.45
2023-03-03T14:00:00Z,780.45
2023-03-03T15:00:00Z,570.65
2023-03-03T16:00:00Z,353.27
2023-03-03T17:00:00Z,125.53
2023-03-03T18:00:00Z,4.28
2023-03-03T19:00:00Z,0.0
2023-03-03T20:00:00Z,0.0
2023-03-03T21:00:00Z,0.0
2023-03-03T22:00:00Z,0.0
2023-03-03T23:00:00Z,0.0
2023-03-04T00:00:00Z,0.0
2023-03-04T01:00:00Z,0.0
2023-03-04T02:00:00Z,0.0
2023-03-04T03:00:00Z,0.0
2023-03-04T04:00:00Z,0.0
2023-03-04T05:00:00Z,0.0
2023-03-04T06:00:00Z,38.55
2023-03-04T07:00:00Z,248.68
2023-03-04T08:00:00Z,487.77
2023-03-04T09:00:00Z,699.45
2023-03-04T10:00:00Z,864.4
2023-03-04T11:00:00Z,956.67
2023-03-04T12:00:00Z,978.4
2023-03-04T13:00:00Z,900.6
2023-03-04T14:00:00Z,790.28
2023-03-04T15:00:00Z,557.8
2023-03-04T16:00:00Z,339.58
2023-03-04T17:00:00Z,109.57
2023-03-04T18:00:00Z,3.95
2023-03-04T19:00:00Z,0.0
2023-03-04T20:00:00Z,0.0
2023-03-04T21:00:00Z,0.0
2023-03-04T22:00:00Z,0.0
2023-03-04T23:00:00Z,0.0
2023-03-05T00:00:00Z,0.0
2023-03-05T01:00:00Z,0.0
2023-03-05T02:00:00Z,0.0
2023-03-05T03:00:00Z,0.0
2023-03-05T04:00:00Z,0.0
2023-03-05T05:00:00Z,0.0
2023-03-05T06:00:00Z,47.95
2023-03-05T07:00:00Z,290.1
2023-03-05T08:00:00Z,539.75
2023-03-05T09:00:00Z,765.92
2023-03-05T10:00:00Z,921.05
2023-03-05T11:00:00Z,1010.25
2023-03-05T12:00:00Z,1010.8
2023-03-05T13:00:00Z,949.05
2023-03-05T14:00:00Z,835.58
2023-03-05T15:00:00Z,622.17
2023-03-05T16:00:00Z,346.52
2023-03-05T17:00:00Z,134.12
2023-03-05T18:00:00Z,3.92
2023-03-05T19:00:00Z,0.0
2023-03-05T20:00:00Z,0.0
2023-03-05T21:00:00Z,0.0
2023-03-05T22:00:00Z,0.0
2023-03-05T23:00:00Z,0.0
2023-03-06T00:00:00Z,0.0
2023-03-06T01:00:00Z,0.0
2023-03-06T02:00:00Z,0.0
2023-03-06T03:00:00Z,0.0
2023-03-06T04:00:00Z,0.0
2023-03-06T05:00:00Z,0.0
2023-03-06T06:00:00Z,48.92
2023-03-06T07:00:00Z,275.9
2023-03-06T08:00:00Z,532.38
2023-03-06T09:00:00Z,741.47
2023-03-06T10:00:00Z,920.25
2023-03-06T11:00:00Z,1012.75
2023-03-06T12:00:00Z,1023.3
2023-03-06T13:00:00Z,978.4
2023-03-06T14:00:00Z,824.05
2023-03-06T15:00:00Z,621.35
2023-03-06T16:00:00Z,385.52
2023-03-06T17:00:00Z,136.55
2023-03-06T18:00:00Z,3.58
2023-03-06T19:00:00Z,0.0
2023-03-06T20:00:00Z,0.0
2023-03-06T21:00:00Z,0.0
2023-03-06T22:00:00Z,0.0
2023-03-06T23:00:00Z,0.0
2023-03-07T00:00:00Z,0.0
2023-03-07T01:00:00Z,0.0
2023-03-07T02:00:00Z,0.0
2023-03-07T03:00:00Z,0.0
2023-03-07T04:00:00Z,0.0
2023-03-07T05:00:00Z,0.0
2023-03-07T06:00:00Z,39.97
2023-03-07T07:00:00Z,254.55
2023-03-07T08:00:00Z,495.42
2023-03-07T09:00:00Z,681.83
2023-03-07T10:00:00Z,770.72
2023-03-07T11:00:00Z,946.2
2023-03-07T12:00:00Z,928.9
2023-03-07T13:00:00Z,930.33
2023-03-07T14:00:00Z,781.75
2023-03-07T15:00:00Z,589.03
2023-03-07T16:00:00Z,359.52
2023-03-07T17:00:00Z,131.85
2023-03-07T18:00:00Z,0.0
2023-03-07T19:00:00Z,0.0
2023-03-07T20:00:00Z,0.0
2023-03-07T21:00:00Z,0.0
2023-03-07T22:00:00Z,0.0
2023-03-07T23:00:00Z,0.0
2023-03-08T00:00:00Z,0.0
2023-03-08T01:00:00Z,0.0
2023-03-08T02:00:00Z,0.0
2023-03-08T03:00:00Z,0.0
2023-03-08T04:00:00Z,0.0
2023-03-08T05:00:00Z,0.0
2023-03-08T06:00:00Z,31.02
2023-03-08T07:00:00Z,198.15
2023-03-08T08:00:00Z,405.23
2023-03-08T09:00:00Z,604.5
2023-03-08T10:00:00Z,758.55
2023-03-08T11:00:00Z,795.17
2023-03-08T12:00:00Z,780.47
2023-03-08T13:00:00Z,727.7
2023-03-08T14:00:00Z,620.65
2023-03-08T15:00:00Z,461.55
2023-03-08T16:00:00Z,256.2
2023-03-08T17:00:00Z,97.3
2023-03-08T18:00:00Z,0.0
2023-03-08T19:00:00Z,0.0
2023-03-08T20:00:00Z,0.0
2023-03-08T21:00:00Z,0.0
2023-03-08T22:00:00Z,0.0
2023-03-08T23:00:00Z,0.0
2023-03-09T00:00:00Z,0.0
2023-03-09T01:00:00Z,0.0
2023-03-09T02:00:00Z,0.0
2023-03-09T03:00:00Z,0.0
2023-03-09T04:00:00Z,0.0
2023-03-09T05:00:00Z,0.0
2023-03-09T06:00:00Z,31.48
2023-03-09T07:00:00Z,211.73
2023-03-09T08:00:00Z,413.25
2023-03-09T09:00:00Z,608.85
2023-03-09T10:00:00Z,783.05
2023-03-09T11:00:00Z,930.53
2023-03-09T12:00:00Z,924.5
2023-03-09T13:00:00Z,898.38
2023-03-09T14:00:00Z,754.53
2023-03-09T15:00:00Z,555.1
2023-03-09T16:00:00Z,342.6
2023-03-09T17:00:00Z,117.15
2023-03-09T18:00:00Z,0.0
2023-03-09T19:00:00Z,0.0
2023-03-09T20:00:00Z,0.0
2023-03-09T21:00:00Z,0.0
2023-03-09T22:00:00Z,0.0
2023-03-09T23:00:00Z,0.0
2023-03-10T00:00:00Z,0.0
2023-03-10T01:00:00Z,0.0
2023-03-10T02:00:00Z,0.0
2023-03-10T03:00:00Z,0.0
2023-03-10T04:00:00Z,0.0
2023-03-10T05:00:00Z,0.0
2023-03-10T06:00:00Z,29.45
2023-03-10T07:00:00Z,202.05
2023-03-10T08:00:00Z,385.4
2023-03-10T09:00:00Z,555.72
2023-03-10T10:00:00Z,707.12
2023-03-10T11:00:00Z,856.58
2023-03-10T12:00:00Z,904.55
2023-03-10T13:00:00Z,856.17
2023-03-10T14:00:00Z,761.47
2023-03-10T15:00:00Z,573.15
2023-03-10T16:00:00Z,326.12
2023-03-10T17:00:00Z,117.43
2023-03-10T18:00:00Z,0.0
2023-03-10T19:00:00Z,0.0
2023-03-10T20:00:00Z,0.0
2023-03-10T21:00:00Z,0.0
2023-03-10T22:00:00Z,0.0
2023-03-10T23:00:00Z,0.0
2023-03-11T00:00:00Z,0.0
2023-03-11T01:00:00Z,0.0
2023-03-11T02:00:00Z,0.0
2023-03-11T03:00:00Z,0.0
2023-03-11T04:00:00Z,0.0
2023-03-11T05:00:00Z,0.0
2023-03-11T06:00:00Z,29.92
2023-03-11T07:00:00Z,216.93
2023-03-11T08:00:00Z,424.58
2023-03-11T09:00:00Z,560.4
2023-03-11T10:00:00Z,762.22
2023-03-11T11:00:00Z,885.85
2023-03-11T12:00:00Z,844.47
2023-03-11T13:00:00Z,768.5
2023-03-11T14:00:00Z,619.55
2023-03-11T15:00:00Z,456.23
2023-03-11T16:00:00Z,262.23
2023-03-11T17:00:00Z,95.85
2023-03-11T18:00:00Z,0.0
2023-03-11T19:00:00Z,0.0
2023-03-11T20:00:00Z,0.0
2023-03-11T21:00:00Z,0.0
2023-03-11T22:00:00Z,0.0
2023-03-11T23:00:00Z,0.0
2023-03-12T00:00:00Z,0.0
2023-03-12T01:00:00Z,0.0
2023-03-12T02:00:00Z,0.0
2023-03-12T03:00:00Z,0.0
2023-03-12T04:00:00Z,0.0
2023-03-12T05:00:00Z,0.0
2023-03-12T06:00:00Z,39.03
2023-03-12T07:00:00Z,229.6
2023-03-12T08:00:00Z,457.17
2023-03-12T09:00:00Z,632.78
2023-03-12T10:00:00Z,813.47
2023-03-12T11:00:00Z,896.5
2023-03-12T12:00:00Z,878.3
2023-03-12T13:00:00Z,748.53
2023-03-12T14:00:00Z,517.2
2023-03-12T15:00:00Z,382.08
2023-03-12T16:00:00Z,217.45
2023-03-12T17:00:00Z,72.93
2023-03-12T18:00:00Z,0.0
2023-03-12T19:00:00Z,0.0
2023-03-12T20:00:00Z,0.0
2023-03-12T21:00:00Z,0.0
2023-03-12T22:00:00Z,0.0
2023-03-12T23:00:00Z,0.0
2023-03-13T00:00:00Z,0.0
2023-03-13T01:00:00Z,0.0
2023-03-13T02:00:00Z,0.0
2023-03-13T03:00:00Z,0.0
2023-03-13T04:00:00Z,0.0
2023-03-13T05:00:00Z,0.0
2023-03-13T06:00:00Z,38.92
2023-03-13T07:00:00Z,232.02
2023-03-13T08:00:00Z,467.45
2023-03-13T09:00:00Z,674.92
2023-03-13T10:00:00Z,846.4
2023-03-13T11:00:00Z,912.08
2023-03-13T12:00:00Z,919.2
2023-03-13T13:00:00Z,799.03
2023-03-13T14:00:00Z,701.62
2023-03-13T15:00:00Z,574.7
2023-03-13T16:00:00Z,348.0
2023-03-13T17:00:00Z,115.57
2023-03-13T18:00:00Z,0.0
2023-03-13T19:00:00Z,0.0
2023-03-13T20:00:00Z,0.0
2023-03-13T21:00:00Z,0.0
2023-03-13T22:00:00Z,0.0
2023-03-13T23:00:00Z,0.0
2023-03-14T00:00:00Z,0.0
2023-03-14T01:00:00Z,0.0
2023-03-14T02:00:00Z,0.0
2023-03-14T03:00:00Z,0.0
2023-03-14T04:00:00Z,0.0
2023-03-14T05:00:00Z,0.0
2023-03-14T06:00:00Z,29.35
2023-03-14T07:00:00Z,197.35
2023-03-14T08:00:00Z,414.55
2023-03-14T09:00:00Z,622.15
2023-03-14T10:00:00Z,776.7
2023-03-14T11:00:00Z,915.83
2023-03-14T12:00:00Z,975.35
2023-03-14T13:00:00Z,889.33
2023-03-14T14:00:00Z,729.2
2023-03-14T15:00:00Z,564.83
2023-03-14T16:00:00Z,343.58
2023-03-14T17:00:00Z,111.68
2023-03-14T18:00:00Z,0.0
2023-03-14T19:00:00Z,0.0
2023-03-14T20:00:00Z,0.0
2023-03-14T21:00:00Z,0.0
2023-03-14T22:00:00Z,0.0
2023-03-14T23:00:00Z,0.0
2023-03-15T00:00:00Z,0.0
2023-03-15T01:00:00Z,0.0
2023-03-15T02:00:00Z,0.0
2023-03-15T03:00:00Z,0.0
2023-03-15T04:00:00Z,0.0
2023-03-15T05:00:00Z,0.0
2023-03-15T06:00:00Z,53.05
2023-03-15T07:00:00Z,284.17
2023-03-15T08:00:00Z,540.1
2023-03-15T09:00:00Z,751.5
2023-03-15T10:00:00Z,916.6
2023-03-15T11:00:00Z,1023.75
2023-03-15T12:00:00Z,1036.5
2023-03-15T13:00:00Z,953.8
2023-03-15T14:00:00Z,830.62
2023-03-15T15:00:00Z,597.4
2023-03-15T16:00:00Z,367.33
2023-03-15T17:00:00Z,122.3
2023-03-15T18:00:00Z,0.0
2023-03-15T19:00:00Z,0.0
2023-03-15T20:00:00Z,0.0
2023-03-15T21:00:00Z,0.0
2023-03-15T22:00:00Z,0.0
2023-03-15T23:00:00Z,0.0
2023-03-16T00:00:00Z,0.0
2023-03-16T01:00:00Z,0.0
2023-03-16T02:00:00Z,0.0
2023-03-16T03:00:00Z,0.0
2023-03-16T04:00:00Z,0.0
2023-03-16T05:00:00Z,0.0
2023-03-16T06:00:00Z,51.28
2023-03-16T07:00:00Z,282.62
2023-03-16T08:00:00Z,529.58
2023-03-16T09:00:00Z,741.78
2023-03-16T10:00:00Z,904.6
2023-03-16T11:00:00Z,992.47
2023-03-16T12:00:00Z,1003.15
2023-03-16T13:00:00Z,949.05
2023-03-16T14:00:00Z,710.65
2023-03-16T15:00:00Z,533.92
2023-03-16T16:00:00Z,325.15
2023-03-16T17:00:00Z,101.25
2023-03-16T18:00:00Z,0.0
2023-03-16T19:00:00Z,0.0
2023-03-16T20:00:00Z,0.0
2023-03-16T21:00:00Z,0.0
2023-03-16T22:00:00Z,0.0
2023-03-16T23:00:00Z,0.0
2023-03-17T00:00:00Z,0.0
2023-03-17T01:00:00Z,0.0
2023-03-17T02:00:00Z,0.0
2023-03-17T03:00:00Z,0.0
2023-03-17T04:00:00Z,0.0
2023-03-17T05:00:00Z,0.0
2023-03-17T06:00:00Z,38.65
2023-03-17T07:00:00Z,251.93
2023-03-17T08:00:00Z,451.0
2023-03-17T09:00:00Z,625.67
2023-03-17T10:00:00Z,842.12
2023-03-17T11:00:00Z,857.58
2023-03-17T12:00:00Z,786.15
2023-03-17T13:00:00Z,788.67
2023-03-17T14:00:00Z,666.33
2023-03-17T15:00:00Z,450.15
2023-03-17T16:00:00Z,256.27
2023-03-17T17:00:00Z,79.53
2023-03-17T18:00:00Z,0.0
2023-03-17T19:00:00Z,0.0
2023-03-17T20:00:00Z,0.0
2023-03-17T21:00:00Z,0.0
2023-03-17T22:00:00Z,0.0
2023-03-17T23:00:00Z,0.0
2023-03-18T00:00:00Z,0.0
2023-03-18T01:00:00Z,0.0
2023-03-18T02:00:00Z,0.0
2023-03-18T03:00:00Z,0.0
2023-03-18T04:00:00Z,0.0
2023-03-18T05:00:00Z,0.0
2023-03-18T06:00:00Z,40.85
2023-03-18T07:00:00Z,209.93
2023-03-18T08:00:00Z,420.42
2023-03-18T09:00:00Z,594.55
2023-03-18T10:00:00Z,720.75
2023-03-18T11:00:00Z,803.97
2023-03-18T12:00:00Z,883.95
2023-03-18T13:00:00Z,883.17
2023-03-18T14:00:00Z,697.83
2023-03-18T15:00:00Z,514.83
2023-03-18T16:00:00Z,313.83
2023-03-18T17:00:00Z,97.1
2023-03-18T18:00:00Z,0.0
2023-03-18T19:00:00Z,0.0
2023-03-18T20:00:00Z,0.0
2023-03-18T21:00:00Z,0.0
2023-03-18T22:00:00Z,0.0
2023-03-18T23:00:00Z,0.0
2023-03-19T00:00:00Z,0.0
2023-03-19T01:00:00Z,0.0
2023-03-19T02:00:00Z,0.0
2023-03-19T03:00:00Z,0.0
2023-03-19T04:00:00Z,0.0
2023-03-19T05:00:00Z,0.0
2023-03-19T06:00:00Z,17.2
2023-03-19T07:00:00Z,101.25
2023-03-19T08:00:00Z,89.8
2023-03-19T09:00:00Z,139.32
2023-03-19T10:00:00Z,178.57
2023-03-19T11:00:00Z,301.65
2023-03-19T12:00:00Z,265.02
2023-03-19T13:00:00Z,303.17
2023-03-19T14:00:00Z,381.45
2023-03-19T15:00:00Z,278.77
2023-03-19T16:00:00Z,153.98
2023-03-19T17:00:00Z,51.1
2023-03-19T18:00:00Z,0.0
2023-03-19T19:00:00Z,0.0
2023-03-19T20:00:00Z,0.0
2023-03-19T21:00:00Z,0.0
2023-03-19T22:00:00Z,0.0
2023-03-19T23:00:00Z,0.0
2023-03-20T00:00:00Z,0.0
2023-03-20T01:00:00Z,0.0
2023-03-20T02:00:00Z,0.0
2023-03-20T03:00:00Z,0.0
2023-03-20T04:00:00Z,0.0
2023-03-20T05:00:00Z,0.0
2023-03-20T06:00:00Z,30.35
2023-03-20T07:00:00Z,197.18
2023-03-20T08:00:00Z,413.6
2023-03-20T09:00:00Z,606.97
2023-03-20T10:00:00Z,770.38
2023-03-20T11:00:00Z,902.75
2023-03-20T12:00:00Z,919.47
2023-03-20T13:00:00Z,839.45
2023-03-20T14:00:00Z,633.67
2023-03-20T15:00:00Z,541.4
2023-03-20T16:00:00Z,312.98
2023-03-20T17:00:00Z,98.95
2023-03-20T18:00:00Z,0.0
2023-03-20T19:00:00Z,0.0
2023-03-20T20:00:00Z,0.0
2023-03-20T21:00:00Z,0.0
2023-03-20T22:00:00Z,0.0
2023-03-20T23:00:00Z,0.0
2023-03-21T00:00:00Z,0.0
2023-03-21T01:00:00Z,0.0
2023-03-21T02:00:00Z,0.0
2023-03-21T03:00:00Z,0.0
2023-03-21T04:00:00Z,0.0
2023-03-21T05:00:00Z,0.0
2023-03-21T06:00:00Z,47.7
2023-03-21T07:00:00Z,272.65
2023-03-21T08:00:00Z,518.33
2023-03-21T09:00:00Z,732.88
2023-03-21T10:00:00Z,891.58
2023-03-21T11:00:00Z,988.08
2023-03-21T12:00:00Z,997.0
2023-03-21T13:00:00Z,936.38
2023-03-21T14:00:00Z,801.78
2023-03-21T15:00:00Z,576.2
2023-03-21T16:00:00Z,347.98
2023-03-21T17:00:00Z,112.6
2023-03-21T18:00:00Z,0.0
2023-03-21T19:00:00Z,0.0
2023-03-21T20:00:00Z,0.0
2023-03-21T21:00:00Z,0.0
2023-03-21T22:00:00Z,0.0
2023-03-21T23:00:00Z,0.0
2023-03-22T00:00:00Z,0.0
2023-03-22T01:00:00Z,0.0
2023-03-22T02:00:00Z,0.0
2023-03-22T03:00:00Z,0.0
2023-03-22T04:00:00Z,0.0
2023-03-22T05:00:00Z,0.0
2023-03-22T06:00:00Z,48.12
2023-03-22T07:00:00Z,278.9
2023-03-22T08:00:00Z,528.92
2023-03-22T09:00:00Z,746.33
2023-03-22T10:00:00Z,914.83
2023-03-22T11:00:00Z,990.4
2023-03-22T12:00:00Z,994.92
2023-03-22T13:00:00Z,916.03
2023-03-22T14:00:00Z,774.3
2023-03-22T15:00:00Z,564.05
2023-03-22T16:00:00Z,332.02
2023-03-22T17:00:00Z,98.2
2023-03-22T18:00:00Z,0.0
2023-03-22T19:00:00Z,0.0
2023-03-22T20:00:00Z,0.0
2023-03-22T21:00:00Z,0.0
2023-03-22T22:00:00Z,0.0
2023-03-22T23:00:00Z,0.0
2023-03-23T00:00:00Z,0.0
2023-03-23T01:00:00Z,0.0
2023-03-23T02:00:00Z,0.0
2023-03-23T03:00:00Z,0.0
2023-03-23T04:00:00Z,0.0
2023-03-23T05:00:00Z,0.0
2023-03-23T06:00:00Z,42.3
2023-03-23T07:00:00Z,249.12
2023-03-23T08:00:00Z,488.95
2023-03-23T09:00:00Z,700.4
2023-03-23T10:00:00Z,862.22
2023-03-23T11:00:00Z,952.8
2023-03-23T12:00:00Z,942.12
2023-03-23T13:00:00Z,838.92
2023-03-23T14:00:00Z,752.75
2023-03-23T15:00:00Z,507.3
2023-03-23T16:00:00Z,282.85
2023-03-23T17:00:00Z,80.93
2023-03-23T18:00:00Z,0.0
2023-03-23T19:00:00Z,0.0
2023-03-23T20:00:00Z,0.0
2023-03-23T21:00:00Z,0.0
2023-03-23T22:00:00Z,0.0
2023-03-23T23:00:00Z,0.0
2023-03-24T00:00:00Z,0.0
2023-03-24T01:00:00Z,0.0
2023-03-24T02:00:00Z,0.0
2023-03-24T03:00:00Z,0.0
2023-03-24T04:00:00Z,0.0
2023-03-24T05:00:00Z,0.0
2023-03-24T06:00:00Z,23.23
2023-03-24T07:00:00Z,161.62
2023-03-24T08:00:00Z,339.23
2023-03-24T09:00:00Z,463.6
2023-03-24T10:00:00Z,579.17
2023-03-24T11:00:00Z,785.53
2023-03-24T12:00:00Z,826.62
2023-03-24T13:00:00Z,794.17
2023-03-24T14:00:00Z,626.55
2023-03-24T15:00:00Z,391.3
2023-03-24T16:00:00Z,223.43
2023-03-24T17:00:00Z,61.67
2023-03-24T18:00:00Z,0.0
2023-03-24T19:00:00Z,0.0
2023-03-24T20:00:00Z,0.0
2023-03-24T21:00:00Z,0.0
2023-03-24T22:00:00Z,0.0
2023-03-24T23:00:00Z,0.0
2023-03-25T00:00:00Z,0.0
2023-03-25T01:00:00Z,0.0
2023-03-25T02:00:00Z,0.0
2023-03-25T03:00:00Z,0.0
2023-03-25T04:00:00Z,0.0
2023-03-25T05:00:00Z,0.0
2023-03-25T06:00:00Z,50.28
2023-03-25T07:00:00Z,280.12
2023-03-25T08:00:00Z,527.85
2023-03-25T09:00:00Z,731.72
2023-03-25T10:00:00Z,878.78
2023-03-25T11:00:00Z,964.38
2023-03-25T12:00:00Z,975.78
2023-03-25T13:00:00Z,865.97
2023-03-25T14:00:00Z,749.85
2023-03-25T15:00:00Z,526.95
2023-03-25T16:00:00Z,317.8
2023-03-25T17:00:00Z,96.1
2023-03-25T18:00:00Z,0.0
2023-03-25T19:00:00Z,0.0
2023-03-25T20:00:00Z,0.0
2023-03-25T21:00:00Z,0.0
2023-03-25T22:00:00Z,0.0
2023-03-25T23:00:00Z,0.0
2023-03-26T00:00:00Z,0.0
2023-03-26T01:00:00Z,0.0
2023-03-26T02:00:00Z,0.0
2023-03-26T03:00:00Z,0.0
2023-03-26T04:00:00Z,0.0
2023-03-26T05:00:00Z,0.0
2023-03-26T06:00:00Z,4.28
2023-03-26T07:00:00Z,32.17
2023-03-26T08:00:00Z,63.47
2023-03-26T09:00:00Z,94.95
2023-03-26T10:00:00Z,213.12
2023-03-26T11:00:00Z,379.88
2023-03-26T12:00:00Z,458.08
2023-03-26T13:00:00Z,442.85
2023-03-26T14:00:00Z,530.15
2023-03-26T15:00:00Z,378.4
2023-03-26T16:00:00Z,211.02
2023-03-26T17:00:00Z,57.1
2023-03-26T18:00:00Z,0.0
2023-03-26T19:00:00Z,0.0
2023-03-26T20:00:00Z,0.0
2023-03-26T21:00:00Z,0.0
2023-03-26T22:00:00Z,0.0
2023-03-26T23:00:00Z,0.0
2023-03-27T00:00:00Z,0.0
2023-03-27T01:00:00Z,0.0
2023-03-27T02:00:00Z,0.0
2023-03-27T03:00:00Z,0.0
2023-03-27T04:00:00Z,0.0
2023-03-27T05:00:00Z,0.0
2023-03-27T06:00:00Z,44.95
2023-03-27T07:00:00Z,275.55
2023-03-27T08:00:00Z,529.08
2023-03-27T09:00:00Z,740.9
2023-03-27T10:00:00Z,893.17
2023-03-27T11:00:00Z,945.62
2023-03-27T12:00:00Z,952.83
2023-03-27T13:00:00Z,843.2
2023-03-27T14:00:00Z,705.7
2023-03-27T15:00:00Z,565.47
2023-03-27T16:00:00Z,308.3
2023-03-27T17:00:00Z,94.2
2023-03-27T18:00:00Z,0.0
2023-03-27T19:00:00Z,0.0
2023-03-27T20:00:00Z,0.0
2023-03-27T21:00:00Z,0.0
2023-03-27T22:00:00Z,0.0
2023-03-27T23:00:00Z,0.0
2023-03-28T00:00:00Z,0.0
2023-03-28T01:00:00Z,0.0
2023-03-28T02:00:00Z,0.0
2023-03-28T03:00:00Z,0.0
2023-03-28T04:00:00Z,0.0
2023-03-28T05:00:00Z,0.0
2023-03-28T06:00:00Z,38.7
2023-03-28T07:00:00Z,262.12
2023-03-28T08:00:00Z,488.02
2023-03-28T09:00:00Z,705.58
2023-03-28T10:00:00Z,879.92
2023-03-28T11:00:00Z,968.67
2023-03-28T12:00:00Z,978.03
2023-03-28T13:00:00Z,907.6
2023-03-28T14:00:00Z,754.9
2023-03-28T15:00:00Z,567.72
2023-03-28T16:00:00Z,335.73
2023-03-28T17:00:00Z,98.1
2023-03-28T18:00:00Z,0.0
2023-03-28T19:00:00Z,0.0
2023-03-28T20:00:00Z,0.0
2023-03-28T21:00:00Z,0.0
2023-03-28T22:00:00Z,0.0
2023-03-28T23:00:00Z,0.0
2023-03-29T00:00:00Z,0.0
2023-03-29T01:00:00Z,0.0
2023-03-29T02:00:00Z,0.0
2023-03-29T03:00:00Z,0.0
2023-03-29T04:00:00Z,0.0
2023-03-29T05:00:00Z,0.0
2023-03-29T06:00:00Z,30.33
2023-03-29T07:00:00Z,178.48
2023-03-29T08:00:00Z,381.25
2023-03-29T09:00:00Z,580.53
2023-03-29T10:00:00Z,700.15
2023-03-29T11:00:00Z,669.7
2023-03-29T12:00:00Z,584.42
2023-03-29T13:00:00Z,641.7
2023-03-29T14:00:00Z,408.6
2023-03-29T15:00:00Z,294.52
2023-03-29T16:00:00Z,142.73
2023-03-29T17:00:00Z,18.88
2023-03-29T18:00:00Z,0.0
2023-03-29T19:00:00Z,0.0
2023-03-29T20:00:00Z,0.0
2023-03-29T21:00:00Z,0.0
2023-03-29T22:00:00Z,0.0
2023-03-29T23:00:00Z,0.0
2023-03-30T00:00:00Z,0.0
2023-03-30T01:00:00Z,0.0
2023-03-30T02:00:00Z,0.0
2023-03-30T03:00:00Z,0.0
2023-03-30T04:00:00Z,0.0
2023-03-30T05:00:00Z,0.0
2023-03-30T06:00:00Z,43.4
2023-03-30T07:00:00Z,270.08
2023-03-30T08:00:00Z,517.65
2023-03-30T09:00:00Z,711.88
2023-03-30T10:00:00Z,885.62
2023-03-30T11:00:00Z,967.53
2023-03-30T12:00:00Z,970.7
2023-03-30T13:00:00Z,886.65
2023-03-30T14:00:00Z,747.9
2023-03-30T15:00:00Z,556.75
2023-03-30T16:00:00Z,308.7
2023-03-30T17:00:00Z,89.53
2023-03-30T18:00:00Z,0.0
2023-03-30T19:00:00Z,0.0
2023-03-30T20:00:00Z,0.0
2023-03-30T21:00:00Z,0.0
2023-03-30T22:00:00Z,0.0
2023-03-30T23:00:00Z,0.0
2023-03-31T00:00:00Z,0.0
2023-03-31T01:00:00Z,0.0
2023-03-31T02:00:00Z,0.0
2023-03-31T03:00:00Z,0.0
2023-03-31T04:00:00Z,0.0
2023-03-31T05:00:00Z,0.0
2023-03-31T06:00:00Z,46.97
2023-03-31T07:00:00Z,260.62
2023-03-31T08:00:00Z,483.02
2023-03-31T09:00:00Z,678.88
2023-03-31T10:00:00Z,793.95
2023-03-31T11:00:00Z,902.5
2023-03-31T12:00:00Z,941.22
2023-03-31T13:00:00Z,883.88
2023-03-31T14:00:00Z,757.3
2023-03-31T15:00:00Z,532.47
2023-03-31T16:00:00Z,301.4
2023-03-31T17:00:00Z,80.57
2023-03-31T18:00:00Z,0.0
2023-03-31T19:00:00Z,0.0
2023-03-31T20:00:00Z,0.0
2023-03-31T21:00:00Z,0.0
2023-03-31T22:00:00Z,0.0
2023-03-31T23:00:00Z,0.0
2023-04-01T00:00:00Z,0.0
2023-04-01T01:00:00Z,0.0
2023-04-01T02:00:00Z,0.0
2023-04-01T03:00:00Z,0.0
2023-04-01T04:00:00Z,0.0
2023-04-01T05:00:00Z,0.0
2023-04-01T06:00:00Z,41.67
2023-04-01T07:00:00Z,240.82
2023-04-01T08:00:00Z,451.77
2023-04-01T09:00:00Z,653.4
2023-04-01T10:00:00Z,685.6
2023-04-01T11:00:00Z,713.83
2023-04-01T12:00:00Z,724.62
2023-04-01T13:00:00Z,591.15
2023-04-01T14:00:00Z,410.48
2023-04-01T15:00:00Z,284.9
2023-04-01T16:00:00Z,145.55
2023-04-01T17:00:00Z,33.92
2023-04-01T18:00:00Z,0.0
2023-04-01T19:00:00Z,0.0
2023-04-01T20:00:00Z,0.0
2023-04-01T21:00:00Z,0.0
2023-04-01T22:00:00Z,0.0
2023-04-01T23:00:00Z,0.0
2023-04-02T00:00:00Z,0.0
2023-04-02T01:00:00Z,0.0
2023-04-02T02:00:00Z,0.0
2023-04-02T03:00:00Z,0.0
2023-04-02T04:00:00Z,0.0
2023-04-02T05:00:00Z,0.0
2023-04-02T06:00:00Z,24.17
2023-04-02T07:00:00Z,107.82
2023-04-02T08:00:00Z,236.77
2023-04-02T09:00:00Z,318.65
2023-04-02T10:00:00Z,122.78
2023-04-02T11:00:00Z,151.73
2023-04-02T12:00:00Z,275.4
2023-04-02T13:00:00Z,311.35
2023-04-02T14:00:00Z,359.05
2023-04-02T15:00:00Z,323.62
2023-04-02T16:00:00Z,163.45
2023-04-02T17:00:00Z,37.03
2023-04-02T18:00:00Z,0.0
2023-04-02T19:00:00Z,0.0
2023-04-02T20:00:00Z,0.0
2023-04-02T21:00:00Z,0.0
2023-04-02T22:00:00Z,0.0
2023-04-02T23:00:00Z,0.0
2023-04-03T00:00:00Z,0.0
2023-04-03T01:00:00Z,0.0
2023-04-03T02:00:00Z,0.0
2023-04-03T03:00:00Z,0.0
2023-04-03T04:00:00Z,0.0
2023-04-03T05:00:00Z,0.0
2023-04-03T06:00:00Z,37.45
2023-04-03T07:00:00Z,214.73
2023-04-03T08:00:00Z,435.05
2023-04-03T09:00:00Z,617.88
2023-04-03T10:00:00Z,675.58
2023-04-03T11:00:00Z,750.3
2023-04-03T12:00:00Z,658.22
2023-04-03T13:00:00Z,719.1
2023-04-03T14:00:00Z,512.05
2023-04-03T15:00:00Z,388.88
2023-04-03T16:00:00Z,210.52
2023-04-03T17:00:00Z,48.72
2023-04-03T18:00:00Z,0.0
2023-04-03T19:00:00Z,0.0
2023-04-03T20:00:00Z,0.0
2023-04-03T21:00:00Z,0.0
2023-04-03T22:00:00Z,0.0
2023-04-03T23:00:00Z,0.0
2023-04-04T00:00:00Z,0.0
2023-04-04T01:00:00Z,0.0
2023-04-04T02:00:00Z,0.0
2023-04-04T03:00:00Z,0.0
2023-04-04T04:00:00Z,0.0
2023-04-04T05:00:00Z,0.0
2023-04-04T06:00:00Z,44.95
2023-04-04T07:00:00Z,259.02
2023-04-04T08:00:00Z,510.25
2023-04-04T09:00:00Z,682.38
2023-04-04T10:00:00Z,862.9
2023-04-04T11:00:00Z,923.75
2023-04-04T12:00:00Z,964.62
2023-04-04T13:00:00Z,896.2
2023-04-04T14:00:00Z,748.67
2023-04-04T15:00:00Z,541.25
2023-04-04T16:00:00Z,315.02
2023-04-04T17:00:00Z,79.05
2023-04-04T18:00:00Z,0.0
2023-04-04T19:00:00Z,0.0
2023-04-04T20:00:00Z,0.0
2023-04-04T21:00:00Z,0.0
2023-04-04T22:00:00Z,0.0
2023-04-04T23:00:00Z,0.0
2023-04-05T00:00:00Z,0.0
2023-04-05T01:00:00Z,0.0
2023-04-05T02:00:00Z,0.0
2023-04-05T03:00:00Z,0.0
2023-04-05T04:00:00Z,0.0
2023-04-05T05:00:00Z,0.0
2023-04-05T06:00:00Z,47.53
2023-04-05T07:00:00Z,277.58
2023-04-05T08:00:00Z,528.7
2023-04-05T09:00:00Z,730.88
2023-04-05T10:00:00Z,875.88
2023-04-05T11:00:00Z,946.92
2023-04-05T12:00:00Z,933.65
2023-04-05T13:00:00Z,844.33
2023-04-05T14:00:00Z,680.25
2023-04-05T15:00:00Z,466.55
2023-04-05T16:00:00Z,253.7
2023-04-05T17:00:00Z,69.4
2023-04-05T18:00:00Z,0.0
2023-04-05T19:00:00Z,0.0
2023-04-05T20:00:00Z,0.0
2023-04-05T21:00:00Z,0.0
2023-04-05T22:00:00Z,0.0
2023-04-05T23:00:00Z,0.0
2023-04-06T00:00:00Z,0.0
2023-04-06T01:00:00Z,0.0
2023-04-06T02:00:00Z,0.0
2023-04-06T03:00:00Z,0.0
2023-04-06T04:00:00Z,0.0
2023-04-06T05:00:00Z,0.0
2023-04-06T06:00:00Z,40.35
2023-04-06T07:00:00Z,227.62
2023-04-06T08:00:00Z,452.38
2023-04-06T09:00:00Z,648.15
2023-04-06T10:00:00Z,794.4
2023-04-06T11:00:00Z,826.03
2023-04-06T12:00:00Z,821.03
2023-04-06T13:00:00Z,845.72
2023-04-06T14:00:00Z,747.47
2023-04-06T15:00:00Z,561.1
2023-04-06T16:00:00Z,313.25
2023-04-06T17:00:00Z,72.55
2023-04-06T18:00:00Z,0.0
2023-04-06T19:00:00Z,0.0
2023-04-06T20:00:00Z,0.0
2023-04-06T21:00:00Z,0.0
2023-04-06T22:00:00Z,0.0
2023-04-06T23:00:00Z,0.0
2023-04-07T00:00:00Z,0.0
2023-04-07T01:00:00Z,0.0
2023-04-07T02:00:00Z,0.0
2023-04-07T03:00:00Z,0.0
2023-04-07T04:00:00Z,0.0
2023-04-07T05:00:00Z,0.0
2023-04-07T06:00:00Z,40.4
2023-04-07T07:00:00Z,221.23
2023-04-07T08:00:00Z,387.5
2023-04-07T09:00:00Z,631.58
2023-04-07T10:00:00Z,768.47
2023-04-07T11:00:00Z,837.58
2023-04-07T12:00:00Z,836.78
2023-04-07T13:00:00Z,779.9
2023-04-07T14:00:00Z,623.97
2023-04-07T15:00:00Z,373.55
2023-04-07T16:00:00Z,196.02
2023-04-07T17:00:00Z,43.95
2023-04-07T18:00:00Z,0.0
2023-04-07T19:00:00Z,0.0
2023-04-07T20:00:00Z,0.0
2023-04-07T21:00:00Z,0.0
2023-04-07T22:00:00Z,0.0
2023-04-07T23:00:00Z,0.0
2023-04-08T00:00:00Z,0.0
2023-04-08T01:00:00Z,0.0
2023-04-08T02:00:00Z,0.0
2023-04-08T03:00:00Z,0.0
2023-04-08T04:00:00Z,0.0
2023-04-08T05:00:00Z,0.0
2023-04-08T06:00:00Z,45.97
2023-04-08T07:00:00Z,256.17
2023-04-08T08:00:00Z,486.67
2023-04-08T09:00:00Z,650.12
2023-04-08T10:00:00Z,725.35
2023-04-08T11:00:00Z,756.22
2023-04-08T12:00:00Z,706.05
2023-04-08T13:00:00Z,562.78
2023-04-08T14:00:00Z,463.45
2023-04-08T15:00:00Z,346.58
2023-04-08T16:00:00Z,180.02
2023-04-08T17:00:00Z,38.28
2023-04-08T18:00:00Z,0.0
2023-04-08T19:00:00Z,0.0
2023-04-08T20:00:00Z,0.0
2023-04-08T21:00:00Z,0.0
2023-04-08T22:00:00Z,0.0
2023-04-08T23:00:00Z,0.0
2023-04-09T00:00:00Z,0.0
2023-04-09T01:00:00Z,0.0
2023-04-09T02:00:00Z,0.0
2023-04-09T03:00:00Z,0.0
2023-04-09T04:00:00Z,0.0
2023-04-09T05:00:00Z,0.0
2023-04-09T06:00:00Z,45.78
2023-04-09T07:00:00Z,247.52
2023-04-09T08:00:00Z,465.27
2023-04-09T09:00:00Z,642.65
2023-04-09T10:00:00Z,779.97
2023-04-09T11:00:00Z,811.53
2023-04-09T12:00:00Z,850.42
2023-04-09T13:00:00Z,809.0
2023-04-09T14:00:00Z,610.75
2023-04-09T15:00:00Z,338.9
2023-04-09T16:00:00Z,179.12
2023-04-09T17:00:00Z,37.53
2023-04-09T18:00:00Z,0.0
2023-04-09T19:00:00Z,0.0
2023-04-09T20:00:00Z,0.0
2023-04-09T21:00:00Z,0.0
2023-04-09T22:00:00Z,0.0
2023-04-09T23:00:00Z,0.0
2023-04-10T00:00:00Z,0.0
2023-04-10T01:00:00Z,0.0
2023-04-10T02:00:00Z,0.0
2023-04-10T03:00:00Z,0.0
2023-04-10T04:00:00Z,0.0
2023-04-10T05:00:00Z,0.0
2023-04-10T06:00:00Z,31.3
2023-04-10T07:00:00Z,172.5
2023-04-10T08:00:00Z,353.2
2023-04-10T09:00:00Z,476.75
2023-04-10T10:00:00Z,526.7
2023-04-10T11:00:00Z,637.65
2023-04-10T12:00:00Z,449.55
2023-04-10T13:00:00Z,533.8
2023-04-10T14:00:00Z,375.98
2023-04-10T15:00:00Z,259.02
2023-04-10T16:00:00Z,140.48
2023-04-10T17:00:00Z,30.17
2023-04-10T18:00:00Z,0.0
2023-04-10T19:00:00Z,0.0
2023-04-10T20:00:00Z,0.0
2023-04-10T21:00:00Z,0.0
2023-04-10T22:00:00Z,0.0
2023-04-10T23:00:00Z,0.0
2023-04-11T00:00:00Z,0.0
2023-04-11T01:00:00Z,0.0
2023-04-11T02:00:00Z,0.0
2023-04-11T03:00:00Z,0.0
2023-04-11T04:00:00Z,0.0
2023-04-11T05:00:00Z,0.0
2023-04-11T06:00:00Z,33.17
2023-04-11T07:00:00Z,205.55
2023-04-11T08:00:00Z,441.42
2023-04-11T09:00:00Z,536.17
2023-04-11T10:00:00Z,590.45
2023-04-11T11:00:00Z,669.2
2023-04-11T12:00:00Z,664.33
2023-04-11T13:00:00Z,564.25
2023-04-11T14:00:00Z,329.8
2023-04-11T15:00:00Z,104.45
2023-04-11T16:00:00Z,75.6
2023-04-11T17:00:00Z,9.6
2023-04-11T18:00:00Z,0.0
2023-04-11T19:00:00Z,0.0
2023-04-11T20:00:00Z,0.0
2023-04-11T21:00:00Z,0.0
2023-04-11T22:00:00Z,0.0
2023-04-11T23:00:00Z,0.0
2023-04-12T00:00:00Z,0.0
2023-04-12T01:00:00Z,0.0
2023-04-12T02:00:00Z,0.0
2023-04-12T03:00:00Z,0.0
2023-04-12T04:00:00Z,0.0
2023-04-12T05:00:00Z,0.0
2023-04-12T06:00:00Z,48.92
2023-04-12T07:00:00Z,258.33
2023-04-12T08:00:00Z,469.8
2023-04-12T09:00:00Z,678.25
2023-04-12T10:00:00Z,828.6
2023-04-12T11:00:00Z,929.88
2023-04-12T12:00:00Z,938.78
2023-04-12T13:00:00Z,816.33
2023-04-12T14:00:00Z,668.58
2023-04-12T15:00:00Z,461.77
2023-04-12T16:00:00Z,243.95
2023-04-12T17:00:00Z,49.3
2023-04-12T18:00:00Z,0.0
2023-04-12T19:00:00Z,0.0
2023-04-12T20:00:00Z,0.0
2023-04-12T21:00:00Z,0.0
2023-04-12T22:00:00Z,0.0
2023-04-12T23:00:00Z,0.0
2023-04-13T00:00:00Z,0.0
2023-04-13T01:00:00Z,0.0
2023-04-13T02:00:00Z,0.0
2023-04-13T03:00:00Z,0.0
2023-04-13T04:00:00Z,0.0
2023-04-13T05:00:00Z,0.0
2023-04-13T06:00:00Z,47.35
2023-04-13T07:00:00Z,272.12
2023-04-13T08:00:00Z,520.33
2023-04-13T09:00:00Z,721.33
2023-04-13T10:00:00Z,868.8
2023-04-13T11:00:00Z,936.78
2023-04-13T12:00:00Z,931.33
2023-04-13T13:00:00Z,839.95
2023-04-13T14:00:00Z,653.95
2023-04-13T15:00:00Z,496.77
2023-04-13T16:00:00Z,278.3
2023-04-13T17:00:00Z,64.93
2023-04-13T18:00:00Z,0.0
2023-04-13T19:00:00Z,0.0
2023-04-13T20:00:00Z,0.0
2023-04-13T21:00:00Z,0.0
2023-04-13T22:00:00Z,0.0
2023-04-13T23:00:00Z,0.0
2023-04-14T00:00:00Z,0.0
2023-04-14T01:00:00Z,0.0
2023-04-14T02:00:00Z,0.0
2023-04-14T03:00:00Z,0.0
2023-04-14T04:00:00Z,0.0
2023-04-14T05:00:00Z,0.0
2023-04-14T06:00:00Z,45.78
2023-04-14T07:00:00Z,269.75
2023-04-14T08:00:00Z,503.1
2023-04-14T09:00:00Z,702.67
2023-04-14T10:00:00Z,847.58
2023-04-14T11:00:00Z,864.95
2023-04-14T12:00:00Z,781.03
2023-04-14T13:00:00Z,792.17
2023-04-14T14:00:00Z,715.05
2023-04-14T15:00:00Z,529.62
2023-04-14T16:00:00Z,278.88
2023-04-14T17:00:00Z,61.28
2023-04-14T18:00:00Z,0.0
2023-04-14T19:00:00Z,0.0
2023-04-14T20:00:00Z,0.0
2023-04-14T21:00:00Z,0.0
2023-04-14T22:00:00Z,0.0
2023-04-14T23:00:00Z,0.0
2023-04-15T00:00:00Z,0.0
2023-04-15T01:00:00Z,0.0
2023-04-15T02:00:00Z,0.0
2023-04-15T03:00:00Z,0.0
2023-04-15T04:00:00Z,0.0
2023-04-15T05:00:00Z,0.0
2023-04-15T06:00:00Z,52.33
2023-04-15T07:00:00Z,278.27
2023-04-15T08:00:00Z,516.0
2023-04-15T09:00:00Z,717.88
2023-04-15T10:00:00Z,859.1
2023-04-15T11:00:00Z,893.4
2023-04-15T12:00:00Z,926.17
2023-04-15T13:00:00Z,809.38
2023-04-15T14:00:00Z,673.88
2023-04-15T15:00:00Z,485.7
2023-04-15T16:00:00Z,265.27
2023-04-15T17:00:00Z,61.78
2023-04-15T18:00:00Z,0.0
2023-04-15T19:00:00Z,0.0
2023-04-15T20:00:00Z,0.0
2023-04-15T21:00:00Z,0.0
2023-04-15T22:00:00Z,0.0
2023-04-15T23:00:00Z,0.0
2023-04-16T00:00:00Z,0.0
2023-04-16T01:00:00Z,0.0
2023-04-16T02:00:00Z,0.0
2023-04-16T03:00:00Z,0.0
2023-04-16T04:00:00Z,0.0
2023-04-16T05:00:00Z,0.0
2023-04-16T06:00:00Z,42.97
2023-04-16T07:00:00Z,256.65
2023-04-16T08:00:00Z,456.62
2023-04-16T09:00:00Z,686.6
2023-04-16T10:00:00Z,837.42
2023-04-16T11:00:00Z,922.8
2023-04-16T12:00:00Z,933.92
2023-04-16T13:00:00Z,866.33
2023-04-16T14:00:00Z,730.45
2023-04-16T15:00:00Z,495.25
2023-04-16T16:00:00Z,284.4
2023-04-16T17:00:00Z,63.28
2023-04-16T18:00:00Z,0.0
2023-04-16T19:00:00Z,0.0
2023-04-16T20:00:00Z,0.0
2023-04-16T21:00:00Z,0.0
2023-04-16T22:00:00Z,0.0
2023-04-16T23:00:00Z,0.0
2023-04-17T00:00:00Z,0.0
2023-04-17T01:00:00Z,0.0
2023-04-17T02:00:00Z,0.0
2023-04-17T03:00:00Z,0.0
2023-04-17T04:00:00Z,0.0
2023-04-17T05:00:00Z,0.0
2023-04-17T06:00:00Z,48.97
2023-04-17T07:00:00Z,273.67
2023-04-17T08:00:00Z,499.98
2023-04-17T09:00:00Z,707.12
2023-04-17T10:00:00Z,773.4
2023-04-17T11:00:00Z,789.03
2023-04-17T12:00:00Z,889.97
2023-04-17T13:00:00Z,858.33
2023-04-17T14:00:00Z,702.65
2023-04-17T15:00:00Z,489.17
2023-04-17T16:00:00Z,266.9
2023-04-17T17:00:00Z,54.15
2023-04-17T18:00:00Z,0.0
2023-04-17T19:00:00Z,0.0
2023-04-17T20:00:00Z,0.0
2023-04-17T21:00:00Z,0.0
2023-04-17T22:00:00Z,0.0
2023-04-17T23:00:00Z,0.0
2023-04-18T00:00:00Z,0.0
2023-04-18T01:00:00Z,0.0
2023-04-18T02:00:00Z,0.0
2023-04-18T03:00:00Z,0.0
2023-04-18T04:00:00Z,0.0
2023-04-18T05:00:00Z,0.0
2023-04-18T06:00:00Z,49.1
2023-04-18T07:00:00Z,256.33
2023-04-18T08:00:00Z,477.73
2023-04-18T09:00:00Z,652.7
2023-04-18T10:00:00Z,766.9
2023-04-18T11:00:00Z,814.33
2023-04-18T12:00:00Z,800.85
2023-04-18T13:00:00Z,798.17
2023-04-18T14:00:00Z,587.62
2023-04-18T15:00:00Z,401.8
2023-04-18T16:00:00Z,193.6
2023-04-18T17:00:00Z,38.33
2023-04-18T18:00:00Z,0.0
2023-04-18T19:00:00Z,0.0
2023-04-18T20:00:00Z,0.0
2023-04-18T21:00:00Z,0.0
2023-04-18T22:00:00Z,0.0
2023-04-18T23:00:00Z,0.0
2023-04-19T00:00:00Z,0.0
2023-04-19T01:00:00Z,0.0
2023-04-19T02:00:00Z,0.0
2023-04-19T03:00:00Z,0.0
2023-04-19T04:00:00Z,0.0
2023-04-19T05:00:00Z,0.0
2023-04-19T06:00:00Z,16.4
2023-04-19T07:00:00Z,90.57
2023-04-19T08:00:00Z,167.0
2023-04-19T09:00:00Z,350.3
2023-04-19T10:00:00Z,587.85
2023-04-19T11:00:00Z,649.9
2023-04-19T12:00:00Z,702.78
2023-04-19T13:00:00Z,663.83
2023-04-19T14:00:00Z,531.42
2023-04-19T15:00:00Z,380.75
2023-04-19T16:00:00Z,208.55
2023-04-19T17:00:00Z,45.38
2023-04-19T18:00:00Z,0.0
2023-04-19T19:00:00Z,0.0
2023-04-19T20:00:00Z,0.0
2023-04-19T21:00:00Z,0.0
2023-04-19T22:00:00Z,0.0
2023-04-19T23:00:00Z,0.0
2023-04-20T00:00:00Z,0.0
2023-04-20T01:00:00Z,0.0
2023-04-20T02:00:00Z,0.0
2023-04-20T03:00:00Z,0.0
2023-04-20T04:00:00Z,0.0
2023-04-20T05:00:00Z,0.0
2023-04-20T06:00:00Z,43.78
2023-04-20T07:00:00Z,244.62
2023-04-20T08:00:00Z,458.27
2023-04-20T09:00:00Z,639.35
2023-04-20T10:00:00Z,769.7
2023-04-20T11:00:00Z,798.35
2023-04-20T12:00:00Z,857.92
2023-04-20T13:00:00Z,732.55
2023-04-20T14:00:00Z,601.67
2023-04-20T15:00:00Z,457.83
2023-04-20T16:00:00Z,246.98
2023-04-20T17:00:00Z,51.97
2023-04-20T18:00:00Z,0.0
2023-04-20T19:00:00Z,0.0
2023-04-20T20:00:00Z,0.0
2023-04-20T21:00:00Z,0.0
2023-04-20T22:00:00Z,0.0
2023-04-20T23:00:00Z,0.0
2023-04-21T00:00:00Z,0.0
2023-04-21T01:00:00Z,0.0
2023-04-21T02:00:00Z,0.0
2023-04-21T03:00:00Z,0.0
2023-04-21T04:00:00Z,0.0
2023-04-21T05:00:00Z,0.0
2023-04-21T06:00:00Z,43.88
2023-04-21T07:00:00Z,256.5
2023-04-21T08:00:00Z,483.73
2023-04-21T09:00:00Z,643.33
2023-04-21T10:00:00Z,789.3
2023-04-21T11:00:00Z,871.67
2023-04-21T12:00:00Z,862.92
2023-04-21T13:00:00Z,777.1
2023-04-21T14:00:00Z,682.78
2023-04-21T15:00:00Z,462.3
2023-04-21T16:00:00Z,257.23
2023-04-21T17:00:00Z,52.42
2023-04-21T18:00:00Z,0.0
2023-04-21T19:00:00Z,0.0
2023-04-21T20:00:00Z,0.0
2023-04-21T21:00:00Z,0.0
2023-04-21T22:00:00Z,0.0
2023-04-21T23:00:00Z,0.0
2023-04-22T00:00:00Z,0.0
2023-04-22T01:00:00Z,0.0
2023-04-22T02:00:00Z,0.0
2023-04-22T03:00:00Z,0.0
2023-04-22T04:00:00Z,0.0
2023-04-22T05:00:00Z,0.0
2023-04-22T06:00:00Z,51.28
2023-04-22T07:00:00Z,275.38
2023-04-22T08:00:00Z,509.3
2023-04-22T09:00:00Z,707.1
2023-04-22T10:00:00Z,845.3
2023-04-22T11:00:00Z,922.72
2023-04-22T12:00:00Z,925.08
2023-04-22T13:00:00Z,850.58
2023-04-22T14:00:00Z,710.45
2023-04-22T15:00:00Z,486.73
2023-04-22T16:00:00Z,267.35
2023-04-22T17:00:00Z,54.08
2023-04-22T18:00:00Z,0.0
2023-04-22T19:00:00Z,0.0
2023-04-22T20:00:00Z,0.0
2023-04-22T21:00:00Z,0.0
2023-04-22T22:00:00Z,0.0
2023-04-22T23:00:00Z,0.0
2023-04-23T00:00:00Z,0.0
2023-04-23T01:00:00Z,0.0
2023-04-23T02:00:00Z,0.0
2023-04-23T03:00:00Z,0.0
2023-04-23T04:00:00Z,0.0
2023-04-23T05:00:00Z,0.0
2023-04-23T06:00:00Z,55.9
2023-04-23T07:00:00Z,278.48
2023-04-23T08:00:00Z,510.67
2023-04-23T09:00:00Z,707.4
2023-04-23T10:00:00Z,849.6
2023-04-23T11:00:00Z,907.28
2023-04-23T12:00:00Z,836.17
2023-04-23T13:00:00Z,805.38
2023-04-23T14:00:00Z,668.35
2023-04-23T15:00:00Z,479.58
2023-04-23T16:00:00Z,275.6
2023-04-23T17:00:00Z,54.47
2023-04-23T18:00:00Z,0.0
2023-04-23T19:00:00Z,0.0
2023-04-23T20:00:00Z,0.0
2023-04-23T21:00:00Z,0.0
2023-04-23T22:00:00Z,0.0
2023-04-23T23:00:00Z,0.0
2023-04-24T00:00:00Z,0.0
2023-04-24T01:00:00Z,0.0
2023-04-24T02:00:00Z,0.0
2023-04-24T03:00:00Z,0.0
2023-04-24T04:00:00Z,0.0
2023-04-24T05:00:00Z,0.0
2023-04-24T06:00:00Z,51.38
2023-04-24T07:00:00Z,263.3
2023-04-24T08:00:00Z,509.12
2023-04-24T09:00:00Z,706.58
2023-04-24T10:00:00Z,840.65
2023-04-24T11:00:00Z,907.95
2023-04-24T12:00:00Z,824.4
2023-04-24T13:00:00Z,839.97
2023-04-24T14:00:00Z,688.25
2023-04-24T15:00:00Z,496.85
2023-04-24T16:00:00Z,272.05
2023-04-24T17:00:00Z,53.42
2023-04-24T18:00:00Z,0.0
2023-04-24T19:00:00Z,0.0
2023-04-24T20:00:00Z,0.0
2023-04-24T21:00:00Z,0.0
2023-04-24T22:00:00Z,0.0
2023-04-24T23:00:00Z,0.0
2023-04-25T00:00:00Z,0.0
2023-04-25T01:00:00Z,0.0
2023-04-25T02:00:00Z,0.0
2023-04-25T03:00:00Z,0.0
2023-04-25T04:00:00Z,0.0
2023-04-25T05:00:00Z,0.0
2023-04-25T06:00:00Z,52.95
2023-04-25T07:00:00Z,276.15
2023-04-25T08:00:00Z,513.97
2023-04-25T09:00:00Z,700.25
2023-04-25T10:00:00Z,835.22
2023-04-25T11:00:00Z,910.12
2023-04-25T12:00:00Z,914.08
2023-04-25T13:00:00Z,837.4
2023-04-25T14:00:00Z,682.33
2023-04-25T15:00:00Z,495.77
2023-04-25T16:00:00Z,263.5
2023-04-25T17:00:00Z,50.95
2023-04-25T18:00:00Z,0.0
2023-04-25T19:00:00Z,0.0
2023-04-25T20:00:00Z,0.0
2023-04-25T21:00:00Z,0.0
2023-04-25T22:00:00Z,0.0
2023-04-25T23:00:00Z,0.0
2023-04-26T00:00:00Z,0.0
2023-04-26T01:00:00Z,0.0
2023-04-26T02:00:00Z,0.0
2023-04-26T03:00:00Z,0.0
2023-04-26T04:00:00Z,0.0
2023-04-26T05:00:00Z,0.0
2023-04-26T06:00:00Z,30.17
2023-04-26T07:00:00Z,178.12
2023-04-26T08:00:00Z,339.7
2023-04-26T09:00:00Z,470.23
2023-04-26T10:00:00Z,534.28
2023-04-26T11:00:00Z,544.0
2023-04-26T12:00:00Z,400.48
2023-04-26T13:00:00Z,400.27
2023-04-26T14:00:00Z,288.08
2023-04-26T15:00:00Z,151.48
2023-04-26T16:00:00Z,75.55
2023-04-26T17:00:00Z,12.43
2023-04-26T18:00:00Z,0.0
2023-04-26T19:00:00Z,0.0
2023-04-26T20:00:00Z,0.0
2023-04-26T21:00:00Z,0.0
2023-04-26T22:00:00Z,0.0
2023-04-26T23:00:00Z,0.0
2023-04-27T00:00:00Z,0.0
2023-04-27T01:00:00Z,0.0
2023-04-27T02:00:00Z,0.0
2023-04-27T03:00:00Z,0.0
2023-04-27T04:00:00Z,0.0
2023-04-27T05:00:00Z,0.0
2023-04-27T06:00:00Z,40.12
2023-04-27T07:00:00Z,227.45
2023-04-27T08:00:00Z,436.67
2023-04-27T09:00:00Z,669.5
2023-04-27T10:00:00Z,809.67
2023-04-27T11:00:00Z,869.42
2023-04-27T12:00:00Z,860.78
2023-04-27T13:00:00Z,790.8
2023-04-27T14:00:00Z,661.62
2023-04-27T15:00:00Z,487.45
2023-04-27T16:00:00Z,261.35
2023-04-27T17:00:00Z,46.28
2023-04-27T18:00:00Z,0.0
2023-04-27T19:00:00Z,0.0
2023-04-27T20:00:00Z,0.0
2023-04-27T21:00:00Z,0.0
2023-04-27T22:00:00Z,0.0
2023-04-27T23:00:00Z,0.0
2023-04-28T00:00:00Z,0.0
2023-04-28T01:00:00Z,0.0
2023-04-28T02:00:00Z,0.0
2023-04-28T03:00:00Z,0.0
2023-04-28T04:00:00Z,0.0
2023-04-28T05:00:00Z,0.0
2023-04-28T06:00:00Z,44.8
2023-04-28T07:00:00Z,235.75
2023-04-28T08:00:00Z,471.23
2023-04-28T09:00:00Z,607.65
2023-04-28T10:00:00Z,732.58
2023-04-28T11:00:00Z,876.42
2023-04-28T12:00:00Z,877.4
2023-04-28T13:00:00Z,741.28
2023-04-28T14:00:00Z,600.92
2023-04-28T15:00:00Z,372.4
2023-04-28T16:00:00Z,180.82
2023-04-28T17:00:00Z,26.27
2023-04-28T18:00:00Z,0.0
2023-04-28T19:00:00Z,0.0
2023-04-28T20:00:00Z,0.0
2023-04-28T21:00:00Z,0.0
2023-04-28T22:00:00Z,0.0
2023-04-28T23:00:00Z,0.0
2023-04-29T00:00:00Z,0.0
2023-04-29T01:00:00Z,0.0
2023-04-29T02:00:00Z,0.0
2023-04-29T03:00:00Z,0.0
2023-04-29T04:00:00Z,0.0
2023-04-29T05:00:00Z,0.0
2023-04-29T06:00:00Z,23.08
2023-04-29T07:00:00Z,146.82
2023-04-29T08:00:00Z,293.65
2023-04-29T09:00:00Z,385.85
2023-04-29T10:00:00Z,460.45
2023-04-29T11:00:00Z,421.65
2023-04-29T12:00:00Z,456.7
2023-04-29T13:00:00Z,413.88
2023-04-29T14:00:00Z,233.25
2023-04-29T15:00:00Z,115.65
2023-04-29T16:00:00Z,54.92
2023-04-29T17:00:00Z,8.9
2023-04-29T18:00:00Z,0.0
2023-04-29T19:00:00Z,0.0
2023-04-29T20:00:00Z,0.0
2023-04-29T21:00:00Z,0.0
2023-04-29T22:00:00Z,0.0
2023-04-29T23:00:00Z,0.0
2023-04-30T00:00:00Z,0.0
2023-04-30T01:00:00Z,0.0
2023-04-30T02:00:00Z,0.0
2023-04-30T03:00:00Z,0.0
2023-04-30T04:00:00Z,0.0
2023-04-30T05:00:00Z,0.0
2023-04-30T06:00:00Z,31.2
2023-04-30T07:00:00Z,184.62
2023-04-30T08:00:00Z,371.85
2023-04-30T09:00:00Z,469.73
2023-04-30T10:00:00Z,603.03
2023-04-30T11:00:00Z,652.62
2023-04-30T12:00:00Z,652.05
2023-04-30T13:00:00Z,650.22
2023-04-30T14:00:00Z,455.67
2023-04-30T15:00:00Z,268.67
2023-04-30T16:00:00Z,136.68
2023-04-30T17:00:00Z,20.17
2023-04-30T18:00:00Z,0.0
2023-04-30T19:00:00Z,0.0
2023-04-30T20:00:00Z,0.0
2023-04-30T21:00:00Z,0.0
2023-04-30T22:00:00Z,0.0
2023-04-30T23:00:00Z,0.0
2023-05-01T00:00:00Z,0.0
2023-05-01T01:00:00Z,0.0
2023-05-01T02:00:00Z,0.0
2023-05-01T03:00:00Z,0.0
2023-05-01T04:00:00Z,0.0
2023-05-01T05:00:00Z,0.0
2023-05-01T06:00:00Z,8.6
2023-05-01T07:00:00Z,87.57
2023-05-01T08:00:00Z,40.12
2023-05-01T09:00:00Z,98.12
2023-05-01T10:00:00Z,91.05
2023-05-01T11:00:00Z,95.32
2023-05-01T12:00:00Z,120.6
2023-05-01T13:00:00Z,206.23
2023-05-01T14:00:00Z,198.45
2023-05-01T15:00:00Z,98.62
2023-05-01T16:00:00Z,65.93
2023-05-01T17:00:00Z,13.4
2023-05-01T18:00:00Z,0.0
2023-05-01T19:00:00Z,0.0
2023-05-01T20:00:00Z,0.0
2023-05-01T21:00:00Z,0.0
2023-05-01T22:00:00Z,0.0
2023-05-01T23:00:00Z,0.0
2023-05-02T00:00:00Z,0.0
2023-05-02T01:00:00Z,0.0
2023-05-02T02:00:00Z,0.0
2023-05-02T03:00:00Z,0.0
2023-05-02T04:00:00Z,0.0
2023-05-02T05:00:00Z,0.0
2023-05-02T06:00:00Z,14.9
2023-05-02T07:00:00Z,95.65
2023-05-02T08:00:00Z,187.0
2023-05-02T09:00:00Z,392.88
2023-05-02T10:00:00Z,570.28
2023-05-02T11:00:00Z,613.28
2023-05-02T12:00:00Z,622.45
2023-05-02T13:00:00Z,596.0
2023-05-02T14:00:00Z,503.23
2023-05-02T15:00:00Z,372.33
2023-05-02T16:00:00Z,175.1
2023-05-02T17:00:00Z,29.2
2023-05-02T18:00:00Z,0.0
2023-05-02T19:00:00Z,0.0
2023-05-02T20:00:00Z,0.0
2023-05-02T21:00:00Z,0.0
2023-05-02T22:00:00Z,0.0
2023-05-02T23:00:00Z,0.0
2023-05-03T00:00:00Z,0.0
2023-05-03T01:00:00Z,0.0
2023-05-03T02:00:00Z,0.0
2023-05-03T03:00:00Z,0.0
2023-05-03T04:00:00Z,0.0
2023-05-03T05:00:00Z,0.0
2023-05-03T06:00:00Z,11.25
2023-05-03T07:00:00Z,90.62
2023-05-03T08:00:00Z,193.52
2023-05-03T09:00:00Z,409.9
2023-05-03T10:00:00Z,575.8
2023-05-03T11:00:00Z,588.12
2023-05-03T12:00:00Z,593.4
2023-05-03T13:00:00Z,640.58
2023-05-03T14:00:00Z,558.6
2023-05-03T15:00:00Z,379.27
2023-05-03T16:00:00Z,197.3
2023-05-03T17:00:00Z,32.47
2023-05-03T18:00:00Z,0.0
2023-05-03T19:00:00Z,0.0
2023-05-03T20:00:00Z,0.0
2023-05-03T21:00:00Z,0.0
2023-05-03T22:00:00Z,0.0
2023-05-03T23:00:00Z,0.0
2023-05-04T00:00:00Z,0.0
2023-05-04T01:00:00Z,0.0
2023-05-04T02:00:00Z,0.0
2023-05-04T03:00:00Z,0.0
2023-05-04T04:00:00Z,0.0
2023-05-04T05:00:00Z,0.0
2023-05-04T06:00:00Z,32.5
2023-05-04T07:00:00Z,182.23
2023-05-04T08:00:00Z,338.27
2023-05-04T09:00:00Z,505.02
2023-05-04T10:00:00Z,547.72
2023-05-04T11:00:00Z,801.25
2023-05-04T12:00:00Z,806.72
2023-05-04T13:00:00Z,802.72
2023-05-04T14:00:00Z,671.6
2023-05-04T15:00:00Z,463.3
2023-05-04T16:00:00Z,243.55
2023-05-04T17:00:00Z,39.22
2023-05-04T18:00:00Z,0.0
2023-05-04T19:00:00Z,0.0
2023-05-04T20:00:00Z,0.0
2023-05-04T21:00:00Z,0.0
2023-05-04T22:00:00Z,0.0
2023-05-04T23:00:00Z,0.0
2023-05-05T00:00:00Z,0.0
2023-05-05T01:00:00Z,0.0
2023-05-05T02:00:00Z,0.0
2023-05-05T03:00:00Z,0.0
2023-05-05T04:00:00Z,0.0
2023-05-05T05:00:00Z,0.0
2023-05-05T06:00:00Z,41.08
2023-05-05T07:00:00Z,231.77
2023-05-05T08:00:00Z,451.2
2023-05-05T09:00:00Z,664.05
2023-05-05T10:00:00Z,773.9
2023-05-05T11:00:00Z,880.6
2023-05-05T12:00:00Z,879.72
2023-05-05T13:00:00Z,787.92
2023-05-05T14:00:00Z,643.17
2023-05-05T15:00:00Z,418.38
2023-05-05T16:00:00Z,192.5
2023-05-05T17:00:00Z,32.38
2023-05-05T18:00:00Z,0.0
2023-05-05T19:00:00Z,0.0
2023-05-05T20:00:00Z,0.0
2023-05-05T21:00:00Z,0.0
2023-05-05T22:00:00Z,0.0
2023-05-05T23:00:00Z,0.0
2023-05-06T00:00:00Z,0.0
2023-05-06T01:00:00Z,0.0
2023-05-06T02:00:00Z,0.0
2023-05-06T03:00:00Z,0.0
2023-05-06T04:00:00Z,0.0
2023-05-06T05:00:00Z,0.0
2023-05-06T06:00:00Z,40.38
2023-05-06T07:00:00Z,242.1
2023-05-06T08:00:00Z,475.92
2023-05-06T09:00:00Z,669.17
2023-05-06T10:00:00Z,807.88
2023-05-06T11:00:00Z,867.05
2023-05-06T12:00:00Z,843.58
2023-05-06T13:00:00Z,777.03
2023-05-06T14:00:00Z,636.28
2023-05-06T15:00:00Z,466.6
2023-05-06T16:00:00Z,241.5
2023-05-06T17:00:00Z,39.58
2023-05-06T18:00:00Z,0.0
2023-05-06T19:00:00Z,0.0
2023-05-06T20:00:00Z,0.0
2023-05-06T21:00:00Z,0.0
2023-05-06T22:00:00Z,0.0
2023-05-06T23:00:00Z,0.0
2023-05-07T00:00:00Z,0.0
2023-05-07T01:00:00Z,0.0
2023-05-07T02:00:00Z,0.0
2023-05-07T03:00:00Z,0.0
2023-05-07T04:00:00Z,0.0
2023-05-07T05:00:00Z,0.0
2023-05-07T06:00:00Z,40.95
2023-05-07T07:00:00Z,237.12
2023-05-07T08:00:00Z,429.98
2023-05-07T09:00:00Z,640.45
2023-05-07T10:00:00Z,783.85
2023-05-07T11:00:00Z,869.4
2023-05-07T12:00:00Z,870.97
2023-05-07T13:00:00Z,799.03
2023-05-07T14:00:00Z,654.5
2023-05-07T15:00:00Z,459.75
2023-05-07T16:00:00Z,231.55
2023-05-07T17:00:00Z,37.35
2023-05-07T18:00:00Z,0.0
2023-05-07T19:00:00Z,0.0
2023-05-07T20:00:00Z,0.0
2023-05-07T21:00:00Z,0.0
2023-05-07T22:00:00Z,0.0
2023-05-07T23:00:00Z,0.0
2023-05-08T00:00:00Z,0.0
2023-05-08T01:00:00Z,0.0
2023-05-08T02:00:00Z,0.0
2023-05-08T03:00:00Z,0.0
2023-05-08T04:00:00Z,0.0
2023-05-08T05:00:00Z,0.0
2023-05-08T06:00:00Z,37.28
2023-05-08T07:00:00Z,216.98
2023-05-08T08:00:00Z,430.83
2023-05-08T09:00:00Z,626.33
2023-05-08T10:00:00Z,689.4
2023-05-08T11:00:00Z,861.05
2023-05-08T12:00:00Z,836.1
2023-05-08T13:00:00Z,794.72
2023-05-08T14:00:00Z,662.33
2023-05-08T15:00:00Z,466.5
2023-05-08T16:00:00Z,245.35
2023-05-08T17:00:00Z,40.25
2023-05-08T18:00:00Z,0.0
2023-05-08T19:00:00Z,0.0
2023-05-08T20:00:00Z,0.0
2023-05-08T21:00:00Z,0.0
2023-05-08T22:00:00Z,0.0
2023-05-08T23:00:00Z,0.0
2023-05-09T00:00:00Z,0.0
2023-05-09T01:00:00Z,0.0
2023-05-09T02:00:00Z,0.0
2023-05-09T03:00:00Z,0.0
2023-05-09T04:00:00Z,0.0
2023-05-09T05:00:00Z,0.0
2023-05-09T06:00:00Z,37.67
2023-05-09T07:00:00Z,232.48
2023-05-09T08:00:00Z,451.77
2023-05-09T09:00:00Z,646.17
2023-05-09T10:00:00Z,810.35
2023-05-09T11:00:00Z,875.92
2023-05-09T12:00:00Z,863.92
2023-05-09T13:00:00Z,771.8
2023-05-09T14:00:00Z,654.42
2023-05-09T15:00:00Z,452.8
2023-05-09T16:00:00Z,238.3
2023-05-09T17:00:00Z,39.38
2023-05-09T18:00:00Z,0.0
2023-05-09T19:00:00Z,0.0
2023-05-09T20:00:00Z,0.0
2023-05-09T21:00:00Z,0.0
2023-05-09T22:00:00Z,0.0
2023-05-09T23:00:00Z,0.0
2023-05-10T00:00:00Z,0.0
2023-05-10T01:00:00Z,0.0
2023-05-10T02:00:00Z,0.0
2023-05-10T03:00:00Z,0.0
2023-05-10T04:00:00Z,0.0
2023-05-10T05:00:00Z,0.0
2023-05-10T06:00:00Z,42.15
2023-05-10T07:00:00Z,221.02
2023-05-10T08:00:00Z,395.35
2023-05-10T09:00:00Z,584.05
2023-05-10T10:00:00Z,674.0
2023-05-10T11:00:00Z,796.38
2023-05-10T12:00:00Z,825.08
2023-05-10T13:00:00Z,679.47
2023-05-10T14:00:00Z,564.03
2023-05-10T15:00:00Z,336.88
2023-05-10T16:00:00Z,142.73
2023-05-10T17:00:00Z,22.6
2023-05-10T18:00:00Z,0.0
2023-05-10T19:00:00Z,0.0
2023-05-10T20:00:00Z,0.0
2023-05-10T21:00:00Z,0.0
2023-05-10T22:00:00Z,0.0
2023-05-10T23:00:00Z,0.0
2023-05-11T00:00:00Z,0.0
2023-05-11T01:00:00Z,0.0
2023-05-11T02:00:00Z,0.0
2023-05-11T03:00:00Z,0.0
2023-05-11T04:00:00Z,0.0
2023-05-11T05:00:00Z,0.0
2023-05-11T06:00:00Z,40.4
2023-05-11T07:00:00Z,236.62
2023-05-11T08:00:00Z,445.05
2023-05-11T09:00:00Z,643.65
2023-05-11T10:00:00Z,775.65
2023-05-11T11:00:00Z,833.08
2023-05-11T12:00:00Z,829.58
2023-05-11T13:00:00Z,766.08
2023-05-11T14:00:00Z,655.9
2023-05-11T15:00:00Z,462.1
2023-05-11T16:00:00Z,238.6
2023-05-11T17:00:00Z,37.92
2023-05-11T18:00:00Z,0.0
2023-05-11T19:00:00Z,0.0
2023-05-11T20:00:00Z,0.0
2023-05-11T21:00:00Z,0.0
2023-05-11T22:00:00Z,0.0
2023-05-11T23:00:00Z,0.0
2023-05-12T00:00:00Z,0.0
2023-05-12T01:00:00Z,0.0
2023-05-12T02:00:00Z,0.0
2023-05-12T03:00:00Z,0.0
2023-05-12T04:00:00Z,0.0
2023-05-12T05:00:00Z,0.0
2023-05-12T06:00:00Z,40.12
2023-05-12T07:00:00Z,223.02
2023-05-12T08:00:00Z,411.15
2023-05-12T09:00:00Z,589.72
2023-05-12T10:00:00Z,702.92
2023-05-12T11:00:00Z,763.4
2023-05-12T12:00:00Z,764.83
2023-05-12T13:00:00Z,702.22
2023-05-12T14:00:00Z,599.03
2023-05-12T15:00:00Z,431.92
2023-05-12T16:00:00Z,204.48
2023-05-12T17:00:00Z,29.85
2023-05-12T18:00:00Z,0.0
2023-05-12T19:00:00Z,0.0
2023-05-12T20:00:00Z,0.0
2023-05-12T21:00:00Z,0.0
2023-05-12T22:00:00Z,0.0
2023-05-12T23:00:00Z,0.0
2023-05-13T00:00:00Z,0.0
2023-05-13T01:00:00Z,0.0
2023-05-13T02:00:00Z,0.0
2023-05-13T03:00:00Z,0.0
2023-05-13T04:00:00Z,0.0
2023-05-13T05:00:00Z,0.0
2023-05-13T06:00:00Z,39.35
2023-05-13T07:00:00Z,221.3
2023-05-13T08:00:00Z,423.23
2023-05-13T09:00:00Z,603.62
2023-05-13T10:00:00Z,712.33
2023-05-13T11:00:00Z,841.3
2023-05-13T12:00:00Z,766.95
2023-05-13T13:00:00Z,767.22
2023-05-13T14:00:00Z,620.67
2023-05-13T15:00:00Z,426.92
2023-05-13T16:00:00Z,214.82
2023-05-13T17:00:00Z,34.5
2023-05-13T18:00:00Z,0.0
2023-05-13T19:00:00Z,0.0
2023-05-13T20:00:00Z,0.0
2023-05-13T21:00:00Z,0.0
2023-05-13T22:00:00Z,0.0
2023-05-13T23:00:00Z,0.0
2023-05-14T00:00:00Z,0.0
2023-05-14T01:00:00Z,0.0
2023-05-14T02:00:00Z,0.0
2023-05-14T03:00:00Z,0.0
2023-05-14T04:00:00Z,0.0
2023-05-14T05:00:00Z,0.0
2023-05-14T06:00:00Z,32.42
2023-05-14T07:00:00Z,173.15
2023-05-14T08:00:00Z,381.77
2023-05-14T09:00:00Z,481.33
2023-05-14T10:00:00Z,568.8
2023-05-14T11:00:00Z,573.45
2023-05-14T12:00:00Z,663.38
2023-05-14T13:00:00Z,601.28
2023-05-14T14:00:00Z,500.52
2023-05-14T15:00:00Z,325.85
2023-05-14T16:00:00Z,147.75
2023-05-14T17:00:00Z,26.95
2023-05-14T18:00:00Z,0.0
2023-05-14T19:00:00Z,0.0
2023-05-14T20:00:00Z,0.0
2023-05-14T21:00:00Z,0.0
2023-05-14T22:00:00Z,0.0
2023-05-14T23:00:00Z,0.0
2023-05-15T00:00:00Z,0.0
2023-05-15T01:00:00Z,0.0
2023-05-15T02:00:00Z,0.0
2023-05-15T03:00:00Z,0.0
2023-05-15T04:00:00Z,0.0
2023-05-15T05:00:00Z,0.0
2023-05-15T06:00:00Z,31.8
2023-05-15T07:00:00Z,207.57
2023-05-15T08:00:00Z,416.38
2023-05-15T09:00:00Z,624.72
2023-05-15T10:00:00Z,751.53
2023-05-15T11:00:00Z,791.85
2023-05-15T12:00:00Z,736.85
2023-05-15T13:00:00Z,688.5
2023-05-15T14:00:00Z,476.8
2023-05-15T15:00:00Z,334.58
2023-05-15T16:00:00Z,153.48
2023-05-15T17:00:00Z,21.83
2023-05-15T18:00:00Z,0.0
2023-05-15T19:00:00Z,0.0
2023-05-15T20:00:00Z,0.0
2023-05-15T21:00:00Z,0.0
2023-05-15T22:00:00Z,0.0
2023-05-15T23:00:00Z,0.0
2023-05-16T00:00:00Z,0.0
2023-05-16T01:00:00Z,0.0
2023-05-16T02:00:00Z,0.0
2023-05-16T03:00:00Z,0.0
2023-05-16T04:00:00Z,0.0
2023-05-16T05:00:00Z,0.0
2023-05-16T06:00:00Z,18.08
2023-05-16T07:00:00Z,117.62
2023-05-16T08:00:00Z,208.1
2023-05-16T09:00:00Z,390.77
2023-05-16T10:00:00Z,424.62
2023-05-16T11:00:00Z,503.05
2023-05-16T12:00:00Z,588.4
2023-05-16T13:00:00Z,581.65
2023-05-16T14:00:00Z,493.0
2023-05-16T15:00:00Z,353.62
2023-05-16T16:00:00Z,161.43
2023-05-16T17:00:00Z,21.27
2023-05-16T18:00:00Z,0.0
2023-05-16T19:00:00Z,0.0
2023-05-16T20:00:00Z,0.0
2023-05-16T21:00:00Z,0.0
2023-05-16T22:00:00Z,0.0
2023-05-16T23:00:00Z,0.0
2023-05-17T00:00:00Z,0.0
2023-05-17T01:00:00Z,0.0
2023-05-17T02:00:00Z,0.0
2023-05-17T03:00:00Z,0.0
2023-05-17T04:00:00Z,0.0
2023-05-17T05:00:00Z,0.0
2023-05-17T06:00:00Z,37.3
2023-05-17T07:00:00Z,232.65
2023-05-17T08:00:00Z,436.4
2023-05-17T09:00:00Z,615.95
2023-05-17T10:00:00Z,739.83
2023-05-17T11:00:00Z,777.58
2023-05-17T12:00:00Z,836.35
2023-05-17T13:00:00Z,728.25
2023-05-17T14:00:00Z,605.22
2023-05-17T15:00:00Z,420.75
2023-05-17T16:00:00Z,212.2
2023-05-17T17:00:00Z,28.08
2023-05-17T18:00:00Z,0.0
2023-05-17T19:00:00Z,0.0
2023-05-17T20:00:00Z,0.0
2023-05-17T21:00:00Z,0.0
2023-05-17T22:00:00Z,0.0
2023-05-17T23:00:00Z,0.0
2023-05-18T00:00:00Z,0.0
2023-05-18T01:00:00Z,0.0
2023-05-18T02:00:00Z,0.0
2023-05-18T03:00:00Z,0.0
2023-05-18T04:00:00Z,0.0
2023-05-18T05:00:00Z,0.0
2023-05-18T06:00:00Z,31.45
2023-05-18T07:00:00Z,206.62
2023-05-18T08:00:00Z,424.35
2023-05-18T09:00:00Z,547.2
2023-05-18T10:00:00Z,656.15
2023-05-18T11:00:00Z,719.58
2023-05-18T12:00:00Z,744.78
2023-05-18T13:00:00Z,543.4
2023-05-18T14:00:00Z,449.5
2023-05-18T15:00:00Z,285.35
2023-05-18T16:00:00Z,132.65
2023-05-18T17:00:00Z,21.27
2023-05-18T18:00:00Z,0.0
2023-05-18T19:00:00Z,0.0
2023-05-18T20:00:00Z,0.0
2023-05-18T21:00:00Z,0.0
2023-05-18T22:00:00Z,0.0
2023-05-18T23:00:00Z,0.0
2023-05-19T00:00:00Z,0.0
2023-05-19T01:00:00Z,0.0
2023-05-19T02:00:00Z,0.0
2023-05-19T03:00:00Z,0.0
2023-05-19T04:00:00Z,0.0
2023-05-19T05:00:00Z,0.0
2023-05-19T06:00:00Z,39.17
2023-05-19T07:00:00Z,229.02
2023-05-19T08:00:00Z,437.0
2023-05-19T09:00:00Z,613.4
2023-05-19T10:00:00Z,721.15
2023-05-19T11:00:00Z,828.72
2023-05-19T12:00:00Z,826.97
2023-05-19T13:00:00Z,720.0
2023-05-19T14:00:00Z,604.03
2023-05-19T15:00:00Z,436.52
2023-05-19T16:00:00Z,218.38
2023-05-19T17:00:00Z,33.33
2023-05-19T18:00:00Z,0.0
2023-05-19T19:00:00Z,0.0
2023-05-19T20:00:00Z,0.0
2023-05-19T21:00:00Z,0.0
2023-05-19T22:00:00Z,0.0
2023-05-19T23:00:00Z,0.0
2023-05-20T00:00:00Z,0.0
2023-05-20T01:00:00Z,0.0
2023-05-20T02:00:00Z,0.0
2023-05-20T03:00:00Z,0.0
2023-05-20T04:00:00Z,0.0
2023-05-20T05:00:00Z,0.0
2023-05-20T06:00:00Z,36.83
2023-05-20T07:00:00Z,212.65
2023-05-20T08:00:00Z,444.6
2023-05-20T09:00:00Z,617.1
2023-05-20T10:00:00Z,735.25
2023-05-20T11:00:00Z,802.2
2023-05-20T12:00:00Z,805.6
2023-05-20T13:00:00Z,713.7
2023-05-20T14:00:00Z,589.15
2023-05-20T15:00:00Z,409.27
2023-05-20T16:00:00Z,192.23
2023-05-20T17:00:00Z,28.08
2023-05-20T18:00:00Z,0.0
2023-05-20T19:00:00Z,0.0
2023-05-20T20:00:00Z,0.0
2023-05-20T21:00:00Z,0.0
2023-05-20T22:00:00Z,0.0
2023-05-20T23:00:00Z,0.0
2023-05-21T00:00:00Z,0.0
2023-05-21T01:00:00Z,0.0
2023-05-21T02:00:00Z,0.0
2023-05-21T03:00:00Z,0.0
2023-05-21T04:00:00Z,0.0
2023-05-21T05:00:00Z,0.0
2023-05-21T06:00:00Z,35.95
2023-05-21T07:00:00Z,225.45
2023-05-21T08:00:00Z,438.2
2023-05-21T09:00:00Z,631.0
2023-05-21T10:00:00Z,737.0
2023-05-21T11:00:00Z,746.28
2023-05-21T12:00:00Z,791.83
2023-05-21T13:00:00Z,665.6
2023-05-21T14:00:00Z,519.85
2023-05-21T15:00:00Z,332.98
2023-05-21T16:00:00Z,173.9
2023-05-21T17:00:00Z,25.83
2023-05-21T18:00:00Z,0.0
2023-05-21T19:00:00Z,0.0
2023-05-21T20:00:00Z,0.0
2023-05-21T21:00:00Z,0.0
2023-05-21T22:00:00Z,0.0
2023-05-21T23:00:00Z,0.0
2023-05-22T00:00:00Z,0.0
2023-05-22T01:00:00Z,0.0
2023-05-22T02:00:00Z,0.0
2023-05-22T03:00:00Z,0.0
2023-05-22T04:00:00Z,0.0
2023-05-22T05:00:00Z,0.0
2023-05-22T06:00:00Z,32.92
2023-05-22T07:00:00Z,214.6
2023-05-22T08:00:00Z,407.7
2023-05-22T09:00:00Z,559.25
2023-05-22T10:00:00Z,639.85
2023-05-22T11:00:00Z,704.85
2023-05-22T12:00:00Z,776.83
2023-05-22T13:00:00Z,735.42
2023-05-22T14:00:00Z,584.35
2023-05-22T15:00:00Z,419.8
2023-05-22T16:00:00Z,216.45
2023-05-22T17:00:00Z,30.9
2023-05-22T18:00:00Z,0.0
2023-05-22T19:00:00Z,0.0
2023-05-22T20:00:00Z,0.0
2023-05-22T21:00:00Z,0.0
2023-05-22T22:00:00Z,0.0
2023-05-22T23:00:00Z,0.0
2023-05-23T00:00:00Z,0.0
2023-05-23T01:00:00Z,0.0
2023-05-23T02:00:00Z,0.0
2023-05-23T03:00:00Z,0.0
2023-05-23T04:00:00Z,0.0
2023-05-23T05:00:00Z,0.0
2023-05-23T06:00:00Z,24.52
2023-05-23T07:00:00Z,117.93
2023-05-23T08:00:00Z,77.95
2023-05-23T09:00:00Z,98.95
2023-05-23T10:00:00Z,185.1
2023-05-23T11:00:00Z,291.77
2023-05-23T12:00:00Z,385.67
2023-05-23T13:00:00Z,493.4
2023-05-23T14:00:00Z,507.73
2023-05-23T15:00:00Z,304.83
2023-05-23T16:00:00Z,158.4
2023-05-23T17:00:00Z,26.12
2023-05-23T18:00:00Z,0.0
2023-05-23T19:00:00Z,0.0
2023-05-23T20:00:00Z,0.0
2023-05-23T21:00:00Z,0.0
2023-05-23T22:00:00Z,0.0
2023-05-23T23:00:00Z,0.0
2023-05-24T00:00:00Z,0.0
2023-05-24T01:00:00Z,0.0
2023-05-24T02:00:00Z,0.0
2023-05-24T03:00:00Z,0.0
2023-05-24T04:00:00Z,0.0
2023-05-24T05:00:00Z,0.0
2023-05-24T06:00:00Z,36.12
2023-05-24T07:00:00Z,219.73
2023-05-24T08:00:00Z,419.77
2023-05-24T09:00:00Z,600.28
2023-05-24T10:00:00Z,684.0
2023-05-24T11:00:00Z,770.45
2023-05-24T12:00:00Z,763.0
2023-05-24T13:00:00Z,725.42
2023-05-24T14:00:00Z,615.0
2023-05-24T15:00:00Z,419.38
2023-05-24T16:00:00Z,219.12
2023-05-24T17:00:00Z,32.72
2023-05-24T18:00:00Z,0.0
2023-05-24T19:00:00Z,0.0
2023-05-24T20:00:00Z,0.0
2023-05-24T21:00:00Z,0.0
2023-05-24T22:00:00Z,0.0
2023-05-24T23:00:00Z,0.0
2023-05-25T00:00:00Z,0.0
2023-05-25T01:00:00Z,0.0
2023-05-25T02:00:00Z,0.0
2023-05-25T03:00:00Z,0.0
2023-05-25T04:00:00Z,0.0
2023-05-25T05:00:00Z,0.0
2023-05-25T06:00:00Z,37.72
2023-05-25T07:00:00Z,232.77
2023-05-25T08:00:00Z,432.1
2023-05-25T09:00:00Z,619.42
2023-05-25T10:00:00Z,725.47
2023-05-25T11:00:00Z,765.85
2023-05-25T12:00:00Z,769.4
2023-05-25T13:00:00Z,674.67
2023-05-25T14:00:00Z,528.78
2023-05-25T15:00:00Z,337.73
2023-05-25T16:00:00Z,167.05
2023-05-25T17:00:00Z,26.0
2023-05-25T18:00:00Z,0.0
2023-05-25T19:00:00Z,0.0
2023-05-25T20:00:00Z,0.0
2023-05-25T21:00:00Z,0.0
2023-05-25T22:00:00Z,0.0
2023-05-25T23:00:00Z,0.0
2023-05-26T00:00:00Z,0.0
2023-05-26T01:00:00Z,0.0
2023-05-26T02:00:00Z,0.0
2023-05-26T03:00:00Z,0.0
2023-05-26T04:00:00Z,0.0
2023-05-26T05:00:00Z,0.0
2023-05-26T06:00:00Z,20.92
2023-05-26T07:00:00Z,151.65
2023-05-26T08:00:00Z,295.33
2023-05-26T09:00:00Z,446.75
2023-05-26T10:00:00Z,442.38
2023-05-26T11:00:00Z,364.62
2023-05-26T12:00:00Z,236.45
2023-05-26T13:00:00Z,184.15
2023-05-26T14:00:00Z,232.23
2023-05-26T15:00:00Z,155.82
2023-05-26T16:00:00Z,86.57
2023-05-26T17:00:00Z,12.0
2023-05-26T18:00:00Z,0.0
2023-05-26T19:00:00Z,0.0
2023-05-26T20:00:00Z,0.0
2023-05-26T21:00:00Z,0.0
2023-05-26T22:00:00Z,0.0
2023-05-26T23:00:00Z,0.0
2023-05-27T00:00:00Z,0.0
2023-05-27T01:00:00Z,0.0
2023-05-27T02:00:00Z,0.0
2023-05-27T03:00:00Z,0.0
2023-05-27T04:00:00Z,0.0
2023-05-27T05:00:00Z,0.0
2023-05-27T06:00:00Z,11.75
2023-05-27T07:00:00Z,101.47
2023-05-27T08:00:00Z,221.38
2023-05-27T09:00:00Z,312.62
2023-05-27T10:00:00Z,386.67
2023-05-27T11:00:00Z,480.83
2023-05-27T12:00:00Z,480.48
2023-05-27T13:00:00Z,397.48
2023-05-27T14:00:00Z,371.9
2023-05-27T15:00:00Z,264.75
2023-05-27T16:00:00Z,109.35
2023-05-27T17:00:00Z,16.45
2023-05-27T18:00:00Z,0.0
2023-05-27T19:00:00Z,0.0
2023-05-27T20:00:00Z,0.0
2023-05-27T21:00:00Z,0.0
2023-05-27T22:00:00Z,0.0
2023-05-27T23:00:00Z,0.0
2023-05-28T00:00:00Z,0.0
2023-05-28T01:00:00Z,0.0
2023-05-28T02:00:00Z,0.0
2023-05-28T03:00:00Z,0.0
2023-05-28T04:00:00Z,0.0
2023-05-28T05:00:00Z,0.0
2023-05-28T06:00:00Z,35.5
2023-05-28T07:00:00Z,230.12
2023-05-28T08:00:00Z,436.05
2023-05-28T09:00:00Z,627.9
2023-05-28T10:00:00Z,761.67
2023-05-28T11:00:00Z,831.42
2023-05-28T12:00:00Z,817.72
2023-05-28T13:00:00Z,752.72
2023-05-28T14:00:00Z,614.53
2023-05-28T15:00:00Z,428.02
2023-05-28T16:00:00Z,224.12
2023-05-28T17:00:00Z,33.42
2023-05-28T18:00:00Z,0.0
2023-05-28T19:00:00Z,0.0
2023-05-28T20:00:00Z,0.0
2023-05-28T21:00:00Z,0.0
2023-05-28T22:00:00Z,0.0
2023-05-28T23:00:00Z,0.0
2023-05-29T00:00:00Z,0.0
2023-05-29T01:00:00Z,0.0
2023-05-29T02:00:00Z,0.0
2023-05-29T03:00:00Z,0.0
2023-05-29T04:00:00Z,0.0
2023-05-29T05:00:00Z,0.0
2023-05-29T06:00:00Z,29.0
2023-05-29T07:00:00Z,218.15
2023-05-29T08:00:00Z,413.62
2023-05-29T09:00:00Z,606.15
2023-05-29T10:00:00Z,722.1
2023-05-29T11:00:00Z,816.1
2023-05-29T12:00:00Z,771.28
2023-05-29T13:00:00Z,632.88
2023-05-29T14:00:00Z,545.92
2023-05-29T15:00:00Z,375.3
2023-05-29T16:00:00Z,187.1
2023-05-29T17:00:00Z,26.5
2023-05-29T18:00:00Z,0.0
2023-05-29T19:00:00Z,0.0
2023-05-29T20:00:00Z,0.0
2023-05-29T21:00:00Z,0.0
2023-05-29T22:00:00Z,0.0
2023-05-29T23:00:00Z,0.0
2023-05-30T00:00:00Z,0.0
2023-05-30T01:00:00Z,0.0
2023-05-30T02:00:00Z,0.0
2023-05-30T03:00:00Z,0.0
2023-05-30T04:00:00Z,0.0
2023-05-30T05:00:00Z,0.0
2023-05-30T06:00:00Z,28.75
2023-05-30T07:00:00Z,203.05
2023-05-30T08:00:00Z,415.83
2023-05-30T09:00:00Z,589.6
2023-05-30T10:00:00Z,729.22
2023-05-30T11:00:00Z,808.3
2023-05-30T12:00:00Z,774.83
2023-05-30T13:00:00Z,670.33
2023-05-30T14:00:00Z,541.53
2023-05-30T15:00:00Z,396.75
2023-05-30T16:00:00Z,190.0
2023-05-30T17:00:00Z,27.3
2023-05-30T18:00:00Z,0.0
2023-05-30T19:00:00Z,0.0
2023-05-30T20:00:00Z,0.0
2023-05-30T21:00:00Z,0.0
2023-05-30T22:00:00Z,0.0
2023-05-30T23:00:00Z,0.0
2023-05-31T00:00:00Z,0.0
2023-05-31T01:00:00Z,0.0
2023-05-31T02:00:00Z,0.0
2023-05-31T03:00:00Z,0.0
2023-05-31T04:00:00Z,0.0
2023-05-31T05:00:00Z,0.0
2023-05-31T06:00:00Z,22.38
2023-05-31T07:00:00Z,153.38
2023-05-31T08:00:00Z,313.88
2023-05-31T09:00:00Z,469.77
2023-05-31T10:00:00Z,569.7
2023-05-31T11:00:00Z,562.85
2023-05-31T12:00:00Z,619.4
2023-05-31T13:00:00Z,679.55
2023-05-31T14:00:00Z,570.12
2023-05-31T15:00:00Z,401.27
2023-05-31T16:00:00Z,198.82
2023-05-31T17:00:00Z,29.25
2023-05-31T18:00:00Z,0.0
2023-05-31T19:00:00Z,0.0
2023-05-31T20:00:00Z,0.0
2023-05-31T21:00:00Z,0.0
2023-05-31T22:00:00Z,0.0
2023-05-31T23:00:00Z,0.0
2023-06-01T00:00:00Z,0.0
2023-06-01T01:00:00Z,0.0
2023-06-01T02:00:00Z,0.0
2023-06-01T03:00:00Z,0.0
2023-06-01T04:00:00Z,0.0
2023-06-01T05:00:00Z,0.0
2023-06-01T06:00:00Z,34.53
2023-06-01T07:00:00Z,218.48
2023-06-01T08:00:00Z,444.45
2023-06-01T09:00:00Z,619.0
2023-06-01T10:00:00Z,742.78
2023-06-01T11:00:00Z,809.12
2023-06-01T12:00:00Z,809.62
2023-06-01T13:00:00Z,748.8
2023-06-01T14:00:00Z,608.22
2023-06-01T15:00:00Z,426.05
2023-06-01T16:00:00Z,216.57
2023-06-01T17:00:00Z,32.83
2023-06-01T18:00:00Z,0.0
2023-06-01T19:00:00Z,0.0
2023-06-01T20:00:00Z,0.0
2023-06-01T21:00:00Z,0.0
2023-06-01T22:00:00Z,0.0
2023-06-01T23:00:00Z,0.0
2023-06-02T00:00:00Z,0.0
2023-06-02T01:00:00Z,0.0
2023-06-02T02:00:00Z,0.0
2023-06-02T03:00:00Z,0.0
2023-06-02T04:00:00Z,0.0
2023-06-02T05:00:00Z,0.0
2023-06-02T06:00:00Z,34.65
2023-06-02T07:00:00Z,232.48
2023-06-02T08:00:00Z,444.45
2023-06-02T09:00:00Z,629.1
2023-06-02T10:00:00Z,756.2
2023-06-02T11:00:00Z,821.12
2023-06-02T12:00:00Z,807.15
2023-06-02T13:00:00Z,719.35
2023-06-02T14:00:00Z,610.08
2023-06-02T15:00:00Z,430.8
2023-06-02T16:00:00Z,220.9
2023-06-02T17:00:00Z,32.58
2023-06-02T18:00:00Z,0.0
2023-06-02T19:00:00Z,0.0
2023-06-02T20:00:00Z,0.0
2023-06-02T21:00:00Z,0.0
2023-06-02T22:00:00Z,0.0
2023-06-02T23:00:00Z,0.0
2023-06-03T00:00:00Z,0.0
2023-06-03T01:00:00Z,0.0
2023-06-03T02:00:00Z,0.0
2023-06-03T03:00:00Z,0.0
2023-06-03T04:00:00Z,0.0
2023-06-03T05:00:00Z,0.0
2023-06-03T06:00:00Z,34.95
2023-06-03T07:00:00Z,230.52
2023-06-03T08:00:00Z,436.6
2023-06-03T09:00:00Z,621.83
2023-06-03T10:00:00Z,751.3
2023-06-03T11:00:00Z,800.97
2023-06-03T12:00:00Z,793.58
2023-06-03T13:00:00Z,740.83
2023-06-03T14:00:00Z,625.97
2023-06-03T15:00:00Z,444.6
2023-06-03T16:00:00Z,232.73
2023-06-03T17:00:00Z,34.9
2023-06-03T18:00:00Z,0.0
2023-06-03T19:00:00Z,0.0
2023-06-03T20:00:00Z,0.0
2023-06-03T21:00:00Z,0.0
2023-06-03T22:00:00Z,0.0
2023-06-03T23:00:00Z,0.0
2023-06-04T00:00:00Z,0.0
2023-06-04T01:00:00Z,0.0
2023-06-04T02:00:00Z,0.0
2023-06-04T03:00:00Z,0.0
2023-06-04T04:00:00Z,0.0
2023-06-04T05:00:00Z,0.0
2023-06-04T06:00:00Z,32.12
2023-06-04T07:00:00Z,210.73
2023-06-04T08:00:00Z,400.27
2023-06-04T09:00:00Z,585.53
2023-06-04T10:00:00Z,696.9
2023-06-04T11:00:00Z,785.55
2023-06-04T12:00:00Z,805.1
2023-06-04T13:00:00Z,762.28
2023-06-04T14:00:00Z,634.53
2023-06-04T15:00:00Z,450.23
2023-06-04T16:00:00Z,240.43
2023-06-04T17:00:00Z,36.47
2023-06-04T18:00:00Z,0.0
2023-06-04T19:00:00Z,0.0
2023-06-04T20:00:00Z,0.0
2023-06-04T21:00:00Z,0.0
2023-06-04T22:00:00Z,0.0
2023-06-04T23:00:00Z,0.0
2023-06-05T00:00:00Z,0.0
2023-06-05T01:00:00Z,0.0
2023-06-05T02:00:00Z,0.0
2023-06-05T03:00:00Z,0.0
2023-06-05T04:00:00Z,0.0
2023-06-05T05:00:00Z,0.0
2023-06-05T06:00:00Z,33.95
2023-06-05T07:00:00Z,230.18
2023-06-05T08:00:00Z,443.95
2023-06-05T09:00:00Z,626.65
2023-06-05T10:00:00Z,746.33
2023-06-05T11:00:00Z,780.67
2023-06-05T12:00:00Z,800.25
2023-06-05T13:00:00Z,754.47
2023-06-05T14:00:00Z,599.92
2023-06-05T15:00:00Z,406.15
2023-06-05T16:00:00Z,211.45
2023-06-05T17:00:00Z,30.45
2023-06-05T18:00:00Z,0.0
2023-06-05T19:00:00Z,0.0
2023-06-05T20:00:00Z,0.0
2023-06-05T21:00:00Z,0.0
2023-06-05T22:00:00Z,0.0
2023-06-05T23:00:00Z,0.0
2023-06-06T00:00:00Z,0.0
2023-06-06T01:00:00Z,0.0
2023-06-06T02:00:00Z,0.0
2023-06-06T03:00:00Z,0.0
2023-06-06T04:00:00Z,0.0
2023-06-06T05:00:00Z,0.0
2023-06-06T06:00:00Z,34.53
2023-06-06T07:00:00Z,235.02
2023-06-06T08:00:00Z,448.88
2023-06-06T09:00:00Z,631.7
2023-06-06T10:00:00Z,761.45
2023-06-06T11:00:00Z,832.35
2023-06-06T12:00:00Z,829.42
2023-06-06T13:00:00Z,761.12
2023-06-06T14:00:00Z,618.17
2023-06-06T15:00:00Z,419.8
2023-06-06T16:00:00Z,226.2
2023-06-06T17:00:00Z,33.78
2023-06-06T18:00:00Z,0.0
2023-06-06T19:00:00Z,0.0
2023-06-06T20:00:00Z,0.0
2023-06-06T21:00:00Z,0.0
2023-06-06T22:00:00Z,0.0
2023-06-06T23:00:00Z,0.0
2023-06-07T00:00:00Z,0.0
2023-06-07T01:00:00Z,0.0
2023-06-07T02:00:00Z,0.0
2023-06-07T03:00:00Z,0.0
2023-06-07T04:00:00Z,0.0
2023-06-07T05:00:00Z,0.0
2023-06-07T06:00:00Z,32.75
2023-06-07T07:00:00Z,225.55
2023-06-07T08:00:00Z,431.55
2023-06-07T09:00:00Z,620.58
2023-06-07T10:00:00Z,748.05
2023-06-07T11:00:00Z,793.83
2023-06-07T12:00:00Z,724.03
2023-06-07T13:00:00Z,641.3
2023-06-07T14:00:00Z,600.28
2023-06-07T15:00:00Z,424.77
2023-06-07T16:00:00Z,217.07
2023-06-07T17:00:00Z,30.73
2023-06-07T18:00:00Z,0.0
2023-06-07T19:00:00Z,0.0
2023-06-07T20:00:00Z,0.0
2023-06-07T21:00:00Z,0.0
2023-06-07T22:00:00Z,0.0
2023-06-07T23:00:00Z,0.0
2023-06-08T00:00:00Z,0.0
2023-06-08T01:00:00Z,0.0
2023-06-08T02:00:00Z,0.0
2023-06-08T03:00:00Z,0.0
2023-06-08T04:00:00Z,0.0
2023-06-08T05:00:00Z,0.0
2023-06-08T06:00:00Z,31.7
2023-06-08T07:00:00Z,220.57
2023-06-08T08:00:00Z,419.83
2023-06-08T09:00:00Z,609.3
2023-06-08T10:00:00Z,683.25
2023-06-08T11:00:00Z,765.38
2023-06-08T12:00:00Z,777.42
2023-06-08T13:00:00Z,690.85
2023-06-08T14:00:00Z,578.17
2023-06-08T15:00:00Z,391.1
2023-06-08T16:00:00Z,202.95
2023-06-08T17:00:00Z,30.15
2023-06-08T18:00:00Z,0.0
2023-06-08T19:00:00Z,0.0
2023-06-08T20:00:00Z,0.0
2023-06-08T21:00:00Z,0.0
2023-06-08T22:00:00Z,0.0
2023-06-08T23:00:00Z,0.0
2023-06-09T00:00:00Z,0.0
2023-06-09T01:00:00Z,0.0
2023-06-09T02:00:00Z,0.0
2023-06-09T03:00:00Z,0.0
2023-06-09T04:00:00Z,0.0
2023-06-09T05:00:00Z,0.0
2023-06-09T06:00:00Z,27.75
2023-06-09T07:00:00Z,172.57
2023-06-09T08:00:00Z,326.02
2023-06-09T09:00:00Z,425.23
2023-06-09T10:00:00Z,606.65
2023-06-09T11:00:00Z,693.33
2023-06-09T12:00:00Z,729.1
2023-06-09T13:00:00Z,666.92
2023-06-09T14:00:00Z,599.97
2023-06-09T15:00:00Z,407.65
2023-06-09T16:00:00Z,214.4
2023-06-09T17:00:00Z,32.7
2023-06-09T18:00:00Z,0.0
2023-06-09T19:00:00Z,0.0
2023-06-09T20:00:00Z,0.0
2023-06-09T21:00:00Z,0.0
2023-06-09T22:00:00Z,0.0
2023-06-09T23:00:00Z,0.0
2023-06-10T00:00:00Z,0.0
2023-06-10T01:00:00Z,0.0
2023-06-10T02:00:00Z,0.0
2023-06-10T03:00:00Z,0.0
2023-06-10T04:00:00Z,0.0
2023-06-10T05:00:00Z,0.0
2023-06-10T06:00:00Z,21.95
2023-06-10T07:00:00Z,163.45
2023-06-10T08:00:00Z,346.75
2023-06-10T09:00:00Z,522.6
2023-06-10T10:00:00Z,641.78
2023-06-10T11:00:00Z,728.17
2023-06-10T12:00:00Z,716.1
2023-06-10T13:00:00Z,651.15
2023-06-10T14:00:00Z,524.3
2023-06-10T15:00:00Z,357.52
2023-06-10T16:00:00Z,173.62
2023-06-10T17:00:00Z,26.0
2023-06-10T18:00:00Z,0.0
2023-06-10T19:00:00Z,0.0
2023-06-10T20:00:00Z,0.0
2023-06-10T21:00:00Z,0.0
2023-06-10T22:00:00Z,0.0
2023-06-10T23:00:00Z,0.0
2023-06-11T00:00:00Z,0.0
2023-06-11T01:00:00Z,0.0
2023-06-11T02:00:00Z,0.0
2023-06-11T03:00:00Z,0.0
2023-06-11T04:00:00Z,0.0
2023-06-11T05:00:00Z,0.0
2023-06-11T06:00:00Z,25.83
2023-06-11T07:00:00Z,183.07
2023-06-11T08:00:00Z,355.6
2023-06-11T09:00:00Z,462.23
2023-06-11T10:00:00Z,622.1
2023-06-11T11:00:00Z,582.05
2023-06-11T12:00:00Z,470.1
2023-06-11T13:00:00Z,345.0
2023-06-11T14:00:00Z,205.38
2023-06-11T15:00:00Z,131.9
2023-06-11T16:00:00Z,71.9
2023-06-11T17:00:00Z,12.2
2023-06-11T18:00:00Z,0.0
2023-06-11T19:00:00Z,0.0
2023-06-11T20:00:00Z,0.0
2023-06-11T21:00:00Z,0.0
2023-06-11T22:00:00Z,0.0
2023-06-11T23:00:00Z,0.0
2023-06-12T00:00:00Z,0.0
2023-06-12T01:00:00Z,0.0
2023-06-12T02:00:00Z,0.0
2023-06-12T03:00:00Z,0.0
2023-06-12T04:00:00Z,0.0
2023-06-12T05:00:00Z,0.0
2023-06-12T06:00:00Z,20.25
2023-06-12T07:00:00Z,166.88
2023-06-12T08:00:00Z,358.08
2023-06-12T09:00:00Z,521.12
2023-06-12T10:00:00Z,614.45
2023-06-12T11:00:00Z,735.17
2023-06-12T12:00:00Z,755.78
2023-06-12T13:00:00Z,729.9
2023-06-12T14:00:00Z,576.62
2023-06-12T15:00:00Z,395.77
2023-06-12T16:00:00Z,196.73
2023-06-12T17:00:00Z,28.1
2023-06-12T18:00:00Z,0.0
2023-06-12T19:00:00Z,0.0
2023-06-12T20:00:00Z,0.0
2023-06-12T21:00:00Z,0.0
2023-06-12T22:00:00Z,0.0
2023-06-12T23:00:00Z,0.0
2023-06-13T00:00:00Z,0.0
2023-06-13T01:00:00Z,0.0
2023-06-13T02:00:00Z,0.0
2023-06-13T03:00:00Z,0.0
2023-06-13T04:00:00Z,0.0
2023-06-13T05:00:00Z,0.0
2023-06-13T06:00:00Z,27.27
2023-06-13T07:00:00Z,202.5
2023-06-13T08:00:00Z,396.58
2023-06-13T09:00:00Z,569.92
2023-06-13T10:00:00Z,668.42
2023-06-13T11:00:00Z,751.83
2023-06-13T12:00:00Z,786.28
2023-06-13T13:00:00Z,697.12
2023-06-13T14:00:00Z,575.5
2023-06-13T15:00:00Z,392.98
2023-06-13T16:00:00Z,204.9
2023-06-13T17:00:00Z,32.42
2023-06-13T18:00:00Z,0.0
2023-06-13T19:00:00Z,0.0
2023-06-13T20:00:00Z,0.0
2023-06-13T21:00:00Z,0.0
2023-06-13T22:00:00Z,0.0
2023-06-13T23:00:00Z,0.0
2023-06-14T00:00:00Z,0.0
2023-06-14T01:00:00Z,0.0
2023-06-14T02:00:00Z,0.0
2023-06-14T03:00:00Z,0.0
2023-06-14T04:00:00Z,0.0
2023-06-14T05:00:00Z,0.0
2023-06-14T06:00:00Z,17.08
2023-06-14T07:00:00Z,132.12
2023-06-14T08:00:00Z,304.15
2023-06-14T09:00:00Z,444.1
2023-06-14T10:00:00Z,570.53
2023-06-14T11:00:00Z,660.45
2023-06-14T12:00:00Z,693.0
2023-06-14T13:00:00Z,621.03
2023-06-14T14:00:00Z,584.95
2023-06-14T15:00:00Z,395.83
2023-06-14T16:00:00Z,209.52
2023-06-14T17:00:00Z,34.58
2023-06-14T18:00:00Z,0.0
2023-06-14T19:00:00Z,0.0
2023-06-14T20:00:00Z,0.0
2023-06-14T21:00:00Z,0.0
2023-06-14T22:00:00Z,0.0
2023-06-14T23:00:00Z,0.0
2023-06-15T00:00:00Z,0.0
2023-06-15T01:00:00Z,0.0
2023-06-15T02:00:00Z,0.0
2023-06-15T03:00:00Z,0.0
2023-06-15T04:00:00Z,0.0
2023-06-15T05:00:00Z,0.0
2023-06-15T06:00:00Z,27.27
2023-06-15T07:00:00Z,207.55
2023-06-15T08:00:00Z,412.2
2023-06-15T09:00:00Z,591.83
2023-06-15T10:00:00Z,721.45
2023-06-15T11:00:00Z,788.42
2023-06-15T12:00:00Z,735.72
2023-06-15T13:00:00Z,727.88
2023-06-15T14:00:00Z,609.05
2023-06-15T15:00:00Z,440.48
2023-06-15T16:00:00Z,224.57
2023-06-15T17:00:00Z,35.58
2023-06-15T18:00:00Z,0.0
2023-06-15T19:00:00Z,0.0
2023-06-15T20:00:00Z,0.0
2023-06-15T21:00:00Z,0.0
2023-06-15T22:00:00Z,0.0
2023-06-15T23:00:00Z,0.0
2023-06-16T00:00:00Z,0.0
2023-06-16T01:00:00Z,0.0
2023-06-16T02:00:00Z,0.0
2023-06-16T03:00:00Z,0.0
2023-06-16T04:00:00Z,0.0
2023-06-16T05:00:00Z,0.0
2023-06-16T06:00:00Z,26.88
2023-06-16T07:00:00Z,201.6
2023-06-16T08:00:00Z,383.88
2023-06-16T09:00:00Z,598.05
2023-06-16T10:00:00Z,724.17
2023-06-16T11:00:00Z,802.12
2023-06-16T12:00:00Z,810.08
2023-06-16T13:00:00Z,741.92
2023-06-16T14:00:00Z,602.1
2023-06-16T15:00:00Z,426.05
2023-06-16T16:00:00Z,225.95
2023-06-16T17:00:00Z,36.9
2023-06-16T18:00:00Z,0.0
2023-06-16T19:00:00Z,0.0
2023-06-16T20:00:00Z,0.0
2023-06-16T21:00:00Z,0.0
2023-06-16T22:00:00Z,0.0
2023-06-16T23:00:00Z,0.0
2023-06-17T00:00:00Z,0.0
2023-06-17T01:00:00Z,0.0
2023-06-17T02:00:00Z,0.0
2023-06-17T03:00:00Z,0.0
2023-06-17T04:00:00Z,0.0
2023-06-17T05:00:00Z,0.0
2023-06-17T06:00:00Z,25.4
2023-06-17T07:00:00Z,182.4
2023-06-17T08:00:00Z,341.6
2023-06-17T09:00:00Z,550.3
2023-06-17T10:00:00Z,672.85
2023-06-17T11:00:00Z,764.72
2023-06-17T12:00:00Z,759.88
2023-06-17T13:00:00Z,702.45
2023-06-17T14:00:00Z,559.92
2023-06-17T15:00:00Z,370.98
2023-06-17T16:00:00Z,187.0
2023-06-17T17:00:00Z,28.92
2023-06-17T18:00:00Z,0.0
2023-06-17T19:00:00Z,0.0
2023-06-17T20:00:00Z,0.0
2023-06-17T21:00:00Z,0.0
2023-06-17T22:00:00Z,0.0
2023-06-17T23:00:00Z,0.0
2023-06-18T00:00:00Z,0.0
2023-06-18T01:00:00Z,0.0
2023-06-18T02:00:00Z,0.0
2023-06-18T03:00:00Z,0.0
2023-06-18T04:00:00Z,0.0
2023-06-18T05:00:00Z,0.0
2023-06-18T06:00:00Z,27.42
2023-06-18T07:00:00Z,213.68
2023-06-18T08:00:00Z,425.02
2023-06-18T09:00:00Z,607.9
2023-06-18T10:00:00Z,737.03
2023-06-18T11:00:00Z,804.38
2023-06-18T12:00:00Z,748.67
2023-06-18T13:00:00Z,736.58
2023-06-18T14:00:00Z,608.38
2023-06-18T15:00:00Z,428.73
2023-06-18T16:00:00Z,205.35
2023-06-18T17:00:00Z,31.15
2023-06-18T18:00:00Z,0.0
2023-06-18T19:00:00Z,0.0
2023-06-18T20:00:00Z,0.0
2023-06-18T21:00:00Z,0.0
2023-06-18T22:00:00Z,0.0
2023-06-18T23:00:00Z,0.0
2023-06-19T00:00:00Z,0.0
2023-06-19T01:00:00Z,0.0
2023-06-19T02:00:00Z,0.0
2023-06-19T03:00:00Z,0.0
2023-06-19T04:00:00Z,0.0
2023-06-19T05:00:00Z,0.0
2023-06-19T06:00:00Z,24.45
2023-06-19T07:00:00Z,204.93
2023-06-19T08:00:00Z,414.98
2023-06-19T09:00:00Z,602.55
2023-06-19T10:00:00Z,728.33
2023-06-19T11:00:00Z,789.28
2023-06-19T12:00:00Z,804.95
2023-06-19T13:00:00Z,740.17
2023-06-19T14:00:00Z,616.45
2023-06-19T15:00:00Z,420.25
2023-06-19T16:00:00Z,214.7
2023-06-19T17:00:00Z,36.58
2023-06-19T18:00:00Z,0.0
2023-06-19T19:00:00Z,0.0
2023-06-19T20:00:00Z,0.0
2023-06-19T21:00:00Z,0.0
2023-06-19T22:00:00Z,0.0
2023-06-19T23:00:00Z,0.0
2023-06-20T00:00:00Z,0.0
2023-06-20T01:00:00Z,0.0
2023-06-20T02:00:00Z,0.0
2023-06-20T03:00:00Z,0.0
2023-06-20T04:00:00Z,0.0
2023-06-20T05:00:00Z,0.0
2023-06-20T06:00:00Z,24.3
2023-06-20T07:00:00Z,199.1
2023-06-20T08:00:00Z,400.02
2023-06-20T09:00:00Z,579.17
2023-06-20T10:00:00Z,703.67
2023-06-20T11:00:00Z,784.17
2023-06-20T12:00:00Z,807.92
2023-06-20T13:00:00Z,701.95
2023-06-20T14:00:00Z,602.4
2023-06-20T15:00:00Z,416.75
2023-06-20T16:00:00Z,226.2
2023-06-20T17:00:00Z,36.97
2023-06-20T18:00:00Z,0.0
2023-06-20T19:00:00Z,0.0
2023-06-20T20:00:00Z,0.0
2023-06-20T21:00:00Z,0.0
2023-06-20T22:00:00Z,0.0
2023-06-20T23:00:00Z,0.0
2023-06-21T00:00:00Z,0.0
2023-06-21T01:00:00Z,0.0
2023-06-21T02:00:00Z,0.0
2023-06-21T03:00:00Z,0.0
2023-06-21T04:00:00Z,0.0
2023-06-21T05:00:00Z,0.0
2023-06-21T06:00:00Z,25.08
2023-06-21T07:00:00Z,201.0
2023-06-21T08:00:00Z,403.92
2023-06-21T09:00:00Z,571.7
2023-06-21T10:00:00Z,676.08
2023-06-21T11:00:00Z,773.12
2023-06-21T12:00:00Z,780.83
2023-06-21T13:00:00Z,706.75
2023-06-21T14:00:00Z,583.15
2023-06-21T15:00:00Z,411.35
2023-06-21T16:00:00Z,210.9
2023-06-21T17:00:00Z,33.17
2023-06-21T18:00:00Z,0.0
2023-06-21T19:00:00Z,0.0
2023-06-21T20:00:00Z,0.0
2023-06-21T21:00:00Z,0.0
2023-06-21T22:00:00Z,0.0
2023-06-21T23:00:00Z,0.0
2023-06-22T00:00:00Z,0.0
2023-06-22T01:00:00Z,0.0
2023-06-22T02:00:00Z,0.0
2023-06-22T03:00:00Z,0.0
2023-06-22T04:00:00Z,0.0
2023-06-22T05:00:00Z,0.0
2023-06-22T06:00:00Z,21.3
2023-06-22T07:00:00Z,167.62
2023-06-22T08:00:00Z,355.52
2023-06-22T09:00:00Z,527.05
2023-06-22T10:00:00Z,649.17
2023-06-22T11:00:00Z,709.05
2023-06-22T12:00:00Z,679.6
2023-06-22T13:00:00Z,681.58
2023-06-22T14:00:00Z,511.38
2023-06-22T15:00:00Z,362.7
2023-06-22T16:00:00Z,177.62
2023-06-22T17:00:00Z,28.4
2023-06-22T18:00:00Z,0.0
2023-06-22T19:00:00Z,0.0
2023-06-22T20:00:00Z,0.0
2023-06-22T21:00:00Z,0.0
2023-06-22T22:00:00Z,0.0
2023-06-22T23:00:00Z,0.0
2023-06-23T00:00:00Z,0.0
2023-06-23T01:00:00Z,0.0
2023-06-23T02:00:00Z,0.0
2023-06-23T03:00:00Z,0.0
2023-06-23T04:00:00Z,0.0
2023-06-23T05:00:00Z,0.0
2023-06-23T06:00:00Z,23.38
2023-06-23T07:00:00Z,202.12
2023-06-23T08:00:00Z,412.77
2023-06-23T09:00:00Z,600.55
2023-06-23T10:00:00Z,735.97
2023-06-23T11:00:00Z,819.22
2023-06-23T12:00:00Z,827.85
2023-06-23T13:00:00Z,768.3
2023-06-23T14:00:00Z,640.92
2023-06-23T15:00:00Z,462.0
2023-06-23T16:00:00Z,248.43
2023-06-23T17:00:00Z,42.08
2023-06-23T18:00:00Z,0.0
2023-06-23T19:00:00Z,0.0
2023-06-23T20:00:00Z,0.0
2023-06-23T21:00:00Z,0.0
2023-06-23T22:00:00Z,0.0
2023-06-23T23:00:00Z,0.0
2023-06-24T00:00:00Z,0.0
2023-06-24T01:00:00Z,0.0
2023-06-24T02:00:00Z,0.0
2023-06-24T03:00:00Z,0.0
2023-06-24T04:00:00Z,0.0
2023-06-24T05:00:00Z,0.0
2023-06-24T06:00:00Z,27.17
2023-06-24T07:00:00Z,219.8
2023-06-24T08:00:00Z,434.65
2023-06-24T09:00:00Z,621.85
2023-06-24T10:00:00Z,753.28
2023-06-24T11:00:00Z,826.3
2023-06-24T12:00:00Z,836.05
2023-06-24T13:00:00Z,770.2
2023-06-24T14:00:00Z,619.78
2023-06-24T15:00:00Z,458.65
2023-06-24T16:00:00Z,249.25
2023-06-24T17:00:00Z,44.45
2023-06-24T18:00:00Z,0.0
2023-06-24T19:00:00Z,0.0
2023-06-24T20:00:00Z,0.0
2023-06-24T21:00:00Z,0.0
2023-06-24T22:00:00Z,0.0
2023-06-24T23:00:00Z,0.0
2023-06-25T00:00:00Z,0.0
2023-06-25T01:00:00Z,0.0
2023-06-25T02:00:00Z,0.0
2023-06-25T03:00:00Z,0.0
2023-06-25T04:00:00Z,0.0
2023-06-25T05:00:00Z,0.0
2023-06-25T06:00:00Z,23.8
2023-06-25T07:00:00Z,177.7
2023-06-25T08:00:00Z,366.23
2023-06-25T09:00:00Z,532.97
2023-06-25T10:00:00Z,599.72
2023-06-25T11:00:00Z,611.15
2023-06-25T12:00:00Z,635.7
2023-06-25T13:00:00Z,642.3
2023-06-25T14:00:00Z,564.7
2023-06-25T15:00:00Z,331.38
2023-06-25T16:00:00Z,194.2
2023-06-25T17:00:00Z,34.55
2023-06-25T18:00:00Z,0.0
2023-06-25T19:00:00Z,0.0
2023-06-25T20:00:00Z,0.0
2023-06-25T21:00:00Z,0.0
2023-06-25T22:00:00Z,0.0
2023-06-25T23:00:00Z,0.0
2023-06-26T00:00:00Z,0.0
2023-06-26T01:00:00Z,0.0
2023-06-26T02:00:00Z,0.0
2023-06-26T03:00:00Z,0.0
2023-06-26T04:00:00Z,0.0
2023-06-26T05:00:00Z,0.0
2023-06-26T06:00:00Z,22.95
2023-06-26T07:00:00Z,180.9
2023-06-26T08:00:00Z,340.02
2023-06-26T09:00:00Z,565.1
2023-06-26T10:00:00Z,653.0
2023-06-26T11:00:00Z,713.62
2023-06-26T12:00:00Z,659.83
2023-06-26T13:00:00Z,715.33
2023-06-26T14:00:00Z,601.62
2023-06-26T15:00:00Z,426.52
2023-06-26T16:00:00Z,230.88
2023-06-26T17:00:00Z,42.62
2023-06-26T18:00:00Z,0.0
2023-06-26T19:00:00Z,0.0
2023-06-26T20:00:00Z,0.0
2023-06-26T21:00:00Z,0.0
2023-06-26T22:00:00Z,0.0
2023-06-26T23:00:00Z,0.0
2023-06-27T00:00:00Z,0.0
2023-06-27T01:00:00Z,0.0
2023-06-27T02:00:00Z,0.0
2023-06-27T03:00:00Z,0.0
2023-06-27T04:00:00Z,0.0
2023-06-27T05:00:00Z,0.0
2023-06-27T06:00:00Z,20.5
2023-06-27T07:00:00Z,180.3
2023-06-27T08:00:00Z,377.15
2023-06-27T09:00:00Z,553.58
2023-06-27T10:00:00Z,666.05
2023-06-27T11:00:00Z,756.25
2023-06-27T12:00:00Z,738.53
2023-06-27T13:00:00Z,690.97
2023-06-27T14:00:00Z,541.8
2023-06-27T15:00:00Z,377.92
2023-06-27T16:00:00Z,191.57
2023-06-27T17:00:00Z,32.9
2023-06-27T18:00:00Z,0.0
2023-06-27T19:00:00Z,0.0
2023-06-27T20:00:00Z,0.0
2023-06-27T21:00:00Z,0.0
2023-06-27T22:00:00Z,0.0
2023-06-27T23:00:00Z,0.0
2023-06-28T00:00:00Z,0.0
2023-06-28T01:00:00Z,0.0
2023-06-28T02:00:00Z,0.0
2023-06-28T03:00:00Z,0.0
2023-06-28T04:00:00Z,0.0
2023-06-28T05:00:00Z,0.0
2023-06-28T06:00:00Z,19.23
2023-06-28T07:00:00Z,158.4
2023-06-28T08:00:00Z,339.35
2023-06-28T09:00:00Z,506.27
2023-06-28T10:00:00Z,610.17
2023-06-28T11:00:00Z,677.95
2023-06-28T12:00:00Z,566.9
2023-06-28T13:00:00Z,636.4
2023-06-28T14:00:00Z,532.05
2023-06-28T15:00:00Z,373.67
2023-06-28T16:00:00Z,196.52
2023-06-28T17:00:00Z,35.22
2023-06-28T18:00:00Z,0.0
2023-06-28T19:00:00Z,0.0
2023-06-28T20:00:00Z,0.0
2023-06-28T21:00:00Z,0.0
2023-06-28T22:00:00Z,0.0
2023-06-28T23:00:00Z,0.0
2023-06-29T00:00:00Z,0.0
2023-06-29T01:00:00Z,0.0
2023-06-29T02:00:00Z,0.0
2023-06-29T03:00:00Z,0.0
2023-06-29T04:00:00Z,0.0
2023-06-29T05:00:00Z,0.0
2023-06-29T06:00:00Z,18.7
2023-06-29T07:00:00Z,143.98
2023-06-29T08:00:00Z,291.6
2023-06-29T09:00:00Z,392.95
2023-06-29T10:00:00Z,604.6
2023-06-29T11:00:00Z,580.33
2023-06-29T12:00:00Z,554.33
2023-06-29T13:00:00Z,639.22
2023-06-29T14:00:00Z,488.65
2023-06-29T15:00:00Z,300.5
2023-06-29T16:00:00Z,161.7
2023-06-29T17:00:00Z,25.62
2023-06-29T18:00:00Z,0.0
2023-06-29T19:00:00Z,0.0
2023-06-29T20:00:00Z,0.0
2023-06-29T21:00:00Z,0.0
2023-06-29T22:00:00Z,0.0
2023-06-29T23:00:00Z,0.0
2023-06-30T00:00:00Z,0.0
2023-06-30T01:00:00Z,0.0
2023-06-30T02:00:00Z,0.0
2023-06-30T03:00:00Z,0.0
2023-06-30T04:00:00Z,0.0
2023-06-30T05:00:00Z,0.0
2023-06-30T06:00:00Z,20.58
2023-06-30T07:00:00Z,183.12
2023-06-30T08:00:00Z,384.2
2023-06-30T09:00:00Z,566.4
2023-06-30T10:00:00Z,702.6
2023-06-30T11:00:00Z,770.72
2023-06-30T12:00:00Z,788.7
2023-06-30T13:00:00Z,719.6
2023-06-30T14:00:00Z,594.22
2023-06-30T15:00:00Z,406.8
2023-06-30T16:00:00Z,210.23
2023-06-30T17:00:00Z,33.75
2023-06-30T18:00:00Z,0.0
2023-06-30T19:00:00Z,0.0
2023-06-30T20:00:00Z,0.0
2023-06-30T21:00:00Z,0.0
2023-06-30T22:00:00Z,0.0
2023-06-30T23:00:00Z,0.0
2023-07-01T00:00:00Z,0.0
2023-07-01T01:00:00Z,0.0
2023-07-01T02:00:00Z,0.0
2023-07-01T03:00:00Z,0.0
2023-07-01T04:00:00Z,0.0
2023-07-01T05:00:00Z,0.0
2023-07-01T06:00:00Z,18.62
2023-07-01T07:00:00Z,156.75
2023-07-01T08:00:00Z,319.88
2023-07-01T09:00:00Z,406.62
2023-07-01T10:00:00Z,617.28
2023-07-01T11:00:00Z,708.28
2023-07-01T12:00:00Z,765.2
2023-07-01T13:00:00Z,687.03
2023-07-01T14:00:00Z,594.12
2023-07-01T15:00:00Z,428.67
2023-07-01T16:00:00Z,230.52
2023-07-01T17:00:00Z,42.45
2023-07-01T18:00:00Z,0.0
2023-07-01T19:00:00Z,0.0
2023-07-01T20:00:00Z,0.0
2023-07-01T21:00:00Z,0.0
2023-07-01T22:00:00Z,0.0
2023-07-01T23:00:00Z,0.0
2023-07-02T00:00:00Z,0.0
2023-07-02T01:00:00Z,0.0
2023-07-02T02:00:00Z,0.0
2023-07-02T03:00:00Z,0.0
2023-07-02T04:00:00Z,0.0
2023-07-02T05:00:00Z,0.0
2023-07-02T06:00:00Z,17.25
2023-07-02T07:00:00Z,179.8
2023-07-02T08:00:00Z,387.92
2023-07-02T09:00:00Z,580.12
2023-07-02T10:00:00Z,719.58
2023-07-02T11:00:00Z,797.22
2023-07-02T12:00:00Z,788.35
2023-07-02T13:00:00Z,677.0
2023-07-02T14:00:00Z,555.75
2023-07-02T15:00:00Z,394.25
2023-07-02T16:00:00Z,188.2
2023-07-02T17:00:00Z,36.75
2023-07-02T18:00:00Z,0.0
2023-07-02T19:00:00Z,0.0
2023-07-02T20:00:00Z,0.0
2023-07-02T21:00:00Z,0.0
2023-07-02T22:00:00Z,0.0
2023-07-02T23:00:00Z,0.0
2023-07-03T00:00:00Z,0.0
2023-07-03T01:00:00Z,0.0
2023-07-03T02:00:00Z,0.0
2023-07-03T03:00:00Z,0.0
2023-07-03T04:00:00Z,0.0
2023-07-03T05:00:00Z,0.0
2023-07-03T06:00:00Z,11.43
2023-07-03T07:00:00Z,97.2
2023-07-03T08:00:00Z,159.3
2023-07-03T09:00:00Z,163.73
2023-07-03T10:00:00Z,341.62
2023-07-03T11:00:00Z,526.9
2023-07-03T12:00:00Z,545.9
2023-07-03T13:00:00Z,625.72
2023-07-03T14:00:00Z,328.88
2023-07-03T15:00:00Z,198.77
2023-07-03T16:00:00Z,132.35
2023-07-03T17:00:00Z,17.73
2023-07-03T18:00:00Z,0.0
2023-07-03T19:00:00Z,0.0
2023-07-03T20:00:00Z,0.0
2023-07-03T21:00:00Z,0.0
2023-07-03T22:00:00Z,0.0
2023-07-03T23:00:00Z,0.0
2023-07-04T00:00:00Z,0.0
2023-07-04T01:00:00Z,0.0
2023-07-04T02:00:00Z,0.0
2023-07-04T03:00:00Z,0.0
2023-07-04T04:00:00Z,0.0
2023-07-04T05:00:00Z,0.0
2023-07-04T06:00:00Z,14.15
2023-07-04T07:00:00Z,112.18
2023-07-04T08:00:00Z,230.65
2023-07-04T09:00:00Z,385.92
2023-07-04T10:00:00Z,549.47
2023-07-04T11:00:00Z,698.12
2023-07-04T12:00:00Z,799.08
2023-07-04T13:00:00Z,761.08
2023-07-04T14:00:00Z,638.28
2023-07-04T15:00:00Z,454.8
2023-07-04T16:00:00Z,238.4
2023-07-04T17:00:00Z,42.5
2023-07-04T18:00:00Z,0.0
2023-07-04T19:00:00Z,0.0
2023-07-04T20:00:00Z,0.0
2023-07-04T21:00:00Z,0.0
2023-07-04T22:00:00Z,0.0
2023-07-04T23:00:00Z,0.0
2023-07-05T00:00:00Z,0.0
2023-07-05T01:00:00Z,0.0
2023-07-05T02:00:00Z,0.0
2023-07-05T03:00:00Z,0.0
2023-07-05T04:00:00Z,0.0
2023-07-05T05:00:00Z,0.0
2023-07-05T06:00:00Z,20.73
2023-07-05T07:00:00Z,152.32
2023-07-05T08:00:00Z,296.62
2023-07-05T09:00:00Z,423.2
2023-07-05T10:00:00Z,554.12
2023-07-05T11:00:00Z,633.12
2023-07-05T12:00:00Z,638.83
2023-07-05T13:00:00Z,528.55
2023-07-05T14:00:00Z,393.67
2023-07-05T15:00:00Z,273.85
2023-07-05T16:00:00Z,135.02
2023-07-05T17:00:00Z,19.7
2023-07-05T18:00:00Z,0.0
2023-07-05T19:00:00Z,0.0
2023-07-05T20:00:00Z,0.0
2023-07-05T21:00:00Z,0.0
2023-07-05T22:00:00Z,0.0
2023-07-05T23:00:00Z,0.0
2023-07-06T00:00:00Z,0.0
2023-07-06T01:00:00Z,0.0
2023-07-06T02:00:00Z,0.0
2023-07-06T03:00:00Z,0.0
2023-07-06T04:00:00Z,0.0
2023-07-06T05:00:00Z,0.0
2023-07-06T06:00:00Z,8.9
2023-07-06T07:00:00Z,113.22
2023-07-06T08:00:00Z,237.52
2023-07-06T09:00:00Z,359.58
2023-07-06T10:00:00Z,508.48
2023-07-06T11:00:00Z,708.33
2023-07-06T12:00:00Z,691.95
2023-07-06T13:00:00Z,671.42
2023-07-06T14:00:00Z,559.05
2023-07-06T15:00:00Z,385.3
2023-07-06T16:00:00Z,193.38
2023-07-06T17:00:00Z,33.47
2023-07-06T18:00:00Z,0.0
2023-07-06T19:00:00Z,0.0
2023-07-06T20:00:00Z,0.0
2023-07-06T21:00:00Z,0.0
2023-07-06T22:00:00Z,0.0
2023-07-06T23:00:00Z,0.0
2023-07-07T00:00:00Z,0.0
2023-07-07T01:00:00Z,0.0
2023-07-07T02:00:00Z,0.0
2023-07-07T03:00:00Z,0.0
2023-07-07T04:00:00Z,0.0
2023-07-07T05:00:00Z,0.0
2023-07-07T06:00:00Z,19.42
2023-07-07T07:00:00Z,177.4
2023-07-07T08:00:00Z,358.6
2023-07-07T09:00:00Z,567.05
2023-07-07T10:00:00Z,686.03
2023-07-07T11:00:00Z,763.0
2023-07-07T12:00:00Z,762.58
2023-07-07T13:00:00Z,714.53
2023-07-07T14:00:00Z,577.78
2023-07-07T15:00:00Z,395.7
2023-07-07T16:00:00Z,208.95
2023-07-07T17:00:00Z,41.3
2023-07-07T18:00:00Z,0.0
2023-07-07T19:00:00Z,0.0
2023-07-07T20:00:00Z,0.0
2023-07-07T21:00:00Z,0.0
2023-07-07T22:00:00Z,0.0
2023-07-07T23:00:00Z,0.0
2023-07-08T00:00:00Z,0.0
2023-07-08T01:00:00Z,0.0
2023-07-08T02:00:00Z,0.0
2023-07-08T03:00:00Z,0.0
2023-07-08T04:00:00Z,0.0
2023-07-08T05:00:00Z,0.0
2023-07-08T06:00:00Z,17.08
2023-07-08T07:00:00Z,138.55
2023-07-08T08:00:00Z,304.1
2023-07-08T09:00:00Z,467.35
2023-07-08T10:00:00Z,525.5
2023-07-08T11:00:00Z,610.6
2023-07-08T12:00:00Z,658.72
2023-07-08T13:00:00Z,519.75
2023-07-08T14:00:00Z,401.67
2023-07-08T15:00:00Z,240.52
2023-07-08T16:00:00Z,115.45
2023-07-08T17:00:00Z,23.08
2023-07-08T18:00:00Z,0.0
2023-07-08T19:00:00Z,0.0
2023-07-08T20:00:00Z,0.0
2023-07-08T21:00:00Z,0.0
2023-07-08T22:00:00Z,0.0
2023-07-08T23:00:00Z,0.0
2023-07-09T00:00:00Z,0.0
2023-07-09T01:00:00Z,0.0
2023-07-09T02:00:00Z,0.0
2023-07-09T03:00:00Z,0.0
2023-07-09T04:00:00Z,0.0
2023-07-09T05:00:00Z,0.0
2023-07-09T06:00:00Z,14.23
2023-07-09T07:00:00Z,140.85
2023-07-09T08:00:00Z,313.42
2023-07-09T09:00:00Z,492.23
2023-07-09T10:00:00Z,643.2
2023-07-09T11:00:00Z,724.95
2023-07-09T12:00:00Z,723.78
2023-07-09T13:00:00Z,667.9
2023-07-09T14:00:00Z,542.22
2023-07-09T15:00:00Z,362.83
2023-07-09T16:00:00Z,183.48
2023-07-09T17:00:00Z,32.3
2023-07-09T18:00:00Z,0.0
2023-07-09T19:00:00Z,0.0
2023-07-09T20:00:00Z,0.0
2023-07-09T21:00:00Z,0.0
2023-07-09T22:00:00Z,0.0
2023-07-09T23:00:00Z,0.0
2023-07-10T00:00:00Z,0.0
2023-07-10T01:00:00Z,0.0
2023-07-10T02:00:00Z,0.0
2023-07-10T03:00:00Z,0.0
2023-07-10T04:00:00Z,0.0
2023-07-10T05:00:00Z,0.0
2023-07-10T06:00:00Z,14.77
2023-07-10T07:00:00Z,130.32
2023-07-10T08:00:00Z,289.3
2023-07-10T09:00:00Z,438.15
2023-07-10T10:00:00Z,559.83
2023-07-10T11:00:00Z,630.78
2023-07-10T12:00:00Z,651.72
2023-07-10T13:00:00Z,636.72
2023-07-10T14:00:00Z,584.33
2023-07-10T15:00:00Z,412.98
2023-07-10T16:00:00Z,208.35
2023-07-10T17:00:00Z,41.55
2023-07-10T18:00:00Z,0.0
2023-07-10T19:00:00Z,0.0
2023-07-10T20:00:00Z,0.0
2023-07-10T21:00:00Z,0.0
2023-07-10T22:00:00Z,0.0
2023-07-10T23:00:00Z,0.0
2023-07-11T00:00:00Z,0.0
2023-07-11T01:00:00Z,0.0
2023-07-11T02:00:00Z,0.0
2023-07-11T03:00:00Z,0.0
2023-07-11T04:00:00Z,0.0
2023-07-11T05:00:00Z,0.0
2023-07-11T06:00:00Z,11.82
2023-07-11T07:00:00Z,138.7
2023-07-11T08:00:00Z,264.0
2023-07-11T09:00:00Z,401.25
2023-07-11T10:00:00Z,459.5
2023-07-11T11:00:00Z,483.8
2023-07-11T12:00:00Z,569.97
2023-07-11T13:00:00Z,398.52
2023-07-11T14:00:00Z,342.15
2023-07-11T15:00:00Z,240.8
2023-07-11T16:00:00Z,134.2
2023-07-11T17:00:00Z,27.45
2023-07-11T18:00:00Z,0.0
2023-07-11T19:00:00Z,0.0
2023-07-11T20:00:00Z,0.0
2023-07-11T21:00:00Z,0.0
2023-07-11T22:00:00Z,0.0
2023-07-11T23:00:00Z,0.0
2023-07-12T00:00:00Z,0.0
2023-07-12T01:00:00Z,0.0
2023-07-12T02:00:00Z,0.0
2023-07-12T03:00:00Z,0.0
2023-07-12T04:00:00Z,0.0
2023-07-12T05:00:00Z,0.0
2023-07-12T06:00:00Z,6.3
2023-07-12T07:00:00Z,50.58
2023-07-12T08:00:00Z,107.82
2023-07-12T09:00:00Z,178.82
2023-07-12T10:00:00Z,228.75
2023-07-12T11:00:00Z,280.05
2023-07-12T12:00:00Z,388.6
2023-07-12T13:00:00Z,544.72
2023-07-12T14:00:00Z,419.55
2023-07-12T15:00:00Z,296.92
2023-07-12T16:00:00Z,140.4
2023-07-12T17:00:00Z,25.9
2023-07-12T18:00:00Z,0.0
2023-07-12T19:00:00Z,0.0
2023-07-12T20:00:00Z,0.0
2023-07-12T21:00:00Z,0.0
2023-07-12T22:00:00Z,0.0
2023-07-12T23:00:00Z,0.0
2023-07-13T00:00:00Z,0.0
2023-07-13T01:00:00Z,0.0
2023-07-13T02:00:00Z,0.0
2023-07-13T03:00:00Z,0.0
2023-07-13T04:00:00Z,0.0
2023-07-13T05:00:00Z,0.0
2023-07-13T06:00:00Z,19.73
2023-07-13T07:00:00Z,185.62
2023-07-13T08:00:00Z,383.38
2023-07-13T09:00:00Z,549.28
2023-07-13T10:00:00Z,674.38
2023-07-13T11:00:00Z,759.1
2023-07-13T12:00:00Z,775.08
2023-07-13T13:00:00Z,706.45
2023-07-13T14:00:00Z,561.97
2023-07-13T15:00:00Z,401.65
2023-07-13T16:00:00Z,222.65
2023-07-13T17:00:00Z,42.2
2023-07-13T18:00:00Z,0.0
2023-07-13T19:00:00Z,0.0
2023-07-13T20:00:00Z,0.0
2023-07-13T21:00:00Z,0.0
2023-07-13T22:00:00Z,0.0
2023-07-13T23:00:00Z,0.0
2023-07-14T00:00:00Z,0.0
2023-07-14T01:00:00Z,0.0
2023-07-14T02:00:00Z,0.0
2023-07-14T03:00:00Z,0.0
2023-07-14T04:00:00Z,0.0
2023-07-14T05:00:00Z,0.0
2023-07-14T06:00:00Z,18.65
2023-07-14T07:00:00Z,172.6
2023-07-14T08:00:00Z,357.8
2023-07-14T09:00:00Z,515.17
2023-07-14T10:00:00Z,692.92
2023-07-14T11:00:00Z,776.6
2023-07-14T12:00:00Z,800.55
2023-07-14T13:00:00Z,737.1
2023-07-14T14:00:00Z,593.38
2023-07-14T15:00:00Z,438.5
2023-07-14T16:00:00Z,227.9
2023-07-14T17:00:00Z,45.22
2023-07-14T18:00:00Z,0.0
2023-07-14T19:00:00Z,0.0
2023-07-14T20:00:00Z,0.0
2023-07-14T21:00:00Z,0.0
2023-07-14T22:00:00Z,0.0
2023-07-14T23:00:00Z,0.0
2023-07-15T00:00:00Z,0.0
2023-07-15T01:00:00Z,0.0
2023-07-15T02:00:00Z,0.0
2023-07-15T03:00:00Z,0.0
2023-07-15T04:00:00Z,0.0
2023-07-15T05:00:00Z,0.0
2023-07-15T06:00:00Z,19.5
2023-07-15T07:00:00Z,183.95
2023-07-15T08:00:00Z,386.2
2023-07-15T09:00:00Z,587.05
2023-07-15T10:00:00Z,716.42
2023-07-15T11:00:00Z,784.83
2023-07-15T12:00:00Z,808.97
2023-07-15T13:00:00Z,734.8
2023-07-15T14:00:00Z,612.45
2023-07-15T15:00:00Z,441.27
2023-07-15T16:00:00Z,230.15
2023-07-15T17:00:00Z,44.88
2023-07-15T18:00:00Z,0.0
2023-07-15T19:00:00Z,0.0
2023-07-15T20:00:00Z,0.0
2023-07-15T21:00:00Z,0.0
2023-07-15T22:00:00Z,0.0
2023-07-15T23:00:00Z,0.0
2023-07-16T00:00:00Z,0.0
2023-07-16T01:00:00Z,0.0
2023-07-16T02:00:00Z,0.0
2023-07-16T03:00:00Z,0.0
2023-07-16T04:00:00Z,0.0
2023-07-16T05:00:00Z,0.0
2023-07-16T06:00:00Z,16.25
2023-07-16T07:00:00Z,169.62
2023-07-16T08:00:00Z,369.85
2023-07-16T09:00:00Z,555.28
2023-07-16T10:00:00Z,685.65
2023-07-16T11:00:00Z,757.1
2023-07-16T12:00:00Z,767.25
2023-07-16T13:00:00Z,708.47
2023-07-16T14:00:00Z,605.03
2023-07-16T15:00:00Z,432.1
2023-07-16T16:00:00Z,230.8
2023-07-16T17:00:00Z,44.53
2023-07-16T18:00:00Z,0.0
2023-07-16T19:00:00Z,0.0
2023-07-16T20:00:00Z,0.0
2023-07-16T21:00:00Z,0.0
2023-07-16T22:00:00Z,0.0
2023-07-16T23:00:00Z,0.0
2023-07-17T00:00:00Z,0.0
2023-07-17T01:00:00Z,0.0
2023-07-17T02:00:00Z,0.0
2023-07-17T03:00:00Z,0.0
2023-07-17T04:00:00Z,0.0
2023-07-17T05:00:00Z,0.0
2023-07-17T06:00:00Z,22.33
2023-07-17T07:00:00Z,206.05
2023-07-17T08:00:00Z,420.88
2023-07-17T09:00:00Z,605.78
2023-07-17T10:00:00Z,743.3
2023-07-17T11:00:00Z,819.83
2023-07-17T12:00:00Z,814.0
2023-07-17T13:00:00Z,758.58
2023-07-17T14:00:00Z,646.67
2023-07-17T15:00:00Z,460.42
2023-07-17T16:00:00Z,253.8
2023-07-17T17:00:00Z,52.83
2023-07-17T18:00:00Z,0.0
2023-07-17T19:00:00Z,0.0
2023-07-17T20:00:00Z,0.0
2023-07-17T21:00:00Z,0.0
2023-07-17T22:00:00Z,0.0
2023-07-17T23:00:00Z,0.0
2023-07-18T00:00:00Z,0.0
2023-07-18T01:00:00Z,0.0
2023-07-18T02:00:00Z,0.0
2023-07-18T03:00:00Z,0.0
2023-07-18T04:00:00Z,0.0
2023-07-18T05:00:00Z,0.0
2023-07-18T06:00:00Z,20.88
2023-07-18T07:00:00Z,190.12
2023-07-18T08:00:00Z,384.33
2023-07-18T09:00:00Z,546.6
2023-07-18T10:00:00Z,685.35
2023-07-18T11:00:00Z,775.22
2023-07-18T12:00:00Z,798.95
2023-07-18T13:00:00Z,717.83
2023-07-18T14:00:00Z,617.25
2023-07-18T15:00:00Z,444.8
2023-07-18T16:00:00Z,228.07
2023-07-18T17:00:00Z,49.6
2023-07-18T18:00:00Z,0.0
2023-07-18T19:00:00Z,0.0
2023-07-18T20:00:00Z,0.0
2023-07-18T21:00:00Z,0.0
2023-07-18T22:00:00Z,0.0
2023-07-18T23:00:00Z,0.0
2023-07-19T00:00:00Z,0.0
2023-07-19T01:00:00Z,0.0
2023-07-19T02:00:00Z,0.0
2023-07-19T03:00:00Z,0.0
2023-07-19T04:00:00Z,0.0
2023-07-19T05:00:00Z,0.0
2023-07-19T06:00:00Z,22.45
2023-07-19T07:00:00Z,204.95
2023-07-19T08:00:00Z,415.9
2023-07-19T09:00:00Z,609.6
2023-07-19T10:00:00Z,748.4
2023-07-19T11:00:00Z,817.15
2023-07-19T12:00:00Z,828.05
2023-07-19T13:00:00Z,754.47
2023-07-19T14:00:00Z,620.88
2023-07-19T15:00:00Z,448.9
2023-07-19T16:00:00Z,249.5
2023-07-19T17:00:00Z,54.08
2023-07-19T18:00:00Z,0.0
2023-07-19T19:00:00Z,0.0
2023-07-19T20:00:00Z,0.0
2023-07-19T21:00:00Z,0.0
2023-07-19T22:00:00Z,0.0
2023-07-19T23:00:00Z,0.0
2023-07-20T00:00:00Z,0.0
2023-07-20T01:00:00Z,0.0
2023-07-20T02:00:00Z,0.0
2023-07-20T03:00:00Z,0.0
2023-07-20T04:00:00Z,0.0
2023-07-20T05:00:00Z,0.0
2023-07-20T06:00:00Z,18.2
2023-07-20T07:00:00Z,160.68
2023-07-20T08:00:00Z,333.92
2023-07-20T09:00:00Z,516.1
2023-07-20T10:00:00Z,684.22
2023-07-20T11:00:00Z,773.9
2023-07-20T12:00:00Z,801.5
2023-07-20T13:00:00Z,751.97
2023-07-20T14:00:00Z,630.83
2023-07-20T15:00:00Z,462.5
2023-07-20T16:00:00Z,235.02
2023-07-20T17:00:00Z,46.83
2023-07-20T18:00:00Z,0.0
2023-07-20T19:00:00Z,0.0
2023-07-20T20:00:00Z,0.0
2023-07-20T21:00:00Z,0.0
2023-07-20T22:00:00Z,0.0
2023-07-20T23:00:00Z,0.0
2023-07-21T00:00:00Z,0.0
2023-07-21T01:00:00Z,0.0
2023-07-21T02:00:00Z,0.0
2023-07-21T03:00:00Z,0.0
2023-07-21T04:00:00Z,0.0
2023-07-21T05:00:00Z,0.0
2023-07-21T06:00:00Z,19.05
2023-07-21T07:00:00Z,162.9
2023-07-21T08:00:00Z,323.02
2023-07-21T09:00:00Z,429.3
2023-07-21T10:00:00Z,596.97
2023-07-21T11:00:00Z,632.45
2023-07-21T12:00:00Z,642.92
2023-07-21T13:00:00Z,633.95
2023-07-21T14:00:00Z,532.05
2023-07-21T15:00:00Z,385.58
2023-07-21T16:00:00Z,201.0
2023-07-21T17:00:00Z,37.53
2023-07-21T18:00:00Z,0.0
2023-07-21T19:00:00Z,0.0
2023-07-21T20:00:00Z,0.0
2023-07-21T21:00:00Z,0.0
2023-07-21T22:00:00Z,0.0
2023-07-21T23:00:00Z,0.0
2023-07-22T00:00:00Z,0.0
2023-07-22T01:00:00Z,0.0
2023-07-22T02:00:00Z,0.0
2023-07-22T03:00:00Z,0.0
2023-07-22T04:00:00Z,0.0
2023-07-22T05:00:00Z,0.0
2023-07-22T06:00:00Z,7.5
2023-07-22T07:00:00Z,96.55
2023-07-22T08:00:00Z,213.57
2023-07-22T09:00:00Z,395.67
2023-07-22T10:00:00Z,492.95
2023-07-22T11:00:00Z,571.3
2023-07-22T12:00:00Z,602.35
2023-07-22T13:00:00Z,555.62
2023-07-22T14:00:00Z,471.25
2023-07-22T15:00:00Z,323.8
2023-07-22T16:00:00Z,180.35
2023-07-22T17:00:00Z,41.15
2023-07-22T18:00:00Z,0.0
2023-07-22T19:00:00Z,0.0
2023-07-22T20:00:00Z,0.0
2023-07-22T21:00:00Z,0.0
2023-07-22T22:00:00Z,0.0
2023-07-22T23:00:00Z,0.0
2023-07-23T00:00:00Z,0.0
2023-07-23T01:00:00Z,0.0
2023-07-23T02:00:00Z,0.0
2023-07-23T03:00:00Z,0.0
2023-07-23T04:00:00Z,0.0
2023-07-23T05:00:00Z,0.0
2023-07-23T06:00:00Z,22.62
2023-07-23T07:00:00Z,206.93
2023-07-23T08:00:00Z,421.75
2023-07-23T09:00:00Z,608.55
2023-07-23T10:00:00Z,699.72
2023-07-23T11:00:00Z,810.8
2023-07-23T12:00:00Z,826.7
2023-07-23T13:00:00Z,752.42
2023-07-23T14:00:00Z,642.55
2023-07-23T15:00:00Z,466.2
2023-07-23T16:00:00Z,248.05
2023-07-23T17:00:00Z,53.12
2023-07-23T18:00:00Z,0.0
2023-07-23T19:00:00Z,0.0
2023-07-23T20:00:00Z,0.0
2023-07-23T21:00:00Z,0.0
2023-07-23T22:00:00Z,0.0
2023-07-23T23:00:00Z,0.0
2023-07-24T00:00:00Z,0.0
2023-07-24T01:00:00Z,0.0
2023-07-24T02:00:00Z,0.0
2023-07-24T03:00:00Z,0.0
2023-07-24T04:00:00Z,0.0
2023-07-24T05:00:00Z,0.0
2023-07-24T06:00:00Z,17.4
2023-07-24T07:00:00Z,168.9
2023-07-24T08:00:00Z,379.45
2023-07-24T09:00:00Z,560.55
2023-07-24T10:00:00Z,682.22
2023-07-24T11:00:00Z,752.3
2023-07-24T12:00:00Z,741.53
2023-07-24T13:00:00Z,612.67
2023-07-24T14:00:00Z,415.02
2023-07-24T15:00:00Z,288.85
2023-07-24T16:00:00Z,153.02
2023-07-24T17:00:00Z,29.77
2023-07-24T18:00:00Z,0.0
2023-07-24T19:00:00Z,0.0
2023-07-24T20:00:00Z,0.0
2023-07-24T21:00:00Z,0.0
2023-07-24T22:00:00Z,0.0
2023-07-24T23:00:00Z,0.0
2023-07-25T00:00:00Z,0.0
2023-07-25T01:00:00Z,0.0
2023-07-25T02:00:00Z,0.0
2023-07-25T03:00:00Z,0.0
2023-07-25T04:00:00Z,0.0
2023-07-25T05:00:00Z,0.0
2023-07-25T06:00:00Z,17.05
2023-07-25T07:00:00Z,134.73
2023-07-25T08:00:00Z,302.1
2023-07-25T09:00:00Z,427.27
2023-07-25T10:00:00Z,602.47
2023-07-25T11:00:00Z,710.78
2023-07-25T12:00:00Z,663.92
2023-07-25T13:00:00Z,584.1
2023-07-25T14:00:00Z,401.62
2023-07-25T15:00:00Z,267.35
2023-07-25T16:00:00Z,146.27
2023-07-25T17:00:00Z,30.83
2023-07-25T18:00:00Z,0.0
2023-07-25T19:00:00Z,0.0
2023-07-25T20:00:00Z,0.0
2023-07-25T21:00:00Z,0.0
2023-07-25T22:00:00Z,0.0
2023-07-25T23:00:00Z,0.0
2023-07-26T00:00:00Z,0.0
2023-07-26T01:00:00Z,0.0
2023-07-26T02:00:00Z,0.0
2023-07-26T03:00:00Z,0.0
2023-07-26T04:00:00Z,0.0
2023-07-26T05:00:00Z,0.0
2023-07-26T06:00:00Z,19.75
2023-07-26T07:00:00Z,168.57
2023-07-26T08:00:00Z,350.35
2023-07-26T09:00:00Z,510.52
2023-07-26T10:00:00Z,628.78
2023-07-26T11:00:00Z,731.3
2023-07-26T12:00:00Z,699.62
2023-07-26T13:00:00Z,547.17
2023-07-26T14:00:00Z,453.25
2023-07-26T15:00:00Z,303.1
2023-07-26T16:00:00Z,149.27
2023-07-26T17:00:00Z,28.42
2023-07-26T18:00:00Z,0.0
2023-07-26T19:00:00Z,0.0
2023-07-26T20:00:00Z,0.0
2023-07-26T21:00:00Z,0.0
2023-07-26T22:00:00Z,0.0
2023-07-26T23:00:00Z,0.0
2023-07-27T00:00:00Z,0.0
2023-07-27T01:00:00Z,0.0
2023-07-27T02:00:00Z,0.0
2023-07-27T03:00:00Z,0.0
2023-07-27T04:00:00Z,0.0
2023-07-27T05:00:00Z,0.0
2023-07-27T06:00:00Z,9.88
2023-07-27T07:00:00Z,83.32
2023-07-27T08:00:00Z,160.8
2023-07-27T09:00:00Z,241.1
2023-07-27T10:00:00Z,280.55
2023-07-27T11:00:00Z,314.5
2023-07-27T12:00:00Z,284.73
2023-07-27T13:00:00Z,314.48
2023-07-27T14:00:00Z,179.93
2023-07-27T15:00:00Z,206.88
2023-07-27T16:00:00Z,105.28
2023-07-27T17:00:00Z,22.48
2023-07-27T18:00:00Z,0.0
2023-07-27T19:00:00Z,0.0
2023-07-27T20:00:00Z,0.0
2023-07-27T21:00:00Z,0.0
2023-07-27T22:00:00Z,0.0
2023-07-27T23:00:00Z,0.0
2023-07-28T00:00:00Z,0.0
2023-07-28T01:00:00Z,0.0
2023-07-28T02:00:00Z,0.0
2023-07-28T03:00:00Z,0.0
2023-07-28T04:00:00Z,0.0
2023-07-28T05:00:00Z,0.0
2023-07-28T06:00:00Z,12.62
2023-07-28T07:00:00Z,130.43
2023-07-28T08:00:00Z,286.73
2023-07-28T09:00:00Z,417.95
2023-07-28T10:00:00Z,516.17
2023-07-28T11:00:00Z,478.25
2023-07-28T12:00:00Z,520.15
2023-07-28T13:00:00Z,434.52
2023-07-28T14:00:00Z,343.0
2023-07-28T15:00:00Z,208.93
2023-07-28T16:00:00Z,104.57
2023-07-28T17:00:00Z,22.65
2023-07-28T18:00:00Z,0.0
2023-07-28T19:00:00Z,0.0
2023-07-28T20:00:00Z,0.0
2023-07-28T21:00:00Z,0.0
2023-07-28T22:00:00Z,0.0
2023-07-28T23:00:00Z,0.0
2023-07-29T00:00:00Z,0.0
2023-07-29T01:00:00Z,0.0
2023-07-29T02:00:00Z,0.0
2023-07-29T03:00:00Z,0.0
2023-07-29T04:00:00Z,0.0
2023-07-29T05:00:00Z,0.0
2023-07-29T06:00:00Z,18.48
2023-07-29T07:00:00Z,174.43
2023-07-29T08:00:00Z,379.23
2023-07-29T09:00:00Z,564.17
2023-07-29T10:00:00Z,702.83
2023-07-29T11:00:00Z,789.85
2023-07-29T12:00:00Z,739.33
2023-07-29T13:00:00Z,681.58
2023-07-29T14:00:00Z,543.85
2023-07-29T15:00:00Z,382.6
2023-07-29T16:00:00Z,197.5
2023-07-29T17:00:00Z,41.5
2023-07-29T18:00:00Z,0.0
2023-07-29T19:00:00Z,0.0
2023-07-29T20:00:00Z,0.0
2023-07-29T21:00:00Z,0.0
2023-07-29T22:00:00Z,0.0
2023-07-29T23:00:00Z,0.0
2023-07-30T00:00:00Z,0.0
2023-07-30T01:00:00Z,0.0
2023-07-30T02:00:00Z,0.0
2023-07-30T03:00:00Z,0.0
2023-07-30T04:00:00Z,0.0
2023-07-30T05:00:00Z,0.0
2023-07-30T06:00:00Z,11.73
2023-07-30T07:00:00Z,122.07
2023-07-30T08:00:00Z,263.1
2023-07-30T09:00:00Z,391.12
2023-07-30T10:00:00Z,483.02
2023-07-30T11:00:00Z,495.15
2023-07-30T12:00:00Z,481.3
2023-07-30T13:00:00Z,487.65
2023-07-30T14:00:00Z,440.65
2023-07-30T15:00:00Z,331.62
2023-07-30T16:00:00Z,162.95
2023-07-30T17:00:00Z,29.3
2023-07-30T18:00:00Z,0.0
2023-07-30T19:00:00Z,0.0
2023-07-30T20:00:00Z,0.0
2023-07-30T21:00:00Z,0.0
2023-07-30T22:00:00Z,0.0
2023-07-30T23:00:00Z,0.0
2023-07-31T00:00:00Z,0.0
2023-07-31T01:00:00Z,0.0
2023-07-31T02:00:00Z,0.0
2023-07-31T03:00:00Z,0.0
2023-07-31T04:00:00Z,0.0
2023-07-31T05:00:00Z,0.0
2023-07-31T06:00:00Z,22.83
2023-07-31T07:00:00Z,194.45
2023-07-31T08:00:00Z,380.73
2023-07-31T09:00:00Z,614.62
2023-07-31T10:00:00Z,756.08
2023-07-31T11:00:00Z,832.47
2023-07-31T12:00:00Z,854.12
2023-07-31T13:00:00Z,788.12
2023-07-31T14:00:00Z,664.35
2023-07-31T15:00:00Z,480.88
2023-07-31T16:00:00Z,250.43
2023-07-31T17:00:00Z,56.78
2023-07-31T18:00:00Z,0.0
2023-07-31T19:00:00Z,0.0
2023-07-31T20:00:00Z,0.0
2023-07-31T21:00:00Z,0.0
2023-07-31T22:00:00Z,0.0
2023-07-31T23:00:00Z,0.0
2023-08-01T00:00:00Z,0.0
2023-08-01T01:00:00Z,0.0
2023-08-01T02:00:00Z,0.0
2023-08-01T03:00:00Z,0.0
2023-08-01T04:00:00Z,0.0
2023-08-01T05:00:00Z,0.0
2023-08-01T06:00:00Z,23.0
2023-08-01T07:00:00Z,205.45
2023-08-01T08:00:00Z,408.8
2023-08-01T09:00:00Z,575.55
2023-08-01T10:00:00Z,753.22
2023-08-01T11:00:00Z,800.95
2023-08-01T12:00:00Z,858.08
2023-08-01T13:00:00Z,790.62
2023-08-01T14:00:00Z,674.22
2023-08-01T15:00:00Z,476.98
2023-08-01T16:00:00Z,264.2
2023-08-01T17:00:00Z,57.53
2023-08-01T18:00:00Z,0.0
2023-08-01T19:00:00Z,0.0
2023-08-01T20:00:00Z,0.0
2023-08-01T21:00:00Z,0.0
2023-08-01T22:00:00Z,0.0
2023-08-01T23:00:00Z,0.0
2023-08-02T00:00:00Z,0.0
2023-08-02T01:00:00Z,0.0
2023-08-02T02:00:00Z,0.0
2023-08-02T03:00:00Z,0.0
2023-08-02T04:00:00Z,0.0
2023-08-02T05:00:00Z,0.0
2023-08-02T06:00:00Z,20.92
2023-08-02T07:00:00Z,175.68
2023-08-02T08:00:00Z,350.85
2023-08-02T09:00:00Z,522.55
2023-08-02T10:00:00Z,716.45
2023-08-02T11:00:00Z,750.97
2023-08-02T12:00:00Z,715.72
2023-08-02T13:00:00Z,613.85
2023-08-02T14:00:00Z,550.6
2023-08-02T15:00:00Z,382.27
2023-08-02T16:00:00Z,194.0
2023-08-02T17:00:00Z,38.78
2023-08-02T18:00:00Z,0.0
2023-08-02T19:00:00Z,0.0
2023-08-02T20:00:00Z,0.0
2023-08-02T21:00:00Z,0.0
2023-08-02T22:00:00Z,0.0
2023-08-02T23:00:00Z,0.0
2023-08-03T00:00:00Z,0.0
2023-08-03T01:00:00Z,0.0
2023-08-03T02:00:00Z,0.0
2023-08-03T03:00:00Z,0.0
2023-08-03T04:00:00Z,0.0
2023-08-03T05:00:00Z,0.0
2023-08-03T06:00:00Z,21.1
2023-08-03T07:00:00Z,177.9
2023-08-03T08:00:00Z,382.67
2023-08-03T09:00:00Z,571.0
2023-08-03T10:00:00Z,726.78
2023-08-03T11:00:00Z,800.12
2023-08-03T12:00:00Z,826.75
2023-08-03T13:00:00Z,787.33
2023-08-03T14:00:00Z,650.38
2023-08-03T15:00:00Z,478.05
2023-08-03T16:00:00Z,253.73
2023-08-03T17:00:00Z,56.45
2023-08-03T18:00:00Z,0.0
2023-08-03T19:00:00Z,0.0
2023-08-03T20:00:00Z,0.0
2023-08-03T21:00:00Z,0.0
2023-08-03T22:00:00Z,0.0
2023-08-03T23:00:00Z,0.0
2023-08-04T00:00:00Z,0.0
2023-08-04T01:00:00Z,0.0
2023-08-04T02:00:00Z,0.0
2023-08-04T03:00:00Z,0.0
2023-08-04T04:00:00Z,0.0
2023-08-04T05:00:00Z,0.0
2023-08-04T06:00:00Z,22.33
2023-08-04T07:00:00Z,197.75
2023-08-04T08:00:00Z,417.92
2023-08-04T09:00:00Z,600.05
2023-08-04T10:00:00Z,727.25
2023-08-04T11:00:00Z,769.85
2023-08-04T12:00:00Z,806.17
2023-08-04T13:00:00Z,724.0
2023-08-04T14:00:00Z,586.7
2023-08-04T15:00:00Z,417.27
2023-08-04T16:00:00Z,219.5
2023-08-04T17:00:00Z,44.83
2023-08-04T18:00:00Z,0.0
2023-08-04T19:00:00Z,0.0
2023-08-04T20:00:00Z,0.0
2023-08-04T21:00:00Z,0.0
2023-08-04T22:00:00Z,0.0
2023-08-04T23:00:00Z,0.0
2023-08-05T00:00:00Z,0.0
2023-08-05T01:00:00Z,0.0
2023-08-05T02:00:00Z,0.0
2023-08-05T03:00:00Z,0.0
2023-08-05T04:00:00Z,0.0
2023-08-05T05:00:00Z,0.0
2023-08-05T06:00:00Z,24.38
2023-08-05T07:00:00Z,208.15
2023-08-05T08:00:00Z,420.38
2023-08-05T09:00:00Z,579.95
2023-08-05T10:00:00Z,739.62
2023-08-05T11:00:00Z,826.72
2023-08-05T12:00:00Z,844.7
2023-08-05T13:00:00Z,725.2
2023-08-05T14:00:00Z,609.33
2023-08-05T15:00:00Z,442.02
2023-08-05T16:00:00Z,242.98
2023-08-05T17:00:00Z,54.88
2023-08-05T18:00:00Z,0.0
2023-08-05T19:00:00Z,0.0
2023-08-05T20:00:00Z,0.0
2023-08-05T21:00:00Z,0.0
2023-08-05T22:00:00Z,0.0
2023-08-05T23:00:00Z,0.0
2023-08-06T00:00:00Z,0.0
2023-08-06T01:00:00Z,0.0
2023-08-06T02:00:00Z,0.0
2023-08-06T03:00:00Z,0.0
2023-08-06T04:00:00Z,0.0
2023-08-06T05:00:00Z,0.0
2023-08-06T06:00:00Z,23.55
2023-08-06T07:00:00Z,187.85
2023-08-06T08:00:00Z,431.38
2023-08-06T09:00:00Z,627.22
2023-08-06T10:00:00Z,777.0
2023-08-06T11:00:00Z,869.2
2023-08-06T12:00:00Z,889.78
2023-08-06T13:00:00Z,824.95
2023-08-06T14:00:00Z,692.92
2023-08-06T15:00:00Z,520.7
2023-08-06T16:00:00Z,299.25
2023-08-06T17:00:00Z,67.3
2023-08-06T18:00:00Z,0.0
2023-08-06T19:00:00Z,0.0
2023-08-06T20:00:00Z,0.0
2023-08-06T21:00:00Z,0.0
2023-08-06T22:00:00Z,0.0
2023-08-06T23:00:00Z,0.0
2023-08-07T00:00:00Z,0.0
2023-08-07T01:00:00Z,0.0
2023-08-07T02:00:00Z,0.0
2023-08-07T03:00:00Z,0.0
2023-08-07T04:00:00Z,0.0
2023-08-07T05:00:00Z,0.0
2023-08-07T06:00:00Z,27.33
2023-08-07T07:00:00Z,220.2
2023-08-07T08:00:00Z,441.52
2023-08-07T09:00:00Z,638.62
2023-08-07T10:00:00Z,787.25
2023-08-07T11:00:00Z,868.85
2023-08-07T12:00:00Z,876.05
2023-08-07T13:00:00Z,816.9
2023-08-07T14:00:00Z,686.55
2023-08-07T15:00:00Z,499.73
2023-08-07T16:00:00Z,282.27
2023-08-07T17:00:00Z,64.43
2023-08-07T18:00:00Z,0.0
2023-08-07T19:00:00Z,0.0
2023-08-07T20:00:00Z,0.0
2023-08-07T21:00:00Z,0.0
2023-08-07T22:00:00Z,0.0
2023-08-07T23:00:00Z,0.0
2023-08-08T00:00:00Z,0.0
2023-08-08T01:00:00Z,0.0
2023-08-08T02:00:00Z,0.0
2023-08-08T03:00:00Z,0.0
2023-08-08T04:00:00Z,0.0
2023-08-08T05:00:00Z,0.0
2023-08-08T06:00:00Z,20.67
2023-08-08T07:00:00Z,198.4
2023-08-08T08:00:00Z,386.62
2023-08-08T09:00:00Z,594.35
2023-08-08T10:00:00Z,777.12
2023-08-08T11:00:00Z,854.65
2023-08-08T12:00:00Z,809.25
2023-08-08T13:00:00Z,777.0
2023-08-08T14:00:00Z,655.35
2023-08-08T15:00:00Z,484.08
2023-08-08T16:00:00Z,249.6
2023-08-08T17:00:00Z,58.53
2023-08-08T18:00:00Z,0.0
2023-08-08T19:00:00Z,0.0
2023-08-08T20:00:00Z,0.0
2023-08-08T21:00:00Z,0.0
2023-08-08T22:00:00Z,0.0
2023-08-08T23:00:00Z,0.0
2023-08-09T00:00:00Z,0.0
2023-08-09T01:00:00Z,0.0
2023-08-09T02:00:00Z,0.0
2023-08-09T03:00:00Z,0.0
2023-08-09T04:00:00Z,0.0
2023-08-09T05:00:00Z,0.0
2023-08-09T06:00:00Z,26.25
2023-08-09T07:00:00Z,203.38
2023-08-09T08:00:00Z,395.77
2023-08-09T09:00:00Z,605.05
2023-08-09T10:00:00Z,763.92
2023-08-09T11:00:00Z,833.25
2023-08-09T12:00:00Z,791.12
2023-08-09T13:00:00Z,769.35
2023-08-09T14:00:00Z,636.1
2023-08-09T15:00:00Z,444.4
2023-08-09T16:00:00Z,246.07
2023-08-09T17:00:00Z,58.83
2023-08-09T18:00:00Z,0.0
2023-08-09T19:00:00Z,0.0
2023-08-09T20:00:00Z,0.0
2023-08-09T21:00:00Z,0.0
2023-08-09T22:00:00Z,0.0
2023-08-09T23:00:00Z,0.0
2023-08-10T00:00:00Z,0.0
2023-08-10T01:00:00Z,0.0
2023-08-10T02:00:00Z,0.0
2023-08-10T03:00:00Z,0.0
2023-08-10T04:00:00Z,0.0
2023-08-10T05:00:00Z,0.0
2023-08-10T06:00:00Z,26.6
2023-08-10T07:00:00Z,214.57
2023-08-10T08:00:00Z,423.1
2023-08-10T09:00:00Z,628.85
2023-08-10T10:00:00Z,721.22
2023-08-10T11:00:00Z,818.05
2023-08-10T12:00:00Z,692.92
2023-08-10T13:00:00Z,576.3
2023-08-10T14:00:00Z,516.72
2023-08-10T15:00:00Z,382.0
2023-08-10T16:00:00Z,215.02
2023-08-10T17:00:00Z,52.17
2023-08-10T18:00:00Z,0.0
2023-08-10T19:00:00Z,0.0
2023-08-10T20:00:00Z,0.0
2023-08-10T21:00:00Z,0.0
2023-08-10T22:00:00Z,0.0
2023-08-10T23:00:00Z,0.0
2023-08-11T00:00:00Z,0.0
2023-08-11T01:00:00Z,0.0
2023-08-11T02:00:00Z,0.0
2023-08-11T03:00:00Z,0.0
2023-08-11T04:00:00Z,0.0
2023-08-11T05:00:00Z,0.0
2023-08-11T06:00:00Z,21.6
2023-08-11T07:00:00Z,143.65
2023-08-11T08:00:00Z,300.12
2023-08-11T09:00:00Z,388.58
2023-08-11T10:00:00Z,486.67
2023-08-11T11:00:00Z,571.12
2023-08-11T12:00:00Z,594.95
2023-08-11T13:00:00Z,556.05
2023-08-11T14:00:00Z,506.65
2023-08-11T15:00:00Z,301.45
2023-08-11T16:00:00Z,148.27
2023-08-11T17:00:00Z,31.5
2023-08-11T18:00:00Z,0.0
2023-08-11T19:00:00Z,0.0
2023-08-11T20:00:00Z,0.0
2023-08-11T21:00:00Z,0.0
2023-08-11T22:00:00Z,0.0
2023-08-11T23:00:00Z,0.0
2023-08-12T00:00:00Z,0.0
2023-08-12T01:00:00Z,0.0
2023-08-12T02:00:00Z,0.0
2023-08-12T03:00:00Z,0.0
2023-08-12T04:00:00Z,0.0
2023-08-12T05:00:00Z,0.0
2023-08-12T06:00:00Z,32.38
2023-08-12T07:00:00Z,237.73
2023-08-12T08:00:00Z,471.48
2023-08-12T09:00:00Z,665.08
2023-08-12T10:00:00Z,810.0
2023-08-12T11:00:00Z,892.3
2023-08-12T12:00:00Z,902.88
2023-08-12T13:00:00Z,824.5
2023-08-12T14:00:00Z,687.08
2023-08-12T15:00:00Z,500.4
2023-08-12T16:00:00Z,286.3
2023-08-12T17:00:00Z,68.4
2023-08-12T18:00:00Z,0.0
2023-08-12T19:00:00Z,0.0
2023-08-12T20:00:00Z,0.0
2023-08-12T21:00:00Z,0.0
2023-08-12T22:00:00Z,0.0
2023-08-12T23:00:00Z,0.0
2023-08-13T00:00:00Z,0.0
2023-08-13T01:00:00Z,0.0
2023-08-13T02:00:00Z,0.0
2023-08-13T03:00:00Z,0.0
2023-08-13T04:00:00Z,0.0
2023-08-13T05:00:00Z,0.0
2023-08-13T06:00:00Z,31.85
2023-08-13T07:00:00Z,237.9
2023-08-13T08:00:00Z,465.95
2023-08-13T09:00:00Z,660.53
2023-08-13T10:00:00Z,806.5
2023-08-13T11:00:00Z,884.7
2023-08-13T12:00:00Z,860.0
2023-08-13T13:00:00Z,832.42
2023-08-13T14:00:00Z,704.53
2023-08-13T15:00:00Z,524.3
2023-08-13T16:00:00Z,299.98
2023-08-13T17:00:00Z,70.62
2023-08-13T18:00:00Z,0.0
2023-08-13T19:00:00Z,0.0
2023-08-13T20:00:00Z,0.0
2023-08-13T21:00:00Z,0.0
2023-08-13T22:00:00Z,0.0
2023-08-13T23:00:00Z,0.0
2023-08-14T00:00:00Z,0.0
2023-08-14T01:00:00Z,0.0
2023-08-14T02:00:00Z,0.0
2023-08-14T03:00:00Z,0.0
2023-08-14T04:00:00Z,0.0
2023-08-14T05:00:00Z,0.0
2023-08-14T06:00:00Z,28.65
2023-08-14T07:00:00Z,204.8
2023-08-14T08:00:00Z,407.85
2023-08-14T09:00:00Z,597.03
2023-08-14T10:00:00Z,770.03
2023-08-14T11:00:00Z,869.38
2023-08-14T12:00:00Z,882.53
2023-08-14T13:00:00Z,813.42
2023-08-14T14:00:00Z,691.58
2023-08-14T15:00:00Z,499.17
2023-08-14T16:00:00Z,270.17
2023-08-14T17:00:00Z,62.8
2023-08-14T18:00:00Z,0.0
2023-08-14T19:00:00Z,0.0
2023-08-14T20:00:00Z,0.0
2023-08-14T21:00:00Z,0.0
2023-08-14T22:00:00Z,0.0
2023-08-14T23:00:00Z,0.0
2023-08-15T00:00:00Z,0.0
2023-08-15T01:00:00Z,0.0
2023-08-15T02:00:00Z,0.0
2023-08-15T03:00:00Z,0.0
2023-08-15T04:00:00Z,0.0
2023-08-15T05:00:00Z,0.0
2023-08-15T06:00:00Z,34.7
2023-08-15T07:00:00Z,239.93
2023-08-15T08:00:00Z,464.62
2023-08-15T09:00:00Z,662.2
2023-08-15T10:00:00Z,812.6
2023-08-15T11:00:00Z,892.2
2023-08-15T12:00:00Z,893.5
2023-08-15T13:00:00Z,834.9
2023-08-15T14:00:00Z,673.33
2023-08-15T15:00:00Z,500.55
2023-08-15T16:00:00Z,268.35
2023-08-15T17:00:00Z,64.05
2023-08-15T18:00:00Z,0.0
2023-08-15T19:00:00Z,0.0
2023-08-15T20:00:00Z,0.0
2023-08-15T21:00:00Z,0.0
2023-08-15T22:00:00Z,0.0
2023-08-15T23:00:00Z,0.0
2023-08-16T00:00:00Z,0.0
2023-08-16T01:00:00Z,0.0
2023-08-16T02:00:00Z,0.0
2023-08-16T03:00:00Z,0.0
2023-08-16T04:00:00Z,0.0
2023-08-16T05:00:00Z,0.0
2023-08-16T06:00:00Z,29.12
2023-08-16T07:00:00Z,200.82
2023-08-16T08:00:00Z,424.08
2023-08-16T09:00:00Z,578.28
2023-08-16T10:00:00Z,707.58
2023-08-16T11:00:00Z,794.83
2023-08-16T12:00:00Z,793.7
2023-08-16T13:00:00Z,642.28
2023-08-16T14:00:00Z,525.58
2023-08-16T15:00:00Z,386.92
2023-08-16T16:00:00Z,199.15
2023-08-16T17:00:00Z,40.38
2023-08-16T18:00:00Z,0.0
2023-08-16T19:00:00Z,0.0
2023-08-16T20:00:00Z,0.0
2023-08-16T21:00:00Z,0.0
2023-08-16T22:00:00Z,0.0
2023-08-16T23:00:00Z,0.0
2023-08-17T00:00:00Z,0.0
2023-08-17T01:00:00Z,0.0
2023-08-17T02:00:00Z,0.0
2023-08-17T03:00:00Z,0.0
2023-08-17T04:00:00Z,0.0
2023-08-17T05:00:00Z,0.0
2023-08-17T06:00:00Z,16.25
2023-08-17T07:00:00Z,147.48
2023-08-17T08:00:00Z,294.55
2023-08-17T09:00:00Z,505.8
2023-08-17T10:00:00Z,534.33
2023-08-17T11:00:00Z,521.88
2023-08-17T12:00:00Z,455.55
2023-08-17T13:00:00Z,490.27
2023-08-17T14:00:00Z,418.83
2023-08-17T15:00:00Z,348.8
2023-08-17T16:00:00Z,192.2
2023-08-17T17:00:00Z,44.78
2023-08-17T18:00:00Z,0.0
2023-08-17T19:00:00Z,0.0
2023-08-17T20:00:00Z,0.0
2023-08-17T21:00:00Z,0.0
2023-08-17T22:00:00Z,0.0
2023-08-17T23:00:00Z,0.0
2023-08-18T00:00:00Z,0.0
2023-08-18T01:00:00Z,0.0
2023-08-18T02:00:00Z,0.0
2023-08-18T03:00:00Z,0.0
2023-08-18T04:00:00Z,0.0
2023-08-18T05:00:00Z,0.0
2023-08-18T06:00:00Z,29.33
2023-08-18T07:00:00Z,224.6
2023-08-18T08:00:00Z,462.73
2023-08-18T09:00:00Z,657.03
2023-08-18T10:00:00Z,810.22
2023-08-18T11:00:00Z,897.75
2023-08-18T12:00:00Z,917.03
2023-08-18T13:00:00Z,844.88
2023-08-18T14:00:00Z,704.88
2023-08-18T15:00:00Z,503.98
2023-08-18T16:00:00Z,272.08
2023-08-18T17:00:00Z,57.53
2023-08-18T18:00:00Z,0.0
2023-08-18T19:00:00Z,0.0
2023-08-18T20:00:00Z,0.0
2023-08-18T21:00:00Z,0.0
2023-08-18T22:00:00Z,0.0
2023-08-18T23:00:00Z,0.0
2023-08-19T00:00:00Z,0.0
2023-08-19T01:00:00Z,0.0
2023-08-19T02:00:00Z,0.0
2023-08-19T03:00:00Z,0.0
2023-08-19T04:00:00Z,0.0
2023-08-19T05:00:00Z,0.0
2023-08-19T06:00:00Z,28.9
2023-08-19T07:00:00Z,183.8
2023-08-19T08:00:00Z,386.42
2023-08-19T09:00:00Z,506.17
2023-08-19T10:00:00Z,568.1
2023-08-19T11:00:00Z,543.92
2023-08-19T12:00:00Z,343.5
2023-08-19T13:00:00Z,515.25
2023-08-19T14:00:00Z,493.33
2023-08-19T15:00:00Z,399.45
2023-08-19T16:00:00Z,206.48
2023-08-19T17:00:00Z,40.65
2023-08-19T18:00:00Z,0.0
2023-08-19T19:00:00Z,0.0
2023-08-19T20:00:00Z,0.0
2023-08-19T21:00:00Z,0.0
2023-08-19T22:00:00Z,0.0
2023-08-19T23:00:00Z,0.0
2023-08-20T00:00:00Z,0.0
2023-08-20T01:00:00Z,0.0
2023-08-20T02:00:00Z,0.0
2023-08-20T03:00:00Z,0.0
2023-08-20T04:00:00Z,0.0
2023-08-20T05:00:00Z,0.0
2023-08-20T06:00:00Z,16.1
2023-08-20T07:00:00Z,102.57
2023-08-20T08:00:00Z,261.92
2023-08-20T09:00:00Z,252.02
2023-08-20T10:00:00Z,314.58
2023-08-20T11:00:00Z,488.75
2023-08-20T12:00:00Z,616.62
2023-08-20T13:00:00Z,745.05
2023-08-20T14:00:00Z,570.05
2023-08-20T15:00:00Z,425.7
2023-08-20T16:00:00Z,233.98
2023-08-20T17:00:00Z,54.5
2023-08-20T18:00:00Z,0.0
2023-08-20T19:00:00Z,0.0
2023-08-20T20:00:00Z,0.0
2023-08-20T21:00:00Z,0.0
2023-08-20T22:00:00Z,0.0
2023-08-20T23:00:00Z,0.0
2023-08-21T00:00:00Z,0.0
2023-08-21T01:00:00Z,0.0
2023-08-21T02:00:00Z,0.0
2023-08-21T03:00:00Z,0.0
2023-08-21T04:00:00Z,0.0
2023-08-21T05:00:00Z,0.0
2023-08-21T06:00:00Z,32.38
2023-08-21T07:00:00Z,202.95
2023-08-21T08:00:00Z,456.55
2023-08-21T09:00:00Z,651.42
2023-08-21T10:00:00Z,788.97
2023-08-21T11:00:00Z,870.97
2023-08-21T12:00:00Z,868.5
2023-08-21T13:00:00Z,831.78
2023-08-21T14:00:00Z,703.5
2023-08-21T15:00:00Z,501.83
2023-08-21T16:00:00Z,287.23
2023-08-21T17:00:00Z,64.75
2023-08-21T18:00:00Z,0.0
2023-08-21T19:00:00Z,0.0
2023-08-21T20:00:00Z,0.0
2023-08-21T21:00:00Z,0.0
2023-08-21T22:00:00Z,0.0
2023-08-21T23:00:00Z,0.0
2023-08-22T00:00:00Z,0.0
2023-08-22T01:00:00Z,0.0
2023-08-22T02:00:00Z,0.0
2023-08-22T03:00:00Z,0.0
2023-08-22T04:00:00Z,0.0
2023-08-22T05:00:00Z,0.0
2023-08-22T06:00:00Z,34.4
2023-08-22T07:00:00Z,227.43
2023-08-22T08:00:00Z,466.1
2023-08-22T09:00:00Z,670.45
2023-08-22T10:00:00Z,810.08
2023-08-22T11:00:00Z,880.85
2023-08-22T12:00:00Z,830.4
2023-08-22T13:00:00Z,790.35
2023-08-22T14:00:00Z,691.8
2023-08-22T15:00:00Z,491.08
2023-08-22T16:00:00Z,219.5
2023-08-22T17:00:00Z,49.55
2023-08-22T18:00:00Z,0.0
2023-08-22T19:00:00Z,0.0
2023-08-22T20:00:00Z,0.0
2023-08-22T21:00:00Z,0.0
2023-08-22T22:00:00Z,0.0
2023-08-22T23:00:00Z,0.0
2023-08-23T00:00:00Z,0.0
2023-08-23T01:00:00Z,0.0
2023-08-23T02:00:00Z,0.0
2023-08-23T03:00:00Z,0.0
2023-08-23T04:00:00Z,0.0
2023-08-23T05:00:00Z,0.0
2023-08-23T06:00:00Z,29.2
2023-08-23T07:00:00Z,195.23
2023-08-23T08:00:00Z,404.2
2023-08-23T09:00:00Z,565.15
2023-08-23T10:00:00Z,684.62
2023-08-23T11:00:00Z,663.08
2023-08-23T12:00:00Z,646.12
2023-08-23T13:00:00Z,547.47
2023-08-23T14:00:00Z,461.62
2023-08-23T15:00:00Z,322.73
2023-08-23T16:00:00Z,171.57
2023-08-23T17:00:00Z,35.88
2023-08-23T18:00:00Z,0.0
2023-08-23T19:00:00Z,0.0
2023-08-23T20:00:00Z,0.0
2023-08-23T21:00:00Z,0.0
2023-08-23T22:00:00Z,0.0
2023-08-23T23:00:00Z,0.0
2023-08-24T00:00:00Z,0.0
2023-08-24T01:00:00Z,0.0
2023-08-24T02:00:00Z,0.0
2023-08-24T03:00:00Z,0.0
2023-08-24T04:00:00Z,0.0
2023-08-24T05:00:00Z,0.0
2023-08-24T06:00:00Z,31.55
2023-08-24T07:00:00Z,201.82
2023-08-24T08:00:00Z,433.4
2023-08-24T09:00:00Z,632.67
2023-08-24T10:00:00Z,774.65
2023-08-24T11:00:00Z,873.42
2023-08-24T12:00:00Z,900.6
2023-08-24T13:00:00Z,834.78
2023-08-24T14:00:00Z,667.55
2023-08-24T15:00:00Z,452.08
2023-08-24T16:00:00Z,227.85
2023-08-24T17:00:00Z,53.5
2023-08-24T18:00:00Z,0.0
2023-08-24T19:00:00Z,0.0
2023-08-24T20:00:00Z,0.0
2023-08-24T21:00:00Z,0.0
2023-08-24T22:00:00Z,0.0
2023-08-24T23:00:00Z,0.0
2023-08-25T00:00:00Z,0.0
2023-08-25T01:00:00Z,0.0
2023-08-25T02:00:00Z,0.0
2023-08-25T03:00:00Z,0.0
2023-08-25T04:00:00Z,0.0
2023-08-25T05:00:00Z,0.0
2023-08-25T06:00:00Z,36.92
2023-08-25T07:00:00Z,228.8
2023-08-25T08:00:00Z,426.48
2023-08-25T09:00:00Z,618.9
2023-08-25T10:00:00Z,768.83
2023-08-25T11:00:00Z,846.03
2023-08-25T12:00:00Z,809.28
2023-08-25T13:00:00Z,653.05
2023-08-25T14:00:00Z,450.0
2023-08-25T15:00:00Z,308.75
2023-08-25T16:00:00Z,155.15
2023-08-25T17:00:00Z,27.0
2023-08-25T18:00:00Z,0.0
2023-08-25T19:00:00Z,0.0
2023-08-25T20:00:00Z,0.0
2023-08-25T21:00:00Z,0.0
2023-08-25T22:00:00Z,0.0
2023-08-25T23:00:00Z,0.0
2023-08-26T00:00:00Z,0.0
2023-08-26T01:00:00Z,0.0
2023-08-26T02:00:00Z,0.0
2023-08-26T03:00:00Z,0.0
2023-08-26T04:00:00Z,0.0
2023-08-26T05:00:00Z,0.0
2023-08-26T06:00:00Z,26.1
2023-08-26T07:00:00Z,158.52
2023-08-26T08:00:00Z,327.7
2023-08-26T09:00:00Z,448.95
2023-08-26T10:00:00Z,547.1
2023-08-26T11:00:00Z,543.03
2023-08-26T12:00:00Z,485.2
2023-08-26T13:00:00Z,518.35
2023-08-26T14:00:00Z,262.15
2023-08-26T15:00:00Z,174.25
2023-08-26T16:00:00Z,95.82
2023-08-26T17:00:00Z,21.5
2023-08-26T18:00:00Z,0.0
2023-08-26T19:00:00Z,0.0
2023-08-26T20:00:00Z,0.0
2023-08-26T21:00:00Z,0.0
2023-08-26T22:00:00Z,0.0
2023-08-26T23:00:00Z,0.0
2023-08-27T00:00:00Z,0.0
2023-08-27T01:00:00Z,0.0
2023-08-27T02:00:00Z,0.0
2023-08-27T03:00:00Z,0.0
2023-08-27T04:00:00Z,0.0
2023-08-27T05:00:00Z,0.0
2023-08-27T06:00:00Z,39.42
2023-08-27T07:00:00Z,229.15
2023-08-27T08:00:00Z,420.1
2023-08-27T09:00:00Z,662.3
2023-08-27T10:00:00Z,803.0
2023-08-27T11:00:00Z,828.47
2023-08-27T12:00:00Z,758.12
2023-08-27T13:00:00Z,771.28
2023-08-27T14:00:00Z,604.92
2023-08-27T15:00:00Z,359.92
2023-08-27T16:00:00Z,184.7
2023-08-27T17:00:00Z,37.2
2023-08-27T18:00:00Z,0.0
2023-08-27T19:00:00Z,0.0
2023-08-27T20:00:00Z,0.0
2023-08-27T21:00:00Z,0.0
2023-08-27T22:00:00Z,0.0
2023-08-27T23:00:00Z,0.0
2023-08-28T00:00:00Z,0.0
2023-08-28T01:00:00Z,0.0
2023-08-28T02:00:00Z,0.0
2023-08-28T03:00:00Z,0.0
2023-08-28T04:00:00Z,0.0
2023-08-28T05:00:00Z,0.0
2023-08-28T06:00:00Z,40.75
2023-08-28T07:00:00Z,221.23
2023-08-28T08:00:00Z,384.5
2023-08-28T09:00:00Z,585.9
2023-08-28T10:00:00Z,705.55
2023-08-28T11:00:00Z,769.28
2023-08-28T12:00:00Z,750.12
2023-08-28T13:00:00Z,731.28
2023-08-28T14:00:00Z,654.95
2023-08-28T15:00:00Z,437.75
2023-08-28T16:00:00Z,252.7
2023-08-28T17:00:00Z,59.5
2023-08-28T18:00:00Z,0.0
2023-08-28T19:00:00Z,0.0
2023-08-28T20:00:00Z,0.0
2023-08-28T21:00:00Z,0.0
2023-08-28T22:00:00Z,0.0
2023-08-28T23:00:00Z,0.0
2023-08-29T00:00:00Z,0.0
2023-08-29T01:00:00Z,0.0
2023-08-29T02:00:00Z,0.0
2023-08-29T03:00:00Z,0.0
2023-08-29T04:00:00Z,0.0
2023-08-29T05:00:00Z,0.0
2023-08-29T06:00:00Z,23.1
2023-08-29T07:00:00Z,156.62
2023-08-29T08:00:00Z,325.95
2023-08-29T09:00:00Z,509.08
2023-08-29T10:00:00Z,718.35
2023-08-29T11:00:00Z,827.15
2023-08-29T12:00:00Z,833.58
2023-08-29T13:00:00Z,799.22
2023-08-29T14:00:00Z,675.67
2023-08-29T15:00:00Z,486.9
2023-08-29T16:00:00Z,265.15
2023-08-29T17:00:00Z,55.47
2023-08-29T18:00:00Z,0.0
2023-08-29T19:00:00Z,0.0
2023-08-29T20:00:00Z,0.0
2023-08-29T21:00:00Z,0.0
2023-08-29T22:00:00Z,0.0
2023-08-29T23:00:00Z,0.0
2023-08-30T00:00:00Z,0.0
2023-08-30T01:00:00Z,0.0
2023-08-30T02:00:00Z,0.0
2023-08-30T03:00:00Z,0.0
2023-08-30T04:00:00Z,0.0
2023-08-30T05:00:00Z,0.0
2023-08-30T06:00:00Z,38.58
2023-08-30T07:00:00Z,224.68
2023-08-30T08:00:00Z,446.9
2023-08-30T09:00:00Z,649.08
2023-08-30T10:00:00Z,803.53
2023-08-30T11:00:00Z,893.67
2023-08-30T12:00:00Z,902.75
2023-08-30T13:00:00Z,803.2
2023-08-30T14:00:00Z,699.15
2023-08-30T15:00:00Z,499.3
2023-08-30T16:00:00Z,269.9
2023-08-30T17:00:00Z,54.15
2023-08-30T18:00:00Z,0.0
2023-08-30T19:00:00Z,0.0
2023-08-30T20:00:00Z,0.0
2023-08-30T21:00:00Z,0.0
2023-08-30T22:00:00Z,0.0
2023-08-30T23:00:00Z,0.0
2023-08-31T00:00:00Z,0.0
2023-08-31T01:00:00Z,0.0
2023-08-31T02:00:00Z,0.0
2023-08-31T03:00:00Z,0.0
2023-08-31T04:00:00Z,0.0
2023-08-31T05:00:00Z,0.0
2023-08-31T06:00:00Z,40.42
2023-08-31T07:00:00Z,226.88
2023-08-31T08:00:00Z,449.98
2023-08-31T09:00:00Z,661.2
2023-08-31T10:00:00Z,766.9
2023-08-31T11:00:00Z,834.17
2023-08-31T12:00:00Z,844.33
2023-08-31T13:00:00Z,764.28
2023-08-31T14:00:00Z,669.12
2023-08-31T15:00:00Z,476.6
2023-08-31T16:00:00Z,255.75
2023-08-31T17:00:00Z,55.9
2023-08-31T18:00:00Z,0.0
2023-08-31T19:00:00Z,0.0
2023-08-31T20:00:00Z,0.0
2023-08-31T21:00:00Z,0.0
2023-08-31T22:00:00Z,0.0
2023-08-31T23:00:00Z,0.0
2023-09-01T00:00:00Z,0.0
2023-09-01T01:00:00Z,0.0
2023-09-01T02:00:00Z,0.0
2023-09-01T03:00:00Z,0.0
2023-09-01T04:00:00Z,0.0
2023-09-01T05:00:00Z,0.0
2023-09-01T06:00:00Z,44.72
2023-09-01T07:00:00Z,245.6
2023-09-01T08:00:00Z,468.9
2023-09-01T09:00:00Z,693.03
2023-09-01T10:00:00Z,842.35
2023-09-01T11:00:00Z,934.33
2023-09-01T12:00:00Z,937.45
2023-09-01T13:00:00Z,856.1
2023-09-01T14:00:00Z,718.9
2023-09-01T15:00:00Z,518.72
2023-09-01T16:00:00Z,282.6
2023-09-01T17:00:00Z,64.7
2023-09-01T18:00:00Z,0.0
2023-09-01T19:00:00Z,0.0
2023-09-01T20:00:00Z,0.0
2023-09-01T21:00:00Z,0.0
2023-09-01T22:00:00Z,0.0
2023-09-01T23:00:00Z,0.0
2023-09-02T00:00:00Z,0.0
2023-09-02T01:00:00Z,0.0
2023-09-02T02:00:00Z,0.0
2023-09-02T03:00:00Z,0.0
2023-09-02T04:00:00Z,0.0
2023-09-02T05:00:00Z,0.0
2023-09-02T06:00:00Z,52.4
2023-09-02T07:00:00Z,264.5
2023-09-02T08:00:00Z,503.25
2023-09-02T09:00:00Z,709.28
2023-09-02T10:00:00Z,854.88
2023-09-02T11:00:00Z,933.28
2023-09-02T12:00:00Z,938.67
2023-09-02T13:00:00Z,859.7
2023-09-02T14:00:00Z,681.55
2023-09-02T15:00:00Z,523.3
2023-09-02T16:00:00Z,281.0
2023-09-02T17:00:00Z,59.47
2023-09-02T18:00:00Z,0.0
2023-09-02T19:00:00Z,0.0
2023-09-02T20:00:00Z,0.0
2023-09-02T21:00:00Z,0.0
2023-09-02T22:00:00Z,0.0
2023-09-02T23:00:00Z,0.0
2023-09-03T00:00:00Z,0.0
2023-09-03T01:00:00Z,0.0
2023-09-03T02:00:00Z,0.0
2023-09-03T03:00:00Z,0.0
2023-09-03T04:00:00Z,0.0
2023-09-03T05:00:00Z,0.0
2023-09-03T06:00:00Z,47.33
2023-09-03T07:00:00Z,224.4
2023-09-03T08:00:00Z,433.12
2023-09-03T09:00:00Z,576.33
2023-09-03T10:00:00Z,571.47
2023-09-03T11:00:00Z,483.2
2023-09-03T12:00:00Z,270.33
2023-09-03T13:00:00Z,269.7
2023-09-03T14:00:00Z,282.8
2023-09-03T15:00:00Z,218.15
2023-09-03T16:00:00Z,106.05
2023-09-03T17:00:00Z,18.83
2023-09-03T18:00:00Z,0.0
2023-09-03T19:00:00Z,0.0
2023-09-03T20:00:00Z,0.0
2023-09-03T21:00:00Z,0.0
2023-09-03T22:00:00Z,0.0
2023-09-03T23:00:00Z,0.0
2023-09-04T00:00:00Z,0.0
2023-09-04T01:00:00Z,0.0
2023-09-04T02:00:00Z,0.0
2023-09-04T03:00:00Z,0.0
2023-09-04T04:00:00Z,0.0
2023-09-04T05:00:00Z,0.0
2023-09-04T06:00:00Z,37.1
2023-09-04T07:00:00Z,214.98
2023-09-04T08:00:00Z,434.65
2023-09-04T09:00:00Z,561.47
2023-09-04T10:00:00Z,787.83
2023-09-04T11:00:00Z,872.92
2023-09-04T12:00:00Z,841.67
2023-09-04T13:00:00Z,703.85
2023-09-04T14:00:00Z,541.0
2023-09-04T15:00:00Z,322.7
2023-09-04T16:00:00Z,178.27
2023-09-04T17:00:00Z,41.0
2023-09-04T18:00:00Z,0.0
2023-09-04T19:00:00Z,0.0
2023-09-04T20:00:00Z,0.0
2023-09-04T21:00:00Z,0.0
2023-09-04T22:00:00Z,0.0
2023-09-04T23:00:00Z,0.0
2023-09-05T00:00:00Z,0.0
2023-09-05T01:00:00Z,0.0
2023-09-05T02:00:00Z,0.0
2023-09-05T03:00:00Z,0.0
2023-09-05T04:00:00Z,0.0
2023-09-05T05:00:00Z,0.0
2023-09-05T06:00:00Z,41.85
2023-09-05T07:00:00Z,197.68
2023-09-05T08:00:00Z,395.05
2023-09-05T09:00:00Z,569.03
2023-09-05T10:00:00Z,650.33
2023-09-05T11:00:00Z,740.85
2023-09-05T12:00:00Z,778.9
2023-09-05T13:00:00Z,767.22
2023-09-05T14:00:00Z,516.42
2023-09-05T15:00:00Z,364.45
2023-09-05T16:00:00Z,180.7
2023-09-05T17:00:00Z,35.83
2023-09-05T18:00:00Z,0.0
2023-09-05T19:00:00Z,0.0
2023-09-05T20:00:00Z,0.0
2023-09-05T21:00:00Z,0.0
2023-09-05T22:00:00Z,0.0
2023-09-05T23:00:00Z,0.0
2023-09-06T00:00:00Z,0.0
2023-09-06T01:00:00Z,0.0
2023-09-06T02:00:00Z,0.0
2023-09-06T03:00:00Z,0.0
2023-09-06T04:00:00Z,0.0
2023-09-06T05:00:00Z,0.0
2023-09-06T06:00:00Z,24.02
2023-09-06T07:00:00Z,110.97
2023-09-06T08:00:00Z,187.5
2023-09-06T09:00:00Z,260.92
2023-09-06T10:00:00Z,306.58
2023-09-06T11:00:00Z,499.85
2023-09-06T12:00:00Z,532.5
2023-09-06T13:00:00Z,460.92
2023-09-06T14:00:00Z,369.08
2023-09-06T15:00:00Z,144.73
2023-09-06T16:00:00Z,78.68
2023-09-06T17:00:00Z,14.82
2023-09-06T18:00:00Z,0.0
2023-09-06T19:00:00Z,0.0
2023-09-06T20:00:00Z,0.0
2023-09-06T21:00:00Z,0.0
2023-09-06T22:00:00Z,0.0
2023-09-06T23:00:00Z,0.0
2023-09-07T00:00:00Z,0.0
2023-09-07T01:00:00Z,0.0
2023-09-07T02:00:00Z,0.0
2023-09-07T03:00:00Z,0.0
2023-09-07T04:00:00Z,0.0
2023-09-07T05:00:00Z,0.0
2023-09-07T06:00:00Z,31.45
2023-09-07T07:00:00Z,154.12
2023-09-07T08:00:00Z,284.95
2023-09-07T09:00:00Z,429.98
2023-09-07T10:00:00Z,540.97
2023-09-07T11:00:00Z,457.0
2023-09-07T12:00:00Z,262.55
2023-09-07T13:00:00Z,84.35
2023-09-07T14:00:00Z,48.5
2023-09-07T15:00:00Z,84.03
2023-09-07T16:00:00Z,57.58
2023-09-07T17:00:00Z,15.25
2023-09-07T18:00:00Z,0.0
2023-09-07T19:00:00Z,0.0
2023-09-07T20:00:00Z,0.0
2023-09-07T21:00:00Z,0.0
2023-09-07T22:00:00Z,0.0
2023-09-07T23:00:00Z,0.0
2023-09-08T00:00:00Z,0.0
2023-09-08T01:00:00Z,0.0
2023-09-08T02:00:00Z,0.0
2023-09-08T03:00:00Z,0.0
2023-09-08T04:00:00Z,0.0
2023-09-08T05:00:00Z,0.0
2023-09-08T06:00:00Z,52.15
2023-09-08T07:00:00Z,239.68
2023-09-08T08:00:00Z,436.55
2023-09-08T09:00:00Z,665.5
2023-09-08T10:00:00Z,769.45
2023-09-08T11:00:00Z,840.83
2023-09-08T12:00:00Z,842.15
2023-09-08T13:00:00Z,730.92
2023-09-08T14:00:00Z,611.25
2023-09-08T15:00:00Z,435.58
2023-09-08T16:00:00Z,224.85
2023-09-08T17:00:00Z,44.78
2023-09-08T18:00:00Z,0.0
2023-09-08T19:00:00Z,0.0
2023-09-08T20:00:00Z,0.0
2023-09-08T21:00:00Z,0.0
2023-09-08T22:00:00Z,0.0
2023-09-08T23:00:00Z,0.0
2023-09-09T00:00:00Z,0.0
2023-09-09T01:00:00Z,0.0
2023-09-09T02:00:00Z,0.0
2023-09-09T03:00:00Z,0.0
2023-09-09T04:00:00Z,0.0
2023-09-09T05:00:00Z,0.0
2023-09-09T06:00:00Z,55.22
2023-09-09T07:00:00Z,235.05
2023-09-09T08:00:00Z,406.8
2023-09-09T09:00:00Z,557.15
2023-09-09T10:00:00Z,736.58
2023-09-09T11:00:00Z,721.3
2023-09-09T12:00:00Z,626.15
2023-09-09T13:00:00Z,494.75
2023-09-09T14:00:00Z,420.35
2023-09-09T15:00:00Z,293.5
2023-09-09T16:00:00Z,141.93
2023-09-09T17:00:00Z,28.35
2023-09-09T18:00:00Z,0.0
2023-09-09T19:00:00Z,0.0
2023-09-09T20:00:00Z,0.0
2023-09-09T21:00:00Z,0.0
2023-09-09T22:00:00Z,0.0
2023-09-09T23:00:00Z,0.0
2023-09-10T00:00:00Z,0.0
2023-09-10T01:00:00Z,0.0
2023-09-10T02:00:00Z,0.0
2023-09-10T03:00:00Z,0.0
2023-09-10T04:00:00Z,0.0
2023-09-10T05:00:00Z,0.0
2023-09-10T06:00:00Z,49.2
2023-09-10T07:00:00Z,222.38
2023-09-10T08:00:00Z,409.67
2023-09-10T09:00:00Z,582.92
2023-09-10T10:00:00Z,757.47
2023-09-10T11:00:00Z,763.08
2023-09-10T12:00:00Z,765.62
2023-09-10T13:00:00Z,743.95
2023-09-10T14:00:00Z,553.17
2023-09-10T15:00:00Z,332.02
2023-09-10T16:00:00Z,176.52
2023-09-10T17:00:00Z,35.72
2023-09-10T18:00:00Z,0.0
2023-09-10T19:00:00Z,0.0
2023-09-10T20:00:00Z,0.0
2023-09-10T21:00:00Z,0.0
2023-09-10T22:00:00Z,0.0
2023-09-10T23:00:00Z,0.0
2023-09-11T00:00:00Z,0.0
2023-09-11T01:00:00Z,0.0
2023-09-11T02:00:00Z,0.0
2023-09-11T03:00:00Z,0.0
2023-09-11T04:00:00Z,0.0
2023-09-11T05:00:00Z,0.0
2023-09-11T06:00:00Z,59.38
2023-09-11T07:00:00Z,268.77
2023-09-11T08:00:00Z,473.9
2023-09-11T09:00:00Z,695.85
2023-09-11T10:00:00Z,827.97
2023-09-11T11:00:00Z,899.42
2023-09-11T12:00:00Z,903.45
2023-09-11T13:00:00Z,844.67
2023-09-11T14:00:00Z,616.53
2023-09-11T15:00:00Z,381.15
2023-09-11T16:00:00Z,218.45
2023-09-11T17:00:00Z,41.72
2023-09-11T18:00:00Z,0.0
2023-09-11T19:00:00Z,0.0
2023-09-11T20:00:00Z,0.0
2023-09-11T21:00:00Z,0.0
2023-09-11T22:00:00Z,0.0
2023-09-11T23:00:00Z,0.0
2023-09-12T00:00:00Z,0.0
2023-09-12T01:00:00Z,0.0
2023-09-12T02:00:00Z,0.0
2023-09-12T03:00:00Z,0.0
2023-09-12T04:00:00Z,0.0
2023-09-12T05:00:00Z,0.0
2023-09-12T06:00:00Z,54.65
2023-09-12T07:00:00Z,247.98
2023-09-12T08:00:00Z,470.85
2023-09-12T09:00:00Z,657.62
2023-09-12T10:00:00Z,783.58
2023-09-12T11:00:00Z,836.12
2023-09-12T12:00:00Z,866.47
2023-09-12T13:00:00Z,778.25
2023-09-12T14:00:00Z,609.1
2023-09-12T15:00:00Z,347.65
2023-09-12T16:00:00Z,169.32
2023-09-12T17:00:00Z,33.03
2023-09-12T18:00:00Z,0.0
2023-09-12T19:00:00Z,0.0
2023-09-12T20:00:00Z,0.0
2023-09-12T21:00:00Z,0.0
2023-09-12T22:00:00Z,0.0
2023-09-12T23:00:00Z,0.0
2023-09-13T00:00:00Z,0.0
2023-09-13T01:00:00Z,0.0
2023-09-13T02:00:00Z,0.0
2023-09-13T03:00:00Z,0.0
2023-09-13T04:00:00Z,0.0
2023-09-13T05:00:00Z,0.0
2023-09-13T06:00:00Z,19.55
2023-09-13T07:00:00Z,61.05
2023-09-13T08:00:00Z,102.85
2023-09-13T09:00:00Z,160.1
2023-09-13T10:00:00Z,404.77
2023-09-13T11:00:00Z,591.78
2023-09-13T12:00:00Z,675.83
2023-09-13T13:00:00Z,599.25
2023-09-13T14:00:00Z,572.92
2023-09-13T15:00:00Z,420.8
2023-09-13T16:00:00Z,215.85
2023-09-13T17:00:00Z,41.7
2023-09-13T18:00:00Z,0.0
2023-09-13T19:00:00Z,0.0
2023-09-13T20:00:00Z,0.0
2023-09-13T21:00:00Z,0.0
2023-09-13T22:00:00Z,0.0
2023-09-13T23:00:00Z,0.0
2023-09-14T00:00:00Z,0.0
2023-09-14T01:00:00Z,0.0
2023-09-14T02:00:00Z,0.0
2023-09-14T03:00:00Z,0.0
2023-09-14T04:00:00Z,0.0
2023-09-14T05:00:00Z,0.0
2023-09-14T06:00:00Z,52.53
2023-09-14T07:00:00Z,234.0
2023-09-14T08:00:00Z,439.7
2023-09-14T09:00:00Z,633.35
2023-09-14T10:00:00Z,726.35
2023-09-14T11:00:00Z,774.42
2023-09-14T12:00:00Z,761.38
2023-09-14T13:00:00Z,557.0
2023-09-14T14:00:00Z,387.3
2023-09-14T15:00:00Z,208.82
2023-09-14T16:00:00Z,106.72
2023-09-14T17:00:00Z,19.27
2023-09-14T18:00:00Z,0.0
2023-09-14T19:00:00Z,0.0
2023-09-14T20:00:00Z,0.0
2023-09-14T21:00:00Z,0.0
2023-09-14T22:00:00Z,0.0
2023-09-14T23:00:00Z,0.0
2023-09-15T00:00:00Z,0.0
2023-09-15T01:00:00Z,0.0
2023-09-15T02:00:00Z,0.0
2023-09-15T03:00:00Z,0.0
2023-09-15T04:00:00Z,0.0
2023-09-15T05:00:00Z,0.0
2023-09-15T06:00:00Z,56.53
2023-09-15T07:00:00Z,265.48
2023-09-15T08:00:00Z,485.7
2023-09-15T09:00:00Z,679.8
2023-09-15T10:00:00Z,795.08
2023-09-15T11:00:00Z,797.3
2023-09-15T12:00:00Z,852.0
2023-09-15T13:00:00Z,795.58
2023-09-15T14:00:00Z,661.67
2023-09-15T15:00:00Z,480.08
2023-09-15T16:00:00Z,255.55
2023-09-15T17:00:00Z,49.08
2023-09-15T18:00:00Z,0.0
2023-09-15T19:00:00Z,0.0
2023-09-15T20:00:00Z,0.0
2023-09-15T21:00:00Z,0.0
2023-09-15T22:00:00Z,0.0
2023-09-15T23:00:00Z,0.0
2023-09-16T00:00:00Z,0.0
2023-09-16T01:00:00Z,0.0
2023-09-16T02:00:00Z,0.0
2023-09-16T03:00:00Z,0.0
2023-09-16T04:00:00Z,0.0
2023-09-16T05:00:00Z,0.0
2023-09-16T06:00:00Z,71.32
2023-09-16T07:00:00Z,297.95
2023-09-16T08:00:00Z,534.88
2023-09-16T09:00:00Z,719.38
2023-09-16T10:00:00Z,842.15
2023-09-16T11:00:00Z,900.72
2023-09-16T12:00:00Z,924.28
2023-09-16T13:00:00Z,820.4
2023-09-16T14:00:00Z,658.53
2023-09-16T15:00:00Z,483.75
2023-09-16T16:00:00Z,270.8
2023-09-16T17:00:00Z,59.9
2023-09-16T18:00:00Z,0.0
2023-09-16T19:00:00Z,0.0
2023-09-16T20:00:00Z,0.0
2023-09-16T21:00:00Z,0.0
2023-09-16T22:00:00Z,0.0
2023-09-16T23:00:00Z,0.0
2023-09-17T00:00:00Z,0.0
2023-09-17T01:00:00Z,0.0
2023-09-17T02:00:00Z,0.0
2023-09-17T03:00:00Z,0.0
2023-09-17T04:00:00Z,0.0
2023-09-17T05:00:00Z,0.0
2023-09-17T06:00:00Z,84.38
2023-09-17T07:00:00Z,319.35
2023-09-17T08:00:00Z,554.9
2023-09-17T09:00:00Z,755.78
2023-09-17T10:00:00Z,887.97
2023-09-17T11:00:00Z,970.5
2023-09-17T12:00:00Z,969.53
2023-09-17T13:00:00Z,881.85
2023-09-17T14:00:00Z,736.47
2023-09-17T15:00:00Z,532.15
2023-09-17T16:00:00Z,298.23
2023-09-17T17:00:00Z,65.18
2023-09-17T18:00:00Z,0.0
2023-09-17T19:00:00Z,0.0
2023-09-17T20:00:00Z,0.0
2023-09-17T21:00:00Z,0.0
2023-09-17T22:00:00Z,0.0
2023-09-17T23:00:00Z,0.0
2023-09-18T00:00:00Z,0.0
2023-09-18T01:00:00Z,0.0
2023-09-18T02:00:00Z,0.0
2023-09-18T03:00:00Z,0.0
2023-09-18T04:00:00Z,0.0
2023-09-18T05:00:00Z,0.0
2023-09-18T06:00:00Z,83.32
2023-09-18T07:00:00Z,307.17
2023-09-18T08:00:00Z,528.1
2023-09-18T09:00:00Z,721.4
2023-09-18T10:00:00Z,872.42
2023-09-18T11:00:00Z,960.0
2023-09-18T12:00:00Z,975.25
2023-09-18T13:00:00Z,890.67
2023-09-18T14:00:00Z,740.95
2023-09-18T15:00:00Z,496.35
2023-09-18T16:00:00Z,253.57
2023-09-18T17:00:00Z,52.92
2023-09-18T18:00:00Z,0.0
2023-09-18T19:00:00Z,0.0
2023-09-18T20:00:00Z,0.0
2023-09-18T21:00:00Z,0.0
2023-09-18T22:00:00Z,0.0
2023-09-18T23:00:00Z,0.0
2023-09-19T00:00:00Z,0.0
2023-09-19T01:00:00Z,0.0
2023-09-19T02:00:00Z,0.0
2023-09-19T03:00:00Z,0.0
2023-09-19T04:00:00Z,0.0
2023-09-19T05:00:00Z,0.0
2023-09-19T06:00:00Z,61.35
2023-09-19T07:00:00Z,231.88
2023-09-19T08:00:00Z,407.7
2023-09-19T09:00:00Z,595.0
2023-09-19T10:00:00Z,713.22
2023-09-19T11:00:00Z,801.65
2023-09-19T12:00:00Z,719.05
2023-09-19T13:00:00Z,501.17
2023-09-19T14:00:00Z,486.6
2023-09-19T15:00:00Z,340.2
2023-09-19T16:00:00Z,173.95
2023-09-19T17:00:00Z,33.6
2023-09-19T18:00:00Z,0.0
2023-09-19T19:00:00Z,0.0
2023-09-19T20:00:00Z,0.0
2023-09-19T21:00:00Z,0.0
2023-09-19T22:00:00Z,0.0
2023-09-19T23:00:00Z,0.0
2023-09-20T00:00:00Z,0.0
2023-09-20T01:00:00Z,0.0
2023-09-20T02:00:00Z,0.0
2023-09-20T03:00:00Z,0.0
2023-09-20T04:00:00Z,0.0
2023-09-20T05:00:00Z,0.0
2023-09-20T06:00:00Z,43.88
2023-09-20T07:00:00Z,187.7
2023-09-20T08:00:00Z,338.38
2023-09-20T09:00:00Z,501.05
2023-09-20T10:00:00Z,563.62
2023-09-20T11:00:00Z,555.25
2023-09-20T12:00:00Z,655.78
2023-09-20T13:00:00Z,557.72
2023-09-20T14:00:00Z,462.48
2023-09-20T15:00:00Z,336.02
2023-09-20T16:00:00Z,168.3
2023-09-20T17:00:00Z,34.78
2023-09-20T18:00:00Z,0.0
2023-09-20T19:00:00Z,0.0
2023-09-20T20:00:00Z,0.0
2023-09-20T21:00:00Z,0.0
2023-09-20T22:00:00Z,0.0
2023-09-20T23:00:00Z,0.0
2023-09-21T00:00:00Z,0.0
2023-09-21T01:00:00Z,0.0
2023-09-21T02:00:00Z,0.0
2023-09-21T03:00:00Z,0.0
2023-09-21T04:00:00Z,0.0
2023-09-21T05:00:00Z,0.0
2023-09-21T06:00:00Z,68.32
2023-09-21T07:00:00Z,224.7
2023-09-21T08:00:00Z,420.55
2023-09-21T09:00:00Z,613.33
2023-09-21T10:00:00Z,753.83
2023-09-21T11:00:00Z,863.88
2023-09-21T12:00:00Z,877.95
2023-09-21T13:00:00Z,787.42
2023-09-21T14:00:00Z,665.5
2023-09-21T15:00:00Z,352.15
2023-09-21T16:00:00Z,175.77
2023-09-21T17:00:00Z,30.15
2023-09-21T18:00:00Z,0.0
2023-09-21T19:00:00Z,0.0
2023-09-21T20:00:00Z,0.0
2023-09-21T21:00:00Z,0.0
2023-09-21T22:00:00Z,0.0
2023-09-21T23:00:00Z,0.0
2023-09-22T00:00:00Z,0.0
2023-09-22T01:00:00Z,0.0
2023-09-22T02:00:00Z,0.0
2023-09-22T03:00:00Z,0.0
2023-09-22T04:00:00Z,0.0
2023-09-22T05:00:00Z,0.0
2023-09-22T06:00:00Z,71.25
2023-09-22T07:00:00Z,245.77
2023-09-22T08:00:00Z,434.27
2023-09-22T09:00:00Z,642.55
2023-09-22T10:00:00Z,777.3
2023-09-22T11:00:00Z,863.15
2023-09-22T12:00:00Z,881.2
2023-09-22T13:00:00Z,800.62
2023-09-22T14:00:00Z,681.08
2023-09-22T15:00:00Z,504.35
2023-09-22T16:00:00Z,274.42
2023-09-22T17:00:00Z,55.08
2023-09-22T18:00:00Z,0.0
2023-09-22T19:00:00Z,0.0
2023-09-22T20:00:00Z,0.0
2023-09-22T21:00:00Z,0.0
2023-09-22T22:00:00Z,0.0
2023-09-22T23:00:00Z,0.0
2023-09-23T00:00:00Z,0.0
2023-09-23T01:00:00Z,0.0
2023-09-23T02:00:00Z,0.0
2023-09-23T03:00:00Z,0.0
2023-09-23T04:00:00Z,0.0
2023-09-23T05:00:00Z,0.0
2023-09-23T06:00:00Z,64.75
2023-09-23T07:00:00Z,215.07
2023-09-23T08:00:00Z,404.73
2023-09-23T09:00:00Z,570.65
2023-09-23T10:00:00Z,717.7
2023-09-23T11:00:00Z,790.2
2023-09-23T12:00:00Z,770.78
2023-09-23T13:00:00Z,664.12
2023-09-23T14:00:00Z,561.75
2023-09-23T15:00:00Z,340.42
2023-09-23T16:00:00Z,173.05
2023-09-23T17:00:00Z,35.1
2023-09-23T18:00:00Z,0.0
2023-09-23T19:00:00Z,0.0
2023-09-23T20:00:00Z,0.0
2023-09-23T21:00:00Z,0.0
2023-09-23T22:00:00Z,0.0
2023-09-23T23:00:00Z,0.0
2023-09-24T00:00:00Z,0.0
2023-09-24T01:00:00Z,0.0
2023-09-24T02:00:00Z,0.0
2023-09-24T03:00:00Z,0.0
2023-09-24T04:00:00Z,0.0
2023-09-24T05:00:00Z,0.0
2023-09-24T06:00:00Z,67.45
2023-09-24T07:00:00Z,199.3
2023-09-24T08:00:00Z,342.35
2023-09-24T09:00:00Z,479.05
2023-09-24T10:00:00Z,569.6
2023-09-24T11:00:00Z,383.02
2023-09-24T12:00:00Z,348.42
2023-09-24T13:00:00Z,288.38
2023-09-24T14:00:00Z,284.9
2023-09-24T15:00:00Z,157.95
2023-09-24T16:00:00Z,94.72
2023-09-24T17:00:00Z,18.65
2023-09-24T18:00:00Z,0.0
2023-09-24T19:00:00Z,0.0
2023-09-24T20:00:00Z,0.0
2023-09-24T21:00:00Z,0.0
2023-09-24T22:00:00Z,0.0
2023-09-24T23:00:00Z,0.0
2023-09-25T00:00:00Z,0.0
2023-09-25T01:00:00Z,0.0
2023-09-25T02:00:00Z,0.0
2023-09-25T03:00:00Z,0.0
2023-09-25T04:00:00Z,0.0
2023-09-25T05:00:00Z,0.0
2023-09-25T06:00:00Z,92.22
2023-09-25T07:00:00Z,333.15
2023-09-25T08:00:00Z,562.08
2023-09-25T09:00:00Z,705.2
2023-09-25T10:00:00Z,857.17
2023-09-25T11:00:00Z,924.35
2023-09-25T12:00:00Z,851.28
2023-09-25T13:00:00Z,834.38
2023-09-25T14:00:00Z,666.62
2023-09-25T15:00:00Z,456.08
2023-09-25T16:00:00Z,199.25
2023-09-25T17:00:00Z,41.0
2023-09-25T18:00:00Z,0.0
2023-09-25T19:00:00Z,0.0
2023-09-25T20:00:00Z,0.0
2023-09-25T21:00:00Z,0.0
2023-09-25T22:00:00Z,0.0
2023-09-25T23:00:00Z,0.0
2023-09-26T00:00:00Z,0.0
2023-09-26T01:00:00Z,0.0
2023-09-26T02:00:00Z,0.0
2023-09-26T03:00:00Z,0.0
2023-09-26T04:00:00Z,0.0
2023-09-26T05:00:00Z,0.0
2023-09-26T06:00:00Z,68.43
2023-09-26T07:00:00Z,169.1
2023-09-26T08:00:00Z,261.12
2023-09-26T09:00:00Z,368.02
2023-09-26T10:00:00Z,406.48
2023-09-26T11:00:00Z,371.33
2023-09-26T12:00:00Z,221.5
2023-09-26T13:00:00Z,107.9
2023-09-26T14:00:00Z,55.58
2023-09-26T15:00:00Z,38.3
2023-09-26T16:00:00Z,21.33
2023-09-26T17:00:00Z,5.5
2023-09-26T18:00:00Z,0.0
2023-09-26T19:00:00Z,0.0
2023-09-26T20:00:00Z,0.0
2023-09-26T21:00:00Z,0.0
2023-09-26T22:00:00Z,0.0
2023-09-26T23:00:00Z,0.0
2023-09-27T00:00:00Z,0.0
2023-09-27T01:00:00Z,0.0
2023-09-27T02:00:00Z,0.0
2023-09-27T03:00:00Z,0.0
2023-09-27T04:00:00Z,0.0
2023-09-27T05:00:00Z,0.0
2023-09-27T06:00:00Z,72.0
2023-09-27T07:00:00Z,233.5
2023-09-27T08:00:00Z,403.83
2023-09-27T09:00:00Z,571.08
2023-09-27T10:00:00Z,699.05
2023-09-27T11:00:00Z,681.33
2023-09-27T12:00:00Z,613.97
2023-09-27T13:00:00Z,547.85
2023-09-27T14:00:00Z,508.75
2023-09-27T15:00:00Z,315.4
2023-09-27T16:00:00Z,147.57
2023-09-27T17:00:00Z,27.42
2023-09-27T18:00:00Z,0.0
2023-09-27T19:00:00Z,0.0
2023-09-27T20:00:00Z,0.0
2023-09-27T21:00:00Z,0.0
2023-09-27T22:00:00Z,0.0
2023-09-27T23:00:00Z,0.0
2023-09-28T00:00:00Z,0.0
2023-09-28T01:00:00Z,0.0
2023-09-28T02:00:00Z,0.0
2023-09-28T03:00:00Z,0.0
2023-09-28T04:00:00Z,0.0
2023-09-28T05:00:00Z,0.0
2023-09-28T06:00:00Z,98.43
2023-09-28T07:00:00Z,343.75
2023-09-28T08:00:00Z,597.25
2023-09-28T09:00:00Z,797.45
2023-09-28T10:00:00Z,929.33
2023-09-28T11:00:00Z,988.33
2023-09-28T12:00:00Z,966.78
2023-09-28T13:00:00Z,907.35
2023-09-28T14:00:00Z,754.92
2023-09-28T15:00:00Z,545.78
2023-09-28T16:00:00Z,301.7
2023-09-28T17:00:00Z,61.9
2023-09-28T18:00:00Z,0.0
2023-09-28T19:00:00Z,0.0
2023-09-28T20:00:00Z,0.0
2023-09-28T21:00:00Z,0.0
2023-09-28T22:00:00Z,0.0
2023-09-28T23:00:00Z,0.0
2023-09-29T00:00:00Z,0.0
2023-09-29T01:00:00Z,0.0
2023-09-29T02:00:00Z,0.0
2023-09-29T03:00:00Z,0.0
2023-09-29T04:00:00Z,0.0
2023-09-29T05:00:00Z,0.0
2023-09-29T06:00:00Z,122.4
2023-09-29T07:00:00Z,371.73
2023-09-29T08:00:00Z,609.67
2023-09-29T09:00:00Z,806.03
2023-09-29T10:00:00Z,948.55
2023-09-29T11:00:00Z,1006.22
2023-09-29T12:00:00Z,993.9
2023-09-29T13:00:00Z,905.03
2023-09-29T14:00:00Z,745.4
2023-09-29T15:00:00Z,540.42
2023-09-29T16:00:00Z,293.7
2023-09-29T17:00:00Z,58.4
2023-09-29T18:00:00Z,0.0
2023-09-29T19:00:00Z,0.0
2023-09-29T20:00:00Z,0.0
2023-09-29T21:00:00Z,0.0
2023-09-29T22:00:00Z,0.0
2023-09-29T23:00:00Z,0.0
2023-09-30T00:00:00Z,0.0
2023-09-30T01:00:00Z,0.0
2023-09-30T02:00:00Z,0.0
2023-09-30T03:00:00Z,0.0
2023-09-30T04:00:00Z,0.0
2023-09-30T05:00:00Z,0.0
2023-09-30T06:00:00Z,63.15
2023-09-30T07:00:00Z,233.2
2023-09-30T08:00:00Z,406.9
2023-09-30T09:00:00Z,571.95
2023-09-30T10:00:00Z,702.53
2023-09-30T11:00:00Z,674.28
2023-09-30T12:00:00Z,629.33
2023-09-30T13:00:00Z,589.42
2023-09-30T14:00:00Z,558.53
2023-09-30T15:00:00Z,433.42
2023-09-30T16:00:00Z,209.2
2023-09-30T17:00:00Z,38.22
2023-09-30T18:00:00Z,0.0
2023-09-30T19:00:00Z,0.0
2023-09-30T20:00:00Z,0.0
2023-09-30T21:00:00Z,0.0
2023-09-30T22:00:00Z,0.0
2023-09-30T23:00:00Z,0.0
2023-10-01T00:00:00Z,0.0
2023-10-01T01:00:00Z,0.0
2023-10-01T02:00:00Z,0.0
2023-10-01T03:00:00Z,0.0
2023-10-01T04:00:00Z,0.0
2023-10-01T05:00:00Z,0.0
2023-10-01T06:00:00Z,72.35
2023-10-01T07:00:00Z,242.0
2023-10-01T08:00:00Z,407.48
2023-10-01T09:00:00Z,569.47
2023-10-01T10:00:00Z,605.85
2023-10-01T11:00:00Z,703.85
2023-10-01T12:00:00Z,571.6
2023-10-01T13:00:00Z,304.65
2023-10-01T14:00:00Z,269.2
2023-10-01T15:00:00Z,107.93
2023-10-01T16:00:00Z,69.53
2023-10-01T17:00:00Z,10.48
2023-10-01T18:00:00Z,0.0
2023-10-01T19:00:00Z,0.0
2023-10-01T20:00:00Z,0.0
2023-10-01T21:00:00Z,0.0
2023-10-01T22:00:00Z,0.0
2023-10-01T23:00:00Z,0.0
2023-10-02T00:00:00Z,0.0
2023-10-02T01:00:00Z,0.0
2023-10-02T02:00:00Z,0.0
2023-10-02T03:00:00Z,0.0
2023-10-02T04:00:00Z,0.0
2023-10-02T05:00:00Z,0.0
2023-10-02T06:00:00Z,57.1
2023-10-02T07:00:00Z,175.8
2023-10-02T08:00:00Z,284.95
2023-10-02T09:00:00Z,459.92
2023-10-02T10:00:00Z,563.03
2023-10-02T11:00:00Z,564.75
2023-10-02T12:00:00Z,639.17
2023-10-02T13:00:00Z,639.35
2023-10-02T14:00:00Z,633.2
2023-10-02T15:00:00Z,460.98
2023-10-02T16:00:00Z,253.48
2023-10-02T17:00:00Z,51.1
2023-10-02T18:00:00Z,0.0
2023-10-02T19:00:00Z,0.0
2023-10-02T20:00:00Z,0.0
2023-10-02T21:00:00Z,0.0
2023-10-02T22:00:00Z,0.0
2023-10-02T23:00:00Z,0.0
2023-10-03T00:00:00Z,0.0
2023-10-03T01:00:00Z,0.0
2023-10-03T02:00:00Z,0.0
2023-10-03T03:00:00Z,0.0
2023-10-03T04:00:00Z,0.0
2023-10-03T05:00:00Z,0.0
2023-10-03T06:00:00Z,112.68
2023-10-03T07:00:00Z,345.83
2023-10-03T08:00:00Z,572.17
2023-10-03T09:00:00Z,770.3
2023-10-03T10:00:00Z,908.47
2023-10-03T11:00:00Z,983.47
2023-10-03T12:00:00Z,965.22
2023-10-03T13:00:00Z,885.47
2023-10-03T14:00:00Z,736.05
2023-10-03T15:00:00Z,520.6
2023-10-03T16:00:00Z,255.32
2023-10-03T17:00:00Z,48.97
2023-10-03T18:00:00Z,0.0
2023-10-03T19:00:00Z,0.0
2023-10-03T20:00:00Z,0.0
2023-10-03T21:00:00Z,0.0
2023-10-03T22:00:00Z,0.0
2023-10-03T23:00:00Z,0.0
2023-10-04T00:00:00Z,0.0
2023-10-04T01:00:00Z,0.0
2023-10-04T02:00:00Z,0.0
2023-10-04T03:00:00Z,0.0
2023-10-04T04:00:00Z,0.0
2023-10-04T05:00:00Z,0.0
2023-10-04T06:00:00Z,22.38
2023-10-04T07:00:00Z,59.4
2023-10-04T08:00:00Z,110.12
2023-10-04T09:00:00Z,102.72
2023-10-04T10:00:00Z,143.65
2023-10-04T11:00:00Z,205.6
2023-10-04T12:00:00Z,241.2
2023-10-04T13:00:00Z,237.85
2023-10-04T14:00:00Z,156.35
2023-10-04T15:00:00Z,210.12
2023-10-04T16:00:00Z,102.85
2023-10-04T17:00:00Z,19.45
2023-10-04T18:00:00Z,0.0
2023-10-04T19:00:00Z,0.0
2023-10-04T20:00:00Z,0.0
2023-10-04T21:00:00Z,0.0
2023-10-04T22:00:00Z,0.0
2023-10-04T23:00:00Z,0.0
2023-10-05T00:00:00Z,0.0
2023-10-05T01:00:00Z,0.0
2023-10-05T02:00:00Z,0.0
2023-10-05T03:00:00Z,0.0
2023-10-05T04:00:00Z,0.0
2023-10-05T05:00:00Z,0.0
2023-10-05T06:00:00Z,93.57
2023-10-05T07:00:00Z,306.05
2023-10-05T08:00:00Z,528.85
2023-10-05T09:00:00Z,721.9
2023-10-05T10:00:00Z,858.88
2023-10-05T11:00:00Z,920.62
2023-10-05T12:00:00Z,880.03
2023-10-05T13:00:00Z,848.88
2023-10-05T14:00:00Z,667.45
2023-10-05T15:00:00Z,456.67
2023-10-05T16:00:00Z,230.7
2023-10-05T17:00:00Z,43.22
2023-10-05T18:00:00Z,0.0
2023-10-05T19:00:00Z,0.0
2023-10-05T20:00:00Z,0.0
2023-10-05T21:00:00Z,0.0
2023-10-05T22:00:00Z,0.0
2023-10-05T23:00:00Z,0.0
2023-10-06T00:00:00Z,0.0
2023-10-06T01:00:00Z,0.0
2023-10-06T02:00:00Z,0.0
2023-10-06T03:00:00Z,0.0
2023-10-06T04:00:00Z,0.0
2023-10-06T05:00:00Z,0.0
2023-10-06T06:00:00Z,70.78
2023-10-06T07:00:00Z,223.15
2023-10-06T08:00:00Z,409.4
2023-10-06T09:00:00Z,582.95
2023-10-06T10:00:00Z,697.22
2023-10-06T11:00:00Z,765.45
2023-10-06T12:00:00Z,774.6
2023-10-06T13:00:00Z,716.85
2023-10-06T14:00:00Z,583.28
2023-10-06T15:00:00Z,408.02
2023-10-06T16:00:00Z,195.85
2023-10-06T17:00:00Z,39.42
2023-10-06T18:00:00Z,0.0
2023-10-06T19:00:00Z,0.0
2023-10-06T20:00:00Z,0.0
2023-10-06T21:00:00Z,0.0
2023-10-06T22:00:00Z,0.0
2023-10-06T23:00:00Z,0.0
2023-10-07T00:00:00Z,0.0
2023-10-07T01:00:00Z,0.0
2023-10-07T02:00:00Z,0.0
2023-10-07T03:00:00Z,0.0
2023-10-07T04:00:00Z,0.0
2023-10-07T05:00:00Z,0.0
2023-10-07T06:00:00Z,111.47
2023-10-07T07:00:00Z,310.62
2023-10-07T08:00:00Z,465.17
2023-10-07T09:00:00Z,628.15
2023-10-07T10:00:00Z,769.9
2023-10-07T11:00:00Z,858.55
2023-10-07T12:00:00Z,817.6
2023-10-07T13:00:00Z,710.2
2023-10-07T14:00:00Z,513.28
2023-10-07T15:00:00Z,324.27
2023-10-07T16:00:00Z,155.98
2023-10-07T17:00:00Z,27.45
2023-10-07T18:00:00Z,0.0
2023-10-07T19:00:00Z,0.0
2023-10-07T20:00:00Z,0.0
2023-10-07T21:00:00Z,0.0
2023-10-07T22:00:00Z,0.0
2023-10-07T23:00:00Z,0.0
2023-10-08T00:00:00Z,0.0
2023-10-08T01:00:00Z,0.0
2023-10-08T02:00:00Z,0.0
2023-10-08T03:00:00Z,0.0
2023-10-08T04:00:00Z,0.0
2023-10-08T05:00:00Z,0.0
2023-10-08T06:00:00Z,78.8
2023-10-08T07:00:00Z,205.25
2023-10-08T08:00:00Z,293.65
2023-10-08T09:00:00Z,422.98
2023-10-08T10:00:00Z,490.45
2023-10-08T11:00:00Z,352.2
2023-10-08T12:00:00Z,279.77
2023-10-08T13:00:00Z,327.27
2023-10-08T14:00:00Z,167.32
2023-10-08T15:00:00Z,100.18
2023-10-08T16:00:00Z,55.88
2023-10-08T17:00:00Z,12.62
2023-10-08T18:00:00Z,0.0
2023-10-08T19:00:00Z,0.0
2023-10-08T20:00:00Z,0.0
2023-10-08T21:00:00Z,0.0
2023-10-08T22:00:00Z,0.0
2023-10-08T23:00:00Z,0.0
2023-10-09T00:00:00Z,0.0
2023-10-09T01:00:00Z,0.0
2023-10-09T02:00:00Z,0.0
2023-10-09T03:00:00Z,0.0
2023-10-09T04:00:00Z,0.0
2023-10-09T05:00:00Z,0.0
2023-10-09T06:00:00Z,115.62
2023-10-09T07:00:00Z,331.67
2023-10-09T08:00:00Z,557.33
2023-10-09T09:00:00Z,761.6
2023-10-09T10:00:00Z,890.35
2023-10-09T11:00:00Z,930.22
2023-10-09T12:00:00Z,884.4
2023-10-09T13:00:00Z,827.03
2023-10-09T14:00:00Z,698.17
2023-10-09T15:00:00Z,429.23
2023-10-09T16:00:00Z,221.62
2023-10-09T17:00:00Z,37.22
2023-10-09T18:00:00Z,0.0
2023-10-09T19:00:00Z,0.0
2023-10-09T20:00:00Z,0.0
2023-10-09T21:00:00Z,0.0
2023-10-09T22:00:00Z,0.0
2023-10-09T23:00:00Z,0.0
2023-10-10T00:00:00Z,0.0
2023-10-10T01:00:00Z,0.0
2023-10-10T02:00:00Z,0.0
2023-10-10T03:00:00Z,0.0
2023-10-10T04:00:00Z,0.0
2023-10-10T05:00:00Z,0.0
2023-10-10T06:00:00Z,90.0
2023-10-10T07:00:00Z,232.65
2023-10-10T08:00:00Z,391.38
2023-10-10T09:00:00Z,520.42
2023-10-10T10:00:00Z,648.62
2023-10-10T11:00:00Z,637.47
2023-10-10T12:00:00Z,465.95
2023-10-10T13:00:00Z,276.38
2023-10-10T14:00:00Z,206.2
2023-10-10T15:00:00Z,131.98
2023-10-10T16:00:00Z,98.43
2023-10-10T17:00:00Z,21.6
2023-10-10T18:00:00Z,0.0
2023-10-10T19:00:00Z,0.0
2023-10-10T20:00:00Z,0.0
2023-10-10T21:00:00Z,0.0
2023-10-10T22:00:00Z,0.0
2023-10-10T23:00:00Z,0.0
2023-10-11T00:00:00Z,0.0
2023-10-11T01:00:00Z,0.0
2023-10-11T02:00:00Z,0.0
2023-10-11T03:00:00Z,0.0
2023-10-11T04:00:00Z,0.0
2023-10-11T05:00:00Z,0.0
2023-10-11T06:00:00Z,99.03
2023-10-11T07:00:00Z,252.88
2023-10-11T08:00:00Z,427.85
2023-10-11T09:00:00Z,524.65
2023-10-11T10:00:00Z,643.33
2023-10-11T11:00:00Z,620.67
2023-10-11T12:00:00Z,514.9
2023-10-11T13:00:00Z,410.25
2023-10-11T14:00:00Z,313.77
2023-10-11T15:00:00Z,263.9
2023-10-11T16:00:00Z,126.0
2023-10-11T17:00:00Z,23.5
2023-10-11T18:00:00Z,0.0
2023-10-11T19:00:00Z,0.0
2023-10-11T20:00:00Z,0.0
2023-10-11T21:00:00Z,0.0
2023-10-11T22:00:00Z,0.0
2023-10-11T23:00:00Z,0.0
2023-10-12T00:00:00Z,0.0
2023-10-12T01:00:00Z,0.0
2023-10-12T02:00:00Z,0.0
2023-10-12T03:00:00Z,0.0
2023-10-12T04:00:00Z,0.0
2023-10-12T05:00:00Z,0.0
2023-10-12T06:00:00Z,11.15
2023-10-12T07:00:00Z,31.92
2023-10-12T08:00:00Z,104.9
2023-10-12T09:00:00Z,102.05
2023-10-12T10:00:00Z,112.95
2023-10-12T11:00:00Z,118.9
2023-10-12T12:00:00Z,172.5
2023-10-12T13:00:00Z,264.48
2023-10-12T14:00:00Z,347.02
2023-10-12T15:00:00Z,283.25
2023-10-12T16:00:00Z,134.48
2023-10-12T17:00:00Z,20.9
2023-10-12T18:00:00Z,0.0
2023-10-12T19:00:00Z,0.0
2023-10-12T20:00:00Z,0.0
2023-10-12T21:00:00Z,0.0
2023-10-12T22:00:00Z,0.0
2023-10-12T23:00:00Z,0.0
2023-10-13T00:00:00Z,0.0
2023-10-13T01:00:00Z,0.0
2023-10-13T02:00:00Z,0.0
2023-10-13T03:00:00Z,0.0
2023-10-13T04:00:00Z,0.0
2023-10-13T05:00:00Z,0.0
2023-10-13T06:00:00Z,143.32
2023-10-13T07:00:00Z,370.73
2023-10-13T08:00:00Z,583.83
2023-10-13T09:00:00Z,792.9
2023-10-13T10:00:00Z,920.15
2023-10-13T11:00:00Z,992.08
2023-10-13T12:00:00Z,989.55
2023-10-13T13:00:00Z,889.88
2023-10-13T14:00:00Z,733.12
2023-10-13T15:00:00Z,519.72
2023-10-13T16:00:00Z,259.42
2023-10-13T17:00:00Z,48.3
2023-10-13T18:00:00Z,0.0
2023-10-13T19:00:00Z,0.0
2023-10-13T20:00:00Z,0.0
2023-10-13T21:00:00Z,0.0
2023-10-13T22:00:00Z,0.0
2023-10-13T23:00:00Z,0.0
2023-10-14T00:00:00Z,0.0
2023-10-14T01:00:00Z,0.0
2023-10-14T02:00:00Z,0.0
2023-10-14T03:00:00Z,0.0
2023-10-14T04:00:00Z,0.0
2023-10-14T05:00:00Z,0.0
2023-10-14T06:00:00Z,127.2
2023-10-14T07:00:00Z,333.0
2023-10-14T08:00:00Z,571.42
2023-10-14T09:00:00Z,748.28
2023-10-14T10:00:00Z,896.58
2023-10-14T11:00:00Z,958.38
2023-10-14T12:00:00Z,911.58
2023-10-14T13:00:00Z,803.25
2023-10-14T14:00:00Z,654.3
2023-10-14T15:00:00Z,400.83
2023-10-14T16:00:00Z,189.1
2023-10-14T17:00:00Z,39.17
2023-10-14T18:00:00Z,0.0
2023-10-14T19:00:00Z,0.0
2023-10-14T20:00:00Z,0.0
2023-10-14T21:00:00Z,0.0
2023-10-14T22:00:00Z,0.0
2023-10-14T23:00:00Z,0.0
2023-10-15T00:00:00Z,0.0
2023-10-15T01:00:00Z,0.0
2023-10-15T02:00:00Z,0.0
2023-10-15T03:00:00Z,0.0
2023-10-15T04:00:00Z,0.0
2023-10-15T05:00:00Z,2.5
2023-10-15T06:00:00Z,53.05
2023-10-15T07:00:00Z,227.18
2023-10-15T08:00:00Z,405.83
2023-10-15T09:00:00Z,566.58
2023-10-15T10:00:00Z,652.62
2023-10-15T11:00:00Z,754.2
2023-10-15T12:00:00Z,693.8
2023-10-15T13:00:00Z,601.2
2023-10-15T14:00:00Z,472.62
2023-10-15T15:00:00Z,216.8
2023-10-15T16:00:00Z,125.3
2023-10-15T17:00:00Z,22.4
2023-10-15T18:00:00Z,0.0
2023-10-15T19:00:00Z,0.0
2023-10-15T20:00:00Z,0.0
2023-10-15T21:00:00Z,0.0
2023-10-15T22:00:00Z,0.0
2023-10-15T23:00:00Z,0.0
2023-10-16T00:00:00Z,0.0
2023-10-16T01:00:00Z,0.0
2023-10-16T02:00:00Z,0.0
2023-10-16T03:00:00Z,0.0
2023-10-16T04:00:00Z,0.0
2023-10-16T05:00:00Z,1.77
2023-10-16T06:00:00Z,74.88
2023-10-16T07:00:00Z,184.43
2023-10-16T08:00:00Z,360.05
2023-10-16T09:00:00Z,490.95
2023-10-16T10:00:00Z,599.95
2023-10-16T11:00:00Z,653.62
2023-10-16T12:00:00Z,715.6
2023-10-16T13:00:00Z,537.7
2023-10-16T14:00:00Z,440.45
2023-10-16T15:00:00Z,302.25
2023-10-16T16:00:00Z,138.98
2023-10-16T17:00:00Z,23.58
2023-10-16T18:00:00Z,0.0
2023-10-16T19:00:00Z,0.0
2023-10-16T20:00:00Z,0.0
2023-10-16T21:00:00Z,0.0
2023-10-16T22:00:00Z,0.0
2023-10-16T23:00:00Z,0.0
2023-10-17T00:00:00Z,0.0
2023-10-17T01:00:00Z,0.0
2023-10-17T02:00:00Z,0.0
2023-10-17T03:00:00Z,0.0
2023-10-17T04:00:00Z,0.0
2023-10-17T05:00:00Z,2.75
2023-10-17T06:00:00Z,72.88
2023-10-17T07:00:00Z,237.12
2023-10-17T08:00:00Z,408.85
2023-10-17T09:00:00Z,565.78
2023-10-17T10:00:00Z,713.38
2023-10-17T11:00:00Z,724.92
2023-10-17T12:00:00Z,681.1
2023-10-17T13:00:00Z,721.0
2023-10-17T14:00:00Z,591.2
2023-10-17T15:00:00Z,325.77
2023-10-17T16:00:00Z,168.62
2023-10-17T17:00:00Z,29.75
2023-10-17T18:00:00Z,0.0
2023-10-17T19:00:00Z,0.0
2023-10-17T20:00:00Z,0.0
2023-10-17T21:00:00Z,0.0
2023-10-17T22:00:00Z,0.0
2023-10-17T23:00:00Z,0.0
2023-10-18T00:00:00Z,0.0
2023-10-18T01:00:00Z,0.0
2023-10-18T02:00:00Z,0.0
2023-10-18T03:00:00Z,0.0
2023-10-18T04:00:00Z,0.0
2023-10-18T05:00:00Z,2.4
2023-10-18T06:00:00Z,47.25
2023-10-18T07:00:00Z,137.93
2023-10-18T08:00:00Z,123.22
2023-10-18T09:00:00Z,142.55
2023-10-18T10:00:00Z,231.7
2023-10-18T11:00:00Z,327.92
2023-10-18T12:00:00Z,562.15
2023-10-18T13:00:00Z,466.65
2023-10-18T14:00:00Z,385.05
2023-10-18T15:00:00Z,284.02
2023-10-18T16:00:00Z,136.4
2023-10-18T17:00:00Z,24.52
2023-10-18T18:00:00Z,0.0
2023-10-18T19:00:00Z,0.0
2023-10-18T20:00:00Z,0.0
2023-10-18T21:00:00Z,0.0
2023-10-18T22:00:00Z,0.0
2023-10-18T23:00:00Z,0.0
2023-10-19T00:00:00Z,0.0
2023-10-19T01:00:00Z,0.0
2023-10-19T02:00:00Z,0.0
2023-10-19T03:00:00Z,0.0
2023-10-19T04:00:00Z,0.0
2023-10-19T05:00:00Z,3.95
2023-10-19T06:00:00Z,105.78
2023-10-19T07:00:00Z,292.62
2023-10-19T08:00:00Z,463.15
2023-10-19T09:00:00Z,698.67
2023-10-19T10:00:00Z,824.2
2023-10-19T11:00:00Z,797.47
2023-10-19T12:00:00Z,687.72
2023-10-19T13:00:00Z,548.55
2023-10-19T14:00:00Z,372.98
2023-10-19T15:00:00Z,252.8
2023-10-19T16:00:00Z,121.55
2023-10-19T17:00:00Z,17.17
2023-10-19T18:00:00Z,0.0
2023-10-19T19:00:00Z,0.0
2023-10-19T20:00:00Z,0.0
2023-10-19T21:00:00Z,0.0
2023-10-19T22:00:00Z,0.0
2023-10-19T23:00:00Z,0.0
2023-10-20T00:00:00Z,0.0
2023-10-20T01:00:00Z,0.0
2023-10-20T02:00:00Z,0.0
2023-10-20T03:00:00Z,0.0
2023-10-20T04:00:00Z,0.0
2023-10-20T05:00:00Z,3.62
2023-10-20T06:00:00Z,110.18
2023-10-20T07:00:00Z,343.08
2023-10-20T08:00:00Z,566.85
2023-10-20T09:00:00Z,772.03
2023-10-20T10:00:00Z,904.75
2023-10-20T11:00:00Z,954.03
2023-10-20T12:00:00Z,933.6
2023-10-20T13:00:00Z,850.33
2023-10-20T14:00:00Z,708.25
2023-10-20T15:00:00Z,515.5
2023-10-20T16:00:00Z,278.5
2023-10-20T17:00:00Z,54.2
2023-10-20T18:00:00Z,0.0
2023-10-20T19:00:00Z,0.0
2023-10-20T20:00:00Z,0.0
2023-10-20T21:00:00Z,0.0
2023-10-20T22:00:00Z,0.0
2023-10-20T23:00:00Z,0.0
2023-10-21T00:00:00Z,0.0
2023-10-21T01:00:00Z,0.0
2023-10-21T02:00:00Z,0.0
2023-10-21T03:00:00Z,0.0
2023-10-21T04:00:00Z,0.0
2023-10-21T05:00:00Z,4.32
2023-10-21T06:00:00Z,128.05
2023-10-21T07:00:00Z,342.88
2023-10-21T08:00:00Z,591.47
2023-10-21T09:00:00Z,749.4
2023-10-21T10:00:00Z,930.7
2023-10-21T11:00:00Z,986.0
2023-10-21T12:00:00Z,961.65
2023-10-21T13:00:00Z,863.3
2023-10-21T14:00:00Z,664.67
2023-10-21T15:00:00Z,479.35
2023-10-21T16:00:00Z,258.88
2023-10-21T17:00:00Z,50.95
2023-10-21T18:00:00Z,0.0
2023-10-21T19:00:00Z,0.0
2023-10-21T20:00:00Z,0.0
2023-10-21T21:00:00Z,0.0
2023-10-21T22:00:00Z,0.0
2023-10-21T23:00:00Z,0.0
2023-10-22T00:00:00Z,0.0
2023-10-22T01:00:00Z,0.0
2023-10-22T02:00:00Z,0.0
2023-10-22T03:00:00Z,0.0
2023-10-22T04:00:00Z,0.0
2023-10-22T05:00:00Z,4.85
2023-10-22T06:00:00Z,144.77
2023-10-22T07:00:00Z,388.5
2023-10-22T08:00:00Z,635.42
2023-10-22T09:00:00Z,828.83
2023-10-22T10:00:00Z,961.3
2023-10-22T11:00:00Z,1009.95
2023-10-22T12:00:00Z,970.33
2023-10-22T13:00:00Z,873.33
2023-10-22T14:00:00Z,688.53
2023-10-22T15:00:00Z,497.33
2023-10-22T16:00:00Z,274.08
2023-10-22T17:00:00Z,52.28
2023-10-22T18:00:00Z,0.0
2023-10-22T19:00:00Z,0.0
2023-10-22T20:00:00Z,0.0
2023-10-22T21:00:00Z,0.0
2023-10-22T22:00:00Z,0.0
2023-10-22T23:00:00Z,0.0
2023-10-23T00:00:00Z,0.0
2023-10-23T01:00:00Z,0.0
2023-10-23T02:00:00Z,0.0
2023-10-23T03:00:00Z,0.0
2023-10-23T04:00:00Z,0.0
2023-10-23T05:00:00Z,4.18
2023-10-23T06:00:00Z,136.55
2023-10-23T07:00:00Z,348.3
2023-10-23T08:00:00Z,548.38
2023-10-23T09:00:00Z,735.5
2023-10-23T10:00:00Z,909.25
2023-10-23T11:00:00Z,952.5
2023-10-23T12:00:00Z,935.67
2023-10-23T13:00:00Z,857.1
2023-10-23T14:00:00Z,719.33
2023-10-23T15:00:00Z,509.42
2023-10-23T16:00:00Z,271.55
2023-10-23T17:00:00Z,51.38
2023-10-23T18:00:00Z,0.0
2023-10-23T19:00:00Z,0.0
2023-10-23T20:00:00Z,0.0
2023-10-23T21:00:00Z,0.0
2023-10-23T22:00:00Z,0.0
2023-10-23T23:00:00Z,0.0
2023-10-24T00:00:00Z,0.0
2023-10-24T01:00:00Z,0.0
2023-10-24T02:00:00Z,0.0
2023-10-24T03:00:00Z,0.0
2023-10-24T04:00:00Z,0.0
2023-10-24T05:00:00Z,3.58
2023-10-24T06:00:00Z,135.23
2023-10-24T07:00:00Z,359.77
2023-10-24T08:00:00Z,569.12
2023-10-24T09:00:00Z,712.95
2023-10-24T10:00:00Z,824.67
2023-10-24T11:00:00Z,849.55
2023-10-24T12:00:00Z,925.95
2023-10-24T13:00:00Z,817.75
2023-10-24T14:00:00Z,642.15
2023-10-24T15:00:00Z,393.58
2023-10-24T16:00:00Z,203.18
2023-10-24T17:00:00Z,37.05
2023-10-24T18:00:00Z,0.0
2023-10-24T19:00:00Z,0.0
2023-10-24T20:00:00Z,0.0
2023-10-24T21:00:00Z,0.0
2023-10-24T22:00:00Z,0.0
2023-10-24T23:00:00Z,0.0
2023-10-25T00:00:00Z,0.0
2023-10-25T01:00:00Z,0.0
2023-10-25T02:00:00Z,0.0
2023-10-25T03:00:00Z,0.0
2023-10-25T04:00:00Z,0.0
2023-10-25T05:00:00Z,4.55
2023-10-25T06:00:00Z,131.15
2023-10-25T07:00:00Z,349.75
2023-10-25T08:00:00Z,548.38
2023-10-25T09:00:00Z,742.85
2023-10-25T10:00:00Z,886.75
2023-10-25T11:00:00Z,957.0
2023-10-25T12:00:00Z,953.03
2023-10-25T13:00:00Z,739.45
2023-10-25T14:00:00Z,691.38
2023-10-25T15:00:00Z,445.9
2023-10-25T16:00:00Z,224.77
2023-10-25T17:00:00Z,42.6
2023-10-25T18:00:00Z,0.0
2023-10-25T19:00:00Z,0.0
2023-10-25T20:00:00Z,0.0
2023-10-25T21:00:00Z,0.0
2023-10-25T22:00:00Z,0.0
2023-10-25T23:00:00Z,0.0
2023-10-26T00:00:00Z,0.0
2023-10-26T01:00:00Z,0.0
2023-10-26T02:00:00Z,0.0
2023-10-26T03:00:00Z,0.0
2023-10-26T04:00:00Z,0.0
2023-10-26T05:00:00Z,4.75
2023-10-26T06:00:00Z,105.25
2023-10-26T07:00:00Z,320.83
2023-10-26T08:00:00Z,530.62
2023-10-26T09:00:00Z,758.78
2023-10-26T10:00:00Z,893.22
2023-10-26T11:00:00Z,893.55
2023-10-26T12:00:00Z,841.92
2023-10-26T13:00:00Z,723.85
2023-10-26T14:00:00Z,587.75
2023-10-26T15:00:00Z,376.5
2023-10-26T16:00:00Z,176.27
2023-10-26T17:00:00Z,35.58
2023-10-26T18:00:00Z,0.0
2023-10-26T19:00:00Z,0.0
2023-10-26T20:00:00Z,0.0
2023-10-26T21:00:00Z,0.0
2023-10-26T22:00:00Z,0.0
2023-10-26T23:00:00Z,0.0
2023-10-27T00:00:00Z,0.0
2023-10-27T01:00:00Z,0.0
2023-10-27T02:00:00Z,0.0
2023-10-27T03:00:00Z,0.0
2023-10-27T04:00:00Z,0.0
2023-10-27T05:00:00Z,4.65
2023-10-27T06:00:00Z,141.07
2023-10-27T07:00:00Z,372.3
2023-10-27T08:00:00Z,592.8
2023-10-27T09:00:00Z,777.92
2023-10-27T10:00:00Z,905.92
2023-10-27T11:00:00Z,982.4
2023-10-27T12:00:00Z,962.92
2023-10-27T13:00:00Z,840.8
2023-10-27T14:00:00Z,598.8
2023-10-27T15:00:00Z,470.4
2023-10-27T16:00:00Z,237.6
2023-10-27T17:00:00Z,42.72
2023-10-27T18:00:00Z,0.0
2023-10-27T19:00:00Z,0.0
2023-10-27T20:00:00Z,0.0
2023-10-27T21:00:00Z,0.0
2023-10-27T22:00:00Z,0.0
2023-10-27T23:00:00Z,0.0
2023-10-28T00:00:00Z,0.0
2023-10-28T01:00:00Z,0.0
2023-10-28T02:00:00Z,0.0
2023-10-28T03:00:00Z,0.0
2023-10-28T04:00:00Z,0.0
2023-10-28T05:00:00Z,4.32
2023-10-28T06:00:00Z,92.1
2023-10-28T07:00:00Z,256.6
2023-10-28T08:00:00Z,424.4
2023-10-28T09:00:00Z,561.3
2023-10-28T10:00:00Z,684.88
2023-10-28T11:00:00Z,759.3
2023-10-28T12:00:00Z,796.95
2023-10-28T13:00:00Z,738.38
2023-10-28T14:00:00Z,510.05
2023-10-28T15:00:00Z,307.35
2023-10-28T16:00:00Z,148.68
2023-10-28T17:00:00Z,27.35
2023-10-28T18:00:00Z,0.0
2023-10-28T19:00:00Z,0.0
2023-10-28T20:00:00Z,0.0
2023-10-28T21:00:00Z,0.0
2023-10-28T22:00:00Z,0.0
2023-10-28T23:00:00Z,0.0
2023-10-29T00:00:00Z,0.0
2023-10-29T01:00:00Z,0.0
2023-10-29T02:00:00Z,0.0
2023-10-29T03:00:00Z,0.0
2023-10-29T04:00:00Z,0.0
2023-10-29T05:00:00Z,5.07
2023-10-29T06:00:00Z,98.12
2023-10-29T07:00:00Z,267.8
2023-10-29T08:00:00Z,486.35
2023-10-29T09:00:00Z,650.3
2023-10-29T10:00:00Z,763.38
2023-10-29T11:00:00Z,850.5
2023-10-29T12:00:00Z,755.55
2023-10-29T13:00:00Z,677.28
2023-10-29T14:00:00Z,404.5
2023-10-29T15:00:00Z,262.12
2023-10-29T16:00:00Z,130.05
2023-10-29T17:00:00Z,24.23
2023-10-29T18:00:00Z,0.0
2023-10-29T19:00:00Z,0.0
2023-10-29T20:00:00Z,0.0
2023-10-29T21:00:00Z,0.0
2023-10-29T22:00:00Z,0.0
2023-10-29T23:00:00Z,0.0
2023-10-30T00:00:00Z,0.0
2023-10-30T01:00:00Z,0.0
2023-10-30T02:00:00Z,0.0
2023-10-30T03:00:00Z,0.0
2023-10-30T04:00:00Z,0.0
2023-10-30T05:00:00Z,3.95
2023-10-30T06:00:00Z,146.15
2023-10-30T07:00:00Z,365.15
2023-10-30T08:00:00Z,580.5
2023-10-30T09:00:00Z,789.72
2023-10-30T10:00:00Z,906.55
2023-10-30T11:00:00Z,955.95
2023-10-30T12:00:00Z,932.62
2023-10-30T13:00:00Z,829.67
2023-10-30T14:00:00Z,696.58
2023-10-30T15:00:00Z,484.2
2023-10-30T16:00:00Z,252.75
2023-10-30T17:00:00Z,51.22
2023-10-30T18:00:00Z,0.0
2023-10-30T19:00:00Z,0.0
2023-10-30T20:00:00Z,0.0
2023-10-30T21:00:00Z,0.0
2023-10-30T22:00:00Z,0.0
2023-10-30T23:00:00Z,0.0
2023-10-31T00:00:00Z,0.0
2023-10-31T01:00:00Z,0.0
2023-10-31T02:00:00Z,0.0
2023-10-31T03:00:00Z,0.0
2023-10-31T04:00:00Z,0.0
2023-10-31T05:00:00Z,6.88
2023-10-31T06:00:00Z,156.73
2023-10-31T07:00:00Z,391.95
2023-10-31T08:00:00Z,620.67
2023-10-31T09:00:00Z,811.03
2023-10-31T10:00:00Z,939.53
2023-10-31T11:00:00Z,1004.38
2023-10-31T12:00:00Z,983.25
2023-10-31T13:00:00Z,875.5
2023-10-31T14:00:00Z,736.35
2023-10-31T15:00:00Z,506.65
2023-10-31T16:00:00Z,277.73
2023-10-31T17:00:00Z,55.38
2023-10-31T18:00:00Z,0.0
2023-10-31T19:00:00Z,0.0
2023-10-31T20:00:00Z,0.0
2023-10-31T21:00:00Z,0.0
2023-10-31T22:00:00Z,0.0
2023-10-31T23:00:00Z,0.0
2023-11-01T00:00:00Z,0.0
2023-11-01T01:00:00Z,0.0
2023-11-01T02:00:00Z,0.0
2023-11-01T03:00:00Z,0.0
2023-11-01T04:00:00Z,0.0
2023-11-01T05:00:00Z,6.55
2023-11-01T06:00:00Z,148.05
2023-11-01T07:00:00Z,383.27
2023-11-01T08:00:00Z,611.55
2023-11-01T09:00:00Z,738.53
2023-11-01T10:00:00Z,756.85
2023-11-01T11:00:00Z,865.58
2023-11-01T12:00:00Z,861.55
2023-11-01T13:00:00Z,754.35
2023-11-01T14:00:00Z,563.05
2023-11-01T15:00:00Z,393.0
2023-11-01T16:00:00Z,194.62
2023-11-01T17:00:00Z,34.33
2023-11-01T18:00:00Z,0.0
2023-11-01T19:00:00Z,0.0
2023-11-01T20:00:00Z,0.0
2023-11-01T21:00:00Z,0.0
2023-11-01T22:00:00Z,0.0
2023-11-01T23:00:00Z,0.0
2023-11-02T00:00:00Z,0.0
2023-11-02T01:00:00Z,0.0
2023-11-02T02:00:00Z,0.0
2023-11-02T03:00:00Z,0.0
2023-11-02T04:00:00Z,0.0
2023-11-02T05:00:00Z,1.88
2023-11-02T06:00:00Z,44.12
2023-11-02T07:00:00Z,102.15
2023-11-02T08:00:00Z,156.98
2023-11-02T09:00:00Z,271.33
2023-11-02T10:00:00Z,266.75
2023-11-02T11:00:00Z,346.38
2023-11-02T12:00:00Z,299.88
2023-11-02T13:00:00Z,184.02
2023-11-02T14:00:00Z,150.3
2023-11-02T15:00:00Z,87.2
2023-11-02T16:00:00Z,60.62
2023-11-02T17:00:00Z,15.4
2023-11-02T18:00:00Z,0.0
2023-11-02T19:00:00Z,0.0
2023-11-02T20:00:00Z,0.0
2023-11-02T21:00:00Z,0.0
2023-11-02T22:00:00Z,0.0
2023-11-02T23:00:00Z,0.0
2023-11-03T00:00:00Z,0.0
2023-11-03T01:00:00Z,0.0
2023-11-03T02:00:00Z,0.0
2023-11-03T03:00:00Z,0.0
2023-11-03T04:00:00Z,0.0
2023-11-03T05:00:00Z,6.65
2023-11-03T06:00:00Z,149.8
2023-11-03T07:00:00Z,388.8
2023-11-03T08:00:00Z,640.03
2023-11-03T09:00:00Z,830.72
2023-11-03T10:00:00Z,959.08
2023-11-03T11:00:00Z,907.62
2023-11-03T12:00:00Z,970.47
2023-11-03T13:00:00Z,890.35
2023-11-03T14:00:00Z,738.4
2023-11-03T15:00:00Z,515.35
2023-11-03T16:00:00Z,274.42
2023-11-03T17:00:00Z,50.78
2023-11-03T18:00:00Z,0.0
2023-11-03T19:00:00Z,0.0
2023-11-03T20:00:00Z,0.0
2023-11-03T21:00:00Z,0.0
2023-11-03T22:00:00Z,0.0
2023-11-03T23:00:00Z,0.0
2023-11-04T00:00:00Z,0.0
2023-11-04T01:00:00Z,0.0
2023-11-04T02:00:00Z,0.0
2023-11-04T03:00:00Z,0.0
2023-11-04T04:00:00Z,0.0
2023-11-04T05:00:00Z,6.1
2023-11-04T06:00:00Z,124.03
2023-11-04T07:00:00Z,351.77
2023-11-04T08:00:00Z,576.4
2023-11-04T09:00:00Z,760.53
2023-11-04T10:00:00Z,884.92
2023-11-04T11:00:00Z,974.65
2023-11-04T12:00:00Z,955.8
2023-11-04T13:00:00Z,844.08
2023-11-04T14:00:00Z,667.7
2023-11-04T15:00:00Z,452.25
2023-11-04T16:00:00Z,224.77
2023-11-04T17:00:00Z,42.88
2023-11-04T18:00:00Z,0.0
2023-11-04T19:00:00Z,0.0
2023-11-04T20:00:00Z,0.0
2023-11-04T21:00:00Z,0.0
2023-11-04T22:00:00Z,0.0
2023-11-04T23:00:00Z,0.0
2023-11-05T00:00:00Z,0.0
2023-11-05T01:00:00Z,0.0
2023-11-05T02:00:00Z,0.0
2023-11-05T03:00:00Z,0.0
2023-11-05T04:00:00Z,0.0
2023-11-05T05:00:00Z,2.05
2023-11-05T06:00:00Z,70.7
2023-11-05T07:00:00Z,259.45
2023-11-05T08:00:00Z,222.8
2023-11-05T09:00:00Z,394.25
2023-11-05T10:00:00Z,523.88
2023-11-05T11:00:00Z,528.72
2023-11-05T12:00:00Z,500.08
2023-11-05T13:00:00Z,459.23
2023-11-05T14:00:00Z,340.65
2023-11-05T15:00:00Z,227.88
2023-11-05T16:00:00Z,111.95
2023-11-05T17:00:00Z,12.02
2023-11-05T18:00:00Z,0.0
2023-11-05T19:00:00Z,0.0
2023-11-05T20:00:00Z,0.0
2023-11-05T21:00:00Z,0.0
2023-11-05T22:00:00Z,0.0
2023-11-05T23:00:00Z,0.0
2023-11-06T00:00:00Z,0.0
2023-11-06T01:00:00Z,0.0
2023-11-06T02:00:00Z,0.0
2023-11-06T03:00:00Z,0.0
2023-11-06T04:00:00Z,0.0
2023-11-06T05:00:00Z,2.28
2023-11-06T06:00:00Z,27.85
2023-11-06T07:00:00Z,49.7
2023-11-06T08:00:00Z,65.15
2023-11-06T09:00:00Z,87.32
2023-11-06T10:00:00Z,102.6
2023-11-06T11:00:00Z,113.18
2023-11-06T12:00:00Z,121.57
2023-11-06T13:00:00Z,126.07
2023-11-06T14:00:00Z,105.97
2023-11-06T15:00:00Z,94.22
2023-11-06T16:00:00Z,51.42
2023-11-06T17:00:00Z,11.55
2023-11-06T18:00:00Z,0.0
2023-11-06T19:00:00Z,0.0
2023-11-06T20:00:00Z,0.0
2023-11-06T21:00:00Z,0.0
2023-11-06T22:00:00Z,0.0
2023-11-06T23:00:00Z,0.0
2023-11-07T00:00:00Z,0.0
2023-11-07T01:00:00Z,0.0
2023-11-07T02:00:00Z,0.0
2023-11-07T03:00:00Z,0.0
2023-11-07T04:00:00Z,0.0
2023-11-07T05:00:00Z,6.65
2023-11-07T06:00:00Z,144.8
2023-11-07T07:00:00Z,338.77
2023-11-07T08:00:00Z,549.03
2023-11-07T09:00:00Z,758.25
2023-11-07T10:00:00Z,867.95
2023-11-07T11:00:00Z,910.22
2023-11-07T12:00:00Z,877.92
2023-11-07T13:00:00Z,691.08
2023-11-07T14:00:00Z,573.88
2023-11-07T15:00:00Z,419.7
2023-11-07T16:00:00Z,217.0
2023-11-07T17:00:00Z,44.97
2023-11-07T18:00:00Z,0.0
2023-11-07T19:00:00Z,0.0
2023-11-07T20:00:00Z,0.0
2023-11-07T21:00:00Z,0.0
2023-11-07T22:00:00Z,0.0
2023-11-07T23:00:00Z,0.0
2023-11-08T00:00:00Z,0.0
2023-11-08T01:00:00Z,0.0
2023-11-08T02:00:00Z,0.0
2023-11-08T03:00:00Z,0.0
2023-11-08T04:00:00Z,0.0
2023-11-08T05:00:00Z,6.28
2023-11-08T06:00:00Z,77.43
2023-11-08T07:00:00Z,193.0
2023-11-08T08:00:00Z,317.05
2023-11-08T09:00:00Z,153.57
2023-11-08T10:00:00Z,188.45
2023-11-08T11:00:00Z,139.02
2023-11-08T12:00:00Z,149.77
2023-11-08T13:00:00Z,166.32
2023-11-08T14:00:00Z,120.65
2023-11-08T15:00:00Z,85.95
2023-11-08T16:00:00Z,48.4
2023-11-08T17:00:00Z,9.77
2023-11-08T18:00:00Z,0.0
2023-11-08T19:00:00Z,0.0
2023-11-08T20:00:00Z,0.0
2023-11-08T21:00:00Z,0.0
2023-11-08T22:00:00Z,0.0
2023-11-08T23:00:00Z,0.0
2023-11-09T00:00:00Z,0.0
2023-11-09T01:00:00Z,0.0
2023-11-09T02:00:00Z,0.0
2023-11-09T03:00:00Z,0.0
2023-11-09T04:00:00Z,0.0
2023-11-09T05:00:00Z,3.85
2023-11-09T06:00:00Z,61.45
2023-11-09T07:00:00Z,164.15
2023-11-09T08:00:00Z,316.5
2023-11-09T09:00:00Z,457.4
2023-11-09T10:00:00Z,555.78
2023-11-09T11:00:00Z,562.8
2023-11-09T12:00:00Z,430.75
2023-11-09T13:00:00Z,316.17
2023-11-09T14:00:00Z,209.88
2023-11-09T15:00:00Z,137.3
2023-11-09T16:00:00Z,97.28
2023-11-09T17:00:00Z,25.12
2023-11-09T18:00:00Z,0.0
2023-11-09T19:00:00Z,0.0
2023-11-09T20:00:00Z,0.0
2023-11-09T21:00:00Z,0.0
2023-11-09T22:00:00Z,0.0
2023-11-09T23:00:00Z,0.0
2023-11-10T00:00:00Z,0.0
2023-11-10T01:00:00Z,0.0
2023-11-10T02:00:00Z,0.0
2023-11-10T03:00:00Z,0.0
2023-11-10T04:00:00Z,0.0
2023-11-10T05:00:00Z,5.5
2023-11-10T06:00:00Z,72.7
2023-11-10T07:00:00Z,181.45
2023-11-10T08:00:00Z,299.33
2023-11-10T09:00:00Z,264.52
2023-11-10T10:00:00Z,298.48
2023-11-10T11:00:00Z,360.33
2023-11-10T12:00:00Z,422.08
2023-11-10T13:00:00Z,464.05
2023-11-10T14:00:00Z,388.27
2023-11-10T15:00:00Z,333.55
2023-11-10T16:00:00Z,160.2
2023-11-10T17:00:00Z,29.4
2023-11-10T18:00:00Z,0.0
2023-11-10T19:00:00Z,0.0
2023-11-10T20:00:00Z,0.0
2023-11-10T21:00:00Z,0.0
2023-11-10T22:00:00Z,0.0
2023-11-10T23:00:00Z,0.0
2023-11-11T00:00:00Z,0.0
2023-11-11T01:00:00Z,0.0
2023-11-11T02:00:00Z,0.0
2023-11-11T03:00:00Z,0.0
2023-11-11T04:00:00Z,0.0
2023-11-11T05:00:00Z,5.93
2023-11-11T06:00:00Z,142.48
2023-11-11T07:00:00Z,365.5
2023-11-11T08:00:00Z,589.05
2023-11-11T09:00:00Z,778.3
2023-11-11T10:00:00Z,901.85
2023-11-11T11:00:00Z,965.5
2023-11-11T12:00:00Z,821.65
2023-11-11T13:00:00Z,862.55
2023-11-11T14:00:00Z,571.05
2023-11-11T15:00:00Z,416.98
2023-11-11T16:00:00Z,235.57
2023-11-11T17:00:00Z,51.8
2023-11-11T18:00:00Z,0.0
2023-11-11T19:00:00Z,0.0
2023-11-11T20:00:00Z,0.0
2023-11-11T21:00:00Z,0.0
2023-11-11T22:00:00Z,0.0
2023-11-11T23:00:00Z,0.0
2023-11-12T00:00:00Z,0.0
2023-11-12T01:00:00Z,0.0
2023-11-12T02:00:00Z,0.0
2023-11-12T03:00:00Z,0.0
2023-11-12T04:00:00Z,0.0
2023-11-12T05:00:00Z,6.28
2023-11-12T06:00:00Z,120.28
2023-11-12T07:00:00Z,344.8
2023-11-12T08:00:00Z,546.7
2023-11-12T09:00:00Z,742.67
2023-11-12T10:00:00Z,867.58
2023-11-12T11:00:00Z,939.7
2023-11-12T12:00:00Z,932.75
2023-11-12T13:00:00Z,807.72
2023-11-12T14:00:00Z,619.65
2023-11-12T15:00:00Z,422.27
2023-11-12T16:00:00Z,210.4
2023-11-12T17:00:00Z,46.03
2023-11-12T18:00:00Z,0.0
2023-11-12T19:00:00Z,0.0
2023-11-12T20:00:00Z,0.0
2023-11-12T21:00:00Z,0.0
2023-11-12T22:00:00Z,0.0
2023-11-12T23:00:00Z,0.0
2023-11-13T00:00:00Z,0.0
2023-11-13T01:00:00Z,0.0
2023-11-13T02:00:00Z,0.0
2023-11-13T03:00:00Z,0.0
2023-11-13T04:00:00Z,0.0
2023-11-13T05:00:00Z,5.8
2023-11-13T06:00:00Z,96.62
2023-11-13T07:00:00Z,252.85
2023-11-13T08:00:00Z,410.12
2023-11-13T09:00:00Z,633.42
2023-11-13T10:00:00Z,740.25
2023-11-13T11:00:00Z,845.9
2023-11-13T12:00:00Z,907.25
2023-11-13T13:00:00Z,714.65
2023-11-13T14:00:00Z,652.3
2023-11-13T15:00:00Z,490.3
2023-11-13T16:00:00Z,254.38
2023-11-13T17:00:00Z,48.7
2023-11-13T18:00:00Z,0.0
2023-11-13T19:00:00Z,0.0
2023-11-13T20:00:00Z,0.0
2023-11-13T21:00:00Z,0.0
2023-11-13T22:00:00Z,0.0
2023-11-13T23:00:00Z,0.0
2023-11-14T00:00:00Z,0.0
2023-11-14T01:00:00Z,0.0
2023-11-14T02:00:00Z,0.0
2023-11-14T03:00:00Z,0.0
2023-11-14T04:00:00Z,0.0
2023-11-14T05:00:00Z,3.75
2023-11-14T06:00:00Z,74.9
2023-11-14T07:00:00Z,223.23
2023-11-14T08:00:00Z,389.05
2023-11-14T09:00:00Z,549.25
2023-11-14T10:00:00Z,673.42
2023-11-14T11:00:00Z,701.58
2023-11-14T12:00:00Z,738.55
2023-11-14T13:00:00Z,699.0
2023-11-14T14:00:00Z,585.25
2023-11-14T15:00:00Z,380.38
2023-11-14T16:00:00Z,187.9
2023-11-14T17:00:00Z,36.4
2023-11-14T18:00:00Z,0.0
2023-11-14T19:00:00Z,0.0
2023-11-14T20:00:00Z,0.0
2023-11-14T21:00:00Z,0.0
2023-11-14T22:00:00Z,0.0
2023-11-14T23:00:00Z,0.0
2023-11-15T00:00:00Z,0.0
2023-11-15T01:00:00Z,0.0
2023-11-15T02:00:00Z,0.0
2023-11-15T03:00:00Z,0.0
2023-11-15T04:00:00Z,0.0
2023-11-15T05:00:00Z,6.6
2023-11-15T06:00:00Z,139.82
2023-11-15T07:00:00Z,343.4
2023-11-15T08:00:00Z,592.67
2023-11-15T09:00:00Z,697.85
2023-11-15T10:00:00Z,932.92
2023-11-15T11:00:00Z,854.58
2023-11-15T12:00:00Z,946.72
2023-11-15T13:00:00Z,878.78
2023-11-15T14:00:00Z,714.47
2023-11-15T15:00:00Z,486.95
2023-11-15T16:00:00Z,271.02
2023-11-15T17:00:00Z,58.67
2023-11-15T18:00:00Z,0.0
2023-11-15T19:00:00Z,0.0
2023-11-15T20:00:00Z,0.0
2023-11-15T21:00:00Z,0.0
2023-11-15T22:00:00Z,0.0
2023-11-15T23:00:00Z,0.0
2023-11-16T00:00:00Z,0.0
2023-11-16T01:00:00Z,0.0
2023-11-16T02:00:00Z,0.0
2023-11-16T03:00:00Z,0.0
2023-11-16T04:00:00Z,0.0
2023-11-16T05:00:00Z,7.82
2023-11-16T06:00:00Z,159.73
2023-11-16T07:00:00Z,392.98
2023-11-16T08:00:00Z,604.3
2023-11-16T09:00:00Z,803.22
2023-11-16T10:00:00Z,872.3
2023-11-16T11:00:00Z,1002.75
2023-11-16T12:00:00Z,958.05
2023-11-16T13:00:00Z,871.15
2023-11-16T14:00:00Z,723.97
2023-11-16T15:00:00Z,523.83
2023-11-16T16:00:00Z,276.77
2023-11-16T17:00:00Z,60.38
2023-11-16T18:00:00Z,0.0
2023-11-16T19:00:00Z,0.0
2023-11-16T20:00:00Z,0.0
2023-11-16T21:00:00Z,0.0
2023-11-16T22:00:00Z,0.0
2023-11-16T23:00:00Z,0.0
2023-11-17T00:00:00Z,0.0
2023-11-17T01:00:00Z,0.0
2023-11-17T02:00:00Z,0.0
2023-11-17T03:00:00Z,0.0
2023-11-17T04:00:00Z,0.0
2023-11-17T05:00:00Z,4.9
2023-11-17T06:00:00Z,86.95
2023-11-17T07:00:00Z,220.23
2023-11-17T08:00:00Z,275.77
2023-11-17T09:00:00Z,481.2
2023-11-17T10:00:00Z,516.42
2023-11-17T11:00:00Z,714.55
2023-11-17T12:00:00Z,768.4
2023-11-17T13:00:00Z,736.75
2023-11-17T14:00:00Z,511.2
2023-11-17T15:00:00Z,250.38
2023-11-17T16:00:00Z,134.32
2023-11-17T17:00:00Z,29.25
2023-11-17T18:00:00Z,0.0
2023-11-17T19:00:00Z,0.0
2023-11-17T20:00:00Z,0.0
2023-11-17T21:00:00Z,0.0
2023-11-17T22:00:00Z,0.0
2023-11-17T23:00:00Z,0.0
2023-11-18T00:00:00Z,0.0
2023-11-18T01:00:00Z,0.0
2023-11-18T02:00:00Z,0.0
2023-11-18T03:00:00Z,0.0
2023-11-18T04:00:00Z,0.0
2023-11-18T05:00:00Z,4.53
2023-11-18T06:00:00Z,115.57
2023-11-18T07:00:00Z,310.67
2023-11-18T08:00:00Z,497.65
2023-11-18T09:00:00Z,717.53
2023-11-18T10:00:00Z,820.92
2023-11-18T11:00:00Z,800.85
2023-11-18T12:00:00Z,709.22
2023-11-18T13:00:00Z,585.72
2023-11-18T14:00:00Z,491.1
2023-11-18T15:00:00Z,395.25
2023-11-18T16:00:00Z,198.68
2023-11-18T17:00:00Z,42.08
2023-11-18T18:00:00Z,0.0
2023-11-18T19:00:00Z,0.0
2023-11-18T20:00:00Z,0.0
2023-11-18T21:00:00Z,0.0
2023-11-18T22:00:00Z,0.0
2023-11-18T23:00:00Z,0.0
2023-11-19T00:00:00Z,0.0
2023-11-19T01:00:00Z,0.0
2023-11-19T02:00:00Z,0.0
2023-11-19T03:00:00Z,0.0
2023-11-19T04:00:00Z,0.0
2023-11-19T05:00:00Z,7.97
2023-11-19T06:00:00Z,160.73
2023-11-19T07:00:00Z,391.73
2023-11-19T08:00:00Z,598.62
2023-11-19T09:00:00Z,743.38
2023-11-19T10:00:00Z,915.25
2023-11-19T11:00:00Z,985.97
2023-11-19T12:00:00Z,959.17
2023-11-19T13:00:00Z,871.05
2023-11-19T14:00:00Z,704.03
2023-11-19T15:00:00Z,477.45
2023-11-19T16:00:00Z,259.3
2023-11-19T17:00:00Z,64.05
2023-11-19T18:00:00Z,0.0
2023-11-19T19:00:00Z,0.0
2023-11-19T20:00:00Z,0.0
2023-11-19T21:00:00Z,0.0
2023-11-19T22:00:00Z,0.0
2023-11-19T23:00:00Z,0.0
2023-11-20T00:00:00Z,0.0
2023-11-20T01:00:00Z,0.0
2023-11-20T02:00:00Z,0.0
2023-11-20T03:00:00Z,0.0
2023-11-20T04:00:00Z,0.0
2023-11-20T05:00:00Z,6.6
2023-11-20T06:00:00Z,99.82
2023-11-20T07:00:00Z,271.75
2023-11-20T08:00:00Z,426.12
2023-11-20T09:00:00Z,582.38
2023-11-20T10:00:00Z,670.6
2023-11-20T11:00:00Z,725.47
2023-11-20T12:00:00Z,627.45
2023-11-20T13:00:00Z,324.42
2023-11-20T14:00:00Z,128.8
2023-11-20T15:00:00Z,40.7
2023-11-20T16:00:00Z,21.05
2023-11-20T17:00:00Z,4.43
2023-11-20T18:00:00Z,0.0
2023-11-20T19:00:00Z,0.0
2023-11-20T20:00:00Z,0.0
2023-11-20T21:00:00Z,0.0
2023-11-20T22:00:00Z,0.0
2023-11-20T23:00:00Z,0.0
2023-11-21T00:00:00Z,0.0
2023-11-21T01:00:00Z,0.0
2023-11-21T02:00:00Z,0.0
2023-11-21T03:00:00Z,0.0
2023-11-21T04:00:00Z,0.0
2023-11-21T05:00:00Z,4.65
2023-11-21T06:00:00Z,131.75
2023-11-21T07:00:00Z,294.58
2023-11-21T08:00:00Z,462.17
2023-11-21T09:00:00Z,638.7
2023-11-21T10:00:00Z,809.12
2023-11-21T11:00:00Z,850.25
2023-11-21T12:00:00Z,724.53
2023-11-21T13:00:00Z,647.15
2023-11-21T14:00:00Z,572.28
2023-11-21T15:00:00Z,358.23
2023-11-21T16:00:00Z,182.32
2023-11-21T17:00:00Z,41.58
2023-11-21T18:00:00Z,0.0
2023-11-21T19:00:00Z,0.0
2023-11-21T20:00:00Z,0.0
2023-11-21T21:00:00Z,0.0
2023-11-21T22:00:00Z,0.0
2023-11-21T23:00:00Z,0.0
2023-11-22T00:00:00Z,0.0
2023-11-22T01:00:00Z,0.0
2023-11-22T02:00:00Z,0.0
2023-11-22T03:00:00Z,0.0
2023-11-22T04:00:00Z,0.0
2023-11-22T05:00:00Z,7.97
2023-11-22T06:00:00Z,163.75
2023-11-22T07:00:00Z,379.45
2023-11-22T08:00:00Z,584.42
2023-11-22T09:00:00Z,789.65
2023-11-22T10:00:00Z,915.47
2023-11-22T11:00:00Z,984.7
2023-11-22T12:00:00Z,985.3
2023-11-22T13:00:00Z,828.38
2023-11-22T14:00:00Z,719.65
2023-11-22T15:00:00Z,491.92
2023-11-22T16:00:00Z,246.65
2023-11-22T17:00:00Z,64.5
2023-11-22T18:00:00Z,0.0
2023-11-22T19:00:00Z,0.0
2023-11-22T20:00:00Z,0.0
2023-11-22T21:00:00Z,0.0
2023-11-22T22:00:00Z,0.0
2023-11-22T23:00:00Z,0.0
2023-11-23T00:00:00Z,0.0
2023-11-23T01:00:00Z,0.0
2023-11-23T02:00:00Z,0.0
2023-11-23T03:00:00Z,0.0
2023-11-23T04:00:00Z,0.0
2023-11-23T05:00:00Z,7.1
2023-11-23T06:00:00Z,124.9
2023-11-23T07:00:00Z,351.0
2023-11-23T08:00:00Z,546.4
2023-11-23T09:00:00Z,715.67
2023-11-23T10:00:00Z,900.15
2023-11-23T11:00:00Z,946.45
2023-11-23T12:00:00Z,913.4
2023-11-23T13:00:00Z,825.75
2023-11-23T14:00:00Z,672.5
2023-11-23T15:00:00Z,460.02
2023-11-23T16:00:00Z,249.35
2023-11-23T17:00:00Z,58.1
2023-11-23T18:00:00Z,0.0
2023-11-23T19:00:00Z,0.0
2023-11-23T20:00:00Z,0.0
2023-11-23T21:00:00Z,0.0
2023-11-23T22:00:00Z,0.0
2023-11-23T23:00:00Z,0.0
2023-11-24T00:00:00Z,0.0
2023-11-24T01:00:00Z,0.0
2023-11-24T02:00:00Z,0.0
2023-11-24T03:00:00Z,0.0
2023-11-24T04:00:00Z,0.0
2023-11-24T05:00:00Z,6.68
2023-11-24T06:00:00Z,133.0
2023-11-24T07:00:00Z,362.33
2023-11-24T08:00:00Z,569.8
2023-11-24T09:00:00Z,770.6
2023-11-24T10:00:00Z,908.5
2023-11-24T11:00:00Z,978.9
2023-11-24T12:00:00Z,920.65
2023-11-24T13:00:00Z,860.53
2023-11-24T14:00:00Z,664.6
2023-11-24T15:00:00Z,465.33
2023-11-24T16:00:00Z,249.55
2023-11-24T17:00:00Z,56.38
2023-11-24T18:00:00Z,0.0
2023-11-24T19:00:00Z,0.0
2023-11-24T20:00:00Z,0.0
2023-11-24T21:00:00Z,0.0
2023-11-24T22:00:00Z,0.0
2023-11-24T23:00:00Z,0.0
2023-11-25T00:00:00Z,0.0
2023-11-25T01:00:00Z,0.0
2023-11-25T02:00:00Z,0.0
2023-11-25T03:00:00Z,0.0
2023-11-25T04:00:00Z,0.0
2023-11-25T05:00:00Z,6.93
2023-11-25T06:00:00Z,137.27
2023-11-25T07:00:00Z,354.85
2023-11-25T08:00:00Z,561.1
2023-11-25T09:00:00Z,769.67
2023-11-25T10:00:00Z,886.55
2023-11-25T11:00:00Z,947.75
2023-11-25T12:00:00Z,964.03
2023-11-25T13:00:00Z,840.53
2023-11-25T14:00:00Z,674.92
2023-11-25T15:00:00Z,476.0
2023-11-25T16:00:00Z,241.93
2023-11-25T17:00:00Z,54.72
2023-11-25T18:00:00Z,0.0
2023-11-25T19:00:00Z,0.0
2023-11-25T20:00:00Z,0.0
2023-11-25T21:00:00Z,0.0
2023-11-25T22:00:00Z,0.0
2023-11-25T23:00:00Z,0.0
2023-11-26T00:00:00Z,0.0
2023-11-26T01:00:00Z,0.0
2023-11-26T02:00:00Z,0.0
2023-11-26T03:00:00Z,0.0
2023-11-26T04:00:00Z,0.0
2023-11-26T05:00:00Z,6.1
2023-11-26T06:00:00Z,79.57
2023-11-26T07:00:00Z,212.18
2023-11-26T08:00:00Z,351.5
2023-11-26T09:00:00Z,472.1
2023-11-26T10:00:00Z,549.12
2023-11-26T11:00:00Z,565.08
2023-11-26T12:00:00Z,688.38
2023-11-26T13:00:00Z,675.78
2023-11-26T14:00:00Z,604.5
2023-11-26T15:00:00Z,442.3
2023-11-26T16:00:00Z,243.23
2023-11-26T17:00:00Z,59.62
2023-11-26T18:00:00Z,0.0
2023-11-26T19:00:00Z,0.0
2023-11-26T20:00:00Z,0.0
2023-11-26T21:00:00Z,0.0
2023-11-26T22:00:00Z,0.0
2023-11-26T23:00:00Z,0.0
2023-11-27T00:00:00Z,0.0
2023-11-27T01:00:00Z,0.0
2023-11-27T02:00:00Z,0.0
2023-11-27T03:00:00Z,0.0
2023-11-27T04:00:00Z,0.0
2023-11-27T05:00:00Z,6.7
2023-11-27T06:00:00Z,144.45
2023-11-27T07:00:00Z,375.1
2023-11-27T08:00:00Z,592.88
2023-11-27T09:00:00Z,788.88
2023-11-27T10:00:00Z,909.08
2023-11-27T11:00:00Z,994.8
2023-11-27T12:00:00Z,972.3
2023-11-27T13:00:00Z,844.88
2023-11-27T14:00:00Z,731.25
2023-11-27T15:00:00Z,542.78
2023-11-27T16:00:00Z,289.2
2023-11-27T17:00:00Z,73.62
2023-11-27T18:00:00Z,0.0
2023-11-27T19:00:00Z,0.0
2023-11-27T20:00:00Z,0.0
2023-11-27T21:00:00Z,0.0
2023-11-27T22:00:00Z,0.0
2023-11-27T23:00:00Z,0.0
2023-11-28T00:00:00Z,0.0
2023-11-28T01:00:00Z,0.0
2023-11-28T02:00:00Z,0.0
2023-11-28T03:00:00Z,0.0
2023-11-28T04:00:00Z,0.0
2023-11-28T05:00:00Z,5.45
2023-11-28T06:00:00Z,139.45
2023-11-28T07:00:00Z,350.5
2023-11-28T08:00:00Z,574.15
2023-11-28T09:00:00Z,785.12
2023-11-28T10:00:00Z,897.2
2023-11-28T11:00:00Z,949.4
2023-11-28T12:00:00Z,909.97
2023-11-28T13:00:00Z,868.0
2023-11-28T14:00:00Z,680.67
2023-11-28T15:00:00Z,504.05
2023-11-28T16:00:00Z,288.92
2023-11-28T17:00:00Z,70.05
2023-11-28T18:00:00Z,0.0
2023-11-28T19:00:00Z,0.0
2023-11-28T20:00:00Z,0.0
2023-11-28T21:00:00Z,0.0
2023-11-28T22:00:00Z,0.0
2023-11-28T23:00:00Z,0.0
2023-11-29T00:00:00Z,0.0
2023-11-29T01:00:00Z,0.0
2023-11-29T02:00:00Z,0.0
2023-11-29T03:00:00Z,0.0
2023-11-29T04:00:00Z,0.0
2023-11-29T05:00:00Z,6.25
2023-11-29T06:00:00Z,101.97
2023-11-29T07:00:00Z,302.83
2023-11-29T08:00:00Z,508.5
2023-11-29T09:00:00Z,711.97
2023-11-29T10:00:00Z,817.45
2023-11-29T11:00:00Z,683.03
2023-11-29T12:00:00Z,398.05
2023-11-29T13:00:00Z,227.2
2023-11-29T14:00:00Z,180.75
2023-11-29T15:00:00Z,230.12
2023-11-29T16:00:00Z,113.43
2023-11-29T17:00:00Z,27.3
2023-11-29T18:00:00Z,0.0
2023-11-29T19:00:00Z,0.0
2023-11-29T20:00:00Z,0.0
2023-11-29T21:00:00Z,0.0
2023-11-29T22:00:00Z,0.0
2023-11-29T23:00:00Z,0.0
2023-11-30T00:00:00Z,0.0
2023-11-30T01:00:00Z,0.0
2023-11-30T02:00:00Z,0.0
2023-11-30T03:00:00Z,0.0
2023-11-30T04:00:00Z,0.0
2023-11-30T05:00:00Z,5.78
2023-11-30T06:00:00Z,106.82
2023-11-30T07:00:00Z,309.55
2023-11-30T08:00:00Z,506.92
2023-11-30T09:00:00Z,691.45
2023-11-30T10:00:00Z,814.72
2023-11-30T11:00:00Z,870.7
2023-11-30T12:00:00Z,872.33
2023-11-30T13:00:00Z,779.47
2023-11-30T14:00:00Z,646.17
2023-11-30T15:00:00Z,470.42
2023-11-30T16:00:00Z,253.2
2023-11-30T17:00:00Z,59.78
2023-11-30T18:00:00Z,0.0
2023-11-30T19:00:00Z,0.0
2023-11-30T20:00:00Z,0.0
2023-11-30T21:00:00Z,0.0
2023-11-30T22:00:00Z,0.0
2023-11-30T23:00:00Z,0.0
2023-12-01T00:00:00Z,0.0
2023-12-01T01:00:00Z,0.0
2023-12-01T02:00:00Z,0.0
2023-12-01T03:00:00Z,0.0
2023-12-01T04:00:00Z,0.0
2023-12-01T05:00:00Z,5.0
2023-12-01T06:00:00Z,99.93
2023-12-01T07:00:00Z,303.4
2023-12-01T08:00:00Z,506.7
2023-12-01T09:00:00Z,681.0
2023-12-01T10:00:00Z,737.33
2023-12-01T11:00:00Z,701.88
2023-12-01T12:00:00Z,645.97
2023-12-01T13:00:00Z,561.92
2023-12-01T14:00:00Z,400.17
2023-12-01T15:00:00Z,320.52
2023-12-01T16:00:00Z,157.32
2023-12-01T17:00:00Z,33.9
2023-12-01T18:00:00Z,0.0
2023-12-01T19:00:00Z,0.0
2023-12-01T20:00:00Z,0.0
2023-12-01T21:00:00Z,0.0
2023-12-01T22:00:00Z,0.0
2023-12-01T23:00:00Z,0.0
2023-12-02T00:00:00Z,0.0
2023-12-02T01:00:00Z,0.0
2023-12-02T02:00:00Z,0.0
2023-12-02T03:00:00Z,0.0
2023-12-02T04:00:00Z,0.0
2023-12-02T05:00:00Z,2.47
2023-12-02T06:00:00Z,50.53
2023-12-02T07:00:00Z,152.88
2023-12-02T08:00:00Z,267.27
2023-12-02T09:00:00Z,357.4
2023-12-02T10:00:00Z,358.08
2023-12-02T11:00:00Z,341.62
2023-12-02T12:00:00Z,290.02
2023-12-02T13:00:00Z,234.05
2023-12-02T14:00:00Z,141.12
2023-12-02T15:00:00Z,114.15
2023-12-02T16:00:00Z,80.35
2023-12-02T17:00:00Z,20.9
2023-12-02T18:00:00Z,0.0
2023-12-02T19:00:00Z,0.0
2023-12-02T20:00:00Z,0.0
2023-12-02T21:00:00Z,0.0
2023-12-02T22:00:00Z,0.0
2023-12-02T23:00:00Z,0.0
2023-12-03T00:00:00Z,0.0
2023-12-03T01:00:00Z,0.0
2023-12-03T02:00:00Z,0.0
2023-12-03T03:00:00Z,0.0
2023-12-03T04:00:00Z,0.0
2023-12-03T05:00:00Z,4.9
2023-12-03T06:00:00Z,113.7
2023-12-03T07:00:00Z,319.62
2023-12-03T08:00:00Z,501.92
2023-12-03T09:00:00Z,687.95
2023-12-03T10:00:00Z,842.3
2023-12-03T11:00:00Z,912.38
2023-12-03T12:00:00Z,902.5
2023-12-03T13:00:00Z,818.58
2023-12-03T14:00:00Z,669.72
2023-12-03T15:00:00Z,438.4
2023-12-03T16:00:00Z,228.5
2023-12-03T17:00:00Z,62.15
2023-12-03T18:00:00Z,0.0
2023-12-03T19:00:00Z,0.0
2023-12-03T20:00:00Z,0.0
2023-12-03T21:00:00Z,0.0
2023-12-03T22:00:00Z,0.0
2023-12-03T23:00:00Z,0.0
2023-12-04T00:00:00Z,0.0
2023-12-04T01:00:00Z,0.0
2023-12-04T02:00:00Z,0.0
2023-12-04T03:00:00Z,0.0
2023-12-04T04:00:00Z,0.0
2023-12-04T05:00:00Z,4.97
2023-12-04T06:00:00Z,138.0
2023-12-04T07:00:00Z,359.5
2023-12-04T08:00:00Z,542.97
2023-12-04T09:00:00Z,724.28
2023-12-04T10:00:00Z,833.22
2023-12-04T11:00:00Z,924.88
2023-12-04T12:00:00Z,958.03
2023-12-04T13:00:00Z,868.47
2023-12-04T14:00:00Z,696.6
2023-12-04T15:00:00Z,511.42
2023-12-04T16:00:00Z,291.05
2023-12-04T17:00:00Z,73.78
2023-12-04T18:00:00Z,0.0
2023-12-04T19:00:00Z,0.0
2023-12-04T20:00:00Z,0.0
2023-12-04T21:00:00Z,0.0
2023-12-04T22:00:00Z,0.0
2023-12-04T23:00:00Z,0.0
2023-12-05T00:00:00Z,0.0
2023-12-05T01:00:00Z,0.0
2023-12-05T02:00:00Z,0.0
2023-12-05T03:00:00Z,0.0
2023-12-05T04:00:00Z,0.0
2023-12-05T05:00:00Z,5.72
2023-12-05T06:00:00Z,138.07
2023-12-05T07:00:00Z,377.12
2023-12-05T08:00:00Z,602.0
2023-12-05T09:00:00Z,793.72
2023-12-05T10:00:00Z,916.65
2023-12-05T11:00:00Z,978.72
2023-12-05T12:00:00Z,924.7
2023-12-05T13:00:00Z,862.3
2023-12-05T14:00:00Z,742.88
2023-12-05T15:00:00Z,529.62
2023-12-05T16:00:00Z,285.55
2023-12-05T17:00:00Z,79.05
2023-12-05T18:00:00Z,0.0
2023-12-05T19:00:00Z,0.0
2023-12-05T20:00:00Z,0.0
2023-12-05T21:00:00Z,0.0
2023-12-05T22:00:00Z,0.0
2023-12-05T23:00:00Z,0.0
2023-12-06T00:00:00Z,0.0
2023-12-06T01:00:00Z,0.0
2023-12-06T02:00:00Z,0.0
2023-12-06T03:00:00Z,0.0
2023-12-06T04:00:00Z,0.0
2023-12-06T05:00:00Z,4.43
2023-12-06T06:00:00Z,130.2
2023-12-06T07:00:00Z,350.52
2023-12-06T08:00:00Z,570.03
2023-12-06T09:00:00Z,726.08
2023-12-06T10:00:00Z,863.33
2023-12-06T11:00:00Z,908.55
2023-12-06T12:00:00Z,968.25
2023-12-06T13:00:00Z,853.35
2023-12-06T14:00:00Z,680.33
2023-12-06T15:00:00Z,504.33
2023-12-06T16:00:00Z,257.83
2023-12-06T17:00:00Z,72.88
2023-12-06T18:00:00Z,0.0
2023-12-06T19:00:00Z,0.0
2023-12-06T20:00:00Z,0.0
2023-12-06T21:00:00Z,0.0
2023-12-06T22:00:00Z,0.0
2023-12-06T23:00:00Z,0.0
2023-12-07T00:00:00Z,0.0
2023-12-07T01:00:00Z,0.0
2023-12-07T02:00:00Z,0.0
2023-12-07T03:00:00Z,0.0
2023-12-07T04:00:00Z,0.0
2023-12-07T05:00:00Z,5.1
2023-12-07T06:00:00Z,117.65
2023-12-07T07:00:00Z,298.35
2023-12-07T08:00:00Z,533.53
2023-12-07T09:00:00Z,690.1
2023-12-07T10:00:00Z,853.65
2023-12-07T11:00:00Z,850.47
2023-12-07T12:00:00Z,854.8
2023-12-07T13:00:00Z,750.88
2023-12-07T14:00:00Z,553.6
2023-12-07T15:00:00Z,437.8
2023-12-07T16:00:00Z,243.4
2023-12-07T17:00:00Z,71.72
2023-12-07T18:00:00Z,0.0
2023-12-07T19:00:00Z,0.0
2023-12-07T20:00:00Z,0.0
2023-12-07T21:00:00Z,0.0
2023-12-07T22:00:00Z,0.0
2023-12-07T23:00:00Z,0.0
2023-12-08T00:00:00Z,0.0
2023-12-08T01:00:00Z,0.0
2023-12-08T02:00:00Z,0.0
2023-12-08T03:00:00Z,0.0
2023-12-08T04:00:00Z,0.0
2023-12-08T05:00:00Z,4.12
2023-12-08T06:00:00Z,124.43
2023-12-08T07:00:00Z,314.85
2023-12-08T08:00:00Z,468.2
2023-12-08T09:00:00Z,632.08
2023-12-08T10:00:00Z,799.08
2023-12-08T11:00:00Z,961.45
2023-12-08T12:00:00Z,947.83
2023-12-08T13:00:00Z,861.12
2023-12-08T14:00:00Z,668.62
2023-12-08T15:00:00Z,450.58
2023-12-08T16:00:00Z,255.62
2023-12-08T17:00:00Z,68.7
2023-12-08T18:00:00Z,0.0
2023-12-08T19:00:00Z,0.0
2023-12-08T20:00:00Z,0.0
2023-12-08T21:00:00Z,0.0
2023-12-08T22:00:00Z,0.0
2023-12-08T23:00:00Z,0.0
2023-12-09T00:00:00Z,0.0
2023-12-09T01:00:00Z,0.0
2023-12-09T02:00:00Z,0.0
2023-12-09T03:00:00Z,0.0
2023-12-09T04:00:00Z,0.0
2023-12-09T05:00:00Z,4.25
2023-12-09T06:00:00Z,129.52
2023-12-09T07:00:00Z,348.73
2023-12-09T08:00:00Z,555.03
2023-12-09T09:00:00Z,735.85
2023-12-09T10:00:00Z,861.7
2023-12-09T11:00:00Z,985.75
2023-12-09T12:00:00Z,958.35
2023-12-09T13:00:00Z,886.33
2023-12-09T14:00:00Z,700.3
2023-12-09T15:00:00Z,499.9
2023-12-09T16:00:00Z,261.9
2023-12-09T17:00:00Z,87.5
2023-12-09T18:00:00Z,0.0
2023-12-09T19:00:00Z,0.0
2023-12-09T20:00:00Z,0.0
2023-12-09T21:00:00Z,0.0
2023-12-09T22:00:00Z,0.0
2023-12-09T23:00:00Z,0.0
2023-12-10T00:00:00Z,0.0
2023-12-10T01:00:00Z,0.0
2023-12-10T02:00:00Z,0.0
2023-12-10T03:00:00Z,0.0
2023-12-10T04:00:00Z,0.0
2023-12-10T05:00:00Z,3.17
2023-12-10T06:00:00Z,78.6
2023-12-10T07:00:00Z,224.1
2023-12-10T08:00:00Z,409.17
2023-12-10T09:00:00Z,565.92
2023-12-10T10:00:00Z,687.4
2023-12-10T11:00:00Z,726.12
2023-12-10T12:00:00Z,714.95
2023-12-10T13:00:00Z,639.92
2023-12-10T14:00:00Z,504.6
2023-12-10T15:00:00Z,355.08
2023-12-10T16:00:00Z,188.1
2023-12-10T17:00:00Z,51.65
2023-12-10T18:00:00Z,0.0
2023-12-10T19:00:00Z,0.0
2023-12-10T20:00:00Z,0.0
2023-12-10T21:00:00Z,0.0
2023-12-10T22:00:00Z,0.0
2023-12-10T23:00:00Z,0.0
2023-12-11T00:00:00Z,0.0
2023-12-11T01:00:00Z,0.0
2023-12-11T02:00:00Z,0.0
2023-12-11T03:00:00Z,0.0
2023-12-11T04:00:00Z,0.0
2023-12-11T05:00:00Z,4.03
2023-12-11T06:00:00Z,112.88
2023-12-11T07:00:00Z,327.65
2023-12-11T08:00:00Z,514.97
2023-12-11T09:00:00Z,700.4
2023-12-11T10:00:00Z,762.95
2023-12-11T11:00:00Z,922.28
2023-12-11T12:00:00Z,972.03
2023-12-11T13:00:00Z,833.85
2023-12-11T14:00:00Z,655.67
2023-12-11T15:00:00Z,472.1
2023-12-11T16:00:00Z,269.25
2023-12-11T17:00:00Z,78.22
2023-12-11T18:00:00Z,0.0
2023-12-11T19:00:00Z,0.0
2023-12-11T20:00:00Z,0.0
2023-12-11T21:00:00Z,0.0
2023-12-11T22:00:00Z,0.0
2023-12-11T23:00:00Z,0.0
2023-12-12T00:00:00Z,0.0
2023-12-12T01:00:00Z,0.0
2023-12-12T02:00:00Z,0.0
2023-12-12T03:00:00Z,0.0
2023-12-12T04:00:00Z,0.0
2023-12-12T05:00:00Z,3.1
2023-12-12T06:00:00Z,113.22
2023-12-12T07:00:00Z,299.1
2023-12-12T08:00:00Z,485.95
2023-12-12T09:00:00Z,679.55
2023-12-12T10:00:00Z,815.38
2023-12-12T11:00:00Z,844.83
2023-12-12T12:00:00Z,806.55
2023-12-12T13:00:00Z,704.53
2023-12-12T14:00:00Z,616.38
2023-12-12T15:00:00Z,467.48
2023-12-12T16:00:00Z,255.0
2023-12-12T17:00:00Z,78.45
2023-12-12T18:00:00Z,0.0
2023-12-12T19:00:00Z,0.0
2023-12-12T20:00:00Z,0.0
2023-12-12T21:00:00Z,0.0
2023-12-12T22:00:00Z,0.0
2023-12-12T23:00:00Z,0.0
2023-12-13T00:00:00Z,0.0
2023-12-13T01:00:00Z,0.0
2023-12-13T02:00:00Z,0.0
2023-12-13T03:00:00Z,0.0
2023-12-13T04:00:00Z,0.0
2023-12-13T05:00:00Z,3.08
2023-12-13T06:00:00Z,79.97
2023-12-13T07:00:00Z,188.52
2023-12-13T08:00:00Z,197.7
2023-12-13T09:00:00Z,298.08
2023-12-13T10:00:00Z,393.08
2023-12-13T11:00:00Z,362.75
2023-12-13T12:00:00Z,505.02
2023-12-13T13:00:00Z,335.17
2023-12-13T14:00:00Z,137.48
2023-12-13T15:00:00Z,47.17
2023-12-13T16:00:00Z,28.52
2023-12-13T17:00:00Z,9.62
2023-12-13T18:00:00Z,0.0
2023-12-13T19:00:00Z,0.0
2023-12-13T20:00:00Z,0.0
2023-12-13T21:00:00Z,0.0
2023-12-13T22:00:00Z,0.0
2023-12-13T23:00:00Z,0.0
2023-12-14T00:00:00Z,0.0
2023-12-14T01:00:00Z,0.0
2023-12-14T02:00:00Z,0.0
2023-12-14T03:00:00Z,0.0
2023-12-14T04:00:00Z,0.0
2023-12-14T05:00:00Z,1.45
2023-12-14T06:00:00Z,38.25
2023-12-14T07:00:00Z,58.85
2023-12-14T08:00:00Z,178.35
2023-12-14T09:00:00Z,280.15
2023-12-14T10:00:00Z,317.42
2023-12-14T11:00:00Z,227.1
2023-12-14T12:00:00Z,214.9
2023-12-14T13:00:00Z,198.8
2023-12-14T14:00:00Z,291.58
2023-12-14T15:00:00Z,238.43
2023-12-14T16:00:00Z,135.15
2023-12-14T17:00:00Z,47.9
2023-12-14T18:00:00Z,0.0
2023-12-14T19:00:00Z,0.0
2023-12-14T20:00:00Z,0.0
2023-12-14T21:00:00Z,0.0
2023-12-14T22:00:00Z,0.0
2023-12-14T23:00:00Z,0.0
2023-12-15T00:00:00Z,0.0
2023-12-15T01:00:00Z,0.0
2023-12-15T02:00:00Z,0.0
2023-12-15T03:00:00Z,0.0
2023-12-15T04:00:00Z,0.0
2023-12-15T05:00:00Z,3.47
2023-12-15T06:00:00Z,77.65
2023-12-15T07:00:00Z,230.15
2023-12-15T08:00:00Z,419.0
2023-12-15T09:00:00Z,583.8
2023-12-15T10:00:00Z,727.28
2023-12-15T11:00:00Z,764.22
2023-12-15T12:00:00Z,761.97
2023-12-15T13:00:00Z,670.8
2023-12-15T14:00:00Z,617.65
2023-12-15T15:00:00Z,482.1
2023-12-15T16:00:00Z,262.0
2023-12-15T17:00:00Z,90.88
2023-12-15T18:00:00Z,0.0
2023-12-15T19:00:00Z,0.0
2023-12-15T20:00:00Z,0.0
2023-12-15T21:00:00Z,0.0
2023-12-15T22:00:00Z,0.0
2023-12-15T23:00:00Z,0.0
2023-12-16T00:00:00Z,0.0
2023-12-16T01:00:00Z,0.0
2023-12-16T02:00:00Z,0.0
2023-12-16T03:00:00Z,0.0
2023-12-16T04:00:00Z,0.0
2023-12-16T05:00:00Z,3.0
2023-12-16T06:00:00Z,90.88
2023-12-16T07:00:00Z,278.2
2023-12-16T08:00:00Z,482.35
2023-12-16T09:00:00Z,668.4
2023-12-16T10:00:00Z,799.0
2023-12-16T11:00:00Z,849.78
2023-12-16T12:00:00Z,868.35
2023-12-16T13:00:00Z,622.62
2023-12-16T14:00:00Z,442.75
2023-12-16T15:00:00Z,322.4
2023-12-16T16:00:00Z,162.05
2023-12-16T17:00:00Z,52.6
2023-12-16T18:00:00Z,0.0
2023-12-16T19:00:00Z,0.0
2023-12-16T20:00:00Z,0.0
2023-12-16T21:00:00Z,0.0
2023-12-16T22:00:00Z,0.0
2023-12-16T23:00:00Z,0.0
2023-12-17T00:00:00Z,0.0
2023-12-17T01:00:00Z,0.0
2023-12-17T02:00:00Z,0.0
2023-12-17T03:00:00Z,0.0
2023-12-17T04:00:00Z,0.0
2023-12-17T05:00:00Z,0.0
2023-12-17T06:00:00Z,112.72
2023-12-17T07:00:00Z,324.33
2023-12-17T08:00:00Z,561.4
2023-12-17T09:00:00Z,754.65
2023-12-17T10:00:00Z,836.15
2023-12-17T11:00:00Z,900.55
2023-12-17T12:00:00Z,940.6
2023-12-17T13:00:00Z,856.72
2023-12-17T14:00:00Z,743.08
2023-12-17T15:00:00Z,519.67
2023-12-17T16:00:00Z,305.02
2023-12-17T17:00:00Z,101.07
2023-12-17T18:00:00Z,0.0
2023-12-17T19:00:00Z,0.0
2023-12-17T20:00:00Z,0.0
2023-12-17T21:00:00Z,0.0
2023-12-17T22:00:00Z,0.0
2023-12-17T23:00:00Z,0.0
2023-12-18T00:00:00Z,0.0
2023-12-18T01:00:00Z,0.0
2023-12-18T02:00:00Z,0.0
2023-12-18T03:00:00Z,0.0
2023-12-18T04:00:00Z,0.0
2023-12-18T05:00:00Z,0.0
2023-12-18T06:00:00Z,132.85
2023-12-18T07:00:00Z,354.4
2023-12-18T08:00:00Z,582.25
2023-12-18T09:00:00Z,771.58
2023-12-18T10:00:00Z,903.75
2023-12-18T11:00:00Z,946.22
2023-12-18T12:00:00Z,907.53
2023-12-18T13:00:00Z,856.0
2023-12-18T14:00:00Z,622.97
2023-12-18T15:00:00Z,512.22
2023-12-18T16:00:00Z,299.25
2023-12-18T17:00:00Z,103.2
2023-12-18T18:00:00Z,0.0
2023-12-18T19:00:00Z,0.0
2023-12-18T20:00:00Z,0.0
2023-12-18T21:00:00Z,0.0
2023-12-18T22:00:00Z,0.0
2023-12-18T23:00:00Z,0.0
2023-12-19T00:00:00Z,0.0
2023-12-19T01:00:00Z,0.0
2023-12-19T02:00:00Z,0.0
2023-12-19T03:00:00Z,0.0
2023-12-19T04:00:00Z,0.0
2023-12-19T05:00:00Z,0.0
2023-12-19T06:00:00Z,109.93
2023-12-19T07:00:00Z,308.62
2023-12-19T08:00:00Z,516.62
2023-12-19T09:00:00Z,695.12
2023-12-19T10:00:00Z,813.08
2023-12-19T11:00:00Z,777.38
2023-12-19T12:00:00Z,724.53
2023-12-19T13:00:00Z,658.95
2023-12-19T14:00:00Z,581.33
2023-12-19T15:00:00Z,411.33
2023-12-19T16:00:00Z,236.12
2023-12-19T17:00:00Z,87.57
2023-12-19T18:00:00Z,0.0
2023-12-19T19:00:00Z,0.0
2023-12-19T20:00:00Z,0.0
2023-12-19T21:00:00Z,0.0
2023-12-19T22:00:00Z,0.0
2023-12-19T23:00:00Z,0.0
2023-12-20T00:00:00Z,0.0
2023-12-20T01:00:00Z,0.0
2023-12-20T02:00:00Z,0.0
2023-12-20T03:00:00Z,0.0
2023-12-20T04:00:00Z,0.0
2023-12-20T05:00:00Z,0.0
2023-12-20T06:00:00Z,95.05
2023-12-20T07:00:00Z,255.73
2023-12-20T08:00:00Z,401.3
2023-12-20T09:00:00Z,627.35
2023-12-20T10:00:00Z,688.83
2023-12-20T11:00:00Z,820.35
2023-12-20T12:00:00Z,812.58
2023-12-20T13:00:00Z,728.95
2023-12-20T14:00:00Z,623.92
2023-12-20T15:00:00Z,443.25
2023-12-20T16:00:00Z,245.95
2023-12-20T17:00:00Z,77.7
2023-12-20T18:00:00Z,0.0
2023-12-20T19:00:00Z,0.0
2023-12-20T20:00:00Z,0.0
2023-12-20T21:00:00Z,0.0
2023-12-20T22:00:00Z,0.0
2023-12-20T23:00:00Z,0.0
2023-12-21T00:00:00Z,0.0
2023-12-21T01:00:00Z,0.0
2023-12-21T02:00:00Z,0.0
2023-12-21T03:00:00Z,0.0
2023-12-21T04:00:00Z,0.0
2023-12-21T05:00:00Z,0.0
2023-12-21T06:00:00Z,122.8
2023-12-21T07:00:00Z,337.6
2023-12-21T08:00:00Z,581.1
2023-12-21T09:00:00Z,749.2
2023-12-21T10:00:00Z,868.65
2023-12-21T11:00:00Z,960.83
2023-12-21T12:00:00Z,938.33
2023-12-21T13:00:00Z,895.7
2023-12-21T14:00:00Z,738.3
2023-12-21T15:00:00Z,521.3
2023-12-21T16:00:00Z,258.95
2023-12-21T17:00:00Z,93.57
2023-12-21T18:00:00Z,0.0
2023-12-21T19:00:00Z,0.0
2023-12-21T20:00:00Z,0.0
2023-12-21T21:00:00Z,0.0
2023-12-21T22:00:00Z,0.0
2023-12-21T23:00:00Z,0.0
2023-12-22T00:00:00Z,0.0
2023-12-22T01:00:00Z,0.0
2023-12-22T02:00:00Z,0.0
2023-12-22T03:00:00Z,0.0
2023-12-22T04:00:00Z,0.0
2023-12-22T05:00:00Z,0.0
2023-12-22T06:00:00Z,133.2
2023-12-22T07:00:00Z,369.3
2023-12-22T08:00:00Z,596.1
2023-12-22T09:00:00Z,787.08
2023-12-22T10:00:00Z,916.03
2023-12-22T11:00:00Z,972.62
2023-12-22T12:00:00Z,967.4
2023-12-22T13:00:00Z,824.12
2023-12-22T14:00:00Z,663.33
2023-12-22T15:00:00Z,459.5
2023-12-22T16:00:00Z,269.7
2023-12-22T17:00:00Z,98.6
2023-12-22T18:00:00Z,0.0
2023-12-22T19:00:00Z,0.0
2023-12-22T20:00:00Z,0.0
2023-12-22T21:00:00Z,0.0
2023-12-22T22:00:00Z,0.0
2023-12-22T23:00:00Z,0.0
2023-12-23T00:00:00Z,0.0
2023-12-23T01:00:00Z,0.0
2023-12-23T02:00:00Z,0.0
2023-12-23T03:00:00Z,0.0
2023-12-23T04:00:00Z,0.0
2023-12-23T05:00:00Z,0.0
2023-12-23T06:00:00Z,22.4
2023-12-23T07:00:00Z,47.08
2023-12-23T08:00:00Z,63.2
2023-12-23T09:00:00Z,92.38
2023-12-23T10:00:00Z,127.12
2023-12-23T11:00:00Z,321.2
2023-12-23T12:00:00Z,421.95
2023-12-23T13:00:00Z,510.92
2023-12-23T14:00:00Z,381.33
2023-12-23T15:00:00Z,405.92
2023-12-23T16:00:00Z,242.98
2023-12-23T17:00:00Z,85.28
2023-12-23T18:00:00Z,0.0
2023-12-23T19:00:00Z,0.0
2023-12-23T20:00:00Z,0.0
2023-12-23T21:00:00Z,0.0
2023-12-23T22:00:00Z,0.0
2023-12-23T23:00:00Z,0.0
2023-12-24T00:00:00Z,0.0
2023-12-24T01:00:00Z,0.0
2023-12-24T02:00:00Z,0.0
2023-12-24T03:00:00Z,0.0
2023-12-24T04:00:00Z,0.0
2023-12-24T05:00:00Z,0.0
2023-12-24T06:00:00Z,100.93
2023-12-24T07:00:00Z,252.3
2023-12-24T08:00:00Z,438.35
2023-12-24T09:00:00Z,644.58
2023-12-24T10:00:00Z,767.62
2023-12-24T11:00:00Z,828.45
2023-12-24T12:00:00Z,821.58
2023-12-24T13:00:00Z,744.83
2023-12-24T14:00:00Z,449.42
2023-12-24T15:00:00Z,311.62
2023-12-24T16:00:00Z,165.45
2023-12-24T17:00:00Z,65.03
2023-12-24T18:00:00Z,0.0
2023-12-24T19:00:00Z,0.0
2023-12-24T20:00:00Z,0.0
2023-12-24T21:00:00Z,0.0
2023-12-24T22:00:00Z,0.0
2023-12-24T23:00:00Z,0.0
2023-12-25T00:00:00Z,0.0
2023-12-25T01:00:00Z,0.0
2023-12-25T02:00:00Z,0.0
2023-12-25T03:00:00Z,0.0
2023-12-25T04:00:00Z,0.0
2023-12-25T05:00:00Z,0.0
2023-12-25T06:00:00Z,80.2
2023-12-25T07:00:00Z,229.25
2023-12-25T08:00:00Z,370.48
2023-12-25T09:00:00Z,623.2
2023-12-25T10:00:00Z,758.53
2023-12-25T11:00:00Z,793.25
2023-12-25T12:00:00Z,779.33
2023-12-25T13:00:00Z,766.7
2023-12-25T14:00:00Z,624.5
2023-12-25T15:00:00Z,458.6
2023-12-25T16:00:00Z,262.65
2023-12-25T17:00:00Z,95.75
2023-12-25T18:00:00Z,0.0
2023-12-25T19:00:00Z,0.0
2023-12-25T20:00:00Z,0.0
2023-12-25T21:00:00Z,0.0
2023-12-25T22:00:00Z,0.0
2023-12-25T23:00:00Z,0.0
2023-12-26T00:00:00Z,0.0
2023-12-26T01:00:00Z,0.0
2023-12-26T02:00:00Z,0.0
2023-12-26T03:00:00Z,0.0
2023-12-26T04:00:00Z,0.0
2023-12-26T05:00:00Z,0.0
2023-12-26T06:00:00Z,55.15
2023-12-26T07:00:00Z,159.85
2023-12-26T08:00:00Z,225.32
2023-12-26T09:00:00Z,361.0
2023-12-26T10:00:00Z,457.3
2023-12-26T11:00:00Z,578.9
2023-12-26T12:00:00Z,508.58
2023-12-26T13:00:00Z,518.33
2023-12-26T14:00:00Z,426.2
2023-12-26T15:00:00Z,304.0
2023-12-26T16:00:00Z,114.62
2023-12-26T17:00:00Z,55.85
2023-12-26T18:00:00Z,0.0
2023-12-26T19:00:00Z,0.0
2023-12-26T20:00:00Z,0.0
2023-12-26T21:00:00Z,0.0
2023-12-26T22:00:00Z,0.0
2023-12-26T23:00:00Z,0.0
2023-12-27T00:00:00Z,0.0
2023-12-27T01:00:00Z,0.0
2023-12-27T02:00:00Z,0.0
2023-12-27T03:00:00Z,0.0
2023-12-27T04:00:00Z,0.0
2023-12-27T05:00:00Z,0.0
2023-12-27T06:00:00Z,86.22
2023-12-27T07:00:00Z,248.02
2023-12-27T08:00:00Z,426.55
2023-12-27T09:00:00Z,639.2
2023-12-27T10:00:00Z,778.03
2023-12-27T11:00:00Z,797.75
2023-12-27T12:00:00Z,886.5
2023-12-27T13:00:00Z,747.6
2023-12-27T14:00:00Z,515.8
2023-12-27T15:00:00Z,320.58
2023-12-27T16:00:00Z,189.75
2023-12-27T17:00:00Z,74.55
2023-12-27T18:00:00Z,2.22
2023-12-27T19:00:00Z,0.0
2023-12-27T20:00:00Z,0.0
2023-12-27T21:00:00Z,0.0
2023-12-27T22:00:00Z,0.0
2023-12-27T23:00:00Z,0.0
2023-12-28T00:00:00Z,0.0
2023-12-28T01:00:00Z,0.0
2023-12-28T02:00:00Z,0.0
2023-12-28T03:00:00Z,0.0
2023-12-28T04:00:00Z,0.0
2023-12-28T05:00:00Z,0.0
2023-12-28T06:00:00Z,110.03
2023-12-28T07:00:00Z,340.1
2023-12-28T08:00:00Z,568.47
2023-12-28T09:00:00Z,762.03
2023-12-28T10:00:00Z,873.47
2023-12-28T11:00:00Z,812.7
2023-12-28T12:00:00Z,929.45
2023-12-28T13:00:00Z,811.85
2023-12-28T14:00:00Z,697.9
2023-12-28T15:00:00Z,504.77
2023-12-28T16:00:00Z,298.17
2023-12-28T17:00:00Z,100.53
2023-12-28T18:00:00Z,3.72
2023-12-28T19:00:00Z,0.0
2023-12-28T20:00:00Z,0.0
2023-12-28T21:00:00Z,0.0
2023-12-28T22:00:00Z,0.0
2023-12-28T23:00:00Z,0.0
2023-12-29T00:00:00Z,0.0
2023-12-29T01:00:00Z,0.0
2023-12-29T02:00:00Z,0.0
2023-12-29T03:00:00Z,0.0
2023-12-29T04:00:00Z,0.0
2023-12-29T05:00:00Z,0.0
2023-12-29T06:00:00Z,111.85
2023-12-29T07:00:00Z,335.17
2023-12-29T08:00:00Z,550.72
2023-12-29T09:00:00Z,734.67
2023-12-29T10:00:00Z,826.25
2023-12-29T11:00:00Z,806.58
2023-12-29T12:00:00Z,830.35
2023-12-29T13:00:00Z,862.65
2023-12-29T14:00:00Z,728.8
2023-12-29T15:00:00Z,560.1
2023-12-29T16:00:00Z,333.25
2023-12-29T17:00:00Z,106.3
2023-12-29T18:00:00Z,3.58
2023-12-29T19:00:00Z,0.0
2023-12-29T20:00:00Z,0.0
2023-12-29T21:00:00Z,0.0
2023-12-29T22:00:00Z,0.0
2023-12-29T23:00:00Z,0.0
2023-12-30T00:00:00Z,0.0
2023-12-30T01:00:00Z,0.0
2023-12-30T02:00:00Z,0.0
2023-12-30T03:00:00Z,0.0
2023-12-30T04:00:00Z,0.0
2023-12-30T05:00:00Z,0.0
2023-12-30T06:00:00Z,54.83
2023-12-30T07:00:00Z,131.85
2023-12-30T08:00:00Z,256.95
2023-12-30T09:00:00Z,374.67
2023-12-30T10:00:00Z,503.98
2023-12-30T11:00:00Z,602.78
2023-12-30T12:00:00Z,555.92
2023-12-30T13:00:00Z,586.47
2023-12-30T14:00:00Z,448.48
2023-12-30T15:00:00Z,329.3
2023-12-30T16:00:00Z,216.8
2023-12-30T17:00:00Z,84.68
2023-12-30T18:00:00Z,3.28
2023-12-30T19:00:00Z,0.0
2023-12-30T20:00:00Z,0.0
2023-12-30T21:00:00Z,0.0
2023-12-30T22:00:00Z,0.0
2023-12-30T23:00:00Z,0.0
2023-12-31T00:00:00Z,0.0
2023-12-31T01:00:00Z,0.0
2023-12-31T02:00:00Z,0.0
2023-12-31T03:00:00Z,0.0
2023-12-31T04:00:00Z,0.0
2023-12-31T05:00:00Z,0.0
2023-12-31T06:00:00Z,98.53
2023-12-31T07:00:00Z,306.75
2023-12-31T08:00:00Z,521.85
2023-12-31T09:00:00Z,732.88
2023-12-31T10:00:00Z,866.95
2023-12-31T11:00:00Z,935.83
2023-12-31T12:00:00Z,899.7
2023-12-31T13:00:00Z,900.03
2023-12-31T14:00:00Z,691.12
2023-12-31T15:00:00Z,525.95
2023-12-31T16:00:00Z,318.67
2023-12-31T17:00:00Z,109.47
2023-12-31T18:00:00Z,4.4
2023-12-31T19:00:00Z,0.0
2023-12-31T20:00:00Z,0.0
2023-12-31T21:00:00Z,0.0
2023-12-31T22:00:00Z,0.0
2023-12-31T23:00:00Z,0.0
2024-01-01T00:00:00Z,0.0
2024-01-01T01:00:00Z,0.0
2024-01-01T02:00:00Z,0.0
2024-01-01T03:00:00Z,0.0
2024-01-01T04:00:00Z,0.0
2024-01-01T05:00:00Z,0.0
2024-01-01T06:00:00Z,82.95
2024-01-01T07:00:00Z,286.92
2024-01-01T08:00:00Z,511.33
2024-01-01T09:00:00Z,689.88
2024-01-01T10:00:00Z,799.03
2024-01-01T11:00:00Z,890.53
2024-01-01T12:00:00Z,942.47
2024-01-01T13:00:00Z,792.58
2024-01-01T14:00:00Z,679.9
2024-01-01T15:00:00Z,522.88
2024-01-01T16:00:00Z,316.27
2024-01-01T17:00:00Z,101.1
2024-01-01T18:00:00Z,4.1
2024-01-01T19:00:00Z,0.0
2024-01-01T20:00:00Z,0.0
2024-01-01T21:00:00Z,0.0
2024-01-01T22:00:00Z,0.0
2024-01-01T23:00:00Z,0.0
2024-01-02T00:00:00Z,0.0
2024-01-02T01:00:00Z,0.0
2024-01-02T02:00:00Z,0.0
2024-01-02T03:00:00Z,0.0
2024-01-02T04:00:00Z,0.0
2024-01-02T05:00:00Z,0.0
2024-01-02T06:00:00Z,90.4
2024-01-02T07:00:00Z,311.65
2024-01-02T08:00:00Z,544.15
2024-01-02T09:00:00Z,736.4
2024-01-02T10:00:00Z,882.22
2024-01-02T11:00:00Z,965.15
2024-01-02T12:00:00Z,932.25
2024-01-02T13:00:00Z,814.92
2024-01-02T14:00:00Z,693.05
2024-01-02T15:00:00Z,548.2
2024-01-02T16:00:00Z,332.25
2024-01-02T17:00:00Z,115.2
2024-01-02T18:00:00Z,4.43
2024-01-02T19:00:00Z,0.0
2024-01-02T20:00:00Z,0.0
2024-01-02T21:00:00Z,0.0
2024-01-02T22:00:00Z,0.0
2024-01-02T23:00:00Z,0.0
2024-01-03T00:00:00Z,0.0
2024-01-03T01:00:00Z,0.0
2024-01-03T02:00:00Z,0.0
2024-01-03T03:00:00Z,0.0
2024-01-03T04:00:00Z,0.0
2024-01-03T05:00:00Z,0.0
2024-01-03T06:00:00Z,80.03
2024-01-03T07:00:00Z,300.33
2024-01-03T08:00:00Z,539.15
2024-01-03T09:00:00Z,737.88
2024-01-03T10:00:00Z,882.67
2024-01-03T11:00:00Z,972.62
2024-01-03T12:00:00Z,976.6
2024-01-03T13:00:00Z,895.3
2024-01-03T14:00:00Z,768.83
2024-01-03T15:00:00Z,560.75
2024-01-03T16:00:00Z,313.67
2024-01-03T17:00:00Z,123.22
2024-01-03T18:00:00Z,4.93
2024-01-03T19:00:00Z,0.0
2024-01-03T20:00:00Z,0.0
2024-01-03T21:00:00Z,0.0
2024-01-03T22:00:00Z,0.0
2024-01-03T23:00:00Z,0.0
2024-01-04T00:00:00Z,0.0
2024-01-04T01:00:00Z,0.0
2024-01-04T02:00:00Z,0.0
2024-01-04T03:00:00Z,0.0
2024-01-04T04:00:00Z,0.0
2024-01-04T05:00:00Z,0.0
2024-01-04T06:00:00Z,79.53
2024-01-04T07:00:00Z,232.8
2024-01-04T08:00:00Z,403.73
2024-01-04T09:00:00Z,606.55
2024-01-04T10:00:00Z,742.5
2024-01-04T11:00:00Z,797.12
2024-01-04T12:00:00Z,805.1
2024-01-04T13:00:00Z,634.05
2024-01-04T14:00:00Z,512.65
2024-01-04T15:00:00Z,343.33
2024-01-04T16:00:00Z,207.85
2024-01-04T17:00:00Z,79.93
2024-01-04T18:00:00Z,4.0
2024-01-04T19:00:00Z,0.0
2024-01-04T20:00:00Z,0.0
2024-01-04T21:00:00Z,0.0
2024-01-04T22:00:00Z,0.0
2024-01-04T23:00:00Z,0.0
2024-01-05T00:00:00Z,0.0
2024-01-05T01:00:00Z,0.0
2024-01-05T02:00:00Z,0.0
2024-01-05T03:00:00Z,0.0
2024-01-05T04:00:00Z,0.0
2024-01-05T05:00:00Z,0.0
2024-01-05T06:00:00Z,77.25
2024-01-05T07:00:00Z,212.98
2024-01-05T08:00:00Z,376.6
2024-01-05T09:00:00Z,553.1
2024-01-05T10:00:00Z,664.88
2024-01-05T11:00:00Z,656.15
2024-01-05T12:00:00Z,673.78
2024-01-05T13:00:00Z,674.83
2024-01-05T14:00:00Z,538.4
2024-01-05T15:00:00Z,377.2
2024-01-05T16:00:00Z,210.75
2024-01-05T17:00:00Z,77.7
2024-01-05T18:00:00Z,3.12
2024-01-05T19:00:00Z,0.0
2024-01-05T20:00:00Z,0.0
2024-01-05T21:00:00Z,0.0
2024-01-05T22:00:00Z,0.0
2024-01-05T23:00:00Z,0.0
2024-01-06T00:00:00Z,0.0
2024-01-06T01:00:00Z,0.0
2024-01-06T02:00:00Z,0.0
2024-01-06T03:00:00Z,0.0
2024-01-06T04:00:00Z,0.0
2024-01-06T05:00:00Z,0.0
2024-01-06T06:00:00Z,63.33
2024-01-06T07:00:00Z,192.5
2024-01-06T08:00:00Z,342.12
2024-01-06T09:00:00Z,500.2
2024-01-06T10:00:00Z,609.47
2024-01-06T11:00:00Z,613.28
2024-01-06T12:00:00Z,638.92
2024-01-06T13:00:00Z,567.08
2024-01-06T14:00:00Z,467.12
2024-01-06T15:00:00Z,353.08
2024-01-06T16:00:00Z,206.6
2024-01-06T17:00:00Z,79.65
2024-01-06T18:00:00Z,3.25
2024-01-06T19:00:00Z,0.0
2024-01-06T20:00:00Z,0.0
2024-01-06T21:00:00Z,0.0
2024-01-06T22:00:00Z,0.0
2024-01-06T23:00:00Z,0.0
2024-01-07T00:00:00Z,0.0
2024-01-07T01:00:00Z,0.0
2024-01-07T02:00:00Z,0.0
2024-01-07T03:00:00Z,0.0
2024-01-07T04:00:00Z,0.0
2024-01-07T05:00:00Z,0.0
2024-01-07T06:00:00Z,75.1
2024-01-07T07:00:00Z,251.27
2024-01-07T08:00:00Z,449.48
2024-01-07T09:00:00Z,664.6
2024-01-07T10:00:00Z,826.75
2024-01-07T11:00:00Z,855.33
2024-01-07T12:00:00Z,830.3
2024-01-07T13:00:00Z,787.97
2024-01-07T14:00:00Z,703.78
2024-01-07T15:00:00Z,520.28
2024-01-07T16:00:00Z,314.02
2024-01-07T17:00:00Z,114.4
2024-01-07T18:00:00Z,5.53
2024-01-07T19:00:00Z,0.0
2024-01-07T20:00:00Z,0.0
2024-01-07T21:00:00Z,0.0
2024-01-07T22:00:00Z,0.0
2024-01-07T23:00:00Z,0.0
2024-01-08T00:00:00Z,0.0
2024-01-08T01:00:00Z,0.0
2024-01-08T02:00:00Z,0.0
2024-01-08T03:00:00Z,0.0
2024-01-08T04:00:00Z,0.0
2024-01-08T05:00:00Z,0.0
2024-01-08T06:00:00Z,60.7
2024-01-08T07:00:00Z,217.02
2024-01-08T08:00:00Z,409.67
2024-01-08T09:00:00Z,570.88
2024-01-08T10:00:00Z,707.83
2024-01-08T11:00:00Z,754.83
2024-01-08T12:00:00Z,790.53
2024-01-08T13:00:00Z,746.28
2024-01-08T14:00:00Z,653.15
2024-01-08T15:00:00Z,438.73
2024-01-08T16:00:00Z,276.48
2024-01-08T17:00:00Z,100.53
2024-01-08T18:00:00Z,4.95
2024-01-08T19:00:00Z,0.0
2024-01-08T20:00:00Z,0.0
2024-01-08T21:00:00Z,0.0
2024-01-08T22:00:00Z,0.0
2024-01-08T23:00:00Z,0.0
2024-01-09T00:00:00Z,0.0
2024-01-09T01:00:00Z,0.0
2024-01-09T02:00:00Z,0.0
2024-01-09T03:00:00Z,0.0
2024-01-09T04:00:00Z,0.0
2024-01-09T05:00:00Z,0.0
2024-01-09T06:00:00Z,79.78
2024-01-09T07:00:00Z,306.35
2024-01-09T08:00:00Z,540.22
2024-01-09T09:00:00Z,731.53
2024-01-09T10:00:00Z,891.42
2024-01-09T11:00:00Z,989.42
2024-01-09T12:00:00Z,1008.5
2024-01-09T13:00:00Z,947.97
2024-01-09T14:00:00Z,813.47
2024-01-09T15:00:00Z,626.45
2024-01-09T16:00:00Z,399.35
2024-01-09T17:00:00Z,158.45
2024-01-09T18:00:00Z,6.85
2024-01-09T19:00:00Z,0.0
2024-01-09T20:00:00Z,0.0
2024-01-09T21:00:00Z,0.0
2024-01-09T22:00:00Z,0.0
2024-01-09T23:00:00Z,0.0
2024-01-10T00:00:00Z,0.0
2024-01-10T01:00:00Z,0.0
2024-01-10T02:00:00Z,0.0
2024-01-10T03:00:00Z,0.0
2024-01-10T04:00:00Z,0.0
2024-01-10T05:00:00Z,0.0
2024-01-10T06:00:00Z,82.05
2024-01-10T07:00:00Z,299.67
2024-01-10T08:00:00Z,509.92
2024-01-10T09:00:00Z,651.55
2024-01-10T10:00:00Z,882.83
2024-01-10T11:00:00Z,966.15
2024-01-10T12:00:00Z,975.12
2024-01-10T13:00:00Z,946.3
2024-01-10T14:00:00Z,741.72
2024-01-10T15:00:00Z,551.53
2024-01-10T16:00:00Z,334.35
2024-01-10T17:00:00Z,115.78
2024-01-10T18:00:00Z,5.72
2024-01-10T19:00:00Z,0.0
2024-01-10T20:00:00Z,0.0
2024-01-10T21:00:00Z,0.0
2024-01-10T22:00:00Z,0.0
2024-01-10T23:00:00Z,0.0
2024-01-11T00:00:00Z,0.0
2024-01-11T01:00:00Z,0.0
2024-01-11T02:00:00Z,0.0
2024-01-11T03:00:00Z,0.0
2024-01-11T04:00:00Z,0.0
2024-01-11T05:00:00Z,0.0
2024-01-11T06:00:00Z,81.93
2024-01-11T07:00:00Z,288.35
2024-01-11T08:00:00Z,498.12
2024-01-11T09:00:00Z,675.95
2024-01-11T10:00:00Z,876.03
2024-01-11T11:00:00Z,931.45
2024-01-11T12:00:00Z,889.8
2024-01-11T13:00:00Z,857.72
2024-01-11T14:00:00Z,714.17
2024-01-11T15:00:00Z,578.28
2024-01-11T16:00:00Z,349.67
2024-01-11T17:00:00Z,129.82
2024-01-11T18:00:00Z,5.55
2024-01-11T19:00:00Z,0.0
2024-01-11T20:00:00Z,0.0
2024-01-11T21:00:00Z,0.0
2024-01-11T22:00:00Z,0.0
2024-01-11T23:00:00Z,0.0
2024-01-12T00:00:00Z,0.0
2024-01-12T01:00:00Z,0.0
2024-01-12T02:00:00Z,0.0
2024-01-12T03:00:00Z,0.0
2024-01-12T04:00:00Z,0.0
2024-01-12T05:00:00Z,0.0
2024-01-12T06:00:00Z,69.45
2024-01-12T07:00:00Z,236.25
2024-01-12T08:00:00Z,430.58
2024-01-12T09:00:00Z,643.5
2024-01-12T10:00:00Z,765.65
2024-01-12T11:00:00Z,871.53
2024-01-12T12:00:00Z,925.2
2024-01-12T13:00:00Z,857.67
2024-01-12T14:00:00Z,752.83
2024-01-12T15:00:00Z,583.72
2024-01-12T16:00:00Z,362.45
2024-01-12T17:00:00Z,131.48
2024-01-12T18:00:00Z,6.32
2024-01-12T19:00:00Z,0.0
2024-01-12T20:00:00Z,0.0
2024-01-12T21:00:00Z,0.0
2024-01-12T22:00:00Z,0.0
2024-01-12T23:00:00Z,0.0
2024-01-13T00:00:00Z,0.0
2024-01-13T01:00:00Z,0.0
2024-01-13T02:00:00Z,0.0
2024-01-13T03:00:00Z,0.0
2024-01-13T04:00:00Z,0.0
2024-01-13T05:00:00Z,0.0
2024-01-13T06:00:00Z,70.3
2024-01-13T07:00:00Z,261.5
2024-01-13T08:00:00Z,429.6
2024-01-13T09:00:00Z,623.58
2024-01-13T10:00:00Z,797.08
2024-01-13T11:00:00Z,890.9
2024-01-13T12:00:00Z,848.9
2024-01-13T13:00:00Z,791.92
2024-01-13T14:00:00Z,699.92
2024-01-13T15:00:00Z,481.9
2024-01-13T16:00:00Z,302.38
2024-01-13T17:00:00Z,116.72
2024-01-13T18:00:00Z,7.2
2024-01-13T19:00:00Z,0.0
2024-01-13T20:00:00Z,0.0
2024-01-13T21:00:00Z,0.0
2024-01-13T22:00:00Z,0.0
2024-01-13T23:00:00Z,0.0
2024-01-14T00:00:00Z,0.0
2024-01-14T01:00:00Z,0.0
2024-01-14T02:00:00Z,0.0
2024-01-14T03:00:00Z,0.0
2024-01-14T04:00:00Z,0.0
2024-01-14T05:00:00Z,0.0
2024-01-14T06:00:00Z,52.4
2024-01-14T07:00:00Z,246.75
2024-01-14T08:00:00Z,483.92
2024-01-14T09:00:00Z,659.72
2024-01-14T10:00:00Z,746.15
2024-01-14T11:00:00Z,919.3
2024-01-14T12:00:00Z,898.0
2024-01-14T13:00:00Z,876.0
2024-01-14T14:00:00Z,743.38
2024-01-14T15:00:00Z,576.03
2024-01-14T16:00:00Z,364.25
2024-01-14T17:00:00Z,139.7
2024-01-14T18:00:00Z,6.8
2024-01-14T19:00:00Z,0.0
2024-01-14T20:00:00Z,0.0
2024-01-14T21:00:00Z,0.0
2024-01-14T22:00:00Z,0.0
2024-01-14T23:00:00Z,0.0
2024-01-15T00:00:00Z,0.0
2024-01-15T01:00:00Z,0.0
2024-01-15T02:00:00Z,0.0
2024-01-15T03:00:00Z,0.0
2024-01-15T04:00:00Z,0.0
2024-01-15T05:00:00Z,0.0
2024-01-15T06:00:00Z,54.58
2024-01-15T07:00:00Z,242.25
2024-01-15T08:00:00Z,460.17
2024-01-15T09:00:00Z,624.45
2024-01-15T10:00:00Z,790.28
2024-01-15T11:00:00Z,886.92
2024-01-15T12:00:00Z,903.88
2024-01-15T13:00:00Z,844.75
2024-01-15T14:00:00Z,703.15
2024-01-15T15:00:00Z,516.33
2024-01-15T16:00:00Z,294.4
2024-01-15T17:00:00Z,111.75
2024-01-15T18:00:00Z,6.15
2024-01-15T19:00:00Z,0.0
2024-01-15T20:00:00Z,0.0
2024-01-15T21:00:00Z,0.0
2024-01-15T22:00:00Z,0.0
2024-01-15T23:00:00Z,0.0
2024-01-16T00:00:00Z,0.0
2024-01-16T01:00:00Z,0.0
2024-01-16T02:00:00Z,0.0
2024-01-16T03:00:00Z,0.0
2024-01-16T04:00:00Z,0.0
2024-01-16T05:00:00Z,0.0
2024-01-16T06:00:00Z,43.42
2024-01-16T07:00:00Z,155.43
2024-01-16T08:00:00Z,144.95
2024-01-16T09:00:00Z,240.93
2024-01-16T10:00:00Z,343.65
2024-01-16T11:00:00Z,458.55
2024-01-16T12:00:00Z,545.97
2024-01-16T13:00:00Z,485.62
2024-01-16T14:00:00Z,420.15
2024-01-16T15:00:00Z,316.25
2024-01-16T16:00:00Z,190.88
2024-01-16T17:00:00Z,74.47
2024-01-16T18:00:00Z,4.93
2024-01-16T19:00:00Z,0.0
2024-01-16T20:00:00Z,0.0
2024-01-16T21:00:00Z,0.0
2024-01-16T22:00:00Z,0.0
2024-01-16T23:00:00Z,0.0
2024-01-17T00:00:00Z,0.0
2024-01-17T01:00:00Z,0.0
2024-01-17T02:00:00Z,0.0
2024-01-17T03:00:00Z,0.0
2024-01-17T04:00:00Z,0.0
2024-01-17T05:00:00Z,0.0
2024-01-17T06:00:00Z,68.38
2024-01-17T07:00:00Z,283.17
2024-01-17T08:00:00Z,498.92
2024-01-17T09:00:00Z,703.2
2024-01-17T10:00:00Z,862.95
2024-01-17T11:00:00Z,962.15
2024-01-17T12:00:00Z,982.83
2024-01-17T13:00:00Z,927.3
2024-01-17T14:00:00Z,804.65
2024-01-17T15:00:00Z,616.42
2024-01-17T16:00:00Z,394.2
2024-01-17T17:00:00Z,153.3
2024-01-17T18:00:00Z,7.57
2024-01-17T19:00:00Z,0.0
2024-01-17T20:00:00Z,0.0
2024-01-17T21:00:00Z,0.0
2024-01-17T22:00:00Z,0.0
2024-01-17T23:00:00Z,0.0
2024-01-18T00:00:00Z,0.0
2024-01-18T01:00:00Z,0.0
2024-01-18T02:00:00Z,0.0
2024-01-18T03:00:00Z,0.0
2024-01-18T04:00:00Z,0.0
2024-01-18T05:00:00Z,0.0
2024-01-18T06:00:00Z,51.38
2024-01-18T07:00:00Z,206.85
2024-01-18T08:00:00Z,331.77
2024-01-18T09:00:00Z,525.58
2024-01-18T10:00:00Z,677.6
2024-01-18T11:00:00Z,734.22
2024-01-18T12:00:00Z,670.03
2024-01-18T13:00:00Z,656.92
2024-01-18T14:00:00Z,616.4
2024-01-18T15:00:00Z,389.35
2024-01-18T16:00:00Z,232.8
2024-01-18T17:00:00Z,86.7
2024-01-18T18:00:00Z,5.1
2024-01-18T19:00:00Z,0.0
2024-01-18T20:00:00Z,0.0
2024-01-18T21:00:00Z,0.0
2024-01-18T22:00:00Z,0.0
2024-01-18T23:00:00Z,0.0
2024-01-19T00:00:00Z,0.0
2024-01-19T01:00:00Z,0.0
2024-01-19T02:00:00Z,0.0
2024-01-19T03:00:00Z,0.0
2024-01-19T04:00:00Z,0.0
2024-01-19T05:00:00Z,0.0
2024-01-19T06:00:00Z,37.33
2024-01-19T07:00:00Z,153.12
2024-01-19T08:00:00Z,254.07
2024-01-19T09:00:00Z,370.08
2024-01-19T10:00:00Z,466.12
2024-01-19T11:00:00Z,598.2
2024-01-19T12:00:00Z,650.22
2024-01-19T13:00:00Z,713.25
2024-01-19T14:00:00Z,634.08
2024-01-19T15:00:00Z,461.83
2024-01-19T16:00:00Z,266.88
2024-01-19T17:00:00Z,91.8
2024-01-19T18:00:00Z,6.65
2024-01-19T19:00:00Z,0.0
2024-01-19T20:00:00Z,0.0
2024-01-19T21:00:00Z,0.0
2024-01-19T22:00:00Z,0.0
2024-01-19T23:00:00Z,0.0
2024-01-20T00:00:00Z,0.0
2024-01-20T01:00:00Z,0.0
2024-01-20T02:00:00Z,0.0
2024-01-20T03:00:00Z,0.0
2024-01-20T04:00:00Z,0.0
2024-01-20T05:00:00Z,0.0
2024-01-20T06:00:00Z,41.78
2024-01-20T07:00:00Z,204.85
2024-01-20T08:00:00Z,424.98
2024-01-20T09:00:00Z,556.28
2024-01-20T10:00:00Z,782.1
2024-01-20T11:00:00Z,855.0
2024-01-20T12:00:00Z,902.9
2024-01-20T13:00:00Z,771.95
2024-01-20T14:00:00Z,717.15
2024-01-20T15:00:00Z,505.65
2024-01-20T16:00:00Z,272.17
2024-01-20T17:00:00Z,86.12
2024-01-20T18:00:00Z,5.6
2024-01-20T19:00:00Z,0.0
2024-01-20T20:00:00Z,0.0
2024-01-20T21:00:00Z,0.0
2024-01-20T22:00:00Z,0.0
2024-01-20T23:00:00Z,0.0
2024-01-21T00:00:00Z,0.0
2024-01-21T01:00:00Z,0.0
2024-01-21T02:00:00Z,0.0
2024-01-21T03:00:00Z,0.0
2024-01-21T04:00:00Z,0.0
2024-01-21T05:00:00Z,0.0
2024-01-21T06:00:00Z,52.55
2024-01-21T07:00:00Z,244.05
2024-01-21T08:00:00Z,448.65
2024-01-21T09:00:00Z,646.28
2024-01-21T10:00:00Z,795.17
2024-01-21T11:00:00Z,837.15
2024-01-21T12:00:00Z,883.05
2024-01-21T13:00:00Z,786.72
2024-01-21T14:00:00Z,691.65
2024-01-21T15:00:00Z,535.92
2024-01-21T16:00:00Z,342.25
2024-01-21T17:00:00Z,132.38
2024-01-21T18:00:00Z,7.93
2024-01-21T19:00:00Z,0.0
2024-01-21T20:00:00Z,0.0
2024-01-21T21:00:00Z,0.0
2024-01-21T22:00:00Z,0.0
2024-01-21T23:00:00Z,0.0
2024-01-22T00:00:00Z,0.0
2024-01-22T01:00:00Z,0.0
2024-01-22T02:00:00Z,0.0
2024-01-22T03:00:00Z,0.0
2024-01-22T04:00:00Z,0.0
2024-01-22T05:00:00Z,0.0
2024-01-22T06:00:00Z,72.53
2024-01-22T07:00:00Z,308.67
2024-01-22T08:00:00Z,554.75
2024-01-22T09:00:00Z,765.65
2024-01-22T10:00:00Z,928.42
2024-01-22T11:00:00Z,1026.35
2024-01-22T12:00:00Z,1039.53
2024-01-22T13:00:00Z,984.83
2024-01-22T14:00:00Z,849.5
2024-01-22T15:00:00Z,654.58
2024-01-22T16:00:00Z,411.62
2024-01-22T17:00:00Z,168.2
2024-01-22T18:00:00Z,9.0
2024-01-22T19:00:00Z,0.0
2024-01-22T20:00:00Z,0.0
2024-01-22T21:00:00Z,0.0
2024-01-22T22:00:00Z,0.0
2024-01-22T23:00:00Z,0.0
2024-01-23T00:00:00Z,0.0
2024-01-23T01:00:00Z,0.0
2024-01-23T02:00:00Z,0.0
2024-01-23T03:00:00Z,0.0
2024-01-23T04:00:00Z,0.0
2024-01-23T05:00:00Z,0.0
2024-01-23T06:00:00Z,54.22
2024-01-23T07:00:00Z,249.9
2024-01-23T08:00:00Z,468.58
2024-01-23T09:00:00Z,635.8
2024-01-23T10:00:00Z,828.78
2024-01-23T11:00:00Z,912.88
2024-01-23T12:00:00Z,916.83
2024-01-23T13:00:00Z,837.45
2024-01-23T14:00:00Z,704.42
2024-01-23T15:00:00Z,532.08
2024-01-23T16:00:00Z,313.67
2024-01-23T17:00:00Z,100.9
2024-01-23T18:00:00Z,6.9
2024-01-23T19:00:00Z,0.0
2024-01-23T20:00:00Z,0.0
2024-01-23T21:00:00Z,0.0
2024-01-23T22:00:00Z,0.0
2024-01-23T23:00:00Z,0.0
2024-01-24T00:00:00Z,0.0
2024-01-24T01:00:00Z,0.0
2024-01-24T02:00:00Z,0.0
2024-01-24T03:00:00Z,0.0
2024-01-24T04:00:00Z,0.0
2024-01-24T05:00:00Z,0.0
2024-01-24T06:00:00Z,55.62
2024-01-24T07:00:00Z,254.1
2024-01-24T08:00:00Z,480.0
2024-01-24T09:00:00Z,600.72
2024-01-24T10:00:00Z,796.47
2024-01-24T11:00:00Z,934.35
2024-01-24T12:00:00Z,950.38
2024-01-24T13:00:00Z,904.72
2024-01-24T14:00:00Z,800.55
2024-01-24T15:00:00Z,574.92
2024-01-24T16:00:00Z,372.48
2024-01-24T17:00:00Z,147.3
2024-01-24T18:00:00Z,8.07
2024-01-24T19:00:00Z,0.0
2024-01-24T20:00:00Z,0.0
2024-01-24T21:00:00Z,0.0
2024-01-24T22:00:00Z,0.0
2024-01-24T23:00:00Z,0.0
2024-01-25T00:00:00Z,0.0
2024-01-25T01:00:00Z,0.0
2024-01-25T02:00:00Z,0.0
2024-01-25T03:00:00Z,0.0
2024-01-25T04:00:00Z,0.0
2024-01-25T05:00:00Z,0.0
2024-01-25T06:00:00Z,54.15
2024-01-25T07:00:00Z,263.6
2024-01-25T08:00:00Z,493.85
2024-01-25T09:00:00Z,650.03
2024-01-25T10:00:00Z,856.2
2024-01-25T11:00:00Z,965.15
2024-01-25T12:00:00Z,956.97
2024-01-25T13:00:00Z,897.15
2024-01-25T14:00:00Z,770.3
2024-01-25T15:00:00Z,580.0
2024-01-25T16:00:00Z,366.62
2024-01-25T17:00:00Z,138.85
2024-01-25T18:00:00Z,8.1
2024-01-25T19:00:00Z,0.0
2024-01-25T20:00:00Z,0.0
2024-01-25T21:00:00Z,0.0
2024-01-25T22:00:00Z,0.0
2024-01-25T23:00:00Z,0.0
2024-01-26T00:00:00Z,0.0
2024-01-26T01:00:00Z,0.0
2024-01-26T02:00:00Z,0.0
2024-01-26T03:00:00Z,0.0
2024-01-26T04:00:00Z,0.0
2024-01-26T05:00:00Z,0.0
2024-01-26T06:00:00Z,55.6
2024-01-26T07:00:00Z,219.35
2024-01-26T08:00:00Z,406.83
2024-01-26T09:00:00Z,593.92
2024-01-26T10:00:00Z,738.88
2024-01-26T11:00:00Z,824.3
2024-01-26T12:00:00Z,863.25
2024-01-26T13:00:00Z,771.2
2024-01-26T14:00:00Z,667.55
2024-01-26T15:00:00Z,498.9
2024-01-26T16:00:00Z,291.15
2024-01-26T17:00:00Z,112.97
2024-01-26T18:00:00Z,6.43
2024-01-26T19:00:00Z,0.0
2024-01-26T20:00:00Z,0.0
2024-01-26T21:00:00Z,0.0
2024-01-26T22:00:00Z,0.0
2024-01-26T23:00:00Z,0.0
2024-01-27T00:00:00Z,0.0
2024-01-27T01:00:00Z,0.0
2024-01-27T02:00:00Z,0.0
2024-01-27T03:00:00Z,0.0
2024-01-27T04:00:00Z,0.0
2024-01-27T05:00:00Z,0.0
2024-01-27T06:00:00Z,13.27
2024-01-27T07:00:00Z,85.43
2024-01-27T08:00:00Z,144.38
2024-01-27T09:00:00Z,231.6
2024-01-27T10:00:00Z,238.2
2024-01-27T11:00:00Z,357.52
2024-01-27T12:00:00Z,394.9
2024-01-27T13:00:00Z,444.17
2024-01-27T14:00:00Z,425.48
2024-01-27T15:00:00Z,330.02
2024-01-27T16:00:00Z,181.98
2024-01-27T17:00:00Z,80.8
2024-01-27T18:00:00Z,5.62
2024-01-27T19:00:00Z,0.0
2024-01-27T20:00:00Z,0.0
2024-01-27T21:00:00Z,0.0
2024-01-27T22:00:00Z,0.0
2024-01-27T23:00:00Z,0.0
2024-01-28T00:00:00Z,0.0
2024-01-28T01:00:00Z,0.0
2024-01-28T02:00:00Z,0.0
2024-01-28T03:00:00Z,0.0
2024-01-28T04:00:00Z,0.0
2024-01-28T05:00:00Z,0.0
2024-01-28T06:00:00Z,41.45
2024-01-28T07:00:00Z,230.73
2024-01-28T08:00:00Z,439.38
2024-01-28T09:00:00Z,569.88
2024-01-28T10:00:00Z,731.08
2024-01-28T11:00:00Z,896.35
2024-01-28T12:00:00Z,876.5
2024-01-28T13:00:00Z,798.03
2024-01-28T14:00:00Z,716.85
2024-01-28T15:00:00Z,585.15
2024-01-28T16:00:00Z,379.12
2024-01-28T17:00:00Z,153.45
2024-01-28T18:00:00Z,8.75
2024-01-28T19:00:00Z,0.0
2024-01-28T20:00:00Z,0.0
2024-01-28T21:00:00Z,0.0
2024-01-28T22:00:00Z,0.0
2024-01-28T23:00:00Z,0.0
2024-01-29T00:00:00Z,0.0
2024-01-29T01:00:00Z,0.0
2024-01-29T02:00:00Z,0.0
2024-01-29T03:00:00Z,0.0
2024-01-29T04:00:00Z,0.0
2024-01-29T05:00:00Z,0.0
2024-01-29T06:00:00Z,11.32
2024-01-29T07:00:00Z,32.7
2024-01-29T08:00:00Z,206.43
2024-01-29T09:00:00Z,390.92
2024-01-29T10:00:00Z,347.77
2024-01-29T11:00:00Z,248.57
2024-01-29T12:00:00Z,200.18
2024-01-29T13:00:00Z,168.38
2024-01-29T14:00:00Z,137.82
2024-01-29T15:00:00Z,160.52
2024-01-29T16:00:00Z,95.55
2024-01-29T17:00:00Z,35.62
2024-01-29T18:00:00Z,2.47
2024-01-29T19:00:00Z,0.0
2024-01-29T20:00:00Z,0.0
2024-01-29T21:00:00Z,0.0
2024-01-29T22:00:00Z,0.0
2024-01-29T23:00:00Z,0.0
2024-01-30T00:00:00Z,0.0
2024-01-30T01:00:00Z,0.0
2024-01-30T02:00:00Z,0.0
2024-01-30T03:00:00Z,0.0
2024-01-30T04:00:00Z,0.0
2024-01-30T05:00:00Z,0.0
2024-01-30T06:00:00Z,41.35
2024-01-30T07:00:00Z,239.1
2024-01-30T08:00:00Z,379.27
2024-01-30T09:00:00Z,616.78
2024-01-30T10:00:00Z,742.38
2024-01-30T11:00:00Z,829.47
2024-01-30T12:00:00Z,874.8
2024-01-30T13:00:00Z,867.88
2024-01-30T14:00:00Z,752.67
2024-01-30T15:00:00Z,558.1
2024-01-30T16:00:00Z,348.48
2024-01-30T17:00:00Z,128.02
2024-01-30T18:00:00Z,6.6
2024-01-30T19:00:00Z,0.0
2024-01-30T20:00:00Z,0.0
2024-01-30T21:00:00Z,0.0
2024-01-30T22:00:00Z,0.0
2024-01-30T23:00:00Z,0.0
2024-01-31T00:00:00Z,0.0
2024-01-31T01:00:00Z,0.0
2024-01-31T02:00:00Z,0.0
2024-01-31T03:00:00Z,0.0
2024-01-31T04:00:00Z,0.0
2024-01-31T05:00:00Z,0.0
2024-01-31T06:00:00Z,30.42
2024-01-31T07:00:00Z,171.62
2024-01-31T08:00:00Z,386.08
2024-01-31T09:00:00Z,586.4
2024-01-31T10:00:00Z,711.05
2024-01-31T11:00:00Z,648.53
2024-01-31T12:00:00Z,635.65
2024-01-31T13:00:00Z,645.95
2024-01-31T14:00:00Z,477.08
2024-01-31T15:00:00Z,357.12
2024-01-31T16:00:00Z,216.6
2024-01-31T17:00:00Z,84.95
2024-01-31T18:00:00Z,3.3
2024-01-31T19:00:00Z,0.0
2024-01-31T20:00:00Z,0.0
2024-01-31T21:00:00Z,0.0
2024-01-31T22:00:00Z,0.0
2024-01-31T23:00:00Z,0.0
2024-02-01T00:00:00Z,0.0
2024-02-01T01:00:00Z,0.0
2024-02-01T02:00:00Z,0.0
2024-02-01T03:00:00Z,0.0
2024-02-01T04:00:00Z,0.0
2024-02-01T05:00:00Z,0.0
2024-02-01T06:00:00Z,15.35
2024-02-01T07:00:00Z,111.72
2024-02-01T08:00:00Z,277.3
2024-02-01T09:00:00Z,489.27
2024-02-01T10:00:00Z,448.1
2024-02-01T11:00:00Z,577.95
2024-02-01T12:00:00Z,514.22
2024-02-01T13:00:00Z,489.5
2024-02-01T14:00:00Z,377.12
2024-02-01T15:00:00Z,191.38
2024-02-01T16:00:00Z,117.72
2024-02-01T17:00:00Z,47.22
2024-02-01T18:00:00Z,3.22
2024-02-01T19:00:00Z,0.0
2024-02-01T20:00:00Z,0.0
2024-02-01T21:00:00Z,0.0
2024-02-01T22:00:00Z,0.0
2024-02-01T23:00:00Z,0.0
2024-02-02T00:00:00Z,0.0
2024-02-02T01:00:00Z,0.0
2024-02-02T02:00:00Z,0.0
2024-02-02T03:00:00Z,0.0
2024-02-02T04:00:00Z,0.0
2024-02-02T05:00:00Z,0.0
2024-02-02T06:00:00Z,25.23
2024-02-02T07:00:00Z,145.07
2024-02-02T08:00:00Z,297.12
2024-02-02T09:00:00Z,460.7
2024-02-02T10:00:00Z,563.88
2024-02-02T11:00:00Z,685.75
2024-02-02T12:00:00Z,601.78
2024-02-02T13:00:00Z,441.23
2024-02-02T14:00:00Z,194.8
2024-02-02T15:00:00Z,113.95
2024-02-02T16:00:00Z,68.82
2024-02-02T17:00:00Z,29.52
2024-02-02T18:00:00Z,2.0
2024-02-02T19:00:00Z,0.0
2024-02-02T20:00:00Z,0.0
2024-02-02T21:00:00Z,0.0
2024-02-02T22:00:00Z,0.0
2024-02-02T23:00:00Z,0.0
2024-02-03T00:00:00Z,0.0
2024-02-03T01:00:00Z,0.0
2024-02-03T02:00:00Z,0.0
2024-02-03T03:00:00Z,0.0
2024-02-03T04:00:00Z,0.0
2024-02-03T05:00:00Z,0.0
2024-02-03T06:00:00Z,12.23
2024-02-03T07:00:00Z,58.8
2024-02-03T08:00:00Z,93.1
2024-02-03T09:00:00Z,107.93
2024-02-03T10:00:00Z,151.65
2024-02-03T11:00:00Z,176.05
2024-02-03T12:00:00Z,166.75
2024-02-03T13:00:00Z,163.4
2024-02-03T14:00:00Z,204.18
2024-02-03T15:00:00Z,98.05
2024-02-03T16:00:00Z,71.72
2024-02-03T17:00:00Z,32.35
2024-02-03T18:00:00Z,2.65
2024-02-03T19:00:00Z,0.0
2024-02-03T20:00:00Z,0.0
2024-02-03T21:00:00Z,0.0
2024-02-03T22:00:00Z,0.0
2024-02-03T23:00:00Z,0.0
2024-02-04T00:00:00Z,0.0
2024-02-04T01:00:00Z,0.0
2024-02-04T02:00:00Z,0.0
2024-02-04T03:00:00Z,0.0
2024-02-04T04:00:00Z,0.0
2024-02-04T05:00:00Z,0.0
2024-02-04T06:00:00Z,20.92
2024-02-04T07:00:00Z,145.82
2024-02-04T08:00:00Z,270.8
2024-02-04T09:00:00Z,412.23
2024-02-04T10:00:00Z,563.28
2024-02-04T11:00:00Z,609.05
2024-02-04T12:00:00Z,399.65
2024-02-04T13:00:00Z,198.68
2024-02-04T14:00:00Z,157.35
2024-02-04T15:00:00Z,114.97
2024-02-04T16:00:00Z,74.6
2024-02-04T17:00:00Z,30.77
2024-02-04T18:00:00Z,2.03
2024-02-04T19:00:00Z,0.0
2024-02-04T20:00:00Z,0.0
2024-02-04T21:00:00Z,0.0
2024-02-04T22:00:00Z,0.0
2024-02-04T23:00:00Z,0.0
2024-02-05T00:00:00Z,0.0
2024-02-05T01:00:00Z,0.0
2024-02-05T02:00:00Z,0.0
2024-02-05T03:00:00Z,0.0
2024-02-05T04:00:00Z,0.0
2024-02-05T05:00:00Z,0.0
2024-02-05T06:00:00Z,20.88
2024-02-05T07:00:00Z,136.57
2024-02-05T08:00:00Z,316.73
2024-02-05T09:00:00Z,471.9
2024-02-05T10:00:00Z,617.45
2024-02-05T11:00:00Z,648.28
2024-02-05T12:00:00Z,636.03
2024-02-05T13:00:00Z,461.1
2024-02-05T14:00:00Z,381.33
2024-02-05T15:00:00Z,357.15
2024-02-05T16:00:00Z,195.45
2024-02-05T17:00:00Z,85.32
2024-02-05T18:00:00Z,2.97
2024-02-05T19:00:00Z,0.0
2024-02-05T20:00:00Z,0.0
2024-02-05T21:00:00Z,0.0
2024-02-05T22:00:00Z,0.0
2024-02-05T23:00:00Z,0.0
2024-02-06T00:00:00Z,0.0
2024-02-06T01:00:00Z,0.0
2024-02-06T02:00:00Z,0.0
2024-02-06T03:00:00Z,0.0
2024-02-06T04:00:00Z,0.0
2024-02-06T05:00:00Z,0.0
2024-02-06T06:00:00Z,5.22
2024-02-06T07:00:00Z,60.88
2024-02-06T08:00:00Z,119.82
2024-02-06T09:00:00Z,217.45
2024-02-06T10:00:00Z,378.17
2024-02-06T11:00:00Z,563.12
2024-02-06T12:00:00Z,600.92
2024-02-06T13:00:00Z,488.6
2024-02-06T14:00:00Z,406.4
2024-02-06T15:00:00Z,349.42
2024-02-06T16:00:00Z,208.7
2024-02-06T17:00:00Z,81.85
2024-02-06T18:00:00Z,4.38
2024-02-06T19:00:00Z,0.0
2024-02-06T20:00:00Z,0.0
2024-02-06T21:00:00Z,0.0
2024-02-06T22:00:00Z,0.0
2024-02-06T23:00:00Z,0.0
2024-02-07T00:00:00Z,0.0
2024-02-07T01:00:00Z,0.0
2024-02-07T02:00:00Z,0.0
2024-02-07T03:00:00Z,0.0
2024-02-07T04:00:00Z,0.0
2024-02-07T05:00:00Z,0.0
2024-02-07T06:00:00Z,17.25
2024-02-07T07:00:00Z,148.3
2024-02-07T08:00:00Z,275.75
2024-02-07T09:00:00Z,435.38
2024-02-07T10:00:00Z,541.92
2024-02-07T11:00:00Z,728.03
2024-02-07T12:00:00Z,866.7
2024-02-07T13:00:00Z,831.12
2024-02-07T14:00:00Z,648.3
2024-02-07T15:00:00Z,499.55
2024-02-07T16:00:00Z,294.5
2024-02-07T17:00:00Z,100.35
2024-02-07T18:00:00Z,6.75
2024-02-07T19:00:00Z,0.0
2024-02-07T20:00:00Z,0.0
2024-02-07T21:00:00Z,0.0
2024-02-07T22:00:00Z,0.0
2024-02-07T23:00:00Z,0.0
2024-02-08T00:00:00Z,0.0
2024-02-08T01:00:00Z,0.0
2024-02-08T02:00:00Z,0.0
2024-02-08T03:00:00Z,0.0
2024-02-08T04:00:00Z,0.0
2024-02-08T05:00:00Z,0.0
2024-02-08T06:00:00Z,8.25
2024-02-08T07:00:00Z,66.7
2024-02-08T08:00:00Z,119.75
2024-02-08T09:00:00Z,248.25
2024-02-08T10:00:00Z,356.35
2024-02-08T11:00:00Z,503.23
2024-02-08T12:00:00Z,396.85
2024-02-08T13:00:00Z,512.25
2024-02-08T14:00:00Z,376.02
2024-02-08T15:00:00Z,232.93
2024-02-08T16:00:00Z,153.7
2024-02-08T17:00:00Z,62.75
2024-02-08T18:00:00Z,4.38
2024-02-08T19:00:00Z,0.0
2024-02-08T20:00:00Z,0.0
2024-02-08T21:00:00Z,0.0
2024-02-08T22:00:00Z,0.0
2024-02-08T23:00:00Z,0.0
2024-02-09T00:00:00Z,0.0
2024-02-09T01:00:00Z,0.0
2024-02-09T02:00:00Z,0.0
2024-02-09T03:00:00Z,0.0
2024-02-09T04:00:00Z,0.0
2024-02-09T05:00:00Z,0.0
2024-02-09T06:00:00Z,26.3
2024-02-09T07:00:00Z,154.45
2024-02-09T08:00:00Z,334.3
2024-02-09T09:00:00Z,451.85
2024-02-09T10:00:00Z,574.65
2024-02-09T11:00:00Z,650.78
2024-02-09T12:00:00Z,731.95
2024-02-09T13:00:00Z,753.88
2024-02-09T14:00:00Z,695.03
2024-02-09T15:00:00Z,435.6
2024-02-09T16:00:00Z,267.15
2024-02-09T17:00:00Z,115.3
2024-02-09T18:00:00Z,5.95
2024-02-09T19:00:00Z,0.0
2024-02-09T20:00:00Z,0.0
2024-02-09T21:00:00Z,0.0
2024-02-09T22:00:00Z,0.0
2024-02-09T23:00:00Z,0.0
2024-02-10T00:00:00Z,0.0
2024-02-10T01:00:00Z,0.0
2024-02-10T02:00:00Z,0.0
2024-02-10T03:00:00Z,0.0
2024-02-10T04:00:00Z,0.0
2024-02-10T05:00:00Z,0.0
2024-02-10T06:00:00Z,15.0
2024-02-10T07:00:00Z,123.8
2024-02-10T08:00:00Z,220.4
2024-02-10T09:00:00Z,307.9
2024-02-10T10:00:00Z,433.62
2024-02-10T11:00:00Z,404.35
2024-02-10T12:00:00Z,186.52
2024-02-10T13:00:00Z,137.6
2024-02-10T14:00:00Z,111.05
2024-02-10T15:00:00Z,81.55
2024-02-10T16:00:00Z,49.47
2024-02-10T17:00:00Z,20.75
2024-02-10T18:00:00Z,1.6
2024-02-10T19:00:00Z,0.0
2024-02-10T20:00:00Z,0.0
2024-02-10T21:00:00Z,0.0
2024-02-10T22:00:00Z,0.0
2024-02-10T23:00:00Z,0.0
2024-02-11T00:00:00Z,0.0
2024-02-11T01:00:00Z,0.0
2024-02-11T02:00:00Z,0.0
2024-02-11T03:00:00Z,0.0
2024-02-11T04:00:00Z,0.0
2024-02-11T05:00:00Z,0.0
2024-02-11T06:00:00Z,38.17
2024-02-11T07:00:00Z,223.82
2024-02-11T08:00:00Z,456.35
2024-02-11T09:00:00Z,621.6
2024-02-11T10:00:00Z,818.95
2024-02-11T11:00:00Z,875.8
2024-02-11T12:00:00Z,836.17
2024-02-11T13:00:00Z,807.15
2024-02-11T14:00:00Z,578.95
2024-02-11T15:00:00Z,395.83
2024-02-11T16:00:00Z,221.7
2024-02-11T17:00:00Z,87.57
2024-02-11T18:00:00Z,4.75
2024-02-11T19:00:00Z,0.0
2024-02-11T20:00:00Z,0.0
2024-02-11T21:00:00Z,0.0
2024-02-11T22:00:00Z,0.0
2024-02-11T23:00:00Z,0.0
2024-02-12T00:00:00Z,0.0
2024-02-12T01:00:00Z,0.0
2024-02-12T02:00:00Z,0.0
2024-02-12T03:00:00Z,0.0
2024-02-12T04:00:00Z,0.0
2024-02-12T05:00:00Z,0.0
2024-02-12T06:00:00Z,3.6
2024-02-12T07:00:00Z,22.5
2024-02-12T08:00:00Z,48.33
2024-02-12T09:00:00Z,67.15
2024-02-12T10:00:00Z,94.0
2024-02-12T11:00:00Z,132.85
2024-02-12T12:00:00Z,124.43
2024-02-12T13:00:00Z,153.45
2024-02-12T14:00:00Z,181.52
2024-02-12T15:00:00Z,148.48
2024-02-12T16:00:00Z,96.62
2024-02-12T17:00:00Z,41.83
2024-02-12T18:00:00Z,2.85
2024-02-12T19:00:00Z,0.0
2024-02-12T20:00:00Z,0.0
2024-02-12T21:00:00Z,0.0
2024-02-12T22:00:00Z,0.0
2024-02-12T23:00:00Z,0.0
2024-02-13T00:00:00Z,0.0
2024-02-13T01:00:00Z,0.0
2024-02-13T02:00:00Z,0.0
2024-02-13T03:00:00Z,0.0
2024-02-13T04:00:00Z,0.0
2024-02-13T05:00:00Z,0.0
2024-02-13T06:00:00Z,23.92
2024-02-13T07:00:00Z,165.5
2024-02-13T08:00:00Z,364.6
2024-02-13T09:00:00Z,552.08
2024-02-13T10:00:00Z,715.65
2024-02-13T11:00:00Z,757.92
2024-02-13T12:00:00Z,732.62
2024-02-13T13:00:00Z,619.3
2024-02-13T14:00:00Z,396.65
2024-02-13T15:00:00Z,126.57
2024-02-13T16:00:00Z,75.88
2024-02-13T17:00:00Z,29.27
2024-02-13T18:00:00Z,1.25
2024-02-13T19:00:00Z,0.0
2024-02-13T20:00:00Z,0.0
2024-02-13T21:00:00Z,0.0
2024-02-13T22:00:00Z,0.0
2024-02-13T23:00:00Z,0.0
2024-02-14T00:00:00Z,0.0
2024-02-14T01:00:00Z,0.0
2024-02-14T02:00:00Z,0.0
2024-02-14T03:00:00Z,0.0
2024-02-14T04:00:00Z,0.0
2024-02-14T05:00:00Z,0.0
2024-02-14T06:00:00Z,26.52
2024-02-14T07:00:00Z,186.3
2024-02-14T08:00:00Z,385.58
2024-02-14T09:00:00Z,573.35
2024-02-14T10:00:00Z,710.53
2024-02-14T11:00:00Z,760.05
2024-02-14T12:00:00Z,695.55
2024-02-14T13:00:00Z,642.42
2024-02-14T14:00:00Z,556.85
2024-02-14T15:00:00Z,402.88
2024-02-14T16:00:00Z,232.75
2024-02-14T17:00:00Z,74.18
2024-02-14T18:00:00Z,4.4
2024-02-14T19:00:00Z,0.0
2024-02-14T20:00:00Z,0.0
2024-02-14T21:00:00Z,0.0
2024-02-14T22:00:00Z,0.0
2024-02-14T23:00:00Z,0.0
2024-02-15T00:00:00Z,0.0
2024-02-15T01:00:00Z,0.0
2024-02-15T02:00:00Z,0.0
2024-02-15T03:00:00Z,0.0
2024-02-15T04:00:00Z,0.0
2024-02-15T05:00:00Z,0.0
2024-02-15T06:00:00Z,15.88
2024-02-15T07:00:00Z,96.38
2024-02-15T08:00:00Z,220.07
2024-02-15T09:00:00Z,353.12
2024-02-15T10:00:00Z,514.78
2024-02-15T11:00:00Z,509.12
2024-02-15T12:00:00Z,518.33
2024-02-15T13:00:00Z,517.22
2024-02-15T14:00:00Z,510.2
2024-02-15T15:00:00Z,388.05
2024-02-15T16:00:00Z,217.68
2024-02-15T17:00:00Z,79.65
2024-02-15T18:00:00Z,4.15
2024-02-15T19:00:00Z,0.0
2024-02-15T20:00:00Z,0.0
2024-02-15T21:00:00Z,0.0
2024-02-15T22:00:00Z,0.0
2024-02-15T23:00:00Z,0.0
2024-02-16T00:00:00Z,0.0
2024-02-16T01:00:00Z,0.0
2024-02-16T02:00:00Z,0.0
2024-02-16T03:00:00Z,0.0
2024-02-16T04:00:00Z,0.0
2024-02-16T05:00:00Z,0.0
2024-02-16T06:00:00Z,29.65
2024-02-16T07:00:00Z,205.75
2024-02-16T08:00:00Z,421.1
2024-02-16T09:00:00Z,648.72
2024-02-16T10:00:00Z,768.12
2024-02-16T11:00:00Z,903.12
2024-02-16T12:00:00Z,910.7
2024-02-16T13:00:00Z,910.75
2024-02-16T14:00:00Z,788.95
2024-02-16T15:00:00Z,603.53
2024-02-16T16:00:00Z,370.9
2024-02-16T17:00:00Z,130.57
2024-02-16T18:00:00Z,5.93
2024-02-16T19:00:00Z,0.0
2024-02-16T20:00:00Z,0.0
2024-02-16T21:00:00Z,0.0
2024-02-16T22:00:00Z,0.0
2024-02-16T23:00:00Z,0.0
2024-02-17T00:00:00Z,0.0
2024-02-17T01:00:00Z,0.0
2024-02-17T02:00:00Z,0.0
2024-02-17T03:00:00Z,0.0
2024-02-17T04:00:00Z,0.0
2024-02-17T05:00:00Z,0.0
2024-02-17T06:00:00Z,17.2
2024-02-17T07:00:00Z,115.28
2024-02-17T08:00:00Z,241.57
2024-02-17T09:00:00Z,435.73
2024-02-17T10:00:00Z,523.8
2024-02-17T11:00:00Z,486.6
2024-02-17T12:00:00Z,548.4
2024-02-17T13:00:00Z,593.38
2024-02-17T14:00:00Z,428.3
2024-02-17T15:00:00Z,326.73
2024-02-17T16:00:00Z,176.85
2024-02-17T17:00:00Z,71.93
2024-02-17T18:00:00Z,2.85
2024-02-17T19:00:00Z,0.0
2024-02-17T20:00:00Z,0.0
2024-02-17T21:00:00Z,0.0
2024-02-17T22:00:00Z,0.0
2024-02-17T23:00:00Z,0.0
2024-02-18T00:00:00Z,0.0
2024-02-18T01:00:00Z,0.0
2024-02-18T02:00:00Z,0.0
2024-02-18T03:00:00Z,0.0
2024-02-18T04:00:00Z,0.0
2024-02-18T05:00:00Z,0.0
2024-02-18T06:00:00Z,38.33
2024-02-18T07:00:00Z,231.82
2024-02-18T08:00:00Z,435.02
2024-02-18T09:00:00Z,628.03
2024-02-18T10:00:00Z,832.28
2024-02-18T11:00:00Z,861.03
2024-02-18T12:00:00Z,908.12
2024-02-18T13:00:00Z,765.1
2024-02-18T14:00:00Z,705.53
2024-02-18T15:00:00Z,550.53
2024-02-18T16:00:00Z,307.3
2024-02-18T17:00:00Z,102.93
2024-02-18T18:00:00Z,4.45
2024-02-18T19:00:00Z,0.0
2024-02-18T20:00:00Z,0.0
2024-02-18T21:00:00Z,0.0
2024-02-18T22:00:00Z,0.0
2024-02-18T23:00:00Z,0.0
2024-02-19T00:00:00Z,0.0
2024-02-19T01:00:00Z,0.0
2024-02-19T02:00:00Z,0.0
2024-02-19T03:00:00Z,0.0
2024-02-19T04:00:00Z,0.0
2024-02-19T05:00:00Z,0.0
2024-02-19T06:00:00Z,40.8
2024-02-19T07:00:00Z,248.8
2024-02-19T08:00:00Z,490.0
2024-02-19T09:00:00Z,699.0
2024-02-19T10:00:00Z,834.67
2024-02-19T11:00:00Z,964.83
2024-02-19T12:00:00Z,997.65
2024-02-19T13:00:00Z,931.22
2024-02-19T14:00:00Z,745.12
2024-02-19T15:00:00Z,602.8
2024-02-19T16:00:00Z,377.8
2024-02-19T17:00:00Z,143.1
2024-02-19T18:00:00Z,5.93
2024-02-19T19:00:00Z,0.0
2024-02-19T20:00:00Z,0.0
2024-02-19T21:00:00Z,0.0
2024-02-19T22:00:00Z,0.0
2024-02-19T23:00:00Z,0.0
2024-02-20T00:00:00Z,0.0
2024-02-20T01:00:00Z,0.0
2024-02-20T02:00:00Z,0.0
2024-02-20T03:00:00Z,0.0
2024-02-20T04:00:00Z,0.0
2024-02-20T05:00:00Z,0.0
2024-02-20T06:00:00Z,16.7
2024-02-20T07:00:00Z,104.32
2024-02-20T08:00:00Z,206.48
2024-02-20T09:00:00Z,320.8
2024-02-20T10:00:00Z,434.6
2024-02-20T11:00:00Z,529.38
2024-02-20T12:00:00Z,744.05
2024-02-20T13:00:00Z,498.92
2024-02-20T14:00:00Z,390.58
2024-02-20T15:00:00Z,439.8
2024-02-20T16:00:00Z,264.9
2024-02-20T17:00:00Z,112.03
2024-02-20T18:00:00Z,4.22
2024-02-20T19:00:00Z,0.0
2024-02-20T20:00:00Z,0.0
2024-02-20T21:00:00Z,0.0
2024-02-20T22:00:00Z,0.0
2024-02-20T23:00:00Z,0.0
2024-02-21T00:00:00Z,0.0
2024-02-21T01:00:00Z,0.0
2024-02-21T02:00:00Z,0.0
2024-02-21T03:00:00Z,0.0
2024-02-21T04:00:00Z,0.0
2024-02-21T05:00:00Z,0.0
2024-02-21T06:00:00Z,15.15
2024-02-21T07:00:00Z,115.8
2024-02-21T08:00:00Z,220.98
2024-02-21T09:00:00Z,359.52
2024-02-21T10:00:00Z,458.95
2024-02-21T11:00:00Z,647.55
2024-02-21T12:00:00Z,758.03
2024-02-21T13:00:00Z,647.05
2024-02-21T14:00:00Z,429.65
2024-02-21T15:00:00Z,325.65
2024-02-21T16:00:00Z,178.8
2024-02-21T17:00:00Z,64.82
2024-02-21T18:00:00Z,3.45
2024-02-21T19:00:00Z,0.0
2024-02-21T20:00:00Z,0.0
2024-02-21T21:00:00Z,0.0
2024-02-21T22:00:00Z,0.0
2024-02-21T23:00:00Z,0.0
2024-02-22T00:00:00Z,0.0
2024-02-22T01:00:00Z,0.0
2024-02-22T02:00:00Z,0.0
2024-02-22T03:00:00Z,0.0
2024-02-22T04:00:00Z,0.0
2024-02-22T05:00:00Z,0.0
2024-02-22T06:00:00Z,28.2
2024-02-22T07:00:00Z,180.05
2024-02-22T08:00:00Z,408.85
2024-02-22T09:00:00Z,596.05
2024-02-22T10:00:00Z,761.85
2024-02-22T11:00:00Z,774.42
2024-02-22T12:00:00Z,783.62
2024-02-22T13:00:00Z,834.7
2024-02-22T14:00:00Z,704.5
2024-02-22T15:00:00Z,620.28
2024-02-22T16:00:00Z,394.33
2024-02-22T17:00:00Z,150.25
2024-02-22T18:00:00Z,6.3
2024-02-22T19:00:00Z,0.0
2024-02-22T20:00:00Z,0.0
2024-02-22T21:00:00Z,0.0
2024-02-22T22:00:00Z,0.0
2024-02-22T23:00:00Z,0.0
2024-02-23T00:00:00Z,0.0
2024-02-23T01:00:00Z,0.0
2024-02-23T02:00:00Z,0.0
2024-02-23T03:00:00Z,0.0
2024-02-23T04:00:00Z,0.0
2024-02-23T05:00:00Z,0.0
2024-02-23T06:00:00Z,27.02
2024-02-23T07:00:00Z,185.5
2024-02-23T08:00:00Z,381.58
2024-02-23T09:00:00Z,565.55
2024-02-23T10:00:00Z,724.9
2024-02-23T11:00:00Z,837.58
2024-02-23T12:00:00Z,896.62
2024-02-23T13:00:00Z,838.92
2024-02-23T14:00:00Z,708.72
2024-02-23T15:00:00Z,535.35
2024-02-23T16:00:00Z,312.4
2024-02-23T17:00:00Z,109.05
2024-02-23T18:00:00Z,4.18
2024-02-23T19:00:00Z,0.0
2024-02-23T20:00:00Z,0.0
2024-02-23T21:00:00Z,0.0
2024-02-23T22:00:00Z,0.0
2024-02-23T23:00:00Z,0.0
2024-02-24T00:00:00Z,0.0
2024-02-24T01:00:00Z,0.0
2024-02-24T02:00:00Z,0.0
2024-02-24T03:00:00Z,0.0
2024-02-24T04:00:00Z,0.0
2024-02-24T05:00:00Z,0.0
2024-02-24T06:00:00Z,18.9
2024-02-24T07:00:00Z,166.4
2024-02-24T08:00:00Z,347.77
2024-02-24T09:00:00Z,519.1
2024-02-24T10:00:00Z,693.92
2024-02-24T11:00:00Z,857.88
2024-02-24T12:00:00Z,954.53
2024-02-24T13:00:00Z,818.85
2024-02-24T14:00:00Z,701.1
2024-02-24T15:00:00Z,545.17
2024-02-24T16:00:00Z,342.42
2024-02-24T17:00:00Z,123.22
2024-02-24T18:00:00Z,5.2
2024-02-24T19:00:00Z,0.0
2024-02-24T20:00:00Z,0.0
2024-02-24T21:00:00Z,0.0
2024-02-24T22:00:00Z,0.0
2024-02-24T23:00:00Z,0.0
2024-02-25T00:00:00Z,0.0
2024-02-25T01:00:00Z,0.0
2024-02-25T02:00:00Z,0.0
2024-02-25T03:00:00Z,0.0
2024-02-25T04:00:00Z,0.0
2024-02-25T05:00:00Z,0.0
2024-02-25T06:00:00Z,50.78
2024-02-25T07:00:00Z,283.5
2024-02-25T08:00:00Z,535.6
2024-02-25T09:00:00Z,738.25
2024-02-25T10:00:00Z,909.05
2024-02-25T11:00:00Z,1011.05
2024-02-25T12:00:00Z,1011.03
2024-02-25T13:00:00Z,942.42
2024-02-25T14:00:00Z,829.65
2024-02-25T15:00:00Z,625.65
2024-02-25T16:00:00Z,359.85
2024-02-25T17:00:00Z,134.25
2024-02-25T18:00:00Z,5.07
2024-02-25T19:00:00Z,0.0
2024-02-25T20:00:00Z,0.0
2024-02-25T21:00:00Z,0.0
2024-02-25T22:00:00Z,0.0
2024-02-25T23:00:00Z,0.0
2024-02-26T00:00:00Z,0.0
2024-02-26T01:00:00Z,0.0
2024-02-26T02:00:00Z,0.0
2024-02-26T03:00:00Z,0.0
2024-02-26T04:00:00Z,0.0
2024-02-26T05:00:00Z,0.0
2024-02-26T06:00:00Z,34.0
2024-02-26T07:00:00Z,221.48
2024-02-26T08:00:00Z,393.08
2024-02-26T09:00:00Z,637.97
2024-02-26T10:00:00Z,839.2
2024-02-26T11:00:00Z,887.3
2024-02-26T12:00:00Z,901.85
2024-02-26T13:00:00Z,936.47
2024-02-26T14:00:00Z,792.3
2024-02-26T15:00:00Z,625.55
2024-02-26T16:00:00Z,392.67
2024-02-26T17:00:00Z,147.07
2024-02-26T18:00:00Z,5.57
2024-02-26T19:00:00Z,0.0
2024-02-26T20:00:00Z,0.0
2024-02-26T21:00:00Z,0.0
2024-02-26T22:00:00Z,0.0
2024-02-26T23:00:00Z,0.0
2024-02-27T00:00:00Z,0.0
2024-02-27T01:00:00Z,0.0
2024-02-27T02:00:00Z,0.0
2024-02-27T03:00:00Z,0.0
2024-02-27T04:00:00Z,0.0
2024-02-27T05:00:00Z,0.0
2024-02-27T06:00:00Z,46.62
2024-02-27T07:00:00Z,282.95
2024-02-27T08:00:00Z,530.2
2024-02-27T09:00:00Z,753.12
2024-02-27T10:00:00Z,926.0
2024-02-27T11:00:00Z,1035.68
2024-02-27T12:00:00Z,1041.05
2024-02-27T13:00:00Z,974.17
2024-02-27T14:00:00Z,820.62
2024-02-27T15:00:00Z,579.08
2024-02-27T16:00:00Z,387.1
2024-02-27T17:00:00Z,134.05
2024-02-27T18:00:00Z,4.95
2024-02-27T19:00:00Z,0.0
2024-02-27T20:00:00Z,0.0
2024-02-27T21:00:00Z,0.0
2024-02-27T22:00:00Z,0.0
2024-02-27T23:00:00Z,0.0
2024-02-28T00:00:00Z,0.0
2024-02-28T01:00:00Z,0.0
2024-02-28T02:00:00Z,0.0
2024-02-28T03:00:00Z,0.0
2024-02-28T04:00:00Z,0.0
2024-02-28T05:00:00Z,0.0
2024-02-28T06:00:00Z,18.65
2024-02-28T07:00:00Z,265.02
2024-02-28T08:00:00Z,473.55
2024-02-28T09:00:00Z,639.38
2024-02-28T10:00:00Z,789.95
2024-02-28T11:00:00Z,740.15
2024-02-28T12:00:00Z,589.42
2024-02-28T13:00:00Z,394.3
2024-02-28T14:00:00Z,232.07
2024-02-28T15:00:00Z,277.8
2024-02-28T16:00:00Z,159.07
2024-02-28T17:00:00Z,55.47
2024-02-28T18:00:00Z,2.7
2024-02-28T19:00:00Z,0.0
2024-02-28T20:00:00Z,0.0
2024-02-28T21:00:00Z,0.0
2024-02-28T22:00:00Z,0.0
2024-02-28T23:00:00Z,0.0
2024-02-29T00:00:00Z,0.0
2024-02-29T01:00:00Z,0.0
2024-02-29T02:00:00Z,0.0
2024-02-29T03:00:00Z,0.0
2024-02-29T04:00:00Z,0.0
2024-02-29T05:00:00Z,0.0
2024-02-29T06:00:00Z,41.5
2024-02-29T07:00:00Z,263.08
2024-02-29T08:00:00Z,468.58
2024-02-29T09:00:00Z,718.5
2024-02-29T10:00:00Z,870.85
2024-02-29T11:00:00Z,957.38
2024-02-29T12:00:00Z,1016.5
2024-02-29T13:00:00Z,942.8
2024-02-29T14:00:00Z,805.45
2024-02-29T15:00:00Z,598.9
2024-02-29T16:00:00Z,347.67
2024-02-29T17:00:00Z,134.52
2024-02-29T18:00:00Z,4.62
2024-02-29T19:00:00Z,0.0
2024-02-29T20:00:00Z,0.0
2024-02-29T21:00:00Z,0.0
2024-02-29T22:00:00Z,0.0
2024-02-29T23:00:00Z,0.0
2024-03-01T00:00:00Z,0.0
2024-03-01T01:00:00Z,0.0
2024-03-01T02:00:00Z,0.0
2024-03-01T03:00:00Z,0.0
2024-03-01T04:00:00Z,0.0
2024-03-01T05:00:00Z,0.0
2024-03-01T06:00:00Z,40.0
2024-03-01T07:00:00Z,258.62
2024-03-01T08:00:00Z,491.98
2024-03-01T09:00:00Z,721.08
2024-03-01T10:00:00Z,847.12
2024-03-01T11:00:00Z,989.45
2024-03-01T12:00:00Z,1018.7
2024-03-01T13:00:00Z,963.12
2024-03-01T14:00:00Z,788.22
2024-03-01T15:00:00Z,554.05
2024-03-01T16:00:00Z,364.45
2024-03-01T17:00:00Z,132.4
2024-03-01T18:00:00Z,4.1
2024-03-01T19:00:00Z,0.0
2024-03-01T20:00:00Z,0.0
2024-03-01T21:00:00Z,0.0
2024-03-01T22:00:00Z,0.0
2024-03-01T23:00:00Z,0.0
2024-03-02T00:00:00Z,0.0
2024-03-02T01:00:00Z,0.0
2024-03-02T02:00:00Z,0.0
2024-03-02T03:00:00Z,0.0
2024-03-02T04:00:00Z,0.0
2024-03-02T05:00:00Z,0.0
2024-03-02T06:00:00Z,44.6
2024-03-02T07:00:00Z,265.95
2024-03-02T08:00:00Z,494.88
2024-03-02T09:00:00Z,711.85
2024-03-02T10:00:00Z,884.65
2024-03-02T11:00:00Z,961.4
2024-03-02T12:00:00Z,987.47
2024-03-02T13:00:00Z,868.33
2024-03-02T14:00:00Z,753.8
2024-03-02T15:00:00Z,555.53
2024-03-02T16:00:00Z,336.08
2024-03-02T17:00:00Z,121.78
2024-03-02T18:00:00Z,4.2
2024-03-02T19:00:00Z,0.0
2024-03-02T20:00:00Z,0.0
2024-03-02T21:00:00Z,0.0
2024-03-02T22:00:00Z,0.0
2024-03-02T23:00:00Z,0.0
2024-03-03T00:00:00Z,0.0
2024-03-03T01:00:00Z,0.0
2024-03-03T02:00:00Z,0.0
2024-03-03T03:00:00Z,0.0
2024-03-03T04:00:00Z,0.0
2024-03-03T05:00:00Z,0.0
2024-03-03T06:00:00Z,40.05
2024-03-03T07:00:00Z,221.57
2024-03-03T08:00:00Z,452.48
2024-03-03T09:00:00Z,636.4
2024-03-03T10:00:00Z,800.38
2024-03-03T11:00:00Z,867.38
2024-03-03T12:00:00Z,872.3
2024-03-03T13:00:00Z,886.95
2024-03-03T14:00:00Z,758.47
2024-03-03T15:00:00Z,563.85
2024-03-03T16:00:00Z,353.98
2024-03-03T17:00:00Z,122.78
2024-03-03T18:00:00Z,4.12
2024-03-03T19:00:00Z,0.0
2024-03-03T20:00:00Z,0.0
2024-03-03T21:00:00Z,0.0
2024-03-03T22:00:00Z,0.0
2024-03-03T23:00:00Z,0.0
2024-03-04T00:00:00Z,0.0
2024-03-04T01:00:00Z,0.0
2024-03-04T02:00:00Z,0.0
2024-03-04T03:00:00Z,0.0
2024-03-04T04:00:00Z,0.0
2024-03-04T05:00:00Z,0.0
2024-03-04T06:00:00Z,18.75
2024-03-04T07:00:00Z,131.73
2024-03-04T08:00:00Z,259.3
2024-03-04T09:00:00Z,441.88
2024-03-04T10:00:00Z,544.8
2024-03-04T11:00:00Z,563.33
2024-03-04T12:00:00Z,442.77
2024-03-04T13:00:00Z,495.38
2024-03-04T14:00:00Z,400.85
2024-03-04T15:00:00Z,389.4
2024-03-04T16:00:00Z,212.55
2024-03-04T17:00:00Z,68.68
2024-03-04T18:00:00Z,2.25
2024-03-04T19:00:00Z,0.0
2024-03-04T20:00:00Z,0.0
2024-03-04T21:00:00Z,0.0
2024-03-04T22:00:00Z,0.0
2024-03-04T23:00:00Z,0.0
2024-03-05T00:00:00Z,0.0
2024-03-05T01:00:00Z,0.0
2024-03-05T02:00:00Z,0.0
2024-03-05T03:00:00Z,0.0
2024-03-05T04:00:00Z,0.0
2024-03-05T05:00:00Z,0.0
2024-03-05T06:00:00Z,21.83
2024-03-05T07:00:00Z,198.0
2024-03-05T08:00:00Z,422.55
2024-03-05T09:00:00Z,618.55
2024-03-05T10:00:00Z,812.35
2024-03-05T11:00:00Z,956.0
2024-03-05T12:00:00Z,915.05
2024-03-05T13:00:00Z,826.62
2024-03-05T14:00:00Z,633.95
2024-03-05T15:00:00Z,486.55
2024-03-05T16:00:00Z,278.77
2024-03-05T17:00:00Z,104.45
2024-03-05T18:00:00Z,2.6
2024-03-05T19:00:00Z,0.0
2024-03-05T20:00:00Z,0.0
2024-03-05T21:00:00Z,0.0
2024-03-05T22:00:00Z,0.0
2024-03-05T23:00:00Z,0.0
2024-03-06T00:00:00Z,0.0
2024-03-06T01:00:00Z,0.0
2024-03-06T02:00:00Z,0.0
2024-03-06T03:00:00Z,0.0
2024-03-06T04:00:00Z,0.0
2024-03-06T05:00:00Z,0.0
2024-03-06T06:00:00Z,40.95
2024-03-06T07:00:00Z,213.48
2024-03-06T08:00:00Z,412.17
2024-03-06T09:00:00Z,602.6
2024-03-06T10:00:00Z,747.85
2024-03-06T11:00:00Z,813.75
2024-03-06T12:00:00Z,835.9
2024-03-06T13:00:00Z,816.15
2024-03-06T14:00:00Z,745.6
2024-03-06T15:00:00Z,537.4
2024-03-06T16:00:00Z,315.83
2024-03-06T17:00:00Z,113.22
2024-03-06T18:00:00Z,0.0
2024-03-06T19:00:00Z,0.0
2024-03-06T20:00:00Z,0.0
2024-03-06T21:00:00Z,0.0
2024-03-06T22:00:00Z,0.0
2024-03-06T23:00:00Z,0.0
2024-03-07T00:00:00Z,0.0
2024-03-07T01:00:00Z,0.0
2024-03-07T02:00:00Z,0.0
2024-03-07T03:00:00Z,0.0
2024-03-07T04:00:00Z,0.0
2024-03-07T05:00:00Z,0.0
2024-03-07T06:00:00Z,46.65
2024-03-07T07:00:00Z,274.98
2024-03-07T08:00:00Z,519.38
2024-03-07T09:00:00Z,732.47
2024-03-07T10:00:00Z,889.17
2024-03-07T11:00:00Z,1002.25
2024-03-07T12:00:00Z,1015.2
2024-03-07T13:00:00Z,962.58
2024-03-07T14:00:00Z,832.12
2024-03-07T15:00:00Z,636.83
2024-03-07T16:00:00Z,399.02
2024-03-07T17:00:00Z,153.65
2024-03-07T18:00:00Z,0.0
2024-03-07T19:00:00Z,0.0
2024-03-07T20:00:00Z,0.0
2024-03-07T21:00:00Z,0.0
2024-03-07T22:00:00Z,0.0
2024-03-07T23:00:00Z,0.0
2024-03-08T00:00:00Z,0.0
2024-03-08T01:00:00Z,0.0
2024-03-08T02:00:00Z,0.0
2024-03-08T03:00:00Z,0.0
2024-03-08T04:00:00Z,0.0
2024-03-08T05:00:00Z,0.0
2024-03-08T06:00:00Z,46.92
2024-03-08T07:00:00Z,267.77
2024-03-08T08:00:00Z,524.4
2024-03-08T09:00:00Z,701.15
2024-03-08T10:00:00Z,892.72
2024-03-08T11:00:00Z,974.5
2024-03-08T12:00:00Z,936.15
2024-03-08T13:00:00Z,836.1
2024-03-08T14:00:00Z,710.55
2024-03-08T15:00:00Z,466.9
2024-03-08T16:00:00Z,285.3
2024-03-08T17:00:00Z,107.0
2024-03-08T18:00:00Z,0.0
2024-03-08T19:00:00Z,0.0
2024-03-08T20:00:00Z,0.0
2024-03-08T21:00:00Z,0.0
2024-03-08T22:00:00Z,0.0
2024-03-08T23:00:00Z,0.0
2024-03-09T00:00:00Z,0.0
2024-03-09T01:00:00Z,0.0
2024-03-09T02:00:00Z,0.0
2024-03-09T03:00:00Z,0.0
2024-03-09T04:00:00Z,0.0
2024-03-09T05:00:00Z,0.0
2024-03-09T06:00:00Z,30.25
2024-03-09T07:00:00Z,225.15
2024-03-09T08:00:00Z,417.62
2024-03-09T09:00:00Z,625.62
2024-03-09T10:00:00Z,791.72
2024-03-09T11:00:00Z,868.28
2024-03-09T12:00:00Z,812.55
2024-03-09T13:00:00Z,707.15
2024-03-09T14:00:00Z,802.17
2024-03-09T15:00:00Z,632.62
2024-03-09T16:00:00Z,392.88
2024-03-09T17:00:00Z,147.32
2024-03-09T18:00:00Z,0.0
2024-03-09T19:00:00Z,0.0
2024-03-09T20:00:00Z,0.0
2024-03-09T21:00:00Z,0.0
2024-03-09T22:00:00Z,0.0
2024-03-09T23:00:00Z,0.0
2024-03-10T00:00:00Z,0.0
2024-03-10T01:00:00Z,0.0
2024-03-10T02:00:00Z,0.0
2024-03-10T03:00:00Z,0.0
2024-03-10T04:00:00Z,0.0
2024-03-10T05:00:00Z,0.0
2024-03-10T06:00:00Z,46.6
2024-03-10T07:00:00Z,268.4
2024-03-10T08:00:00Z,515.75
2024-03-10T09:00:00Z,729.67
2024-03-10T10:00:00Z,887.55
2024-03-10T11:00:00Z,966.25
2024-03-10T12:00:00Z,970.22
2024-03-10T13:00:00Z,937.33
2024-03-10T14:00:00Z,783.12
2024-03-10T15:00:00Z,553.92
2024-03-10T16:00:00Z,333.8
2024-03-10T17:00:00Z,113.12
2024-03-10T18:00:00Z,0.0
2024-03-10T19:00:00Z,0.0
2024-03-10T20:00:00Z,0.0
2024-03-10T21:00:00Z,0.0
2024-03-10T22:00:00Z,0.0
2024-03-10T23:00:00Z,0.0
2024-03-11T00:00:00Z,0.0
2024-03-11T01:00:00Z,0.0
2024-03-11T02:00:00Z,0.0
2024-03-11T03:00:00Z,0.0
2024-03-11T04:00:00Z,0.0
2024-03-11T05:00:00Z,0.0
2024-03-11T06:00:00Z,33.88
2024-03-11T07:00:00Z,194.38
2024-03-11T08:00:00Z,410.5
2024-03-11T09:00:00Z,612.0
2024-03-11T10:00:00Z,745.95
2024-03-11T11:00:00Z,769.92
2024-03-11T12:00:00Z,809.4
2024-03-11T13:00:00Z,615.33
2024-03-11T14:00:00Z,489.65
2024-03-11T15:00:00Z,354.9
2024-03-11T16:00:00Z,211.15
2024-03-11T17:00:00Z,81.57
2024-03-11T18:00:00Z,0.0
2024-03-11T19:00:00Z,0.0
2024-03-11T20:00:00Z,0.0
2024-03-11T21:00:00Z,0.0
2024-03-11T22:00:00Z,0.0
2024-03-11T23:00:00Z,0.0
2024-03-12T00:00:00Z,0.0
2024-03-12T01:00:00Z,0.0
2024-03-12T02:00:00Z,0.0
2024-03-12T03:00:00Z,0.0
2024-03-12T04:00:00Z,0.0
2024-03-12T05:00:00Z,0.0
2024-03-12T06:00:00Z,46.97
2024-03-12T07:00:00Z,276.62
2024-03-12T08:00:00Z,527.0
2024-03-12T09:00:00Z,723.6
2024-03-12T10:00:00Z,868.53
2024-03-12T11:00:00Z,930.38
2024-03-12T12:00:00Z,894.12
2024-03-12T13:00:00Z,864.47
2024-03-12T14:00:00Z,781.75
2024-03-12T15:00:00Z,552.58
2024-03-12T16:00:00Z,331.88
2024-03-12T17:00:00Z,108.07
2024-03-12T18:00:00Z,0.0
2024-03-12T19:00:00Z,0.0
2024-03-12T20:00:00Z,0.0
2024-03-12T21:00:00Z,0.0
2024-03-12T22:00:00Z,0.0
2024-03-12T23:00:00Z,0.0
2024-03-13T00:00:00Z,0.0
2024-03-13T01:00:00Z,0.0
2024-03-13T02:00:00Z,0.0
2024-03-13T03:00:00Z,0.0
2024-03-13T04:00:00Z,0.0
2024-03-13T05:00:00Z,0.0
2024-03-13T06:00:00Z,47.47
2024-03-13T07:00:00Z,255.1
2024-03-13T08:00:00Z,462.33
2024-03-13T09:00:00Z,621.35
2024-03-13T10:00:00Z,796.17
2024-03-13T11:00:00Z,860.4
2024-03-13T12:00:00Z,798.95
2024-03-13T13:00:00Z,737.65
2024-03-13T14:00:00Z,394.05
2024-03-13T15:00:00Z,221.77
2024-03-13T16:00:00Z,133.5
2024-03-13T17:00:00Z,55.2
2024-03-13T18:00:00Z,0.0
2024-03-13T19:00:00Z,0.0
2024-03-13T20:00:00Z,0.0
2024-03-13T21:00:00Z,0.0
2024-03-13T22:00:00Z,0.0
2024-03-13T23:00:00Z,0.0
2024-03-14T00:00:00Z,0.0
2024-03-14T01:00:00Z,0.0
2024-03-14T02:00:00Z,0.0
2024-03-14T03:00:00Z,0.0
2024-03-14T04:00:00Z,0.0
2024-03-14T05:00:00Z,0.0
2024-03-14T06:00:00Z,30.83
2024-03-14T07:00:00Z,201.65
2024-03-14T08:00:00Z,412.05
2024-03-14T09:00:00Z,602.42
2024-03-14T10:00:00Z,769.88
2024-03-14T11:00:00Z,853.85
2024-03-14T12:00:00Z,854.3
2024-03-14T13:00:00Z,844.62
2024-03-14T14:00:00Z,648.5
2024-03-14T15:00:00Z,501.23
2024-03-14T16:00:00Z,301.08
2024-03-14T17:00:00Z,96.8
2024-03-14T18:00:00Z,0.0
2024-03-14T19:00:00Z,0.0
2024-03-14T20:00:00Z,0.0
2024-03-14T21:00:00Z,0.0
2024-03-14T22:00:00Z,0.0
2024-03-14T23:00:00Z,0.0
2024-03-15T00:00:00Z,0.0
2024-03-15T01:00:00Z,0.0
2024-03-15T02:00:00Z,0.0
2024-03-15T03:00:00Z,0.0
2024-03-15T04:00:00Z,0.0
2024-03-15T05:00:00Z,0.0
2024-03-15T06:00:00Z,52.38
2024-03-15T07:00:00Z,293.92
2024-03-15T08:00:00Z,535.8
2024-03-15T09:00:00Z,752.95
2024-03-15T10:00:00Z,905.9
2024-03-15T11:00:00Z,1005.4
2024-03-15T12:00:00Z,1013.17
2024-03-15T13:00:00Z,953.2
2024-03-15T14:00:00Z,814.33
2024-03-15T15:00:00Z,601.97
2024-03-15T16:00:00Z,352.58
2024-03-15T17:00:00Z,124.15
2024-03-15T18:00:00Z,0.0
2024-03-15T19:00:00Z,0.0
2024-03-15T20:00:00Z,0.0
2024-03-15T21:00:00Z,0.0
2024-03-15T22:00:00Z,0.0
2024-03-15T23:00:00Z,0.0
2024-03-16T00:00:00Z,0.0
2024-03-16T01:00:00Z,0.0
2024-03-16T02:00:00Z,0.0
2024-03-16T03:00:00Z,0.0
2024-03-16T04:00:00Z,0.0
2024-03-16T05:00:00Z,0.0
2024-03-16T06:00:00Z,49.45
2024-03-16T07:00:00Z,279.02
2024-03-16T08:00:00Z,527.65
2024-03-16T09:00:00Z,740.35
2024-03-16T10:00:00Z,889.6
2024-03-16T11:00:00Z,924.15
2024-03-16T12:00:00Z,969.75
2024-03-16T13:00:00Z,894.38
2024-03-16T14:00:00Z,746.25
2024-03-16T15:00:00Z,526.7
2024-03-16T16:00:00Z,321.75
2024-03-16T17:00:00Z,109.72
2024-03-16T18:00:00Z,0.0
2024-03-16T19:00:00Z,0.0
2024-03-16T20:00:00Z,0.0
2024-03-16T21:00:00Z,0.0
2024-03-16T22:00:00Z,0.0
2024-03-16T23:00:00Z,0.0
2024-03-17T00:00:00Z,0.0
2024-03-17T01:00:00Z,0.0
2024-03-17T02:00:00Z,0.0
2024-03-17T03:00:00Z,0.0
2024-03-17T04:00:00Z,0.0
2024-03-17T05:00:00Z,0.0
2024-03-17T06:00:00Z,40.83
2024-03-17T07:00:00Z,252.65
2024-03-17T08:00:00Z,500.83
2024-03-17T09:00:00Z,715.95
2024-03-17T10:00:00Z,863.85
2024-03-17T11:00:00Z,948.53
2024-03-17T12:00:00Z,927.0
2024-03-17T13:00:00Z,799.9
2024-03-17T14:00:00Z,701.47
2024-03-17T15:00:00Z,503.15
2024-03-17T16:00:00Z,293.05
2024-03-17T17:00:00Z,100.88
2024-03-17T18:00:00Z,0.0
2024-03-17T19:00:00Z,0.0
2024-03-17T20:00:00Z,0.0
2024-03-17T21:00:00Z,0.0
2024-03-17T22:00:00Z,0.0
2024-03-17T23:00:00Z,0.0
2024-03-18T00:00:00Z,0.0
2024-03-18T01:00:00Z,0.0
2024-03-18T02:00:00Z,0.0
2024-03-18T03:00:00Z,0.0
2024-03-18T04:00:00Z,0.0
2024-03-18T05:00:00Z,0.0
2024-03-18T06:00:00Z,51.75
2024-03-18T07:00:00Z,289.25
2024-03-18T08:00:00Z,536.85
2024-03-18T09:00:00Z,751.8
2024-03-18T10:00:00Z,904.67
2024-03-18T11:00:00Z,982.67
2024-03-18T12:00:00Z,988.47
2024-03-18T13:00:00Z,939.65
2024-03-18T14:00:00Z,772.6
2024-03-18T15:00:00Z,575.47
2024-03-18T16:00:00Z,351.92
2024-03-18T17:00:00Z,117.12
2024-03-18T18:00:00Z,0.0
2024-03-18T19:00:00Z,0.0
2024-03-18T20:00:00Z,0.0
2024-03-18T21:00:00Z,0.0
2024-03-18T22:00:00Z,0.0
2024-03-18T23:00:00Z,0.0
2024-03-19T00:00:00Z,0.0
2024-03-19T01:00:00Z,0.0
2024-03-19T02:00:00Z,0.0
2024-03-19T03:00:00Z,0.0
2024-03-19T04:00:00Z,0.0
2024-03-19T05:00:00Z,0.0
2024-03-19T06:00:00Z,37.62
2024-03-19T07:00:00Z,165.93
2024-03-19T08:00:00Z,329.67
2024-03-19T09:00:00Z,479.27
2024-03-19T10:00:00Z,604.5
2024-03-19T11:00:00Z,441.62
2024-03-19T12:00:00Z,398.05
2024-03-19T13:00:00Z,356.27
2024-03-19T14:00:00Z,296.17
2024-03-19T15:00:00Z,165.43
2024-03-19T16:00:00Z,75.53
2024-03-19T17:00:00Z,30.15
2024-03-19T18:00:00Z,0.0
2024-03-19T19:00:00Z,0.0
2024-03-19T20:00:00Z,0.0
2024-03-19T21:00:00Z,0.0
2024-03-19T22:00:00Z,0.0
2024-03-19T23:00:00Z,0.0
2024-03-20T00:00:00Z,0.0
2024-03-20T01:00:00Z,0.0
2024-03-20T02:00:00Z,0.0
2024-03-20T03:00:00Z,0.0
2024-03-20T04:00:00Z,0.0
2024-03-20T05:00:00Z,0.0
2024-03-20T06:00:00Z,47.05
2024-03-20T07:00:00Z,276.75
2024-03-20T08:00:00Z,517.83
2024-03-20T09:00:00Z,733.33
2024-03-20T10:00:00Z,885.4
2024-03-20T11:00:00Z,956.7
2024-03-20T12:00:00Z,958.2
2024-03-20T13:00:00Z,898.05
2024-03-20T14:00:00Z,768.47
2024-03-20T15:00:00Z,580.22
2024-03-20T16:00:00Z,337.55
2024-03-20T17:00:00Z,107.95
2024-03-20T18:00:00Z,0.0
2024-03-20T19:00:00Z,0.0
2024-03-20T20:00:00Z,0.0
2024-03-20T21:00:00Z,0.0
2024-03-20T22:00:00Z,0.0
2024-03-20T23:00:00Z,0.0
2024-03-21T00:00:00Z,0.0
2024-03-21T01:00:00Z,0.0
2024-03-21T02:00:00Z,0.0
2024-03-21T03:00:00Z,0.0
2024-03-21T04:00:00Z,0.0
2024-03-21T05:00:00Z,0.0
2024-03-21T06:00:00Z,50.8
2024-03-21T07:00:00Z,286.25
2024-03-21T08:00:00Z,533.33
2024-03-21T09:00:00Z,748.67
2024-03-21T10:00:00Z,900.8
2024-03-21T11:00:00Z,983.65
2024-03-21T12:00:00Z,989.05
2024-03-21T13:00:00Z,917.88
2024-03-21T14:00:00Z,673.2
2024-03-21T15:00:00Z,520.62
2024-03-21T16:00:00Z,326.02
2024-03-21T17:00:00Z,107.55
2024-03-21T18:00:00Z,0.0
2024-03-21T19:00:00Z,0.0
2024-03-21T20:00:00Z,0.0
2024-03-21T21:00:00Z,0.0
2024-03-21T22:00:00Z,0.0
2024-03-21T23:00:00Z,0.0
2024-03-22T00:00:00Z,0.0
2024-03-22T01:00:00Z,0.0
2024-03-22T02:00:00Z,0.0
2024-03-22T03:00:00Z,0.0
2024-03-22T04:00:00Z,0.0
2024-03-22T05:00:00Z,0.0
2024-03-22T06:00:00Z,34.78
2024-03-22T07:00:00Z,210.95
2024-03-22T08:00:00Z,442.95
2024-03-22T09:00:00Z,637.6
2024-03-22T10:00:00Z,793.33
2024-03-22T11:00:00Z,876.3
2024-03-22T12:00:00Z,857.1
2024-03-22T13:00:00Z,786.88
2024-03-22T14:00:00Z,664.47
2024-03-22T15:00:00Z,464.42
2024-03-22T16:00:00Z,252.05
2024-03-22T17:00:00Z,64.9
2024-03-22T18:00:00Z,0.0
2024-03-22T19:00:00Z,0.0
2024-03-22T20:00:00Z,0.0
2024-03-22T21:00:00Z,0.0
2024-03-22T22:00:00Z,0.0
2024-03-22T23:00:00Z,0.0
2024-03-23T00:00:00Z,0.0
2024-03-23T01:00:00Z,0.0
2024-03-23T02:00:00Z,0.0
2024-03-23T03:00:00Z,0.0
2024-03-23T04:00:00Z,0.0
2024-03-23T05:00:00Z,0.0
2024-03-23T06:00:00Z,41.67
2024-03-23T07:00:00Z,254.4
2024-03-23T08:00:00Z,496.27
2024-03-23T09:00:00Z,698.92
2024-03-23T10:00:00Z,848.92
2024-03-23T11:00:00Z,923.2
2024-03-23T12:00:00Z,946.8
2024-03-23T13:00:00Z,865.53
2024-03-23T14:00:00Z,764.85
2024-03-23T15:00:00Z,556.62
2024-03-23T16:00:00Z,326.88
2024-03-23T17:00:00Z,92.35
2024-03-23T18:00:00Z,0.0
2024-03-23T19:00:00Z,0.0
2024-03-23T20:00:00Z,0.0
2024-03-23T21:00:00Z,0.0
2024-03-23T22:00:00Z,0.0
2024-03-23T23:00:00Z,0.0
2024-03-24T00:00:00Z,0.0
2024-03-24T01:00:00Z,0.0
2024-03-24T02:00:00Z,0.0
2024-03-24T03:00:00Z,0.0
2024-03-24T04:00:00Z,0.0
2024-03-24T05:00:00Z,0.0
2024-03-24T06:00:00Z,47.88
2024-03-24T07:00:00Z,264.52
2024-03-24T08:00:00Z,496.23
2024-03-24T09:00:00Z,692.78
2024-03-24T10:00:00Z,849.45
2024-03-24T11:00:00Z,902.08
2024-03-24T12:00:00Z,882.08
2024-03-24T13:00:00Z,795.47
2024-03-24T14:00:00Z,705.25
2024-03-24T15:00:00Z,456.48
2024-03-24T16:00:00Z,247.05
2024-03-24T17:00:00Z,60.5
2024-03-24T18:00:00Z,0.0
2024-03-24T19:00:00Z,0.0
2024-03-24T20:00:00Z,0.0
2024-03-24T21:00:00Z,0.0
2024-03-24T22:00:00Z,0.0
2024-03-24T23:00:00Z,0.0
2024-03-25T00:00:00Z,0.0
2024-03-25T01:00:00Z,0.0
2024-03-25T02:00:00Z,0.0
2024-03-25T03:00:00Z,0.0
2024-03-25T04:00:00Z,0.0
2024-03-25T05:00:00Z,0.0
2024-03-25T06:00:00Z,23.83
2024-03-25T07:00:00Z,149.38
2024-03-25T08:00:00Z,334.25
2024-03-25T09:00:00Z,528.8
2024-03-25T10:00:00Z,660.65
2024-03-25T11:00:00Z,665.6
2024-03-25T12:00:00Z,673.33
2024-03-25T13:00:00Z,577.45
2024-03-25T14:00:00Z,593.72
2024-03-25T15:00:00Z,454.77
2024-03-25T16:00:00Z,258.05
2024-03-25T17:00:00Z,78.6
2024-03-25T18:00:00Z,0.0
2024-03-25T19:00:00Z,0.0
2024-03-25T20:00:00Z,0.0
2024-03-25T21:00:00Z,0.0
2024-03-25T22:00:00Z,0.0
2024-03-25T23:00:00Z,0.0
2024-03-26T00:00:00Z,0.0
2024-03-26T01:00:00Z,0.0
2024-03-26T02:00:00Z,0.0
2024-03-26T03:00:00Z,0.0
2024-03-26T04:00:00Z,0.0
2024-03-26T05:00:00Z,0.0
2024-03-26T06:00:00Z,37.97
2024-03-26T07:00:00Z,236.93
2024-03-26T08:00:00Z,445.42
2024-03-26T09:00:00Z,651.45
2024-03-26T10:00:00Z,810.6
2024-03-26T11:00:00Z,911.15
2024-03-26T12:00:00Z,960.85
2024-03-26T13:00:00Z,859.58
2024-03-26T14:00:00Z,727.85
2024-03-26T15:00:00Z,540.58
2024-03-26T16:00:00Z,316.25
2024-03-26T17:00:00Z,89.15
2024-03-26T18:00:00Z,0.0
2024-03-26T19:00:00Z,0.0
2024-03-26T20:00:00Z,0.0
2024-03-26T21:00:00Z,0.0
2024-03-26T22:00:00Z,0.0
2024-03-26T23:00:00Z,0.0
2024-03-27T00:00:00Z,0.0
2024-03-27T01:00:00Z,0.0
2024-03-27T02:00:00Z,0.0
2024-03-27T03:00:00Z,0.0
2024-03-27T04:00:00Z,0.0
2024-03-27T05:00:00Z,0.0
2024-03-27T06:00:00Z,23.38
2024-03-27T07:00:00Z,225.3
2024-03-27T08:00:00Z,381.23
2024-03-27T09:00:00Z,557.7
2024-03-27T10:00:00Z,717.53
2024-03-27T11:00:00Z,812.03
2024-03-27T12:00:00Z,801.03
2024-03-27T13:00:00Z,686.55
2024-03-27T14:00:00Z,487.4
2024-03-27T15:00:00Z,162.5
2024-03-27T16:00:00Z,85.35
2024-03-27T17:00:00Z,24.8
2024-03-27T18:00:00Z,0.0
2024-03-27T19:00:00Z,0.0
2024-03-27T20:00:00Z,0.0
2024-03-27T21:00:00Z,0.0
2024-03-27T22:00:00Z,0.0
2024-03-27T23:00:00Z,0.0
2024-03-28T00:00:00Z,0.0
2024-03-28T01:00:00Z,0.0
2024-03-28T02:00:00Z,0.0
2024-03-28T03:00:00Z,0.0
2024-03-28T04:00:00Z,0.0
2024-03-28T05:00:00Z,0.0
2024-03-28T06:00:00Z,15.02
2024-03-28T07:00:00Z,83.7
2024-03-28T08:00:00Z,183.35
2024-03-28T09:00:00Z,257.58
2024-03-28T10:00:00Z,338.05
2024-03-28T11:00:00Z,421.75
2024-03-28T12:00:00Z,458.05
2024-03-28T13:00:00Z,417.17
2024-03-28T14:00:00Z,407.45
2024-03-28T15:00:00Z,268.88
2024-03-28T16:00:00Z,144.25
2024-03-28T17:00:00Z,43.47
2024-03-28T18:00:00Z,0.0
2024-03-28T19:00:00Z,0.0
2024-03-28T20:00:00Z,0.0
2024-03-28T21:00:00Z,0.0
2024-03-28T22:00:00Z,0.0
2024-03-28T23:00:00Z,0.0
2024-03-29T00:00:00Z,0.0
2024-03-29T01:00:00Z,0.0
2024-03-29T02:00:00Z,0.0
2024-03-29T03:00:00Z,0.0
2024-03-29T04:00:00Z,0.0
2024-03-29T05:00:00Z,0.0
2024-03-29T06:00:00Z,45.33
2024-03-29T07:00:00Z,259.1
2024-03-29T08:00:00Z,511.23
2024-03-29T09:00:00Z,716.1
2024-03-29T10:00:00Z,764.75
2024-03-29T11:00:00Z,801.12
2024-03-29T12:00:00Z,839.72
2024-03-29T13:00:00Z,840.67
2024-03-29T14:00:00Z,670.05
2024-03-29T15:00:00Z,449.9
2024-03-29T16:00:00Z,248.05
2024-03-29T17:00:00Z,63.58
2024-03-29T18:00:00Z,0.0
2024-03-29T19:00:00Z,0.0
2024-03-29T20:00:00Z,0.0
2024-03-29T21:00:00Z,0.0
2024-03-29T22:00:00Z,0.0
2024-03-29T23:00:00Z,0.0
2024-03-30T00:00:00Z,0.0
2024-03-30T01:00:00Z,0.0
2024-03-30T02:00:00Z,0.0
2024-03-30T03:00:00Z,0.0
2024-03-30T04:00:00Z,0.0
2024-03-30T05:00:00Z,0.0
2024-03-30T06:00:00Z,41.33
2024-03-30T07:00:00Z,254.45
2024-03-30T08:00:00Z,487.65
2024-03-30T09:00:00Z,682.0
2024-03-30T10:00:00Z,837.6
2024-03-30T11:00:00Z,923.67
2024-03-30T12:00:00Z,922.12
2024-03-30T13:00:00Z,869.35
2024-03-30T14:00:00Z,733.97
2024-03-30T15:00:00Z,556.03
2024-03-30T16:00:00Z,322.67
2024-03-30T17:00:00Z,89.72
2024-03-30T18:00:00Z,0.0
2024-03-30T19:00:00Z,0.0
2024-03-30T20:00:00Z,0.0
2024-03-30T21:00:00Z,0.0
2024-03-30T22:00:00Z,0.0
2024-03-30T23:00:00Z,0.0
2024-03-31T00:00:00Z,0.0
2024-03-31T01:00:00Z,0.0
2024-03-31T02:00:00Z,0.0
2024-03-31T03:00:00Z,0.0
2024-03-31T04:00:00Z,0.0
2024-03-31T05:00:00Z,0.0
2024-03-31T06:00:00Z,44.0
2024-03-31T07:00:00Z,262.15
2024-03-31T08:00:00Z,508.65
2024-03-31T09:00:00Z,717.95
2024-03-31T10:00:00Z,836.9
2024-03-31T11:00:00Z,946.05
2024-03-31T12:00:00Z,949.78
2024-03-31T13:00:00Z,857.35
2024-03-31T14:00:00Z,672.58
2024-03-31T15:00:00Z,501.9
2024-03-31T16:00:00Z,273.4
2024-03-31T17:00:00Z,67.38
2024-03-31T18:00:00Z,0.0
2024-03-31T19:00:00Z,0.0
2024-03-31T20:00:00Z,0.0
2024-03-31T21:00:00Z,0.0
2024-03-31T22:00:00Z,0.0
2024-03-31T23:00:00Z,0.0
2024-04-01T00:00:00Z,0.0
2024-04-01T01:00:00Z,0.0
2024-04-01T02:00:00Z,0.0
2024-04-01T03:00:00Z,0.0
2024-04-01T04:00:00Z,0.0
2024-04-01T05:00:00Z,0.0
2024-04-01T06:00:00Z,43.83
2024-04-01T07:00:00Z,254.1
2024-04-01T08:00:00Z,494.17
2024-04-01T09:00:00Z,698.67
2024-04-01T10:00:00Z,860.2
2024-04-01T11:00:00Z,934.45
2024-04-01T12:00:00Z,952.3
2024-04-01T13:00:00Z,821.72
2024-04-01T14:00:00Z,746.92
2024-04-01T15:00:00Z,536.12
2024-04-01T16:00:00Z,308.52
2024-04-01T17:00:00Z,77.47
2024-04-01T18:00:00Z,0.0
2024-04-01T19:00:00Z,0.0
2024-04-01T20:00:00Z,0.0
2024-04-01T21:00:00Z,0.0
2024-04-01T22:00:00Z,0.0
2024-04-01T23:00:00Z,0.0
2024-04-02T00:00:00Z,0.0
2024-04-02T01:00:00Z,0.0
2024-04-02T02:00:00Z,0.0
2024-04-02T03:00:00Z,0.0
2024-04-02T04:00:00Z,0.0
2024-04-02T05:00:00Z,0.0
2024-04-02T06:00:00Z,35.62
2024-04-02T07:00:00Z,165.43
2024-04-02T08:00:00Z,336.15
2024-04-02T09:00:00Z,482.4
2024-04-02T10:00:00Z,749.0
2024-04-02T11:00:00Z,725.2
2024-04-02T12:00:00Z,767.15
2024-04-02T13:00:00Z,703.03
2024-04-02T14:00:00Z,515.67
2024-04-02T15:00:00Z,270.98
2024-04-02T16:00:00Z,159.05
2024-04-02T17:00:00Z,39.1
2024-04-02T18:00:00Z,0.0
2024-04-02T19:00:00Z,0.0
2024-04-02T20:00:00Z,0.0
2024-04-02T21:00:00Z,0.0
2024-04-02T22:00:00Z,0.0
2024-04-02T23:00:00Z,0.0
2024-04-03T00:00:00Z,0.0
2024-04-03T01:00:00Z,0.0
2024-04-03T02:00:00Z,0.0
2024-04-03T03:00:00Z,0.0
2024-04-03T04:00:00Z,0.0
2024-04-03T05:00:00Z,0.0
2024-04-03T06:00:00Z,35.9
2024-04-03T07:00:00Z,201.88
2024-04-03T08:00:00Z,404.4
2024-04-03T09:00:00Z,594.78
2024-04-03T10:00:00Z,622.62
2024-04-03T11:00:00Z,764.65
2024-04-03T12:00:00Z,856.2
2024-04-03T13:00:00Z,845.47
2024-04-03T14:00:00Z,656.95
2024-04-03T15:00:00Z,494.75
2024-04-03T16:00:00Z,268.38
2024-04-03T17:00:00Z,64.38
2024-04-03T18:00:00Z,0.0
2024-04-03T19:00:00Z,0.0
2024-04-03T20:00:00Z,0.0
2024-04-03T21:00:00Z,0.0
2024-04-03T22:00:00Z,0.0
2024-04-03T23:00:00Z,0.0
2024-04-04T00:00:00Z,0.0
2024-04-04T01:00:00Z,0.0
2024-04-04T02:00:00Z,0.0
2024-04-04T03:00:00Z,0.0
2024-04-04T04:00:00Z,0.0
2024-04-04T05:00:00Z,0.0
2024-04-04T06:00:00Z,51.8
2024-04-04T07:00:00Z,279.2
2024-04-04T08:00:00Z,518.35
2024-04-04T09:00:00Z,714.3
2024-04-04T10:00:00Z,824.05
2024-04-04T11:00:00Z,938.55
2024-04-04T12:00:00Z,912.33
2024-04-04T13:00:00Z,852.47
2024-04-04T14:00:00Z,721.47
2024-04-04T15:00:00Z,519.62
2024-04-04T16:00:00Z,289.85
2024-04-04T17:00:00Z,66.68
2024-04-04T18:00:00Z,0.0
2024-04-04T19:00:00Z,0.0
2024-04-04T20:00:00Z,0.0
2024-04-04T21:00:00Z,0.0
2024-04-04T22:00:00Z,0.0
2024-04-04T23:00:00Z,0.0
2024-04-05T00:00:00Z,0.0
2024-04-05T01:00:00Z,0.0
2024-04-05T02:00:00Z,0.0
2024-04-05T03:00:00Z,0.0
2024-04-05T04:00:00Z,0.0
2024-04-05T05:00:00Z,0.0
2024-04-05T06:00:00Z,32.6
2024-04-05T07:00:00Z,184.45
2024-04-05T08:00:00Z,369.52
2024-04-05T09:00:00Z,536.92
2024-04-05T10:00:00Z,632.5
2024-04-05T11:00:00Z,688.2
2024-04-05T12:00:00Z,515.47
2024-04-05T13:00:00Z,526.12
2024-04-05T14:00:00Z,471.02
2024-04-05T15:00:00Z,283.7
2024-04-05T16:00:00Z,157.2
2024-04-05T17:00:00Z,33.85
2024-04-05T18:00:00Z,0.0
2024-04-05T19:00:00Z,0.0
2024-04-05T20:00:00Z,0.0
2024-04-05T21:00:00Z,0.0
2024-04-05T22:00:00Z,0.0
2024-04-05T23:00:00Z,0.0
2024-04-06T00:00:00Z,0.0
2024-04-06T01:00:00Z,0.0
2024-04-06T02:00:00Z,0.0
2024-04-06T03:00:00Z,0.0
2024-04-06T04:00:00Z,0.0
2024-04-06T05:00:00Z,0.0
2024-04-06T06:00:00Z,5.82
2024-04-06T07:00:00Z,26.6
2024-04-06T08:00:00Z,47.3
2024-04-06T09:00:00Z,122.85
2024-04-06T10:00:00Z,371.2
2024-04-06T11:00:00Z,537.97
2024-04-06T12:00:00Z,615.75
2024-04-06T13:00:00Z,603.08
2024-04-06T14:00:00Z,514.47
2024-04-06T15:00:00Z,468.42
2024-04-06T16:00:00Z,251.18
2024-04-06T17:00:00Z,54.47
2024-04-06T18:00:00Z,0.0
2024-04-06T19:00:00Z,0.0
2024-04-06T20:00:00Z,0.0
2024-04-06T21:00:00Z,0.0
2024-04-06T22:00:00Z,0.0
2024-04-06T23:00:00Z,0.0
2024-04-07T00:00:00Z,0.0
2024-04-07T01:00:00Z,0.0
2024-04-07T02:00:00Z,0.0
2024-04-07T03:00:00Z,0.0
2024-04-07T04:00:00Z,0.0
2024-04-07T05:00:00Z,0.0
2024-04-07T06:00:00Z,54.58
2024-04-07T07:00:00Z,286.8
2024-04-07T08:00:00Z,535.4
2024-04-07T09:00:00Z,734.05
2024-04-07T10:00:00Z,889.45
2024-04-07T11:00:00Z,971.08
2024-04-07T12:00:00Z,967.5
2024-04-07T13:00:00Z,894.72
2024-04-07T14:00:00Z,750.92
2024-04-07T15:00:00Z,548.78
2024-04-07T16:00:00Z,319.27
2024-04-07T17:00:00Z,77.7
2024-04-07T18:00:00Z,0.0
2024-04-07T19:00:00Z,0.0
2024-04-07T20:00:00Z,0.0
2024-04-07T21:00:00Z,0.0
2024-04-07T22:00:00Z,0.0
2024-04-07T23:00:00Z,0.0
2024-04-08T00:00:00Z,0.0
2024-04-08T01:00:00Z,0.0
2024-04-08T02:00:00Z,0.0
2024-04-08T03:00:00Z,0.0
2024-04-08T04:00:00Z,0.0
2024-04-08T05:00:00Z,0.0
2024-04-08T06:00:00Z,54.72
2024-04-08T07:00:00Z,290.92
2024-04-08T08:00:00Z,528.4
2024-04-08T09:00:00Z,729.62
2024-04-08T10:00:00Z,884.8
2024-04-08T11:00:00Z,969.17
2024-04-08T12:00:00Z,964.1
2024-04-08T13:00:00Z,894.47
2024-04-08T14:00:00Z,741.1
2024-04-08T15:00:00Z,546.4
2024-04-08T16:00:00Z,310.02
2024-04-08T17:00:00Z,77.45
2024-04-08T18:00:00Z,0.0
2024-04-08T19:00:00Z,0.0
2024-04-08T20:00:00Z,0.0
2024-04-08T21:00:00Z,0.0
2024-04-08T22:00:00Z,0.0
2024-04-08T23:00:00Z,0.0
2024-04-09T00:00:00Z,0.0
2024-04-09T01:00:00Z,0.0
2024-04-09T02:00:00Z,0.0
2024-04-09T03:00:00Z,0.0
2024-04-09T04:00:00Z,0.0
2024-04-09T05:00:00Z,0.0
2024-04-09T06:00:00Z,49.72
2024-04-09T07:00:00Z,266.65
2024-04-09T08:00:00Z,489.55
2024-04-09T09:00:00Z,706.15
2024-04-09T10:00:00Z,851.12
2024-04-09T11:00:00Z,942.33
2024-04-09T12:00:00Z,938.47
2024-04-09T13:00:00Z,829.22
2024-04-09T14:00:00Z,640.7
2024-04-09T15:00:00Z,456.7
2024-04-09T16:00:00Z,262.42
2024-04-09T17:00:00Z,65.7
2024-04-09T18:00:00Z,0.0
2024-04-09T19:00:00Z,0.0
2024-04-09T20:00:00Z,0.0
2024-04-09T21:00:00Z,0.0
2024-04-09T22:00:00Z,0.0
2024-04-09T23:00:00Z,0.0
2024-04-10T00:00:00Z,0.0
2024-04-10T01:00:00Z,0.0
2024-04-10T02:00:00Z,0.0
2024-04-10T03:00:00Z,0.0
2024-04-10T04:00:00Z,0.0
2024-04-10T05:00:00Z,0.0
2024-04-10T06:00:00Z,41.22
2024-04-10T07:00:00Z,246.27
2024-04-10T08:00:00Z,448.77
2024-04-10T09:00:00Z,669.55
2024-04-10T10:00:00Z,768.8
2024-04-10T11:00:00Z,859.1
2024-04-10T12:00:00Z,823.75
2024-04-10T13:00:00Z,778.62
2024-04-10T14:00:00Z,678.97
2024-04-10T15:00:00Z,486.02
2024-04-10T16:00:00Z,262.35
2024-04-10T17:00:00Z,58.35
2024-04-10T18:00:00Z,0.0
2024-04-10T19:00:00Z,0.0
2024-04-10T20:00:00Z,0.0
2024-04-10T21:00:00Z,0.0
2024-04-10T22:00:00Z,0.0
2024-04-10T23:00:00Z,0.0
2024-04-11T00:00:00Z,0.0
2024-04-11T01:00:00Z,0.0
2024-04-11T02:00:00Z,0.0
2024-04-11T03:00:00Z,0.0
2024-04-11T04:00:00Z,0.0
2024-04-11T05:00:00Z,0.0
2024-04-11T06:00:00Z,36.03
2024-04-11T07:00:00Z,225.77
2024-04-11T08:00:00Z,437.88
2024-04-11T09:00:00Z,646.97
2024-04-11T10:00:00Z,789.75
2024-04-11T11:00:00Z,847.72
2024-04-11T12:00:00Z,853.4
2024-04-11T13:00:00Z,777.53
2024-04-11T14:00:00Z,610.78
2024-04-11T15:00:00Z,385.62
2024-04-11T16:00:00Z,198.02
2024-04-11T17:00:00Z,38.22
2024-04-11T18:00:00Z,0.0
2024-04-11T19:00:00Z,0.0
2024-04-11T20:00:00Z,0.0
2024-04-11T21:00:00Z,0.0
2024-04-11T22:00:00Z,0.0
2024-04-11T23:00:00Z,0.0
2024-04-12T00:00:00Z,0.0
2024-04-12T01:00:00Z,0.0
2024-04-12T02:00:00Z,0.0
2024-04-12T03:00:00Z,0.0
2024-04-12T04:00:00Z,0.0
2024-04-12T05:00:00Z,0.0
2024-04-12T06:00:00Z,35.03
2024-04-12T07:00:00Z,188.5
2024-04-12T08:00:00Z,383.92
2024-04-12T09:00:00Z,602.25
2024-04-12T10:00:00Z,684.17
2024-04-12T11:00:00Z,643.08
2024-04-12T12:00:00Z,595.7
2024-04-12T13:00:00Z,526.95
2024-04-12T14:00:00Z,402.33
2024-04-12T15:00:00Z,256.8
2024-04-12T16:00:00Z,132.4
2024-04-12T17:00:00Z,22.17
2024-04-12T18:00:00Z,0.0
2024-04-12T19:00:00Z,0.0
2024-04-12T20:00:00Z,0.0
2024-04-12T21:00:00Z,0.0
2024-04-12T22:00:00Z,0.0
2024-04-12T23:00:00Z,0.0
2024-04-13T00:00:00Z,0.0
2024-04-13T01:00:00Z,0.0
2024-04-13T02:00:00Z,0.0
2024-04-13T03:00:00Z,0.0
2024-04-13T04:00:00Z,0.0
2024-04-13T05:00:00Z,0.0
2024-04-13T06:00:00Z,42.38
2024-04-13T07:00:00Z,243.48
2024-04-13T08:00:00Z,421.75
2024-04-13T09:00:00Z,594.55
2024-04-13T10:00:00Z,663.7
2024-04-13T11:00:00Z,820.25
2024-04-13T12:00:00Z,843.15
2024-04-13T13:00:00Z,819.0
2024-04-13T14:00:00Z,631.28
2024-04-13T15:00:00Z,459.67
2024-04-13T16:00:00Z,232.82
2024-04-13T17:00:00Z,46.22
2024-04-13T18:00:00Z,0.0
2024-04-13T19:00:00Z,0.0
2024-04-13T20:00:00Z,0.0
2024-04-13T21:00:00Z,0.0
2024-04-13T22:00:00Z,0.0
2024-04-13T23:00:00Z,0.0
2024-04-14T00:00:00Z,0.0
2024-04-14T01:00:00Z,0.0
2024-04-14T02:00:00Z,0.0
2024-04-14T03:00:00Z,0.0
2024-04-14T04:00:00Z,0.0
2024-04-14T05:00:00Z,0.0
2024-04-14T06:00:00Z,40.17
2024-04-14T07:00:00Z,238.0
2024-04-14T08:00:00Z,465.25
2024-04-14T09:00:00Z,626.28
2024-04-14T10:00:00Z,717.33
2024-04-14T11:00:00Z,701.58
2024-04-14T12:00:00Z,605.62
2024-04-14T13:00:00Z,272.55
2024-04-14T14:00:00Z,110.95
2024-04-14T15:00:00Z,110.88
2024-04-14T16:00:00Z,75.68
2024-04-14T17:00:00Z,17.55
2024-04-14T18:00:00Z,0.0
2024-04-14T19:00:00Z,0.0
2024-04-14T20:00:00Z,0.0
2024-04-14T21:00:00Z,0.0
2024-04-14T22:00:00Z,0.0
2024-04-14T23:00:00Z,0.0
2024-04-15T00:00:00Z,0.0
2024-04-15T01:00:00Z,0.0
2024-04-15T02:00:00Z,0.0
2024-04-15T03:00:00Z,0.0
2024-04-15T04:00:00Z,0.0
2024-04-15T05:00:00Z,0.0
2024-04-15T06:00:00Z,26.77
2024-04-15T07:00:00Z,140.93
2024-04-15T08:00:00Z,287.25
2024-04-15T09:00:00Z,391.48
2024-04-15T10:00:00Z,473.77
2024-04-15T11:00:00Z,571.65
2024-04-15T12:00:00Z,507.92
2024-04-15T13:00:00Z,622.17
2024-04-15T14:00:00Z,321.08
2024-04-15T15:00:00Z,156.65
2024-04-15T16:00:00Z,89.53
2024-04-15T17:00:00Z,15.0
2024-04-15T18:00:00Z,0.0
2024-04-15T19:00:00Z,0.0
2024-04-15T20:00:00Z,0.0
2024-04-15T21:00:00Z,0.0
2024-04-15T22:00:00Z,0.0
2024-04-15T23:00:00Z,0.0
2024-04-16T00:00:00Z,0.0
2024-04-16T01:00:00Z,0.0
2024-04-16T02:00:00Z,0.0
2024-04-16T03:00:00Z,0.0
2024-04-16T04:00:00Z,0.0
2024-04-16T05:00:00Z,0.0
2024-04-16T06:00:00Z,6.1
2024-04-16T07:00:00Z,30.12
2024-04-16T08:00:00Z,57.17
2024-04-16T09:00:00Z,156.4
2024-04-16T10:00:00Z,313.95
2024-04-16T11:00:00Z,419.35
2024-04-16T12:00:00Z,395.02
2024-04-16T13:00:00Z,438.75
2024-04-16T14:00:00Z,344.27
2024-04-16T15:00:00Z,234.4
2024-04-16T16:00:00Z,99.95
2024-04-16T17:00:00Z,18.92
2024-04-16T18:00:00Z,0.0
2024-04-16T19:00:00Z,0.0
2024-04-16T20:00:00Z,0.0
2024-04-16T21:00:00Z,0.0
2024-04-16T22:00:00Z,0.0
2024-04-16T23:00:00Z,0.0
2024-04-17T00:00:00Z,0.0
2024-04-17T01:00:00Z,0.0
2024-04-17T02:00:00Z,0.0
2024-04-17T03:00:00Z,0.0
2024-04-17T04:00:00Z,0.0
2024-04-17T05:00:00Z,0.0
2024-04-17T06:00:00Z,40.5
2024-04-17T07:00:00Z,222.55
2024-04-17T08:00:00Z,427.3
2024-04-17T09:00:00Z,521.53
2024-04-17T10:00:00Z,568.25
2024-04-17T11:00:00Z,576.4
2024-04-17T12:00:00Z,486.0
2024-04-17T13:00:00Z,527.28
2024-04-17T14:00:00Z,417.4
2024-04-17T15:00:00Z,404.12
2024-04-17T16:00:00Z,211.18
2024-04-17T17:00:00Z,43.95
2024-04-17T18:00:00Z,0.0
2024-04-17T19:00:00Z,0.0
2024-04-17T20:00:00Z,0.0
2024-04-17T21:00:00Z,0.0
2024-04-17T22:00:00Z,0.0
2024-04-17T23:00:00Z,0.0
2024-04-18T00:00:00Z,0.0
2024-04-18T01:00:00Z,0.0
2024-04-18T02:00:00Z,0.0
2024-04-18T03:00:00Z,0.0
2024-04-18T04:00:00Z,0.0
2024-04-18T05:00:00Z,0.0
2024-04-18T06:00:00Z,33.72
2024-04-18T07:00:00Z,211.35
2024-04-18T08:00:00Z,417.3
2024-04-18T09:00:00Z,617.17
2024-04-18T10:00:00Z,789.75
2024-04-18T11:00:00Z,883.2
2024-04-18T12:00:00Z,861.53
2024-04-18T13:00:00Z,803.6
2024-04-18T14:00:00Z,666.38
2024-04-18T15:00:00Z,489.5
2024-04-18T16:00:00Z,268.05
2024-04-18T17:00:00Z,56.8
2024-04-18T18:00:00Z,0.0
2024-04-18T19:00:00Z,0.0
2024-04-18T20:00:00Z,0.0
2024-04-18T21:00:00Z,0.0
2024-04-18T22:00:00Z,0.0
2024-04-18T23:00:00Z,0.0
2024-04-19T00:00:00Z,0.0
2024-04-19T01:00:00Z,0.0
2024-04-19T02:00:00Z,0.0
2024-04-19T03:00:00Z,0.0
2024-04-19T04:00:00Z,0.0
2024-04-19T05:00:00Z,0.0
2024-04-19T06:00:00Z,46.47
2024-04-19T07:00:00Z,256.98
2024-04-19T08:00:00Z,473.33
2024-04-19T09:00:00Z,645.7
2024-04-19T10:00:00Z,688.88
2024-04-19T11:00:00Z,862.95
2024-04-19T12:00:00Z,894.2
2024-04-19T13:00:00Z,797.3
2024-04-19T14:00:00Z,640.55
2024-04-19T15:00:00Z,465.35
2024-04-19T16:00:00Z,253.05
2024-04-19T17:00:00Z,50.78
2024-04-19T18:00:00Z,0.0
2024-04-19T19:00:00Z,0.0
2024-04-19T20:00:00Z,0.0
2024-04-19T21:00:00Z,0.0
2024-04-19T22:00:00Z,0.0
2024-04-19T23:00:00Z,0.0
2024-04-20T00:00:00Z,0.0
2024-04-20T01:00:00Z,0.0
2024-04-20T02:00:00Z,0.0
2024-04-20T03:00:00Z,0.0
2024-04-20T04:00:00Z,0.0
2024-04-20T05:00:00Z,0.0
2024-04-20T06:00:00Z,44.97
2024-04-20T07:00:00Z,244.57
2024-04-20T08:00:00Z,472.73
2024-04-20T09:00:00Z,686.12
2024-04-20T10:00:00Z,722.2
2024-04-20T11:00:00Z,831.3
2024-04-20T12:00:00Z,772.3
2024-04-20T13:00:00Z,763.92
2024-04-20T14:00:00Z,608.35
2024-04-20T15:00:00Z,324.8
2024-04-20T16:00:00Z,165.85
2024-04-20T17:00:00Z,31.4
2024-04-20T18:00:00Z,0.0
2024-04-20T19:00:00Z,0.0
2024-04-20T20:00:00Z,0.0
2024-04-20T21:00:00Z,0.0
2024-04-20T22:00:00Z,0.0
2024-04-20T23:00:00Z,0.0
2024-04-21T00:00:00Z,0.0
2024-04-21T01:00:00Z,0.0
2024-04-21T02:00:00Z,0.0
2024-04-21T03:00:00Z,0.0
2024-04-21T04:00:00Z,0.0
2024-04-21T05:00:00Z,0.0
2024-04-21T06:00:00Z,38.75
2024-04-21T07:00:00Z,213.62
2024-04-21T08:00:00Z,410.2
2024-04-21T09:00:00Z,600.65
2024-04-21T10:00:00Z,783.83
2024-04-21T11:00:00Z,862.17
2024-04-21T12:00:00Z,899.12
2024-04-21T13:00:00Z,787.8
2024-04-21T14:00:00Z,641.28
2024-04-21T15:00:00Z,450.33
2024-04-21T16:00:00Z,243.5
2024-04-21T17:00:00Z,47.92
2024-04-21T18:00:00Z,0.0
2024-04-21T19:00:00Z,0.0
2024-04-21T20:00:00Z,0.0
2024-04-21T21:00:00Z,0.0
2024-04-21T22:00:00Z,0.0
2024-04-21T23:00:00Z,0.0
2024-04-22T00:00:00Z,0.0
2024-04-22T01:00:00Z,0.0
2024-04-22T02:00:00Z,0.0
2024-04-22T03:00:00Z,0.0
2024-04-22T04:00:00Z,0.0
2024-04-22T05:00:00Z,0.0
2024-04-22T06:00:00Z,39.95
2024-04-22T07:00:00Z,221.93
2024-04-22T08:00:00Z,425.25
2024-04-22T09:00:00Z,578.65
2024-04-22T10:00:00Z,727.78
2024-04-22T11:00:00Z,734.08
2024-04-22T12:00:00Z,694.3
2024-04-22T13:00:00Z,554.62
2024-04-22T14:00:00Z,489.77
2024-04-22T15:00:00Z,195.45
2024-04-22T16:00:00Z,103.05
2024-04-22T17:00:00Z,13.07
2024-04-22T18:00:00Z,0.0
2024-04-22T19:00:00Z,0.0
2024-04-22T20:00:00Z,0.0
2024-04-22T21:00:00Z,0.0
2024-04-22T22:00:00Z,0.0
2024-04-22T23:00:00Z,0.0
2024-04-23T00:00:00Z,0.0
2024-04-23T01:00:00Z,0.0
2024-04-23T02:00:00Z,0.0
2024-04-23T03:00:00Z,0.0
2024-04-23T04:00:00Z,0.0
2024-04-23T05:00:00Z,0.0
2024-04-23T06:00:00Z,46.4
2024-04-23T07:00:00Z,261.25
2024-04-23T08:00:00Z,488.25
2024-04-23T09:00:00Z,680.88
2024-04-23T10:00:00Z,821.38
2024-04-23T11:00:00Z,877.75
2024-04-23T12:00:00Z,828.72
2024-04-23T13:00:00Z,743.5
2024-04-23T14:00:00Z,598.17
2024-04-23T15:00:00Z,428.38
2024-04-23T16:00:00Z,217.48
2024-04-23T17:00:00Z,43.53
2024-04-23T18:00:00Z,0.0
2024-04-23T19:00:00Z,0.0
2024-04-23T20:00:00Z,0.0
2024-04-23T21:00:00Z,0.0
2024-04-23T22:00:00Z,0.0
2024-04-23T23:00:00Z,0.0
2024-04-24T00:00:00Z,0.0
2024-04-24T01:00:00Z,0.0
2024-04-24T02:00:00Z,0.0
2024-04-24T03:00:00Z,0.0
2024-04-24T04:00:00Z,0.0
2024-04-24T05:00:00Z,0.0
2024-04-24T06:00:00Z,51.42
2024-04-24T07:00:00Z,272.9
2024-04-24T08:00:00Z,505.15
2024-04-24T09:00:00Z,707.62
2024-04-24T10:00:00Z,850.78
2024-04-24T11:00:00Z,924.88
2024-04-24T12:00:00Z,914.92
2024-04-24T13:00:00Z,837.88
2024-04-24T14:00:00Z,688.3
2024-04-24T15:00:00Z,481.42
2024-04-24T16:00:00Z,263.35
2024-04-24T17:00:00Z,49.28
2024-04-24T18:00:00Z,0.0
2024-04-24T19:00:00Z,0.0
2024-04-24T20:00:00Z,0.0
2024-04-24T21:00:00Z,0.0
2024-04-24T22:00:00Z,0.0
2024-04-24T23:00:00Z,0.0
2024-04-25T00:00:00Z,0.0
2024-04-25T01:00:00Z,0.0
2024-04-25T02:00:00Z,0.0
2024-04-25T03:00:00Z,0.0
2024-04-25T04:00:00Z,0.0
2024-04-25T05:00:00Z,0.0
2024-04-25T06:00:00Z,47.67
2024-04-25T07:00:00Z,245.5
2024-04-25T08:00:00Z,450.35
2024-04-25T09:00:00Z,643.45
2024-04-25T10:00:00Z,766.75
2024-04-25T11:00:00Z,841.28
2024-04-25T12:00:00Z,810.08
2024-04-25T13:00:00Z,781.6
2024-04-25T14:00:00Z,631.88
2024-04-25T15:00:00Z,414.25
2024-04-25T16:00:00Z,199.0
2024-04-25T17:00:00Z,33.05
2024-04-25T18:00:00Z,0.0
2024-04-25T19:00:00Z,0.0
2024-04-25T20:00:00Z,0.0
2024-04-25T21:00:00Z,0.0
2024-04-25T22:00:00Z,0.0
2024-04-25T23:00:00Z,0.0
2024-04-26T00:00:00Z,0.0
2024-04-26T01:00:00Z,0.0
2024-04-26T02:00:00Z,0.0
2024-04-26T03:00:00Z,0.0
2024-04-26T04:00:00Z,0.0
2024-04-26T05:00:00Z,0.0
2024-04-26T06:00:00Z,40.7
2024-04-26T07:00:00Z,224.93
2024-04-26T08:00:00Z,439.02
2024-04-26T09:00:00Z,571.38
2024-04-26T10:00:00Z,797.45
2024-04-26T11:00:00Z,793.92
2024-04-26T12:00:00Z,836.6
2024-04-26T13:00:00Z,775.5
2024-04-26T14:00:00Z,648.92
2024-04-26T15:00:00Z,459.25
2024-04-26T16:00:00Z,231.77
2024-04-26T17:00:00Z,38.38
2024-04-26T18:00:00Z,0.0
2024-04-26T19:00:00Z,0.0
2024-04-26T20:00:00Z,0.0
2024-04-26T21:00:00Z,0.0
2024-04-26T22:00:00Z,0.0
2024-04-26T23:00:00Z,0.0
2024-04-27T00:00:00Z,0.0
2024-04-27T01:00:00Z,0.0
2024-04-27T02:00:00Z,0.0
2024-04-27T03:00:00Z,0.0
2024-04-27T04:00:00Z,0.0
2024-04-27T05:00:00Z,0.0
2024-04-27T06:00:00Z,47.5
2024-04-27T07:00:00Z,252.98
2024-04-27T08:00:00Z,467.0
2024-04-27T09:00:00Z,659.85
2024-04-27T10:00:00Z,738.33
2024-04-27T11:00:00Z,792.75
2024-04-27T12:00:00Z,883.85
2024-04-27T13:00:00Z,812.4
2024-04-27T14:00:00Z,664.15
2024-04-27T15:00:00Z,478.85
2024-04-27T16:00:00Z,252.45
2024-04-27T17:00:00Z,44.65
2024-04-27T18:00:00Z,0.0
2024-04-27T19:00:00Z,0.0
2024-04-27T20:00:00Z,0.0
2024-04-27T21:00:00Z,0.0
2024-04-27T22:00:00Z,0.0
2024-04-27T23:00:00Z,0.0
2024-04-28T00:00:00Z,0.0
2024-04-28T01:00:00Z,0.0
2024-04-28T02:00:00Z,0.0
2024-04-28T03:00:00Z,0.0
2024-04-28T04:00:00Z,0.0
2024-04-28T05:00:00Z,0.0
2024-04-28T06:00:00Z,42.45
2024-04-28T07:00:00Z,233.88
2024-04-28T08:00:00Z,441.88
2024-04-28T09:00:00Z,667.28
2024-04-28T10:00:00Z,779.58
2024-04-28T11:00:00Z,889.08
2024-04-28T12:00:00Z,847.75
2024-04-28T13:00:00Z,806.67
2024-04-28T14:00:00Z,629.58
2024-04-28T15:00:00Z,362.98
2024-04-28T16:00:00Z,174.9
2024-04-28T17:00:00Z,26.52
2024-04-28T18:00:00Z,0.0
2024-04-28T19:00:00Z,0.0
2024-04-28T20:00:00Z,0.0
2024-04-28T21:00:00Z,0.0
2024-04-28T22:00:00Z,0.0
2024-04-28T23:00:00Z,0.0
2024-04-29T00:00:00Z,0.0
2024-04-29T01:00:00Z,0.0
2024-04-29T02:00:00Z,0.0
2024-04-29T03:00:00Z,0.0
2024-04-29T04:00:00Z,0.0
2024-04-29T05:00:00Z,0.0
2024-04-29T06:00:00Z,42.8
2024-04-29T07:00:00Z,227.73
2024-04-29T08:00:00Z,442.05
2024-04-29T09:00:00Z,592.42
2024-04-29T10:00:00Z,646.28
2024-04-29T11:00:00Z,724.92
2024-04-29T12:00:00Z,802.25
2024-04-29T13:00:00Z,732.05
2024-04-29T14:00:00Z,563.28
2024-04-29T15:00:00Z,453.35
2024-04-29T16:00:00Z,234.8
2024-04-29T17:00:00Z,41.9
2024-04-29T18:00:00Z,0.0
2024-04-29T19:00:00Z,0.0
2024-04-29T20:00:00Z,0.0
2024-04-29T21:00:00Z,0.0
2024-04-29T22:00:00Z,0.0
2024-04-29T23:00:00Z,0.0
2024-04-30T00:00:00Z,0.0
2024-04-30T01:00:00Z,0.0
2024-04-30T02:00:00Z,0.0
2024-04-30T03:00:00Z,0.0
2024-04-30T04:00:00Z,0.0
2024-04-30T05:00:00Z,0.0
2024-04-30T06:00:00Z,36.78
2024-04-30T07:00:00Z,211.27
2024-04-30T08:00:00Z,416.95
2024-04-30T09:00:00Z,593.42
2024-04-30T10:00:00Z,732.25
2024-04-30T11:00:00Z,745.55
2024-04-30T12:00:00Z,824.67
2024-04-30T13:00:00Z,802.92
2024-04-30T14:00:00Z,627.38
2024-04-30T15:00:00Z,458.02
2024-04-30T16:00:00Z,242.57
2024-04-30T17:00:00Z,41.1
2024-04-30T18:00:00Z,0.0
2024-04-30T19:00:00Z,0.0
2024-04-30T20:00:00Z,0.0
2024-04-30T21:00:00Z,0.0
2024-04-30T22:00:00Z,0.0
2024-04-30T23:00:00Z,0.0
2024-05-01T00:00:00Z,0.0
2024-05-01T01:00:00Z,0.0
2024-05-01T02:00:00Z,0.0
2024-05-01T03:00:00Z,0.0
2024-05-01T04:00:00Z,0.0
2024-05-01T05:00:00Z,0.0
2024-05-01T06:00:00Z,43.42
2024-05-01T07:00:00Z,229.77
2024-05-01T08:00:00Z,382.2
2024-05-01T09:00:00Z,543.92
2024-05-01T10:00:00Z,657.88
2024-05-01T11:00:00Z,624.28
2024-05-01T12:00:00Z,567.72
2024-05-01T13:00:00Z,611.42
2024-05-01T14:00:00Z,523.97
2024-05-01T15:00:00Z,405.0
2024-05-01T16:00:00Z,190.68
2024-05-01T17:00:00Z,31.88
2024-05-01T18:00:00Z,0.0
2024-05-01T19:00:00Z,0.0
2024-05-01T20:00:00Z,0.0
2024-05-01T21:00:00Z,0.0
2024-05-01T22:00:00Z,0.0
2024-05-01T23:00:00Z,0.0
2024-05-02T00:00:00Z,0.0
2024-05-02T01:00:00Z,0.0
2024-05-02T02:00:00Z,0.0
2024-05-02T03:00:00Z,0.0
2024-05-02T04:00:00Z,0.0
2024-05-02T05:00:00Z,0.0
2024-05-02T06:00:00Z,21.52
2024-05-02T07:00:00Z,130.15
2024-05-02T08:00:00Z,254.18
2024-05-02T09:00:00Z,315.12
2024-05-02T10:00:00Z,397.08
2024-05-02T11:00:00Z,266.5
2024-05-02T12:00:00Z,230.9
2024-05-02T13:00:00Z,370.17
2024-05-02T14:00:00Z,415.23
2024-05-02T15:00:00Z,322.15
2024-05-02T16:00:00Z,143.02
2024-05-02T17:00:00Z,22.45
2024-05-02T18:00:00Z,0.0
2024-05-02T19:00:00Z,0.0
2024-05-02T20:00:00Z,0.0
2024-05-02T21:00:00Z,0.0
2024-05-02T22:00:00Z,0.0
2024-05-02T23:00:00Z,0.0
2024-05-03T00:00:00Z,0.0
2024-05-03T01:00:00Z,0.0
2024-05-03T02:00:00Z,0.0
2024-05-03T03:00:00Z,0.0
2024-05-03T04:00:00Z,0.0
2024-05-03T05:00:00Z,0.0
2024-05-03T06:00:00Z,27.4
2024-05-03T07:00:00Z,143.62
2024-05-03T08:00:00Z,263.5
2024-05-03T09:00:00Z,196.25
2024-05-03T10:00:00Z,223.43
2024-05-03T11:00:00Z,410.25
2024-05-03T12:00:00Z,412.48
2024-05-03T13:00:00Z,484.7
2024-05-03T14:00:00Z,465.8
2024-05-03T15:00:00Z,357.67
2024-05-03T16:00:00Z,178.2
2024-05-03T17:00:00Z,31.0
2024-05-03T18:00:00Z,0.0
2024-05-03T19:00:00Z,0.0
2024-05-03T20:00:00Z,0.0
2024-05-03T21:00:00Z,0.0
2024-05-03T22:00:00Z,0.0
2024-05-03T23:00:00Z,0.0
2024-05-04T00:00:00Z,0.0
2024-05-04T01:00:00Z,0.0
2024-05-04T02:00:00Z,0.0
2024-05-04T03:00:00Z,0.0
2024-05-04T04:00:00Z,0.0
2024-05-04T05:00:00Z,0.0
2024-05-04T06:00:00Z,39.3
2024-05-04T07:00:00Z,208.57
2024-05-04T08:00:00Z,434.62
2024-05-04T09:00:00Z,560.7
2024-05-04T10:00:00Z,662.3
2024-05-04T11:00:00Z,672.53
2024-05-04T12:00:00Z,706.0
2024-05-04T13:00:00Z,715.05
2024-05-04T14:00:00Z,582.97
2024-05-04T15:00:00Z,393.5
2024-05-04T16:00:00Z,179.5
2024-05-04T17:00:00Z,28.17
2024-05-04T18:00:00Z,0.0
2024-05-04T19:00:00Z,0.0
2024-05-04T20:00:00Z,0.0
2024-05-04T21:00:00Z,0.0
2024-05-04T22:00:00Z,0.0
2024-05-04T23:00:00Z,0.0
2024-05-05T00:00:00Z,0.0
2024-05-05T01:00:00Z,0.0
2024-05-05T02:00:00Z,0.0
2024-05-05T03:00:00Z,0.0
2024-05-05T04:00:00Z,0.0
2024-05-05T05:00:00Z,0.0
2024-05-05T06:00:00Z,23.83
2024-05-05T07:00:00Z,139.1
2024-05-05T08:00:00Z,315.38
2024-05-05T09:00:00Z,406.23
2024-05-05T10:00:00Z,385.27
2024-05-05T11:00:00Z,238.3
2024-05-05T12:00:00Z,186.52
2024-05-05T13:00:00Z,303.7
2024-05-05T14:00:00Z,298.0
2024-05-05T15:00:00Z,207.68
2024-05-05T16:00:00Z,97.55
2024-05-05T17:00:00Z,15.12
2024-05-05T18:00:00Z,0.0
2024-05-05T19:00:00Z,0.0
2024-05-05T20:00:00Z,0.0
2024-05-05T21:00:00Z,0.0
2024-05-05T22:00:00Z,0.0
2024-05-05T23:00:00Z,0.0
2024-05-06T00:00:00Z,0.0
2024-05-06T01:00:00Z,0.0
2024-05-06T02:00:00Z,0.0
2024-05-06T03:00:00Z,0.0
2024-05-06T04:00:00Z,0.0
2024-05-06T05:00:00Z,0.0
2024-05-06T06:00:00Z,28.7
2024-05-06T07:00:00Z,161.45
2024-05-06T08:00:00Z,322.2
2024-05-06T09:00:00Z,579.1
2024-05-06T10:00:00Z,750.8
2024-05-06T11:00:00Z,825.0
2024-05-06T12:00:00Z,832.53
2024-05-06T13:00:00Z,777.6
2024-05-06T14:00:00Z,632.83
2024-05-06T15:00:00Z,443.48
2024-05-06T16:00:00Z,235.73
2024-05-06T17:00:00Z,38.53
2024-05-06T18:00:00Z,0.0
2024-05-06T19:00:00Z,0.0
2024-05-06T20:00:00Z,0.0
2024-05-06T21:00:00Z,0.0
2024-05-06T22:00:00Z,0.0
2024-05-06T23:00:00Z,0.0
2024-05-07T00:00:00Z,0.0
2024-05-07T01:00:00Z,0.0
2024-05-07T02:00:00Z,0.0
2024-05-07T03:00:00Z,0.0
2024-05-07T04:00:00Z,0.0
2024-05-07T05:00:00Z,0.0
2024-05-07T06:00:00Z,44.15
2024-05-07T07:00:00Z,233.77
2024-05-07T08:00:00Z,436.8
2024-05-07T09:00:00Z,634.55
2024-05-07T10:00:00Z,750.05
2024-05-07T11:00:00Z,850.0
2024-05-07T12:00:00Z,834.75
2024-05-07T13:00:00Z,700.22
2024-05-07T14:00:00Z,568.08
2024-05-07T15:00:00Z,427.7
2024-05-07T16:00:00Z,214.02
2024-05-07T17:00:00Z,32.72
2024-05-07T18:00:00Z,0.0
2024-05-07T19:00:00Z,0.0
2024-05-07T20:00:00Z,0.0
2024-05-07T21:00:00Z,0.0
2024-05-07T22:00:00Z,0.0
2024-05-07T23:00:00Z,0.0
2024-05-08T00:00:00Z,0.0
2024-05-08T01:00:00Z,0.0
2024-05-08T02:00:00Z,0.0
2024-05-08T03:00:00Z,0.0
2024-05-08T04:00:00Z,0.0
2024-05-08T05:00:00Z,0.0
2024-05-08T06:00:00Z,30.33
2024-05-08T07:00:00Z,188.7
2024-05-08T08:00:00Z,369.02
2024-05-08T09:00:00Z,588.85
2024-05-08T10:00:00Z,717.0
2024-05-08T11:00:00Z,737.2
2024-05-08T12:00:00Z,743.22
2024-05-08T13:00:00Z,642.6
2024-05-08T14:00:00Z,425.65
2024-05-08T15:00:00Z,208.75
2024-05-08T16:00:00Z,107.55
2024-05-08T17:00:00Z,17.27
2024-05-08T18:00:00Z,0.0
2024-05-08T19:00:00Z,0.0
2024-05-08T20:00:00Z,0.0
2024-05-08T21:00:00Z,0.0
2024-05-08T22:00:00Z,0.0
2024-05-08T23:00:00Z,0.0
2024-05-09T00:00:00Z,0.0
2024-05-09T01:00:00Z,0.0
2024-05-09T02:00:00Z,0.0
2024-05-09T03:00:00Z,0.0
2024-05-09T04:00:00Z,0.0
2024-05-09T05:00:00Z,0.0
2024-05-09T06:00:00Z,34.15
2024-05-09T07:00:00Z,206.57
2024-05-09T08:00:00Z,409.73
2024-05-09T09:00:00Z,572.15
2024-05-09T10:00:00Z,673.05
2024-05-09T11:00:00Z,740.1
2024-05-09T12:00:00Z,734.25
2024-05-09T13:00:00Z,660.85
2024-05-09T14:00:00Z,509.85
2024-05-09T15:00:00Z,324.52
2024-05-09T16:00:00Z,135.1
2024-05-09T17:00:00Z,20.83
2024-05-09T18:00:00Z,0.0
2024-05-09T19:00:00Z,0.0
2024-05-09T20:00:00Z,0.0
2024-05-09T21:00:00Z,0.0
2024-05-09T22:00:00Z,0.0
2024-05-09T23:00:00Z,0.0
2024-05-10T00:00:00Z,0.0
2024-05-10T01:00:00Z,0.0
2024-05-10T02:00:00Z,0.0
2024-05-10T03:00:00Z,0.0
2024-05-10T04:00:00Z,0.0
2024-05-10T05:00:00Z,0.0
2024-05-10T06:00:00Z,14.38
2024-05-10T07:00:00Z,101.8
2024-05-10T08:00:00Z,212.2
2024-05-10T09:00:00Z,365.27
2024-05-10T10:00:00Z,629.08
2024-05-10T11:00:00Z,558.95
2024-05-10T12:00:00Z,434.38
2024-05-10T13:00:00Z,526.35
2024-05-10T14:00:00Z,419.05
2024-05-10T15:00:00Z,333.27
2024-05-10T16:00:00Z,152.45
2024-05-10T17:00:00Z,21.17
2024-05-10T18:00:00Z,0.0
2024-05-10T19:00:00Z,0.0
2024-05-10T20:00:00Z,0.0
2024-05-10T21:00:00Z,0.0
2024-05-10T22:00:00Z,0.0
2024-05-10T23:00:00Z,0.0
2024-05-11T00:00:00Z,0.0
2024-05-11T01:00:00Z,0.0
2024-05-11T02:00:00Z,0.0
2024-05-11T03:00:00Z,0.0
2024-05-11T04:00:00Z,0.0
2024-05-11T05:00:00Z,0.0
2024-05-11T06:00:00Z,38.3
2024-05-11T07:00:00Z,188.12
2024-05-11T08:00:00Z,380.48
2024-05-11T09:00:00Z,558.08
2024-05-11T10:00:00Z,689.38
2024-05-11T11:00:00Z,662.12
2024-05-11T12:00:00Z,638.95
2024-05-11T13:00:00Z,677.28
2024-05-11T14:00:00Z,555.33
2024-05-11T15:00:00Z,377.8
2024-05-11T16:00:00Z,178.98
2024-05-11T17:00:00Z,24.8
2024-05-11T18:00:00Z,0.0
2024-05-11T19:00:00Z,0.0
2024-05-11T20:00:00Z,0.0
2024-05-11T21:00:00Z,0.0
2024-05-11T22:00:00Z,0.0
2024-05-11T23:00:00Z,0.0
2024-05-12T00:00:00Z,0.0
2024-05-12T01:00:00Z,0.0
2024-05-12T02:00:00Z,0.0
2024-05-12T03:00:00Z,0.0
2024-05-12T04:00:00Z,0.0
2024-05-12T05:00:00Z,0.0
2024-05-12T06:00:00Z,13.43
2024-05-12T07:00:00Z,93.97
2024-05-12T08:00:00Z,199.35
2024-05-12T09:00:00Z,337.83
2024-05-12T10:00:00Z,490.98
2024-05-12T11:00:00Z,514.58
2024-05-12T12:00:00Z,566.17
2024-05-12T13:00:00Z,481.2
2024-05-12T14:00:00Z,365.0
2024-05-12T15:00:00Z,178.75
2024-05-12T16:00:00Z,86.03
2024-05-12T17:00:00Z,12.7
2024-05-12T18:00:00Z,0.0
2024-05-12T19:00:00Z,0.0
2024-05-12T20:00:00Z,0.0
2024-05-12T21:00:00Z,0.0
2024-05-12T22:00:00Z,0.0
2024-05-12T23:00:00Z,0.0
2024-05-13T00:00:00Z,0.0
2024-05-13T01:00:00Z,0.0
2024-05-13T02:00:00Z,0.0
2024-05-13T03:00:00Z,0.0
2024-05-13T04:00:00Z,0.0
2024-05-13T05:00:00Z,0.0
2024-05-13T06:00:00Z,34.25
2024-05-13T07:00:00Z,194.68
2024-05-13T08:00:00Z,376.3
2024-05-13T09:00:00Z,591.58
2024-05-13T10:00:00Z,714.08
2024-05-13T11:00:00Z,759.42
2024-05-13T12:00:00Z,351.67
2024-05-13T13:00:00Z,532.88
2024-05-13T14:00:00Z,412.92
2024-05-13T15:00:00Z,242.85
2024-05-13T16:00:00Z,123.7
2024-05-13T17:00:00Z,15.95
2024-05-13T18:00:00Z,0.0
2024-05-13T19:00:00Z,0.0
2024-05-13T20:00:00Z,0.0
2024-05-13T21:00:00Z,0.0
2024-05-13T22:00:00Z,0.0
2024-05-13T23:00:00Z,0.0
2024-05-14T00:00:00Z,0.0
2024-05-14T01:00:00Z,0.0
2024-05-14T02:00:00Z,0.0
2024-05-14T03:00:00Z,0.0
2024-05-14T04:00:00Z,0.0
2024-05-14T05:00:00Z,0.0
2024-05-14T06:00:00Z,21.55
2024-05-14T07:00:00Z,129.95
2024-05-14T08:00:00Z,263.0
2024-05-14T09:00:00Z,379.48
2024-05-14T10:00:00Z,439.7
2024-05-14T11:00:00Z,510.05
2024-05-14T12:00:00Z,547.15
2024-05-14T13:00:00Z,534.7
2024-05-14T14:00:00Z,418.25
2024-05-14T15:00:00Z,266.15
2024-05-14T16:00:00Z,126.95
2024-05-14T17:00:00Z,21.27
2024-05-14T18:00:00Z,0.0
2024-05-14T19:00:00Z,0.0
2024-05-14T20:00:00Z,0.0
2024-05-14T21:00:00Z,0.0
2024-05-14T22:00:00Z,0.0
2024-05-14T23:00:00Z,0.0
2024-05-15T00:00:00Z,0.0
2024-05-15T01:00:00Z,0.0
2024-05-15T02:00:00Z,0.0
2024-05-15T03:00:00Z,0.0
2024-05-15T04:00:00Z,0.0
2024-05-15T05:00:00Z,0.0
2024-05-15T06:00:00Z,32.78
2024-05-15T07:00:00Z,182.82
2024-05-15T08:00:00Z,366.1
2024-05-15T09:00:00Z,476.67
2024-05-15T10:00:00Z,532.6
2024-05-15T11:00:00Z,528.8
2024-05-15T12:00:00Z,435.85
2024-05-15T13:00:00Z,365.33
2024-05-15T14:00:00Z,353.73
2024-05-15T15:00:00Z,262.95
2024-05-15T16:00:00Z,122.88
2024-05-15T17:00:00Z,19.98
2024-05-15T18:00:00Z,0.0
2024-05-15T19:00:00Z,0.0
2024-05-15T20:00:00Z,0.0
2024-05-15T21:00:00Z,0.0
2024-05-15T22:00:00Z,0.0
2024-05-15T23:00:00Z,0.0
2024-05-16T00:00:00Z,0.0
2024-05-16T01:00:00Z,0.0
2024-05-16T02:00:00Z,0.0
2024-05-16T03:00:00Z,0.0
2024-05-16T04:00:00Z,0.0
2024-05-16T05:00:00Z,0.0
2024-05-16T06:00:00Z,35.25
2024-05-16T07:00:00Z,209.35
2024-05-16T08:00:00Z,363.65
2024-05-16T09:00:00Z,549.05
2024-05-16T10:00:00Z,676.05
2024-05-16T11:00:00Z,713.75
2024-05-16T12:00:00Z,782.92
2024-05-16T13:00:00Z,734.75
2024-05-16T14:00:00Z,592.25
2024-05-16T15:00:00Z,380.25
2024-05-16T16:00:00Z,192.55
2024-05-16T17:00:00Z,24.48
2024-05-16T18:00:00Z,0.0
2024-05-16T19:00:00Z,0.0
2024-05-16T20:00:00Z,0.0
2024-05-16T21:00:00Z,0.0
2024-05-16T22:00:00Z,0.0
2024-05-16T23:00:00Z,0.0
2024-05-17T00:00:00Z,0.0
2024-05-17T01:00:00Z,0.0
2024-05-17T02:00:00Z,0.0
2024-05-17T03:00:00Z,0.0
2024-05-17T04:00:00Z,0.0
2024-05-17T05:00:00Z,0.0
2024-05-17T06:00:00Z,13.0
2024-05-17T07:00:00Z,122.6
2024-05-17T08:00:00Z,242.65
2024-05-17T09:00:00Z,446.5
2024-05-17T10:00:00Z,543.38
2024-05-17T11:00:00Z,492.42
2024-05-17T12:00:00Z,343.8
2024-05-17T13:00:00Z,191.15
2024-05-17T14:00:00Z,181.2
2024-05-17T15:00:00Z,131.15
2024-05-17T16:00:00Z,62.6
2024-05-17T17:00:00Z,11.2
2024-05-17T18:00:00Z,0.0
2024-05-17T19:00:00Z,0.0
2024-05-17T20:00:00Z,0.0
2024-05-17T21:00:00Z,0.0
2024-05-17T22:00:00Z,0.0
2024-05-17T23:00:00Z,0.0
2024-05-18T00:00:00Z,0.0
2024-05-18T01:00:00Z,0.0
2024-05-18T02:00:00Z,0.0
2024-05-18T03:00:00Z,0.0
2024-05-18T04:00:00Z,0.0
2024-05-18T05:00:00Z,0.0
2024-05-18T06:00:00Z,25.05
2024-05-18T07:00:00Z,167.27
2024-05-18T08:00:00Z,353.88
2024-05-18T09:00:00Z,556.88
2024-05-18T10:00:00Z,661.75
2024-05-18T11:00:00Z,690.33
2024-05-18T12:00:00Z,678.65
2024-05-18T13:00:00Z,635.58
2024-05-18T14:00:00Z,500.27
2024-05-18T15:00:00Z,338.6
2024-05-18T16:00:00Z,161.43
2024-05-18T17:00:00Z,26.52
2024-05-18T18:00:00Z,0.0
2024-05-18T19:00:00Z,0.0
2024-05-18T20:00:00Z,0.0
2024-05-18T21:00:00Z,0.0
2024-05-18T22:00:00Z,0.0
2024-05-18T23:00:00Z,0.0
2024-05-19T00:00:00Z,0.0
2024-05-19T01:00:00Z,0.0
2024-05-19T02:00:00Z,0.0
2024-05-19T03:00:00Z,0.0
2024-05-19T04:00:00Z,0.0
2024-05-19T05:00:00Z,0.0
2024-05-19T06:00:00Z,27.38
2024-05-19T07:00:00Z,173.65
2024-05-19T08:00:00Z,352.12
2024-05-19T09:00:00Z,493.45
2024-05-19T10:00:00Z,638.55
2024-05-19T11:00:00Z,712.1
2024-05-19T12:00:00Z,751.85
2024-05-19T13:00:00Z,689.35
2024-05-19T14:00:00Z,578.28
2024-05-19T15:00:00Z,386.27
2024-05-19T16:00:00Z,191.0
2024-05-19T17:00:00Z,29.42
2024-05-19T18:00:00Z,0.0
2024-05-19T19:00:00Z,0.0
2024-05-19T20:00:00Z,0.0
2024-05-19T21:00:00Z,0.0
2024-05-19T22:00:00Z,0.0
2024-05-19T23:00:00Z,0.0
2024-05-20T00:00:00Z,0.0
2024-05-20T01:00:00Z,0.0
2024-05-20T02:00:00Z,0.0
2024-05-20T03:00:00Z,0.0
2024-05-20T04:00:00Z,0.0
2024-05-20T05:00:00Z,0.0
2024-05-20T06:00:00Z,39.72
2024-05-20T07:00:00Z,224.73
2024-05-20T08:00:00Z,449.62
2024-05-20T09:00:00Z,635.78
2024-05-20T10:00:00Z,763.67
2024-05-20T11:00:00Z,839.72
2024-05-20T12:00:00Z,791.28
2024-05-20T13:00:00Z,754.83
2024-05-20T14:00:00Z,605.33
2024-05-20T15:00:00Z,422.33
2024-05-20T16:00:00Z,219.88
2024-05-20T17:00:00Z,34.42
2024-05-20T18:00:00Z,0.0
2024-05-20T19:00:00Z,0.0
2024-05-20T20:00:00Z,0.0
2024-05-20T21:00:00Z,0.0
2024-05-20T22:00:00Z,0.0
2024-05-20T23:00:00Z,0.0
2024-05-21T00:00:00Z,0.0
2024-05-21T01:00:00Z,0.0
2024-05-21T02:00:00Z,0.0
2024-05-21T03:00:00Z,0.0
2024-05-21T04:00:00Z,0.0
2024-05-21T05:00:00Z,0.0
2024-05-21T06:00:00Z,36.47
2024-05-21T07:00:00Z,214.88
2024-05-21T08:00:00Z,428.65
2024-05-21T09:00:00Z,595.4
2024-05-21T10:00:00Z,696.03
2024-05-21T11:00:00Z,714.33
2024-05-21T12:00:00Z,622.78
2024-05-21T13:00:00Z,502.77
2024-05-21T14:00:00Z,347.27
2024-05-21T15:00:00Z,235.38
2024-05-21T16:00:00Z,84.9
2024-05-21T17:00:00Z,18.2
2024-05-21T18:00:00Z,0.0
2024-05-21T19:00:00Z,0.0
2024-05-21T20:00:00Z,0.0
2024-05-21T21:00:00Z,0.0
2024-05-21T22:00:00Z,0.0
2024-05-21T23:00:00Z,0.0
2024-05-22T00:00:00Z,0.0
2024-05-22T01:00:00Z,0.0
2024-05-22T02:00:00Z,0.0
2024-05-22T03:00:00Z,0.0
2024-05-22T04:00:00Z,0.0
2024-05-22T05:00:00Z,0.0
2024-05-22T06:00:00Z,24.12
2024-05-22T07:00:00Z,168.95
2024-05-22T08:00:00Z,354.33
2024-05-22T09:00:00Z,548.83
2024-05-22T10:00:00Z,672.0
2024-05-22T11:00:00Z,716.78
2024-05-22T12:00:00Z,638.05
2024-05-22T13:00:00Z,551.67
2024-05-22T14:00:00Z,412.67
2024-05-22T15:00:00Z,269.88
2024-05-22T16:00:00Z,116.78
2024-05-22T17:00:00Z,19.58
2024-05-22T18:00:00Z,0.0
2024-05-22T19:00:00Z,0.0
2024-05-22T20:00:00Z,0.0
2024-05-22T21:00:00Z,0.0
2024-05-22T22:00:00Z,0.0
2024-05-22T23:00:00Z,0.0
2024-05-23T00:00:00Z,0.0
2024-05-23T01:00:00Z,0.0
2024-05-23T02:00:00Z,0.0
2024-05-23T03:00:00Z,0.0
2024-05-23T04:00:00Z,0.0
2024-05-23T05:00:00Z,0.0
2024-05-23T06:00:00Z,20.8
2024-05-23T07:00:00Z,143.88
2024-05-23T08:00:00Z,306.7
2024-05-23T09:00:00Z,500.33
2024-05-23T10:00:00Z,706.3
2024-05-23T11:00:00Z,785.95
2024-05-23T12:00:00Z,831.17
2024-05-23T13:00:00Z,756.3
2024-05-23T14:00:00Z,639.47
2024-05-23T15:00:00Z,455.95
2024-05-23T16:00:00Z,231.38
2024-05-23T17:00:00Z,33.78
2024-05-23T18:00:00Z,0.0
2024-05-23T19:00:00Z,0.0
2024-05-23T20:00:00Z,0.0
2024-05-23T21:00:00Z,0.0
2024-05-23T22:00:00Z,0.0
2024-05-23T23:00:00Z,0.0
2024-05-24T00:00:00Z,0.0
2024-05-24T01:00:00Z,0.0
2024-05-24T02:00:00Z,0.0
2024-05-24T03:00:00Z,0.0
2024-05-24T04:00:00Z,0.0
2024-05-24T05:00:00Z,0.0
2024-05-24T06:00:00Z,36.35
2024-05-24T07:00:00Z,228.4
2024-05-24T08:00:00Z,424.7
2024-05-24T09:00:00Z,626.47
2024-05-24T10:00:00Z,754.42
2024-05-24T11:00:00Z,825.72
2024-05-24T12:00:00Z,817.53
2024-05-24T13:00:00Z,738.25
2024-05-24T14:00:00Z,609.72
2024-05-24T15:00:00Z,412.75
2024-05-24T16:00:00Z,207.43
2024-05-24T17:00:00Z,29.92
2024-05-24T18:00:00Z,0.0
2024-05-24T19:00:00Z,0.0
2024-05-24T20:00:00Z,0.0
2024-05-24T21:00:00Z,0.0
2024-05-24T22:00:00Z,0.0
2024-05-24T23:00:00Z,0.0
2024-05-25T00:00:00Z,0.0
2024-05-25T01:00:00Z,0.0
2024-05-25T02:00:00Z,0.0
2024-05-25T03:00:00Z,0.0
2024-05-25T04:00:00Z,0.0
2024-05-25T05:00:00Z,0.0
2024-05-25T06:00:00Z,37.38
2024-05-25T07:00:00Z,235.68
2024-05-25T08:00:00Z,449.48
2024-05-25T09:00:00Z,631.9
2024-05-25T10:00:00Z,770.17
2024-05-25T11:00:00Z,829.22
2024-05-25T12:00:00Z,827.03
2024-05-25T13:00:00Z,745.38
2024-05-25T14:00:00Z,602.47
2024-05-25T15:00:00Z,406.62
2024-05-25T16:00:00Z,210.73
2024-05-25T17:00:00Z,29.58
2024-05-25T18:00:00Z,0.0
2024-05-25T19:00:00Z,0.0
2024-05-25T20:00:00Z,0.0
2024-05-25T21:00:00Z,0.0
2024-05-25T22:00:00Z,0.0
2024-05-25T23:00:00Z,0.0
2024-05-26T00:00:00Z,0.0
2024-05-26T01:00:00Z,0.0
2024-05-26T02:00:00Z,0.0
2024-05-26T03:00:00Z,0.0
2024-05-26T04:00:00Z,0.0
2024-05-26T05:00:00Z,0.0
2024-05-26T06:00:00Z,27.73
2024-05-26T07:00:00Z,150.93
2024-05-26T08:00:00Z,289.4
2024-05-26T09:00:00Z,430.8
2024-05-26T10:00:00Z,568.12
2024-05-26T11:00:00Z,649.1
2024-05-26T12:00:00Z,694.62
2024-05-26T13:00:00Z,729.17
2024-05-26T14:00:00Z,622.12
2024-05-26T15:00:00Z,439.62
2024-05-26T16:00:00Z,223.88
2024-05-26T17:00:00Z,32.4
2024-05-26T18:00:00Z,0.0
2024-05-26T19:00:00Z,0.0
2024-05-26T20:00:00Z,0.0
2024-05-26T21:00:00Z,0.0
2024-05-26T22:00:00Z,0.0
2024-05-26T23:00:00Z,0.0
2024-05-27T00:00:00Z,0.0
2024-05-27T01:00:00Z,0.0
2024-05-27T02:00:00Z,0.0
2024-05-27T03:00:00Z,0.0
2024-05-27T04:00:00Z,0.0
2024-05-27T05:00:00Z,0.0
2024-05-27T06:00:00Z,23.77
2024-05-27T07:00:00Z,166.23
2024-05-27T08:00:00Z,361.25
2024-05-27T09:00:00Z,479.85
2024-05-27T10:00:00Z,580.38
2024-05-27T11:00:00Z,516.5
2024-05-27T12:00:00Z,258.98
2024-05-27T13:00:00Z,394.27
2024-05-27T14:00:00Z,74.7
2024-05-27T15:00:00Z,42.7
2024-05-27T16:00:00Z,23.45
2024-05-27T17:00:00Z,4.93
2024-05-27T18:00:00Z,0.0
2024-05-27T19:00:00Z,0.0
2024-05-27T20:00:00Z,0.0
2024-05-27T21:00:00Z,0.0
2024-05-27T22:00:00Z,0.0
2024-05-27T23:00:00Z,0.0
2024-05-28T00:00:00Z,0.0
2024-05-28T01:00:00Z,0.0
2024-05-28T02:00:00Z,0.0
2024-05-28T03:00:00Z,0.0
2024-05-28T04:00:00Z,0.0
2024-05-28T05:00:00Z,0.0
2024-05-28T06:00:00Z,30.35
2024-05-28T07:00:00Z,193.55
2024-05-28T08:00:00Z,358.0
2024-05-28T09:00:00Z,607.12
2024-05-28T10:00:00Z,681.05
2024-05-28T11:00:00Z,814.33
2024-05-28T12:00:00Z,805.92
2024-05-28T13:00:00Z,738.42
2024-05-28T14:00:00Z,586.17
2024-05-28T15:00:00Z,397.9
2024-05-28T16:00:00Z,195.8
2024-05-28T17:00:00Z,26.42
2024-05-28T18:00:00Z,0.0
2024-05-28T19:00:00Z,0.0
2024-05-28T20:00:00Z,0.0
2024-05-28T21:00:00Z,0.0
2024-05-28T22:00:00Z,0.0
2024-05-28T23:00:00Z,0.0
2024-05-29T00:00:00Z,0.0
2024-05-29T01:00:00Z,0.0
2024-05-29T02:00:00Z,0.0
2024-05-29T03:00:00Z,0.0
2024-05-29T04:00:00Z,0.0
2024-05-29T05:00:00Z,0.0
2024-05-29T06:00:00Z,19.9
2024-05-29T07:00:00Z,134.82
2024-05-29T08:00:00Z,279.77
2024-05-29T09:00:00Z,416.12
2024-05-29T10:00:00Z,560.5
2024-05-29T11:00:00Z,588.65
2024-05-29T12:00:00Z,574.7
2024-05-29T13:00:00Z,481.8
2024-05-29T14:00:00Z,425.12
2024-05-29T15:00:00Z,267.77
2024-05-29T16:00:00Z,132.43
2024-05-29T17:00:00Z,17.3
2024-05-29T18:00:00Z,0.0
2024-05-29T19:00:00Z,0.0
2024-05-29T20:00:00Z,0.0
2024-05-29T21:00:00Z,0.0
2024-05-29T22:00:00Z,0.0
2024-05-29T23:00:00Z,0.0
2024-05-30T00:00:00Z,0.0
2024-05-30T01:00:00Z,0.0
2024-05-30T02:00:00Z,0.0
2024-05-30T03:00:00Z,0.0
2024-05-30T04:00:00Z,0.0
2024-05-30T05:00:00Z,0.0
2024-05-30T06:00:00Z,25.25
2024-05-30T07:00:00Z,175.85
2024-05-30T08:00:00Z,374.65
2024-05-30T09:00:00Z,573.03
2024-05-30T10:00:00Z,719.2
2024-05-30T11:00:00Z,765.25
2024-05-30T12:00:00Z,769.38
2024-05-30T13:00:00Z,671.85
2024-05-30T14:00:00Z,563.62
2024-05-30T15:00:00Z,376.95
2024-05-30T16:00:00Z,185.27
2024-05-30T17:00:00Z,28.23
2024-05-30T18:00:00Z,0.0
2024-05-30T19:00:00Z,0.0
2024-05-30T20:00:00Z,0.0
2024-05-30T21:00:00Z,0.0
2024-05-30T22:00:00Z,0.0
2024-05-30T23:00:00Z,0.0
2024-05-31T00:00:00Z,0.0
2024-05-31T01:00:00Z,0.0
2024-05-31T02:00:00Z,0.0
2024-05-31T03:00:00Z,0.0
2024-05-31T04:00:00Z,0.0
2024-05-31T05:00:00Z,0.0
2024-05-31T06:00:00Z,32.22
2024-05-31T07:00:00Z,217.73
2024-05-31T08:00:00Z,430.83
2024-05-31T09:00:00Z,607.85
2024-05-31T10:00:00Z,677.38
2024-05-31T11:00:00Z,767.08
2024-05-31T12:00:00Z,797.0
2024-05-31T13:00:00Z,746.5
2024-05-31T14:00:00Z,593.3
2024-05-31T15:00:00Z,400.48
2024-05-31T16:00:00Z,208.75
2024-05-31T17:00:00Z,30.65
2024-05-31T18:00:00Z,0.0
2024-05-31T19:00:00Z,0.0
2024-05-31T20:00:00Z,0.0
2024-05-31T21:00:00Z,0.0
2024-05-31T22:00:00Z,0.0
2024-05-31T23:00:00Z,0.0
2024-06-01T00:00:00Z,0.0
2024-06-01T01:00:00Z,0.0
2024-06-01T02:00:00Z,0.0
2024-06-01T03:00:00Z,0.0
2024-06-01T04:00:00Z,0.0
2024-06-01T05:00:00Z,0.0
2024-06-01T06:00:00Z,30.25
2024-06-01T07:00:00Z,206.07
2024-06-01T08:00:00Z,365.42
2024-06-01T09:00:00Z,511.67
2024-06-01T10:00:00Z,639.12
2024-06-01T11:00:00Z,649.75
2024-06-01T12:00:00Z,719.83
2024-06-01T13:00:00Z,687.47
2024-06-01T14:00:00Z,574.25
2024-06-01T15:00:00Z,399.38
2024-06-01T16:00:00Z,191.07
2024-06-01T17:00:00Z,25.27
2024-06-01T18:00:00Z,0.0
2024-06-01T19:00:00Z,0.0
2024-06-01T20:00:00Z,0.0
2024-06-01T21:00:00Z,0.0
2024-06-01T22:00:00Z,0.0
2024-06-01T23:00:00Z,0.0
2024-06-02T00:00:00Z,0.0
2024-06-02T01:00:00Z,0.0
2024-06-02T02:00:00Z,0.0
2024-06-02T03:00:00Z,0.0
2024-06-02T04:00:00Z,0.0
2024-06-02T05:00:00Z,0.0
2024-06-02T06:00:00Z,6.55
2024-06-02T07:00:00Z,44.58
2024-06-02T08:00:00Z,93.65
2024-06-02T09:00:00Z,148.95
2024-06-02T10:00:00Z,129.9
2024-06-02T11:00:00Z,156.0
2024-06-02T12:00:00Z,208.85
2024-06-02T13:00:00Z,94.45
2024-06-02T14:00:00Z,207.05
2024-06-02T15:00:00Z,155.0
2024-06-02T16:00:00Z,79.97
2024-06-02T17:00:00Z,15.7
2024-06-02T18:00:00Z,0.0
2024-06-02T19:00:00Z,0.0
2024-06-02T20:00:00Z,0.0
2024-06-02T21:00:00Z,0.0
2024-06-02T22:00:00Z,0.0
2024-06-02T23:00:00Z,0.0
2024-06-03T00:00:00Z,0.0
2024-06-03T01:00:00Z,0.0
2024-06-03T02:00:00Z,0.0
2024-06-03T03:00:00Z,0.0
2024-06-03T04:00:00Z,0.0
2024-06-03T05:00:00Z,0.0
2024-06-03T06:00:00Z,21.75
2024-06-03T07:00:00Z,154.15
2024-06-03T08:00:00Z,339.58
2024-06-03T09:00:00Z,430.0
2024-06-03T10:00:00Z,594.62
2024-06-03T11:00:00Z,799.38
2024-06-03T12:00:00Z,817.12
2024-06-03T13:00:00Z,743.97
2024-06-03T14:00:00Z,605.38
2024-06-03T15:00:00Z,410.75
2024-06-03T16:00:00Z,214.95
2024-06-03T17:00:00Z,32.53
2024-06-03T18:00:00Z,0.0
2024-06-03T19:00:00Z,0.0
2024-06-03T20:00:00Z,0.0
2024-06-03T21:00:00Z,0.0
2024-06-03T22:00:00Z,0.0
2024-06-03T23:00:00Z,0.0
2024-06-04T00:00:00Z,0.0
2024-06-04T01:00:00Z,0.0
2024-06-04T02:00:00Z,0.0
2024-06-04T03:00:00Z,0.0
2024-06-04T04:00:00Z,0.0
2024-06-04T05:00:00Z,0.0
2024-06-04T06:00:00Z,25.33
2024-06-04T07:00:00Z,141.55
2024-06-04T08:00:00Z,262.33
2024-06-04T09:00:00Z,297.1
2024-06-04T10:00:00Z,192.1
2024-06-04T11:00:00Z,78.25
2024-06-04T12:00:00Z,47.08
2024-06-04T13:00:00Z,41.35
2024-06-04T14:00:00Z,27.73
2024-06-04T15:00:00Z,33.72
2024-06-04T16:00:00Z,21.27
2024-06-04T17:00:00Z,4.15
2024-06-04T18:00:00Z,0.0
2024-06-04T19:00:00Z,0.0
2024-06-04T20:00:00Z,0.0
2024-06-04T21:00:00Z,0.0
2024-06-04T22:00:00Z,0.0
2024-06-04T23:00:00Z,0.0
2024-06-05T00:00:00Z,0.0
2024-06-05T01:00:00Z,0.0
2024-06-05T02:00:00Z,0.0
2024-06-05T03:00:00Z,0.0
2024-06-05T04:00:00Z,0.0
2024-06-05T05:00:00Z,0.0
2024-06-05T06:00:00Z,18.02
2024-06-05T07:00:00Z,127.2
2024-06-05T08:00:00Z,263.35
2024-06-05T09:00:00Z,434.83
2024-06-05T10:00:00Z,584.55
2024-06-05T11:00:00Z,678.55
2024-06-05T12:00:00Z,671.5
2024-06-05T13:00:00Z,659.35
2024-06-05T14:00:00Z,554.8
2024-06-05T15:00:00Z,368.25
2024-06-05T16:00:00Z,178.18
2024-06-05T17:00:00Z,26.52
2024-06-05T18:00:00Z,0.0
2024-06-05T19:00:00Z,0.0
2024-06-05T20:00:00Z,0.0
2024-06-05T21:00:00Z,0.0
2024-06-05T22:00:00Z,0.0
2024-06-05T23:00:00Z,0.0
2024-06-06T00:00:00Z,0.0
2024-06-06T01:00:00Z,0.0
2024-06-06T02:00:00Z,0.0
2024-06-06T03:00:00Z,0.0
2024-06-06T04:00:00Z,0.0
2024-06-06T05:00:00Z,0.0
2024-06-06T06:00:00Z,19.0
2024-06-06T07:00:00Z,145.62
2024-06-06T08:00:00Z,311.12
2024-06-06T09:00:00Z,488.48
2024-06-06T10:00:00Z,637.7
2024-06-06T11:00:00Z,716.25
2024-06-06T12:00:00Z,727.85
2024-06-06T13:00:00Z,683.62
2024-06-06T14:00:00Z,474.12
2024-06-06T15:00:00Z,328.23
2024-06-06T16:00:00Z,169.25
2024-06-06T17:00:00Z,28.05
2024-06-06T18:00:00Z,0.0
2024-06-06T19:00:00Z,0.0
2024-06-06T20:00:00Z,0.0
2024-06-06T21:00:00Z,0.0
2024-06-06T22:00:00Z,0.0
2024-06-06T23:00:00Z,0.0
2024-06-07T00:00:00Z,0.0
2024-06-07T01:00:00Z,0.0
2024-06-07T02:00:00Z,0.0
2024-06-07T03:00:00Z,0.0
2024-06-07T04:00:00Z,0.0
2024-06-07T05:00:00Z,0.0
2024-06-07T06:00:00Z,29.55
2024-06-07T07:00:00Z,185.52
2024-06-07T08:00:00Z,362.05
2024-06-07T09:00:00Z,504.33
2024-06-07T10:00:00Z,588.85
2024-06-07T11:00:00Z,723.72
2024-06-07T12:00:00Z,691.35
2024-06-07T13:00:00Z,642.92
2024-06-07T14:00:00Z,575.83
2024-06-07T15:00:00Z,375.25
2024-06-07T16:00:00Z,184.4
2024-06-07T17:00:00Z,24.05
2024-06-07T18:00:00Z,0.0
2024-06-07T19:00:00Z,0.0
2024-06-07T20:00:00Z,0.0
2024-06-07T21:00:00Z,0.0
2024-06-07T22:00:00Z,0.0
2024-06-07T23:00:00Z,0.0
2024-06-08T00:00:00Z,0.0
2024-06-08T01:00:00Z,0.0
2024-06-08T02:00:00Z,0.0
2024-06-08T03:00:00Z,0.0
2024-06-08T04:00:00Z,0.0
2024-06-08T05:00:00Z,0.0
2024-06-08T06:00:00Z,10.25
2024-06-08T07:00:00Z,59.15
2024-06-08T08:00:00Z,141.57
2024-06-08T09:00:00Z,169.0
2024-06-08T10:00:00Z,140.6
2024-06-08T11:00:00Z,63.67
2024-06-08T12:00:00Z,105.07
2024-06-08T13:00:00Z,63.2
2024-06-08T14:00:00Z,87.2
2024-06-08T15:00:00Z,75.88
2024-06-08T16:00:00Z,31.12
2024-06-08T17:00:00Z,8.8
2024-06-08T18:00:00Z,0.0
2024-06-08T19:00:00Z,0.0
2024-06-08T20:00:00Z,0.0
2024-06-08T21:00:00Z,0.0
2024-06-08T22:00:00Z,0.0
2024-06-08T23:00:00Z,0.0
2024-06-09T00:00:00Z,0.0
2024-06-09T01:00:00Z,0.0
2024-06-09T02:00:00Z,0.0
2024-06-09T03:00:00Z,0.0
2024-06-09T04:00:00Z,0.0
2024-06-09T05:00:00Z,0.0
2024-06-09T06:00:00Z,17.88
2024-06-09T07:00:00Z,105.18
2024-06-09T08:00:00Z,190.05
2024-06-09T09:00:00Z,43.92
2024-06-09T10:00:00Z,71.32
2024-06-09T11:00:00Z,100.97
2024-06-09T12:00:00Z,169.8
2024-06-09T13:00:00Z,327.45
2024-06-09T14:00:00Z,207.02
2024-06-09T15:00:00Z,137.25
2024-06-09T16:00:00Z,77.1
2024-06-09T17:00:00Z,9.15
2024-06-09T18:00:00Z,0.0
2024-06-09T19:00:00Z,0.0
2024-06-09T20:00:00Z,0.0
2024-06-09T21:00:00Z,0.0
2024-06-09T22:00:00Z,0.0
2024-06-09T23:00:00Z,0.0
2024-06-10T00:00:00Z,0.0
2024-06-10T01:00:00Z,0.0
2024-06-10T02:00:00Z,0.0
2024-06-10T03:00:00Z,0.0
2024-06-10T04:00:00Z,0.0
2024-06-10T05:00:00Z,0.0
2024-06-10T06:00:00Z,24.17
2024-06-10T07:00:00Z,188.6
2024-06-10T08:00:00Z,388.52
2024-06-10T09:00:00Z,585.85
2024-06-10T10:00:00Z,705.15
2024-06-10T11:00:00Z,780.78
2024-06-10T12:00:00Z,772.47
2024-06-10T13:00:00Z,735.33
2024-06-10T14:00:00Z,605.75
2024-06-10T15:00:00Z,433.15
2024-06-10T16:00:00Z,225.65
2024-06-10T17:00:00Z,34.55
2024-06-10T18:00:00Z,0.0
2024-06-10T19:00:00Z,0.0
2024-06-10T20:00:00Z,0.0
2024-06-10T21:00:00Z,0.0
2024-06-10T22:00:00Z,0.0
2024-06-10T23:00:00Z,0.0
2024-06-11T00:00:00Z,0.0
2024-06-11T01:00:00Z,0.0
2024-06-11T02:00:00Z,0.0
2024-06-11T03:00:00Z,0.0
2024-06-11T04:00:00Z,0.0
2024-06-11T05:00:00Z,0.0
2024-06-11T06:00:00Z,27.12
2024-06-11T07:00:00Z,194.75
2024-06-11T08:00:00Z,380.85
2024-06-11T09:00:00Z,507.17
2024-06-11T10:00:00Z,620.8
2024-06-11T11:00:00Z,654.8
2024-06-11T12:00:00Z,708.15
2024-06-11T13:00:00Z,653.53
2024-06-11T14:00:00Z,537.4
2024-06-11T15:00:00Z,375.85
2024-06-11T16:00:00Z,191.05
2024-06-11T17:00:00Z,29.55
2024-06-11T18:00:00Z,0.0
2024-06-11T19:00:00Z,0.0
2024-06-11T20:00:00Z,0.0
2024-06-11T21:00:00Z,0.0
2024-06-11T22:00:00Z,0.0
2024-06-11T23:00:00Z,0.0
2024-06-12T00:00:00Z,0.0
2024-06-12T01:00:00Z,0.0
2024-06-12T02:00:00Z,0.0
2024-06-12T03:00:00Z,0.0
2024-06-12T04:00:00Z,0.0
2024-06-12T05:00:00Z,0.0
2024-06-12T06:00:00Z,24.52
2024-06-12T07:00:00Z,188.6
2024-06-12T08:00:00Z,382.27
2024-06-12T09:00:00Z,552.35
2024-06-12T10:00:00Z,718.2
2024-06-12T11:00:00Z,746.62
2024-06-12T12:00:00Z,726.3
2024-06-12T13:00:00Z,688.25
2024-06-12T14:00:00Z,606.6
2024-06-12T15:00:00Z,425.02
2024-06-12T16:00:00Z,217.77
2024-06-12T17:00:00Z,31.67
2024-06-12T18:00:00Z,0.0
2024-06-12T19:00:00Z,0.0
2024-06-12T20:00:00Z,0.0
2024-06-12T21:00:00Z,0.0
2024-06-12T22:00:00Z,0.0
2024-06-12T23:00:00Z,0.0
2024-06-13T00:00:00Z,0.0
2024-06-13T01:00:00Z,0.0
2024-06-13T02:00:00Z,0.0
2024-06-13T03:00:00Z,0.0
2024-06-13T04:00:00Z,0.0
2024-06-13T05:00:00Z,0.0
2024-06-13T06:00:00Z,24.1
2024-06-13T07:00:00Z,180.02
2024-06-13T08:00:00Z,358.48
2024-06-13T09:00:00Z,573.92
2024-06-13T10:00:00Z,594.22
2024-06-13T11:00:00Z,753.5
2024-06-13T12:00:00Z,748.1
2024-06-13T13:00:00Z,640.92
2024-06-13T14:00:00Z,556.92
2024-06-13T15:00:00Z,380.65
2024-06-13T16:00:00Z,179.82
2024-06-13T17:00:00Z,24.12
2024-06-13T18:00:00Z,0.0
2024-06-13T19:00:00Z,0.0
2024-06-13T20:00:00Z,0.0
2024-06-13T21:00:00Z,0.0
2024-06-13T22:00:00Z,0.0
2024-06-13T23:00:00Z,0.0
2024-06-14T00:00:00Z,0.0
2024-06-14T01:00:00Z,0.0
2024-06-14T02:00:00Z,0.0
2024-06-14T03:00:00Z,0.0
2024-06-14T04:00:00Z,0.0
2024-06-14T05:00:00Z,0.0
2024-06-14T06:00:00Z,25.85
2024-06-14T07:00:00Z,182.3
2024-06-14T08:00:00Z,378.2
2024-06-14T09:00:00Z,547.15
2024-06-14T10:00:00Z,633.4
2024-06-14T11:00:00Z,655.5
2024-06-14T12:00:00Z,595.25
2024-06-14T13:00:00Z,477.1
2024-06-14T14:00:00Z,197.52
2024-06-14T15:00:00Z,141.45
2024-06-14T16:00:00Z,70.62
2024-06-14T17:00:00Z,11.8
2024-06-14T18:00:00Z,0.0
2024-06-14T19:00:00Z,0.0
2024-06-14T20:00:00Z,0.0
2024-06-14T21:00:00Z,0.0
2024-06-14T22:00:00Z,0.0
2024-06-14T23:00:00Z,0.0
2024-06-15T00:00:00Z,0.0
2024-06-15T01:00:00Z,0.0
2024-06-15T02:00:00Z,0.0
2024-06-15T03:00:00Z,0.0
2024-06-15T04:00:00Z,0.0
2024-06-15T05:00:00Z,0.0
2024-06-15T06:00:00Z,26.85
2024-06-15T07:00:00Z,191.73
2024-06-15T08:00:00Z,364.48
2024-06-15T09:00:00Z,480.9
2024-06-15T10:00:00Z,620.53
2024-06-15T11:00:00Z,711.4
2024-06-15T12:00:00Z,730.0
2024-06-15T13:00:00Z,571.65
2024-06-15T14:00:00Z,442.42
2024-06-15T15:00:00Z,255.07
2024-06-15T16:00:00Z,135.02
2024-06-15T17:00:00Z,13.2
2024-06-15T18:00:00Z,0.0
2024-06-15T19:00:00Z,0.0
2024-06-15T20:00:00Z,0.0
2024-06-15T21:00:00Z,0.0
2024-06-15T22:00:00Z,0.0
2024-06-15T23:00:00Z,0.0
2024-06-16T00:00:00Z,0.0
2024-06-16T01:00:00Z,0.0
2024-06-16T02:00:00Z,0.0
2024-06-16T03:00:00Z,0.0
2024-06-16T04:00:00Z,0.0
2024-06-16T05:00:00Z,0.0
2024-06-16T06:00:00Z,18.3
2024-06-16T07:00:00Z,135.95
2024-06-16T08:00:00Z,299.5
2024-06-16T09:00:00Z,444.0
2024-06-16T10:00:00Z,491.55
2024-06-16T11:00:00Z,387.83
2024-06-16T12:00:00Z,355.75
2024-06-16T13:00:00Z,426.1
2024-06-16T14:00:00Z,431.1
2024-06-16T15:00:00Z,293.65
2024-06-16T16:00:00Z,158.0
2024-06-16T17:00:00Z,34.12
2024-06-16T18:00:00Z,0.0
2024-06-16T19:00:00Z,0.0
2024-06-16T20:00:00Z,0.0
2024-06-16T21:00:00Z,0.0
2024-06-16T22:00:00Z,0.0
2024-06-16T23:00:00Z,0.0
2024-06-17T00:00:00Z,0.0
2024-06-17T01:00:00Z,0.0
2024-06-17T02:00:00Z,0.0
2024-06-17T03:00:00Z,0.0
2024-06-17T04:00:00Z,0.0
2024-06-17T05:00:00Z,0.0
2024-06-17T06:00:00Z,25.35
2024-06-17T07:00:00Z,200.68
2024-06-17T08:00:00Z,401.95
2024-06-17T09:00:00Z,579.45
2024-06-17T10:00:00Z,698.05
2024-06-17T11:00:00Z,798.7
2024-06-17T12:00:00Z,795.17
2024-06-17T13:00:00Z,720.08
2024-06-17T14:00:00Z,587.3
2024-06-17T15:00:00Z,408.15
2024-06-17T16:00:00Z,201.65
2024-06-17T17:00:00Z,33.53
2024-06-17T18:00:00Z,0.0
2024-06-17T19:00:00Z,0.0
2024-06-17T20:00:00Z,0.0
2024-06-17T21:00:00Z,0.0
2024-06-17T22:00:00Z,0.0
2024-06-17T23:00:00Z,0.0
2024-06-18T00:00:00Z,0.0
2024-06-18T01:00:00Z,0.0
2024-06-18T02:00:00Z,0.0
2024-06-18T03:00:00Z,0.0
2024-06-18T04:00:00Z,0.0
2024-06-18T05:00:00Z,0.0
2024-06-18T06:00:00Z,16.48
2024-06-18T07:00:00Z,123.07
2024-06-18T08:00:00Z,241.77
2024-06-18T09:00:00Z,382.73
2024-06-18T10:00:00Z,466.1
2024-06-18T11:00:00Z,555.83
2024-06-18T12:00:00Z,651.25
2024-06-18T13:00:00Z,671.45
2024-06-18T14:00:00Z,504.27
2024-06-18T15:00:00Z,348.3
2024-06-18T16:00:00Z,165.6
2024-06-18T17:00:00Z,26.08
2024-06-18T18:00:00Z,0.0
2024-06-18T19:00:00Z,0.0
2024-06-18T20:00:00Z,0.0
2024-06-18T21:00:00Z,0.0
2024-06-18T22:00:00Z,0.0
2024-06-18T23:00:00Z,0.0
2024-06-19T00:00:00Z,0.0
2024-06-19T01:00:00Z,0.0
2024-06-19T02:00:00Z,0.0
2024-06-19T03:00:00Z,0.0
2024-06-19T04:00:00Z,0.0
2024-06-19T05:00:00Z,0.0
2024-06-19T06:00:00Z,18.45
2024-06-19T07:00:00Z,155.32
2024-06-19T08:00:00Z,337.23
2024-06-19T09:00:00Z,435.55
2024-06-19T10:00:00Z,490.85
2024-06-19T11:00:00Z,561.55
2024-06-19T12:00:00Z,560.33
2024-06-19T13:00:00Z,522.22
2024-06-19T14:00:00Z,447.38
2024-06-19T15:00:00Z,290.2
2024-06-19T16:00:00Z,139.88
2024-06-19T17:00:00Z,25.33
2024-06-19T18:00:00Z,0.0
2024-06-19T19:00:00Z,0.0
2024-06-19T20:00:00Z,0.0
2024-06-19T21:00:00Z,0.0
2024-06-19T22:00:00Z,0.0
2024-06-19T23:00:00Z,0.0
2024-06-20T00:00:00Z,0.0
2024-06-20T01:00:00Z,0.0
2024-06-20T02:00:00Z,0.0
2024-06-20T03:00:00Z,0.0
2024-06-20T04:00:00Z,0.0
2024-06-20T05:00:00Z,0.0
2024-06-20T06:00:00Z,15.43
2024-06-20T07:00:00Z,137.9
2024-06-20T08:00:00Z,311.33
2024-06-20T09:00:00Z,459.83
2024-06-20T10:00:00Z,575.92
2024-06-20T11:00:00Z,645.67
2024-06-20T12:00:00Z,602.67
2024-06-20T13:00:00Z,606.6
2024-06-20T14:00:00Z,459.98
2024-06-20T15:00:00Z,323.02
2024-06-20T16:00:00Z,160.38
2024-06-20T17:00:00Z,30.85
2024-06-20T18:00:00Z,0.0
2024-06-20T19:00:00Z,0.0
2024-06-20T20:00:00Z,0.0
2024-06-20T21:00:00Z,0.0
2024-06-20T22:00:00Z,0.0
2024-06-20T23:00:00Z,0.0
2024-06-21T00:00:00Z,0.0
2024-06-21T01:00:00Z,0.0
2024-06-21T02:00:00Z,0.0
2024-06-21T03:00:00Z,0.0
2024-06-21T04:00:00Z,0.0
2024-06-21T05:00:00Z,0.0
2024-06-21T06:00:00Z,24.77
2024-06-21T07:00:00Z,201.25
2024-06-21T08:00:00Z,407.92
2024-06-21T09:00:00Z,586.0
2024-06-21T10:00:00Z,718.47
2024-06-21T11:00:00Z,788.35
2024-06-21T12:00:00Z,791.67
2024-06-21T13:00:00Z,690.72
2024-06-21T14:00:00Z,571.45
2024-06-21T15:00:00Z,379.45
2024-06-21T16:00:00Z,194.25
2024-06-21T17:00:00Z,31.6
2024-06-21T18:00:00Z,0.0
2024-06-21T19:00:00Z,0.0
2024-06-21T20:00:00Z,0.0
2024-06-21T21:00:00Z,0.0
2024-06-21T22:00:00Z,0.0
2024-06-21T23:00:00Z,0.0
2024-06-22T00:00:00Z,0.0
2024-06-22T01:00:00Z,0.0
2024-06-22T02:00:00Z,0.0
2024-06-22T03:00:00Z,0.0
2024-06-22T04:00:00Z,0.0
2024-06-22T05:00:00Z,0.0
2024-06-22T06:00:00Z,23.65
2024-06-22T07:00:00Z,188.45
2024-06-22T08:00:00Z,378.15
2024-06-22T09:00:00Z,526.95
2024-06-22T10:00:00Z,685.35
2024-06-22T11:00:00Z,739.15
2024-06-22T12:00:00Z,674.5
2024-06-22T13:00:00Z,601.58
2024-06-22T14:00:00Z,457.77
2024-06-22T15:00:00Z,298.83
2024-06-22T16:00:00Z,147.27
2024-06-22T17:00:00Z,22.58
2024-06-22T18:00:00Z,0.0
2024-06-22T19:00:00Z,0.0
2024-06-22T20:00:00Z,0.0
2024-06-22T21:00:00Z,0.0
2024-06-22T22:00:00Z,0.0
2024-06-22T23:00:00Z,0.0
2024-06-23T00:00:00Z,0.0
2024-06-23T01:00:00Z,0.0
2024-06-23T02:00:00Z,0.0
2024-06-23T03:00:00Z,0.0
2024-06-23T04:00:00Z,0.0
2024-06-23T05:00:00Z,0.0
2024-06-23T06:00:00Z,5.6
2024-06-23T07:00:00Z,126.32
2024-06-23T08:00:00Z,248.15
2024-06-23T09:00:00Z,395.5
2024-06-23T10:00:00Z,592.03
2024-06-23T11:00:00Z,614.08
2024-06-23T12:00:00Z,428.12
2024-06-23T13:00:00Z,261.65
2024-06-23T14:00:00Z,146.98
2024-06-23T15:00:00Z,113.62
2024-06-23T16:00:00Z,67.78
2024-06-23T17:00:00Z,12.73
2024-06-23T18:00:00Z,0.0
2024-06-23T19:00:00Z,0.0
2024-06-23T20:00:00Z,0.0
2024-06-23T21:00:00Z,0.0
2024-06-23T22:00:00Z,0.0
2024-06-23T23:00:00Z,0.0
2024-06-24T00:00:00Z,0.0
2024-06-24T01:00:00Z,0.0
2024-06-24T02:00:00Z,0.0
2024-06-24T03:00:00Z,0.0
2024-06-24T04:00:00Z,0.0
2024-06-24T05:00:00Z,0.0
2024-06-24T06:00:00Z,8.73
2024-06-24T07:00:00Z,98.45
2024-06-24T08:00:00Z,204.9
2024-06-24T09:00:00Z,328.58
2024-06-24T10:00:00Z,438.2
2024-06-24T11:00:00Z,567.08
2024-06-24T12:00:00Z,574.38
2024-06-24T13:00:00Z,497.42
2024-06-24T14:00:00Z,360.05
2024-06-24T15:00:00Z,223.85
2024-06-24T16:00:00Z,120.65
2024-06-24T17:00:00Z,16.3
2024-06-24T18:00:00Z,0.0
2024-06-24T19:00:00Z,0.0
2024-06-24T20:00:00Z,0.0
2024-06-24T21:00:00Z,0.0
2024-06-24T22:00:00Z,0.0
2024-06-24T23:00:00Z,0.0
2024-06-25T00:00:00Z,0.0
2024-06-25T01:00:00Z,0.0
2024-06-25T02:00:00Z,0.0
2024-06-25T03:00:00Z,0.0
2024-06-25T04:00:00Z,0.0
2024-06-25T05:00:00Z,0.0
2024-06-25T06:00:00Z,14.9
2024-06-25T07:00:00Z,128.75
2024-06-25T08:00:00Z,287.42
2024-06-25T09:00:00Z,446.9
2024-06-25T10:00:00Z,438.98
2024-06-25T11:00:00Z,496.17
2024-06-25T12:00:00Z,488.5
2024-06-25T13:00:00Z,444.58
2024-06-25T14:00:00Z,339.98
2024-06-25T15:00:00Z,256.15
2024-06-25T16:00:00Z,128.3
2024-06-25T17:00:00Z,22.3
2024-06-25T18:00:00Z,0.0
2024-06-25T19:00:00Z,0.0
2024-06-25T20:00:00Z,0.0
2024-06-25T21:00:00Z,0.0
2024-06-25T22:00:00Z,0.0
2024-06-25T23:00:00Z,0.0
2024-06-26T00:00:00Z,0.0
2024-06-26T01:00:00Z,0.0
2024-06-26T02:00:00Z,0.0
2024-06-26T03:00:00Z,0.0
2024-06-26T04:00:00Z,0.0
2024-06-26T05:00:00Z,0.0
2024-06-26T06:00:00Z,21.62
2024-06-26T07:00:00Z,158.43
2024-06-26T08:00:00Z,325.77
2024-06-26T09:00:00Z,484.58
2024-06-26T10:00:00Z,470.33
2024-06-26T11:00:00Z,578.9
2024-06-26T12:00:00Z,640.45
2024-06-26T13:00:00Z,629.97
2024-06-26T14:00:00Z,551.97
2024-06-26T15:00:00Z,353.02
2024-06-26T16:00:00Z,188.73
2024-06-26T17:00:00Z,26.3
2024-06-26T18:00:00Z,0.0
2024-06-26T19:00:00Z,0.0
2024-06-26T20:00:00Z,0.0
2024-06-26T21:00:00Z,0.0
2024-06-26T22:00:00Z,0.0
2024-06-26T23:00:00Z,0.0
2024-06-27T00:00:00Z,0.0
2024-06-27T01:00:00Z,0.0
2024-06-27T02:00:00Z,0.0
2024-06-27T03:00:00Z,0.0
2024-06-27T04:00:00Z,0.0
2024-06-27T05:00:00Z,0.0
2024-06-27T06:00:00Z,7.25
2024-06-27T07:00:00Z,73.35
2024-06-27T08:00:00Z,166.82
2024-06-27T09:00:00Z,270.62
2024-06-27T10:00:00Z,370.7
2024-06-27T11:00:00Z,260.98
2024-06-27T12:00:00Z,184.18
2024-06-27T13:00:00Z,241.68
2024-06-27T14:00:00Z,244.9
2024-06-27T15:00:00Z,134.25
2024-06-27T16:00:00Z,70.78
2024-06-27T17:00:00Z,11.57
2024-06-27T18:00:00Z,0.0
2024-06-27T19:00:00Z,0.0
2024-06-27T20:00:00Z,0.0
2024-06-27T21:00:00Z,0.0
2024-06-27T22:00:00Z,0.0
2024-06-27T23:00:00Z,0.0
2024-06-28T00:00:00Z,0.0
2024-06-28T01:00:00Z,0.0
2024-06-28T02:00:00Z,0.0
2024-06-28T03:00:00Z,0.0
2024-06-28T04:00:00Z,0.0
2024-06-28T05:00:00Z,0.0
2024-06-28T06:00:00Z,2.42
2024-06-28T07:00:00Z,17.45
2024-06-28T08:00:00Z,39.35
2024-06-28T09:00:00Z,57.95
2024-06-28T10:00:00Z,134.15
2024-06-28T11:00:00Z,244.27
2024-06-28T12:00:00Z,381.17
2024-06-28T13:00:00Z,322.75
2024-06-28T14:00:00Z,212.98
2024-06-28T15:00:00Z,187.05
2024-06-28T16:00:00Z,100.32
2024-06-28T17:00:00Z,14.35
2024-06-28T18:00:00Z,0.0
2024-06-28T19:00:00Z,0.0
2024-06-28T20:00:00Z,0.0
2024-06-28T21:00:00Z,0.0
2024-06-28T22:00:00Z,0.0
2024-06-28T23:00:00Z,0.0
2024-06-29T00:00:00Z,0.0
2024-06-29T01:00:00Z,0.0
2024-06-29T02:00:00Z,0.0
2024-06-29T03:00:00Z,0.0
2024-06-29T04:00:00Z,0.0
2024-06-29T05:00:00Z,0.0
2024-06-29T06:00:00Z,19.33
2024-06-29T07:00:00Z,175.7
2024-06-29T08:00:00Z,380.42
2024-06-29T09:00:00Z,555.88
2024-06-29T10:00:00Z,693.35
2024-06-29T11:00:00Z,722.5
2024-06-29T12:00:00Z,700.53
2024-06-29T13:00:00Z,556.53
2024-06-29T14:00:00Z,495.55
2024-06-29T15:00:00Z,356.05
2024-06-29T16:00:00Z,156.48
2024-06-29T17:00:00Z,27.08
2024-06-29T18:00:00Z,0.0
2024-06-29T19:00:00Z,0.0
2024-06-29T20:00:00Z,0.0
2024-06-29T21:00:00Z,0.0
2024-06-29T22:00:00Z,0.0
2024-06-29T23:00:00Z,0.0
2024-06-30T00:00:00Z,0.0
2024-06-30T01:00:00Z,0.0
2024-06-30T02:00:00Z,0.0
2024-06-30T03:00:00Z,0.0
2024-06-30T04:00:00Z,0.0
2024-06-30T05:00:00Z,0.0
2024-06-30T06:00:00Z,20.92
2024-06-30T07:00:00Z,177.43
2024-06-30T08:00:00Z,355.6
2024-06-30T09:00:00Z,479.08
2024-06-30T10:00:00Z,696.97
2024-06-30T11:00:00Z,760.03
2024-06-30T12:00:00Z,767.72
2024-06-30T13:00:00Z,717.2
2024-06-30T14:00:00Z,602.4
2024-06-30T15:00:00Z,425.73
2024-06-30T16:00:00Z,212.32
2024-06-30T17:00:00Z,37.65
2024-06-30T18:00:00Z,0.0
2024-06-30T19:00:00Z,0.0
2024-06-30T20:00:00Z,0.0
2024-06-30T21:00:00Z,0.0
2024-06-30T22:00:00Z,0.0
2024-06-30T23:00:00Z,0.0
2024-07-01T00:00:00Z,0.0
2024-07-01T01:00:00Z,0.0
2024-07-01T02:00:00Z,0.0
2024-07-01T03:00:00Z,0.0
2024-07-01T04:00:00Z,0.0
2024-07-01T05:00:00Z,0.0
2024-07-01T06:00:00Z,16.8
2024-07-01T07:00:00Z,169.75
2024-07-01T08:00:00Z,363.45
2024-07-01T09:00:00Z,523.6
2024-07-01T10:00:00Z,600.25
2024-07-01T11:00:00Z,758.4
2024-07-01T12:00:00Z,775.25
2024-07-01T13:00:00Z,725.67
2024-07-01T14:00:00Z,588.75
2024-07-01T15:00:00Z,349.8
2024-07-01T16:00:00Z,200.3
2024-07-01T17:00:00Z,37.97
2024-07-01T18:00:00Z,0.0
2024-07-01T19:00:00Z,0.0
2024-07-01T20:00:00Z,0.0
2024-07-01T21:00:00Z,0.0
2024-07-01T22:00:00Z,0.0
2024-07-01T23:00:00Z,0.0
2024-07-02T00:00:00Z,0.0
2024-07-02T01:00:00Z,0.0
2024-07-02T02:00:00Z,0.0
2024-07-02T03:00:00Z,0.0
2024-07-02T04:00:00Z,0.0
2024-07-02T05:00:00Z,0.0
2024-07-02T06:00:00Z,14.88
2024-07-02T07:00:00Z,112.12
2024-07-02T08:00:00Z,247.48
2024-07-02T09:00:00Z,384.5
2024-07-02T10:00:00Z,376.85
2024-07-02T11:00:00Z,309.3
2024-07-02T12:00:00Z,427.85
2024-07-02T13:00:00Z,466.35
2024-07-02T14:00:00Z,330.45
2024-07-02T15:00:00Z,195.32
2024-07-02T16:00:00Z,96.8
2024-07-02T17:00:00Z,15.98
2024-07-02T18:00:00Z,0.0
2024-07-02T19:00:00Z,0.0
2024-07-02T20:00:00Z,0.0
2024-07-02T21:00:00Z,0.0
2024-07-02T22:00:00Z,0.0
2024-07-02T23:00:00Z,0.0
2024-07-03T00:00:00Z,0.0
2024-07-03T01:00:00Z,0.0
2024-07-03T02:00:00Z,0.0
2024-07-03T03:00:00Z,0.0
2024-07-03T04:00:00Z,0.0
2024-07-03T05:00:00Z,0.0
2024-07-03T06:00:00Z,14.93
2024-07-03T07:00:00Z,135.43
2024-07-03T08:00:00Z,311.02
2024-07-03T09:00:00Z,474.75
2024-07-03T10:00:00Z,602.42
2024-07-03T11:00:00Z,655.3
2024-07-03T12:00:00Z,678.72
2024-07-03T13:00:00Z,662.9
2024-07-03T14:00:00Z,519.62
2024-07-03T15:00:00Z,338.62
2024-07-03T16:00:00Z,167.25
2024-07-03T17:00:00Z,27.52
2024-07-03T18:00:00Z,0.0
2024-07-03T19:00:00Z,0.0
2024-07-03T20:00:00Z,0.0
2024-07-03T21:00:00Z,0.0
2024-07-03T22:00:00Z,0.0
2024-07-03T23:00:00Z,0.0
2024-07-04T00:00:00Z,0.0
2024-07-04T01:00:00Z,0.0
2024-07-04T02:00:00Z,0.0
2024-07-04T03:00:00Z,0.0
2024-07-04T04:00:00Z,0.0
2024-07-04T05:00:00Z,0.0
2024-07-04T06:00:00Z,17.1
2024-07-04T07:00:00Z,167.93
2024-07-04T08:00:00Z,368.85
2024-07-04T09:00:00Z,423.33
2024-07-04T10:00:00Z,548.83
2024-07-04T11:00:00Z,588.5
2024-07-04T12:00:00Z,720.92
2024-07-04T13:00:00Z,713.92
2024-07-04T14:00:00Z,580.15
2024-07-04T15:00:00Z,408.0
2024-07-04T16:00:00Z,214.62
2024-07-04T17:00:00Z,37.15
2024-07-04T18:00:00Z,0.0
2024-07-04T19:00:00Z,0.0
2024-07-04T20:00:00Z,0.0
2024-07-04T21:00:00Z,0.0
2024-07-04T22:00:00Z,0.0
2024-07-04T23:00:00Z,0.0
2024-07-05T00:00:00Z,0.0
2024-07-05T01:00:00Z,0.0
2024-07-05T02:00:00Z,0.0
2024-07-05T03:00:00Z,0.0
2024-07-05T04:00:00Z,0.0
2024-07-05T05:00:00Z,0.0
2024-07-05T06:00:00Z,6.25
2024-07-05T07:00:00Z,48.2
2024-07-05T08:00:00Z,81.95
2024-07-05T09:00:00Z,85.7
2024-07-05T10:00:00Z,88.22
2024-07-05T11:00:00Z,98.0
2024-07-05T12:00:00Z,179.1
2024-07-05T13:00:00Z,298.73
2024-07-05T14:00:00Z,285.62
2024-07-05T15:00:00Z,183.18
2024-07-05T16:00:00Z,94.03
2024-07-05T17:00:00Z,17.02
2024-07-05T18:00:00Z,0.0
2024-07-05T19:00:00Z,0.0
2024-07-05T20:00:00Z,0.0
2024-07-05T21:00:00Z,0.0
2024-07-05T22:00:00Z,0.0
2024-07-05T23:00:00Z,0.0
2024-07-06T00:00:00Z,0.0
2024-07-06T01:00:00Z,0.0
2024-07-06T02:00:00Z,0.0
2024-07-06T03:00:00Z,0.0
2024-07-06T04:00:00Z,0.0
2024-07-06T05:00:00Z,0.0
2024-07-06T06:00:00Z,17.25
2024-07-06T07:00:00Z,161.35
2024-07-06T08:00:00Z,348.45
2024-07-06T09:00:00Z,523.5
2024-07-06T10:00:00Z,617.85
2024-07-06T11:00:00Z,629.17
2024-07-06T12:00:00Z,584.83
2024-07-06T13:00:00Z,530.83
2024-07-06T14:00:00Z,445.1
2024-07-06T15:00:00Z,279.95
2024-07-06T16:00:00Z,138.65
2024-07-06T17:00:00Z,22.92
2024-07-06T18:00:00Z,0.0
2024-07-06T19:00:00Z,0.0
2024-07-06T20:00:00Z,0.0
2024-07-06T21:00:00Z,0.0
2024-07-06T22:00:00Z,0.0
2024-07-06T23:00:00Z,0.0
2024-07-07T00:00:00Z,0.0
2024-07-07T01:00:00Z,0.0
2024-07-07T02:00:00Z,0.0
2024-07-07T03:00:00Z,0.0
2024-07-07T04:00:00Z,0.0
2024-07-07T05:00:00Z,0.0
2024-07-07T06:00:00Z,13.4
2024-07-07T07:00:00Z,149.65
2024-07-07T08:00:00Z,332.3
2024-07-07T09:00:00Z,518.5
2024-07-07T10:00:00Z,544.05
2024-07-07T11:00:00Z,454.98
2024-07-07T12:00:00Z,435.0
2024-07-07T13:00:00Z,396.12
2024-07-07T14:00:00Z,374.88
2024-07-07T15:00:00Z,248.95
2024-07-07T16:00:00Z,127.22
2024-07-07T17:00:00Z,21.85
2024-07-07T18:00:00Z,0.0
2024-07-07T19:00:00Z,0.0
2024-07-07T20:00:00Z,0.0
2024-07-07T21:00:00Z,0.0
2024-07-07T22:00:00Z,0.0
2024-07-07T23:00:00Z,0.0
2024-07-08T00:00:00Z,0.0
2024-07-08T01:00:00Z,0.0
2024-07-08T02:00:00Z,0.0
2024-07-08T03:00:00Z,0.0
2024-07-08T04:00:00Z,0.0
2024-07-08T05:00:00Z,0.0
2024-07-08T06:00:00Z,7.6
2024-07-08T07:00:00Z,60.12
2024-07-08T08:00:00Z,114.55
2024-07-08T09:00:00Z,151.2
2024-07-08T10:00:00Z,345.52
2024-07-08T11:00:00Z,519.3
2024-07-08T12:00:00Z,626.72
2024-07-08T13:00:00Z,575.4
2024-07-08T14:00:00Z,483.83
2024-07-08T15:00:00Z,300.83
2024-07-08T16:00:00Z,148.12
2024-07-08T17:00:00Z,26.08
2024-07-08T18:00:00Z,0.0
2024-07-08T19:00:00Z,0.0
2024-07-08T20:00:00Z,0.0
2024-07-08T21:00:00Z,0.0
2024-07-08T22:00:00Z,0.0
2024-07-08T23:00:00Z,0.0
2024-07-09T00:00:00Z,0.0
2024-07-09T01:00:00Z,0.0
2024-07-09T02:00:00Z,0.0
2024-07-09T03:00:00Z,0.0
2024-07-09T04:00:00Z,0.0
2024-07-09T05:00:00Z,0.0
2024-07-09T06:00:00Z,18.77
2024-07-09T07:00:00Z,162.48
2024-07-09T08:00:00Z,332.48
2024-07-09T09:00:00Z,502.73
2024-07-09T10:00:00Z,602.25
2024-07-09T11:00:00Z,778.67
2024-07-09T12:00:00Z,764.15
2024-07-09T13:00:00Z,670.22
2024-07-09T14:00:00Z,495.98
2024-07-09T15:00:00Z,272.62
2024-07-09T16:00:00Z,142.48
2024-07-09T17:00:00Z,26.08
2024-07-09T18:00:00Z,0.0
2024-07-09T19:00:00Z,0.0
2024-07-09T20:00:00Z,0.0
2024-07-09T21:00:00Z,0.0
2024-07-09T22:00:00Z,0.0
2024-07-09T23:00:00Z,0.0
2024-07-10T00:00:00Z,0.0
2024-07-10T01:00:00Z,0.0
2024-07-10T02:00:00Z,0.0
2024-07-10T03:00:00Z,0.0
2024-07-10T04:00:00Z,0.0
2024-07-10T05:00:00Z,0.0
2024-07-10T06:00:00Z,9.62
2024-07-10T07:00:00Z,83.43
2024-07-10T08:00:00Z,196.45
2024-07-10T09:00:00Z,317.45
2024-07-10T10:00:00Z,347.5
2024-07-10T11:00:00Z,461.62
2024-07-10T12:00:00Z,493.25
2024-07-10T13:00:00Z,353.4
2024-07-10T14:00:00Z,227.35
2024-07-10T15:00:00Z,113.03
2024-07-10T16:00:00Z,72.47
2024-07-10T17:00:00Z,11.98
2024-07-10T18:00:00Z,0.0
2024-07-10T19:00:00Z,0.0
2024-07-10T20:00:00Z,0.0
2024-07-10T21:00:00Z,0.0
2024-07-10T22:00:00Z,0.0
2024-07-10T23:00:00Z,0.0
2024-07-11T00:00:00Z,0.0
2024-07-11T01:00:00Z,0.0
2024-07-11T02:00:00Z,0.0
2024-07-11T03:00:00Z,0.0
2024-07-11T04:00:00Z,0.0
2024-07-11T05:00:00Z,0.0
2024-07-11T06:00:00Z,19.9
2024-07-11T07:00:00Z,183.02
2024-07-11T08:00:00Z,361.42
2024-07-11T09:00:00Z,499.85
2024-07-11T10:00:00Z,632.33
2024-07-11T11:00:00Z,780.8
2024-07-11T12:00:00Z,742.45
2024-07-11T13:00:00Z,689.45
2024-07-11T14:00:00Z,598.35
2024-07-11T15:00:00Z,422.65
2024-07-11T16:00:00Z,222.5
2024-07-11T17:00:00Z,41.83
2024-07-11T18:00:00Z,0.0
2024-07-11T19:00:00Z,0.0
2024-07-11T20:00:00Z,0.0
2024-07-11T21:00:00Z,0.0
2024-07-11T22:00:00Z,0.0
2024-07-11T23:00:00Z,0.0
2024-07-12T00:00:00Z,0.0
2024-07-12T01:00:00Z,0.0
2024-07-12T02:00:00Z,0.0
2024-07-12T03:00:00Z,0.0
2024-07-12T04:00:00Z,0.0
2024-07-12T05:00:00Z,0.0
2024-07-12T06:00:00Z,19.48
2024-07-12T07:00:00Z,188.43
2024-07-12T08:00:00Z,391.17
2024-07-12T09:00:00Z,583.0
2024-07-12T10:00:00Z,725.92
2024-07-12T11:00:00Z,802.83
2024-07-12T12:00:00Z,810.0
2024-07-12T13:00:00Z,742.8
2024-07-12T14:00:00Z,623.7
2024-07-12T15:00:00Z,423.48
2024-07-12T16:00:00Z,220.18
2024-07-12T17:00:00Z,47.2
2024-07-12T18:00:00Z,0.0
2024-07-12T19:00:00Z,0.0
2024-07-12T20:00:00Z,0.0
2024-07-12T21:00:00Z,0.0
2024-07-12T22:00:00Z,0.0
2024-07-12T23:00:00Z,0.0
2024-07-13T00:00:00Z,0.0
2024-07-13T01:00:00Z,0.0
2024-07-13T02:00:00Z,0.0
2024-07-13T03:00:00Z,0.0
2024-07-13T04:00:00Z,0.0
2024-07-13T05:00:00Z,0.0
2024-07-13T06:00:00Z,16.52
2024-07-13T07:00:00Z,138.02
2024-07-13T08:00:00Z,312.08
2024-07-13T09:00:00Z,474.85
2024-07-13T10:00:00Z,610.7
2024-07-13T11:00:00Z,643.38
2024-07-13T12:00:00Z,688.35
2024-07-13T13:00:00Z,617.72
2024-07-13T14:00:00Z,470.85
2024-07-13T15:00:00Z,321.52
2024-07-13T16:00:00Z,166.4
2024-07-13T17:00:00Z,32.7
2024-07-13T18:00:00Z,0.0
2024-07-13T19:00:00Z,0.0
2024-07-13T20:00:00Z,0.0
2024-07-13T21:00:00Z,0.0
2024-07-13T22:00:00Z,0.0
2024-07-13T23:00:00Z,0.0
2024-07-14T00:00:00Z,0.0
2024-07-14T01:00:00Z,0.0
2024-07-14T02:00:00Z,0.0
2024-07-14T03:00:00Z,0.0
2024-07-14T04:00:00Z,0.0
2024-07-14T05:00:00Z,0.0
2024-07-14T06:00:00Z,15.23
2024-07-14T07:00:00Z,135.05
2024-07-14T08:00:00Z,285.25
2024-07-14T09:00:00Z,439.0
2024-07-14T10:00:00Z,568.62
2024-07-14T11:00:00Z,623.53
2024-07-14T12:00:00Z,667.58
2024-07-14T13:00:00Z,674.92
2024-07-14T14:00:00Z,564.58
2024-07-14T15:00:00Z,419.88
2024-07-14T16:00:00Z,215.68
2024-07-14T17:00:00Z,36.03
2024-07-14T18:00:00Z,0.0
2024-07-14T19:00:00Z,0.0
2024-07-14T20:00:00Z,0.0
2024-07-14T21:00:00Z,0.0
2024-07-14T22:00:00Z,0.0
2024-07-14T23:00:00Z,0.0
2024-07-15T00:00:00Z,0.0
2024-07-15T01:00:00Z,0.0
2024-07-15T02:00:00Z,0.0
2024-07-15T03:00:00Z,0.0
2024-07-15T04:00:00Z,0.0
2024-07-15T05:00:00Z,0.0
2024-07-15T06:00:00Z,19.12
2024-07-15T07:00:00Z,173.95
2024-07-15T08:00:00Z,375.6
2024-07-15T09:00:00Z,554.22
2024-07-15T10:00:00Z,575.05
2024-07-15T11:00:00Z,751.7
2024-07-15T12:00:00Z,753.12
2024-07-15T13:00:00Z,649.9
2024-07-15T14:00:00Z,574.53
2024-07-15T15:00:00Z,430.88
2024-07-15T16:00:00Z,201.43
2024-07-15T17:00:00Z,45.3
2024-07-15T18:00:00Z,0.0
2024-07-15T19:00:00Z,0.0
2024-07-15T20:00:00Z,0.0
2024-07-15T21:00:00Z,0.0
2024-07-15T22:00:00Z,0.0
2024-07-15T23:00:00Z,0.0
2024-07-16T00:00:00Z,0.0
2024-07-16T01:00:00Z,0.0
2024-07-16T02:00:00Z,0.0
2024-07-16T03:00:00Z,0.0
2024-07-16T04:00:00Z,0.0
2024-07-16T05:00:00Z,0.0
2024-07-16T06:00:00Z,19.12
2024-07-16T07:00:00Z,163.07
2024-07-16T08:00:00Z,347.65
2024-07-16T09:00:00Z,521.47
2024-07-16T10:00:00Z,684.5
2024-07-16T11:00:00Z,775.83
2024-07-16T12:00:00Z,787.53
2024-07-16T13:00:00Z,736.95
2024-07-16T14:00:00Z,603.38
2024-07-16T15:00:00Z,424.65
2024-07-16T16:00:00Z,199.62
2024-07-16T17:00:00Z,42.45
2024-07-16T18:00:00Z,0.0
2024-07-16T19:00:00Z,0.0
2024-07-16T20:00:00Z,0.0
2024-07-16T21:00:00Z,0.0
2024-07-16T22:00:00Z,0.0
2024-07-16T23:00:00Z,0.0
2024-07-17T00:00:00Z,0.0
2024-07-17T01:00:00Z,0.0
2024-07-17T02:00:00Z,0.0
2024-07-17T03:00:00Z,0.0
2024-07-17T04:00:00Z,0.0
2024-07-17T05:00:00Z,0.0
2024-07-17T06:00:00Z,14.38
2024-07-17T07:00:00Z,129.6
2024-07-17T08:00:00Z,290.2
2024-07-17T09:00:00Z,452.08
2024-07-17T10:00:00Z,500.1
2024-07-17T11:00:00Z,694.1
2024-07-17T12:00:00Z,791.4
2024-07-17T13:00:00Z,710.6
2024-07-17T14:00:00Z,594.15
2024-07-17T15:00:00Z,410.65
2024-07-17T16:00:00Z,183.68
2024-07-17T17:00:00Z,36.45
2024-07-17T18:00:00Z,0.0
2024-07-17T19:00:00Z,0.0
2024-07-17T20:00:00Z,0.0
2024-07-17T21:00:00Z,0.0
2024-07-17T22:00:00Z,0.0
2024-07-17T23:00:00Z,0.0
2024-07-18T00:00:00Z,0.0
2024-07-18T01:00:00Z,0.0
2024-07-18T02:00:00Z,0.0
2024-07-18T03:00:00Z,0.0
2024-07-18T04:00:00Z,0.0
2024-07-18T05:00:00Z,0.0
2024-07-18T06:00:00Z,17.15
2024-07-18T07:00:00Z,151.85
2024-07-18T08:00:00Z,301.48
2024-07-18T09:00:00Z,540.35
2024-07-18T10:00:00Z,673.67
2024-07-18T11:00:00Z,792.58
2024-07-18T12:00:00Z,809.47
2024-07-18T13:00:00Z,765.38
2024-07-18T14:00:00Z,641.22
2024-07-18T15:00:00Z,456.4
2024-07-18T16:00:00Z,240.0
2024-07-18T17:00:00Z,46.7
2024-07-18T18:00:00Z,0.0
2024-07-18T19:00:00Z,0.0
2024-07-18T20:00:00Z,0.0
2024-07-18T21:00:00Z,0.0
2024-07-18T22:00:00Z,0.0
2024-07-18T23:00:00Z,0.0
2024-07-19T00:00:00Z,0.0
2024-07-19T01:00:00Z,0.0
2024-07-19T02:00:00Z,0.0
2024-07-19T03:00:00Z,0.0
2024-07-19T04:00:00Z,0.0
2024-07-19T05:00:00Z,0.0
2024-07-19T06:00:00Z,22.0
2024-07-19T07:00:00Z,202.3
2024-07-19T08:00:00Z,411.2
2024-07-19T09:00:00Z,621.17
2024-07-19T10:00:00Z,774.35
2024-07-19T11:00:00Z,853.8
2024-07-19T12:00:00Z,861.9
2024-07-19T13:00:00Z,795.88
2024-07-19T14:00:00Z,667.0
2024-07-19T15:00:00Z,487.1
2024-07-19T16:00:00Z,266.4
2024-07-19T17:00:00Z,55.35
2024-07-19T18:00:00Z,0.0
2024-07-19T19:00:00Z,0.0
2024-07-19T20:00:00Z,0.0
2024-07-19T21:00:00Z,0.0
2024-07-19T22:00:00Z,0.0
2024-07-19T23:00:00Z,0.0
2024-07-20T00:00:00Z,0.0
2024-07-20T01:00:00Z,0.0
2024-07-20T02:00:00Z,0.0
2024-07-20T03:00:00Z,0.0
2024-07-20T04:00:00Z,0.0
2024-07-20T05:00:00Z,0.0
2024-07-20T06:00:00Z,17.4
2024-07-20T07:00:00Z,157.25
2024-07-20T08:00:00Z,334.8
2024-07-20T09:00:00Z,442.7
2024-07-20T10:00:00Z,468.95
2024-07-20T11:00:00Z,571.4
2024-07-20T12:00:00Z,618.5
2024-07-20T13:00:00Z,603.33
2024-07-20T14:00:00Z,361.67
2024-07-20T15:00:00Z,256.55
2024-07-20T16:00:00Z,129.23
2024-07-20T17:00:00Z,28.45
2024-07-20T18:00:00Z,0.0
2024-07-20T19:00:00Z,0.0
2024-07-20T20:00:00Z,0.0
2024-07-20T21:00:00Z,0.0
2024-07-20T22:00:00Z,0.0
2024-07-20T23:00:00Z,0.0
2024-07-21T00:00:00Z,0.0
2024-07-21T01:00:00Z,0.0
2024-07-21T02:00:00Z,0.0
2024-07-21T03:00:00Z,0.0
2024-07-21T04:00:00Z,0.0
2024-07-21T05:00:00Z,0.0
2024-07-21T06:00:00Z,16.2
2024-07-21T07:00:00Z,152.15
2024-07-21T08:00:00Z,324.83
2024-07-21T09:00:00Z,498.05
2024-07-21T10:00:00Z,626.28
2024-07-21T11:00:00Z,667.15
2024-07-21T12:00:00Z,685.58
2024-07-21T13:00:00Z,709.67
2024-07-21T14:00:00Z,479.77
2024-07-21T15:00:00Z,430.83
2024-07-21T16:00:00Z,248.23
2024-07-21T17:00:00Z,51.6
2024-07-21T18:00:00Z,0.0
2024-07-21T19:00:00Z,0.0
2024-07-21T20:00:00Z,0.0
2024-07-21T21:00:00Z,0.0
2024-07-21T22:00:00Z,0.0
2024-07-21T23:00:00Z,0.0
2024-07-22T00:00:00Z,0.0
2024-07-22T01:00:00Z,0.0
2024-07-22T02:00:00Z,0.0
2024-07-22T03:00:00Z,0.0
2024-07-22T04:00:00Z,0.0
2024-07-22T05:00:00Z,0.0
2024-07-22T06:00:00Z,16.48
2024-07-22T07:00:00Z,143.57
2024-07-22T08:00:00Z,330.5
2024-07-22T09:00:00Z,497.33
2024-07-22T10:00:00Z,628.53
2024-07-22T11:00:00Z,743.9
2024-07-22T12:00:00Z,784.97
2024-07-22T13:00:00Z,668.03
2024-07-22T14:00:00Z,596.65
2024-07-22T15:00:00Z,395.38
2024-07-22T16:00:00Z,199.57
2024-07-22T17:00:00Z,43.83
2024-07-22T18:00:00Z,0.0
2024-07-22T19:00:00Z,0.0
2024-07-22T20:00:00Z,0.0
2024-07-22T21:00:00Z,0.0
2024-07-22T22:00:00Z,0.0
2024-07-22T23:00:00Z,0.0
2024-07-23T00:00:00Z,0.0
2024-07-23T01:00:00Z,0.0
2024-07-23T02:00:00Z,0.0
2024-07-23T03:00:00Z,0.0
2024-07-23T04:00:00Z,0.0
2024-07-23T05:00:00Z,0.0
2024-07-23T06:00:00Z,18.83
2024-07-23T07:00:00Z,160.07
2024-07-23T08:00:00Z,308.45
2024-07-23T09:00:00Z,572.75
2024-07-23T10:00:00Z,700.55
2024-07-23T11:00:00Z,721.25
2024-07-23T12:00:00Z,754.3
2024-07-23T13:00:00Z,578.5
2024-07-23T14:00:00Z,397.67
2024-07-23T15:00:00Z,326.88
2024-07-23T16:00:00Z,160.4
2024-07-23T17:00:00Z,28.83
2024-07-23T18:00:00Z,0.0
2024-07-23T19:00:00Z,0.0
2024-07-23T20:00:00Z,0.0
2024-07-23T21:00:00Z,0.0
2024-07-23T22:00:00Z,0.0
2024-07-23T23:00:00Z,0.0
2024-07-24T00:00:00Z,0.0
2024-07-24T01:00:00Z,0.0
2024-07-24T02:00:00Z,0.0
2024-07-24T03:00:00Z,0.0
2024-07-24T04:00:00Z,0.0
2024-07-24T05:00:00Z,0.0
2024-07-24T06:00:00Z,13.32
2024-07-24T07:00:00Z,110.6
2024-07-24T08:00:00Z,219.88
2024-07-24T09:00:00Z,354.58
2024-07-24T10:00:00Z,554.78
2024-07-24T11:00:00Z,729.38
2024-07-24T12:00:00Z,772.6
2024-07-24T13:00:00Z,613.42
2024-07-24T14:00:00Z,457.9
2024-07-24T15:00:00Z,287.5
2024-07-24T16:00:00Z,136.6
2024-07-24T17:00:00Z,27.33
2024-07-24T18:00:00Z,0.0
2024-07-24T19:00:00Z,0.0
2024-07-24T20:00:00Z,0.0
2024-07-24T21:00:00Z,0.0
2024-07-24T22:00:00Z,0.0
2024-07-24T23:00:00Z,0.0
2024-07-25T00:00:00Z,0.0
2024-07-25T01:00:00Z,0.0
2024-07-25T02:00:00Z,0.0
2024-07-25T03:00:00Z,0.0
2024-07-25T04:00:00Z,0.0
2024-07-25T05:00:00Z,0.0
2024-07-25T06:00:00Z,7.35
2024-07-25T07:00:00Z,74.8
2024-07-25T08:00:00Z,160.07
2024-07-25T09:00:00Z,252.45
2024-07-25T10:00:00Z,294.8
2024-07-25T11:00:00Z,477.95
2024-07-25T12:00:00Z,493.58
2024-07-25T13:00:00Z,493.77
2024-07-25T14:00:00Z,492.0
2024-07-25T15:00:00Z,362.6
2024-07-25T16:00:00Z,180.88
2024-07-25T17:00:00Z,34.38
2024-07-25T18:00:00Z,0.0
2024-07-25T19:00:00Z,0.0
2024-07-25T20:00:00Z,0.0
2024-07-25T21:00:00Z,0.0
2024-07-25T22:00:00Z,0.0
2024-07-25T23:00:00Z,0.0
2024-07-26T00:00:00Z,0.0
2024-07-26T01:00:00Z,0.0
2024-07-26T02:00:00Z,0.0
2024-07-26T03:00:00Z,0.0
2024-07-26T04:00:00Z,0.0
2024-07-26T05:00:00Z,0.0
2024-07-26T06:00:00Z,20.55
2024-07-26T07:00:00Z,194.18
2024-07-26T08:00:00Z,408.7
2024-07-26T09:00:00Z,615.15
2024-07-26T10:00:00Z,762.6
2024-07-26T11:00:00Z,846.9
2024-07-26T12:00:00Z,856.28
2024-07-26T13:00:00Z,778.65
2024-07-26T14:00:00Z,631.85
2024-07-26T15:00:00Z,471.5
2024-07-26T16:00:00Z,261.38
2024-07-26T17:00:00Z,54.25
2024-07-26T18:00:00Z,0.0
2024-07-26T19:00:00Z,0.0
2024-07-26T20:00:00Z,0.0
2024-07-26T21:00:00Z,0.0
2024-07-26T22:00:00Z,0.0
2024-07-26T23:00:00Z,0.0
2024-07-27T00:00:00Z,0.0
2024-07-27T01:00:00Z,0.0
2024-07-27T02:00:00Z,0.0
2024-07-27T03:00:00Z,0.0
2024-07-27T04:00:00Z,0.0
2024-07-27T05:00:00Z,0.0
2024-07-27T06:00:00Z,22.67
2024-07-27T07:00:00Z,199.77
2024-07-27T08:00:00Z,405.62
2024-07-27T09:00:00Z,599.58
2024-07-27T10:00:00Z,748.05
2024-07-27T11:00:00Z,826.5
2024-07-27T12:00:00Z,840.05
2024-07-27T13:00:00Z,774.8
2024-07-27T14:00:00Z,660.83
2024-07-27T15:00:00Z,451.92
2024-07-27T16:00:00Z,252.35
2024-07-27T17:00:00Z,51.08
2024-07-27T18:00:00Z,0.0
2024-07-27T19:00:00Z,0.0
2024-07-27T20:00:00Z,0.0
2024-07-27T21:00:00Z,0.0
2024-07-27T22:00:00Z,0.0
2024-07-27T23:00:00Z,0.0
2024-07-28T00:00:00Z,0.0
2024-07-28T01:00:00Z,0.0
2024-07-28T02:00:00Z,0.0
2024-07-28T03:00:00Z,0.0
2024-07-28T04:00:00Z,0.0
2024-07-28T05:00:00Z,0.0
2024-07-28T06:00:00Z,20.12
2024-07-28T07:00:00Z,166.5
2024-07-28T08:00:00Z,328.65
2024-07-28T09:00:00Z,555.33
2024-07-28T10:00:00Z,687.83
2024-07-28T11:00:00Z,788.85
2024-07-28T12:00:00Z,640.85
2024-07-28T13:00:00Z,648.88
2024-07-28T14:00:00Z,516.22
2024-07-28T15:00:00Z,365.65
2024-07-28T16:00:00Z,188.7
2024-07-28T17:00:00Z,42.55
2024-07-28T18:00:00Z,0.0
2024-07-28T19:00:00Z,0.0
2024-07-28T20:00:00Z,0.0
2024-07-28T21:00:00Z,0.0
2024-07-28T22:00:00Z,0.0
2024-07-28T23:00:00Z,0.0
2024-07-29T00:00:00Z,0.0
2024-07-29T01:00:00Z,0.0
2024-07-29T02:00:00Z,0.0
2024-07-29T03:00:00Z,0.0
2024-07-29T04:00:00Z,0.0
2024-07-29T05:00:00Z,0.0
2024-07-29T06:00:00Z,18.23
2024-07-29T07:00:00Z,144.55
2024-07-29T08:00:00Z,304.33
2024-07-29T09:00:00Z,470.88
2024-07-29T10:00:00Z,547.1
2024-07-29T11:00:00Z,703.38
2024-07-29T12:00:00Z,726.17
2024-07-29T13:00:00Z,639.83
2024-07-29T14:00:00Z,574.6
2024-07-29T15:00:00Z,436.7
2024-07-29T16:00:00Z,239.3
2024-07-29T17:00:00Z,52.72
2024-07-29T18:00:00Z,0.0
2024-07-29T19:00:00Z,0.0
2024-07-29T20:00:00Z,0.0
2024-07-29T21:00:00Z,0.0
2024-07-29T22:00:00Z,0.0
2024-07-29T23:00:00Z,0.0
2024-07-30T00:00:00Z,0.0
2024-07-30T01:00:00Z,0.0
2024-07-30T02:00:00Z,0.0
2024-07-30T03:00:00Z,0.0
2024-07-30T04:00:00Z,0.0
2024-07-30T05:00:00Z,0.0
2024-07-30T06:00:00Z,16.7
2024-07-30T07:00:00Z,143.75
2024-07-30T08:00:00Z,292.7
2024-07-30T09:00:00Z,542.6
2024-07-30T10:00:00Z,699.97
2024-07-30T11:00:00Z,811.17
2024-07-30T12:00:00Z,826.12
2024-07-30T13:00:00Z,755.6
2024-07-30T14:00:00Z,526.15
2024-07-30T15:00:00Z,373.95
2024-07-30T16:00:00Z,195.7
2024-07-30T17:00:00Z,39.15
2024-07-30T18:00:00Z,0.0
2024-07-30T19:00:00Z,0.0
2024-07-30T20:00:00Z,0.0
2024-07-30T21:00:00Z,0.0
2024-07-30T22:00:00Z,0.0
2024-07-30T23:00:00Z,0.0
2024-07-31T00:00:00Z,0.0
2024-07-31T01:00:00Z,0.0
2024-07-31T02:00:00Z,0.0
2024-07-31T03:00:00Z,0.0
2024-07-31T04:00:00Z,0.0
2024-07-31T05:00:00Z,0.0
2024-07-31T06:00:00Z,10.68
2024-07-31T07:00:00Z,82.8
2024-07-31T08:00:00Z,169.95
2024-07-31T09:00:00Z,222.77
2024-07-31T10:00:00Z,317.25
2024-07-31T11:00:00Z,303.42
2024-07-31T12:00:00Z,334.27
2024-07-31T13:00:00Z,405.27
2024-07-31T14:00:00Z,327.73
2024-07-31T15:00:00Z,149.93
2024-07-31T16:00:00Z,75.82
2024-07-31T17:00:00Z,13.62
2024-07-31T18:00:00Z,0.0
2024-07-31T19:00:00Z,0.0
2024-07-31T20:00:00Z,0.0
2024-07-31T21:00:00Z,0.0
2024-07-31T22:00:00Z,0.0
2024-07-31T23:00:00Z,0.0
2024-08-01T00:00:00Z,0.0
2024-08-01T01:00:00Z,0.0
2024-08-01T02:00:00Z,0.0
2024-08-01T03:00:00Z,0.0
2024-08-01T04:00:00Z,0.0
2024-08-01T05:00:00Z,0.0
2024-08-01T06:00:00Z,17.7
2024-08-01T07:00:00Z,117.65
2024-08-01T08:00:00Z,344.55
2024-08-01T09:00:00Z,553.75
2024-08-01T10:00:00Z,693.85
2024-08-01T11:00:00Z,722.83
2024-08-01T12:00:00Z,686.83
2024-08-01T13:00:00Z,664.55
2024-08-01T14:00:00Z,602.72
2024-08-01T15:00:00Z,451.33
2024-08-01T16:00:00Z,249.23
2024-08-01T17:00:00Z,53.83
2024-08-01T18:00:00Z,0.0
2024-08-01T19:00:00Z,0.0
2024-08-01T20:00:00Z,0.0
2024-08-01T21:00:00Z,0.0
2024-08-01T22:00:00Z,0.0
2024-08-01T23:00:00Z,0.0
2024-08-02T00:00:00Z,0.0
2024-08-02T01:00:00Z,0.0
2024-08-02T02:00:00Z,0.0
2024-08-02T03:00:00Z,0.0
2024-08-02T04:00:00Z,0.0
2024-08-02T05:00:00Z,0.0
2024-08-02T06:00:00Z,23.12
2024-08-02T07:00:00Z,187.93
2024-08-02T08:00:00Z,391.95
2024-08-02T09:00:00Z,576.95
2024-08-02T10:00:00Z,699.1
2024-08-02T11:00:00Z,793.3
2024-08-02T12:00:00Z,787.3
2024-08-02T13:00:00Z,668.65
2024-08-02T14:00:00Z,491.85
2024-08-02T15:00:00Z,398.48
2024-08-02T16:00:00Z,194.93
2024-08-02T17:00:00Z,34.5
2024-08-02T18:00:00Z,0.0
2024-08-02T19:00:00Z,0.0
2024-08-02T20:00:00Z,0.0
2024-08-02T21:00:00Z,0.0
2024-08-02T22:00:00Z,0.0
2024-08-02T23:00:00Z,0.0
2024-08-03T00:00:00Z,0.0
2024-08-03T01:00:00Z,0.0
2024-08-03T02:00:00Z,0.0
2024-08-03T03:00:00Z,0.0
2024-08-03T04:00:00Z,0.0
2024-08-03T05:00:00Z,0.0
2024-08-03T06:00:00Z,21.92
2024-08-03T07:00:00Z,185.68
2024-08-03T08:00:00Z,374.98
2024-08-03T09:00:00Z,609.78
2024-08-03T10:00:00Z,767.42
2024-08-03T11:00:00Z,850.65
2024-08-03T12:00:00Z,836.9
2024-08-03T13:00:00Z,797.45
2024-08-03T14:00:00Z,674.67
2024-08-03T15:00:00Z,489.38
2024-08-03T16:00:00Z,275.48
2024-08-03T17:00:00Z,61.7
2024-08-03T18:00:00Z,0.0
2024-08-03T19:00:00Z,0.0
2024-08-03T20:00:00Z,0.0
2024-08-03T21:00:00Z,0.0
2024-08-03T22:00:00Z,0.0
2024-08-03T23:00:00Z,0.0
2024-08-04T00:00:00Z,0.0
2024-08-04T01:00:00Z,0.0
2024-08-04T02:00:00Z,0.0
2024-08-04T03:00:00Z,0.0
2024-08-04T04:00:00Z,0.0
2024-08-04T05:00:00Z,0.0
2024-08-04T06:00:00Z,24.0
2024-08-04T07:00:00Z,194.32
2024-08-04T08:00:00Z,409.17
2024-08-04T09:00:00Z,596.03
2024-08-04T10:00:00Z,759.08
2024-08-04T11:00:00Z,836.47
2024-08-04T12:00:00Z,862.83
2024-08-04T13:00:00Z,803.12
2024-08-04T14:00:00Z,664.97
2024-08-04T15:00:00Z,475.15
2024-08-04T16:00:00Z,266.35
2024-08-04T17:00:00Z,56.88
2024-08-04T18:00:00Z,0.0
2024-08-04T19:00:00Z,0.0
2024-08-04T20:00:00Z,0.0
2024-08-04T21:00:00Z,0.0
2024-08-04T22:00:00Z,0.0
2024-08-04T23:00:00Z,0.0
2024-08-05T00:00:00Z,0.0
2024-08-05T01:00:00Z,0.0
2024-08-05T02:00:00Z,0.0
2024-08-05T03:00:00Z,0.0
2024-08-05T04:00:00Z,0.0
2024-08-05T05:00:00Z,0.0
2024-08-05T06:00:00Z,14.32
2024-08-05T07:00:00Z,103.6
2024-08-05T08:00:00Z,211.93
2024-08-05T09:00:00Z,284.3
2024-08-05T10:00:00Z,319.1
2024-08-05T11:00:00Z,279.55
2024-08-05T12:00:00Z,245.2
2024-08-05T13:00:00Z,110.75
2024-08-05T14:00:00Z,120.78
2024-08-05T15:00:00Z,91.12
2024-08-05T16:00:00Z,69.47
2024-08-05T17:00:00Z,13.45
2024-08-05T18:00:00Z,0.0
2024-08-05T19:00:00Z,0.0
2024-08-05T20:00:00Z,0.0
2024-08-05T21:00:00Z,0.0
2024-08-05T22:00:00Z,0.0
2024-08-05T23:00:00Z,0.0
2024-08-06T00:00:00Z,0.0
2024-08-06T01:00:00Z,0.0
2024-08-06T02:00:00Z,0.0
2024-08-06T03:00:00Z,0.0
2024-08-06T04:00:00Z,0.0
2024-08-06T05:00:00Z,0.0
2024-08-06T06:00:00Z,4.95
2024-08-06T07:00:00Z,82.82
2024-08-06T08:00:00Z,144.9
2024-08-06T09:00:00Z,382.92
2024-08-06T10:00:00Z,467.42
2024-08-06T11:00:00Z,517.28
2024-08-06T12:00:00Z,523.88
2024-08-06T13:00:00Z,505.0
2024-08-06T14:00:00Z,447.42
2024-08-06T15:00:00Z,301.88
2024-08-06T16:00:00Z,152.12
2024-08-06T17:00:00Z,34.12
2024-08-06T18:00:00Z,0.0
2024-08-06T19:00:00Z,0.0
2024-08-06T20:00:00Z,0.0
2024-08-06T21:00:00Z,0.0
2024-08-06T22:00:00Z,0.0
2024-08-06T23:00:00Z,0.0
2024-08-07T00:00:00Z,0.0
2024-08-07T01:00:00Z,0.0
2024-08-07T02:00:00Z,0.0
2024-08-07T03:00:00Z,0.0
2024-08-07T04:00:00Z,0.0
2024-08-07T05:00:00Z,0.0
2024-08-07T06:00:00Z,15.9
2024-08-07T07:00:00Z,117.1
2024-08-07T08:00:00Z,165.82
2024-08-07T09:00:00Z,203.2
2024-08-07T10:00:00Z,334.73
2024-08-07T11:00:00Z,280.2
2024-08-07T12:00:00Z,176.82
2024-08-07T13:00:00Z,182.23
2024-08-07T14:00:00Z,156.48
2024-08-07T15:00:00Z,138.62
2024-08-07T16:00:00Z,88.0
2024-08-07T17:00:00Z,22.27
2024-08-07T18:00:00Z,0.0
2024-08-07T19:00:00Z,0.0
2024-08-07T20:00:00Z,0.0
2024-08-07T21:00:00Z,0.0
2024-08-07T22:00:00Z,0.0
2024-08-07T23:00:00Z,0.0
2024-08-08T00:00:00Z,0.0
2024-08-08T01:00:00Z,0.0
2024-08-08T02:00:00Z,0.0
2024-08-08T03:00:00Z,0.0
2024-08-08T04:00:00Z,0.0
2024-08-08T05:00:00Z,0.0
2024-08-08T06:00:00Z,20.58
2024-08-08T07:00:00Z,147.48
2024-08-08T08:00:00Z,323.58
2024-08-08T09:00:00Z,397.55
2024-08-08T10:00:00Z,388.77
2024-08-08T11:00:00Z,350.45
2024-08-08T12:00:00Z,314.33
2024-08-08T13:00:00Z,223.93
2024-08-08T14:00:00Z,290.15
2024-08-08T15:00:00Z,96.25
2024-08-08T16:00:00Z,43.75
2024-08-08T17:00:00Z,8.07
2024-08-08T18:00:00Z,0.0
2024-08-08T19:00:00Z,0.0
2024-08-08T20:00:00Z,0.0
2024-08-08T21:00:00Z,0.0
2024-08-08T22:00:00Z,0.0
2024-08-08T23:00:00Z,0.0
2024-08-09T00:00:00Z,0.0
2024-08-09T01:00:00Z,0.0
2024-08-09T02:00:00Z,0.0
2024-08-09T03:00:00Z,0.0
2024-08-09T04:00:00Z,0.0
2024-08-09T05:00:00Z,0.0
2024-08-09T06:00:00Z,9.18
2024-08-09T07:00:00Z,92.78
2024-08-09T08:00:00Z,201.85
2024-08-09T09:00:00Z,370.88
2024-08-09T10:00:00Z,461.42
2024-08-09T11:00:00Z,509.73
2024-08-09T12:00:00Z,524.2
2024-08-09T13:00:00Z,494.02
2024-08-09T14:00:00Z,412.38
2024-08-09T15:00:00Z,175.18
2024-08-09T16:00:00Z,93.28
2024-08-09T17:00:00Z,24.08
2024-08-09T18:00:00Z,0.0
2024-08-09T19:00:00Z,0.0
2024-08-09T20:00:00Z,0.0
2024-08-09T21:00:00Z,0.0
2024-08-09T22:00:00Z,0.0
2024-08-09T23:00:00Z,0.0
2024-08-10T00:00:00Z,0.0
2024-08-10T01:00:00Z,0.0
2024-08-10T02:00:00Z,0.0
2024-08-10T03:00:00Z,0.0
2024-08-10T04:00:00Z,0.0
2024-08-10T05:00:00Z,0.0
2024-08-10T06:00:00Z,10.77
2024-08-10T07:00:00Z,91.9
2024-08-10T08:00:00Z,261.52
2024-08-10T09:00:00Z,352.6
2024-08-10T10:00:00Z,512.33
2024-08-10T11:00:00Z,665.65
2024-08-10T12:00:00Z,643.3
2024-08-10T13:00:00Z,652.33
2024-08-10T14:00:00Z,477.27
2024-08-10T15:00:00Z,368.65
2024-08-10T16:00:00Z,184.7
2024-08-10T17:00:00Z,40.17
2024-08-10T18:00:00Z,0.0
2024-08-10T19:00:00Z,0.0
2024-08-10T20:00:00Z,0.0
2024-08-10T21:00:00Z,0.0
2024-08-10T22:00:00Z,0.0
2024-08-10T23:00:00Z,0.0
2024-08-11T00:00:00Z,0.0
2024-08-11T01:00:00Z,0.0
2024-08-11T02:00:00Z,0.0
2024-08-11T03:00:00Z,0.0
2024-08-11T04:00:00Z,0.0
2024-08-11T05:00:00Z,0.0
2024-08-11T06:00:00Z,20.2
2024-08-11T07:00:00Z,143.05
2024-08-11T08:00:00Z,328.88
2024-08-11T09:00:00Z,534.58
2024-08-11T10:00:00Z,648.58
2024-08-11T11:00:00Z,731.22
2024-08-11T12:00:00Z,755.67
2024-08-11T13:00:00Z,724.12
2024-08-11T14:00:00Z,530.78
2024-08-11T15:00:00Z,352.55
2024-08-11T16:00:00Z,166.5
2024-08-11T17:00:00Z,29.6
2024-08-11T18:00:00Z,0.0
2024-08-11T19:00:00Z,0.0
2024-08-11T20:00:00Z,0.0
2024-08-11T21:00:00Z,0.0
2024-08-11T22:00:00Z,0.0
2024-08-11T23:00:00Z,0.0
2024-08-12T00:00:00Z,0.0
2024-08-12T01:00:00Z,0.0
2024-08-12T02:00:00Z,0.0
2024-08-12T03:00:00Z,0.0
2024-08-12T04:00:00Z,0.0
2024-08-12T05:00:00Z,0.0
2024-08-12T06:00:00Z,10.35
2024-08-12T07:00:00Z,81.8
2024-08-12T08:00:00Z,162.57
2024-08-12T09:00:00Z,254.73
2024-08-12T10:00:00Z,388.67
2024-08-12T11:00:00Z,403.77
2024-08-12T12:00:00Z,402.52
2024-08-12T13:00:00Z,438.0
2024-08-12T14:00:00Z,455.3
2024-08-12T15:00:00Z,347.3
2024-08-12T16:00:00Z,192.3
2024-08-12T17:00:00Z,51.17
2024-08-12T18:00:00Z,0.0
2024-08-12T19:00:00Z,0.0
2024-08-12T20:00:00Z,0.0
2024-08-12T21:00:00Z,0.0
2024-08-12T22:00:00Z,0.0
2024-08-12T23:00:00Z,0.0
2024-08-13T00:00:00Z,0.0
2024-08-13T01:00:00Z,0.0
2024-08-13T02:00:00Z,0.0
2024-08-13T03:00:00Z,0.0
2024-08-13T04:00:00Z,0.0
2024-08-13T05:00:00Z,0.0
2024-08-13T06:00:00Z,23.58
2024-08-13T07:00:00Z,182.2
2024-08-13T08:00:00Z,375.55
2024-08-13T09:00:00Z,450.48
2024-08-13T10:00:00Z,632.4
2024-08-13T11:00:00Z,725.4
2024-08-13T12:00:00Z,812.0
2024-08-13T13:00:00Z,662.08
2024-08-13T14:00:00Z,616.5
2024-08-13T15:00:00Z,465.38
2024-08-13T16:00:00Z,247.48
2024-08-13T17:00:00Z,52.55
2024-08-13T18:00:00Z,0.0
2024-08-13T19:00:00Z,0.0
2024-08-13T20:00:00Z,0.0
2024-08-13T21:00:00Z,0.0
2024-08-13T22:00:00Z,0.0
2024-08-13T23:00:00Z,0.0
2024-08-14T00:00:00Z,0.0
2024-08-14T01:00:00Z,0.0
2024-08-14T02:00:00Z,0.0
2024-08-14T03:00:00Z,0.0
2024-08-14T04:00:00Z,0.0
2024-08-14T05:00:00Z,0.0
2024-08-14T06:00:00Z,21.35
2024-08-14T07:00:00Z,171.12
2024-08-14T08:00:00Z,371.15
2024-08-14T09:00:00Z,548.15
2024-08-14T10:00:00Z,690.38
2024-08-14T11:00:00Z,788.08
2024-08-14T12:00:00Z,777.55
2024-08-14T13:00:00Z,620.42
2024-08-14T14:00:00Z,406.35
2024-08-14T15:00:00Z,234.23
2024-08-14T16:00:00Z,113.35
2024-08-14T17:00:00Z,22.77
2024-08-14T18:00:00Z,0.0
2024-08-14T19:00:00Z,0.0
2024-08-14T20:00:00Z,0.0
2024-08-14T21:00:00Z,0.0
2024-08-14T22:00:00Z,0.0
2024-08-14T23:00:00Z,0.0
2024-08-15T00:00:00Z,0.0
2024-08-15T01:00:00Z,0.0
2024-08-15T02:00:00Z,0.0
2024-08-15T03:00:00Z,0.0
2024-08-15T04:00:00Z,0.0
2024-08-15T05:00:00Z,0.0
2024-08-15T06:00:00Z,3.62
2024-08-15T07:00:00Z,18.45
2024-08-15T08:00:00Z,22.75
2024-08-15T09:00:00Z,32.5
2024-08-15T10:00:00Z,38.33
2024-08-15T11:00:00Z,41.45
2024-08-15T12:00:00Z,49.0
2024-08-15T13:00:00Z,70.15
2024-08-15T14:00:00Z,124.72
2024-08-15T15:00:00Z,120.68
2024-08-15T16:00:00Z,77.7
2024-08-15T17:00:00Z,16.12
2024-08-15T18:00:00Z,0.0
2024-08-15T19:00:00Z,0.0
2024-08-15T20:00:00Z,0.0
2024-08-15T21:00:00Z,0.0
2024-08-15T22:00:00Z,0.0
2024-08-15T23:00:00Z,0.0
2024-08-16T00:00:00Z,0.0
2024-08-16T01:00:00Z,0.0
2024-08-16T02:00:00Z,0.0
2024-08-16T03:00:00Z,0.0
2024-08-16T04:00:00Z,0.0
2024-08-16T05:00:00Z,0.0
2024-08-16T06:00:00Z,23.5
2024-08-16T07:00:00Z,174.82
2024-08-16T08:00:00Z,332.8
2024-08-16T09:00:00Z,506.25
2024-08-16T10:00:00Z,586.28
2024-08-16T11:00:00Z,678.58
2024-08-16T12:00:00Z,766.6
2024-08-16T13:00:00Z,796.4
2024-08-16T14:00:00Z,631.42
2024-08-16T15:00:00Z,405.55
2024-08-16T16:00:00Z,212.82
2024-08-16T17:00:00Z,42.6
2024-08-16T18:00:00Z,0.0
2024-08-16T19:00:00Z,0.0
2024-08-16T20:00:00Z,0.0
2024-08-16T21:00:00Z,0.0
2024-08-16T22:00:00Z,0.0
2024-08-16T23:00:00Z,0.0
2024-08-17T00:00:00Z,0.0
2024-08-17T01:00:00Z,0.0
2024-08-17T02:00:00Z,0.0
2024-08-17T03:00:00Z,0.0
2024-08-17T04:00:00Z,0.0
2024-08-17T05:00:00Z,0.0
2024-08-17T06:00:00Z,30.25
2024-08-17T07:00:00Z,209.57
2024-08-17T08:00:00Z,446.5
2024-08-17T09:00:00Z,628.33
2024-08-17T10:00:00Z,781.95
2024-08-17T11:00:00Z,875.95
2024-08-17T12:00:00Z,874.7
2024-08-17T13:00:00Z,803.47
2024-08-17T14:00:00Z,658.75
2024-08-17T15:00:00Z,476.25
2024-08-17T16:00:00Z,235.3
2024-08-17T17:00:00Z,54.5
2024-08-17T18:00:00Z,0.0
2024-08-17T19:00:00Z,0.0
2024-08-17T20:00:00Z,0.0
2024-08-17T21:00:00Z,0.0
2024-08-17T22:00:00Z,0.0
2024-08-17T23:00:00Z,0.0
2024-08-18T00:00:00Z,0.0
2024-08-18T01:00:00Z,0.0
2024-08-18T02:00:00Z,0.0
2024-08-18T03:00:00Z,0.0
2024-08-18T04:00:00Z,0.0
2024-08-18T05:00:00Z,0.0
2024-08-18T06:00:00Z,15.55
2024-08-18T07:00:00Z,104.0
2024-08-18T08:00:00Z,219.02
2024-08-18T09:00:00Z,396.1
2024-08-18T10:00:00Z,400.3
2024-08-18T11:00:00Z,257.75
2024-08-18T12:00:00Z,469.73
2024-08-18T13:00:00Z,558.42
2024-08-18T14:00:00Z,563.62
2024-08-18T15:00:00Z,415.6
2024-08-18T16:00:00Z,218.65
2024-08-18T17:00:00Z,48.08
2024-08-18T18:00:00Z,0.0
2024-08-18T19:00:00Z,0.0
2024-08-18T20:00:00Z,0.0
2024-08-18T21:00:00Z,0.0
2024-08-18T22:00:00Z,0.0
2024-08-18T23:00:00Z,0.0
2024-08-19T00:00:00Z,0.0
2024-08-19T01:00:00Z,0.0
2024-08-19T02:00:00Z,0.0
2024-08-19T03:00:00Z,0.0
2024-08-19T04:00:00Z,0.0
2024-08-19T05:00:00Z,0.0
2024-08-19T06:00:00Z,19.62
2024-08-19T07:00:00Z,140.15
2024-08-19T08:00:00Z,288.7
2024-08-19T09:00:00Z,395.8
2024-08-19T10:00:00Z,514.7
2024-08-19T11:00:00Z,594.15
2024-08-19T12:00:00Z,369.02
2024-08-19T13:00:00Z,364.5
2024-08-19T14:00:00Z,414.2
2024-08-19T15:00:00Z,339.73
2024-08-19T16:00:00Z,174.98
2024-08-19T17:00:00Z,38.0
2024-08-19T18:00:00Z,0.0
2024-08-19T19:00:00Z,0.0
2024-08-19T20:00:00Z,0.0
2024-08-19T21:00:00Z,0.0
2024-08-19T22:00:00Z,0.0
2024-08-19T23:00:00Z,0.0
2024-08-20T00:00:00Z,0.0
2024-08-20T01:00:00Z,0.0
2024-08-20T02:00:00Z,0.0
2024-08-20T03:00:00Z,0.0
2024-08-20T04:00:00Z,0.0
2024-08-20T05:00:00Z,0.0
2024-08-20T06:00:00Z,14.35
2024-08-20T07:00:00Z,88.3
2024-08-20T08:00:00Z,169.65
2024-08-20T09:00:00Z,363.65
2024-08-20T10:00:00Z,434.25
2024-08-20T11:00:00Z,500.48
2024-08-20T12:00:00Z,516.72
2024-08-20T13:00:00Z,654.8
2024-08-20T14:00:00Z,512.1
2024-08-20T15:00:00Z,471.5
2024-08-20T16:00:00Z,258.05
2024-08-20T17:00:00Z,57.1
2024-08-20T18:00:00Z,0.0
2024-08-20T19:00:00Z,0.0
2024-08-20T20:00:00Z,0.0
2024-08-20T21:00:00Z,0.0
2024-08-20T22:00:00Z,0.0
2024-08-20T23:00:00Z,0.0
2024-08-21T00:00:00Z,0.0
2024-08-21T01:00:00Z,0.0
2024-08-21T02:00:00Z,0.0
2024-08-21T03:00:00Z,0.0
2024-08-21T04:00:00Z,0.0
2024-08-21T05:00:00Z,0.0
2024-08-21T06:00:00Z,4.95
2024-08-21T07:00:00Z,25.58
2024-08-21T08:00:00Z,65.8
2024-08-21T09:00:00Z,90.72
2024-08-21T10:00:00Z,198.55
2024-08-21T11:00:00Z,342.88
2024-08-21T12:00:00Z,335.62
2024-08-21T13:00:00Z,395.73
2024-08-21T14:00:00Z,235.8
2024-08-21T15:00:00Z,201.32
2024-08-21T16:00:00Z,114.1
2024-08-21T17:00:00Z,19.33
2024-08-21T18:00:00Z,0.0
2024-08-21T19:00:00Z,0.0
2024-08-21T20:00:00Z,0.0
2024-08-21T21:00:00Z,0.0
2024-08-21T22:00:00Z,0.0
2024-08-21T23:00:00Z,0.0
2024-08-22T00:00:00Z,0.0
2024-08-22T01:00:00Z,0.0
2024-08-22T02:00:00Z,0.0
2024-08-22T03:00:00Z,0.0
2024-08-22T04:00:00Z,0.0
2024-08-22T05:00:00Z,0.0
2024-08-22T06:00:00Z,7.7
2024-08-22T07:00:00Z,49.4
2024-08-22T08:00:00Z,56.08
2024-08-22T09:00:00Z,276.67
2024-08-22T10:00:00Z,433.92
2024-08-22T11:00:00Z,600.6
2024-08-22T12:00:00Z,602.7
2024-08-22T13:00:00Z,575.42
2024-08-22T14:00:00Z,389.02
2024-08-22T15:00:00Z,128.48
2024-08-22T16:00:00Z,83.45
2024-08-22T17:00:00Z,21.48
2024-08-22T18:00:00Z,0.0
2024-08-22T19:00:00Z,0.0
2024-08-22T20:00:00Z,0.0
2024-08-22T21:00:00Z,0.0
2024-08-22T22:00:00Z,0.0
2024-08-22T23:00:00Z,0.0
2024-08-23T00:00:00Z,0.0
2024-08-23T01:00:00Z,0.0
2024-08-23T02:00:00Z,0.0
2024-08-23T03:00:00Z,0.0
2024-08-23T04:00:00Z,0.0
2024-08-23T05:00:00Z,0.0
2024-08-23T06:00:00Z,24.5
2024-08-23T07:00:00Z,170.93
2024-08-23T08:00:00Z,336.98
2024-08-23T09:00:00Z,569.42
2024-08-23T10:00:00Z,639.17
2024-08-23T11:00:00Z,700.47
2024-08-23T12:00:00Z,830.65
2024-08-23T13:00:00Z,747.67
2024-08-23T14:00:00Z,677.42
2024-08-23T15:00:00Z,461.83
2024-08-23T16:00:00Z,249.98
2024-08-23T17:00:00Z,50.97
2024-08-23T18:00:00Z,0.0
2024-08-23T19:00:00Z,0.0
2024-08-23T20:00:00Z,0.0
2024-08-23T21:00:00Z,0.0
2024-08-23T22:00:00Z,0.0
2024-08-23T23:00:00Z,0.0
2024-08-24T00:00:00Z,0.0
2024-08-24T01:00:00Z,0.0
2024-08-24T02:00:00Z,0.0
2024-08-24T03:00:00Z,0.0
2024-08-24T04:00:00Z,0.0
2024-08-24T05:00:00Z,0.0
2024-08-24T06:00:00Z,28.05
2024-08-24T07:00:00Z,160.48
2024-08-24T08:00:00Z,388.38
2024-08-24T09:00:00Z,556.6
2024-08-24T10:00:00Z,678.38
2024-08-24T11:00:00Z,625.85
2024-08-24T12:00:00Z,696.08
2024-08-24T13:00:00Z,605.7
2024-08-24T14:00:00Z,478.33
2024-08-24T15:00:00Z,284.45
2024-08-24T16:00:00Z,138.05
2024-08-24T17:00:00Z,25.35
2024-08-24T18:00:00Z,0.0
2024-08-24T19:00:00Z,0.0
2024-08-24T20:00:00Z,0.0
2024-08-24T21:00:00Z,0.0
2024-08-24T22:00:00Z,0.0
2024-08-24T23:00:00Z,0.0
2024-08-25T00:00:00Z,0.0
2024-08-25T01:00:00Z,0.0
2024-08-25T02:00:00Z,0.0
2024-08-25T03:00:00Z,0.0
2024-08-25T04:00:00Z,0.0
2024-08-25T05:00:00Z,0.0
2024-08-25T06:00:00Z,15.3
2024-08-25T07:00:00Z,110.45
2024-08-25T08:00:00Z,142.9
2024-08-25T09:00:00Z,294.77
2024-08-25T10:00:00Z,420.8
2024-08-25T11:00:00Z,569.65
2024-08-25T12:00:00Z,643.1
2024-08-25T13:00:00Z,636.28
2024-08-25T14:00:00Z,536.33
2024-08-25T15:00:00Z,362.52
2024-08-25T16:00:00Z,181.85
2024-08-25T17:00:00Z,35.0
2024-08-25T18:00:00Z,0.0
2024-08-25T19:00:00Z,0.0
2024-08-25T20:00:00Z,0.0
2024-08-25T21:00:00Z,0.0
2024-08-25T22:00:00Z,0.0
2024-08-25T23:00:00Z,0.0
2024-08-26T00:00:00Z,0.0
2024-08-26T01:00:00Z,0.0
2024-08-26T02:00:00Z,0.0
2024-08-26T03:00:00Z,0.0
2024-08-26T04:00:00Z,0.0
2024-08-26T05:00:00Z,0.0
2024-08-26T06:00:00Z,30.92
2024-08-26T07:00:00Z,192.43
2024-08-26T08:00:00Z,361.73
2024-08-26T09:00:00Z,577.38
2024-08-26T10:00:00Z,698.6
2024-08-26T11:00:00Z,797.97
2024-08-26T12:00:00Z,850.25
2024-08-26T13:00:00Z,672.95
2024-08-26T14:00:00Z,551.9
2024-08-26T15:00:00Z,368.73
2024-08-26T16:00:00Z,192.95
2024-08-26T17:00:00Z,40.28
2024-08-26T18:00:00Z,0.0
2024-08-26T19:00:00Z,0.0
2024-08-26T20:00:00Z,0.0
2024-08-26T21:00:00Z,0.0
2024-08-26T22:00:00Z,0.0
2024-08-26T23:00:00Z,0.0
2024-08-27T00:00:00Z,0.0
2024-08-27T01:00:00Z,0.0
2024-08-27T02:00:00Z,0.0
2024-08-27T03:00:00Z,0.0
2024-08-27T04:00:00Z,0.0
2024-08-27T05:00:00Z,0.0
2024-08-27T06:00:00Z,23.48
2024-08-27T07:00:00Z,142.32
2024-08-27T08:00:00Z,269.52
2024-08-27T09:00:00Z,490.0
2024-08-27T10:00:00Z,647.4
2024-08-27T11:00:00Z,768.1
2024-08-27T12:00:00Z,768.83
2024-08-27T13:00:00Z,697.45
2024-08-27T14:00:00Z,580.47
2024-08-27T15:00:00Z,399.4
2024-08-27T16:00:00Z,217.1
2024-08-27T17:00:00Z,43.12
2024-08-27T18:00:00Z,0.0
2024-08-27T19:00:00Z,0.0
2024-08-27T20:00:00Z,0.0
2024-08-27T21:00:00Z,0.0
2024-08-27T22:00:00Z,0.0
2024-08-27T23:00:00Z,0.0
2024-08-28T00:00:00Z,0.0
2024-08-28T01:00:00Z,0.0
2024-08-28T02:00:00Z,0.0
2024-08-28T03:00:00Z,0.0
2024-08-28T04:00:00Z,0.0
2024-08-28T05:00:00Z,0.0
2024-08-28T06:00:00Z,35.72
2024-08-28T07:00:00Z,226.27
2024-08-28T08:00:00Z,455.25
2024-08-28T09:00:00Z,659.3
2024-08-28T10:00:00Z,816.83
2024-08-28T11:00:00Z,694.0
2024-08-28T12:00:00Z,897.58
2024-08-28T13:00:00Z,825.72
2024-08-28T14:00:00Z,700.17
2024-08-28T15:00:00Z,484.35
2024-08-28T16:00:00Z,253.0
2024-08-28T17:00:00Z,59.62
2024-08-28T18:00:00Z,0.0
2024-08-28T19:00:00Z,0.0
2024-08-28T20:00:00Z,0.0
2024-08-28T21:00:00Z,0.0
2024-08-28T22:00:00Z,0.0
2024-08-28T23:00:00Z,0.0
2024-08-29T00:00:00Z,0.0
2024-08-29T01:00:00Z,0.0
2024-08-29T02:00:00Z,0.0
2024-08-29T03:00:00Z,0.0
2024-08-29T04:00:00Z,0.0
2024-08-29T05:00:00Z,0.0
2024-08-29T06:00:00Z,38.88
2024-08-29T07:00:00Z,219.95
2024-08-29T08:00:00Z,459.92
2024-08-29T09:00:00Z,662.22
2024-08-29T10:00:00Z,822.83
2024-08-29T11:00:00Z,808.38
2024-08-29T12:00:00Z,880.35
2024-08-29T13:00:00Z,804.22
2024-08-29T14:00:00Z,661.83
2024-08-29T15:00:00Z,406.35
2024-08-29T16:00:00Z,212.02
2024-08-29T17:00:00Z,45.95
2024-08-29T18:00:00Z,0.0
2024-08-29T19:00:00Z,0.0
2024-08-29T20:00:00Z,0.0
2024-08-29T21:00:00Z,0.0
2024-08-29T22:00:00Z,0.0
2024-08-29T23:00:00Z,0.0
2024-08-30T00:00:00Z,0.0
2024-08-30T01:00:00Z,0.0
2024-08-30T02:00:00Z,0.0
2024-08-30T03:00:00Z,0.0
2024-08-30T04:00:00Z,0.0
2024-08-30T05:00:00Z,0.0
2024-08-30T06:00:00Z,37.4
2024-08-30T07:00:00Z,240.1
2024-08-30T08:00:00Z,471.08
2024-08-30T09:00:00Z,612.5
2024-08-30T10:00:00Z,769.33
2024-08-30T11:00:00Z,838.4
2024-08-30T12:00:00Z,911.55
2024-08-30T13:00:00Z,847.05
2024-08-30T14:00:00Z,708.88
2024-08-30T15:00:00Z,497.55
2024-08-30T16:00:00Z,271.0
2024-08-30T17:00:00Z,55.08
2024-08-30T18:00:00Z,0.0
2024-08-30T19:00:00Z,0.0
2024-08-30T20:00:00Z,0.0
2024-08-30T21:00:00Z,0.0
2024-08-30T22:00:00Z,0.0
2024-08-30T23:00:00Z,0.0
2024-08-31T00:00:00Z,0.0
2024-08-31T01:00:00Z,0.0
2024-08-31T02:00:00Z,0.0
2024-08-31T03:00:00Z,0.0
2024-08-31T04:00:00Z,0.0
2024-08-31T05:00:00Z,0.0
2024-08-31T06:00:00Z,35.62
2024-08-31T07:00:00Z,209.85
2024-08-31T08:00:00Z,430.15
2024-08-31T09:00:00Z,580.67
2024-08-31T10:00:00Z,736.17
2024-08-31T11:00:00Z,790.53
2024-08-31T12:00:00Z,854.33
2024-08-31T13:00:00Z,790.35
2024-08-31T14:00:00Z,597.12
2024-08-31T15:00:00Z,473.5
2024-08-31T16:00:00Z,253.0
2024-08-31T17:00:00Z,52.7
2024-08-31T18:00:00Z,0.0
2024-08-31T19:00:00Z,0.0
2024-08-31T20:00:00Z,0.0
2024-08-31T21:00:00Z,0.0
2024-08-31T22:00:00Z,0.0
2024-08-31T23:00:00Z,0.0
2024-09-01T00:00:00Z,0.0
2024-09-01T01:00:00Z,0.0
2024-09-01T02:00:00Z,0.0
2024-09-01T03:00:00Z,0.0
2024-09-01T04:00:00Z,0.0
2024-09-01T05:00:00Z,0.0
2024-09-01T06:00:00Z,40.62
2024-09-01T07:00:00Z,208.45
2024-09-01T08:00:00Z,451.52
2024-09-01T09:00:00Z,669.08
2024-09-01T10:00:00Z,787.92
2024-09-01T11:00:00Z,850.58
2024-09-01T12:00:00Z,827.97
2024-09-01T13:00:00Z,777.12
2024-09-01T14:00:00Z,580.05
2024-09-01T15:00:00Z,440.45
2024-09-01T16:00:00Z,227.05
2024-09-01T17:00:00Z,53.55
2024-09-01T18:00:00Z,0.0
2024-09-01T19:00:00Z,0.0
2024-09-01T20:00:00Z,0.0
2024-09-01T21:00:00Z,0.0
2024-09-01T22:00:00Z,0.0
2024-09-01T23:00:00Z,0.0
2024-09-02T00:00:00Z,0.0
2024-09-02T01:00:00Z,0.0
2024-09-02T02:00:00Z,0.0
2024-09-02T03:00:00Z,0.0
2024-09-02T04:00:00Z,0.0
2024-09-02T05:00:00Z,0.0
2024-09-02T06:00:00Z,47.25
2024-09-02T07:00:00Z,243.43
2024-09-02T08:00:00Z,461.38
2024-09-02T09:00:00Z,675.33
2024-09-02T10:00:00Z,796.3
2024-09-02T11:00:00Z,859.72
2024-09-02T12:00:00Z,893.95
2024-09-02T13:00:00Z,815.0
2024-09-02T14:00:00Z,630.3
2024-09-02T15:00:00Z,479.3
2024-09-02T16:00:00Z,220.38
2024-09-02T17:00:00Z,41.72
2024-09-02T18:00:00Z,0.0
2024-09-02T19:00:00Z,0.0
2024-09-02T20:00:00Z,0.0
2024-09-02T21:00:00Z,0.0
2024-09-02T22:00:00Z,0.0
2024-09-02T23:00:00Z,0.0
2024-09-03T00:00:00Z,0.0
2024-09-03T01:00:00Z,0.0
2024-09-03T02:00:00Z,0.0
2024-09-03T03:00:00Z,0.0
2024-09-03T04:00:00Z,0.0
2024-09-03T05:00:00Z,0.0
2024-09-03T06:00:00Z,23.77
2024-09-03T07:00:00Z,136.85
2024-09-03T08:00:00Z,304.8
2024-09-03T09:00:00Z,449.38
2024-09-03T10:00:00Z,589.85
2024-09-03T11:00:00Z,622.1
2024-09-03T12:00:00Z,815.33
2024-09-03T13:00:00Z,753.85
2024-09-03T14:00:00Z,514.75
2024-09-03T15:00:00Z,287.58
2024-09-03T16:00:00Z,124.82
2024-09-03T17:00:00Z,21.45
2024-09-03T18:00:00Z,0.0
2024-09-03T19:00:00Z,0.0
2024-09-03T20:00:00Z,0.0
2024-09-03T21:00:00Z,0.0
2024-09-03T22:00:00Z,0.0
2024-09-03T23:00:00Z,0.0
2024-09-04T00:00:00Z,0.0
2024-09-04T01:00:00Z,0.0
2024-09-04T02:00:00Z,0.0
2024-09-04T03:00:00Z,0.0
2024-09-04T04:00:00Z,0.0
2024-09-04T05:00:00Z,0.0
2024-09-04T06:00:00Z,26.48
2024-09-04T07:00:00Z,147.85
2024-09-04T08:00:00Z,319.52
2024-09-04T09:00:00Z,404.48
2024-09-04T10:00:00Z,453.33
2024-09-04T11:00:00Z,483.23
2024-09-04T12:00:00Z,590.8
2024-09-04T13:00:00Z,561.45
2024-09-04T14:00:00Z,488.58
2024-09-04T15:00:00Z,322.33
2024-09-04T16:00:00Z,136.1
2024-09-04T17:00:00Z,23.12
2024-09-04T18:00:00Z,0.0
2024-09-04T19:00:00Z,0.0
2024-09-04T20:00:00Z,0.0
2024-09-04T21:00:00Z,0.0
2024-09-04T22:00:00Z,0.0
2024-09-04T23:00:00Z,0.0
2024-09-05T00:00:00Z,0.0
2024-09-05T01:00:00Z,0.0
2024-09-05T02:00:00Z,0.0
2024-09-05T03:00:00Z,0.0
2024-09-05T04:00:00Z,0.0
2024-09-05T05:00:00Z,0.0
2024-09-05T06:00:00Z,43.67
2024-09-05T07:00:00Z,241.07
2024-09-05T08:00:00Z,463.38
2024-09-05T09:00:00Z,647.55
2024-09-05T10:00:00Z,797.62
2024-09-05T11:00:00Z,814.92
2024-09-05T12:00:00Z,834.92
2024-09-05T13:00:00Z,787.6
2024-09-05T14:00:00Z,612.05
2024-09-05T15:00:00Z,441.23
2024-09-05T16:00:00Z,235.6
2024-09-05T17:00:00Z,48.6
2024-09-05T18:00:00Z,0.0
2024-09-05T19:00:00Z,0.0
2024-09-05T20:00:00Z,0.0
2024-09-05T21:00:00Z,0.0
2024-09-05T22:00:00Z,0.0
2024-09-05T23:00:00Z,0.0
2024-09-06T00:00:00Z,0.0
2024-09-06T01:00:00Z,0.0
2024-09-06T02:00:00Z,0.0
2024-09-06T03:00:00Z,0.0
2024-09-06T04:00:00Z,0.0
2024-09-06T05:00:00Z,0.0
2024-09-06T06:00:00Z,41.62
2024-09-06T07:00:00Z,176.48
2024-09-06T08:00:00Z,339.77
2024-09-06T09:00:00Z,442.38
2024-09-06T10:00:00Z,633.12
2024-09-06T11:00:00Z,780.2
2024-09-06T12:00:00Z,839.33
2024-09-06T13:00:00Z,760.75
2024-09-06T14:00:00Z,640.6
2024-09-06T15:00:00Z,449.5
2024-09-06T16:00:00Z,247.1
2024-09-06T17:00:00Z,51.95
2024-09-06T18:00:00Z,0.0
2024-09-06T19:00:00Z,0.0
2024-09-06T20:00:00Z,0.0
2024-09-06T21:00:00Z,0.0
2024-09-06T22:00:00Z,0.0
2024-09-06T23:00:00Z,0.0
2024-09-07T00:00:00Z,0.0
2024-09-07T01:00:00Z,0.0
2024-09-07T02:00:00Z,0.0
2024-09-07T03:00:00Z,0.0
2024-09-07T04:00:00Z,0.0
2024-09-07T05:00:00Z,0.0
2024-09-07T06:00:00Z,49.45
2024-09-07T07:00:00Z,203.52
2024-09-07T08:00:00Z,409.85
2024-09-07T09:00:00Z,471.33
2024-09-07T10:00:00Z,548.75
2024-09-07T11:00:00Z,661.8
2024-09-07T12:00:00Z,581.45
2024-09-07T13:00:00Z,425.67
2024-09-07T14:00:00Z,240.55
2024-09-07T15:00:00Z,123.65
2024-09-07T16:00:00Z,73.65
2024-09-07T17:00:00Z,14.62
2024-09-07T18:00:00Z,0.0
2024-09-07T19:00:00Z,0.0
2024-09-07T20:00:00Z,0.0
2024-09-07T21:00:00Z,0.0
2024-09-07T22:00:00Z,0.0
2024-09-07T23:00:00Z,0.0
2024-09-08T00:00:00Z,0.0
2024-09-08T01:00:00Z,0.0
2024-09-08T02:00:00Z,0.0
2024-09-08T03:00:00Z,0.0
2024-09-08T04:00:00Z,0.0
2024-09-08T05:00:00Z,0.0
2024-09-08T06:00:00Z,32.03
2024-09-08T07:00:00Z,161.45
2024-09-08T08:00:00Z,338.45
2024-09-08T09:00:00Z,479.67
2024-09-08T10:00:00Z,605.67
2024-09-08T11:00:00Z,779.25
2024-09-08T12:00:00Z,690.6
2024-09-08T13:00:00Z,631.22
2024-09-08T14:00:00Z,455.73
2024-09-08T15:00:00Z,308.98
2024-09-08T16:00:00Z,157.6
2024-09-08T17:00:00Z,32.15
2024-09-08T18:00:00Z,0.0
2024-09-08T19:00:00Z,0.0
2024-09-08T20:00:00Z,0.0
2024-09-08T21:00:00Z,0.0
2024-09-08T22:00:00Z,0.0
2024-09-08T23:00:00Z,0.0
2024-09-09T00:00:00Z,0.0
2024-09-09T01:00:00Z,0.0
2024-09-09T02:00:00Z,0.0
2024-09-09T03:00:00Z,0.0
2024-09-09T04:00:00Z,0.0
2024-09-09T05:00:00Z,0.0
2024-09-09T06:00:00Z,55.53
2024-09-09T07:00:00Z,248.77
2024-09-09T08:00:00Z,482.98
2024-09-09T09:00:00Z,667.7
2024-09-09T10:00:00Z,784.42
2024-09-09T11:00:00Z,864.65
2024-09-09T12:00:00Z,878.47
2024-09-09T13:00:00Z,820.9
2024-09-09T14:00:00Z,656.25
2024-09-09T15:00:00Z,456.48
2024-09-09T16:00:00Z,251.2
2024-09-09T17:00:00Z,58.0
2024-09-09T18:00:00Z,0.0
2024-09-09T19:00:00Z,0.0
2024-09-09T20:00:00Z,0.0
2024-09-09T21:00:00Z,0.0
2024-09-09T22:00:00Z,0.0
2024-09-09T23:00:00Z,0.0
2024-09-10T00:00:00Z,0.0
2024-09-10T01:00:00Z,0.0
2024-09-10T02:00:00Z,0.0
2024-09-10T03:00:00Z,0.0
2024-09-10T04:00:00Z,0.0
2024-09-10T05:00:00Z,0.0
2024-09-10T06:00:00Z,62.45
2024-09-10T07:00:00Z,289.35
2024-09-10T08:00:00Z,528.33
2024-09-10T09:00:00Z,706.65
2024-09-10T10:00:00Z,805.67
2024-09-10T11:00:00Z,874.95
2024-09-10T12:00:00Z,873.83
2024-09-10T13:00:00Z,812.58
2024-09-10T14:00:00Z,651.4
2024-09-10T15:00:00Z,419.4
2024-09-10T16:00:00Z,243.7
2024-09-10T17:00:00Z,49.28
2024-09-10T18:00:00Z,0.0
2024-09-10T19:00:00Z,0.0
2024-09-10T20:00:00Z,0.0
2024-09-10T21:00:00Z,0.0
2024-09-10T22:00:00Z,0.0
2024-09-10T23:00:00Z,0.0
2024-09-11T00:00:00Z,0.0
2024-09-11T01:00:00Z,0.0
2024-09-11T02:00:00Z,0.0
2024-09-11T03:00:00Z,0.0
2024-09-11T04:00:00Z,0.0
2024-09-11T05:00:00Z,0.0
2024-09-11T06:00:00Z,58.33
2024-09-11T07:00:00Z,248.55
2024-09-11T08:00:00Z,483.7
2024-09-11T09:00:00Z,681.92
2024-09-11T10:00:00Z,727.72
2024-09-11T11:00:00Z,719.03
2024-09-11T12:00:00Z,627.03
2024-09-11T13:00:00Z,660.3
2024-09-11T14:00:00Z,565.4
2024-09-11T15:00:00Z,457.88
2024-09-11T16:00:00Z,246.4
2024-09-11T17:00:00Z,44.88
2024-09-11T18:00:00Z,0.0
2024-09-11T19:00:00Z,0.0
2024-09-11T20:00:00Z,0.0
2024-09-11T21:00:00Z,0.0
2024-09-11T22:00:00Z,0.0
2024-09-11T23:00:00Z,0.0
2024-09-12T00:00:00Z,0.0
2024-09-12T01:00:00Z,0.0
2024-09-12T02:00:00Z,0.0
2024-09-12T03:00:00Z,0.0
2024-09-12T04:00:00Z,0.0
2024-09-12T05:00:00Z,0.0
2024-09-12T06:00:00Z,42.05
2024-09-12T07:00:00Z,191.15
2024-09-12T08:00:00Z,372.27
2024-09-12T09:00:00Z,491.1
2024-09-12T10:00:00Z,585.17
2024-09-12T11:00:00Z,600.17
2024-09-12T12:00:00Z,535.5
2024-09-12T13:00:00Z,485.88
2024-09-12T14:00:00Z,396.33
2024-09-12T15:00:00Z,190.88
2024-09-12T16:00:00Z,96.2
2024-09-12T17:00:00Z,16.73
2024-09-12T18:00:00Z,0.0
2024-09-12T19:00:00Z,0.0
2024-09-12T20:00:00Z,0.0
2024-09-12T21:00:00Z,0.0
2024-09-12T22:00:00Z,0.0
2024-09-12T23:00:00Z,0.0
2024-09-13T00:00:00Z,0.0
2024-09-13T01:00:00Z,0.0
2024-09-13T02:00:00Z,0.0
2024-09-13T03:00:00Z,0.0
2024-09-13T04:00:00Z,0.0
2024-09-13T05:00:00Z,0.0
2024-09-13T06:00:00Z,61.42
2024-09-13T07:00:00Z,281.58
2024-09-13T08:00:00Z,523.83
2024-09-13T09:00:00Z,729.17
2024-09-13T10:00:00Z,840.8
2024-09-13T11:00:00Z,890.42
2024-09-13T12:00:00Z,914.38
2024-09-13T13:00:00Z,864.65
2024-09-13T14:00:00Z,715.5
2024-09-13T15:00:00Z,428.42
2024-09-13T16:00:00Z,239.12
2024-09-13T17:00:00Z,51.0
2024-09-13T18:00:00Z,0.0
2024-09-13T19:00:00Z,0.0
2024-09-13T20:00:00Z,0.0
2024-09-13T21:00:00Z,0.0
2024-09-13T22:00:00Z,0.0
2024-09-13T23:00:00Z,0.0
2024-09-14T00:00:00Z,0.0
2024-09-14T01:00:00Z,0.0
2024-09-14T02:00:00Z,0.0
2024-09-14T03:00:00Z,0.0
2024-09-14T04:00:00Z,0.0
2024-09-14T05:00:00Z,0.0
2024-09-14T06:00:00Z,74.9
2024-09-14T07:00:00Z,309.23
2024-09-14T08:00:00Z,556.38
2024-09-14T09:00:00Z,755.62
2024-09-14T10:00:00Z,887.88
2024-09-14T11:00:00Z,964.0
2024-09-14T12:00:00Z,959.47
2024-09-14T13:00:00Z,833.08
2024-09-14T14:00:00Z,714.92
2024-09-14T15:00:00Z,498.98
2024-09-14T16:00:00Z,262.7
2024-09-14T17:00:00Z,46.6
2024-09-14T18:00:00Z,0.0
2024-09-14T19:00:00Z,0.0
2024-09-14T20:00:00Z,0.0
2024-09-14T21:00:00Z,0.0
2024-09-14T22:00:00Z,0.0
2024-09-14T23:00:00Z,0.0
2024-09-15T00:00:00Z,0.0
2024-09-15T01:00:00Z,0.0
2024-09-15T02:00:00Z,0.0
2024-09-15T03:00:00Z,0.0
2024-09-15T04:00:00Z,0.0
2024-09-15T05:00:00Z,0.0
2024-09-15T06:00:00Z,48.08
2024-09-15T07:00:00Z,159.62
2024-09-15T08:00:00Z,334.95
2024-09-15T09:00:00Z,504.8
2024-09-15T10:00:00Z,667.8
2024-09-15T11:00:00Z,679.4
2024-09-15T12:00:00Z,651.72
2024-09-15T13:00:00Z,747.75
2024-09-15T14:00:00Z,626.58
2024-09-15T15:00:00Z,412.95
2024-09-15T16:00:00Z,194.55
2024-09-15T17:00:00Z,37.1
2024-09-15T18:00:00Z,0.0
2024-09-15T19:00:00Z,0.0
2024-09-15T20:00:00Z,0.0
2024-09-15T21:00:00Z,0.0
2024-09-15T22:00:00Z,0.0
2024-09-15T23:00:00Z,0.0
2024-09-16T00:00:00Z,0.0
2024-09-16T01:00:00Z,0.0
2024-09-16T02:00:00Z,0.0
2024-09-16T03:00:00Z,0.0
2024-09-16T04:00:00Z,0.0
2024-09-16T05:00:00Z,0.0
2024-09-16T06:00:00Z,53.38
2024-09-16T07:00:00Z,251.2
2024-09-16T08:00:00Z,453.08
2024-09-16T09:00:00Z,650.88
2024-09-16T10:00:00Z,811.22
2024-09-16T11:00:00Z,920.95
2024-09-16T12:00:00Z,933.83
2024-09-16T13:00:00Z,782.78
2024-09-16T14:00:00Z,697.58
2024-09-16T15:00:00Z,468.38
2024-09-16T16:00:00Z,250.8
2024-09-16T17:00:00Z,49.25
2024-09-16T18:00:00Z,0.0
2024-09-16T19:00:00Z,0.0
2024-09-16T20:00:00Z,0.0
2024-09-16T21:00:00Z,0.0
2024-09-16T22:00:00Z,0.0
2024-09-16T23:00:00Z,0.0
2024-09-17T00:00:00Z,0.0
2024-09-17T01:00:00Z,0.0
2024-09-17T02:00:00Z,0.0
2024-09-17T03:00:00Z,0.0
2024-09-17T04:00:00Z,0.0
2024-09-17T05:00:00Z,0.0
2024-09-17T06:00:00Z,53.45
2024-09-17T07:00:00Z,209.82
2024-09-17T08:00:00Z,403.7
2024-09-17T09:00:00Z,567.3
2024-09-17T10:00:00Z,700.5
2024-09-17T11:00:00Z,840.2
2024-09-17T12:00:00Z,892.1
2024-09-17T13:00:00Z,839.3
2024-09-17T14:00:00Z,707.08
2024-09-17T15:00:00Z,516.42
2024-09-17T16:00:00Z,282.45
2024-09-17T17:00:00Z,56.83
2024-09-17T18:00:00Z,0.0
2024-09-17T19:00:00Z,0.0
2024-09-17T20:00:00Z,0.0
2024-09-17T21:00:00Z,0.0
2024-09-17T22:00:00Z,0.0
2024-09-17T23:00:00Z,0.0
2024-09-18T00:00:00Z,0.0
2024-09-18T01:00:00Z,0.0
2024-09-18T02:00:00Z,0.0
2024-09-18T03:00:00Z,0.0
2024-09-18T04:00:00Z,0.0
2024-09-18T05:00:00Z,0.0
2024-09-18T06:00:00Z,56.55
2024-09-18T07:00:00Z,194.75
2024-09-18T08:00:00Z,367.7
2024-09-18T09:00:00Z,511.27
2024-09-18T10:00:00Z,673.7
2024-09-18T11:00:00Z,726.25
2024-09-18T12:00:00Z,751.2
2024-09-18T13:00:00Z,661.67
2024-09-18T14:00:00Z,491.77
2024-09-18T15:00:00Z,288.0
2024-09-18T16:00:00Z,150.88
2024-09-18T17:00:00Z,31.3
2024-09-18T18:00:00Z,0.0
2024-09-18T19:00:00Z,0.0
2024-09-18T20:00:00Z,0.0
2024-09-18T21:00:00Z,0.0
2024-09-18T22:00:00Z,0.0
2024-09-18T23:00:00Z,0.0
2024-09-19T00:00:00Z,0.0
2024-09-19T01:00:00Z,0.0
2024-09-19T02:00:00Z,0.0
2024-09-19T03:00:00Z,0.0
2024-09-19T04:00:00Z,0.0
2024-09-19T05:00:00Z,0.0
2024-09-19T06:00:00Z,80.55
2024-09-19T07:00:00Z,315.55
2024-09-19T08:00:00Z,573.67
2024-09-19T09:00:00Z,755.42
2024-09-19T10:00:00Z,902.0
2024-09-19T11:00:00Z,974.15
2024-09-19T12:00:00Z,965.88
2024-09-19T13:00:00Z,870.65
2024-09-19T14:00:00Z,724.83
2024-09-19T15:00:00Z,464.02
2024-09-19T16:00:00Z,267.62
2024-09-19T17:00:00Z,52.25
2024-09-19T18:00:00Z,0.0
2024-09-19T19:00:00Z,0.0
2024-09-19T20:00:00Z,0.0
2024-09-19T21:00:00Z,0.0
2024-09-19T22:00:00Z,0.0
2024-09-19T23:00:00Z,0.0
2024-09-20T00:00:00Z,0.0
2024-09-20T01:00:00Z,0.0
2024-09-20T02:00:00Z,0.0
2024-09-20T03:00:00Z,0.0
2024-09-20T04:00:00Z,0.0
2024-09-20T05:00:00Z,0.0
2024-09-20T06:00:00Z,66.1
2024-09-20T07:00:00Z,248.85
2024-09-20T08:00:00Z,414.5
2024-09-20T09:00:00Z,672.2
2024-09-20T10:00:00Z,767.12
2024-09-20T11:00:00Z,784.47
2024-09-20T12:00:00Z,835.78
2024-09-20T13:00:00Z,695.7
2024-09-20T14:00:00Z,636.1
2024-09-20T15:00:00Z,452.42
2024-09-20T16:00:00Z,204.82
2024-09-20T17:00:00Z,41.62
2024-09-20T18:00:00Z,0.0
2024-09-20T19:00:00Z,0.0
2024-09-20T20:00:00Z,0.0
2024-09-20T21:00:00Z,0.0
2024-09-20T22:00:00Z,0.0
2024-09-20T23:00:00Z,0.0
2024-09-21T00:00:00Z,0.0
2024-09-21T01:00:00Z,0.0
2024-09-21T02:00:00Z,0.0
2024-09-21T03:00:00Z,0.0
2024-09-21T04:00:00Z,0.0
2024-09-21T05:00:00Z,0.0
2024-09-21T06:00:00Z,72.57
2024-09-21T07:00:00Z,258.38
2024-09-21T08:00:00Z,491.67
2024-09-21T09:00:00Z,687.55
2024-09-21T10:00:00Z,835.33
2024-09-21T11:00:00Z,849.3
2024-09-21T12:00:00Z,793.65
2024-09-21T13:00:00Z,700.53
2024-09-21T14:00:00Z,627.25
2024-09-21T15:00:00Z,427.7
2024-09-21T16:00:00Z,210.45
2024-09-21T17:00:00Z,38.85
2024-09-21T18:00:00Z,0.0
2024-09-21T19:00:00Z,0.0
2024-09-21T20:00:00Z,0.0
2024-09-21T21:00:00Z,0.0
2024-09-21T22:00:00Z,0.0
2024-09-21T23:00:00Z,0.0
2024-09-22T00:00:00Z,0.0
2024-09-22T01:00:00Z,0.0
2024-09-22T02:00:00Z,0.0
2024-09-22T03:00:00Z,0.0
2024-09-22T04:00:00Z,0.0
2024-09-22T05:00:00Z,0.0
2024-09-22T06:00:00Z,63.67
2024-09-22T07:00:00Z,259.77
2024-09-22T08:00:00Z,472.88
2024-09-22T09:00:00Z,637.3
2024-09-22T10:00:00Z,806.38
2024-09-22T11:00:00Z,852.08
2024-09-22T12:00:00Z,839.35
2024-09-22T13:00:00Z,777.4
2024-09-22T14:00:00Z,655.55
2024-09-22T15:00:00Z,416.9
2024-09-22T16:00:00Z,199.98
2024-09-22T17:00:00Z,37.6
2024-09-22T18:00:00Z,0.0
2024-09-22T19:00:00Z,0.0
2024-09-22T20:00:00Z,0.0
2024-09-22T21:00:00Z,0.0
2024-09-22T22:00:00Z,0.0
2024-09-22T23:00:00Z,0.0
2024-09-23T00:00:00Z,0.0
2024-09-23T01:00:00Z,0.0
2024-09-23T02:00:00Z,0.0
2024-09-23T03:00:00Z,0.0
2024-09-23T04:00:00Z,0.0
2024-09-23T05:00:00Z,0.0
2024-09-23T06:00:00Z,15.45
2024-09-23T07:00:00Z,47.8
2024-09-23T08:00:00Z,77.62
2024-09-23T09:00:00Z,119.03
2024-09-23T10:00:00Z,100.68
2024-09-23T11:00:00Z,70.95
2024-09-23T12:00:00Z,94.43
2024-09-23T13:00:00Z,160.62
2024-09-23T14:00:00Z,173.8
2024-09-23T15:00:00Z,113.5
2024-09-23T16:00:00Z,77.47
2024-09-23T17:00:00Z,18.02
2024-09-23T18:00:00Z,0.0
2024-09-23T19:00:00Z,0.0
2024-09-23T20:00:00Z,0.0
2024-09-23T21:00:00Z,0.0
2024-09-23T22:00:00Z,0.0
2024-09-23T23:00:00Z,0.0
2024-09-24T00:00:00Z,0.0
2024-09-24T01:00:00Z,0.0
2024-09-24T02:00:00Z,0.0
2024-09-24T03:00:00Z,0.0
2024-09-24T04:00:00Z,0.0
2024-09-24T05:00:00Z,0.0
2024-09-24T06:00:00Z,77.18
2024-09-24T07:00:00Z,256.0
2024-09-24T08:00:00Z,461.6
2024-09-24T09:00:00Z,637.28
2024-09-24T10:00:00Z,802.25
2024-09-24T11:00:00Z,912.58
2024-09-24T12:00:00Z,936.42
2024-09-24T13:00:00Z,845.9
2024-09-24T14:00:00Z,576.47
2024-09-24T15:00:00Z,474.33
2024-09-24T16:00:00Z,258.6
2024-09-24T17:00:00Z,53.9
2024-09-24T18:00:00Z,0.0
2024-09-24T19:00:00Z,0.0
2024-09-24T20:00:00Z,0.0
2024-09-24T21:00:00Z,0.0
2024-09-24T22:00:00Z,0.0
2024-09-24T23:00:00Z,0.0
2024-09-25T00:00:00Z,0.0
2024-09-25T01:00:00Z,0.0
2024-09-25T02:00:00Z,0.0
2024-09-25T03:00:00Z,0.0
2024-09-25T04:00:00Z,0.0
2024-09-25T05:00:00Z,0.0
2024-09-25T06:00:00Z,58.2
2024-09-25T07:00:00Z,224.77
2024-09-25T08:00:00Z,426.33
2024-09-25T09:00:00Z,641.72
2024-09-25T10:00:00Z,752.12
2024-09-25T11:00:00Z,825.95
2024-09-25T12:00:00Z,832.97
2024-09-25T13:00:00Z,814.67
2024-09-25T14:00:00Z,673.33
2024-09-25T15:00:00Z,475.05
2024-09-25T16:00:00Z,255.15
2024-09-25T17:00:00Z,46.5
2024-09-25T18:00:00Z,0.0
2024-09-25T19:00:00Z,0.0
2024-09-25T20:00:00Z,0.0
2024-09-25T21:00:00Z,0.0
2024-09-25T22:00:00Z,0.0
2024-09-25T23:00:00Z,0.0
2024-09-26T00:00:00Z,0.0
2024-09-26T01:00:00Z,0.0
2024-09-26T02:00:00Z,0.0
2024-09-26T03:00:00Z,0.0
2024-09-26T04:00:00Z,0.0
2024-09-26T05:00:00Z,0.0
2024-09-26T06:00:00Z,100.03
2024-09-26T07:00:00Z,328.48
2024-09-26T08:00:00Z,548.75
2024-09-26T09:00:00Z,705.45
2024-09-26T10:00:00Z,825.15
2024-09-26T11:00:00Z,778.22
2024-09-26T12:00:00Z,669.2
2024-09-26T13:00:00Z,534.5
2024-09-26T14:00:00Z,549.6
2024-09-26T15:00:00Z,373.0
2024-09-26T16:00:00Z,187.62
2024-09-26T17:00:00Z,31.33
2024-09-26T18:00:00Z,0.0
2024-09-26T19:00:00Z,0.0
2024-09-26T20:00:00Z,0.0
2024-09-26T21:00:00Z,0.0
2024-09-26T22:00:00Z,0.0
2024-09-26T23:00:00Z,0.0
2024-09-27T00:00:00Z,0.0
2024-09-27T01:00:00Z,0.0
2024-09-27T02:00:00Z,0.0
2024-09-27T03:00:00Z,0.0
2024-09-27T04:00:00Z,0.0
2024-09-27T05:00:00Z,0.0
2024-09-27T06:00:00Z,80.12
2024-09-27T07:00:00Z,282.42
2024-09-27T08:00:00Z,440.62
2024-09-27T09:00:00Z,632.97
2024-09-27T10:00:00Z,764.72
2024-09-27T11:00:00Z,887.05
2024-09-27T12:00:00Z,860.72
2024-09-27T13:00:00Z,755.42
2024-09-27T14:00:00Z,517.95
2024-09-27T15:00:00Z,385.12
2024-09-27T16:00:00Z,190.35
2024-09-27T17:00:00Z,40.22
2024-09-27T18:00:00Z,0.0
2024-09-27T19:00:00Z,0.0
2024-09-27T20:00:00Z,0.0
2024-09-27T21:00:00Z,0.0
2024-09-27T22:00:00Z,0.0
2024-09-27T23:00:00Z,0.0
2024-09-28T00:00:00Z,0.0
2024-09-28T01:00:00Z,0.0
2024-09-28T02:00:00Z,0.0
2024-09-28T03:00:00Z,0.0
2024-09-28T04:00:00Z,0.0
2024-09-28T05:00:00Z,0.0
2024-09-28T06:00:00Z,88.07
2024-09-28T07:00:00Z,282.92
2024-09-28T08:00:00Z,514.3
2024-09-28T09:00:00Z,702.28
2024-09-28T10:00:00Z,843.65
2024-09-28T11:00:00Z,948.1
2024-09-28T12:00:00Z,938.5
2024-09-28T13:00:00Z,849.1
2024-09-28T14:00:00Z,698.83
2024-09-28T15:00:00Z,503.77
2024-09-28T16:00:00Z,267.33
2024-09-28T17:00:00Z,51.72
2024-09-28T18:00:00Z,0.0
2024-09-28T19:00:00Z,0.0
2024-09-28T20:00:00Z,0.0
2024-09-28T21:00:00Z,0.0
2024-09-28T22:00:00Z,0.0
2024-09-28T23:00:00Z,0.0
2024-09-29T00:00:00Z,0.0
2024-09-29T01:00:00Z,0.0
2024-09-29T02:00:00Z,0.0
2024-09-29T03:00:00Z,0.0
2024-09-29T04:00:00Z,0.0
2024-09-29T05:00:00Z,0.0
2024-09-29T06:00:00Z,70.85
2024-09-29T07:00:00Z,237.02
2024-09-29T08:00:00Z,423.38
2024-09-29T09:00:00Z,609.35
2024-09-29T10:00:00Z,738.65
2024-09-29T11:00:00Z,846.58
2024-09-29T12:00:00Z,909.45
2024-09-29T13:00:00Z,836.88
2024-09-29T14:00:00Z,639.75
2024-09-29T15:00:00Z,422.52
2024-09-29T16:00:00Z,211.3
2024-09-29T17:00:00Z,34.97
2024-09-29T18:00:00Z,0.0
2024-09-29T19:00:00Z,0.0
2024-09-29T20:00:00Z,0.0
2024-09-29T21:00:00Z,0.0
2024-09-29T22:00:00Z,0.0
2024-09-29T23:00:00Z,0.0
2024-09-30T00:00:00Z,0.0
2024-09-30T01:00:00Z,0.0
2024-09-30T02:00:00Z,0.0
2024-09-30T03:00:00Z,0.0
2024-09-30T04:00:00Z,0.0
2024-09-30T05:00:00Z,0.0
2024-09-30T06:00:00Z,93.4
2024-09-30T07:00:00Z,312.4
2024-09-30T08:00:00Z,527.08
2024-09-30T09:00:00Z,727.88
2024-09-30T10:00:00Z,868.7
2024-09-30T11:00:00Z,946.05
2024-09-30T12:00:00Z,945.03
2024-09-30T13:00:00Z,817.88
2024-09-30T14:00:00Z,687.62
2024-09-30T15:00:00Z,472.75
2024-09-30T16:00:00Z,245.73
2024-09-30T17:00:00Z,49.45
2024-09-30T18:00:00Z,0.0
2024-09-30T19:00:00Z,0.0
2024-09-30T20:00:00Z,0.0
2024-09-30T21:00:00Z,0.0
2024-09-30T22:00:00Z,0.0
2024-09-30T23:00:00Z,0.0
2024-10-01T00:00:00Z,0.0
2024-10-01T01:00:00Z,0.0
2024-10-01T02:00:00Z,0.0
2024-10-01T03:00:00Z,0.0
2024-10-01T04:00:00Z,0.0
2024-10-01T05:00:00Z,0.0
2024-10-01T06:00:00Z,93.7
2024-10-01T07:00:00Z,310.15
2024-10-01T08:00:00Z,529.53
2024-10-01T09:00:00Z,720.08
2024-10-01T10:00:00Z,759.17
2024-10-01T11:00:00Z,951.55
2024-10-01T12:00:00Z,962.12
2024-10-01T13:00:00Z,873.72
2024-10-01T14:00:00Z,679.08
2024-10-01T15:00:00Z,465.67
2024-10-01T16:00:00Z,248.85
2024-10-01T17:00:00Z,51.28
2024-10-01T18:00:00Z,0.0
2024-10-01T19:00:00Z,0.0
2024-10-01T20:00:00Z,0.0
2024-10-01T21:00:00Z,0.0
2024-10-01T22:00:00Z,0.0
2024-10-01T23:00:00Z,0.0
2024-10-02T00:00:00Z,0.0
2024-10-02T01:00:00Z,0.0
2024-10-02T02:00:00Z,0.0
2024-10-02T03:00:00Z,0.0
2024-10-02T04:00:00Z,0.0
2024-10-02T05:00:00Z,0.0
2024-10-02T06:00:00Z,71.43
2024-10-02T07:00:00Z,230.23
2024-10-02T08:00:00Z,386.73
2024-10-02T09:00:00Z,554.83
2024-10-02T10:00:00Z,671.67
2024-10-02T11:00:00Z,773.83
2024-10-02T12:00:00Z,847.1
2024-10-02T13:00:00Z,756.6
2024-10-02T14:00:00Z,645.5
2024-10-02T15:00:00Z,459.1
2024-10-02T16:00:00Z,245.45
2024-10-02T17:00:00Z,50.42
2024-10-02T18:00:00Z,0.0
2024-10-02T19:00:00Z,0.0
2024-10-02T20:00:00Z,0.0
2024-10-02T21:00:00Z,0.0
2024-10-02T22:00:00Z,0.0
2024-10-02T23:00:00Z,0.0
2024-10-03T00:00:00Z,0.0
2024-10-03T01:00:00Z,0.0
2024-10-03T02:00:00Z,0.0
2024-10-03T03:00:00Z,0.0
2024-10-03T04:00:00Z,0.0
2024-10-03T05:00:00Z,0.0
2024-10-03T06:00:00Z,125.55
2024-10-03T07:00:00Z,372.0
2024-10-03T08:00:00Z,607.97
2024-10-03T09:00:00Z,799.0
2024-10-03T10:00:00Z,934.9
2024-10-03T11:00:00Z,993.2
2024-10-03T12:00:00Z,989.42
2024-10-03T13:00:00Z,883.08
2024-10-03T14:00:00Z,715.8
2024-10-03T15:00:00Z,509.65
2024-10-03T16:00:00Z,275.25
2024-10-03T17:00:00Z,54.6
2024-10-03T18:00:00Z,0.0
2024-10-03T19:00:00Z,0.0
2024-10-03T20:00:00Z,0.0
2024-10-03T21:00:00Z,0.0
2024-10-03T22:00:00Z,0.0
2024-10-03T23:00:00Z,0.0
2024-10-04T00:00:00Z,0.0
2024-10-04T01:00:00Z,0.0
2024-10-04T02:00:00Z,0.0
2024-10-04T03:00:00Z,0.0
2024-10-04T04:00:00Z,0.0
2024-10-04T05:00:00Z,0.0
2024-10-04T06:00:00Z,111.68
2024-10-04T07:00:00Z,325.58
2024-10-04T08:00:00Z,559.78
2024-10-04T09:00:00Z,753.0
2024-10-04T10:00:00Z,889.2
2024-10-04T11:00:00Z,957.17
2024-10-04T12:00:00Z,946.33
2024-10-04T13:00:00Z,817.67
2024-10-04T14:00:00Z,638.88
2024-10-04T15:00:00Z,449.55
2024-10-04T16:00:00Z,218.57
2024-10-04T17:00:00Z,35.6
2024-10-04T18:00:00Z,0.0
2024-10-04T19:00:00Z,0.0
2024-10-04T20:00:00Z,0.0
2024-10-04T21:00:00Z,0.0
2024-10-04T22:00:00Z,0.0
2024-10-04T23:00:00Z,0.0
2024-10-05T00:00:00Z,0.0
2024-10-05T01:00:00Z,0.0
2024-10-05T02:00:00Z,0.0
2024-10-05T03:00:00Z,0.0
2024-10-05T04:00:00Z,0.0
2024-10-05T05:00:00Z,0.0
2024-10-05T06:00:00Z,72.0
2024-10-05T07:00:00Z,166.57
2024-10-05T08:00:00Z,288.55
2024-10-05T09:00:00Z,404.42
2024-10-05T10:00:00Z,515.22
2024-10-05T11:00:00Z,309.3
2024-10-05T12:00:00Z,340.05
2024-10-05T13:00:00Z,431.88
2024-10-05T14:00:00Z,336.17
2024-10-05T15:00:00Z,286.5
2024-10-05T16:00:00Z,137.62
2024-10-05T17:00:00Z,19.23
2024-10-05T18:00:00Z,0.0
2024-10-05T19:00:00Z,0.0
2024-10-05T20:00:00Z,0.0
2024-10-05T21:00:00Z,0.0
2024-10-05T22:00:00Z,0.0
2024-10-05T23:00:00Z,0.0
2024-10-06T00:00:00Z,0.0
2024-10-06T01:00:00Z,0.0
2024-10-06T02:00:00Z,0.0
2024-10-06T03:00:00Z,0.0
2024-10-06T04:00:00Z,0.0
2024-10-06T05:00:00Z,0.0
2024-10-06T06:00:00Z,84.05
2024-10-06T07:00:00Z,236.82
2024-10-06T08:00:00Z,406.35
2024-10-06T09:00:00Z,545.88
2024-10-06T10:00:00Z,671.67
2024-10-06T11:00:00Z,612.92
2024-10-06T12:00:00Z,544.83
2024-10-06T13:00:00Z,249.5
2024-10-06T14:00:00Z,207.73
2024-10-06T15:00:00Z,119.3
2024-10-06T16:00:00Z,81.93
2024-10-06T17:00:00Z,19.25
2024-10-06T18:00:00Z,0.0
2024-10-06T19:00:00Z,0.0
2024-10-06T20:00:00Z,0.0
2024-10-06T21:00:00Z,0.0
2024-10-06T22:00:00Z,0.0
2024-10-06T23:00:00Z,0.0
2024-10-07T00:00:00Z,0.0
2024-10-07T01:00:00Z,0.0
2024-10-07T02:00:00Z,0.0
2024-10-07T03:00:00Z,0.0
2024-10-07T04:00:00Z,0.0
2024-10-07T05:00:00Z,0.0
2024-10-07T06:00:00Z,89.75
2024-10-07T07:00:00Z,232.23
2024-10-07T08:00:00Z,378.58
2024-10-07T09:00:00Z,490.65
2024-10-07T10:00:00Z,628.5
2024-10-07T11:00:00Z,703.53
2024-10-07T12:00:00Z,759.95
2024-10-07T13:00:00Z,762.58
2024-10-07T14:00:00Z,582.97
2024-10-07T15:00:00Z,430.4
2024-10-07T16:00:00Z,223.48
2024-10-07T17:00:00Z,42.83
2024-10-07T18:00:00Z,0.0
2024-10-07T19:00:00Z,0.0
2024-10-07T20:00:00Z,0.0
2024-10-07T21:00:00Z,0.0
2024-10-07T22:00:00Z,0.0
2024-10-07T23:00:00Z,0.0
2024-10-08T00:00:00Z,0.0
2024-10-08T01:00:00Z,0.0
2024-10-08T02:00:00Z,0.0
2024-10-08T03:00:00Z,0.0
2024-10-08T04:00:00Z,0.0
2024-10-08T05:00:00Z,0.0
2024-10-08T06:00:00Z,90.07
2024-10-08T07:00:00Z,242.48
2024-10-08T08:00:00Z,421.55
2024-10-08T09:00:00Z,590.03
2024-10-08T10:00:00Z,716.78
2024-10-08T11:00:00Z,778.2
2024-10-08T12:00:00Z,647.15
2024-10-08T13:00:00Z,615.05
2024-10-08T14:00:00Z,194.95
2024-10-08T15:00:00Z,120.2
2024-10-08T16:00:00Z,55.6
2024-10-08T17:00:00Z,8.45
2024-10-08T18:00:00Z,0.0
2024-10-08T19:00:00Z,0.0
2024-10-08T20:00:00Z,0.0
2024-10-08T21:00:00Z,0.0
2024-10-08T22:00:00Z,0.0
2024-10-08T23:00:00Z,0.0
2024-10-09T00:00:00Z,0.0
2024-10-09T01:00:00Z,0.0
2024-10-09T02:00:00Z,0.0
2024-10-09T03:00:00Z,0.0
2024-10-09T04:00:00Z,0.0
2024-10-09T05:00:00Z,0.0
2024-10-09T06:00:00Z,65.8
2024-10-09T07:00:00Z,210.15
2024-10-09T08:00:00Z,386.17
2024-10-09T09:00:00Z,532.33
2024-10-09T10:00:00Z,643.35
2024-10-09T11:00:00Z,836.67
2024-10-09T12:00:00Z,830.7
2024-10-09T13:00:00Z,822.78
2024-10-09T14:00:00Z,664.03
2024-10-09T15:00:00Z,479.3
2024-10-09T16:00:00Z,250.15
2024-10-09T17:00:00Z,47.53
2024-10-09T18:00:00Z,0.0
2024-10-09T19:00:00Z,0.0
2024-10-09T20:00:00Z,0.0
2024-10-09T21:00:00Z,0.0
2024-10-09T22:00:00Z,0.0
2024-10-09T23:00:00Z,0.0
2024-10-10T00:00:00Z,0.0
2024-10-10T01:00:00Z,0.0
2024-10-10T02:00:00Z,0.0
2024-10-10T03:00:00Z,0.0
2024-10-10T04:00:00Z,0.0
2024-10-10T05:00:00Z,0.0
2024-10-10T06:00:00Z,101.57
2024-10-10T07:00:00Z,327.08
2024-10-10T08:00:00Z,572.28
2024-10-10T09:00:00Z,762.78
2024-10-10T10:00:00Z,902.62
2024-10-10T11:00:00Z,976.67
2024-10-10T12:00:00Z,964.2
2024-10-10T13:00:00Z,865.95
2024-10-10T14:00:00Z,698.9
2024-10-10T15:00:00Z,412.27
2024-10-10T16:00:00Z,185.9
2024-10-10T17:00:00Z,30.02
2024-10-10T18:00:00Z,0.0
2024-10-10T19:00:00Z,0.0
2024-10-10T20:00:00Z,0.0
2024-10-10T21:00:00Z,0.0
2024-10-10T22:00:00Z,0.0
2024-10-10T23:00:00Z,0.0
2024-10-11T00:00:00Z,0.0
2024-10-11T01:00:00Z,0.0
2024-10-11T02:00:00Z,0.0
2024-10-11T03:00:00Z,0.0
2024-10-11T04:00:00Z,0.0
2024-10-11T05:00:00Z,0.0
2024-10-11T06:00:00Z,117.05
2024-10-11T07:00:00Z,344.48
2024-10-11T08:00:00Z,581.22
2024-10-11T09:00:00Z,785.38
2024-10-11T10:00:00Z,923.78
2024-10-11T11:00:00Z,997.15
2024-10-11T12:00:00Z,984.72
2024-10-11T13:00:00Z,886.83
2024-10-11T14:00:00Z,728.45
2024-10-11T15:00:00Z,505.98
2024-10-11T16:00:00Z,272.2
2024-10-11T17:00:00Z,51.88
2024-10-11T18:00:00Z,0.0
2024-10-11T19:00:00Z,0.0
2024-10-11T20:00:00Z,0.0
2024-10-11T21:00:00Z,0.0
2024-10-11T22:00:00Z,0.0
2024-10-11T23:00:00Z,0.0
2024-10-12T00:00:00Z,0.0
2024-10-12T01:00:00Z,0.0
2024-10-12T02:00:00Z,0.0
2024-10-12T03:00:00Z,0.0
2024-10-12T04:00:00Z,0.0
2024-10-12T05:00:00Z,0.0
2024-10-12T06:00:00Z,129.5
2024-10-12T07:00:00Z,361.88
2024-10-12T08:00:00Z,599.38
2024-10-12T09:00:00Z,790.95
2024-10-12T10:00:00Z,922.15
2024-10-12T11:00:00Z,990.95
2024-10-12T12:00:00Z,964.35
2024-10-12T13:00:00Z,875.2
2024-10-12T14:00:00Z,679.38
2024-10-12T15:00:00Z,465.17
2024-10-12T16:00:00Z,233.05
2024-10-12T17:00:00Z,42.28
2024-10-12T18:00:00Z,0.0
2024-10-12T19:00:00Z,0.0
2024-10-12T20:00:00Z,0.0
2024-10-12T21:00:00Z,0.0
2024-10-12T22:00:00Z,0.0
2024-10-12T23:00:00Z,0.0
2024-10-13T00:00:00Z,0.0
2024-10-13T01:00:00Z,0.0
2024-10-13T02:00:00Z,0.0
2024-10-13T03:00:00Z,0.0
2024-10-13T04:00:00Z,0.0
2024-10-13T05:00:00Z,0.0
2024-10-13T06:00:00Z,93.22
2024-10-13T07:00:00Z,286.92
2024-10-13T08:00:00Z,502.65
2024-10-13T09:00:00Z,685.75
2024-10-13T10:00:00Z,840.35
2024-10-13T11:00:00Z,894.45
2024-10-13T12:00:00Z,799.03
2024-10-13T13:00:00Z,580.95
2024-10-13T14:00:00Z,351.48
2024-10-13T15:00:00Z,156.4
2024-10-13T16:00:00Z,74.2
2024-10-13T17:00:00Z,13.3
2024-10-13T18:00:00Z,0.0
2024-10-13T19:00:00Z,0.0
2024-10-13T20:00:00Z,0.0
2024-10-13T21:00:00Z,0.0
2024-10-13T22:00:00Z,0.0
2024-10-13T23:00:00Z,0.0
2024-10-14T00:00:00Z,0.0
2024-10-14T01:00:00Z,0.0
2024-10-14T02:00:00Z,0.0
2024-10-14T03:00:00Z,0.0
2024-10-14T04:00:00Z,0.0
2024-10-14T05:00:00Z,0.62
2024-10-14T06:00:00Z,108.65
2024-10-14T07:00:00Z,306.08
2024-10-14T08:00:00Z,495.33
2024-10-14T09:00:00Z,588.38
2024-10-14T10:00:00Z,741.65
2024-10-14T11:00:00Z,834.1
2024-10-14T12:00:00Z,982.95
2024-10-14T13:00:00Z,834.47
2024-10-14T14:00:00Z,721.05
2024-10-14T15:00:00Z,502.92
2024-10-14T16:00:00Z,258.4
2024-10-14T17:00:00Z,44.28
2024-10-14T18:00:00Z,0.0
2024-10-14T19:00:00Z,0.0
2024-10-14T20:00:00Z,0.0
2024-10-14T21:00:00Z,0.0
2024-10-14T22:00:00Z,0.0
2024-10-14T23:00:00Z,0.0
2024-10-15T00:00:00Z,0.0
2024-10-15T01:00:00Z,0.0
2024-10-15T02:00:00Z,0.0
2024-10-15T03:00:00Z,0.0
2024-10-15T04:00:00Z,0.0
2024-10-15T05:00:00Z,3.62
2024-10-15T06:00:00Z,135.8
2024-10-15T07:00:00Z,380.48
2024-10-15T08:00:00Z,617.35
2024-10-15T09:00:00Z,816.92
2024-10-15T10:00:00Z,949.2
2024-10-15T11:00:00Z,1010.35
2024-10-15T12:00:00Z,984.35
2024-10-15T13:00:00Z,904.5
2024-10-15T14:00:00Z,746.3
2024-10-15T15:00:00Z,538.3
2024-10-15T16:00:00Z,292.83
2024-10-15T17:00:00Z,55.5
2024-10-15T18:00:00Z,0.0
2024-10-15T19:00:00Z,0.0
2024-10-15T20:00:00Z,0.0
2024-10-15T21:00:00Z,0.0
2024-10-15T22:00:00Z,0.0
2024-10-15T23:00:00Z,0.0
2024-10-16T00:00:00Z,0.0
2024-10-16T01:00:00Z,0.0
2024-10-16T02:00:00Z,0.0
2024-10-16T03:00:00Z,0.0
2024-10-16T04:00:00Z,0.0
2024-10-16T05:00:00Z,3.65
2024-10-16T06:00:00Z,108.28
2024-10-16T07:00:00Z,321.98
2024-10-16T08:00:00Z,540.42
2024-10-16T09:00:00Z,710.83
2024-10-16T10:00:00Z,854.0
2024-10-16T11:00:00Z,966.12
2024-10-16T12:00:00Z,880.17
2024-10-16T13:00:00Z,795.97
2024-10-16T14:00:00Z,686.92
2024-10-16T15:00:00Z,422.45
2024-10-16T16:00:00Z,216.23
2024-10-16T17:00:00Z,42.92
2024-10-16T18:00:00Z,0.0
2024-10-16T19:00:00Z,0.0
2024-10-16T20:00:00Z,0.0
2024-10-16T21:00:00Z,0.0
2024-10-16T22:00:00Z,0.0
2024-10-16T23:00:00Z,0.0
2024-10-17T00:00:00Z,0.0
2024-10-17T01:00:00Z,0.0
2024-10-17T02:00:00Z,0.0
2024-10-17T03:00:00Z,0.0
2024-10-17T04:00:00Z,0.0
2024-10-17T05:00:00Z,3.28
2024-10-17T06:00:00Z,103.25
2024-10-17T07:00:00Z,308.25
2024-10-17T08:00:00Z,544.15
2024-10-17T09:00:00Z,670.45
2024-10-17T10:00:00Z,872.67
2024-10-17T11:00:00Z,976.55
2024-10-17T12:00:00Z,953.22
2024-10-17T13:00:00Z,888.72
2024-10-17T14:00:00Z,718.1
2024-10-17T15:00:00Z,495.1
2024-10-17T16:00:00Z,261.98
2024-10-17T17:00:00Z,49.22
2024-10-17T18:00:00Z,0.0
2024-10-17T19:00:00Z,0.0
2024-10-17T20:00:00Z,0.0
2024-10-17T21:00:00Z,0.0
2024-10-17T22:00:00Z,0.0
2024-10-17T23:00:00Z,0.0
2024-10-18T00:00:00Z,0.0
2024-10-18T01:00:00Z,0.0
2024-10-18T02:00:00Z,0.0
2024-10-18T03:00:00Z,0.0
2024-10-18T04:00:00Z,0.0
2024-10-18T05:00:00Z,3.3
2024-10-18T06:00:00Z,82.35
2024-10-18T07:00:00Z,202.48
2024-10-18T08:00:00Z,194.38
2024-10-18T09:00:00Z,344.2
2024-10-18T10:00:00Z,455.6
2024-10-18T11:00:00Z,590.95
2024-10-18T12:00:00Z,527.3
2024-10-18T13:00:00Z,479.98
2024-10-18T14:00:00Z,433.52
2024-10-18T15:00:00Z,222.32
2024-10-18T16:00:00Z,142.45
2024-10-18T17:00:00Z,29.73
2024-10-18T18:00:00Z,0.0
2024-10-18T19:00:00Z,0.0
2024-10-18T20:00:00Z,0.0
2024-10-18T21:00:00Z,0.0
2024-10-18T22:00:00Z,0.0
2024-10-18T23:00:00Z,0.0
2024-10-19T00:00:00Z,0.0
2024-10-19T01:00:00Z,0.0
2024-10-19T02:00:00Z,0.0
2024-10-19T03:00:00Z,0.0
2024-10-19T04:00:00Z,0.0
2024-10-19T05:00:00Z,2.9
2024-10-19T06:00:00Z,116.97
2024-10-19T07:00:00Z,293.08
2024-10-19T08:00:00Z,472.85
2024-10-19T09:00:00Z,619.28
2024-10-19T10:00:00Z,778.15
2024-10-19T11:00:00Z,929.7
2024-10-19T12:00:00Z,913.08
2024-10-19T13:00:00Z,864.28
2024-10-19T14:00:00Z,666.53
2024-10-19T15:00:00Z,377.48
2024-10-19T16:00:00Z,189.5
2024-10-19T17:00:00Z,34.15
2024-10-19T18:00:00Z,0.0
2024-10-19T19:00:00Z,0.0
2024-10-19T20:00:00Z,0.0
2024-10-19T21:00:00Z,0.0
2024-10-19T22:00:00Z,0.0
2024-10-19T23:00:00Z,0.0
2024-10-20T00:00:00Z,0.0
2024-10-20T01:00:00Z,0.0
2024-10-20T02:00:00Z,0.0
2024-10-20T03:00:00Z,0.0
2024-10-20T04:00:00Z,0.0
2024-10-20T05:00:00Z,4.2
2024-10-20T06:00:00Z,120.8
2024-10-20T07:00:00Z,350.33
2024-10-20T08:00:00Z,570.45
2024-10-20T09:00:00Z,769.25
2024-10-20T10:00:00Z,897.4
2024-10-20T11:00:00Z,987.85
2024-10-20T12:00:00Z,899.47
2024-10-20T13:00:00Z,871.15
2024-10-20T14:00:00Z,728.05
2024-10-20T15:00:00Z,447.83
2024-10-20T16:00:00Z,239.1
2024-10-20T17:00:00Z,47.1
2024-10-20T18:00:00Z,0.0
2024-10-20T19:00:00Z,0.0
2024-10-20T20:00:00Z,0.0
2024-10-20T21:00:00Z,0.0
2024-10-20T22:00:00Z,0.0
2024-10-20T23:00:00Z,0.0
2024-10-21T00:00:00Z,0.0
2024-10-21T01:00:00Z,0.0
2024-10-21T02:00:00Z,0.0
2024-10-21T03:00:00Z,0.0
2024-10-21T04:00:00Z,0.0
2024-10-21T05:00:00Z,4.57
2024-10-21T06:00:00Z,117.45
2024-10-21T07:00:00Z,288.77
2024-10-21T08:00:00Z,510.77
2024-10-21T09:00:00Z,689.72
2024-10-21T10:00:00Z,831.17
2024-10-21T11:00:00Z,943.03
2024-10-21T12:00:00Z,850.17
2024-10-21T13:00:00Z,880.58
2024-10-21T14:00:00Z,732.95
2024-10-21T15:00:00Z,504.6
2024-10-21T16:00:00Z,265.33
2024-10-21T17:00:00Z,49.75
2024-10-21T18:00:00Z,0.0
2024-10-21T19:00:00Z,0.0
2024-10-21T20:00:00Z,0.0
2024-10-21T21:00:00Z,0.0
2024-10-21T22:00:00Z,0.0
2024-10-21T23:00:00Z,0.0
2024-10-22T00:00:00Z,0.0
2024-10-22T01:00:00Z,0.0
2024-10-22T02:00:00Z,0.0
2024-10-22T03:00:00Z,0.0
2024-10-22T04:00:00Z,0.0
2024-10-22T05:00:00Z,4.25
2024-10-22T06:00:00Z,132.18
2024-10-22T07:00:00Z,372.2
2024-10-22T08:00:00Z,546.58
2024-10-22T09:00:00Z,799.7
2024-10-22T10:00:00Z,927.35
2024-10-22T11:00:00Z,1002.38
2024-10-22T12:00:00Z,1004.33
2024-10-22T13:00:00Z,873.85
2024-10-22T14:00:00Z,736.42
2024-10-22T15:00:00Z,523.38
2024-10-22T16:00:00Z,276.8
2024-10-22T17:00:00Z,55.03
2024-10-22T18:00:00Z,0.0
2024-10-22T19:00:00Z,0.0
2024-10-22T20:00:00Z,0.0
2024-10-22T21:00:00Z,0.0
2024-10-22T22:00:00Z,0.0
2024-10-22T23:00:00Z,0.0
2024-10-23T00:00:00Z,0.0
2024-10-23T01:00:00Z,0.0
2024-10-23T02:00:00Z,0.0
2024-10-23T03:00:00Z,0.0
2024-10-23T04:00:00Z,0.0
2024-10-23T05:00:00Z,5.25
2024-10-23T06:00:00Z,136.23
2024-10-23T07:00:00Z,335.38
2024-10-23T08:00:00Z,523.3
2024-10-23T09:00:00Z,689.0
2024-10-23T10:00:00Z,826.15
2024-10-23T11:00:00Z,948.22
2024-10-23T12:00:00Z,943.75
2024-10-23T13:00:00Z,850.25
2024-10-23T14:00:00Z,737.4
2024-10-23T15:00:00Z,522.88
2024-10-23T16:00:00Z,282.08
2024-10-23T17:00:00Z,53.62
2024-10-23T18:00:00Z,0.0
2024-10-23T19:00:00Z,0.0
2024-10-23T20:00:00Z,0.0
2024-10-23T21:00:00Z,0.0
2024-10-23T22:00:00Z,0.0
2024-10-23T23:00:00Z,0.0
2024-10-24T00:00:00Z,0.0
2024-10-24T01:00:00Z,0.0
2024-10-24T02:00:00Z,0.0
2024-10-24T03:00:00Z,0.0
2024-10-24T04:00:00Z,0.0
2024-10-24T05:00:00Z,3.38
2024-10-24T06:00:00Z,129.35
2024-10-24T07:00:00Z,316.2
2024-10-24T08:00:00Z,517.47
2024-10-24T09:00:00Z,718.28
2024-10-24T10:00:00Z,827.2
2024-10-24T11:00:00Z,964.3
2024-10-24T12:00:00Z,873.9
2024-10-24T13:00:00Z,858.53
2024-10-24T14:00:00Z,692.17
2024-10-24T15:00:00Z,504.3
2024-10-24T16:00:00Z,270.83
2024-10-24T17:00:00Z,52.03
2024-10-24T18:00:00Z,0.0
2024-10-24T19:00:00Z,0.0
2024-10-24T20:00:00Z,0.0
2024-10-24T21:00:00Z,0.0
2024-10-24T22:00:00Z,0.0
2024-10-24T23:00:00Z,0.0
2024-10-25T00:00:00Z,0.0
2024-10-25T01:00:00Z,0.0
2024-10-25T02:00:00Z,0.0
2024-10-25T03:00:00Z,0.0
2024-10-25T04:00:00Z,0.0
2024-10-25T05:00:00Z,5.53
2024-10-25T06:00:00Z,143.82
2024-10-25T07:00:00Z,384.27
2024-10-25T08:00:00Z,577.47
2024-10-25T09:00:00Z,788.17
2024-10-25T10:00:00Z,928.03
2024-10-25T11:00:00Z,984.17
2024-10-25T12:00:00Z,954.47
2024-10-25T13:00:00Z,800.75
2024-10-25T14:00:00Z,695.4
2024-10-25T15:00:00Z,495.58
2024-10-25T16:00:00Z,262.73
2024-10-25T17:00:00Z,51.95
2024-10-25T18:00:00Z,0.0
2024-10-25T19:00:00Z,0.0
2024-10-25T20:00:00Z,0.0
2024-10-25T21:00:00Z,0.0
2024-10-25T22:00:00Z,0.0
2024-10-25T23:00:00Z,0.0
2024-10-26T00:00:00Z,0.0
2024-10-26T01:00:00Z,0.0
2024-10-26T02:00:00Z,0.0
2024-10-26T03:00:00Z,0.0
2024-10-26T04:00:00Z,0.0
2024-10-26T05:00:00Z,4.35
2024-10-26T06:00:00Z,89.35
2024-10-26T07:00:00Z,219.27
2024-10-26T08:00:00Z,358.9
2024-10-26T09:00:00Z,501.3
2024-10-26T10:00:00Z,610.78
2024-10-26T11:00:00Z,333.83
2024-10-26T12:00:00Z,362.2
2024-10-26T13:00:00Z,484.4
2024-10-26T14:00:00Z,392.52
2024-10-26T15:00:00Z,355.92
2024-10-26T16:00:00Z,176.6
2024-10-26T17:00:00Z,34.9
2024-10-26T18:00:00Z,0.0
2024-10-26T19:00:00Z,0.0
2024-10-26T20:00:00Z,0.0
2024-10-26T21:00:00Z,0.0
2024-10-26T22:00:00Z,0.0
2024-10-26T23:00:00Z,0.0
2024-10-27T00:00:00Z,0.0
2024-10-27T01:00:00Z,0.0
2024-10-27T02:00:00Z,0.0
2024-10-27T03:00:00Z,0.0
2024-10-27T04:00:00Z,0.0
2024-10-27T05:00:00Z,0.73
2024-10-27T06:00:00Z,15.8
2024-10-27T07:00:00Z,45.83
2024-10-27T08:00:00Z,71.28
2024-10-27T09:00:00Z,93.82
2024-10-27T10:00:00Z,153.4
2024-10-27T11:00:00Z,318.62
2024-10-27T12:00:00Z,367.5
2024-10-27T13:00:00Z,417.83
2024-10-27T14:00:00Z,370.88
2024-10-27T15:00:00Z,364.15
2024-10-27T16:00:00Z,173.07
2024-10-27T17:00:00Z,32.9
2024-10-27T18:00:00Z,0.0
2024-10-27T19:00:00Z,0.0
2024-10-27T20:00:00Z,0.0
2024-10-27T21:00:00Z,0.0
2024-10-27T22:00:00Z,0.0
2024-10-27T23:00:00Z,0.0
2024-10-28T00:00:00Z,0.0
2024-10-28T01:00:00Z,0.0
2024-10-28T02:00:00Z,0.0
2024-10-28T03:00:00Z,0.0
2024-10-28T04:00:00Z,0.0
2024-10-28T05:00:00Z,3.83
2024-10-28T06:00:00Z,142.9
2024-10-28T07:00:00Z,361.5
2024-10-28T08:00:00Z,571.97
2024-10-28T09:00:00Z,767.0
2024-10-28T10:00:00Z,932.05
2024-10-28T11:00:00Z,957.3
2024-10-28T12:00:00Z,934.85
2024-10-28T13:00:00Z,879.35
2024-10-28T14:00:00Z,702.75
2024-10-28T15:00:00Z,502.45
2024-10-28T16:00:00Z,266.73
2024-10-28T17:00:00Z,52.35
2024-10-28T18:00:00Z,0.0
2024-10-28T19:00:00Z,0.0
2024-10-28T20:00:00Z,0.0
2024-10-28T21:00:00Z,0.0
2024-10-28T22:00:00Z,0.0
2024-10-28T23:00:00Z,0.0
2024-10-29T00:00:00Z,0.0
2024-10-29T01:00:00Z,0.0
2024-10-29T02:00:00Z,0.0
2024-10-29T03:00:00Z,0.0
2024-10-29T04:00:00Z,0.0
2024-10-29T05:00:00Z,6.62
2024-10-29T06:00:00Z,155.3
2024-10-29T07:00:00Z,402.48
2024-10-29T08:00:00Z,624.88
2024-10-29T09:00:00Z,820.35
2024-10-29T10:00:00Z,945.12
2024-10-29T11:00:00Z,1006.47
2024-10-29T12:00:00Z,965.22
2024-10-29T13:00:00Z,843.67
2024-10-29T14:00:00Z,683.65
2024-10-29T15:00:00Z,478.65
2024-10-29T16:00:00Z,234.1
2024-10-29T17:00:00Z,39.97
2024-10-29T18:00:00Z,0.0
2024-10-29T19:00:00Z,0.0
2024-10-29T20:00:00Z,0.0
2024-10-29T21:00:00Z,0.0
2024-10-29T22:00:00Z,0.0
2024-10-29T23:00:00Z,0.0
2024-10-30T00:00:00Z,0.0
2024-10-30T01:00:00Z,0.0
2024-10-30T02:00:00Z,0.0
2024-10-30T03:00:00Z,0.0
2024-10-30T04:00:00Z,0.0
2024-10-30T05:00:00Z,1.88
2024-10-30T06:00:00Z,53.55
2024-10-30T07:00:00Z,114.12
2024-10-30T08:00:00Z,160.0
2024-10-30T09:00:00Z,234.45
2024-10-30T10:00:00Z,305.83
2024-10-30T11:00:00Z,415.83
2024-10-30T12:00:00Z,607.45
2024-10-30T13:00:00Z,653.72
2024-10-30T14:00:00Z,563.72
2024-10-30T15:00:00Z,410.12
2024-10-30T16:00:00Z,202.18
2024-10-30T17:00:00Z,37.53
2024-10-30T18:00:00Z,0.0
2024-10-30T19:00:00Z,0.0
2024-10-30T20:00:00Z,0.0
2024-10-30T21:00:00Z,0.0
2024-10-30T22:00:00Z,0.0
2024-10-30T23:00:00Z,0.0
2024-10-31T00:00:00Z,0.0
2024-10-31T01:00:00Z,0.0
2024-10-31T02:00:00Z,0.0
2024-10-31T03:00:00Z,0.0
2024-10-31T04:00:00Z,0.0
2024-10-31T05:00:00Z,4.25
2024-10-31T06:00:00Z,63.33
2024-10-31T07:00:00Z,177.12
2024-10-31T08:00:00Z,331.2
2024-10-31T09:00:00Z,282.12
2024-10-31T10:00:00Z,437.45
2024-10-31T11:00:00Z,531.97
2024-10-31T12:00:00Z,602.62
2024-10-31T13:00:00Z,525.08
2024-10-31T14:00:00Z,360.55
2024-10-31T15:00:00Z,274.73
2024-10-31T16:00:00Z,142.8
2024-10-31T17:00:00Z,24.6
2024-10-31T18:00:00Z,0.0
2024-10-31T19:00:00Z,0.0
2024-10-31T20:00:00Z,0.0
2024-10-31T21:00:00Z,0.0
2024-10-31T22:00:00Z,0.0
2024-10-31T23:00:00Z,0.0
2024-11-01T00:00:00Z,0.0
2024-11-01T01:00:00Z,0.0
2024-11-01T02:00:00Z,0.0
2024-11-01T03:00:00Z,0.0
2024-11-01T04:00:00Z,0.0
2024-11-01T05:00:00Z,3.55
2024-11-01T06:00:00Z,69.1
2024-11-01T07:00:00Z,193.43
2024-11-01T08:00:00Z,314.12
2024-11-01T09:00:00Z,454.58
2024-11-01T10:00:00Z,813.85
2024-11-01T11:00:00Z,908.72
2024-11-01T12:00:00Z,904.9
2024-11-01T13:00:00Z,883.83
2024-11-01T14:00:00Z,710.53
2024-11-01T15:00:00Z,515.0
2024-11-01T16:00:00Z,275.35
2024-11-01T17:00:00Z,55.88
2024-11-01T18:00:00Z,0.0
2024-11-01T19:00:00Z,0.0
2024-11-01T20:00:00Z,0.0
2024-11-01T21:00:00Z,0.0
2024-11-01T22:00:00Z,0.0
2024-11-01T23:00:00Z,0.0
2024-11-02T00:00:00Z,0.0
2024-11-02T01:00:00Z,0.0
2024-11-02T02:00:00Z,0.0
2024-11-02T03:00:00Z,0.0
2024-11-02T04:00:00Z,0.0
2024-11-02T05:00:00Z,4.85
2024-11-02T06:00:00Z,82.62
2024-11-02T07:00:00Z,273.92
2024-11-02T08:00:00Z,459.3
2024-11-02T09:00:00Z,626.08
2024-11-02T10:00:00Z,714.92
2024-11-02T11:00:00Z,756.47
2024-11-02T12:00:00Z,734.42
2024-11-02T13:00:00Z,706.88
2024-11-02T14:00:00Z,498.25
2024-11-02T15:00:00Z,288.45
2024-11-02T16:00:00Z,144.23
2024-11-02T17:00:00Z,24.45
2024-11-02T18:00:00Z,0.0
2024-11-02T19:00:00Z,0.0
2024-11-02T20:00:00Z,0.0
2024-11-02T21:00:00Z,0.0
2024-11-02T22:00:00Z,0.0
2024-11-02T23:00:00Z,0.0
2024-11-03T00:00:00Z,0.0
2024-11-03T01:00:00Z,0.0
2024-11-03T02:00:00Z,0.0
2024-11-03T03:00:00Z,0.0
2024-11-03T04:00:00Z,0.0
2024-11-03T05:00:00Z,6.18
2024-11-03T06:00:00Z,139.95
2024-11-03T07:00:00Z,371.75
2024-11-03T08:00:00Z,606.42
2024-11-03T09:00:00Z,795.08
2024-11-03T10:00:00Z,911.4
2024-11-03T11:00:00Z,966.5
2024-11-03T12:00:00Z,922.75
2024-11-03T13:00:00Z,829.85
2024-11-03T14:00:00Z,629.67
2024-11-03T15:00:00Z,452.88
2024-11-03T16:00:00Z,249.82
2024-11-03T17:00:00Z,53.22
2024-11-03T18:00:00Z,0.0
2024-11-03T19:00:00Z,0.0
2024-11-03T20:00:00Z,0.0
2024-11-03T21:00:00Z,0.0
2024-11-03T22:00:00Z,0.0
2024-11-03T23:00:00Z,0.0
2024-11-04T00:00:00Z,0.0
2024-11-04T01:00:00Z,0.0
2024-11-04T02:00:00Z,0.0
2024-11-04T03:00:00Z,0.0
2024-11-04T04:00:00Z,0.0
2024-11-04T05:00:00Z,2.1
2024-11-04T06:00:00Z,100.47
2024-11-04T07:00:00Z,197.0
2024-11-04T08:00:00Z,316.5
2024-11-04T09:00:00Z,434.73
2024-11-04T10:00:00Z,538.03
2024-11-04T11:00:00Z,686.75
2024-11-04T12:00:00Z,668.5
2024-11-04T13:00:00Z,645.33
2024-11-04T14:00:00Z,512.35
2024-11-04T15:00:00Z,340.83
2024-11-04T16:00:00Z,156.3
2024-11-04T17:00:00Z,23.27
2024-11-04T18:00:00Z,0.0
2024-11-04T19:00:00Z,0.0
2024-11-04T20:00:00Z,0.0
2024-11-04T21:00:00Z,0.0
2024-11-04T22:00:00Z,0.0
2024-11-04T23:00:00Z,0.0
2024-11-05T00:00:00Z,0.0
2024-11-05T01:00:00Z,0.0
2024-11-05T02:00:00Z,0.0
2024-11-05T03:00:00Z,0.0
2024-11-05T04:00:00Z,0.0
2024-11-05T05:00:00Z,6.57
2024-11-05T06:00:00Z,121.62
2024-11-05T07:00:00Z,341.15
2024-11-05T08:00:00Z,547.6
2024-11-05T09:00:00Z,725.75
2024-11-05T10:00:00Z,819.67
2024-11-05T11:00:00Z,880.28
2024-11-05T12:00:00Z,843.3
2024-11-05T13:00:00Z,719.12
2024-11-05T14:00:00Z,612.0
2024-11-05T15:00:00Z,368.35
2024-11-05T16:00:00Z,182.07
2024-11-05T17:00:00Z,38.67
2024-11-05T18:00:00Z,0.0
2024-11-05T19:00:00Z,0.0
2024-11-05T20:00:00Z,0.0
2024-11-05T21:00:00Z,0.0
2024-11-05T22:00:00Z,0.0
2024-11-05T23:00:00Z,0.0
2024-11-06T00:00:00Z,0.0
2024-11-06T01:00:00Z,0.0
2024-11-06T02:00:00Z,0.0
2024-11-06T03:00:00Z,0.0
2024-11-06T04:00:00Z,0.0
2024-11-06T05:00:00Z,6.07
2024-11-06T06:00:00Z,98.07
2024-11-06T07:00:00Z,270.27
2024-11-06T08:00:00Z,439.98
2024-11-06T09:00:00Z,618.2
2024-11-06T10:00:00Z,721.33
2024-11-06T11:00:00Z,728.2
2024-11-06T12:00:00Z,756.08
2024-11-06T13:00:00Z,659.53
2024-11-06T14:00:00Z,502.77
2024-11-06T15:00:00Z,398.17
2024-11-06T16:00:00Z,204.77
2024-11-06T17:00:00Z,39.17
2024-11-06T18:00:00Z,0.0
2024-11-06T19:00:00Z,0.0
2024-11-06T20:00:00Z,0.0
2024-11-06T21:00:00Z,0.0
2024-11-06T22:00:00Z,0.0
2024-11-06T23:00:00Z,0.0
2024-11-07T00:00:00Z,0.0
2024-11-07T01:00:00Z,0.0
2024-11-07T02:00:00Z,0.0
2024-11-07T03:00:00Z,0.0
2024-11-07T04:00:00Z,0.0
2024-11-07T05:00:00Z,7.62
2024-11-07T06:00:00Z,155.4
2024-11-07T07:00:00Z,391.77
2024-11-07T08:00:00Z,590.7
2024-11-07T09:00:00Z,806.28
2024-11-07T10:00:00Z,928.4
2024-11-07T11:00:00Z,989.45
2024-11-07T12:00:00Z,974.78
2024-11-07T13:00:00Z,905.92
2024-11-07T14:00:00Z,750.03
2024-11-07T15:00:00Z,538.22
2024-11-07T16:00:00Z,296.4
2024-11-07T17:00:00Z,63.4
2024-11-07T18:00:00Z,0.0
2024-11-07T19:00:00Z,0.0
2024-11-07T20:00:00Z,0.0
2024-11-07T21:00:00Z,0.0
2024-11-07T22:00:00Z,0.0
2024-11-07T23:00:00Z,0.0
2024-11-08T00:00:00Z,0.0
2024-11-08T01:00:00Z,0.0
2024-11-08T02:00:00Z,0.0
2024-11-08T03:00:00Z,0.0
2024-11-08T04:00:00Z,0.0
2024-11-08T05:00:00Z,7.82
2024-11-08T06:00:00Z,107.7
2024-11-08T07:00:00Z,318.92
2024-11-08T08:00:00Z,515.03
2024-11-08T09:00:00Z,784.17
2024-11-08T10:00:00Z,904.7
2024-11-08T11:00:00Z,971.45
2024-11-08T12:00:00Z,934.3
2024-11-08T13:00:00Z,729.15
2024-11-08T14:00:00Z,643.22
2024-11-08T15:00:00Z,426.05
2024-11-08T16:00:00Z,211.57
2024-11-08T17:00:00Z,41.6
2024-11-08T18:00:00Z,0.0
2024-11-08T19:00:00Z,0.0
2024-11-08T20:00:00Z,0.0
2024-11-08T21:00:00Z,0.0
2024-11-08T22:00:00Z,0.0
2024-11-08T23:00:00Z,0.0
2024-11-09T00:00:00Z,0.0
2024-11-09T01:00:00Z,0.0
2024-11-09T02:00:00Z,0.0
2024-11-09T03:00:00Z,0.0
2024-11-09T04:00:00Z,0.0
2024-11-09T05:00:00Z,6.05
2024-11-09T06:00:00Z,130.82
2024-11-09T07:00:00Z,332.73
2024-11-09T08:00:00Z,522.08
2024-11-09T09:00:00Z,704.33
2024-11-09T10:00:00Z,847.55
2024-11-09T11:00:00Z,921.67
2024-11-09T12:00:00Z,904.4
2024-11-09T13:00:00Z,874.95
2024-11-09T14:00:00Z,613.22
2024-11-09T15:00:00Z,429.08
2024-11-09T16:00:00Z,233.4
2024-11-09T17:00:00Z,51.03
2024-11-09T18:00:00Z,0.0
2024-11-09T19:00:00Z,0.0
2024-11-09T20:00:00Z,0.0
2024-11-09T21:00:00Z,0.0
2024-11-09T22:00:00Z,0.0
2024-11-09T23:00:00Z,0.0
2024-11-10T00:00:00Z,0.0
2024-11-10T01:00:00Z,0.0
2024-11-10T02:00:00Z,0.0
2024-11-10T03:00:00Z,0.0
2024-11-10T04:00:00Z,0.0
2024-11-10T05:00:00Z,7.1
2024-11-10T06:00:00Z,145.0
2024-11-10T07:00:00Z,366.05
2024-11-10T08:00:00Z,610.22
2024-11-10T09:00:00Z,823.28
2024-11-10T10:00:00Z,933.58
2024-11-10T11:00:00Z,995.47
2024-11-10T12:00:00Z,998.53
2024-11-10T13:00:00Z,874.53
2024-11-10T14:00:00Z,720.08
2024-11-10T15:00:00Z,515.78
2024-11-10T16:00:00Z,275.4
2024-11-10T17:00:00Z,60.03
2024-11-10T18:00:00Z,0.0
2024-11-10T19:00:00Z,0.0
2024-11-10T20:00:00Z,0.0
2024-11-10T21:00:00Z,0.0
2024-11-10T22:00:00Z,0.0
2024-11-10T23:00:00Z,0.0
2024-11-11T00:00:00Z,0.0
2024-11-11T01:00:00Z,0.0
2024-11-11T02:00:00Z,0.0
2024-11-11T03:00:00Z,0.0
2024-11-11T04:00:00Z,0.0
2024-11-11T05:00:00Z,7.93
2024-11-11T06:00:00Z,133.12
2024-11-11T07:00:00Z,343.4
2024-11-11T08:00:00Z,550.0
2024-11-11T09:00:00Z,722.15
2024-11-11T10:00:00Z,840.6
2024-11-11T11:00:00Z,887.7
2024-11-11T12:00:00Z,864.53
2024-11-11T13:00:00Z,774.3
2024-11-11T14:00:00Z,620.8
2024-11-11T15:00:00Z,488.3
2024-11-11T16:00:00Z,261.35
2024-11-11T17:00:00Z,58.0
2024-11-11T18:00:00Z,0.0
2024-11-11T19:00:00Z,0.0
2024-11-11T20:00:00Z,0.0
2024-11-11T21:00:00Z,0.0
2024-11-11T22:00:00Z,0.0
2024-11-11T23:00:00Z,0.0
2024-11-12T00:00:00Z,0.0
2024-11-12T01:00:00Z,0.0
2024-11-12T02:00:00Z,0.0
2024-11-12T03:00:00Z,0.0
2024-11-12T04:00:00Z,0.0
2024-11-12T05:00:00Z,3.95
2024-11-12T06:00:00Z,148.98
2024-11-12T07:00:00Z,343.75
2024-11-12T08:00:00Z,544.1
2024-11-12T09:00:00Z,748.53
2024-11-12T10:00:00Z,879.2
2024-11-12T11:00:00Z,964.4
2024-11-12T12:00:00Z,939.9
2024-11-12T13:00:00Z,869.45
2024-11-12T14:00:00Z,611.42
2024-11-12T15:00:00Z,391.3
2024-11-12T16:00:00Z,192.05
2024-11-12T17:00:00Z,41.45
2024-11-12T18:00:00Z,0.0
2024-11-12T19:00:00Z,0.0
2024-11-12T20:00:00Z,0.0
2024-11-12T21:00:00Z,0.0
2024-11-12T22:00:00Z,0.0
2024-11-12T23:00:00Z,0.0
2024-11-13T00:00:00Z,0.0
2024-11-13T01:00:00Z,0.0
2024-11-13T02:00:00Z,0.0
2024-11-13T03:00:00Z,0.0
2024-11-13T04:00:00Z,0.0
2024-11-13T05:00:00Z,7.75
2024-11-13T06:00:00Z,149.2
2024-11-13T07:00:00Z,384.05
2024-11-13T08:00:00Z,607.58
2024-11-13T09:00:00Z,790.2
2024-11-13T10:00:00Z,894.25
2024-11-13T11:00:00Z,995.38
2024-11-13T12:00:00Z,996.55
2024-11-13T13:00:00Z,874.08
2024-11-13T14:00:00Z,725.4
2024-11-13T15:00:00Z,490.0
2024-11-13T16:00:00Z,273.83
2024-11-13T17:00:00Z,61.92
2024-11-13T18:00:00Z,0.0
2024-11-13T19:00:00Z,0.0
2024-11-13T20:00:00Z,0.0
2024-11-13T21:00:00Z,0.0
2024-11-13T22:00:00Z,0.0
2024-11-13T23:00:00Z,0.0
2024-11-14T00:00:00Z,0.0
2024-11-14T01:00:00Z,0.0
2024-11-14T02:00:00Z,0.0
2024-11-14T03:00:00Z,0.0
2024-11-14T04:00:00Z,0.0
2024-11-14T05:00:00Z,8.18
2024-11-14T06:00:00Z,171.0
2024-11-14T07:00:00Z,399.08
2024-11-14T08:00:00Z,623.5
2024-11-14T09:00:00Z,811.08
2024-11-14T10:00:00Z,976.5
2024-11-14T11:00:00Z,1042.18
2024-11-14T12:00:00Z,1025.47
2024-11-14T13:00:00Z,901.17
2024-11-14T14:00:00Z,753.92
2024-11-14T15:00:00Z,531.35
2024-11-14T16:00:00Z,276.38
2024-11-14T17:00:00Z,65.57
2024-11-14T18:00:00Z,0.0
2024-11-14T19:00:00Z,0.0
2024-11-14T20:00:00Z,0.0
2024-11-14T21:00:00Z,0.0
2024-11-14T22:00:00Z,0.0
2024-11-14T23:00:00Z,0.0
2024-11-15T00:00:00Z,0.0
2024-11-15T01:00:00Z,0.0
2024-11-15T02:00:00Z,0.0
2024-11-15T03:00:00Z,0.0
2024-11-15T04:00:00Z,0.0
2024-11-15T05:00:00Z,8.0
2024-11-15T06:00:00Z,136.38
2024-11-15T07:00:00Z,282.75
2024-11-15T08:00:00Z,409.83
2024-11-15T09:00:00Z,537.97
2024-11-15T10:00:00Z,669.35
2024-11-15T11:00:00Z,555.1
2024-11-15T12:00:00Z,488.67
2024-11-15T13:00:00Z,384.42
2024-11-15T14:00:00Z,265.4
2024-11-15T15:00:00Z,135.88
2024-11-15T16:00:00Z,67.72
2024-11-15T17:00:00Z,12.95
2024-11-15T18:00:00Z,0.0
2024-11-15T19:00:00Z,0.0
2024-11-15T20:00:00Z,0.0
2024-11-15T21:00:00Z,0.0
2024-11-15T22:00:00Z,0.0
2024-11-15T23:00:00Z,0.0
2024-11-16T00:00:00Z,0.0
2024-11-16T01:00:00Z,0.0
2024-11-16T02:00:00Z,0.0
2024-11-16T03:00:00Z,0.0
2024-11-16T04:00:00Z,0.0
2024-11-16T05:00:00Z,1.55
2024-11-16T06:00:00Z,16.73
2024-11-16T07:00:00Z,40.6
2024-11-16T08:00:00Z,36.4
2024-11-16T09:00:00Z,48.8
2024-11-16T10:00:00Z,51.83
2024-11-16T11:00:00Z,57.08
2024-11-16T12:00:00Z,74.03
2024-11-16T13:00:00Z,114.9
2024-11-16T14:00:00Z,103.62
2024-11-16T15:00:00Z,92.28
2024-11-16T16:00:00Z,87.43
2024-11-16T17:00:00Z,24.8
2024-11-16T18:00:00Z,0.0
2024-11-16T19:00:00Z,0.0
2024-11-16T20:00:00Z,0.0
2024-11-16T21:00:00Z,0.0
2024-11-16T22:00:00Z,0.0
2024-11-16T23:00:00Z,0.0
2024-11-17T00:00:00Z,0.0
2024-11-17T01:00:00Z,0.0
2024-11-17T02:00:00Z,0.0
2024-11-17T03:00:00Z,0.0
2024-11-17T04:00:00Z,0.0
2024-11-17T05:00:00Z,4.9
2024-11-17T06:00:00Z,143.23
2024-11-17T07:00:00Z,361.3
2024-11-17T08:00:00Z,568.35
2024-11-17T09:00:00Z,779.58
2024-11-17T10:00:00Z,926.15
2024-11-17T11:00:00Z,993.42
2024-11-17T12:00:00Z,925.7
2024-11-17T13:00:00Z,892.9
2024-11-17T14:00:00Z,623.58
2024-11-17T15:00:00Z,459.55
2024-11-17T16:00:00Z,251.82
2024-11-17T17:00:00Z,53.05
2024-11-17T18:00:00Z,0.0
2024-11-17T19:00:00Z,0.0
2024-11-17T20:00:00Z,0.0
2024-11-17T21:00:00Z,0.0
2024-11-17T22:00:00Z,0.0
2024-11-17T23:00:00Z,0.0
2024-11-18T00:00:00Z,0.0
2024-11-18T01:00:00Z,0.0
2024-11-18T02:00:00Z,0.0
2024-11-18T03:00:00Z,0.0
2024-11-18T04:00:00Z,0.0
2024-11-18T05:00:00Z,6.2
2024-11-18T06:00:00Z,136.05
2024-11-18T07:00:00Z,367.98
2024-11-18T08:00:00Z,591.22
2024-11-18T09:00:00Z,805.0
2024-11-18T10:00:00Z,934.1
2024-11-18T11:00:00Z,1005.72
2024-11-18T12:00:00Z,993.03
2024-11-18T13:00:00Z,881.58
2024-11-18T14:00:00Z,733.1
2024-11-18T15:00:00Z,515.4
2024-11-18T16:00:00Z,296.35
2024-11-18T17:00:00Z,68.0
2024-11-18T18:00:00Z,0.0
2024-11-18T19:00:00Z,0.0
2024-11-18T20:00:00Z,0.0
2024-11-18T21:00:00Z,0.0
2024-11-18T22:00:00Z,0.0
2024-11-18T23:00:00Z,0.0
2024-11-19T00:00:00Z,0.0
2024-11-19T01:00:00Z,0.0
2024-11-19T02:00:00Z,0.0
2024-11-19T03:00:00Z,0.0
2024-11-19T04:00:00Z,0.0
2024-11-19T05:00:00Z,7.95
2024-11-19T06:00:00Z,156.43
2024-11-19T07:00:00Z,374.8
2024-11-19T08:00:00Z,591.78
2024-11-19T09:00:00Z,775.8
2024-11-19T10:00:00Z,907.9
2024-11-19T11:00:00Z,969.1
2024-11-19T12:00:00Z,970.5
2024-11-19T13:00:00Z,864.97
2024-11-19T14:00:00Z,727.38
2024-11-19T15:00:00Z,509.6
2024-11-19T16:00:00Z,282.38
2024-11-19T17:00:00Z,67.62
2024-11-19T18:00:00Z,0.0
2024-11-19T19:00:00Z,0.0
2024-11-19T20:00:00Z,0.0
2024-11-19T21:00:00Z,0.0
2024-11-19T22:00:00Z,0.0
2024-11-19T23:00:00Z,0.0
2024-11-20T00:00:00Z,0.0
2024-11-20T01:00:00Z,0.0
2024-11-20T02:00:00Z,0.0
2024-11-20T03:00:00Z,0.0
2024-11-20T04:00:00Z,0.0
2024-11-20T05:00:00Z,3.6
2024-11-20T06:00:00Z,95.32
2024-11-20T07:00:00Z,246.12
2024-11-20T08:00:00Z,194.07
2024-11-20T09:00:00Z,297.0
2024-11-20T10:00:00Z,425.6
2024-11-20T11:00:00Z,684.03
2024-11-20T12:00:00Z,830.78
2024-11-20T13:00:00Z,725.97
2024-11-20T14:00:00Z,568.3
2024-11-20T15:00:00Z,383.58
2024-11-20T16:00:00Z,209.85
2024-11-20T17:00:00Z,47.6
2024-11-20T18:00:00Z,0.0
2024-11-20T19:00:00Z,0.0
2024-11-20T20:00:00Z,0.0
2024-11-20T21:00:00Z,0.0
2024-11-20T22:00:00Z,0.0
2024-11-20T23:00:00Z,0.0
2024-11-21T00:00:00Z,0.0
2024-11-21T01:00:00Z,0.0
2024-11-21T02:00:00Z,0.0
2024-11-21T03:00:00Z,0.0
2024-11-21T04:00:00Z,0.0
2024-11-21T05:00:00Z,7.62
2024-11-21T06:00:00Z,132.95
2024-11-21T07:00:00Z,339.02
2024-11-21T08:00:00Z,554.78
2024-11-21T09:00:00Z,727.42
2024-11-21T10:00:00Z,857.25
2024-11-21T11:00:00Z,940.6
2024-11-21T12:00:00Z,892.25
2024-11-21T13:00:00Z,855.08
2024-11-21T14:00:00Z,748.75
2024-11-21T15:00:00Z,534.08
2024-11-21T16:00:00Z,291.95
2024-11-21T17:00:00Z,73.6
2024-11-21T18:00:00Z,0.0
2024-11-21T19:00:00Z,0.0
2024-11-21T20:00:00Z,0.0
2024-11-21T21:00:00Z,0.0
2024-11-21T22:00:00Z,0.0
2024-11-21T23:00:00Z,0.0
2024-11-22T00:00:00Z,0.0
2024-11-22T01:00:00Z,0.0
2024-11-22T02:00:00Z,0.0
2024-11-22T03:00:00Z,0.0
2024-11-22T04:00:00Z,0.0
2024-11-22T05:00:00Z,7.22
2024-11-22T06:00:00Z,143.7
2024-11-22T07:00:00Z,367.48
2024-11-22T08:00:00Z,599.6
2024-11-22T09:00:00Z,801.65
2024-11-22T10:00:00Z,939.33
2024-11-22T11:00:00Z,827.7
2024-11-22T12:00:00Z,786.0
2024-11-22T13:00:00Z,856.97
2024-11-22T14:00:00Z,735.03
2024-11-22T15:00:00Z,501.05
2024-11-22T16:00:00Z,256.08
2024-11-22T17:00:00Z,59.97
2024-11-22T18:00:00Z,0.0
2024-11-22T19:00:00Z,0.0
2024-11-22T20:00:00Z,0.0
2024-11-22T21:00:00Z,0.0
2024-11-22T22:00:00Z,0.0
2024-11-22T23:00:00Z,0.0
2024-11-23T00:00:00Z,0.0
2024-11-23T01:00:00Z,0.0
2024-11-23T02:00:00Z,0.0
2024-11-23T03:00:00Z,0.0
2024-11-23T04:00:00Z,0.0
2024-11-23T05:00:00Z,7.65
2024-11-23T06:00:00Z,160.48
2024-11-23T07:00:00Z,395.7
2024-11-23T08:00:00Z,601.83
2024-11-23T09:00:00Z,805.78
2024-11-23T10:00:00Z,933.92
2024-11-23T11:00:00Z,996.5
2024-11-23T12:00:00Z,989.65
2024-11-23T13:00:00Z,858.0
2024-11-23T14:00:00Z,717.38
2024-11-23T15:00:00Z,499.45
2024-11-23T16:00:00Z,271.48
2024-11-23T17:00:00Z,62.67
2024-11-23T18:00:00Z,0.0
2024-11-23T19:00:00Z,0.0
2024-11-23T20:00:00Z,0.0
2024-11-23T21:00:00Z,0.0
2024-11-23T22:00:00Z,0.0
2024-11-23T23:00:00Z,0.0
2024-11-24T00:00:00Z,0.0
2024-11-24T01:00:00Z,0.0
2024-11-24T02:00:00Z,0.0
2024-11-24T03:00:00Z,0.0
2024-11-24T04:00:00Z,0.0
2024-11-24T05:00:00Z,5.8
2024-11-24T06:00:00Z,74.22
2024-11-24T07:00:00Z,205.4
2024-11-24T08:00:00Z,350.05
2024-11-24T09:00:00Z,488.3
2024-11-24T10:00:00Z,564.88
2024-11-24T11:00:00Z,604.53
2024-11-24T12:00:00Z,524.45
2024-11-24T13:00:00Z,357.85
2024-11-24T14:00:00Z,396.62
2024-11-24T15:00:00Z,299.12
2024-11-24T16:00:00Z,135.55
2024-11-24T17:00:00Z,29.65
2024-11-24T18:00:00Z,0.0
2024-11-24T19:00:00Z,0.0
2024-11-24T20:00:00Z,0.0
2024-11-24T21:00:00Z,0.0
2024-11-24T22:00:00Z,0.0
2024-11-24T23:00:00Z,0.0
2024-11-25T00:00:00Z,0.0
2024-11-25T01:00:00Z,0.0
2024-11-25T02:00:00Z,0.0
2024-11-25T03:00:00Z,0.0
2024-11-25T04:00:00Z,0.0
2024-11-25T05:00:00Z,5.78
2024-11-25T06:00:00Z,111.53
2024-11-25T07:00:00Z,300.83
2024-11-25T08:00:00Z,498.08
2024-11-25T09:00:00Z,675.5
2024-11-25T10:00:00Z,815.12
2024-11-25T11:00:00Z,853.83
2024-11-25T12:00:00Z,896.1
2024-11-25T13:00:00Z,810.83
2024-11-25T14:00:00Z,651.38
2024-11-25T15:00:00Z,439.3
2024-11-25T16:00:00Z,231.9
2024-11-25T17:00:00Z,55.22
2024-11-25T18:00:00Z,0.0
2024-11-25T19:00:00Z,0.0
2024-11-25T20:00:00Z,0.0
2024-11-25T21:00:00Z,0.0
2024-11-25T22:00:00Z,0.0
2024-11-25T23:00:00Z,0.0
2024-11-26T00:00:00Z,0.0
2024-11-26T01:00:00Z,0.0
2024-11-26T02:00:00Z,0.0
2024-11-26T03:00:00Z,0.0
2024-11-26T04:00:00Z,0.0
2024-11-26T05:00:00Z,6.65
2024-11-26T06:00:00Z,144.62
2024-11-26T07:00:00Z,363.85
2024-11-26T08:00:00Z,597.38
2024-11-26T09:00:00Z,618.25
2024-11-26T10:00:00Z,892.95
2024-11-26T11:00:00Z,968.72
2024-11-26T12:00:00Z,952.65
2024-11-26T13:00:00Z,882.97
2024-11-26T14:00:00Z,706.75
2024-11-26T15:00:00Z,449.08
2024-11-26T16:00:00Z,249.62
2024-11-26T17:00:00Z,60.78
2024-11-26T18:00:00Z,0.0
2024-11-26T19:00:00Z,0.0
2024-11-26T20:00:00Z,0.0
2024-11-26T21:00:00Z,0.0
2024-11-26T22:00:00Z,0.0
2024-11-26T23:00:00Z,0.0
2024-11-27T00:00:00Z,0.0
2024-11-27T01:00:00Z,0.0
2024-11-27T02:00:00Z,0.0
2024-11-27T03:00:00Z,0.0
2024-11-27T04:00:00Z,0.0
2024-11-27T05:00:00Z,6.22
2024-11-27T06:00:00Z,130.3
2024-11-27T07:00:00Z,332.73
2024-11-27T08:00:00Z,530.67
2024-11-27T09:00:00Z,691.88
2024-11-27T10:00:00Z,841.67
2024-11-27T11:00:00Z,854.88
2024-11-27T12:00:00Z,767.7
2024-11-27T13:00:00Z,738.12
2024-11-27T14:00:00Z,563.03
2024-11-27T15:00:00Z,352.15
2024-11-27T16:00:00Z,179.62
2024-11-27T17:00:00Z,34.55
2024-11-27T18:00:00Z,0.0
2024-11-27T19:00:00Z,0.0
2024-11-27T20:00:00Z,0.0
2024-11-27T21:00:00Z,0.0
2024-11-27T22:00:00Z,0.0
2024-11-27T23:00:00Z,0.0
2024-11-28T00:00:00Z,0.0
2024-11-28T01:00:00Z,0.0
2024-11-28T02:00:00Z,0.0
2024-11-28T03:00:00Z,0.0
2024-11-28T04:00:00Z,0.0
2024-11-28T05:00:00Z,4.88
2024-11-28T06:00:00Z,72.15
2024-11-28T07:00:00Z,194.12
2024-11-28T08:00:00Z,329.35
2024-11-28T09:00:00Z,491.8
2024-11-28T10:00:00Z,585.45
2024-11-28T11:00:00Z,496.45
2024-11-28T12:00:00Z,419.73
2024-11-28T13:00:00Z,445.27
2024-11-28T14:00:00Z,440.23
2024-11-28T15:00:00Z,329.2
2024-11-28T16:00:00Z,165.57
2024-11-28T17:00:00Z,38.38
2024-11-28T18:00:00Z,0.0
2024-11-28T19:00:00Z,0.0
2024-11-28T20:00:00Z,0.0
2024-11-28T21:00:00Z,0.0
2024-11-28T22:00:00Z,0.0
2024-11-28T23:00:00Z,0.0
2024-11-29T00:00:00Z,0.0
2024-11-29T01:00:00Z,0.0
2024-11-29T02:00:00Z,0.0
2024-11-29T03:00:00Z,0.0
2024-11-29T04:00:00Z,0.0
2024-11-29T05:00:00Z,6.22
2024-11-29T06:00:00Z,150.35
2024-11-29T07:00:00Z,381.73
2024-11-29T08:00:00Z,624.55
2024-11-29T09:00:00Z,816.05
2024-11-29T10:00:00Z,949.6
2024-11-29T11:00:00Z,1013.33
2024-11-29T12:00:00Z,1005.65
2024-11-29T13:00:00Z,909.2
2024-11-29T14:00:00Z,722.33
2024-11-29T15:00:00Z,536.62
2024-11-29T16:00:00Z,294.25
2024-11-29T17:00:00Z,80.8
2024-11-29T18:00:00Z,0.0
2024-11-29T19:00:00Z,0.0
2024-11-29T20:00:00Z,0.0
2024-11-29T21:00:00Z,0.0
2024-11-29T22:00:00Z,0.0
2024-11-29T23:00:00Z,0.0
2024-11-30T00:00:00Z,0.0
2024-11-30T01:00:00Z,0.0
2024-11-30T02:00:00Z,0.0
2024-11-30T03:00:00Z,0.0
2024-11-30T04:00:00Z,0.0
2024-11-30T05:00:00Z,5.57
2024-11-30T06:00:00Z,138.38
2024-11-30T07:00:00Z,341.38
2024-11-30T08:00:00Z,536.33
2024-11-30T09:00:00Z,736.9
2024-11-30T10:00:00Z,878.7
2024-11-30T11:00:00Z,952.53
2024-11-30T12:00:00Z,951.6
2024-11-30T13:00:00Z,884.08
2024-11-30T14:00:00Z,723.42
2024-11-30T15:00:00Z,484.15
2024-11-30T16:00:00Z,250.5
2024-11-30T17:00:00Z,63.17
2024-11-30T18:00:00Z,0.0
2024-11-30T19:00:00Z,0.0
2024-11-30T20:00:00Z,0.0
2024-11-30T21:00:00Z,0.0
2024-11-30T22:00:00Z,0.0
2024-11-30T23:00:00Z,0.0
2024-12-01T00:00:00Z,0.0
2024-12-01T01:00:00Z,0.0
2024-12-01T02:00:00Z,0.0
2024-12-01T03:00:00Z,0.0
2024-12-01T04:00:00Z,0.0
2024-12-01T05:00:00Z,4.25
2024-12-01T06:00:00Z,127.6
2024-12-01T07:00:00Z,339.25
2024-12-01T08:00:00Z,561.92
2024-12-01T09:00:00Z,773.67
2024-12-01T10:00:00Z,207.52
2024-12-01T11:00:00Z,259.62
2024-12-01T12:00:00Z,420.62
2024-12-01T13:00:00Z,331.6
2024-12-01T14:00:00Z,355.33
2024-12-01T15:00:00Z,198.4
2024-12-01T16:00:00Z,107.45
2024-12-01T17:00:00Z,26.45
2024-12-01T18:00:00Z,0.0
2024-12-01T19:00:00Z,0.0
2024-12-01T20:00:00Z,0.0
2024-12-01T21:00:00Z,0.0
2024-12-01T22:00:00Z,0.0
2024-12-01T23:00:00Z,0.0
2024-12-02T00:00:00Z,0.0
2024-12-02T01:00:00Z,0.0
2024-12-02T02:00:00Z,0.0
2024-12-02T03:00:00Z,0.0
2024-12-02T04:00:00Z,0.0
2024-12-02T05:00:00Z,6.0
2024-12-02T06:00:00Z,140.1
2024-12-02T07:00:00Z,379.75
2024-12-02T08:00:00Z,596.05
2024-12-02T09:00:00Z,786.4
2024-12-02T10:00:00Z,920.75
2024-12-02T11:00:00Z,972.55
2024-12-02T12:00:00Z,968.45
2024-12-02T13:00:00Z,883.28
2024-12-02T14:00:00Z,747.88
2024-12-02T15:00:00Z,548.7
2024-12-02T16:00:00Z,315.8
2024-12-02T17:00:00Z,87.45
2024-12-02T18:00:00Z,0.0
2024-12-02T19:00:00Z,0.0
2024-12-02T20:00:00Z,0.0
2024-12-02T21:00:00Z,0.0
2024-12-02T22:00:00Z,0.0
2024-12-02T23:00:00Z,0.0
2024-12-03T00:00:00Z,0.0
2024-12-03T01:00:00Z,0.0
2024-12-03T02:00:00Z,0.0
2024-12-03T03:00:00Z,0.0
2024-12-03T04:00:00Z,0.0
2024-12-03T05:00:00Z,5.07
2024-12-03T06:00:00Z,120.4
2024-12-03T07:00:00Z,317.27
2024-12-03T08:00:00Z,476.35
2024-12-03T09:00:00Z,573.97
2024-12-03T10:00:00Z,717.7
2024-12-03T11:00:00Z,675.45
2024-12-03T12:00:00Z,566.05
2024-12-03T13:00:00Z,672.65
2024-12-03T14:00:00Z,548.4
2024-12-03T15:00:00Z,480.65
2024-12-03T16:00:00Z,252.62
2024-12-03T17:00:00Z,64.3
2024-12-03T18:00:00Z,0.0
2024-12-03T19:00:00Z,0.0
2024-12-03T20:00:00Z,0.0
2024-12-03T21:00:00Z,0.0
2024-12-03T22:00:00Z,0.0
2024-12-03T23:00:00Z,0.0
2024-12-04T00:00:00Z,0.0
2024-12-04T01:00:00Z,0.0
2024-12-04T02:00:00Z,0.0
2024-12-04T03:00:00Z,0.0
2024-12-04T04:00:00Z,0.0
2024-12-04T05:00:00Z,0.68
2024-12-04T06:00:00Z,29.17
2024-12-04T07:00:00Z,84.03
2024-12-04T08:00:00Z,141.07
2024-12-04T09:00:00Z,243.38
2024-12-04T10:00:00Z,317.88
2024-12-04T11:00:00Z,349.62
2024-12-04T12:00:00Z,519.25
2024-12-04T13:00:00Z,457.62
2024-12-04T14:00:00Z,435.0
2024-12-04T15:00:00Z,234.48
2024-12-04T16:00:00Z,122.07
2024-12-04T17:00:00Z,21.83
2024-12-04T18:00:00Z,0.0
2024-12-04T19:00:00Z,0.0
2024-12-04T20:00:00Z,0.0
2024-12-04T21:00:00Z,0.0
2024-12-04T22:00:00Z,0.0
2024-12-04T23:00:00Z,0.0
2024-12-05T00:00:00Z,0.0
2024-12-05T01:00:00Z,0.0
2024-12-05T02:00:00Z,0.0
2024-12-05T03:00:00Z,0.0
2024-12-05T04:00:00Z,0.0
2024-12-05T05:00:00Z,3.88
2024-12-05T06:00:00Z,89.78
2024-12-05T07:00:00Z,286.17
2024-12-05T08:00:00Z,490.62
2024-12-05T09:00:00Z,655.35
2024-12-05T10:00:00Z,797.3
2024-12-05T11:00:00Z,851.5
2024-12-05T12:00:00Z,799.05
2024-12-05T13:00:00Z,693.72
2024-12-05T14:00:00Z,645.0
2024-12-05T15:00:00Z,474.33
2024-12-05T16:00:00Z,256.77
2024-12-05T17:00:00Z,63.78
2024-12-05T18:00:00Z,0.0
2024-12-05T19:00:00Z,0.0
2024-12-05T20:00:00Z,0.0
2024-12-05T21:00:00Z,0.0
2024-12-05T22:00:00Z,0.0
2024-12-05T23:00:00Z,0.0
2024-12-06T00:00:00Z,0.0
2024-12-06T01:00:00Z,0.0
2024-12-06T02:00:00Z,0.0
2024-12-06T03:00:00Z,0.0
2024-12-06T04:00:00Z,0.0
2024-12-06T05:00:00Z,4.6
2024-12-06T06:00:00Z,99.12
2024-12-06T07:00:00Z,277.35
2024-12-06T08:00:00Z,471.05
2024-12-06T09:00:00Z,653.47
2024-12-06T10:00:00Z,777.4
2024-12-06T11:00:00Z,847.03
2024-12-06T12:00:00Z,912.1
2024-12-06T13:00:00Z,800.97
2024-12-06T14:00:00Z,615.42
2024-12-06T15:00:00Z,440.95
2024-12-06T16:00:00Z,247.95
2024-12-06T17:00:00Z,76.88
2024-12-06T18:00:00Z,0.0
2024-12-06T19:00:00Z,0.0
2024-12-06T20:00:00Z,0.0
2024-12-06T21:00:00Z,0.0
2024-12-06T22:00:00Z,0.0
2024-12-06T23:00:00Z,0.0
2024-12-07T00:00:00Z,0.0
2024-12-07T01:00:00Z,0.0
2024-12-07T02:00:00Z,0.0
2024-12-07T03:00:00Z,0.0
2024-12-07T04:00:00Z,0.0
2024-12-07T05:00:00Z,4.5
2024-12-07T06:00:00Z,108.55
2024-12-07T07:00:00Z,319.8
2024-12-07T08:00:00Z,525.38
2024-12-07T09:00:00Z,705.62
2024-12-07T10:00:00Z,851.92
2024-12-07T11:00:00Z,960.9
2024-12-07T12:00:00Z,866.8
2024-12-07T13:00:00Z,750.72
2024-12-07T14:00:00Z,477.45
2024-12-07T15:00:00Z,262.35
2024-12-07T16:00:00Z,151.98
2024-12-07T17:00:00Z,48.92
2024-12-07T18:00:00Z,0.0
2024-12-07T19:00:00Z,0.0
2024-12-07T20:00:00Z,0.0
2024-12-07T21:00:00Z,0.0
2024-12-07T22:00:00Z,0.0
2024-12-07T23:00:00Z,0.0
2024-12-08T00:00:00Z,0.0
2024-12-08T01:00:00Z,0.0
2024-12-08T02:00:00Z,0.0
2024-12-08T03:00:00Z,0.0
2024-12-08T04:00:00Z,0.0
2024-12-08T05:00:00Z,4.47
2024-12-08T06:00:00Z,116.18
2024-12-08T07:00:00Z,310.92
2024-12-08T08:00:00Z,513.58
2024-12-08T09:00:00Z,696.3
2024-12-08T10:00:00Z,827.28
2024-12-08T11:00:00Z,928.22
2024-12-08T12:00:00Z,958.1
2024-12-08T13:00:00Z,750.08
2024-12-08T14:00:00Z,628.67
2024-12-08T15:00:00Z,384.55
2024-12-08T16:00:00Z,235.88
2024-12-08T17:00:00Z,68.35
2024-12-08T18:00:00Z,0.0
2024-12-08T19:00:00Z,0.0
2024-12-08T20:00:00Z,0.0
2024-12-08T21:00:00Z,0.0
2024-12-08T22:00:00Z,0.0
2024-12-08T23:00:00Z,0.0
2024-12-09T00:00:00Z,0.0
2024-12-09T01:00:00Z,0.0
2024-12-09T02:00:00Z,0.0
2024-12-09T03:00:00Z,0.0
2024-12-09T04:00:00Z,0.0
2024-12-09T05:00:00Z,0.47
2024-12-09T06:00:00Z,14.88
2024-12-09T07:00:00Z,45.58
2024-12-09T08:00:00Z,76.6
2024-12-09T09:00:00Z,116.95
2024-12-09T10:00:00Z,203.12
2024-12-09T11:00:00Z,245.65
2024-12-09T12:00:00Z,348.95
2024-12-09T13:00:00Z,376.73
2024-12-09T14:00:00Z,397.05
2024-12-09T15:00:00Z,345.85
2024-12-09T16:00:00Z,166.93
2024-12-09T17:00:00Z,43.6
2024-12-09T18:00:00Z,0.0
2024-12-09T19:00:00Z,0.0
2024-12-09T20:00:00Z,0.0
2024-12-09T21:00:00Z,0.0
2024-12-09T22:00:00Z,0.0
2024-12-09T23:00:00Z,0.0
2024-12-10T00:00:00Z,0.0
2024-12-10T01:00:00Z,0.0
2024-12-10T02:00:00Z,0.0
2024-12-10T03:00:00Z,0.0
2024-12-10T04:00:00Z,0.0
2024-12-10T05:00:00Z,3.92
2024-12-10T06:00:00Z,116.93
2024-12-10T07:00:00Z,318.17
2024-12-10T08:00:00Z,535.22
2024-12-10T09:00:00Z,719.92
2024-12-10T10:00:00Z,854.92
2024-12-10T11:00:00Z,929.1
2024-12-10T12:00:00Z,818.4
2024-12-10T13:00:00Z,717.6
2024-12-10T14:00:00Z,552.55
2024-12-10T15:00:00Z,407.85
2024-12-10T16:00:00Z,227.77
2024-12-10T17:00:00Z,66.82
2024-12-10T18:00:00Z,0.0
2024-12-10T19:00:00Z,0.0
2024-12-10T20:00:00Z,0.0
2024-12-10T21:00:00Z,0.0
2024-12-10T22:00:00Z,0.0
2024-12-10T23:00:00Z,0.0
2024-12-11T00:00:00Z,0.0
2024-12-11T01:00:00Z,0.0
2024-12-11T02:00:00Z,0.0
2024-12-11T03:00:00Z,0.0
2024-12-11T04:00:00Z,0.0
2024-12-11T05:00:00Z,4.5
2024-12-11T06:00:00Z,138.73
2024-12-11T07:00:00Z,380.77
2024-12-11T08:00:00Z,598.5
2024-12-11T09:00:00Z,788.72
2024-12-11T10:00:00Z,915.1
2024-12-11T11:00:00Z,966.7
2024-12-11T12:00:00Z,824.53
2024-12-11T13:00:00Z,869.38
2024-12-11T14:00:00Z,576.2
2024-12-11T15:00:00Z,433.8
2024-12-11T16:00:00Z,263.45
2024-12-11T17:00:00Z,81.12
2024-12-11T18:00:00Z,0.0
2024-12-11T19:00:00Z,0.0
2024-12-11T20:00:00Z,0.0
2024-12-11T21:00:00Z,0.0
2024-12-11T22:00:00Z,0.0
2024-12-11T23:00:00Z,0.0
2024-12-12T00:00:00Z,0.0
2024-12-12T01:00:00Z,0.0
2024-12-12T02:00:00Z,0.0
2024-12-12T03:00:00Z,0.0
2024-12-12T04:00:00Z,0.0
2024-12-12T05:00:00Z,3.22
2024-12-12T06:00:00Z,99.12
2024-12-12T07:00:00Z,284.25
2024-12-12T08:00:00Z,472.23
2024-12-12T09:00:00Z,642.65
2024-12-12T10:00:00Z,782.35
2024-12-12T11:00:00Z,871.2
2024-12-12T12:00:00Z,866.17
2024-12-12T13:00:00Z,713.7
2024-12-12T14:00:00Z,524.0
2024-12-12T15:00:00Z,343.23
2024-12-12T16:00:00Z,191.52
2024-12-12T17:00:00Z,56.65
2024-12-12T18:00:00Z,0.0
2024-12-12T19:00:00Z,0.0
2024-12-12T20:00:00Z,0.0
2024-12-12T21:00:00Z,0.0
2024-12-12T22:00:00Z,0.0
2024-12-12T23:00:00Z,0.0
2024-12-13T00:00:00Z,0.0
2024-12-13T01:00:00Z,0.0
2024-12-13T02:00:00Z,0.0
2024-12-13T03:00:00Z,0.0
2024-12-13T04:00:00Z,0.0
2024-12-13T05:00:00Z,3.35
2024-12-13T06:00:00Z,93.03
2024-12-13T07:00:00Z,267.8
2024-12-13T08:00:00Z,475.73
2024-12-13T09:00:00Z,648.03
2024-12-13T10:00:00Z,791.75
2024-12-13T11:00:00Z,908.45
2024-12-13T12:00:00Z,893.72
2024-12-13T13:00:00Z,809.4
2024-12-13T14:00:00Z,666.08
2024-12-13T15:00:00Z,400.75
2024-12-13T16:00:00Z,222.1
2024-12-13T17:00:00Z,76.03
2024-12-13T18:00:00Z,0.0
2024-12-13T19:00:00Z,0.0
2024-12-13T20:00:00Z,0.0
2024-12-13T21:00:00Z,0.0
2024-12-13T22:00:00Z,0.0
2024-12-13T23:00:00Z,0.0
2024-12-14T00:00:00Z,0.0
2024-12-14T01:00:00Z,0.0
2024-12-14T02:00:00Z,0.0
2024-12-14T03:00:00Z,0.0
2024-12-14T04:00:00Z,0.0
2024-12-14T05:00:00Z,3.78
2024-12-14T06:00:00Z,123.47
2024-12-14T07:00:00Z,342.12
2024-12-14T08:00:00Z,571.65
2024-12-14T09:00:00Z,760.1
2024-12-14T10:00:00Z,888.33
2024-12-14T11:00:00Z,967.65
2024-12-14T12:00:00Z,899.0
2024-12-14T13:00:00Z,732.7
2024-12-14T14:00:00Z,651.95
2024-12-14T15:00:00Z,409.67
2024-12-14T16:00:00Z,214.57
2024-12-14T17:00:00Z,72.28
2024-12-14T18:00:00Z,0.0
2024-12-14T19:00:00Z,0.0
2024-12-14T20:00:00Z,0.0
2024-12-14T21:00:00Z,0.0
2024-12-14T22:00:00Z,0.0
2024-12-14T23:00:00Z,0.0
2024-12-15T00:00:00Z,0.0
2024-12-15T01:00:00Z,0.0
2024-12-15T02:00:00Z,0.0
2024-12-15T03:00:00Z,0.0
2024-12-15T04:00:00Z,0.0
2024-12-15T05:00:00Z,2.83
2024-12-15T06:00:00Z,63.83
2024-12-15T07:00:00Z,191.88
2024-12-15T08:00:00Z,364.85
2024-12-15T09:00:00Z,511.55
2024-12-15T10:00:00Z,646.12
2024-12-15T11:00:00Z,618.7
2024-12-15T12:00:00Z,673.35
2024-12-15T13:00:00Z,693.08
2024-12-15T14:00:00Z,489.0
2024-12-15T15:00:00Z,360.23
2024-12-15T16:00:00Z,191.65
2024-12-15T17:00:00Z,52.08
2024-12-15T18:00:00Z,0.0
2024-12-15T19:00:00Z,0.0
2024-12-15T20:00:00Z,0.0
2024-12-15T21:00:00Z,0.0
2024-12-15T22:00:00Z,0.0
2024-12-15T23:00:00Z,0.0
2024-12-16T00:00:00Z,0.0
2024-12-16T01:00:00Z,0.0
2024-12-16T02:00:00Z,0.0
2024-12-16T03:00:00Z,0.0
2024-12-16T04:00:00Z,0.0
2024-12-16T05:00:00Z,0.0
2024-12-16T06:00:00Z,91.28
2024-12-16T07:00:00Z,260.1
2024-12-16T08:00:00Z,454.75
2024-12-16T09:00:00Z,636.67
2024-12-16T10:00:00Z,772.65
2024-12-16T11:00:00Z,833.15
2024-12-16T12:00:00Z,848.7
2024-12-16T13:00:00Z,821.88
2024-12-16T14:00:00Z,655.95
2024-12-16T15:00:00Z,452.38
2024-12-16T16:00:00Z,249.0
2024-12-16T17:00:00Z,82.55
2024-12-16T18:00:00Z,0.0
2024-12-16T19:00:00Z,0.0
2024-12-16T20:00:00Z,0.0
2024-12-16T21:00:00Z,0.0
2024-12-16T22:00:00Z,0.0
2024-12-16T23:00:00Z,0.0
2024-12-17T00:00:00Z,0.0
2024-12-17T01:00:00Z,0.0
2024-12-17T02:00:00Z,0.0
2024-12-17T03:00:00Z,0.0
2024-12-17T04:00:00Z,0.0
2024-12-17T05:00:00Z,0.0
2024-12-17T06:00:00Z,36.03
2024-12-17T07:00:00Z,152.23
2024-12-17T08:00:00Z,222.62
2024-12-17T09:00:00Z,337.65
2024-12-17T10:00:00Z,470.48
2024-12-17T11:00:00Z,486.45
2024-12-17T12:00:00Z,571.58
2024-12-17T13:00:00Z,558.7
2024-12-17T14:00:00Z,547.03
2024-12-17T15:00:00Z,382.7
2024-12-17T16:00:00Z,211.18
2024-12-17T17:00:00Z,67.22
2024-12-17T18:00:00Z,0.0
2024-12-17T19:00:00Z,0.0
2024-12-17T20:00:00Z,0.0
2024-12-17T21:00:00Z,0.0
2024-12-17T22:00:00Z,0.0
2024-12-17T23:00:00Z,0.0
2024-12-18T00:00:00Z,0.0
2024-12-18T01:00:00Z,0.0
2024-12-18T02:00:00Z,0.0
2024-12-18T03:00:00Z,0.0
2024-12-18T04:00:00Z,0.0
2024-12-18T05:00:00Z,0.0
2024-12-18T06:00:00Z,19.6
2024-12-18T07:00:00Z,51.88
2024-12-18T08:00:00Z,74.72
2024-12-18T09:00:00Z,120.65
2024-12-18T10:00:00Z,154.1
2024-12-18T11:00:00Z,133.25
2024-12-18T12:00:00Z,158.27
2024-12-18T13:00:00Z,157.62
2024-12-18T14:00:00Z,111.4
2024-12-18T15:00:00Z,117.0
2024-12-18T16:00:00Z,67.22
2024-12-18T17:00:00Z,24.12
2024-12-18T18:00:00Z,0.0
2024-12-18T19:00:00Z,0.0
2024-12-18T20:00:00Z,0.0
2024-12-18T21:00:00Z,0.0
2024-12-18T22:00:00Z,0.0
2024-12-18T23:00:00Z,0.0
2024-12-19T00:00:00Z,0.0
2024-12-19T01:00:00Z,0.0
2024-12-19T02:00:00Z,0.0
2024-12-19T03:00:00Z,0.0
2024-12-19T04:00:00Z,0.0
2024-12-19T05:00:00Z,0.0
2024-12-19T06:00:00Z,98.2
2024-12-19T07:00:00Z,300.17
2024-12-19T08:00:00Z,523.38
2024-12-19T09:00:00Z,699.65
2024-12-19T10:00:00Z,846.4
2024-12-19T11:00:00Z,943.58
2024-12-19T12:00:00Z,927.47
2024-12-19T13:00:00Z,810.65
2024-12-19T14:00:00Z,675.03
2024-12-19T15:00:00Z,497.25
2024-12-19T16:00:00Z,288.12
2024-12-19T17:00:00Z,95.28
2024-12-19T18:00:00Z,0.0
2024-12-19T19:00:00Z,0.0
2024-12-19T20:00:00Z,0.0
2024-12-19T21:00:00Z,0.0
2024-12-19T22:00:00Z,0.0
2024-12-19T23:00:00Z,0.0
2024-12-20T00:00:00Z,0.0
2024-12-20T01:00:00Z,0.0
2024-12-20T02:00:00Z,0.0
2024-12-20T03:00:00Z,0.0
2024-12-20T04:00:00Z,0.0
2024-12-20T05:00:00Z,0.0
2024-12-20T06:00:00Z,23.73
2024-12-20T07:00:00Z,76.22
2024-12-20T08:00:00Z,130.65
2024-12-20T09:00:00Z,259.98
2024-12-20T10:00:00Z,331.52
2024-12-20T11:00:00Z,523.67
2024-12-20T12:00:00Z,457.9
2024-12-20T13:00:00Z,387.15
2024-12-20T14:00:00Z,309.35
2024-12-20T15:00:00Z,124.1
2024-12-20T16:00:00Z,72.85
2024-12-20T17:00:00Z,28.1
2024-12-20T18:00:00Z,0.0
2024-12-20T19:00:00Z,0.0
2024-12-20T20:00:00Z,0.0
2024-12-20T21:00:00Z,0.0
2024-12-20T22:00:00Z,0.0
2024-12-20T23:00:00Z,0.0
2024-12-21T00:00:00Z,0.0
2024-12-21T01:00:00Z,0.0
2024-12-21T02:00:00Z,0.0
2024-12-21T03:00:00Z,0.0
2024-12-21T04:00:00Z,0.0
2024-12-21T05:00:00Z,0.0
2024-12-21T06:00:00Z,86.57
2024-12-21T07:00:00Z,267.1
2024-12-21T08:00:00Z,468.55
2024-12-21T09:00:00Z,683.0
2024-12-21T10:00:00Z,799.0
2024-12-21T11:00:00Z,845.05
2024-12-21T12:00:00Z,690.58
2024-12-21T13:00:00Z,633.7
2024-12-21T14:00:00Z,501.45
2024-12-21T15:00:00Z,327.75
2024-12-21T16:00:00Z,178.98
2024-12-21T17:00:00Z,62.97
2024-12-21T18:00:00Z,0.0
2024-12-21T19:00:00Z,0.0
2024-12-21T20:00:00Z,0.0
2024-12-21T21:00:00Z,0.0
2024-12-21T22:00:00Z,0.0
2024-12-21T23:00:00Z,0.0
2024-12-22T00:00:00Z,0.0
2024-12-22T01:00:00Z,0.0
2024-12-22T02:00:00Z,0.0
2024-12-22T03:00:00Z,0.0
2024-12-22T04:00:00Z,0.0
2024-12-22T05:00:00Z,0.0
2024-12-22T06:00:00Z,99.7
2024-12-22T07:00:00Z,282.65
2024-12-22T08:00:00Z,502.17
2024-12-22T09:00:00Z,681.1
2024-12-22T10:00:00Z,811.53
2024-12-22T11:00:00Z,874.25
2024-12-22T12:00:00Z,916.28
2024-12-22T13:00:00Z,830.8
2024-12-22T14:00:00Z,682.38
2024-12-22T15:00:00Z,511.42
2024-12-22T16:00:00Z,310.7
2024-12-22T17:00:00Z,105.62
2024-12-22T18:00:00Z,0.0
2024-12-22T19:00:00Z,0.0
2024-12-22T20:00:00Z,0.0
2024-12-22T21:00:00Z,0.0
2024-12-22T22:00:00Z,0.0
2024-12-22T23:00:00Z,0.0
2024-12-23T00:00:00Z,0.0
2024-12-23T01:00:00Z,0.0
2024-12-23T02:00:00Z,0.0
2024-12-23T03:00:00Z,0.0
2024-12-23T04:00:00Z,0.0
2024-12-23T05:00:00Z,0.0
2024-12-23T06:00:00Z,101.43
2024-12-23T07:00:00Z,313.33
2024-12-23T08:00:00Z,534.72
2024-12-23T09:00:00Z,712.1
2024-12-23T10:00:00Z,847.58
2024-12-23T11:00:00Z,917.05
2024-12-23T12:00:00Z,930.75
2024-12-23T13:00:00Z,818.92
2024-12-23T14:00:00Z,752.53
2024-12-23T15:00:00Z,554.58
2024-12-23T16:00:00Z,333.17
2024-12-23T17:00:00Z,125.2
2024-12-23T18:00:00Z,0.0
2024-12-23T19:00:00Z,0.0
2024-12-23T20:00:00Z,0.0
2024-12-23T21:00:00Z,0.0
2024-12-23T22:00:00Z,0.0
2024-12-23T23:00:00Z,0.0
2024-12-24T00:00:00Z,0.0
2024-12-24T01:00:00Z,0.0
2024-12-24T02:00:00Z,0.0
2024-12-24T03:00:00Z,0.0
2024-12-24T04:00:00Z,0.0
2024-12-24T05:00:00Z,0.0
2024-12-24T06:00:00Z,94.8
2024-12-24T07:00:00Z,270.8
2024-12-24T08:00:00Z,483.4
2024-12-24T09:00:00Z,640.67
2024-12-24T10:00:00Z,822.6
2024-12-24T11:00:00Z,893.3
2024-12-24T12:00:00Z,933.9
2024-12-24T13:00:00Z,896.5
2024-12-24T14:00:00Z,749.22
2024-12-24T15:00:00Z,580.22
2024-12-24T16:00:00Z,334.77
2024-12-24T17:00:00Z,129.68
2024-12-24T18:00:00Z,0.0
2024-12-24T19:00:00Z,0.0
2024-12-24T20:00:00Z,0.0
2024-12-24T21:00:00Z,0.0
2024-12-24T22:00:00Z,0.0
2024-12-24T23:00:00Z,0.0
2024-12-25T00:00:00Z,0.0
2024-12-25T01:00:00Z,0.0
2024-12-25T02:00:00Z,0.0
2024-12-25T03:00:00Z,0.0
2024-12-25T04:00:00Z,0.0
2024-12-25T05:00:00Z,0.0
2024-12-25T06:00:00Z,111.45
2024-12-25T07:00:00Z,328.7
2024-12-25T08:00:00Z,560.38
2024-12-25T09:00:00Z,736.8
2024-12-25T10:00:00Z,889.75
2024-12-25T11:00:00Z,993.53
2024-12-25T12:00:00Z,989.55
2024-12-25T13:00:00Z,886.42
2024-12-25T14:00:00Z,747.7
2024-12-25T15:00:00Z,530.0
2024-12-25T16:00:00Z,307.92
2024-12-25T17:00:00Z,106.4
2024-12-25T18:00:00Z,0.0
2024-12-25T19:00:00Z,0.0
2024-12-25T20:00:00Z,0.0
2024-12-25T21:00:00Z,0.0
2024-12-25T22:00:00Z,0.0
2024-12-25T23:00:00Z,0.0
2024-12-26T00:00:00Z,0.0
2024-12-26T01:00:00Z,0.0
2024-12-26T02:00:00Z,0.0
2024-12-26T03:00:00Z,0.0
2024-12-26T04:00:00Z,0.0
2024-12-26T05:00:00Z,0.0
2024-12-26T06:00:00Z,113.45
2024-12-26T07:00:00Z,343.6
2024-12-26T08:00:00Z,571.67
2024-12-26T09:00:00Z,749.67
2024-12-26T10:00:00Z,911.97
2024-12-26T11:00:00Z,997.85
2024-12-26T12:00:00Z,1011.58
2024-12-26T13:00:00Z,934.9
2024-12-26T14:00:00Z,785.58
2024-12-26T15:00:00Z,551.17
2024-12-26T16:00:00Z,304.62
2024-12-26T17:00:00Z,105.85
2024-12-26T18:00:00Z,2.85
2024-12-26T19:00:00Z,0.0
2024-12-26T20:00:00Z,0.0
2024-12-26T21:00:00Z,0.0
2024-12-26T22:00:00Z,0.0
2024-12-26T23:00:00Z,0.0
2024-12-27T00:00:00Z,0.0
2024-12-27T01:00:00Z,0.0
2024-12-27T02:00:00Z,0.0
2024-12-27T03:00:00Z,0.0
2024-12-27T04:00:00Z,0.0
2024-12-27T05:00:00Z,0.0
2024-12-27T06:00:00Z,109.47
2024-12-27T07:00:00Z,335.25
2024-12-27T08:00:00Z,563.6
2024-12-27T09:00:00Z,724.95
2024-12-27T10:00:00Z,882.92
2024-12-27T11:00:00Z,866.45
2024-12-27T12:00:00Z,871.62
2024-12-27T13:00:00Z,871.47
2024-12-27T14:00:00Z,736.28
2024-12-27T15:00:00Z,563.08
2024-12-27T16:00:00Z,342.88
2024-12-27T17:00:00Z,118.0
2024-12-27T18:00:00Z,3.58
2024-12-27T19:00:00Z,0.0
2024-12-27T20:00:00Z,0.0
2024-12-27T21:00:00Z,0.0
2024-12-27T22:00:00Z,0.0
2024-12-27T23:00:00Z,0.0
2024-12-28T00:00:00Z,0.0
2024-12-28T01:00:00Z,0.0
2024-12-28T02:00:00Z,0.0
2024-12-28T03:00:00Z,0.0
2024-12-28T04:00:00Z,0.0
2024-12-28T05:00:00Z,0.0
2024-12-28T06:00:00Z,83.72
2024-12-28T07:00:00Z,282.83
2024-12-28T08:00:00Z,502.35
2024-12-28T09:00:00Z,658.47
2024-12-28T10:00:00Z,787.08
2024-12-28T11:00:00Z,846.17
2024-12-28T12:00:00Z,931.75
2024-12-28T13:00:00Z,829.85
2024-12-28T14:00:00Z,687.4
2024-12-28T15:00:00Z,519.6
2024-12-28T16:00:00Z,307.08
2024-12-28T17:00:00Z,98.57
2024-12-28T18:00:00Z,3.38
2024-12-28T19:00:00Z,0.0
2024-12-28T20:00:00Z,0.0
2024-12-28T21:00:00Z,0.0
2024-12-28T22:00:00Z,0.0
2024-12-28T23:00:00Z,0.0
2024-12-29T00:00:00Z,0.0
2024-12-29T01:00:00Z,0.0
2024-12-29T02:00:00Z,0.0
2024-12-29T03:00:00Z,0.0
2024-12-29T04:00:00Z,0.0
2024-12-29T05:00:00Z,0.0
2024-12-29T06:00:00Z,101.93
2024-12-29T07:00:00Z,322.52
2024-12-29T08:00:00Z,526.85
2024-12-29T09:00:00Z,719.88
2024-12-29T10:00:00Z,892.95
2024-12-29T11:00:00Z,957.8
2024-12-29T12:00:00Z,969.5
2024-12-29T13:00:00Z,914.83
2024-12-29T14:00:00Z,737.62
2024-12-29T15:00:00Z,594.05
2024-12-29T16:00:00Z,362.62
2024-12-29T17:00:00Z,126.8
2024-12-29T18:00:00Z,4.15
2024-12-29T19:00:00Z,0.0
2024-12-29T20:00:00Z,0.0
2024-12-29T21:00:00Z,0.0
2024-12-29T22:00:00Z,0.0
2024-12-29T23:00:00Z,0.0
2024-12-30T00:00:00Z,0.0
2024-12-30T01:00:00Z,0.0
2024-12-30T02:00:00Z,0.0
2024-12-30T03:00:00Z,0.0
2024-12-30T04:00:00Z,0.0
2024-12-30T05:00:00Z,0.0
2024-12-30T06:00:00Z,103.07
2024-12-30T07:00:00Z,333.85
2024-12-30T08:00:00Z,565.25
2024-12-30T09:00:00Z,761.1
2024-12-30T10:00:00Z,901.67
2024-12-30T11:00:00Z,985.33
2024-12-30T12:00:00Z,989.0
2024-12-30T13:00:00Z,912.08
2024-12-30T14:00:00Z,783.65
2024-12-30T15:00:00Z,592.05
2024-12-30T16:00:00Z,369.92
2024-12-30T17:00:00Z,135.48
2024-12-30T18:00:00Z,4.45
2024-12-30T19:00:00Z,0.0
2024-12-30T20:00:00Z,0.0
2024-12-30T21:00:00Z,0.0
2024-12-30T22:00:00Z,0.0
2024-12-30T23:00:00Z,0.0
2024-12-31T00:00:00Z,0.0
2024-12-31T01:00:00Z,0.0
2024-12-31T02:00:00Z,0.0
2024-12-31T03:00:00Z,0.0
2024-12-31T04:00:00Z,0.0
2024-12-31T05:00:00Z,0.0
2024-12-31T06:00:00Z,105.4
2024-12-31T07:00:00Z,340.25
2024-12-31T08:00:00Z,573.28
2024-12-31T09:00:00Z,769.45
2024-12-31T10:00:00Z,912.65
2024-12-31T11:00:00Z,984.28
2024-12-31T12:00:00Z,990.28
2024-12-31T13:00:00Z,914.4
2024-12-31T14:00:00Z,795.28
2024-12-31T15:00:00Z,604.1
2024-12-31T16:00:00Z,378.1
2024-12-31T17:00:00Z,143.1
2024-12-31T18:00:00Z,4.88
2024-12-31T19:00:00Z,0.0
2024-12-31T20:00:00Z,0.0
2024-12-31T21:00:00Z,0.0
2024-12-31T22:00:00Z,0.0
2024-12-31T23:00:00Z,0.0
