timestamp,ghi_wm2
2023-01-01T00:00:00Z,0.0
2023-01-01T01:00:00Z,0.0
2023-01-01T02:00:00Z,0.0
2023-01-01T03:00:00Z,0.0
2023-01-01T04:00:00Z,0.0
2023-01-01T05:00:00Z,28.48
2023-01-01T06:00:00Z,173.38
2023-01-01T07:00:00Z,384.1
2023-01-01T08:00:00Z,571.92
2023-01-01T09:00:00Z,680.22
2023-01-01T10:00:00Z,772.08
2023-01-01T11:00:00Z,647.88
2023-01-01T12:00:00Z,534.6
2023-01-01T13:00:00Z,415.25
2023-01-01T14:00:00Z,361.42
2023-01-01T15:00:00Z,222.75
2023-01-01T16:00:00Z,161.9
2023-01-01T17:00:00Z,71.7
2023-01-01T18:00:00Z,3.47
2023-01-01T19:00:00Z,0.0
2023-01-01T20:00:00Z,0.0
2023-01-01T21:00:00Z,0.0
2023-01-01T22:00:00Z,0.0
2023-01-01T23:00:00Z,0.0
2023-01-02T00:00:00Z,0.0
2023-01-02T01:00:00Z,0.0
2023-01-02T02:00:00Z,0.0
2023-01-02T03:00:00Z,0.0
2023-01-02T04:00:00Z,0.0
2023-01-02T05:00:00Z,21.02
2023-01-02T06:00:00Z,117.53
2023-01-02T07:00:00Z,242.1
2023-01-02T08:00:00Z,421.25
2023-01-02T09:00:00Z,615.95
2023-01-02T10:00:00Z,693.25
2023-01-02T11:00:00Z,752.25
2023-01-02T12:00:00Z,772.15
2023-01-02T13:00:00Z,704.08
2023-01-02T14:00:00Z,549.97
2023-01-02T15:00:00Z,405.02
2023-01-02T16:00:00Z,245.95
2023-01-02T17:00:00Z,106.6
2023-01-02T18:00:00Z,4.07
2023-01-02T19:00:00Z,0.0
2023-01-02T20:00:00Z,0.0
2023-01-02T21:00:00Z,0.0
2023-01-02T22:00:00Z,0.0
2023-01-02T23:00:00Z,0.0
2023-01-03T00:00:00Z,0.0
2023-01-03T01:00:00Z,0.0
2023-01-03T02:00:00Z,0.0
2023-01-03T03:00:00Z,0.0
2023-01-03T04:00:00Z,0.0
2023-01-03T05:00:00Z,20.15
2023-01-03T06:00:00Z,126.53
2023-01-03T07:00:00Z,247.05
2023-01-03T08:00:00Z,347.8
2023-01-03T09:00:00Z,390.15
2023-01-03T10:00:00Z,392.0
2023-01-03T11:00:00Z,350.6
2023-01-03T12:00:00Z,333.65
2023-01-03T13:00:00Z,249.57
2023-01-03T14:00:00Z,211.9
2023-01-03T15:00:00Z,146.18
2023-01-03T16:00:00Z,89.05
2023-01-03T17:00:00Z,38.05
2023-01-03T18:00:00Z,2.5
2023-01-03T19:00:00Z,0.0
2023-01-03T20:00:00Z,0.0
2023-01-03T21:00:00Z,0.0
2023-01-03T22:00:00Z,0.0
2023-01-03T23:00:00Z,0.0
2023-01-04T00:00:00Z,0.0
2023-01-04T01:00:00Z,0.0
2023-01-04T02:00:00Z,0.0
2023-01-04T03:00:00Z,0.0
2023-01-04T04:00:00Z,0.0
2023-01-04T05:00:00Z,12.4
2023-01-04T06:00:00Z,81.12
2023-01-04T07:00:00Z,185.5
2023-01-04T08:00:00Z,360.45
2023-01-04T09:00:00Z,543.72
2023-01-04T10:00:00Z,697.45
2023-01-04T11:00:00Z,697.38
2023-01-04T12:00:00Z,588.2
2023-01-04T13:00:00Z,399.75
2023-01-04T14:00:00Z,272.75
2023-01-04T15:00:00Z,218.68
2023-01-04T16:00:00Z,132.12
2023-01-04T17:00:00Z,62.08
2023-01-04T18:00:00Z,3.55
2023-01-04T19:00:00Z,0.0
2023-01-04T20:00:00Z,0.0
2023-01-04T21:00:00Z,0.0
2023-01-04T22:00:00Z,0.0
2023-01-04T23:00:00Z,0.0
2023-01-05T00:00:00Z,0.0
2023-01-05T01:00:00Z,0.0
2023-01-05T02:00:00Z,0.0
2023-01-05T03:00:00Z,0.0
2023-01-05T04:00:00Z,0.0
2023-01-05T05:00:00Z,13.25
2023-01-05T06:00:00Z,103.82
2023-01-05T07:00:00Z,153.12
2023-01-05T08:00:00Z,352.27
2023-01-05T09:00:00Z,566.95
2023-01-05T10:00:00Z,698.88
2023-01-05T11:00:00Z,817.22
2023-01-05T12:00:00Z,841.28
2023-01-05T13:00:00Z,807.83
2023-01-05T14:00:00Z,641.05
2023-01-05T15:00:00Z,442.02
2023-01-05T16:00:00Z,263.4
2023-01-05T17:00:00Z,111.75
2023-01-05T18:00:00Z,5.28
2023-01-05T19:00:00Z,0.0
2023-01-05T20:00:00Z,0.0
2023-01-05T21:00:00Z,0.0
2023-01-05T22:00:00Z,0.0
2023-01-05T23:00:00Z,0.0
2023-01-06T00:00:00Z,0.0
2023-01-06T01:00:00Z,0.0
2023-01-06T02:00:00Z,0.0
2023-01-06T03:00:00Z,0.0
2023-01-06T04:00:00Z,0.0
2023-01-06T05:00:00Z,36.4
2023-01-06T06:00:00Z,203.0
2023-01-06T07:00:00Z,425.3
2023-01-06T08:00:00Z,616.1
2023-01-06T09:00:00Z,725.17
2023-01-06T10:00:00Z,795.3
2023-01-06T11:00:00Z,921.6
2023-01-06T12:00:00Z,928.35
2023-01-06T13:00:00Z,892.1
2023-01-06T14:00:00Z,735.3
2023-01-06T15:00:00Z,544.4
2023-01-06T16:00:00Z,319.77
2023-01-06T17:00:00Z,124.43
2023-01-06T18:00:00Z,7.1
2023-01-06T19:00:00Z,0.0
2023-01-06T20:00:00Z,0.0
2023-01-06T21:00:00Z,0.0
2023-01-06T22:00:00Z,0.0
2023-01-06T23:00:00Z,0.0
2023-01-07T00:00:00Z,0.0
2023-01-07T01:00:00Z,0.0
2023-01-07T02:00:00Z,0.0
2023-01-07T03:00:00Z,0.0
2023-01-07T04:00:00Z,0.0
2023-01-07T05:00:00Z,28.05
2023-01-07T06:00:00Z,173.38
2023-01-07T07:00:00Z,380.27
2023-01-07T08:00:00Z,581.3
2023-01-07T09:00:00Z,820.42
2023-01-07T10:00:00Z,938.35
2023-01-07T11:00:00Z,952.65
2023-01-07T12:00:00Z,928.67
2023-01-07T13:00:00Z,662.42
2023-01-07T14:00:00Z,686.78
2023-01-07T15:00:00Z,505.0
2023-01-07T16:00:00Z,294.83
2023-01-07T17:00:00Z,119.8
2023-01-07T18:00:00Z,6.53
2023-01-07T19:00:00Z,0.0
2023-01-07T20:00:00Z,0.0
2023-01-07T21:00:00Z,0.0
2023-01-07T22:00:00Z,0.0
2023-01-07T23:00:00Z,0.0
2023-01-08T00:00:00Z,0.0
2023-01-08T01:00:00Z,0.0
2023-01-08T02:00:00Z,0.0
2023-01-08T03:00:00Z,0.0
2023-01-08T04:00:00Z,0.0
2023-01-08T05:00:00Z,30.5
2023-01-08T06:00:00Z,207.32
2023-01-08T07:00:00Z,419.45
2023-01-08T08:00:00Z,567.9
2023-01-08T09:00:00Z,734.62
2023-01-08T10:00:00Z,915.97
2023-01-08T11:00:00Z,973.9
2023-01-08T12:00:00Z,964.9
2023-01-08T13:00:00Z,862.78
2023-01-08T14:00:00Z,728.83
2023-01-08T15:00:00Z,542.55
2023-01-08T16:00:00Z,329.27
2023-01-08T17:00:00Z,130.48
2023-01-08T18:00:00Z,5.85
2023-01-08T19:00:00Z,0.0
2023-01-08T20:00:00Z,0.0
2023-01-08T21:00:00Z,0.0
2023-01-08T22:00:00Z,0.0
2023-01-08T23:00:00Z,0.0
2023-01-09T00:00:00Z,0.0
2023-01-09T01:00:00Z,0.0
2023-01-09T02:00:00Z,0.0
2023-01-09T03:00:00Z,0.0
2023-01-09T04:00:00Z,0.0
2023-01-09T05:00:00Z,22.1
2023-01-09T06:00:00Z,148.57
2023-01-09T07:00:00Z,345.4
2023-01-09T08:00:00Z,564.22
2023-01-09T09:00:00Z,752.72
2023-01-09T10:00:00Z,882.17
2023-01-09T11:00:00Z,883.78
2023-01-09T12:00:00Z,911.42
2023-01-09T13:00:00Z,820.08
2023-01-09T14:00:00Z,741.92
2023-01-09T15:00:00Z,528.05
2023-01-09T16:00:00Z,324.92
2023-01-09T17:00:00Z,123.55
2023-01-09T18:00:00Z,7.07
2023-01-09T19:00:00Z,0.0
2023-01-09T20:00:00Z,0.0
2023-01-09T21:00:00Z,0.0
2023-01-09T22:00:00Z,0.0
2023-01-09T23:00:00Z,0.0
2023-01-10T00:00:00Z,0.0
2023-01-10T01:00:00Z,0.0
2023-01-10T02:00:00Z,0.0
2023-01-10T03:00:00Z,0.0
2023-01-10T04:00:00Z,0.0
2023-01-10T05:00:00Z,28.0
2023-01-10T06:00:00Z,200.68
2023-01-10T07:00:00Z,418.65
2023-01-10T08:00:00Z,628.5
2023-01-10T09:00:00Z,810.85
2023-01-10T10:00:00Z,932.0
2023-01-10T11:00:00Z,964.7
2023-01-10T12:00:00Z,907.28
2023-01-10T13:00:00Z,878.92
2023-01-10T14:00:00Z,657.15
2023-01-10T15:00:00Z,489.65
2023-01-10T16:00:00Z,298.58
2023-01-10T17:00:00Z,120.75
2023-01-10T18:00:00Z,6.5
2023-01-10T19:00:00Z,0.0
2023-01-10T20:00:00Z,0.0
2023-01-10T21:00:00Z,0.0
2023-01-10T22:00:00Z,0.0
2023-01-10T23:00:00Z,0.0
2023-01-11T00:00:00Z,0.0
2023-01-11T01:00:00Z,0.0
2023-01-11T02:00:00Z,0.0
2023-01-11T03:00:00Z,0.0
2023-01-11T04:00:00Z,0.0
2023-01-11T05:00:00Z,25.02
2023-01-11T06:00:00Z,177.35
2023-01-11T07:00:00Z,390.62
2023-01-11T08:00:00Z,582.12
2023-01-11T09:00:00Z,767.5
2023-01-11T10:00:00Z,841.55
2023-01-11T11:00:00Z,849.67
2023-01-11T12:00:00Z,780.42
2023-01-11T13:00:00Z,656.85
2023-01-11T14:00:00Z,568.35
2023-01-11T15:00:00Z,423.05
2023-01-11T16:00:00Z,260.02
2023-01-11T17:00:00Z,111.25
2023-01-11T18:00:00Z,7.18
2023-01-11T19:00:00Z,0.0
2023-01-11T20:00:00Z,0.0
2023-01-11T21:00:00Z,0.0
2023-01-11T22:00:00Z,0.0
2023-01-11T23:00:00Z,0.0
2023-01-12T00:00:00Z,0.0
2023-01-12T01:00:00Z,0.0
2023-01-12T02:00:00Z,0.0
2023-01-12T03:00:00Z,0.0
2023-01-12T04:00:00Z,0.0
2023-01-12T05:00:00Z,27.4
2023-01-12T06:00:00Z,190.57
2023-01-12T07:00:00Z,409.02
2023-01-12T08:00:00Z,618.5
2023-01-12T09:00:00Z,793.55
2023-01-12T10:00:00Z,900.83
2023-01-12T11:00:00Z,936.28
2023-01-12T12:00:00Z,886.97
2023-01-12T13:00:00Z,830.8
2023-01-12T14:00:00Z,655.25
2023-01-12T15:00:00Z,502.4
2023-01-12T16:00:00Z,302.33
2023-01-12T17:00:00Z,115.07
2023-01-12T18:00:00Z,7.28
2023-01-12T19:00:00Z,0.0
2023-01-12T20:00:00Z,0.0
2023-01-12T21:00:00Z,0.0
2023-01-12T22:00:00Z,0.0
2023-01-12T23:00:00Z,0.0
2023-01-13T00:00:00Z,0.0
2023-01-13T01:00:00Z,0.0
2023-01-13T02:00:00Z,0.0
2023-01-13T03:00:00Z,0.0
2023-01-13T04:00:00Z,0.0
2023-01-13T05:00:00Z,28.58
2023-01-13T06:00:00Z,216.15
2023-01-13T07:00:00Z,449.17
2023-01-13T08:00:00Z,666.08
2023-01-13T09:00:00Z,828.7
2023-01-13T10:00:00Z,918.92
2023-01-13T11:00:00Z,984.83
2023-01-13T12:00:00Z,960.47
2023-01-13T13:00:00Z,876.12
2023-01-13T14:00:00Z,732.53
2023-01-13T15:00:00Z,467.4
2023-01-13T16:00:00Z,351.92
2023-01-13T17:00:00Z,146.02
2023-01-13T18:00:00Z,8.23
2023-01-13T19:00:00Z,0.0
2023-01-13T20:00:00Z,0.0
2023-01-13T21:00:00Z,0.0
2023-01-13T22:00:00Z,0.0
2023-01-13T23:00:00Z,0.0
2023-01-14T00:00:00Z,0.0
2023-01-14T01:00:00Z,0.0
2023-01-14T02:00:00Z,0.0
2023-01-14T03:00:00Z,0.0
2023-01-14T04:00:00Z,0.0
2023-01-14T05:00:00Z,30.1
2023-01-14T06:00:00Z,217.43
2023-01-14T07:00:00Z,438.73
2023-01-14T08:00:00Z,639.62
2023-01-14T09:00:00Z,789.9
2023-01-14T10:00:00Z,914.05
2023-01-14T11:00:00Z,901.22
2023-01-14T12:00:00Z,899.85
2023-01-14T13:00:00Z,819.88
2023-01-14T14:00:00Z,684.03
2023-01-14T15:00:00Z,494.5
2023-01-14T16:00:00Z,296.25
2023-01-14T17:00:00Z,119.28
2023-01-14T18:00:00Z,7.5
2023-01-14T19:00:00Z,0.0
2023-01-14T20:00:00Z,0.0
2023-01-14T21:00:00Z,0.0
2023-01-14T22:00:00Z,0.0
2023-01-14T23:00:00Z,0.0
2023-01-15T00:00:00Z,0.0
2023-01-15T01:00:00Z,0.0
2023-01-15T02:00:00Z,0.0
2023-01-15T03:00:00Z,0.0
2023-01-15T04:00:00Z,0.0
2023-01-15T05:00:00Z,14.2
2023-01-15T06:00:00Z,113.3
2023-01-15T07:00:00Z,262.1
2023-01-15T08:00:00Z,398.52
2023-01-15T09:00:00Z,510.4
2023-01-15T10:00:00Z,538.4
2023-01-15T11:00:00Z,788.28
2023-01-15T12:00:00Z,899.53
2023-01-15T13:00:00Z,826.17
2023-01-15T14:00:00Z,650.95
2023-01-15T15:00:00Z,483.65
2023-01-15T16:00:00Z,313.95
2023-01-15T17:00:00Z,132.88
2023-01-15T18:00:00Z,5.97
2023-01-15T19:00:00Z,0.0
2023-01-15T20:00:00Z,0.0
2023-01-15T21:00:00Z,0.0
2023-01-15T22:00:00Z,0.0
2023-01-15T23:00:00Z,0.0
2023-01-16T00:00:00Z,0.0
2023-01-16T01:00:00Z,0.0
2023-01-16T02:00:00Z,0.0
2023-01-16T03:00:00Z,0.0
2023-01-16T04:00:00Z,0.0
2023-01-16T05:00:00Z,22.33
2023-01-16T06:00:00Z,178.15
2023-01-16T07:00:00Z,377.2
2023-01-16T08:00:00Z,618.05
2023-01-16T09:00:00Z,810.53
2023-01-16T10:00:00Z,926.47
2023-01-16T11:00:00Z,921.28
2023-01-16T12:00:00Z,683.45
2023-01-16T13:00:00Z,853.53
2023-01-16T14:00:00Z,666.12
2023-01-16T15:00:00Z,500.38
2023-01-16T16:00:00Z,306.2
2023-01-16T17:00:00Z,124.72
2023-01-16T18:00:00Z,7.05
2023-01-16T19:00:00Z,0.0
2023-01-16T20:00:00Z,0.0
2023-01-16T21:00:00Z,0.0
2023-01-16T22:00:00Z,0.0
2023-01-16T23:00:00Z,0.0
2023-01-17T00:00:00Z,0.0
2023-01-17T01:00:00Z,0.0
2023-01-17T02:00:00Z,0.0
2023-01-17T03:00:00Z,0.0
2023-01-17T04:00:00Z,0.0
2023-01-17T05:00:00Z,16.4
2023-01-17T06:00:00Z,162.1
2023-01-17T07:00:00Z,360.5
2023-01-17T08:00:00Z,538.75
2023-01-17T09:00:00Z,672.15
2023-01-17T10:00:00Z,772.88
2023-01-17T11:00:00Z,812.4
2023-01-17T12:00:00Z,876.03
2023-01-17T13:00:00Z,928.72
2023-01-17T14:00:00Z,765.72
2023-01-17T15:00:00Z,582.8
2023-01-17T16:00:00Z,365.92
2023-01-17T17:00:00Z,139.0
2023-01-17T18:00:00Z,8.45
2023-01-17T19:00:00Z,0.0
2023-01-17T20:00:00Z,0.0
2023-01-17T21:00:00Z,0.0
2023-01-17T22:00:00Z,0.0
2023-01-17T23:00:00Z,0.0
2023-01-18T00:00:00Z,0.0
2023-01-18T01:00:00Z,0.0
2023-01-18T02:00:00Z,0.0
2023-01-18T03:00:00Z,0.0
2023-01-18T04:00:00Z,0.0
2023-01-18T05:00:00Z,24.3
2023-01-18T06:00:00Z,193.68
2023-01-18T07:00:00Z,401.6
2023-01-18T08:00:00Z,549.4
2023-01-18T09:00:00Z,718.72
2023-01-18T10:00:00Z,836.8
2023-01-18T11:00:00Z,922.45
2023-01-18T12:00:00Z,978.28
2023-01-18T13:00:00Z,924.97
2023-01-18T14:00:00Z,736.7
2023-01-18T15:00:00Z,555.4
2023-01-18T16:00:00Z,347.02
2023-01-18T17:00:00Z,145.45
2023-01-18T18:00:00Z,7.2
2023-01-18T19:00:00Z,0.0
2023-01-18T20:00:00Z,0.0
2023-01-18T21:00:00Z,0.0
2023-01-18T22:00:00Z,0.0
2023-01-18T23:00:00Z,0.0
2023-01-19T00:00:00Z,0.0
2023-01-19T01:00:00Z,0.0
2023-01-19T02:00:00Z,0.0
2023-01-19T03:00:00Z,0.0
2023-01-19T04:00:00Z,0.0
2023-01-19T05:00:00Z,17.95
2023-01-19T06:00:00Z,147.2
2023-01-19T07:00:00Z,351.27
2023-01-19T08:00:00Z,555.62
2023-01-19T09:00:00Z,772.95
2023-01-19T10:00:00Z,887.45
2023-01-19T11:00:00Z,936.33
2023-01-19T12:00:00Z,840.3
2023-01-19T13:00:00Z,754.28
2023-01-19T14:00:00Z,614.78
2023-01-19T15:00:00Z,454.25
2023-01-19T16:00:00Z,255.62
2023-01-19T17:00:00Z,91.5
2023-01-19T18:00:00Z,5.62
2023-01-19T19:00:00Z,0.0
2023-01-19T20:00:00Z,0.0
2023-01-19T21:00:00Z,0.0
2023-01-19T22:00:00Z,0.0
2023-01-19T23:00:00Z,0.0
2023-01-20T00:00:00Z,0.0
2023-01-20T01:00:00Z,0.0
2023-01-20T02:00:00Z,0.0
2023-01-20T03:00:00Z,0.0
2023-01-20T04:00:00Z,0.0
2023-01-20T05:00:00Z,19.42
2023-01-20T06:00:00Z,154.07
2023-01-20T07:00:00Z,344.33
2023-01-20T08:00:00Z,541.62
2023-01-20T09:00:00Z,659.9
2023-01-20T10:00:00Z,781.12
2023-01-20T11:00:00Z,849.6
2023-01-20T12:00:00Z,876.12
2023-01-20T13:00:00Z,799.42
2023-01-20T14:00:00Z,700.42
2023-01-20T15:00:00Z,520.35
2023-01-20T16:00:00Z,309.3
2023-01-20T17:00:00Z,113.43
2023-01-20T18:00:00Z,7.1
2023-01-20T19:00:00Z,0.0
2023-01-20T20:00:00Z,0.0
2023-01-20T21:00:00Z,0.0
2023-01-20T22:00:00Z,0.0
2023-01-20T23:00:00Z,0.0
2023-01-21T00:00:00Z,0.0
2023-01-21T01:00:00Z,0.0
2023-01-21T02:00:00Z,0.0
2023-01-21T03:00:00Z,0.0
2023-01-21T04:00:00Z,0.0
2023-01-21T05:00:00Z,23.5
2023-01-21T06:00:00Z,202.52
2023-01-21T07:00:00Z,415.9
2023-01-21T08:00:00Z,614.55
2023-01-21T09:00:00Z,778.95
2023-01-21T10:00:00Z,941.1
2023-01-21T11:00:00Z,1018.88
2023-01-21T12:00:00Z,1015.28
2023-01-21T13:00:00Z,948.8
2023-01-21T14:00:00Z,800.03
2023-01-21T15:00:00Z,609.75
2023-01-21T16:00:00Z,386.75
2023-01-21T17:00:00Z,152.75
2023-01-21T18:00:00Z,8.07
2023-01-21T19:00:00Z,0.0
2023-01-21T20:00:00Z,0.0
2023-01-21T21:00:00Z,0.0
2023-01-21T22:00:00Z,0.0
2023-01-21T23:00:00Z,0.0
2023-01-22T00:00:00Z,0.0
2023-01-22T01:00:00Z,0.0
2023-01-22T02:00:00Z,0.0
2023-01-22T03:00:00Z,0.0
2023-01-22T04:00:00Z,0.0
2023-01-22T05:00:00Z,21.08
2023-01-22T06:00:00Z,208.43
2023-01-22T07:00:00Z,446.15
2023-01-22T08:00:00Z,669.4
2023-01-22T09:00:00Z,853.6
2023-01-22T10:00:00Z,980.05
2023-01-22T11:00:00Z,1042.68
2023-01-22T12:00:00Z,1034.65
2023-01-22T13:00:00Z,935.78
2023-01-22T14:00:00Z,793.05
2023-01-22T15:00:00Z,599.3
2023-01-22T16:00:00Z,371.55
2023-01-22T17:00:00Z,140.32
2023-01-22T18:00:00Z,7.68
2023-01-22T19:00:00Z,0.0
2023-01-22T20:00:00Z,0.0
2023-01-22T21:00:00Z,0.0
2023-01-22T22:00:00Z,0.0
2023-01-22T23:00:00Z,0.0
2023-01-23T00:00:00Z,0.0
2023-01-23T01:00:00Z,0.0
2023-01-23T02:00:00Z,0.0
2023-01-23T03:00:00Z,0.0
2023-01-23T04:00:00Z,0.0
2023-01-23T05:00:00Z,13.85
2023-01-23T06:00:00Z,140.55
2023-01-23T07:00:00Z,333.83
2023-01-23T08:00:00Z,515.35
2023-01-23T09:00:00Z,696.9
2023-01-23T10:00:00Z,811.9
2023-01-23T11:00:00Z,868.12
2023-01-23T12:00:00Z,870.08
2023-01-23T13:00:00Z,743.28
2023-01-23T14:00:00Z,632.53
2023-01-23T15:00:00Z,452.1
2023-01-23T16:00:00Z,270.3
2023-01-23T17:00:00Z,105.15
2023-01-23T18:00:00Z,5.05
2023-01-23T19:00:00Z,0.0
2023-01-23T20:00:00Z,0.0
2023-01-23T21:00:00Z,0.0
2023-01-23T22:00:00Z,0.0
2023-01-23T23:00:00Z,0.0
2023-01-24T00:00:00Z,0.0
2023-01-24T01:00:00Z,0.0
2023-01-24T02:00:00Z,0.0
2023-01-24T03:00:00Z,0.0
2023-01-24T04:00:00Z,0.0
2023-01-24T05:00:00Z,18.33
2023-01-24T06:00:00Z,181.75
2023-01-24T07:00:00Z,391.73
2023-01-24T08:00:00Z,621.78
2023-01-24T09:00:00Z,741.35
2023-01-24T10:00:00Z,932.6
2023-01-24T11:00:00Z,1011.22
2023-01-24T12:00:00Z,1014.28
2023-01-24T13:00:00Z,918.85
2023-01-24T14:00:00Z,787.42
2023-01-24T15:00:00Z,601.0
2023-01-24T16:00:00Z,377.0
2023-01-24T17:00:00Z,149.8
2023-01-24T18:00:00Z,7.8
2023-01-24T19:00:00Z,0.0
2023-01-24T20:00:00Z,0.0
2023-01-24T21:00:00Z,0.0
2023-01-24T22:00:00Z,0.0
2023-01-24T23:00:00Z,0.0
2023-01-25T00:00:00Z,0.0
2023-01-25T01:00:00Z,0.0
2023-01-25T02:00:00Z,0.0
2023-01-25T03:00:00Z,0.0
2023-01-25T04:00:00Z,0.0
2023-01-25T05:00:00Z,19.0
2023-01-25T06:00:00Z,187.2
2023-01-25T07:00:00Z,393.23
2023-01-25T08:00:00Z,612.0
2023-01-25T09:00:00Z,748.05
2023-01-25T10:00:00Z,886.35
2023-01-25T11:00:00Z,993.15
2023-01-25T12:00:00Z,942.6
2023-01-25T13:00:00Z,813.8
2023-01-25T14:00:00Z,689.22
2023-01-25T15:00:00Z,543.1
2023-01-25T16:00:00Z,331.98
2023-01-25T17:00:00Z,130.65
2023-01-25T18:00:00Z,6.95
2023-01-25T19:00:00Z,0.0
2023-01-25T20:00:00Z,0.0
2023-01-25T21:00:00Z,0.0
2023-01-25T22:00:00Z,0.0
2023-01-25T23:00:00Z,0.0
2023-01-26T00:00:00Z,0.0
2023-01-26T01:00:00Z,0.0
2023-01-26T02:00:00Z,0.0
2023-01-26T03:00:00Z,0.0
2023-01-26T04:00:00Z,0.0
2023-01-26T05:00:00Z,4.2
2023-01-26T06:00:00Z,38.5
2023-01-26T07:00:00Z,81.4
2023-01-26T08:00:00Z,75.2
2023-01-26T09:00:00Z,200.5
2023-01-26T10:00:00Z,291.67
2023-01-26T11:00:00Z,393.33
2023-01-26T12:00:00Z,423.9
2023-01-26T13:00:00Z,206.38
2023-01-26T14:00:00Z,160.7
2023-01-26T15:00:00Z,116.6
2023-01-26T16:00:00Z,149.15
2023-01-26T17:00:00Z,61.1
2023-01-26T18:00:00Z,4.05
2023-01-26T19:00:00Z,0.0
2023-01-26T20:00:00Z,0.0
2023-01-26T21:00:00Z,0.0
2023-01-26T22:00:00Z,0.0
2023-01-26T23:00:00Z,0.0
2023-01-27T00:00:00Z,0.0
2023-01-27T01:00:00Z,0.0
2023-01-27T02:00:00Z,0.0
2023-01-27T03:00:00Z,0.0
2023-01-27T04:00:00Z,0.0
2023-01-27T05:00:00Z,3.08
2023-01-27T06:00:00Z,27.2
2023-01-27T07:00:00Z,58.1
2023-01-27T08:00:00Z,82.38
2023-01-27T09:00:00Z,120.97
2023-01-27T10:00:00Z,316.05
2023-01-27T11:00:00Z,412.7
2023-01-27T12:00:00Z,555.95
2023-01-27T13:00:00Z,596.88
2023-01-27T14:00:00Z,497.02
2023-01-27T15:00:00Z,350.05
2023-01-27T16:00:00Z,241.8
2023-01-27T17:00:00Z,96.22
2023-01-27T18:00:00Z,2.62
2023-01-27T19:00:00Z,0.0
2023-01-27T20:00:00Z,0.0
2023-01-27T21:00:00Z,0.0
2023-01-27T22:00:00Z,0.0
2023-01-27T23:00:00Z,0.0
2023-01-28T00:00:00Z,0.0
2023-01-28T01:00:00Z,0.0
2023-01-28T02:00:00Z,0.0
2023-01-28T03:00:00Z,0.0
2023-01-28T04:00:00Z,0.0
2023-01-28T05:00:00Z,11.95
2023-01-28T06:00:00Z,107.53
2023-01-28T07:00:00Z,212.98
2023-01-28T08:00:00Z,180.45
2023-01-28T09:00:00Z,240.65
2023-01-28T10:00:00Z,214.52
2023-01-28T11:00:00Z,292.65
2023-01-28T12:00:00Z,342.12
2023-01-28T13:00:00Z,334.62
2023-01-28T14:00:00Z,331.38
2023-01-28T15:00:00Z,229.3
2023-01-28T16:00:00Z,170.0
2023-01-28T17:00:00Z,73.22
2023-01-28T18:00:00Z,5.38
2023-01-28T19:00:00Z,0.0
2023-01-28T20:00:00Z,0.0
2023-01-28T21:00:00Z,0.0
2023-01-28T22:00:00Z,0.0
2023-01-28T23:00:00Z,0.0
2023-01-29T00:00:00Z,0.0
2023-01-29T01:00:00Z,0.0
2023-01-29T02:00:00Z,0.0
2023-01-29T03:00:00Z,0.0
2023-01-29T04:00:00Z,0.0
2023-01-29T05:00:00Z,14.3
2023-01-29T06:00:00Z,162.7
2023-01-29T07:00:00Z,373.65
2023-01-29T08:00:00Z,596.17
2023-01-29T09:00:00Z,790.85
2023-01-29T10:00:00Z,883.67
2023-01-29T11:00:00Z,949.47
2023-01-29T12:00:00Z,913.72
2023-01-29T13:00:00Z,829.03
2023-01-29T14:00:00Z,687.2
2023-01-29T15:00:00Z,530.35
2023-01-29T16:00:00Z,331.77
2023-01-29T17:00:00Z,124.78
2023-01-29T18:00:00Z,5.93
2023-01-29T19:00:00Z,0.0
2023-01-29T20:00:00Z,0.0
2023-01-29T21:00:00Z,0.0
2023-01-29T22:00:00Z,0.0
2023-01-29T23:00:00Z,0.0
2023-01-30T00:00:00Z,0.0
2023-01-30T01:00:00Z,0.0
2023-01-30T02:00:00Z,0.0
2023-01-30T03:00:00Z,0.0
2023-01-30T04:00:00Z,0.0
2023-01-30T05:00:00Z,13.3
2023-01-30T06:00:00Z,145.88
2023-01-30T07:00:00Z,355.02
2023-01-30T08:00:00Z,559.83
2023-01-30T09:00:00Z,735.17
2023-01-30T10:00:00Z,830.03
2023-01-30T11:00:00Z,901.67
2023-01-30T12:00:00Z,815.22
2023-01-30T13:00:00Z,764.05
2023-01-30T14:00:00Z,688.45
2023-01-30T15:00:00Z,496.33
2023-01-30T16:00:00Z,302.67
2023-01-30T17:00:00Z,123.03
2023-01-30T18:00:00Z,6.38
2023-01-30T19:00:00Z,0.0
2023-01-30T20:00:00Z,0.0
2023-01-30T21:00:00Z,0.0
2023-01-30T22:00:00Z,0.0
2023-01-30T23:00:00Z,0.0
2023-01-31T00:00:00Z,0.0
2023-01-31T01:00:00Z,0.0
2023-01-31T02:00:00Z,0.0
2023-01-31T03:00:00Z,0.0
2023-01-31T04:00:00Z,0.0
2023-01-31T05:00:00Z,10.77
2023-01-31T06:00:00Z,108.4
2023-01-31T07:00:00Z,263.52
2023-01-31T08:00:00Z,446.42
2023-01-31T09:00:00Z,612.47
2023-01-31T10:00:00Z,737.15
2023-01-31T11:00:00Z,800.3
2023-01-31T12:00:00Z,505.9
2023-01-31T13:00:00Z,424.65
2023-01-31T14:00:00Z,377.17
2023-01-31T15:00:00Z,265.88
2023-01-31T16:00:00Z,145.68
2023-01-31T17:00:00Z,63.6
2023-01-31T18:00:00Z,4.12
2023-01-31T19:00:00Z,0.0
2023-01-31T20:00:00Z,0.0
2023-01-31T21:00:00Z,0.0
2023-01-31T22:00:00Z,0.0
2023-01-31T23:00:00Z,0.0
2023-02-01T00:00:00Z,0.0
2023-02-01T01:00:00Z,0.0
2023-02-01T02:00:00Z,0.0
2023-02-01T03:00:00Z,0.0
2023-02-01T04:00:00Z,0.0
2023-02-01T05:00:00Z,10.73
2023-02-01T06:00:00Z,107.8
2023-02-01T07:00:00Z,269.33
2023-02-01T08:00:00Z,454.77
2023-02-01T09:00:00Z,557.97
2023-02-01T10:00:00Z,669.25
2023-02-01T11:00:00Z,713.88
2023-02-01T12:00:00Z,693.47
2023-02-01T13:00:00Z,707.72
2023-02-01T14:00:00Z,555.92
2023-02-01T15:00:00Z,387.52
2023-02-01T16:00:00Z,215.9
2023-02-01T17:00:00Z,95.0
2023-02-01T18:00:00Z,4.1
2023-02-01T19:00:00Z,0.0
2023-02-01T20:00:00Z,0.0
2023-02-01T21:00:00Z,0.0
2023-02-01T22:00:00Z,0.0
2023-02-01T23:00:00Z,0.0
2023-02-02T00:00:00Z,0.0
2023-02-02T01:00:00Z,0.0
2023-02-02T02:00:00Z,0.0
2023-02-02T03:00:00Z,0.0
2023-02-02T04:00:00Z,0.0
2023-02-02T05:00:00Z,9.05
2023-02-02T06:00:00Z,85.2
2023-02-02T07:00:00Z,219.15
2023-02-02T08:00:00Z,342.12
2023-02-02T09:00:00Z,478.52
2023-02-02T10:00:00Z,562.15
2023-02-02T11:00:00Z,530.9
2023-02-02T12:00:00Z,562.4
2023-02-02T13:00:00Z,553.28
2023-02-02T14:00:00Z,423.27
2023-02-02T15:00:00Z,284.17
2023-02-02T16:00:00Z,199.45
2023-02-02T17:00:00Z,73.8
2023-02-02T18:00:00Z,3.92
2023-02-02T19:00:00Z,0.0
2023-02-02T20:00:00Z,0.0
2023-02-02T21:00:00Z,0.0
2023-02-02T22:00:00Z,0.0
2023-02-02T23:00:00Z,0.0
2023-02-03T00:00:00Z,0.0
2023-02-03T01:00:00Z,0.0
2023-02-03T02:00:00Z,0.0
2023-02-03T03:00:00Z,0.0
2023-02-03T04:00:00Z,0.0
2023-02-03T05:00:00Z,9.57
2023-02-03T06:00:00Z,112.43
2023-02-03T07:00:00Z,263.95
2023-02-03T08:00:00Z,443.77
2023-02-03T09:00:00Z,560.03
2023-02-03T10:00:00Z,623.62
2023-02-03T11:00:00Z,668.67
2023-02-03T12:00:00Z,583.5
2023-02-03T13:00:00Z,565.78
2023-02-03T14:00:00Z,411.2
2023-02-03T15:00:00Z,327.83
2023-02-03T16:00:00Z,207.7
2023-02-03T17:00:00Z,88.3
2023-02-03T18:00:00Z,5.2
2023-02-03T19:00:00Z,0.0
2023-02-03T20:00:00Z,0.0
2023-02-03T21:00:00Z,0.0
2023-02-03T22:00:00Z,0.0
2023-02-03T23:00:00Z,0.0
2023-02-04T00:00:00Z,0.0
2023-02-04T01:00:00Z,0.0
2023-02-04T02:00:00Z,0.0
2023-02-04T03:00:00Z,0.0
2023-02-04T04:00:00Z,0.0
2023-02-04T05:00:00Z,11.35
2023-02-04T06:00:00Z,143.93
2023-02-04T07:00:00Z,357.45
2023-02-04T08:00:00Z,570.7
2023-02-04T09:00:00Z,745.97
2023-02-04T10:00:00Z,881.08
2023-02-04T11:00:00Z,922.62
2023-02-04T12:00:00Z,757.05
2023-02-04T13:00:00Z,567.28
2023-02-04T14:00:00Z,415.58
2023-02-04T15:00:00Z,304.25
2023-02-04T16:00:00Z,174.85
2023-02-04T17:00:00Z,70.97
2023-02-04T18:00:00Z,3.1
2023-02-04T19:00:00Z,0.0
2023-02-04T20:00:00Z,0.0
2023-02-04T21:00:00Z,0.0
2023-02-04T22:00:00Z,0.0
2023-02-04T23:00:00Z,0.0
2023-02-05T00:00:00Z,0.0
2023-02-05T01:00:00Z,0.0
2023-02-05T02:00:00Z,0.0
2023-02-05T03:00:00Z,0.0
2023-02-05T04:00:00Z,0.0
2023-02-05T05:00:00Z,6.45
2023-02-05T06:00:00Z,84.75
2023-02-05T07:00:00Z,210.88
2023-02-05T08:00:00Z,320.8
2023-02-05T09:00:00Z,591.45
2023-02-05T10:00:00Z,709.15
2023-02-05T11:00:00Z,720.45
2023-02-05T12:00:00Z,962.85
2023-02-05T13:00:00Z,890.2
2023-02-05T14:00:00Z,701.05
2023-02-05T15:00:00Z,589.38
2023-02-05T16:00:00Z,363.88
2023-02-05T17:00:00Z,134.95
2023-02-05T18:00:00Z,5.4
2023-02-05T19:00:00Z,0.0
2023-02-05T20:00:00Z,0.0
2023-02-05T21:00:00Z,0.0
2023-02-05T22:00:00Z,0.0
2023-02-05T23:00:00Z,0.0
2023-02-06T00:00:00Z,0.0
2023-02-06T01:00:00Z,0.0
2023-02-06T02:00:00Z,0.0
2023-02-06T03:00:00Z,0.0
2023-02-06T04:00:00Z,0.0
2023-02-06T05:00:00Z,9.88
2023-02-06T06:00:00Z,125.15
2023-02-06T07:00:00Z,324.95
2023-02-06T08:00:00Z,531.28
2023-02-06T09:00:00Z,704.17
2023-02-06T10:00:00Z,869.2
2023-02-06T11:00:00Z,952.03
2023-02-06T12:00:00Z,937.28
2023-02-06T13:00:00Z,839.12
2023-02-06T14:00:00Z,592.78
2023-02-06T15:00:00Z,376.67
2023-02-06T16:00:00Z,228.95
2023-02-06T17:00:00Z,88.15
2023-02-06T18:00:00Z,2.67
2023-02-06T19:00:00Z,0.0
2023-02-06T20:00:00Z,0.0
2023-02-06T21:00:00Z,0.0
2023-02-06T22:00:00Z,0.0
2023-02-06T23:00:00Z,0.0
2023-02-07T00:00:00Z,0.0
2023-02-07T01:00:00Z,0.0
2023-02-07T02:00:00Z,0.0
2023-02-07T03:00:00Z,0.0
2023-02-07T04:00:00Z,0.0
2023-02-07T05:00:00Z,7.35
2023-02-07T06:00:00Z,103.12
2023-02-07T07:00:00Z,301.85
2023-02-07T08:00:00Z,509.73
2023-02-07T09:00:00Z,736.33
2023-02-07T10:00:00Z,837.72
2023-02-07T11:00:00Z,894.75
2023-02-07T12:00:00Z,839.75
2023-02-07T13:00:00Z,687.4
2023-02-07T14:00:00Z,657.67
2023-02-07T15:00:00Z,476.88
2023-02-07T16:00:00Z,283.83
2023-02-07T17:00:00Z,106.9
2023-02-07T18:00:00Z,4.38
2023-02-07T19:00:00Z,0.0
2023-02-07T20:00:00Z,0.0
2023-02-07T21:00:00Z,0.0
2023-02-07T22:00:00Z,0.0
2023-02-07T23:00:00Z,0.0
2023-02-08T00:00:00Z,0.0
2023-02-08T01:00:00Z,0.0
2023-02-08T02:00:00Z,0.0
2023-02-08T03:00:00Z,0.0
2023-02-08T04:00:00Z,0.0
2023-02-08T05:00:00Z,6.22
2023-02-08T06:00:00Z,69.55
2023-02-08T07:00:00Z,204.05
2023-02-08T08:00:00Z,327.35
2023-02-08T09:00:00Z,444.77
2023-02-08T10:00:00Z,478.5
2023-02-08T11:00:00Z,716.22
2023-02-08T12:00:00Z,847.65
2023-02-08T13:00:00Z,806.42
2023-02-08T14:00:00Z,688.42
2023-02-08T15:00:00Z,500.58
2023-02-08T16:00:00Z,280.73
2023-02-08T17:00:00Z,99.12
2023-02-08T18:00:00Z,3.88
2023-02-08T19:00:00Z,0.0
2023-02-08T20:00:00Z,0.0
2023-02-08T21:00:00Z,0.0
2023-02-08T22:00:00Z,0.0
2023-02-08T23:00:00Z,0.0
2023-02-09T00:00:00Z,0.0
2023-02-09T01:00:00Z,0.0
2023-02-09T02:00:00Z,0.0
2023-02-09T03:00:00Z,0.0
2023-02-09T04:00:00Z,0.0
2023-02-09T05:00:00Z,8.0
2023-02-09T06:00:00Z,115.62
2023-02-09T07:00:00Z,296.65
2023-02-09T08:00:00Z,474.33
2023-02-09T09:00:00Z,613.08
2023-02-09T10:00:00Z,624.45
2023-02-09T11:00:00Z,483.85
2023-02-09T12:00:00Z,405.25
2023-02-09T13:00:00Z,238.38
2023-02-09T14:00:00Z,250.02
2023-02-09T15:00:00Z,169.32
2023-02-09T16:00:00Z,116.97
2023-02-09T17:00:00Z,48.47
2023-02-09T18:00:00Z,2.05
2023-02-09T19:00:00Z,0.0
2023-02-09T20:00:00Z,0.0
2023-02-09T21:00:00Z,0.0
2023-02-09T22:00:00Z,0.0
2023-02-09T23:00:00Z,0.0
2023-02-10T00:00:00Z,0.0
2023-02-10T01:00:00Z,0.0
2023-02-10T02:00:00Z,0.0
2023-02-10T03:00:00Z,0.0
2023-02-10T04:00:00Z,0.0
2023-02-10T05:00:00Z,4.8
2023-02-10T06:00:00Z,76.7
2023-02-10T07:00:00Z,232.38
2023-02-10T08:00:00Z,363.8
2023-02-10T09:00:00Z,621.45
2023-02-10T10:00:00Z,711.78
2023-02-10T11:00:00Z,588.75
2023-02-10T12:00:00Z,526.65
2023-02-10T13:00:00Z,499.42
2023-02-10T14:00:00Z,395.58
2023-02-10T15:00:00Z,287.2
2023-02-10T16:00:00Z,158.25
2023-02-10T17:00:00Z,74.8
2023-02-10T18:00:00Z,2.03
2023-02-10T19:00:00Z,0.0
2023-02-10T20:00:00Z,0.0
2023-02-10T21:00:00Z,0.0
2023-02-10T22:00:00Z,0.0
2023-02-10T23:00:00Z,0.0
2023-02-11T00:00:00Z,0.0
2023-02-11T01:00:00Z,0.0
2023-02-11T02:00:00Z,0.0
2023-02-11T03:00:00Z,0.0
2023-02-11T04:00:00Z,0.0
2023-02-11T05:00:00Z,2.85
2023-02-11T06:00:00Z,29.73
2023-02-11T07:00:00Z,80.43
2023-02-11T08:00:00Z,122.6
2023-02-11T09:00:00Z,138.77
2023-02-11T10:00:00Z,171.18
2023-02-11T11:00:00Z,257.75
2023-02-11T12:00:00Z,367.08
2023-02-11T13:00:00Z,616.05
2023-02-11T14:00:00Z,562.22
2023-02-11T15:00:00Z,395.48
2023-02-11T16:00:00Z,227.55
2023-02-11T17:00:00Z,87.28
2023-02-11T18:00:00Z,2.88
2023-02-11T19:00:00Z,0.0
2023-02-11T20:00:00Z,0.0
2023-02-11T21:00:00Z,0.0
2023-02-11T22:00:00Z,0.0
2023-02-11T23:00:00Z,0.0
2023-02-12T00:00:00Z,0.0
2023-02-12T01:00:00Z,0.0
2023-02-12T02:00:00Z,0.0
2023-02-12T03:00:00Z,0.0
2023-02-12T04:00:00Z,0.0
2023-02-12T05:00:00Z,5.15
2023-02-12T06:00:00Z,96.28
2023-02-12T07:00:00Z,258.88
2023-02-12T08:00:00Z,452.15
2023-02-12T09:00:00Z,560.85
2023-02-12T10:00:00Z,587.88
2023-02-12T11:00:00Z,661.12
2023-02-12T12:00:00Z,616.72
2023-02-12T13:00:00Z,589.92
2023-02-12T14:00:00Z,472.83
2023-02-12T15:00:00Z,364.3
2023-02-12T16:00:00Z,202.27
2023-02-12T17:00:00Z,75.45
2023-02-12T18:00:00Z,2.88
2023-02-12T19:00:00Z,0.0
2023-02-12T20:00:00Z,0.0
2023-02-12T21:00:00Z,0.0
2023-02-12T22:00:00Z,0.0
2023-02-12T23:00:00Z,0.0
2023-02-13T00:00:00Z,0.0
2023-02-13T01:00:00Z,0.0
2023-02-13T02:00:00Z,0.0
2023-02-13T03:00:00Z,0.0
2023-02-13T04:00:00Z,0.0
2023-02-13T05:00:00Z,3.2
2023-02-13T06:00:00Z,8.8
2023-02-13T07:00:00Z,95.22
2023-02-13T08:00:00Z,183.18
2023-02-13T09:00:00Z,323.52
2023-02-13T10:00:00Z,492.65
2023-02-13T11:00:00Z,479.8
2023-02-13T12:00:00Z,482.17
2023-02-13T13:00:00Z,447.02
2023-02-13T14:00:00Z,556.6
2023-02-13T15:00:00Z,381.38
2023-02-13T16:00:00Z,242.02
2023-02-13T17:00:00Z,99.6
2023-02-13T18:00:00Z,0.0
2023-02-13T19:00:00Z,0.0
2023-02-13T20:00:00Z,0.0
2023-02-13T21:00:00Z,0.0
2023-02-13T22:00:00Z,0.0
2023-02-13T23:00:00Z,0.0
2023-02-14T00:00:00Z,0.0
2023-02-14T01:00:00Z,0.0
2023-02-14T02:00:00Z,0.0
2023-02-14T03:00:00Z,0.0
2023-02-14T04:00:00Z,0.0
2023-02-14T05:00:00Z,5.28
2023-02-14T06:00:00Z,77.93
2023-02-14T07:00:00Z,215.27
2023-02-14T08:00:00Z,274.25
2023-02-14T09:00:00Z,484.7
2023-02-14T10:00:00Z,616.55
2023-02-14T11:00:00Z,615.97
2023-02-14T12:00:00Z,540.5
2023-02-14T13:00:00Z,425.42
2023-02-14T14:00:00Z,137.15
2023-02-14T15:00:00Z,75.72
2023-02-14T16:00:00Z,68.93
2023-02-14T17:00:00Z,35.28
2023-02-14T18:00:00Z,0.0
2023-02-14T19:00:00Z,0.0
2023-02-14T20:00:00Z,0.0
2023-02-14T21:00:00Z,0.0
2023-02-14T22:00:00Z,0.0
2023-02-14T23:00:00Z,0.0
2023-02-15T00:00:00Z,0.0
2023-02-15T01:00:00Z,0.0
2023-02-15T02:00:00Z,0.0
2023-02-15T03:00:00Z,0.0
2023-02-15T04:00:00Z,0.0
2023-02-15T05:00:00Z,5.28
2023-02-15T06:00:00Z,87.68
2023-02-15T07:00:00Z,249.88
2023-02-15T08:00:00Z,407.25
2023-02-15T09:00:00Z,683.08
2023-02-15T10:00:00Z,856.47
2023-02-15T11:00:00Z,924.65
2023-02-15T12:00:00Z,887.9
2023-02-15T13:00:00Z,702.15
2023-02-15T14:00:00Z,576.78
2023-02-15T15:00:00Z,420.83
2023-02-15T16:00:00Z,250.65
2023-02-15T17:00:00Z,91.47
2023-02-15T18:00:00Z,0.0
2023-02-15T19:00:00Z,0.0
2023-02-15T20:00:00Z,0.0
2023-02-15T21:00:00Z,0.0
2023-02-15T22:00:00Z,0.0
2023-02-15T23:00:00Z,0.0
2023-02-16T00:00:00Z,0.0
2023-02-16T01:00:00Z,0.0
2023-02-16T02:00:00Z,0.0
2023-02-16T03:00:00Z,0.0
2023-02-16T04:00:00Z,0.0
2023-02-16T05:00:00Z,4.47
2023-02-16T06:00:00Z,57.5
2023-02-16T07:00:00Z,151.88
2023-02-16T08:00:00Z,302.48
2023-02-16T09:00:00Z,401.62
2023-02-16T10:00:00Z,380.92
2023-02-16T11:00:00Z,390.45
2023-02-16T12:00:00Z,484.83
2023-02-16T13:00:00Z,563.67
2023-02-16T14:00:00Z,458.23
2023-02-16T15:00:00Z,214.8
2023-02-16T16:00:00Z,125.82
2023-02-16T17:00:00Z,57.28
2023-02-16T18:00:00Z,0.0
2023-02-16T19:00:00Z,0.0
2023-02-16T20:00:00Z,0.0
2023-02-16T21:00:00Z,0.0
2023-02-16T22:00:00Z,0.0
2023-02-16T23:00:00Z,0.0
2023-02-17T00:00:00Z,0.0
2023-02-17T01:00:00Z,0.0
2023-02-17T02:00:00Z,0.0
2023-02-17T03:00:00Z,0.0
2023-02-17T04:00:00Z,0.0
2023-02-17T05:00:00Z,4.35
2023-02-17T06:00:00Z,79.43
2023-02-17T07:00:00Z,189.6
2023-02-17T08:00:00Z,259.65
2023-02-17T09:00:00Z,493.77
2023-02-17T10:00:00Z,597.8
2023-02-17T11:00:00Z,659.65
2023-02-17T12:00:00Z,598.05
2023-02-17T13:00:00Z,379.45
2023-02-17T14:00:00Z,451.65
2023-02-17T15:00:00Z,337.85
2023-02-17T16:00:00Z,177.07
2023-02-17T17:00:00Z,67.97
2023-02-17T18:00:00Z,0.0
2023-02-17T19:00:00Z,0.0
2023-02-17T20:00:00Z,0.0
2023-02-17T21:00:00Z,0.0
2023-02-17T22:00:00Z,0.0
2023-02-17T23:00:00Z,0.0
2023-02-18T00:00:00Z,0.0
2023-02-18T01:00:00Z,0.0
2023-02-18T02:00:00Z,0.0
2023-02-18T03:00:00Z,0.0
2023-02-18T04:00:00Z,0.0
2023-02-18T05:00:00Z,4.43
2023-02-18T06:00:00Z,79.65
2023-02-18T07:00:00Z,225.62
2023-02-18T08:00:00Z,406.02
2023-02-18T09:00:00Z,476.12
2023-02-18T10:00:00Z,603.72
2023-02-18T11:00:00Z,650.7
2023-02-18T12:00:00Z,685.6
2023-02-18T13:00:00Z,604.08
2023-02-18T14:00:00Z,523.88
2023-02-18T15:00:00Z,393.85
2023-02-18T16:00:00Z,222.02
2023-02-18T17:00:00Z,83.78
2023-02-18T18:00:00Z,0.0
2023-02-18T19:00:00Z,0.0
2023-02-18T20:00:00Z,0.0
2023-02-18T21:00:00Z,0.0
2023-02-18T22:00:00Z,0.0
2023-02-18T23:00:00Z,0.0
2023-02-19T00:00:00Z,0.0
2023-02-19T01:00:00Z,0.0
2023-02-19T02:00:00Z,0.0
2023-02-19T03:00:00Z,0.0
2023-02-19T04:00:00Z,0.0
2023-02-19T05:00:00Z,4.2
2023-02-19T06:00:00Z,93.7
2023-02-19T07:00:00Z,265.83
2023-02-19T08:00:00Z,457.65
2023-02-19T09:00:00Z,576.0
2023-02-19T10:00:00Z,742.28
2023-02-19T11:00:00Z,681.45
2023-02-19T12:00:00Z,714.08
2023-02-19T13:00:00Z,603.15
2023-02-19T14:00:00Z,406.05
2023-02-19T15:00:00Z,146.93
2023-02-19T16:00:00Z,94.8
2023-02-19T17:00:00Z,38.28
2023-02-19T18:00:00Z,0.0
2023-02-19T19:00:00Z,0.0
2023-02-19T20:00:00Z,0.0
2023-02-19T21:00:00Z,0.0
2023-02-19T22:00:00Z,0.0
2023-02-19T23:00:00Z,0.0
2023-02-20T00:00:00Z,0.0
2023-02-20T01:00:00Z,0.0
2023-02-20T02:00:00Z,0.0
2023-02-20T03:00:00Z,0.0
2023-02-20T04:00:00Z,0.0
2023-02-20T05:00:00Z,4.57
2023-02-20T06:00:00Z,87.25
2023-02-20T07:00:00Z,255.35
2023-02-20T08:00:00Z,476.25
2023-02-20T09:00:00Z,663.4
2023-02-20T10:00:00Z,719.88
2023-02-20T11:00:00Z,852.62
2023-02-20T12:00:00Z,726.05
2023-02-20T13:00:00Z,706.35
2023-02-20T14:00:00Z,524.47
2023-02-20T15:00:00Z,332.88
2023-02-20T16:00:00Z,185.15
2023-02-20T17:00:00Z,60.7
2023-02-20T18:00:00Z,0.0
2023-02-20T19:00:00Z,0.0
2023-02-20T20:00:00Z,0.0
2023-02-20T21:00:00Z,0.0
2023-02-20T22:00:00Z,0.0
2023-02-20T23:00:00Z,0.0
2023-02-21T00:00:00Z,0.0
2023-02-21T01:00:00Z,0.0
2023-02-21T02:00:00Z,0.0
2023-02-21T03:00:00Z,0.0
2023-02-21T04:00:00Z,0.0
2023-02-21T05:00:00Z,3.75
2023-02-21T06:00:00Z,103.62
2023-02-21T07:00:00Z,310.65
2023-02-21T08:00:00Z,523.6
2023-02-21T09:00:00Z,648.8
2023-02-21T10:00:00Z,713.65
2023-02-21T11:00:00Z,780.75
2023-02-21T12:00:00Z,781.45
2023-02-21T13:00:00Z,780.88
2023-02-21T14:00:00Z,696.88
2023-02-21T15:00:00Z,446.92
2023-02-21T16:00:00Z,253.85
2023-02-21T17:00:00Z,90.2
2023-02-21T18:00:00Z,0.0
2023-02-21T19:00:00Z,0.0
2023-02-21T20:00:00Z,0.0
2023-02-21T21:00:00Z,0.0
2023-02-21T22:00:00Z,0.0
2023-02-21T23:00:00Z,0.0
2023-02-22T00:00:00Z,0.0
2023-02-22T01:00:00Z,0.0
2023-02-22T02:00:00Z,0.0
2023-02-22T03:00:00Z,0.0
2023-02-22T04:00:00Z,0.0
2023-02-22T05:00:00Z,4.7
2023-02-22T06:00:00Z,105.07
2023-02-22T07:00:00Z,305.75
2023-02-22T08:00:00Z,516.78
2023-02-22T09:00:00Z,614.65
2023-02-22T10:00:00Z,696.72
2023-02-22T11:00:00Z,668.7
2023-02-22T12:00:00Z,635.72
2023-02-22T13:00:00Z,519.88
2023-02-22T14:00:00Z,505.23
2023-02-22T15:00:00Z,459.48
2023-02-22T16:00:00Z,257.88
2023-02-22T17:00:00Z,85.32
2023-02-22T18:00:00Z,0.0
2023-02-22T19:00:00Z,0.0
2023-02-22T20:00:00Z,0.0
2023-02-22T21:00:00Z,0.0
2023-02-22T22:00:00Z,0.0
2023-02-22T23:00:00Z,0.0
2023-02-23T00:00:00Z,0.0
2023-02-23T01:00:00Z,0.0
2023-02-23T02:00:00Z,0.0
2023-02-23T03:00:00Z,0.0
2023-02-23T04:00:00Z,0.0
2023-02-23T05:00:00Z,3.53
2023-02-23T06:00:00Z,77.7
2023-02-23T07:00:00Z,260.33
2023-02-23T08:00:00Z,441.67
2023-02-23T09:00:00Z,499.67
2023-02-23T10:00:00Z,450.25
2023-02-23T11:00:00Z,523.45
2023-02-23T12:00:00Z,501.62
2023-02-23T13:00:00Z,518.05
2023-02-23T14:00:00Z,487.12
2023-02-23T15:00:00Z,400.25
2023-02-23T16:00:00Z,218.0
2023-02-23T17:00:00Z,61.08
2023-02-23T18:00:00Z,0.0
2023-02-23T19:00:00Z,0.0
2023-02-23T20:00:00Z,0.0
2023-02-23T21:00:00Z,0.0
2023-02-23T22:00:00Z,0.0
2023-02-23T23:00:00Z,0.0
2023-02-24T00:00:00Z,0.0
2023-02-24T01:00:00Z,0.0
2023-02-24T02:00:00Z,0.0
2023-02-24T03:00:00Z,0.0
2023-02-24T04:00:00Z,0.0
2023-02-24T05:00:00Z,4.75
2023-02-24T06:00:00Z,130.52
2023-02-24T07:00:00Z,349.83
2023-02-24T08:00:00Z,582.35
2023-02-24T09:00:00Z,741.5
2023-02-24T10:00:00Z,891.12
2023-02-24T11:00:00Z,977.5
2023-02-24T12:00:00Z,959.03
2023-02-24T13:00:00Z,895.38
2023-02-24T14:00:00Z,735.38
2023-02-24T15:00:00Z,544.67
2023-02-24T16:00:00Z,312.23
2023-02-24T17:00:00Z,107.2
2023-02-24T18:00:00Z,0.0
2023-02-24T19:00:00Z,0.0
2023-02-24T20:00:00Z,0.0
2023-02-24T21:00:00Z,0.0
2023-02-24T22:00:00Z,0.0
2023-02-24T23:00:00Z,0.0
2023-02-25T00:00:00Z,0.0
2023-02-25T01:00:00Z,0.0
2023-02-25T02:00:00Z,0.0
2023-02-25T03:00:00Z,0.0
2023-02-25T04:00:00Z,0.0
2023-02-25T05:00:00Z,4.62
2023-02-25T06:00:00Z,137.55
2023-02-25T07:00:00Z,358.05
2023-02-25T08:00:00Z,604.03
2023-02-25T09:00:00Z,787.5
2023-02-25T10:00:00Z,911.05
2023-02-25T11:00:00Z,971.0
2023-02-25T12:00:00Z,988.38
2023-02-25T13:00:00Z,888.7
2023-02-25T14:00:00Z,745.6
2023-02-25T15:00:00Z,550.97
2023-02-25T16:00:00Z,331.45
2023-02-25T17:00:00Z,110.32
2023-02-25T18:00:00Z,0.0
2023-02-25T19:00:00Z,0.0
2023-02-25T20:00:00Z,0.0
2023-02-25T21:00:00Z,0.0
2023-02-25T22:00:00Z,0.0
2023-02-25T23:00:00Z,0.0
2023-02-26T00:00:00Z,0.0
2023-02-26T01:00:00Z,0.0
2023-02-26T02:00:00Z,0.0
2023-02-26T03:00:00Z,0.0
2023-02-26T04:00:00Z,0.0
2023-02-26T05:00:00Z,3.67
2023-02-26T06:00:00Z,97.5
2023-02-26T07:00:00Z,298.52
2023-02-26T08:00:00Z,501.0
2023-02-26T09:00:00Z,679.97
2023-02-26T10:00:00Z,775.88
2023-02-26T11:00:00Z,850.03
2023-02-26T12:00:00Z,935.95
2023-02-26T13:00:00Z,781.47
2023-02-26T14:00:00Z,630.88
2023-02-26T15:00:00Z,431.62
2023-02-26T16:00:00Z,231.55
2023-02-26T17:00:00Z,59.4
2023-02-26T18:00:00Z,0.0
2023-02-26T19:00:00Z,0.0
2023-02-26T20:00:00Z,0.0
2023-02-26T21:00:00Z,0.0
2023-02-26T22:00:00Z,0.0
2023-02-26T23:00:00Z,0.0
2023-02-27T00:00:00Z,0.0
2023-02-27T01:00:00Z,0.0
2023-02-27T02:00:00Z,0.0
2023-02-27T03:00:00Z,0.0
2023-02-27T04:00:00Z,0.0
2023-02-27T05:00:00Z,3.55
2023-02-27T06:00:00Z,121.75
2023-02-27T07:00:00Z,351.62
2023-02-27T08:00:00Z,578.42
2023-02-27T09:00:00Z,785.95
2023-02-27T10:00:00Z,919.33
2023-02-27T11:00:00Z,936.3
2023-02-27T12:00:00Z,969.67
2023-02-27T13:00:00Z,909.25
2023-02-27T14:00:00Z,749.12
2023-02-27T15:00:00Z,514.5
2023-02-27T16:00:00Z,306.15
2023-02-27T17:00:00Z,93.22
2023-02-27T18:00:00Z,0.0
2023-02-27T19:00:00Z,0.0
2023-02-27T20:00:00Z,0.0
2023-02-27T21:00:00Z,0.0
2023-02-27T22:00:00Z,0.0
2023-02-27T23:00:00Z,0.0
2023-02-28T00:00:00Z,0.0
2023-02-28T01:00:00Z,0.0
2023-02-28T02:00:00Z,0.0
2023-02-28T03:00:00Z,0.0
2023-02-28T04:00:00Z,0.0
2023-02-28T05:00:00Z,3.85
2023-02-28T06:00:00Z,128.2
2023-02-28T07:00:00Z,359.2
2023-02-28T08:00:00Z,596.03
2023-02-28T09:00:00Z,784.05
2023-02-28T10:00:00Z,901.45
2023-02-28T11:00:00Z,945.9
2023-02-28T12:00:00Z,958.0
2023-02-28T13:00:00Z,802.65
2023-02-28T14:00:00Z,711.03
2023-02-28T15:00:00Z,514.83
2023-02-28T16:00:00Z,285.12
2023-02-28T17:00:00Z,72.28
2023-02-28T18:00:00Z,0.0
2023-02-28T19:00:00Z,0.0
2023-02-28T20:00:00Z,0.0
2023-02-28T21:00:00Z,0.0
2023-02-28T22:00:00Z,0.0
2023-02-28T23:00:00Z,0.0
2023-03-01T00:00:00Z,0.0
2023-03-01T01:00:00Z,0.0
2023-03-01T02:00:00Z,0.0
2023-03-01T03:00:00Z,0.0
2023-03-01T04:00:00Z,0.0
2023-03-01T05:00:00Z,2.85
2023-03-01T06:00:00Z,89.8
2023-03-01T07:00:00Z,257.08
2023-03-01T08:00:00Z,452.35
2023-03-01T09:00:00Z,590.55
2023-03-01T10:00:00Z,733.08
2023-03-01T11:00:00Z,718.58
2023-03-01T12:00:00Z,730.47
2023-03-01T13:00:00Z,652.1
2023-03-01T14:00:00Z,436.5
2023-03-01T15:00:00Z,352.0
2023-03-01T16:00:00Z,178.85
2023-03-01T17:00:00Z,43.88
2023-03-01T18:00:00Z,0.0
2023-03-01T19:00:00Z,0.0
2023-03-01T20:00:00Z,0.0
2023-03-01T21:00:00Z,0.0
2023-03-01T22:00:00Z,0.0
2023-03-01T23:00:00Z,0.0
2023-03-02T00:00:00Z,0.0
2023-03-02T01:00:00Z,0.0
2023-03-02T02:00:00Z,0.0
2023-03-02T03:00:00Z,0.0
2023-03-02T04:00:00Z,0.0
2023-03-02T05:00:00Z,0.0
2023-03-02T06:00:00Z,110.4
2023-03-02T07:00:00Z,302.98
2023-03-02T08:00:00Z,523.38
2023-03-02T09:00:00Z,650.0
2023-03-02T10:00:00Z,712.28
2023-03-02T11:00:00Z,781.3
2023-03-02T12:00:00Z,722.85
2023-03-02T13:00:00Z,589.92
2023-03-02T14:00:00Z,491.38
2023-03-02T15:00:00Z,315.58
2023-03-02T16:00:00Z,160.55
2023-03-02T17:00:00Z,39.9
2023-03-02T18:00:00Z,0.0
2023-03-02T19:00:00Z,0.0
2023-03-02T20:00:00Z,0.0
2023-03-02T21:00:00Z,0.0
2023-03-02T22:00:00Z,0.0
2023-03-02T23:00:00Z,0.0
2023-03-03T00:00:00Z,0.0
2023-03-03T01:00:00Z,0.0
2023-03-03T02:00:00Z,0.0
2023-03-03T03:00:00Z,0.0
2023-03-03T04:00:00Z,0.0
2023-03-03T05:00:00Z,0.0
2023-03-03T06:00:00Z,26.42
2023-03-03T07:00:00Z,56.15
2023-03-03T08:00:00Z,92.3
2023-03-03T09:00:00Z,171.43
2023-03-03T10:00:00Z,431.3
2023-03-03T11:00:00Z,482.12
2023-03-03T12:00:00Z,446.67
2023-03-03T13:00:00Z,531.35
2023-03-03T14:00:00Z,429.27
2023-03-03T15:00:00Z,171.2
2023-03-03T16:00:00Z,113.1
2023-03-03T17:00:00Z,29.48
2023-03-03T18:00:00Z,0.0
2023-03-03T19:00:00Z,0.0
2023-03-03T20:00:00Z,0.0
2023-03-03T21:00:00Z,0.0
2023-03-03T22:00:00Z,0.0
2023-03-03T23:00:00Z,0.0
2023-03-04T00:00:00Z,0.0
2023-03-04T01:00:00Z,0.0
2023-03-04T02:00:00Z,0.0
2023-03-04T03:00:00Z,0.0
2023-03-04T04:00:00Z,0.0
2023-03-04T05:00:00Z,0.0
2023-03-04T06:00:00Z,96.47
2023-03-04T07:00:00Z,272.88
2023-03-04T08:00:00Z,477.0
2023-03-04T09:00:00Z,648.92
2023-03-04T10:00:00Z,777.72
2023-03-04T11:00:00Z,807.8
2023-03-04T12:00:00Z,814.92
2023-03-04T13:00:00Z,674.95
2023-03-04T14:00:00Z,486.17
2023-03-04T15:00:00Z,336.02
2023-03-04T16:00:00Z,168.4
2023-03-04T17:00:00Z,27.58
2023-03-04T18:00:00Z,0.0
2023-03-04T19:00:00Z,0.0
2023-03-04T20:00:00Z,0.0
2023-03-04T21:00:00Z,0.0
2023-03-04T22:00:00Z,0.0
2023-03-04T23:00:00Z,0.0
2023-03-05T00:00:00Z,0.0
2023-03-05T01:00:00Z,0.0
2023-03-05T02:00:00Z,0.0
2023-03-05T03:00:00Z,0.0
2023-03-05T04:00:00Z,0.0
2023-03-05T05:00:00Z,0.0
2023-03-05T06:00:00Z,37.78
2023-03-05T07:00:00Z,82.5
2023-03-05T08:00:00Z,81.88
2023-03-05T09:00:00Z,154.82
2023-03-05T10:00:00Z,245.18
2023-03-05T11:00:00Z,239.82
2023-03-05T12:00:00Z,237.77
2023-03-05T13:00:00Z,243.18
2023-03-05T14:00:00Z,197.23
2023-03-05T15:00:00Z,247.32
2023-03-05T16:00:00Z,121.07
2023-03-05T17:00:00Z,27.17
2023-03-05T18:00:00Z,0.0
2023-03-05T19:00:00Z,0.0
2023-03-05T20:00:00Z,0.0
2023-03-05T21:00:00Z,0.0
2023-03-05T22:00:00Z,0.0
2023-03-05T23:00:00Z,0.0
2023-03-06T00:00:00Z,0.0
2023-03-06T01:00:00Z,0.0
2023-03-06T02:00:00Z,0.0
2023-03-06T03:00:00Z,0.0
2023-03-06T04:00:00Z,0.0
2023-03-06T05:00:00Z,0.0
2023-03-06T06:00:00Z,122.25
2023-03-06T07:00:00Z,344.55
2023-03-06T08:00:00Z,572.05
2023-03-06T09:00:00Z,746.72
2023-03-06T10:00:00Z,871.05
2023-03-06T11:00:00Z,936.83
2023-03-06T12:00:00Z,935.85
2023-03-06T13:00:00Z,863.75
2023-03-06T14:00:00Z,699.03
2023-03-06T15:00:00Z,505.62
2023-03-06T16:00:00Z,231.77
2023-03-06T17:00:00Z,65.53
2023-03-06T18:00:00Z,0.0
2023-03-06T19:00:00Z,0.0
2023-03-06T20:00:00Z,0.0
2023-03-06T21:00:00Z,0.0
2023-03-06T22:00:00Z,0.0
2023-03-06T23:00:00Z,0.0
2023-03-07T00:00:00Z,0.0
2023-03-07T01:00:00Z,0.0
2023-03-07T02:00:00Z,0.0
2023-03-07T03:00:00Z,0.0
2023-03-07T04:00:00Z,0.0
2023-03-07T05:00:00Z,0.0
2023-03-07T06:00:00Z,123.25
2023-03-07T07:00:00Z,352.12
2023-03-07T08:00:00Z,605.33
2023-03-07T09:00:00Z,802.8
2023-03-07T10:00:00Z,940.4
2023-03-07T11:00:00Z,916.22
2023-03-07T12:00:00Z,963.92
2023-03-07T13:00:00Z,841.28
2023-03-07T14:00:00Z,708.2
2023-03-07T15:00:00Z,506.3
2023-03-07T16:00:00Z,219.23
2023-03-07T17:00:00Z,63.83
2023-03-07T18:00:00Z,0.0
2023-03-07T19:00:00Z,0.0
2023-03-07T20:00:00Z,0.0
2023-03-07T21:00:00Z,0.0
2023-03-07T22:00:00Z,0.0
2023-03-07T23:00:00Z,0.0
2023-03-08T00:00:00Z,0.0
2023-03-08T01:00:00Z,0.0
2023-03-08T02:00:00Z,0.0
2023-03-08T03:00:00Z,0.0
2023-03-08T04:00:00Z,0.0
2023-03-08T05:00:00Z,0.0
2023-03-08T06:00:00Z,131.32
2023-03-08T07:00:00Z,356.15
2023-03-08T08:00:00Z,576.42
2023-03-08T09:00:00Z,763.8
2023-03-08T10:00:00Z,891.3
2023-03-08T11:00:00Z,960.88
2023-03-08T12:00:00Z,928.78
2023-03-08T13:00:00Z,828.3
2023-03-08T14:00:00Z,665.15
2023-03-08T15:00:00Z,483.7
2023-03-08T16:00:00Z,227.8
2023-03-08T17:00:00Z,63.3
2023-03-08T18:00:00Z,0.0
2023-03-08T19:00:00Z,0.0
2023-03-08T20:00:00Z,0.0
2023-03-08T21:00:00Z,0.0
2023-03-08T22:00:00Z,0.0
2023-03-08T23:00:00Z,0.0
2023-03-09T00:00:00Z,0.0
2023-03-09T01:00:00Z,0.0
2023-03-09T02:00:00Z,0.0
2023-03-09T03:00:00Z,0.0
2023-03-09T04:00:00Z,0.0
2023-03-09T05:00:00Z,0.0
2023-03-09T06:00:00Z,122.68
2023-03-09T07:00:00Z,334.25
2023-03-09T08:00:00Z,547.83
2023-03-09T09:00:00Z,742.12
2023-03-09T10:00:00Z,873.3
2023-03-09T11:00:00Z,916.62
2023-03-09T12:00:00Z,908.03
2023-03-09T13:00:00Z,824.38
2023-03-09T14:00:00Z,687.95
2023-03-09T15:00:00Z,482.23
2023-03-09T16:00:00Z,262.1
2023-03-09T17:00:00Z,61.15
2023-03-09T18:00:00Z,0.0
2023-03-09T19:00:00Z,0.0
2023-03-09T20:00:00Z,0.0
2023-03-09T21:00:00Z,0.0
2023-03-09T22:00:00Z,0.0
2023-03-09T23:00:00Z,0.0
2023-03-10T00:00:00Z,0.0
2023-03-10T01:00:00Z,0.0
2023-03-10T02:00:00Z,0.0
2023-03-10T03:00:00Z,0.0
2023-03-10T04:00:00Z,0.0
2023-03-10T05:00:00Z,0.0
2023-03-10T06:00:00Z,117.65
2023-03-10T07:00:00Z,324.98
2023-03-10T08:00:00Z,579.22
2023-03-10T09:00:00Z,791.2
2023-03-10T10:00:00Z,922.92
2023-03-10T11:00:00Z,961.67
2023-03-10T12:00:00Z,959.97
2023-03-10T13:00:00Z,885.6
2023-03-10T14:00:00Z,718.12
2023-03-10T15:00:00Z,419.85
2023-03-10T16:00:00Z,236.68
2023-03-10T17:00:00Z,54.7
2023-03-10T18:00:00Z,0.0
2023-03-10T19:00:00Z,0.0
2023-03-10T20:00:00Z,0.0
2023-03-10T21:00:00Z,0.0
2023-03-10T22:00:00Z,0.0
2023-03-10T23:00:00Z,0.0
2023-03-11T00:00:00Z,0.0
2023-03-11T01:00:00Z,0.0
2023-03-11T02:00:00Z,0.0
2023-03-11T03:00:00Z,0.0
2023-03-11T04:00:00Z,0.0
2023-03-11T05:00:00Z,0.0
2023-03-11T06:00:00Z,59.92
2023-03-11T07:00:00Z,190.75
2023-03-11T08:00:00Z,389.75
2023-03-11T09:00:00Z,555.5
2023-03-11T10:00:00Z,606.9
2023-03-11T11:00:00Z,650.17
2023-03-11T12:00:00Z,643.65
2023-03-11T13:00:00Z,465.8
2023-03-11T14:00:00Z,334.77
2023-03-11T15:00:00Z,206.65
2023-03-11T16:00:00Z,112.68
2023-03-11T17:00:00Z,27.67
2023-03-11T18:00:00Z,0.0
2023-03-11T19:00:00Z,0.0
2023-03-11T20:00:00Z,0.0
2023-03-11T21:00:00Z,0.0
2023-03-11T22:00:00Z,0.0
2023-03-11T23:00:00Z,0.0
2023-03-12T00:00:00Z,0.0
2023-03-12T01:00:00Z,0.0
2023-03-12T02:00:00Z,0.0
2023-03-12T03:00:00Z,0.0
2023-03-12T04:00:00Z,0.0
2023-03-12T05:00:00Z,0.0
2023-03-12T06:00:00Z,83.9
2023-03-12T07:00:00Z,224.62
2023-03-12T08:00:00Z,376.73
2023-03-12T09:00:00Z,545.65
2023-03-12T10:00:00Z,694.85
2023-03-12T11:00:00Z,697.47
2023-03-12T12:00:00Z,669.78
2023-03-12T13:00:00Z,595.97
2023-03-12T14:00:00Z,512.88
2023-03-12T15:00:00Z,372.6
2023-03-12T16:00:00Z,177.48
2023-03-12T17:00:00Z,41.5
2023-03-12T18:00:00Z,0.0
2023-03-12T19:00:00Z,0.0
2023-03-12T20:00:00Z,0.0
2023-03-12T21:00:00Z,0.0
2023-03-12T22:00:00Z,0.0
2023-03-12T23:00:00Z,0.0
2023-03-13T00:00:00Z,0.0
2023-03-13T01:00:00Z,0.0
2023-03-13T02:00:00Z,0.0
2023-03-13T03:00:00Z,0.0
2023-03-13T04:00:00Z,0.0
2023-03-13T05:00:00Z,0.0
2023-03-13T06:00:00Z,86.9
2023-03-13T07:00:00Z,266.42
2023-03-13T08:00:00Z,466.6
2023-03-13T09:00:00Z,726.4
2023-03-13T10:00:00Z,857.38
2023-03-13T11:00:00Z,801.85
2023-03-13T12:00:00Z,856.9
2023-03-13T13:00:00Z,792.22
2023-03-13T14:00:00Z,634.67
2023-03-13T15:00:00Z,441.35
2023-03-13T16:00:00Z,200.77
2023-03-13T17:00:00Z,46.35
2023-03-13T18:00:00Z,0.0
2023-03-13T19:00:00Z,0.0
2023-03-13T20:00:00Z,0.0
2023-03-13T21:00:00Z,0.0
2023-03-13T22:00:00Z,0.0
2023-03-13T23:00:00Z,0.0
2023-03-14T00:00:00Z,0.0
2023-03-14T01:00:00Z,0.0
2023-03-14T02:00:00Z,0.0
2023-03-14T03:00:00Z,0.0
2023-03-14T04:00:00Z,0.0
2023-03-14T05:00:00Z,0.0
2023-03-14T06:00:00Z,118.53
2023-03-14T07:00:00Z,327.23
2023-03-14T08:00:00Z,572.58
2023-03-14T09:00:00Z,755.22
2023-03-14T10:00:00Z,884.12
2023-03-14T11:00:00Z,943.72
2023-03-14T12:00:00Z,849.8
2023-03-14T13:00:00Z,754.85
2023-03-14T14:00:00Z,624.47
2023-03-14T15:00:00Z,388.65
2023-03-14T16:00:00Z,189.9
2023-03-14T17:00:00Z,46.7
2023-03-14T18:00:00Z,0.0
2023-03-14T19:00:00Z,0.0
2023-03-14T20:00:00Z,0.0
2023-03-14T21:00:00Z,0.0
2023-03-14T22:00:00Z,0.0
2023-03-14T23:00:00Z,0.0
2023-03-15T00:00:00Z,0.0
2023-03-15T01:00:00Z,0.0
2023-03-15T02:00:00Z,0.0
2023-03-15T03:00:00Z,0.0
2023-03-15T04:00:00Z,0.0
2023-03-15T05:00:00Z,0.0
2023-03-15T06:00:00Z,68.95
2023-03-15T07:00:00Z,214.75
2023-03-15T08:00:00Z,356.3
2023-03-15T09:00:00Z,583.47
2023-03-15T10:00:00Z,581.78
2023-03-15T11:00:00Z,731.7
2023-03-15T12:00:00Z,936.15
2023-03-15T13:00:00Z,872.45
2023-03-15T14:00:00Z,703.75
2023-03-15T15:00:00Z,493.23
2023-03-15T16:00:00Z,268.02
2023-03-15T17:00:00Z,53.83
2023-03-15T18:00:00Z,0.0
2023-03-15T19:00:00Z,0.0
2023-03-15T20:00:00Z,0.0
2023-03-15T21:00:00Z,0.0
2023-03-15T22:00:00Z,0.0
2023-03-15T23:00:00Z,0.0
2023-03-16T00:00:00Z,0.0
2023-03-16T01:00:00Z,0.0
2023-03-16T02:00:00Z,0.0
2023-03-16T03:00:00Z,0.0
2023-03-16T04:00:00Z,0.0
2023-03-16T05:00:00Z,0.0
2023-03-16T06:00:00Z,93.3
2023-03-16T07:00:00Z,267.67
2023-03-16T08:00:00Z,452.48
2023-03-16T09:00:00Z,648.72
2023-03-16T10:00:00Z,672.5
2023-03-16T11:00:00Z,653.15
2023-03-16T12:00:00Z,610.2
2023-03-16T13:00:00Z,460.75
2023-03-16T14:00:00Z,400.08
2023-03-16T15:00:00Z,222.07
2023-03-16T16:00:00Z,103.03
2023-03-16T17:00:00Z,17.0
2023-03-16T18:00:00Z,0.0
2023-03-16T19:00:00Z,0.0
2023-03-16T20:00:00Z,0.0
2023-03-16T21:00:00Z,0.0
2023-03-16T22:00:00Z,0.0
2023-03-16T23:00:00Z,0.0
2023-03-17T00:00:00Z,0.0
2023-03-17T01:00:00Z,0.0
2023-03-17T02:00:00Z,0.0
2023-03-17T03:00:00Z,0.0
2023-03-17T04:00:00Z,0.0
2023-03-17T05:00:00Z,0.0
2023-03-17T06:00:00Z,51.6
2023-03-17T07:00:00Z,191.32
2023-03-17T08:00:00Z,338.85
2023-03-17T09:00:00Z,529.05
2023-03-17T10:00:00Z,666.92
2023-03-17T11:00:00Z,726.78
2023-03-17T12:00:00Z,579.65
2023-03-17T13:00:00Z,411.45
2023-03-17T14:00:00Z,388.1
2023-03-17T15:00:00Z,289.5
2023-03-17T16:00:00Z,138.9
2023-03-17T17:00:00Z,22.65
2023-03-17T18:00:00Z,0.0
2023-03-17T19:00:00Z,0.0
2023-03-17T20:00:00Z,0.0
2023-03-17T21:00:00Z,0.0
2023-03-17T22:00:00Z,0.0
2023-03-17T23:00:00Z,0.0
2023-03-18T00:00:00Z,0.0
2023-03-18T01:00:00Z,0.0
2023-03-18T02:00:00Z,0.0
2023-03-18T03:00:00Z,0.0
2023-03-18T04:00:00Z,0.0
2023-03-18T05:00:00Z,0.0
2023-03-18T06:00:00Z,30.5
2023-03-18T07:00:00Z,90.72
2023-03-18T08:00:00Z,179.43
2023-03-18T09:00:00Z,293.55
2023-03-18T10:00:00Z,312.67
2023-03-18T11:00:00Z,281.75
2023-03-18T12:00:00Z,183.0
2023-03-18T13:00:00Z,150.35
2023-03-18T14:00:00Z,69.82
2023-03-18T15:00:00Z,40.28
2023-03-18T16:00:00Z,22.6
2023-03-18T17:00:00Z,5.55
2023-03-18T18:00:00Z,0.0
2023-03-18T19:00:00Z,0.0
2023-03-18T20:00:00Z,0.0
2023-03-18T21:00:00Z,0.0
2023-03-18T22:00:00Z,0.0
2023-03-18T23:00:00Z,0.0
2023-03-19T00:00:00Z,0.0
2023-03-19T01:00:00Z,0.0
2023-03-19T02:00:00Z,0.0
2023-03-19T03:00:00Z,0.0
2023-03-19T04:00:00Z,0.0
2023-03-19T05:00:00Z,0.0
2023-03-19T06:00:00Z,28.6
2023-03-19T07:00:00Z,67.3
2023-03-19T08:00:00Z,99.2
2023-03-19T09:00:00Z,120.82
2023-03-19T10:00:00Z,161.88
2023-03-19T11:00:00Z,182.95
2023-03-19T12:00:00Z,245.2
2023-03-19T13:00:00Z,255.93
2023-03-19T14:00:00Z,185.88
2023-03-19T15:00:00Z,154.5
2023-03-19T16:00:00Z,76.1
2023-03-19T17:00:00Z,12.65
2023-03-19T18:00:00Z,0.0
2023-03-19T19:00:00Z,0.0
2023-03-19T20:00:00Z,0.0
2023-03-19T21:00:00Z,0.0
2023-03-19T22:00:00Z,0.0
2023-03-19T23:00:00Z,0.0
2023-03-20T00:00:00Z,0.0
2023-03-20T01:00:00Z,0.0
2023-03-20T02:00:00Z,0.0
2023-03-20T03:00:00Z,0.0
2023-03-20T04:00:00Z,0.0
2023-03-20T05:00:00Z,0.0
2023-03-20T06:00:00Z,47.6
2023-03-20T07:00:00Z,157.55
2023-03-20T08:00:00Z,291.83
2023-03-20T09:00:00Z,412.67
2023-03-20T10:00:00Z,434.73
2023-03-20T11:00:00Z,326.02
2023-03-20T12:00:00Z,253.85
2023-03-20T13:00:00Z,91.82
2023-03-20T14:00:00Z,120.07
2023-03-20T15:00:00Z,57.6
2023-03-20T16:00:00Z,57.62
2023-03-20T17:00:00Z,10.95
2023-03-20T18:00:00Z,0.0
2023-03-20T19:00:00Z,0.0
2023-03-20T20:00:00Z,0.0
2023-03-20T21:00:00Z,0.0
2023-03-20T22:00:00Z,0.0
2023-03-20T23:00:00Z,0.0
2023-03-21T00:00:00Z,0.0
2023-03-21T01:00:00Z,0.0
2023-03-21T02:00:00Z,0.0
2023-03-21T03:00:00Z,0.0
2023-03-21T04:00:00Z,0.0
2023-03-21T05:00:00Z,0.0
2023-03-21T06:00:00Z,64.3
2023-03-21T07:00:00Z,221.43
2023-03-21T08:00:00Z,406.4
2023-03-21T09:00:00Z,443.52
2023-03-21T10:00:00Z,484.42
2023-03-21T11:00:00Z,552.88
2023-03-21T12:00:00Z,574.05
2023-03-21T13:00:00Z,514.25
2023-03-21T14:00:00Z,416.0
2023-03-21T15:00:00Z,282.08
2023-03-21T16:00:00Z,143.65
2023-03-21T17:00:00Z,18.4
2023-03-21T18:00:00Z,0.0
2023-03-21T19:00:00Z,0.0
2023-03-21T20:00:00Z,0.0
2023-03-21T21:00:00Z,0.0
2023-03-21T22:00:00Z,0.0
2023-03-21T23:00:00Z,0.0
2023-03-22T00:00:00Z,0.0
2023-03-22T01:00:00Z,0.0
2023-03-22T02:00:00Z,0.0
2023-03-22T03:00:00Z,0.0
2023-03-22T04:00:00Z,0.0
2023-03-22T05:00:00Z,0.0
2023-03-22T06:00:00Z,54.65
2023-03-22T07:00:00Z,181.1
2023-03-22T08:00:00Z,322.9
2023-03-22T09:00:00Z,424.95
2023-03-22T10:00:00Z,520.9
2023-03-22T11:00:00Z,589.3
2023-03-22T12:00:00Z,575.12
2023-03-22T13:00:00Z,492.25
2023-03-22T14:00:00Z,388.17
2023-03-22T15:00:00Z,225.98
2023-03-22T16:00:00Z,125.5
2023-03-22T17:00:00Z,17.0
2023-03-22T18:00:00Z,0.0
2023-03-22T19:00:00Z,0.0
2023-03-22T20:00:00Z,0.0
2023-03-22T21:00:00Z,0.0
2023-03-22T22:00:00Z,0.0
2023-03-22T23:00:00Z,0.0
2023-03-23T00:00:00Z,0.0
2023-03-23T01:00:00Z,0.0
2023-03-23T02:00:00Z,0.0
2023-03-23T03:00:00Z,0.0
2023-03-23T04:00:00Z,0.0
2023-03-23T05:00:00Z,0.0
2023-03-23T06:00:00Z,61.72
2023-03-23T07:00:00Z,176.68
2023-03-23T08:00:00Z,322.73
2023-03-23T09:00:00Z,455.67
2023-03-23T10:00:00Z,576.83
2023-03-23T11:00:00Z,662.65
2023-03-23T12:00:00Z,722.35
2023-03-23T13:00:00Z,624.88
2023-03-23T14:00:00Z,363.0
2023-03-23T15:00:00Z,252.5
2023-03-23T16:00:00Z,138.98
2023-03-23T17:00:00Z,20.4
2023-03-23T18:00:00Z,0.0
2023-03-23T19:00:00Z,0.0
2023-03-23T20:00:00Z,0.0
2023-03-23T21:00:00Z,0.0
2023-03-23T22:00:00Z,0.0
2023-03-23T23:00:00Z,0.0
2023-03-24T00:00:00Z,0.0
2023-03-24T01:00:00Z,0.0
2023-03-24T02:00:00Z,0.0
2023-03-24T03:00:00Z,0.0
2023-03-24T04:00:00Z,0.0
2023-03-24T05:00:00Z,0.0
2023-03-24T06:00:00Z,79.95
2023-03-24T07:00:00Z,257.33
2023-03-24T08:00:00Z,460.67
2023-03-24T09:00:00Z,646.7
2023-03-24T10:00:00Z,693.15
2023-03-24T11:00:00Z,680.03
2023-03-24T12:00:00Z,621.08
2023-03-24T13:00:00Z,466.17
2023-03-24T14:00:00Z,378.88
2023-03-24T15:00:00Z,314.15
2023-03-24T16:00:00Z,144.68
2023-03-24T17:00:00Z,21.6
2023-03-24T18:00:00Z,0.0
2023-03-24T19:00:00Z,0.0
2023-03-24T20:00:00Z,0.0
2023-03-24T21:00:00Z,0.0
2023-03-24T22:00:00Z,0.0
2023-03-24T23:00:00Z,0.0
2023-03-25T00:00:00Z,0.0
2023-03-25T01:00:00Z,0.0
2023-03-25T02:00:00Z,0.0
2023-03-25T03:00:00Z,0.0
2023-03-25T04:00:00Z,0.0
2023-03-25T05:00:00Z,0.0
2023-03-25T06:00:00Z,46.3
2023-03-25T07:00:00Z,162.6
2023-03-25T08:00:00Z,313.15
2023-03-25T09:00:00Z,480.12
2023-03-25T10:00:00Z,520.4
2023-03-25T11:00:00Z,633.3
2023-03-25T12:00:00Z,627.8
2023-03-25T13:00:00Z,552.45
2023-03-25T14:00:00Z,409.38
2023-03-25T15:00:00Z,263.75
2023-03-25T16:00:00Z,134.18
2023-03-25T17:00:00Z,15.48
2023-03-25T18:00:00Z,0.0
2023-03-25T19:00:00Z,0.0
2023-03-25T20:00:00Z,0.0
2023-03-25T21:00:00Z,0.0
2023-03-25T22:00:00Z,0.0
2023-03-25T23:00:00Z,0.0
2023-03-26T00:00:00Z,0.0
2023-03-26T01:00:00Z,0.0
2023-03-26T02:00:00Z,0.0
2023-03-26T03:00:00Z,0.0
2023-03-26T04:00:00Z,0.0
2023-03-26T05:00:00Z,0.0
2023-03-26T06:00:00Z,38.33
2023-03-26T07:00:00Z,129.0
2023-03-26T08:00:00Z,252.23
2023-03-26T09:00:00Z,265.17
2023-03-26T10:00:00Z,415.42
2023-03-26T11:00:00Z,405.58
2023-03-26T12:00:00Z,441.38
2023-03-26T13:00:00Z,346.6
2023-03-26T14:00:00Z,383.45
2023-03-26T15:00:00Z,230.75
2023-03-26T16:00:00Z,111.32
2023-03-26T17:00:00Z,12.8
2023-03-26T18:00:00Z,0.0
2023-03-26T19:00:00Z,0.0
2023-03-26T20:00:00Z,0.0
2023-03-26T21:00:00Z,0.0
2023-03-26T22:00:00Z,0.0
2023-03-26T23:00:00Z,0.0
2023-03-27T00:00:00Z,0.0
2023-03-27T01:00:00Z,0.0
2023-03-27T02:00:00Z,0.0
2023-03-27T03:00:00Z,0.0
2023-03-27T04:00:00Z,0.0
2023-03-27T05:00:00Z,0.0
2023-03-27T06:00:00Z,10.45
2023-03-27T07:00:00Z,27.52
2023-03-27T08:00:00Z,42.83
2023-03-27T09:00:00Z,64.2
2023-03-27T10:00:00Z,111.78
2023-03-27T11:00:00Z,123.85
2023-03-27T12:00:00Z,390.9
2023-03-27T13:00:00Z,415.08
2023-03-27T14:00:00Z,291.3
2023-03-27T15:00:00Z,230.15
2023-03-27T16:00:00Z,107.0
2023-03-27T17:00:00Z,16.3
2023-03-27T18:00:00Z,0.0
2023-03-27T19:00:00Z,0.0
2023-03-27T20:00:00Z,0.0
2023-03-27T21:00:00Z,0.0
2023-03-27T22:00:00Z,0.0
2023-03-27T23:00:00Z,0.0
2023-03-28T00:00:00Z,0.0
2023-03-28T01:00:00Z,0.0
2023-03-28T02:00:00Z,0.0
2023-03-28T03:00:00Z,0.0
2023-03-28T04:00:00Z,0.0
2023-03-28T05:00:00Z,0.0
2023-03-28T06:00:00Z,84.47
2023-03-28T07:00:00Z,281.7
2023-03-28T08:00:00Z,515.62
2023-03-28T09:00:00Z,714.38
2023-03-28T10:00:00Z,846.65
2023-03-28T11:00:00Z,884.25
2023-03-28T12:00:00Z,843.7
2023-03-28T13:00:00Z,766.17
2023-03-28T14:00:00Z,625.83
2023-03-28T15:00:00Z,435.55
2023-03-28T16:00:00Z,218.6
2023-03-28T17:00:00Z,27.2
2023-03-28T18:00:00Z,0.0
2023-03-28T19:00:00Z,0.0
2023-03-28T20:00:00Z,0.0
2023-03-28T21:00:00Z,0.0
2023-03-28T22:00:00Z,0.0
2023-03-28T23:00:00Z,0.0
2023-03-29T00:00:00Z,0.0
2023-03-29T01:00:00Z,0.0
2023-03-29T02:00:00Z,0.0
2023-03-29T03:00:00Z,0.0
2023-03-29T04:00:00Z,0.0
2023-03-29T05:00:00Z,0.0
2023-03-29T06:00:00Z,100.55
2023-03-29T07:00:00Z,315.33
2023-03-29T08:00:00Z,545.28
2023-03-29T09:00:00Z,711.97
2023-03-29T10:00:00Z,836.2
2023-03-29T11:00:00Z,876.15
2023-03-29T12:00:00Z,835.47
2023-03-29T13:00:00Z,731.85
2023-03-29T14:00:00Z,625.72
2023-03-29T15:00:00Z,436.55
2023-03-29T16:00:00Z,216.18
2023-03-29T17:00:00Z,25.92
2023-03-29T18:00:00Z,0.0
2023-03-29T19:00:00Z,0.0
2023-03-29T20:00:00Z,0.0
2023-03-29T21:00:00Z,0.0
2023-03-29T22:00:00Z,0.0
2023-03-29T23:00:00Z,0.0
2023-03-30T00:00:00Z,0.0
2023-03-30T01:00:00Z,0.0
2023-03-30T02:00:00Z,0.0
2023-03-30T03:00:00Z,0.0
2023-03-30T04:00:00Z,0.0
2023-03-30T05:00:00Z,0.0
2023-03-30T06:00:00Z,103.25
2023-03-30T07:00:00Z,331.7
2023-03-30T08:00:00Z,550.9
2023-03-30T09:00:00Z,734.8
2023-03-30T10:00:00Z,864.72
2023-03-30T11:00:00Z,913.42
2023-03-30T12:00:00Z,899.65
2023-03-30T13:00:00Z,812.05
2023-03-30T14:00:00Z,653.28
2023-03-30T15:00:00Z,444.73
2023-03-30T16:00:00Z,218.68
2023-03-30T17:00:00Z,24.65
2023-03-30T18:00:00Z,0.0
2023-03-30T19:00:00Z,0.0
2023-03-30T20:00:00Z,0.0
2023-03-30T21:00:00Z,0.0
2023-03-30T22:00:00Z,0.0
2023-03-30T23:00:00Z,0.0
2023-03-31T00:00:00Z,0.0
2023-03-31T01:00:00Z,0.0
2023-03-31T02:00:00Z,0.0
2023-03-31T03:00:00Z,0.0
2023-03-31T04:00:00Z,0.0
2023-03-31T05:00:00Z,0.0
2023-03-31T06:00:00Z,102.38
2023-03-31T07:00:00Z,329.3
2023-03-31T08:00:00Z,546.25
2023-03-31T09:00:00Z,731.62
2023-03-31T10:00:00Z,848.12
2023-03-31T11:00:00Z,899.45
2023-03-31T12:00:00Z,893.22
2023-03-31T13:00:00Z,760.85
2023-03-31T14:00:00Z,640.3
2023-03-31T15:00:00Z,430.48
2023-03-31T16:00:00Z,216.07
2023-03-31T17:00:00Z,24.48
2023-03-31T18:00:00Z,0.0
2023-03-31T19:00:00Z,0.0
2023-03-31T20:00:00Z,0.0
2023-03-31T21:00:00Z,0.0
2023-03-31T22:00:00Z,0.0
2023-03-31T23:00:00Z,0.0
2023-04-01T00:00:00Z,0.0
2023-04-01T01:00:00Z,0.0
2023-04-01T02:00:00Z,0.0
2023-04-01T03:00:00Z,0.0
2023-04-01T04:00:00Z,0.0
2023-04-01T05:00:00Z,0.0
2023-04-01T06:00:00Z,86.35
2023-04-01T07:00:00Z,267.33
2023-04-01T08:00:00Z,504.4
2023-04-01T09:00:00Z,686.33
2023-04-01T10:00:00Z,814.45
2023-04-01T11:00:00Z,878.15
2023-04-01T12:00:00Z,848.97
2023-04-01T13:00:00Z,761.78
2023-04-01T14:00:00Z,617.42
2023-04-01T15:00:00Z,400.4
2023-04-01T16:00:00Z,201.9
2023-04-01T17:00:00Z,22.58
2023-04-01T18:00:00Z,0.0
2023-04-01T19:00:00Z,0.0
2023-04-01T20:00:00Z,0.0
2023-04-01T21:00:00Z,0.0
2023-04-01T22:00:00Z,0.0
2023-04-01T23:00:00Z,0.0
2023-04-02T00:00:00Z,0.0
2023-04-02T01:00:00Z,0.0
2023-04-02T02:00:00Z,0.0
2023-04-02T03:00:00Z,0.0
2023-04-02T04:00:00Z,0.0
2023-04-02T05:00:00Z,0.0
2023-04-02T06:00:00Z,98.72
2023-04-02T07:00:00Z,323.9
2023-04-02T08:00:00Z,540.42
2023-04-02T09:00:00Z,716.03
2023-04-02T10:00:00Z,817.88
2023-04-02T11:00:00Z,889.72
2023-04-02T12:00:00Z,870.83
2023-04-02T13:00:00Z,777.38
2023-04-02T14:00:00Z,624.8
2023-04-02T15:00:00Z,395.6
2023-04-02T16:00:00Z,192.12
2023-04-02T17:00:00Z,20.1
2023-04-02T18:00:00Z,0.0
2023-04-02T19:00:00Z,0.0
2023-04-02T20:00:00Z,0.0
2023-04-02T21:00:00Z,0.0
2023-04-02T22:00:00Z,0.0
2023-04-02T23:00:00Z,0.0
2023-04-03T00:00:00Z,0.0
2023-04-03T01:00:00Z,0.0
2023-04-03T02:00:00Z,0.0
2023-04-03T03:00:00Z,0.0
2023-04-03T04:00:00Z,0.0
2023-04-03T05:00:00Z,0.0
2023-04-03T06:00:00Z,92.6
2023-04-03T07:00:00Z,306.27
2023-04-03T08:00:00Z,513.55
2023-04-03T09:00:00Z,692.17
2023-04-03T10:00:00Z,823.25
2023-04-03T11:00:00Z,864.17
2023-04-03T12:00:00Z,826.5
2023-04-03T13:00:00Z,784.4
2023-04-03T14:00:00Z,633.03
2023-04-03T15:00:00Z,433.33
2023-04-03T16:00:00Z,205.2
2023-04-03T17:00:00Z,19.9
2023-04-03T18:00:00Z,0.0
2023-04-03T19:00:00Z,0.0
2023-04-03T20:00:00Z,0.0
2023-04-03T21:00:00Z,0.0
2023-04-03T22:00:00Z,0.0
2023-04-03T23:00:00Z,0.0
2023-04-04T00:00:00Z,0.0
2023-04-04T01:00:00Z,0.0
2023-04-04T02:00:00Z,0.0
2023-04-04T03:00:00Z,0.0
2023-04-04T04:00:00Z,0.0
2023-04-04T05:00:00Z,0.0
2023-04-04T06:00:00Z,92.18
2023-04-04T07:00:00Z,316.4
2023-04-04T08:00:00Z,531.38
2023-04-04T09:00:00Z,713.78
2023-04-04T10:00:00Z,833.25
2023-04-04T11:00:00Z,855.25
2023-04-04T12:00:00Z,866.67
2023-04-04T13:00:00Z,724.03
2023-04-04T14:00:00Z,596.2
2023-04-04T15:00:00Z,382.95
2023-04-04T16:00:00Z,186.88
2023-04-04T17:00:00Z,17.27
2023-04-04T18:00:00Z,0.0
2023-04-04T19:00:00Z,0.0
2023-04-04T20:00:00Z,0.0
2023-04-04T21:00:00Z,0.0
2023-04-04T22:00:00Z,0.0
2023-04-04T23:00:00Z,0.0
2023-04-05T00:00:00Z,0.0
2023-04-05T01:00:00Z,0.0
2023-04-05T02:00:00Z,0.0
2023-04-05T03:00:00Z,0.0
2023-04-05T04:00:00Z,0.0
2023-04-05T05:00:00Z,0.0
2023-04-05T06:00:00Z,94.22
2023-04-05T07:00:00Z,323.35
2023-04-05T08:00:00Z,546.42
2023-04-05T09:00:00Z,722.08
2023-04-05T10:00:00Z,819.97
2023-04-05T11:00:00Z,865.75
2023-04-05T12:00:00Z,861.5
2023-04-05T13:00:00Z,770.35
2023-04-05T14:00:00Z,636.45
2023-04-05T15:00:00Z,430.12
2023-04-05T16:00:00Z,197.35
2023-04-05T17:00:00Z,16.92
2023-04-05T18:00:00Z,0.0
2023-04-05T19:00:00Z,0.0
2023-04-05T20:00:00Z,0.0
2023-04-05T21:00:00Z,0.0
2023-04-05T22:00:00Z,0.0
2023-04-05T23:00:00Z,0.0
2023-04-06T00:00:00Z,0.0
2023-04-06T01:00:00Z,0.0
2023-04-06T02:00:00Z,0.0
2023-04-06T03:00:00Z,0.0
2023-04-06T04:00:00Z,0.0
2023-04-06T05:00:00Z,0.0
2023-04-06T06:00:00Z,24.88
2023-04-06T07:00:00Z,89.45
2023-04-06T08:00:00Z,167.93
2023-04-06T09:00:00Z,404.27
2023-04-06T10:00:00Z,672.15
2023-04-06T11:00:00Z,850.15
2023-04-06T12:00:00Z,755.35
2023-04-06T13:00:00Z,684.8
2023-04-06T14:00:00Z,486.15
2023-04-06T15:00:00Z,337.52
2023-04-06T16:00:00Z,146.35
2023-04-06T17:00:00Z,13.82
2023-04-06T18:00:00Z,0.0
2023-04-06T19:00:00Z,0.0
2023-04-06T20:00:00Z,0.0
2023-04-06T21:00:00Z,0.0
2023-04-06T22:00:00Z,0.0
2023-04-06T23:00:00Z,0.0
2023-04-07T00:00:00Z,0.0
2023-04-07T01:00:00Z,0.0
2023-04-07T02:00:00Z,0.0
2023-04-07T03:00:00Z,0.0
2023-04-07T04:00:00Z,0.0
2023-04-07T05:00:00Z,0.0
2023-04-07T06:00:00Z,39.97
2023-04-07T07:00:00Z,169.82
2023-04-07T08:00:00Z,345.0
2023-04-07T09:00:00Z,472.85
2023-04-07T10:00:00Z,655.62
2023-04-07T11:00:00Z,799.5
2023-04-07T12:00:00Z,730.38
2023-04-07T13:00:00Z,577.5
2023-04-07T14:00:00Z,505.85
2023-04-07T15:00:00Z,327.6
2023-04-07T16:00:00Z,149.3
2023-04-07T17:00:00Z,13.4
2023-04-07T18:00:00Z,0.0
2023-04-07T19:00:00Z,0.0
2023-04-07T20:00:00Z,0.0
2023-04-07T21:00:00Z,0.0
2023-04-07T22:00:00Z,0.0
2023-04-07T23:00:00Z,0.0
2023-04-08T00:00:00Z,0.0
2023-04-08T01:00:00Z,0.0
2023-04-08T02:00:00Z,0.0
2023-04-08T03:00:00Z,0.0
2023-04-08T04:00:00Z,0.0
2023-04-08T05:00:00Z,0.0
2023-04-08T06:00:00Z,85.25
2023-04-08T07:00:00Z,297.58
2023-04-08T08:00:00Z,507.2
2023-04-08T09:00:00Z,682.53
2023-04-08T10:00:00Z,790.78
2023-04-08T11:00:00Z,837.67
2023-04-08T12:00:00Z,817.5
2023-04-08T13:00:00Z,695.05
2023-04-08T14:00:00Z,582.9
2023-04-08T15:00:00Z,393.33
2023-04-08T16:00:00Z,180.25
2023-04-08T17:00:00Z,14.52
2023-04-08T18:00:00Z,0.0
2023-04-08T19:00:00Z,0.0
2023-04-08T20:00:00Z,0.0
2023-04-08T21:00:00Z,0.0
2023-04-08T22:00:00Z,0.0
2023-04-08T23:00:00Z,0.0
2023-04-09T00:00:00Z,0.0
2023-04-09T01:00:00Z,0.0
2023-04-09T02:00:00Z,0.0
2023-04-09T03:00:00Z,0.0
2023-04-09T04:00:00Z,0.0
2023-04-09T05:00:00Z,0.0
2023-04-09T06:00:00Z,94.47
2023-04-09T07:00:00Z,325.73
2023-04-09T08:00:00Z,543.45
2023-04-09T09:00:00Z,714.83
2023-04-09T10:00:00Z,830.62
2023-04-09T11:00:00Z,881.55
2023-04-09T12:00:00Z,857.47
2023-04-09T13:00:00Z,771.25
2023-04-09T14:00:00Z,618.5
2023-04-09T15:00:00Z,413.1
2023-04-09T16:00:00Z,188.27
2023-04-09T17:00:00Z,14.02
2023-04-09T18:00:00Z,0.0
2023-04-09T19:00:00Z,0.0
2023-04-09T20:00:00Z,0.0
2023-04-09T21:00:00Z,0.0
2023-04-09T22:00:00Z,0.0
2023-04-09T23:00:00Z,0.0
2023-04-10T00:00:00Z,0.0
2023-04-10T01:00:00Z,0.0
2023-04-10T02:00:00Z,0.0
2023-04-10T03:00:00Z,0.0
2023-04-10T04:00:00Z,0.0
2023-04-10T05:00:00Z,0.0
2023-04-10T06:00:00Z,75.35
2023-04-10T07:00:00Z,281.55
2023-04-10T08:00:00Z,488.38
2023-04-10T09:00:00Z,681.15
2023-04-10T10:00:00Z,828.12
2023-04-10T11:00:00Z,882.4
2023-04-10T12:00:00Z,858.9
2023-04-10T13:00:00Z,766.53
2023-04-10T14:00:00Z,611.08
2023-04-10T15:00:00Z,412.42
2023-04-10T16:00:00Z,186.35
2023-04-10T17:00:00Z,13.2
2023-04-10T18:00:00Z,0.0
2023-04-10T19:00:00Z,0.0
2023-04-10T20:00:00Z,0.0
2023-04-10T21:00:00Z,0.0
2023-04-10T22:00:00Z,0.0
2023-04-10T23:00:00Z,0.0
2023-04-11T00:00:00Z,0.0
2023-04-11T01:00:00Z,0.0
2023-04-11T02:00:00Z,0.0
2023-04-11T03:00:00Z,0.0
2023-04-11T04:00:00Z,0.0
2023-04-11T05:00:00Z,0.0
2023-04-11T06:00:00Z,79.97
2023-04-11T07:00:00Z,281.8
2023-04-11T08:00:00Z,480.48
2023-04-11T09:00:00Z,661.2
2023-04-11T10:00:00Z,759.75
2023-04-11T11:00:00Z,791.03
2023-04-11T12:00:00Z,777.05
2023-04-11T13:00:00Z,673.95
2023-04-11T14:00:00Z,543.22
2023-04-11T15:00:00Z,357.5
2023-04-11T16:00:00Z,156.57
2023-04-11T17:00:00Z,11.5
2023-04-11T18:00:00Z,0.0
2023-04-11T19:00:00Z,0.0
2023-04-11T20:00:00Z,0.0
2023-04-11T21:00:00Z,0.0
2023-04-11T22:00:00Z,0.0
2023-04-11T23:00:00Z,0.0
2023-04-12T00:00:00Z,0.0
2023-04-12T01:00:00Z,0.0
2023-04-12T02:00:00Z,0.0
2023-04-12T03:00:00Z,0.0
2023-04-12T04:00:00Z,0.0
2023-04-12T05:00:00Z,0.0
2023-04-12T06:00:00Z,77.9
2023-04-12T07:00:00Z,279.15
2023-04-12T08:00:00Z,475.27
2023-04-12T09:00:00Z,613.25
2023-04-12T10:00:00Z,738.4
2023-04-12T11:00:00Z,830.0
2023-04-12T12:00:00Z,806.33
2023-04-12T13:00:00Z,698.92
2023-04-12T14:00:00Z,550.25
2023-04-12T15:00:00Z,356.85
2023-04-12T16:00:00Z,151.0
2023-04-12T17:00:00Z,10.68
2023-04-12T18:00:00Z,0.0
2023-04-12T19:00:00Z,0.0
2023-04-12T20:00:00Z,0.0
2023-04-12T21:00:00Z,0.0
2023-04-12T22:00:00Z,0.0
2023-04-12T23:00:00Z,0.0
2023-04-13T00:00:00Z,0.0
2023-04-13T01:00:00Z,0.0
2023-04-13T02:00:00Z,0.0
2023-04-13T03:00:00Z,0.0
2023-04-13T04:00:00Z,0.0
2023-04-13T05:00:00Z,0.0
2023-04-13T06:00:00Z,85.1
2023-04-13T07:00:00Z,311.08
2023-04-13T08:00:00Z,526.25
2023-04-13T09:00:00Z,702.28
2023-04-13T10:00:00Z,823.62
2023-04-13T11:00:00Z,876.55
2023-04-13T12:00:00Z,858.28
2023-04-13T13:00:00Z,757.5
2023-04-13T14:00:00Z,609.75
2023-04-13T15:00:00Z,404.02
2023-04-13T16:00:00Z,173.12
2023-04-13T17:00:00Z,10.45
2023-04-13T18:00:00Z,0.0
2023-04-13T19:00:00Z,0.0
2023-04-13T20:00:00Z,0.0
2023-04-13T21:00:00Z,0.0
2023-04-13T22:00:00Z,0.0
2023-04-13T23:00:00Z,0.0
2023-04-14T00:00:00Z,0.0
2023-04-14T01:00:00Z,0.0
2023-04-14T02:00:00Z,0.0
2023-04-14T03:00:00Z,0.0
2023-04-14T04:00:00Z,0.0
2023-04-14T05:00:00Z,0.0
2023-04-14T06:00:00Z,70.28
2023-04-14T07:00:00Z,266.6
2023-04-14T08:00:00Z,476.75
2023-04-14T09:00:00Z,602.15
2023-04-14T10:00:00Z,737.3
2023-04-14T11:00:00Z,754.62
2023-04-14T12:00:00Z,743.1
2023-04-14T13:00:00Z,693.2
2023-04-14T14:00:00Z,475.65
2023-04-14T15:00:00Z,327.9
2023-04-14T16:00:00Z,146.12
2023-04-14T17:00:00Z,9.2
2023-04-14T18:00:00Z,0.0
2023-04-14T19:00:00Z,0.0
2023-04-14T20:00:00Z,0.0
2023-04-14T21:00:00Z,0.0
2023-04-14T22:00:00Z,0.0
2023-04-14T23:00:00Z,0.0
2023-04-15T00:00:00Z,0.0
2023-04-15T01:00:00Z,0.0
2023-04-15T02:00:00Z,0.0
2023-04-15T03:00:00Z,0.0
2023-04-15T04:00:00Z,0.0
2023-04-15T05:00:00Z,0.0
2023-04-15T06:00:00Z,56.12
2023-04-15T07:00:00Z,220.77
2023-04-15T08:00:00Z,403.67
2023-04-15T09:00:00Z,520.47
2023-04-15T10:00:00Z,601.78
2023-04-15T11:00:00Z,637.1
2023-04-15T12:00:00Z,623.8
2023-04-15T13:00:00Z,539.35
2023-04-15T14:00:00Z,405.55
2023-04-15T15:00:00Z,247.5
2023-04-15T16:00:00Z,102.38
2023-04-15T17:00:00Z,4.3
2023-04-15T18:00:00Z,0.0
2023-04-15T19:00:00Z,0.0
2023-04-15T20:00:00Z,0.0
2023-04-15T21:00:00Z,0.0
2023-04-15T22:00:00Z,0.0
2023-04-15T23:00:00Z,0.0
2023-04-16T00:00:00Z,0.0
2023-04-16T01:00:00Z,0.0
2023-04-16T02:00:00Z,0.0
2023-04-16T03:00:00Z,0.0
2023-04-16T04:00:00Z,0.0
2023-04-16T05:00:00Z,0.0
2023-04-16T06:00:00Z,16.25
2023-04-16T07:00:00Z,55.42
2023-04-16T08:00:00Z,89.68
2023-04-16T09:00:00Z,196.77
2023-04-16T10:00:00Z,310.77
2023-04-16T11:00:00Z,442.88
2023-04-16T12:00:00Z,393.52
2023-04-16T13:00:00Z,289.38
2023-04-16T14:00:00Z,253.65
2023-04-16T15:00:00Z,144.38
2023-04-16T16:00:00Z,47.15
2023-04-16T17:00:00Z,3.08
2023-04-16T18:00:00Z,0.0
2023-04-16T19:00:00Z,0.0
2023-04-16T20:00:00Z,0.0
2023-04-16T21:00:00Z,0.0
2023-04-16T22:00:00Z,0.0
2023-04-16T23:00:00Z,0.0
2023-04-17T00:00:00Z,0.0
2023-04-17T01:00:00Z,0.0
2023-04-17T02:00:00Z,0.0
2023-04-17T03:00:00Z,0.0
2023-04-17T04:00:00Z,0.0
2023-04-17T05:00:00Z,0.0
2023-04-17T06:00:00Z,12.23
2023-04-17T07:00:00Z,38.47
2023-04-17T08:00:00Z,65.03
2023-04-17T09:00:00Z,175.98
2023-04-17T10:00:00Z,310.58
2023-04-17T11:00:00Z,381.88
2023-04-17T12:00:00Z,361.5
2023-04-17T13:00:00Z,213.95
2023-04-17T14:00:00Z,218.35
2023-04-17T15:00:00Z,141.9
2023-04-17T16:00:00Z,63.33
2023-04-17T17:00:00Z,3.85
2023-04-17T18:00:00Z,0.0
2023-04-17T19:00:00Z,0.0
2023-04-17T20:00:00Z,0.0
2023-04-17T21:00:00Z,0.0
2023-04-17T22:00:00Z,0.0
2023-04-17T23:00:00Z,0.0
2023-04-18T00:00:00Z,0.0
2023-04-18T01:00:00Z,0.0
2023-04-18T02:00:00Z,0.0
2023-04-18T03:00:00Z,0.0
2023-04-18T04:00:00Z,0.0
2023-04-18T05:00:00Z,0.0
2023-04-18T06:00:00Z,31.65
2023-04-18T07:00:00Z,111.28
2023-04-18T08:00:00Z,189.02
2023-04-18T09:00:00Z,263.4
2023-04-18T10:00:00Z,332.3
2023-04-18T11:00:00Z,404.6
2023-04-18T12:00:00Z,465.1
2023-04-18T13:00:00Z,449.83
2023-04-18T14:00:00Z,344.9
2023-04-18T15:00:00Z,215.4
2023-04-18T16:00:00Z,89.1
2023-04-18T17:00:00Z,4.8
2023-04-18T18:00:00Z,0.0
2023-04-18T19:00:00Z,0.0
2023-04-18T20:00:00Z,0.0
2023-04-18T21:00:00Z,0.0
2023-04-18T22:00:00Z,0.0
2023-04-18T23:00:00Z,0.0
2023-04-19T00:00:00Z,0.0
2023-04-19T01:00:00Z,0.0
2023-04-19T02:00:00Z,0.0
2023-04-19T03:00:00Z,0.0
2023-04-19T04:00:00Z,0.0
2023-04-19T05:00:00Z,0.0
2023-04-19T06:00:00Z,52.65
2023-04-19T07:00:00Z,204.85
2023-04-19T08:00:00Z,415.4
2023-04-19T09:00:00Z,530.58
2023-04-19T10:00:00Z,583.05
2023-04-19T11:00:00Z,598.6
2023-04-19T12:00:00Z,524.0
2023-04-19T13:00:00Z,416.75
2023-04-19T14:00:00Z,338.05
2023-04-19T15:00:00Z,181.9
2023-04-19T16:00:00Z,73.57
2023-04-19T17:00:00Z,4.6
2023-04-19T18:00:00Z,0.0
2023-04-19T19:00:00Z,0.0
2023-04-19T20:00:00Z,0.0
2023-04-19T21:00:00Z,0.0
2023-04-19T22:00:00Z,0.0
2023-04-19T23:00:00Z,0.0
2023-04-20T00:00:00Z,0.0
2023-04-20T01:00:00Z,0.0
2023-04-20T02:00:00Z,0.0
2023-04-20T03:00:00Z,0.0
2023-04-20T04:00:00Z,0.0
2023-04-20T05:00:00Z,0.0
2023-04-20T06:00:00Z,71.15
2023-04-20T07:00:00Z,281.2
2023-04-20T08:00:00Z,501.02
2023-04-20T09:00:00Z,682.3
2023-04-20T10:00:00Z,793.47
2023-04-20T11:00:00Z,830.25
2023-04-20T12:00:00Z,790.8
2023-04-20T13:00:00Z,702.9
2023-04-20T14:00:00Z,548.62
2023-04-20T15:00:00Z,358.4
2023-04-20T16:00:00Z,143.55
2023-04-20T17:00:00Z,6.07
2023-04-20T18:00:00Z,0.0
2023-04-20T19:00:00Z,0.0
2023-04-20T20:00:00Z,0.0
2023-04-20T21:00:00Z,0.0
2023-04-20T22:00:00Z,0.0
2023-04-20T23:00:00Z,0.0
2023-04-21T00:00:00Z,0.0
2023-04-21T01:00:00Z,0.0
2023-04-21T02:00:00Z,0.0
2023-04-21T03:00:00Z,0.0
2023-04-21T04:00:00Z,0.0
2023-04-21T05:00:00Z,0.0
2023-04-21T06:00:00Z,57.72
2023-04-21T07:00:00Z,266.38
2023-04-21T08:00:00Z,477.95
2023-04-21T09:00:00Z,657.12
2023-04-21T10:00:00Z,774.38
2023-04-21T11:00:00Z,824.5
2023-04-21T12:00:00Z,807.35
2023-04-21T13:00:00Z,716.83
2023-04-21T14:00:00Z,565.25
2023-04-21T15:00:00Z,349.98
2023-04-21T16:00:00Z,137.18
2023-04-21T17:00:00Z,5.6
2023-04-21T18:00:00Z,0.0
2023-04-21T19:00:00Z,0.0
2023-04-21T20:00:00Z,0.0
2023-04-21T21:00:00Z,0.0
2023-04-21T22:00:00Z,0.0
2023-04-21T23:00:00Z,0.0
2023-04-22T00:00:00Z,0.0
2023-04-22T01:00:00Z,0.0
2023-04-22T02:00:00Z,0.0
2023-04-22T03:00:00Z,0.0
2023-04-22T04:00:00Z,0.0
2023-04-22T05:00:00Z,0.0
2023-04-22T06:00:00Z,49.75
2023-04-22T07:00:00Z,195.8
2023-04-22T08:00:00Z,417.6
2023-04-22T09:00:00Z,583.95
2023-04-22T10:00:00Z,704.03
2023-04-22T11:00:00Z,778.53
2023-04-22T12:00:00Z,771.2
2023-04-22T13:00:00Z,680.33
2023-04-22T14:00:00Z,523.03
2023-04-22T15:00:00Z,310.83
2023-04-22T16:00:00Z,121.57
2023-04-22T17:00:00Z,4.8
2023-04-22T18:00:00Z,0.0
2023-04-22T19:00:00Z,0.0
2023-04-22T20:00:00Z,0.0
2023-04-22T21:00:00Z,0.0
2023-04-22T22:00:00Z,0.0
2023-04-22T23:00:00Z,0.0
2023-04-23T00:00:00Z,0.0
2023-04-23T01:00:00Z,0.0
2023-04-23T02:00:00Z,0.0
2023-04-23T03:00:00Z,0.0
2023-04-23T04:00:00Z,0.0
2023-04-23T05:00:00Z,0.0
2023-04-23T06:00:00Z,61.4
2023-04-23T07:00:00Z,245.3
2023-04-23T08:00:00Z,452.38
2023-04-23T09:00:00Z,628.28
2023-04-23T10:00:00Z,730.8
2023-04-23T11:00:00Z,749.55
2023-04-23T12:00:00Z,660.75
2023-04-23T13:00:00Z,488.17
2023-04-23T14:00:00Z,413.2
2023-04-23T15:00:00Z,266.95
2023-04-23T16:00:00Z,103.82
2023-04-23T17:00:00Z,3.97
2023-04-23T18:00:00Z,0.0
2023-04-23T19:00:00Z,0.0
2023-04-23T20:00:00Z,0.0
2023-04-23T21:00:00Z,0.0
2023-04-23T22:00:00Z,0.0
2023-04-23T23:00:00Z,0.0
2023-04-24T00:00:00Z,0.0
2023-04-24T01:00:00Z,0.0
2023-04-24T02:00:00Z,0.0
2023-04-24T03:00:00Z,0.0
2023-04-24T04:00:00Z,0.0
2023-04-24T05:00:00Z,0.0
2023-04-24T06:00:00Z,67.97
2023-04-24T07:00:00Z,272.5
2023-04-24T08:00:00Z,482.3
2023-04-24T09:00:00Z,608.03
2023-04-24T10:00:00Z,739.2
2023-04-24T11:00:00Z,794.75
2023-04-24T12:00:00Z,735.0
2023-04-24T13:00:00Z,673.62
2023-04-24T14:00:00Z,459.15
2023-04-24T15:00:00Z,275.42
2023-04-24T16:00:00Z,89.82
2023-04-24T17:00:00Z,3.5
2023-04-24T18:00:00Z,0.0
2023-04-24T19:00:00Z,0.0
2023-04-24T20:00:00Z,0.0
2023-04-24T21:00:00Z,0.0
2023-04-24T22:00:00Z,0.0
2023-04-24T23:00:00Z,0.0
2023-04-25T00:00:00Z,0.0
2023-04-25T01:00:00Z,0.0
2023-04-25T02:00:00Z,0.0
2023-04-25T03:00:00Z,0.0
2023-04-25T04:00:00Z,0.0
2023-04-25T05:00:00Z,0.0
2023-04-25T06:00:00Z,49.15
2023-04-25T07:00:00Z,226.62
2023-04-25T08:00:00Z,426.92
2023-04-25T09:00:00Z,590.47
2023-04-25T10:00:00Z,659.75
2023-04-25T11:00:00Z,674.0
2023-04-25T12:00:00Z,574.72
2023-04-25T13:00:00Z,407.62
2023-04-25T14:00:00Z,302.7
2023-04-25T15:00:00Z,192.25
2023-04-25T16:00:00Z,73.32
2023-04-25T17:00:00Z,2.65
2023-04-25T18:00:00Z,0.0
2023-04-25T19:00:00Z,0.0
2023-04-25T20:00:00Z,0.0
2023-04-25T21:00:00Z,0.0
2023-04-25T22:00:00Z,0.0
2023-04-25T23:00:00Z,0.0
2023-04-26T00:00:00Z,0.0
2023-04-26T01:00:00Z,0.0
2023-04-26T02:00:00Z,0.0
2023-04-26T03:00:00Z,0.0
2023-04-26T04:00:00Z,0.0
2023-04-26T05:00:00Z,0.0
2023-04-26T06:00:00Z,32.4
2023-04-26T07:00:00Z,148.68
2023-04-26T08:00:00Z,265.58
2023-04-26T09:00:00Z,403.5
2023-04-26T10:00:00Z,422.7
2023-04-26T11:00:00Z,506.38
2023-04-26T12:00:00Z,447.1
2023-04-26T13:00:00Z,360.3
2023-04-26T14:00:00Z,258.75
2023-04-26T15:00:00Z,170.25
2023-04-26T16:00:00Z,64.72
2023-04-26T17:00:00Z,1.95
2023-04-26T18:00:00Z,0.0
2023-04-26T19:00:00Z,0.0
2023-04-26T20:00:00Z,0.0
2023-04-26T21:00:00Z,0.0
2023-04-26T22:00:00Z,0.0
2023-04-26T23:00:00Z,0.0
2023-04-27T00:00:00Z,0.0
2023-04-27T01:00:00Z,0.0
2023-04-27T02:00:00Z,0.0
2023-04-27T03:00:00Z,0.0
2023-04-27T04:00:00Z,0.0
2023-04-27T05:00:00Z,0.0
2023-04-27T06:00:00Z,14.62
2023-04-27T07:00:00Z,129.35
2023-04-27T08:00:00Z,242.93
2023-04-27T09:00:00Z,348.05
2023-04-27T10:00:00Z,445.8
2023-04-27T11:00:00Z,509.27
2023-04-27T12:00:00Z,498.38
2023-04-27T13:00:00Z,445.6
2023-04-27T14:00:00Z,369.27
2023-04-27T15:00:00Z,215.65
2023-04-27T16:00:00Z,76.45
2023-04-27T17:00:00Z,0.0
2023-04-27T18:00:00Z,0.0
2023-04-27T19:00:00Z,0.0
2023-04-27T20:00:00Z,0.0
2023-04-27T21:00:00Z,0.0
2023-04-27T22:00:00Z,0.0
2023-04-27T23:00:00Z,0.0
2023-04-28T00:00:00Z,0.0
2023-04-28T01:00:00Z,0.0
2023-04-28T02:00:00Z,0.0
2023-04-28T03:00:00Z,0.0
2023-04-28T04:00:00Z,0.0
2023-04-28T05:00:00Z,0.0
2023-04-28T06:00:00Z,53.28
2023-04-28T07:00:00Z,247.02
2023-04-28T08:00:00Z,445.88
2023-04-28T09:00:00Z,632.28
2023-04-28T10:00:00Z,749.1
2023-04-28T11:00:00Z,771.85
2023-04-28T12:00:00Z,667.67
2023-04-28T13:00:00Z,645.47
2023-04-28T14:00:00Z,511.52
2023-04-28T15:00:00Z,323.17
2023-04-28T16:00:00Z,123.45
2023-04-28T17:00:00Z,0.0
2023-04-28T18:00:00Z,0.0
2023-04-28T19:00:00Z,0.0
2023-04-28T20:00:00Z,0.0
2023-04-28T21:00:00Z,0.0
2023-04-28T22:00:00Z,0.0
2023-04-28T23:00:00Z,0.0
2023-04-29T00:00:00Z,0.0
2023-04-29T01:00:00Z,0.0
2023-04-29T02:00:00Z,0.0
2023-04-29T03:00:00Z,0.0
2023-04-29T04:00:00Z,0.0
2023-04-29T05:00:00Z,0.0
2023-04-29T06:00:00Z,42.25
2023-04-29T07:00:00Z,203.68
2023-04-29T08:00:00Z,379.45
2023-04-29T09:00:00Z,496.62
2023-04-29T10:00:00Z,544.85
2023-04-29T11:00:00Z,501.05
2023-04-29T12:00:00Z,400.8
2023-04-29T13:00:00Z,203.45
2023-04-29T14:00:00Z,58.5
2023-04-29T15:00:00Z,36.25
2023-04-29T16:00:00Z,13.23
2023-04-29T17:00:00Z,0.0
2023-04-29T18:00:00Z,0.0
2023-04-29T19:00:00Z,0.0
2023-04-29T20:00:00Z,0.0
2023-04-29T21:00:00Z,0.0
2023-04-29T22:00:00Z,0.0
2023-04-29T23:00:00Z,0.0
2023-04-30T00:00:00Z,0.0
2023-04-30T01:00:00Z,0.0
2023-04-30T02:00:00Z,0.0
2023-04-30T03:00:00Z,0.0
2023-04-30T04:00:00Z,0.0
2023-04-30T05:00:00Z,0.0
2023-04-30T06:00:00Z,53.75
2023-04-30T07:00:00Z,234.27
2023-04-30T08:00:00Z,418.15
2023-04-30T09:00:00Z,580.85
2023-04-30T10:00:00Z,717.42
2023-04-30T11:00:00Z,734.47
2023-04-30T12:00:00Z,660.83
2023-04-30T13:00:00Z,610.53
2023-04-30T14:00:00Z,439.0
2023-04-30T15:00:00Z,264.75
2023-04-30T16:00:00Z,94.8
2023-04-30T17:00:00Z,0.0
2023-04-30T18:00:00Z,0.0
2023-04-30T19:00:00Z,0.0
2023-04-30T20:00:00Z,0.0
2023-04-30T21:00:00Z,0.0
2023-04-30T22:00:00Z,0.0
2023-04-30T23:00:00Z,0.0
2023-05-01T00:00:00Z,0.0
2023-05-01T01:00:00Z,0.0
2023-05-01T02:00:00Z,0.0
2023-05-01T03:00:00Z,0.0
2023-05-01T04:00:00Z,0.0
2023-05-01T05:00:00Z,0.0
2023-05-01T06:00:00Z,35.62
2023-05-01T07:00:00Z,157.1
2023-05-01T08:00:00Z,346.7
2023-05-01T09:00:00Z,542.33
2023-05-01T10:00:00Z,681.2
2023-05-01T11:00:00Z,733.72
2023-05-01T12:00:00Z,735.22
2023-05-01T13:00:00Z,649.28
2023-05-01T14:00:00Z,503.1
2023-05-01T15:00:00Z,296.58
2023-05-01T16:00:00Z,110.3
2023-05-01T17:00:00Z,0.0
2023-05-01T18:00:00Z,0.0
2023-05-01T19:00:00Z,0.0
2023-05-01T20:00:00Z,0.0
2023-05-01T21:00:00Z,0.0
2023-05-01T22:00:00Z,0.0
2023-05-01T23:00:00Z,0.0
2023-05-02T00:00:00Z,0.0
2023-05-02T01:00:00Z,0.0
2023-05-02T02:00:00Z,0.0
2023-05-02T03:00:00Z,0.0
2023-05-02T04:00:00Z,0.0
2023-05-02T05:00:00Z,0.0
2023-05-02T06:00:00Z,36.42
2023-05-02T07:00:00Z,175.85
2023-05-02T08:00:00Z,345.0
2023-05-02T09:00:00Z,528.33
2023-05-02T10:00:00Z,600.45
2023-05-02T11:00:00Z,602.4
2023-05-02T12:00:00Z,581.47
2023-05-02T13:00:00Z,493.6
2023-05-02T14:00:00Z,367.4
2023-05-02T15:00:00Z,202.95
2023-05-02T16:00:00Z,65.82
2023-05-02T17:00:00Z,0.0
2023-05-02T18:00:00Z,0.0
2023-05-02T19:00:00Z,0.0
2023-05-02T20:00:00Z,0.0
2023-05-02T21:00:00Z,0.0
2023-05-02T22:00:00Z,0.0
2023-05-02T23:00:00Z,0.0
2023-05-03T00:00:00Z,0.0
2023-05-03T01:00:00Z,0.0
2023-05-03T02:00:00Z,0.0
2023-05-03T03:00:00Z,0.0
2023-05-03T04:00:00Z,0.0
2023-05-03T05:00:00Z,0.0
2023-05-03T06:00:00Z,38.33
2023-05-03T07:00:00Z,167.48
2023-05-03T08:00:00Z,319.88
2023-05-03T09:00:00Z,393.17
2023-05-03T10:00:00Z,475.45
2023-05-03T11:00:00Z,469.55
2023-05-03T12:00:00Z,483.58
2023-05-03T13:00:00Z,357.62
2023-05-03T14:00:00Z,280.92
2023-05-03T15:00:00Z,159.0
2023-05-03T16:00:00Z,64.82
2023-05-03T17:00:00Z,0.0
2023-05-03T18:00:00Z,0.0
2023-05-03T19:00:00Z,0.0
2023-05-03T20:00:00Z,0.0
2023-05-03T21:00:00Z,0.0
2023-05-03T22:00:00Z,0.0
2023-05-03T23:00:00Z,0.0
2023-05-04T00:00:00Z,0.0
2023-05-04T01:00:00Z,0.0
2023-05-04T02:00:00Z,0.0
2023-05-04T03:00:00Z,0.0
2023-05-04T04:00:00Z,0.0
2023-05-04T05:00:00Z,0.0
2023-05-04T06:00:00Z,31.88
2023-05-04T07:00:00Z,167.9
2023-05-04T08:00:00Z,325.8
2023-05-04T09:00:00Z,485.48
2023-05-04T10:00:00Z,630.5
2023-05-04T11:00:00Z,660.35
2023-05-04T12:00:00Z,611.67
2023-05-04T13:00:00Z,518.83
2023-05-04T14:00:00Z,343.1
2023-05-04T15:00:00Z,187.65
2023-05-04T16:00:00Z,62.88
2023-05-04T17:00:00Z,0.0
2023-05-04T18:00:00Z,0.0
2023-05-04T19:00:00Z,0.0
2023-05-04T20:00:00Z,0.0
2023-05-04T21:00:00Z,0.0
2023-05-04T22:00:00Z,0.0
2023-05-04T23:00:00Z,0.0
2023-05-05T00:00:00Z,0.0
2023-05-05T01:00:00Z,0.0
2023-05-05T02:00:00Z,0.0
2023-05-05T03:00:00Z,0.0
2023-05-05T04:00:00Z,0.0
2023-05-05T05:00:00Z,0.0
2023-05-05T06:00:00Z,47.62
2023-05-05T07:00:00Z,221.82
2023-05-05T08:00:00Z,424.58
2023-05-05T09:00:00Z,593.15
2023-05-05T10:00:00Z,676.53
2023-05-05T11:00:00Z,687.05
2023-05-05T12:00:00Z,630.38
2023-05-05T13:00:00Z,567.8
2023-05-05T14:00:00Z,434.1
2023-05-05T15:00:00Z,265.98
2023-05-05T16:00:00Z,93.32
2023-05-05T17:00:00Z,0.0
2023-05-05T18:00:00Z,0.0
2023-05-05T19:00:00Z,0.0
2023-05-05T20:00:00Z,0.0
2023-05-05T21:00:00Z,0.0
2023-05-05T22:00:00Z,0.0
2023-05-05T23:00:00Z,0.0
2023-05-06T00:00:00Z,0.0
2023-05-06T01:00:00Z,0.0
2023-05-06T02:00:00Z,0.0
2023-05-06T03:00:00Z,0.0
2023-05-06T04:00:00Z,0.0
2023-05-06T05:00:00Z,0.0
2023-05-06T06:00:00Z,35.33
2023-05-06T07:00:00Z,181.6
2023-05-06T08:00:00Z,355.88
2023-05-06T09:00:00Z,498.8
2023-05-06T10:00:00Z,589.28
2023-05-06T11:00:00Z,613.4
2023-05-06T12:00:00Z,561.95
2023-05-06T13:00:00Z,489.92
2023-05-06T14:00:00Z,335.62
2023-05-06T15:00:00Z,194.73
2023-05-06T16:00:00Z,54.8
2023-05-06T17:00:00Z,0.0
2023-05-06T18:00:00Z,0.0
2023-05-06T19:00:00Z,0.0
2023-05-06T20:00:00Z,0.0
2023-05-06T21:00:00Z,0.0
2023-05-06T22:00:00Z,0.0
2023-05-06T23:00:00Z,0.0
2023-05-07T00:00:00Z,0.0
2023-05-07T01:00:00Z,0.0
2023-05-07T02:00:00Z,0.0
2023-05-07T03:00:00Z,0.0
2023-05-07T04:00:00Z,0.0
2023-05-07T05:00:00Z,0.0
2023-05-07T06:00:00Z,25.2
2023-05-07T07:00:00Z,147.18
2023-05-07T08:00:00Z,304.38
2023-05-07T09:00:00Z,382.55
2023-05-07T10:00:00Z,505.85
2023-05-07T11:00:00Z,643.35
2023-05-07T12:00:00Z,654.42
2023-05-07T13:00:00Z,628.97
2023-05-07T14:00:00Z,485.75
2023-05-07T15:00:00Z,283.12
2023-05-07T16:00:00Z,88.38
2023-05-07T17:00:00Z,0.0
2023-05-07T18:00:00Z,0.0
2023-05-07T19:00:00Z,0.0
2023-05-07T20:00:00Z,0.0
2023-05-07T21:00:00Z,0.0
2023-05-07T22:00:00Z,0.0
2023-05-07T23:00:00Z,0.0
2023-05-08T00:00:00Z,0.0
2023-05-08T01:00:00Z,0.0
2023-05-08T02:00:00Z,0.0
2023-05-08T03:00:00Z,0.0
2023-05-08T04:00:00Z,0.0
2023-05-08T05:00:00Z,0.0
2023-05-08T06:00:00Z,18.42
2023-05-08T07:00:00Z,94.22
2023-05-08T08:00:00Z,164.52
2023-05-08T09:00:00Z,238.05
2023-05-08T10:00:00Z,310.7
2023-05-08T11:00:00Z,387.75
2023-05-08T12:00:00Z,437.02
2023-05-08T13:00:00Z,368.65
2023-05-08T14:00:00Z,350.67
2023-05-08T15:00:00Z,201.4
2023-05-08T16:00:00Z,62.75
2023-05-08T17:00:00Z,0.0
2023-05-08T18:00:00Z,0.0
2023-05-08T19:00:00Z,0.0
2023-05-08T20:00:00Z,0.0
2023-05-08T21:00:00Z,0.0
2023-05-08T22:00:00Z,0.0
2023-05-08T23:00:00Z,0.0
2023-05-09T00:00:00Z,0.0
2023-05-09T01:00:00Z,0.0
2023-05-09T02:00:00Z,0.0
2023-05-09T03:00:00Z,0.0
2023-05-09T04:00:00Z,0.0
2023-05-09T05:00:00Z,0.0
2023-05-09T06:00:00Z,35.97
2023-05-09T07:00:00Z,162.82
2023-05-09T08:00:00Z,273.77
2023-05-09T09:00:00Z,491.38
2023-05-09T10:00:00Z,657.12
2023-05-09T11:00:00Z,744.3
2023-05-09T12:00:00Z,710.33
2023-05-09T13:00:00Z,614.12
2023-05-09T14:00:00Z,493.77
2023-05-09T15:00:00Z,301.48
2023-05-09T16:00:00Z,94.47
2023-05-09T17:00:00Z,0.0
2023-05-09T18:00:00Z,0.0
2023-05-09T19:00:00Z,0.0
2023-05-09T20:00:00Z,0.0
2023-05-09T21:00:00Z,0.0
2023-05-09T22:00:00Z,0.0
2023-05-09T23:00:00Z,0.0
2023-05-10T00:00:00Z,0.0
2023-05-10T01:00:00Z,0.0
2023-05-10T02:00:00Z,0.0
2023-05-10T03:00:00Z,0.0
2023-05-10T04:00:00Z,0.0
2023-05-10T05:00:00Z,0.0
2023-05-10T06:00:00Z,45.28
2023-05-10T07:00:00Z,241.8
2023-05-10T08:00:00Z,440.42
2023-05-10T09:00:00Z,595.78
2023-05-10T10:00:00Z,693.47
2023-05-10T11:00:00Z,728.83
2023-05-10T12:00:00Z,701.33
2023-05-10T13:00:00Z,620.47
2023-05-10T14:00:00Z,478.4
2023-05-10T15:00:00Z,295.35
2023-05-10T16:00:00Z,96.6
2023-05-10T17:00:00Z,0.0
2023-05-10T18:00:00Z,0.0
2023-05-10T19:00:00Z,0.0
2023-05-10T20:00:00Z,0.0
2023-05-10T21:00:00Z,0.0
2023-05-10T22:00:00Z,0.0
2023-05-10T23:00:00Z,0.0
2023-05-11T00:00:00Z,0.0
2023-05-11T01:00:00Z,0.0
2023-05-11T02:00:00Z,0.0
2023-05-11T03:00:00Z,0.0
2023-05-11T04:00:00Z,0.0
2023-05-11T05:00:00Z,0.0
2023-05-11T06:00:00Z,40.22
2023-05-11T07:00:00Z,207.9
2023-05-11T08:00:00Z,366.8
2023-05-11T09:00:00Z,434.9
2023-05-11T10:00:00Z,623.22
2023-05-11T11:00:00Z,703.58
2023-05-11T12:00:00Z,587.2
2023-05-11T13:00:00Z,319.5
2023-05-11T14:00:00Z,267.3
2023-05-11T15:00:00Z,169.35
2023-05-11T16:00:00Z,70.05
2023-05-11T17:00:00Z,0.0
2023-05-11T18:00:00Z,0.0
2023-05-11T19:00:00Z,0.0
2023-05-11T20:00:00Z,0.0
2023-05-11T21:00:00Z,0.0
2023-05-11T22:00:00Z,0.0
2023-05-11T23:00:00Z,0.0
2023-05-12T00:00:00Z,0.0
2023-05-12T01:00:00Z,0.0
2023-05-12T02:00:00Z,0.0
2023-05-12T03:00:00Z,0.0
2023-05-12T04:00:00Z,0.0
2023-05-12T05:00:00Z,0.0
2023-05-12T06:00:00Z,27.42
2023-05-12T07:00:00Z,158.12
2023-05-12T08:00:00Z,318.8
2023-05-12T09:00:00Z,421.08
2023-05-12T10:00:00Z,433.55
2023-05-12T11:00:00Z,503.1
2023-05-12T12:00:00Z,383.9
2023-05-12T13:00:00Z,334.6
2023-05-12T14:00:00Z,212.98
2023-05-12T15:00:00Z,133.85
2023-05-12T16:00:00Z,41.53
2023-05-12T17:00:00Z,0.0
2023-05-12T18:00:00Z,0.0
2023-05-12T19:00:00Z,0.0
2023-05-12T20:00:00Z,0.0
2023-05-12T21:00:00Z,0.0
2023-05-12T22:00:00Z,0.0
2023-05-12T23:00:00Z,0.0
2023-05-13T00:00:00Z,0.0
2023-05-13T01:00:00Z,0.0
2023-05-13T02:00:00Z,0.0
2023-05-13T03:00:00Z,0.0
2023-05-13T04:00:00Z,0.0
2023-05-13T05:00:00Z,0.0
2023-05-13T06:00:00Z,24.55
2023-05-13T07:00:00Z,149.48
2023-05-13T08:00:00Z,288.52
2023-05-13T09:00:00Z,380.3
2023-05-13T10:00:00Z,465.12
2023-05-13T11:00:00Z,556.8
2023-05-13T12:00:00Z,490.08
2023-05-13T13:00:00Z,252.7
2023-05-13T14:00:00Z,296.73
2023-05-13T15:00:00Z,162.65
2023-05-13T16:00:00Z,50.67
2023-05-13T17:00:00Z,0.0
2023-05-13T18:00:00Z,0.0
2023-05-13T19:00:00Z,0.0
2023-05-13T20:00:00Z,0.0
2023-05-13T21:00:00Z,0.0
2023-05-13T22:00:00Z,0.0
2023-05-13T23:00:00Z,0.0
2023-05-14T00:00:00Z,0.0
2023-05-14T01:00:00Z,0.0
2023-05-14T02:00:00Z,0.0
2023-05-14T03:00:00Z,0.0
2023-05-14T04:00:00Z,0.0
2023-05-14T05:00:00Z,0.0
2023-05-14T06:00:00Z,20.48
2023-05-14T07:00:00Z,129.27
2023-05-14T08:00:00Z,216.23
2023-05-14T09:00:00Z,282.23
2023-05-14T10:00:00Z,338.62
2023-05-14T11:00:00Z,356.23
2023-05-14T12:00:00Z,342.35
2023-05-14T13:00:00Z,255.57
2023-05-14T14:00:00Z,151.15
2023-05-14T15:00:00Z,72.5
2023-05-14T16:00:00Z,18.58
2023-05-14T17:00:00Z,0.0
2023-05-14T18:00:00Z,0.0
2023-05-14T19:00:00Z,0.0
2023-05-14T20:00:00Z,0.0
2023-05-14T21:00:00Z,0.0
2023-05-14T22:00:00Z,0.0
2023-05-14T23:00:00Z,0.0
2023-05-15T00:00:00Z,0.0
2023-05-15T01:00:00Z,0.0
2023-05-15T02:00:00Z,0.0
2023-05-15T03:00:00Z,0.0
2023-05-15T04:00:00Z,0.0
2023-05-15T05:00:00Z,0.0
2023-05-15T06:00:00Z,12.75
2023-05-15T07:00:00Z,78.22
2023-05-15T08:00:00Z,141.75
2023-05-15T09:00:00Z,215.38
2023-05-15T10:00:00Z,285.55
2023-05-15T11:00:00Z,265.9
2023-05-15T12:00:00Z,320.92
2023-05-15T13:00:00Z,308.48
2023-05-15T14:00:00Z,255.07
2023-05-15T15:00:00Z,144.52
2023-05-15T16:00:00Z,47.9
2023-05-15T17:00:00Z,0.0
2023-05-15T18:00:00Z,0.0
2023-05-15T19:00:00Z,0.0
2023-05-15T20:00:00Z,0.0
2023-05-15T21:00:00Z,0.0
2023-05-15T22:00:00Z,0.0
2023-05-15T23:00:00Z,0.0
2023-05-16T00:00:00Z,0.0
2023-05-16T01:00:00Z,0.0
2023-05-16T02:00:00Z,0.0
2023-05-16T03:00:00Z,0.0
2023-05-16T04:00:00Z,0.0
2023-05-16T05:00:00Z,0.0
2023-05-16T06:00:00Z,39.85
2023-05-16T07:00:00Z,220.75
2023-05-16T08:00:00Z,399.05
2023-05-16T09:00:00Z,587.33
2023-05-16T10:00:00Z,696.05
2023-05-16T11:00:00Z,742.38
2023-05-16T12:00:00Z,716.88
2023-05-16T13:00:00Z,623.67
2023-05-16T14:00:00Z,474.52
2023-05-16T15:00:00Z,289.35
2023-05-16T16:00:00Z,89.8
2023-05-16T17:00:00Z,0.0
2023-05-16T18:00:00Z,0.0
2023-05-16T19:00:00Z,0.0
2023-05-16T20:00:00Z,0.0
2023-05-16T21:00:00Z,0.0
2023-05-16T22:00:00Z,0.0
2023-05-16T23:00:00Z,0.0
2023-05-17T00:00:00Z,0.0
2023-05-17T01:00:00Z,0.0
2023-05-17T02:00:00Z,0.0
2023-05-17T03:00:00Z,0.0
2023-05-17T04:00:00Z,0.0
2023-05-17T05:00:00Z,0.0
2023-05-17T06:00:00Z,41.85
2023-05-17T07:00:00Z,231.4
2023-05-17T08:00:00Z,422.98
2023-05-17T09:00:00Z,578.88
2023-05-17T10:00:00Z,679.12
2023-05-17T11:00:00Z,734.58
2023-05-17T12:00:00Z,717.0
2023-05-17T13:00:00Z,629.28
2023-05-17T14:00:00Z,458.1
2023-05-17T15:00:00Z,284.17
2023-05-17T16:00:00Z,88.57
2023-05-17T17:00:00Z,0.0
2023-05-17T18:00:00Z,0.0
2023-05-17T19:00:00Z,0.0
2023-05-17T20:00:00Z,0.0
2023-05-17T21:00:00Z,0.0
2023-05-17T22:00:00Z,0.0
2023-05-17T23:00:00Z,0.0
2023-05-18T00:00:00Z,0.0
2023-05-18T01:00:00Z,0.0
2023-05-18T02:00:00Z,0.0
2023-05-18T03:00:00Z,0.0
2023-05-18T04:00:00Z,0.0
2023-05-18T05:00:00Z,0.0
2023-05-18T06:00:00Z,34.3
2023-05-18T07:00:00Z,177.15
2023-05-18T08:00:00Z,318.08
2023-05-18T09:00:00Z,428.95
2023-05-18T10:00:00Z,577.22
2023-05-18T11:00:00Z,542.3
2023-05-18T12:00:00Z,503.33
2023-05-18T13:00:00Z,436.6
2023-05-18T14:00:00Z,313.08
2023-05-18T15:00:00Z,186.73
2023-05-18T16:00:00Z,58.5
2023-05-18T17:00:00Z,0.0
2023-05-18T18:00:00Z,0.0
2023-05-18T19:00:00Z,0.0
2023-05-18T20:00:00Z,0.0
2023-05-18T21:00:00Z,0.0
2023-05-18T22:00:00Z,0.0
2023-05-18T23:00:00Z,0.0
2023-05-19T00:00:00Z,0.0
2023-05-19T01:00:00Z,0.0
2023-05-19T02:00:00Z,0.0
2023-05-19T03:00:00Z,0.0
2023-05-19T04:00:00Z,0.0
2023-05-19T05:00:00Z,0.0
2023-05-19T06:00:00Z,11.57
2023-05-19T07:00:00Z,82.15
2023-05-19T08:00:00Z,181.62
2023-05-19T09:00:00Z,278.85
2023-05-19T10:00:00Z,179.07
2023-05-19T11:00:00Z,239.93
2023-05-19T12:00:00Z,278.17
2023-05-19T13:00:00Z,264.35
2023-05-19T14:00:00Z,237.68
2023-05-19T15:00:00Z,88.72
2023-05-19T16:00:00Z,34.17
2023-05-19T17:00:00Z,0.0
2023-05-19T18:00:00Z,0.0
2023-05-19T19:00:00Z,0.0
2023-05-19T20:00:00Z,0.0
2023-05-19T21:00:00Z,0.0
2023-05-19T22:00:00Z,0.0
2023-05-19T23:00:00Z,0.0
2023-05-20T00:00:00Z,0.0
2023-05-20T01:00:00Z,0.0
2023-05-20T02:00:00Z,0.0
2023-05-20T03:00:00Z,0.0
2023-05-20T04:00:00Z,0.0
2023-05-20T05:00:00Z,0.0
2023-05-20T06:00:00Z,20.35
2023-05-20T07:00:00Z,104.88
2023-05-20T08:00:00Z,214.02
2023-05-20T09:00:00Z,314.92
2023-05-20T10:00:00Z,495.05
2023-05-20T11:00:00Z,630.88
2023-05-20T12:00:00Z,621.3
2023-05-20T13:00:00Z,548.03
2023-05-20T14:00:00Z,395.3
2023-05-20T15:00:00Z,236.12
2023-05-20T16:00:00Z,64.38
2023-05-20T17:00:00Z,0.0
2023-05-20T18:00:00Z,0.0
2023-05-20T19:00:00Z,0.0
2023-05-20T20:00:00Z,0.0
2023-05-20T21:00:00Z,0.0
2023-05-20T22:00:00Z,0.0
2023-05-20T23:00:00Z,0.0
2023-05-21T00:00:00Z,0.0
2023-05-21T01:00:00Z,0.0
2023-05-21T02:00:00Z,0.0
2023-05-21T03:00:00Z,0.0
2023-05-21T04:00:00Z,0.0
2023-05-21T05:00:00Z,0.0
2023-05-21T06:00:00Z,27.12
2023-05-21T07:00:00Z,166.1
2023-05-21T08:00:00Z,314.05
2023-05-21T09:00:00Z,448.17
2023-05-21T10:00:00Z,572.4
2023-05-21T11:00:00Z,642.28
2023-05-21T12:00:00Z,631.72
2023-05-21T13:00:00Z,550.25
2023-05-21T14:00:00Z,414.77
2023-05-21T15:00:00Z,215.85
2023-05-21T16:00:00Z,63.25
2023-05-21T17:00:00Z,0.0
2023-05-21T18:00:00Z,0.0
2023-05-21T19:00:00Z,0.0
2023-05-21T20:00:00Z,0.0
2023-05-21T21:00:00Z,0.0
2023-05-21T22:00:00Z,0.0
2023-05-21T23:00:00Z,0.0
2023-05-22T00:00:00Z,0.0
2023-05-22T01:00:00Z,0.0
2023-05-22T02:00:00Z,0.0
2023-05-22T03:00:00Z,0.0
2023-05-22T04:00:00Z,0.0
2023-05-22T05:00:00Z,0.0
2023-05-22T06:00:00Z,32.6
2023-05-22T07:00:00Z,203.23
2023-05-22T08:00:00Z,376.52
2023-05-22T09:00:00Z,544.55
2023-05-22T10:00:00Z,635.75
2023-05-22T11:00:00Z,593.97
2023-05-22T12:00:00Z,468.77
2023-05-22T13:00:00Z,343.4
2023-05-22T14:00:00Z,245.65
2023-05-22T15:00:00Z,150.12
2023-05-22T16:00:00Z,41.95
2023-05-22T17:00:00Z,0.0
2023-05-22T18:00:00Z,0.0
2023-05-22T19:00:00Z,0.0
2023-05-22T20:00:00Z,0.0
2023-05-22T21:00:00Z,0.0
2023-05-22T22:00:00Z,0.0
2023-05-22T23:00:00Z,0.0
2023-05-23T00:00:00Z,0.0
2023-05-23T01:00:00Z,0.0
2023-05-23T02:00:00Z,0.0
2023-05-23T03:00:00Z,0.0
2023-05-23T04:00:00Z,0.0
2023-05-23T05:00:00Z,0.0
2023-05-23T06:00:00Z,14.38
2023-05-23T07:00:00Z,104.62
2023-05-23T08:00:00Z,208.32
2023-05-23T09:00:00Z,303.1
2023-05-23T10:00:00Z,382.8
2023-05-23T11:00:00Z,401.25
2023-05-23T12:00:00Z,319.02
2023-05-23T13:00:00Z,254.45
2023-05-23T14:00:00Z,211.88
2023-05-23T15:00:00Z,128.05
2023-05-23T16:00:00Z,29.12
2023-05-23T17:00:00Z,0.0
2023-05-23T18:00:00Z,0.0
2023-05-23T19:00:00Z,0.0
2023-05-23T20:00:00Z,0.0
2023-05-23T21:00:00Z,0.0
2023-05-23T22:00:00Z,0.0
2023-05-23T23:00:00Z,0.0
2023-05-24T00:00:00Z,0.0
2023-05-24T01:00:00Z,0.0
2023-05-24T02:00:00Z,0.0
2023-05-24T03:00:00Z,0.0
2023-05-24T04:00:00Z,0.0
2023-05-24T05:00:00Z,0.0
2023-05-24T06:00:00Z,17.98
2023-05-24T07:00:00Z,129.9
2023-05-24T08:00:00Z,234.93
2023-05-24T09:00:00Z,347.02
2023-05-24T10:00:00Z,288.55
2023-05-24T11:00:00Z,357.05
2023-05-24T12:00:00Z,351.17
2023-05-24T13:00:00Z,264.7
2023-05-24T14:00:00Z,222.77
2023-05-24T15:00:00Z,121.78
2023-05-24T16:00:00Z,32.08
2023-05-24T17:00:00Z,0.0
2023-05-24T18:00:00Z,0.0
2023-05-24T19:00:00Z,0.0
2023-05-24T20:00:00Z,0.0
2023-05-24T21:00:00Z,0.0
2023-05-24T22:00:00Z,0.0
2023-05-24T23:00:00Z,0.0
2023-05-25T00:00:00Z,0.0
2023-05-25T01:00:00Z,0.0
2023-05-25T02:00:00Z,0.0
2023-05-25T03:00:00Z,0.0
2023-05-25T04:00:00Z,0.0
2023-05-25T05:00:00Z,0.0
2023-05-25T06:00:00Z,8.32
2023-05-25T07:00:00Z,47.3
2023-05-25T08:00:00Z,77.97
2023-05-25T09:00:00Z,56.08
2023-05-25T10:00:00Z,89.6
2023-05-25T11:00:00Z,88.28
2023-05-25T12:00:00Z,98.47
2023-05-25T13:00:00Z,117.72
2023-05-25T14:00:00Z,79.7
2023-05-25T15:00:00Z,41.9
2023-05-25T16:00:00Z,9.52
2023-05-25T17:00:00Z,0.0
2023-05-25T18:00:00Z,0.0
2023-05-25T19:00:00Z,0.0
2023-05-25T20:00:00Z,0.0
2023-05-25T21:00:00Z,0.0
2023-05-25T22:00:00Z,0.0
2023-05-25T23:00:00Z,0.0
2023-05-26T00:00:00Z,0.0
2023-05-26T01:00:00Z,0.0
2023-05-26T02:00:00Z,0.0
2023-05-26T03:00:00Z,0.0
2023-05-26T04:00:00Z,0.0
2023-05-26T05:00:00Z,0.0
2023-05-26T06:00:00Z,35.03
2023-05-26T07:00:00Z,225.0
2023-05-26T08:00:00Z,418.05
2023-05-26T09:00:00Z,579.58
2023-05-26T10:00:00Z,683.55
2023-05-26T11:00:00Z,726.5
2023-05-26T12:00:00Z,703.72
2023-05-26T13:00:00Z,614.95
2023-05-26T14:00:00Z,472.6
2023-05-26T15:00:00Z,285.38
2023-05-26T16:00:00Z,81.12
2023-05-26T17:00:00Z,0.0
2023-05-26T18:00:00Z,0.0
2023-05-26T19:00:00Z,0.0
2023-05-26T20:00:00Z,0.0
2023-05-26T21:00:00Z,0.0
2023-05-26T22:00:00Z,0.0
2023-05-26T23:00:00Z,0.0
2023-05-27T00:00:00Z,0.0
2023-05-27T01:00:00Z,0.0
2023-05-27T02:00:00Z,0.0
2023-05-27T03:00:00Z,0.0
2023-05-27T04:00:00Z,0.0
2023-05-27T05:00:00Z,0.0
2023-05-27T06:00:00Z,27.58
2023-05-27T07:00:00Z,174.05
2023-05-27T08:00:00Z,322.77
2023-05-27T09:00:00Z,521.38
2023-05-27T10:00:00Z,590.03
2023-05-27T11:00:00Z,627.6
2023-05-27T12:00:00Z,599.88
2023-05-27T13:00:00Z,513.12
2023-05-27T14:00:00Z,388.85
2023-05-27T15:00:00Z,191.85
2023-05-27T16:00:00Z,58.97
2023-05-27T17:00:00Z,0.0
2023-05-27T18:00:00Z,0.0
2023-05-27T19:00:00Z,0.0
2023-05-27T20:00:00Z,0.0
2023-05-27T21:00:00Z,0.0
2023-05-27T22:00:00Z,0.0
2023-05-27T23:00:00Z,0.0
2023-05-28T00:00:00Z,0.0
2023-05-28T01:00:00Z,0.0
2023-05-28T02:00:00Z,0.0
2023-05-28T03:00:00Z,0.0
2023-05-28T04:00:00Z,0.0
2023-05-28T05:00:00Z,0.0
2023-05-28T06:00:00Z,28.5
2023-05-28T07:00:00Z,187.62
2023-05-28T08:00:00Z,339.38
2023-05-28T09:00:00Z,532.1
2023-05-28T10:00:00Z,626.53
2023-05-28T11:00:00Z,662.15
2023-05-28T12:00:00Z,590.1
2023-05-28T13:00:00Z,465.1
2023-05-28T14:00:00Z,341.33
2023-05-28T15:00:00Z,176.57
2023-05-28T16:00:00Z,46.83
2023-05-28T17:00:00Z,0.0
2023-05-28T18:00:00Z,0.0
2023-05-28T19:00:00Z,0.0
2023-05-28T20:00:00Z,0.0
2023-05-28T21:00:00Z,0.0
2023-05-28T22:00:00Z,0.0
2023-05-28T23:00:00Z,0.0
2023-05-29T00:00:00Z,0.0
2023-05-29T01:00:00Z,0.0
2023-05-29T02:00:00Z,0.0
2023-05-29T03:00:00Z,0.0
2023-05-29T04:00:00Z,0.0
2023-05-29T05:00:00Z,0.0
2023-05-29T06:00:00Z,24.5
2023-05-29T07:00:00Z,172.43
2023-05-29T08:00:00Z,320.35
2023-05-29T09:00:00Z,520.55
2023-05-29T10:00:00Z,629.92
2023-05-29T11:00:00Z,651.45
2023-05-29T12:00:00Z,615.2
2023-05-29T13:00:00Z,527.83
2023-05-29T14:00:00Z,405.23
2023-05-29T15:00:00Z,240.27
2023-05-29T16:00:00Z,67.12
2023-05-29T17:00:00Z,0.0
2023-05-29T18:00:00Z,0.0
2023-05-29T19:00:00Z,0.0
2023-05-29T20:00:00Z,0.0
2023-05-29T21:00:00Z,0.0
2023-05-29T22:00:00Z,0.0
2023-05-29T23:00:00Z,0.0
2023-05-30T00:00:00Z,0.0
2023-05-30T01:00:00Z,0.0
2023-05-30T02:00:00Z,0.0
2023-05-30T03:00:00Z,0.0
2023-05-30T04:00:00Z,0.0
2023-05-30T05:00:00Z,0.0
2023-05-30T06:00:00Z,21.38
2023-05-30T07:00:00Z,156.48
2023-05-30T08:00:00Z,324.75
2023-05-30T09:00:00Z,475.67
2023-05-30T10:00:00Z,547.97
2023-05-30T11:00:00Z,541.03
2023-05-30T12:00:00Z,452.3
2023-05-30T13:00:00Z,365.58
2023-05-30T14:00:00Z,251.25
2023-05-30T15:00:00Z,152.6
2023-05-30T16:00:00Z,43.12
2023-05-30T17:00:00Z,0.0
2023-05-30T18:00:00Z,0.0
2023-05-30T19:00:00Z,0.0
2023-05-30T20:00:00Z,0.0
2023-05-30T21:00:00Z,0.0
2023-05-30T22:00:00Z,0.0
2023-05-30T23:00:00Z,0.0
2023-05-31T00:00:00Z,0.0
2023-05-31T01:00:00Z,0.0
2023-05-31T02:00:00Z,0.0
2023-05-31T03:00:00Z,0.0
2023-05-31T04:00:00Z,0.0
2023-05-31T05:00:00Z,0.0
2023-05-31T06:00:00Z,13.5
2023-05-31T07:00:00Z,94.97
2023-05-31T08:00:00Z,212.65
2023-05-31T09:00:00Z,326.75
2023-05-31T10:00:00Z,335.05
2023-05-31T11:00:00Z,333.3
2023-05-31T12:00:00Z,394.75
2023-05-31T13:00:00Z,366.15
2023-05-31T14:00:00Z,267.65
2023-05-31T15:00:00Z,139.18
2023-05-31T16:00:00Z,32.7
2023-05-31T17:00:00Z,0.0
2023-05-31T18:00:00Z,0.0
2023-05-31T19:00:00Z,0.0
2023-05-31T20:00:00Z,0.0
2023-05-31T21:00:00Z,0.0
2023-05-31T22:00:00Z,0.0
2023-05-31T23:00:00Z,0.0
2023-06-01T00:00:00Z,0.0
2023-06-01T01:00:00Z,0.0
2023-06-01T02:00:00Z,0.0
2023-06-01T03:00:00Z,0.0
2023-06-01T04:00:00Z,0.0
2023-06-01T05:00:00Z,0.0
2023-06-01T06:00:00Z,23.27
2023-06-01T07:00:00Z,180.07
2023-06-01T08:00:00Z,355.73
2023-06-01T09:00:00Z,505.0
2023-06-01T10:00:00Z,618.7
2023-06-01T11:00:00Z,677.38
2023-06-01T12:00:00Z,656.5
2023-06-01T13:00:00Z,555.3
2023-06-01T14:00:00Z,399.65
2023-06-01T15:00:00Z,238.95
2023-06-01T16:00:00Z,62.8
2023-06-01T17:00:00Z,0.0
2023-06-01T18:00:00Z,0.0
2023-06-01T19:00:00Z,0.0
2023-06-01T20:00:00Z,0.0
2023-06-01T21:00:00Z,0.0
2023-06-01T22:00:00Z,0.0
2023-06-01T23:00:00Z,0.0
2023-06-02T00:00:00Z,0.0
2023-06-02T01:00:00Z,0.0
2023-06-02T02:00:00Z,0.0
2023-06-02T03:00:00Z,0.0
2023-06-02T04:00:00Z,0.0
2023-06-02T05:00:00Z,0.0
2023-06-02T06:00:00Z,15.6
2023-06-02T07:00:00Z,114.2
2023-06-02T08:00:00Z,239.85
2023-06-02T09:00:00Z,340.67
2023-06-02T10:00:00Z,531.55
2023-06-02T11:00:00Z,515.67
2023-06-02T12:00:00Z,500.85
2023-06-02T13:00:00Z,334.25
2023-06-02T14:00:00Z,223.2
2023-06-02T15:00:00Z,124.05
2023-06-02T16:00:00Z,27.85
2023-06-02T17:00:00Z,0.0
2023-06-02T18:00:00Z,0.0
2023-06-02T19:00:00Z,0.0
2023-06-02T20:00:00Z,0.0
2023-06-02T21:00:00Z,0.0
2023-06-02T22:00:00Z,0.0
2023-06-02T23:00:00Z,0.0
2023-06-03T00:00:00Z,0.0
2023-06-03T01:00:00Z,0.0
2023-06-03T02:00:00Z,0.0
2023-06-03T03:00:00Z,0.0
2023-06-03T04:00:00Z,0.0
2023-06-03T05:00:00Z,0.0
2023-06-03T06:00:00Z,21.65
2023-06-03T07:00:00Z,158.32
2023-06-03T08:00:00Z,304.08
2023-06-03T09:00:00Z,487.55
2023-06-03T10:00:00Z,606.67
2023-06-03T11:00:00Z,600.6
2023-06-03T12:00:00Z,541.15
2023-06-03T13:00:00Z,477.5
2023-06-03T14:00:00Z,360.17
2023-06-03T15:00:00Z,205.07
2023-06-03T16:00:00Z,52.03
2023-06-03T17:00:00Z,0.0
2023-06-03T18:00:00Z,0.0
2023-06-03T19:00:00Z,0.0
2023-06-03T20:00:00Z,0.0
2023-06-03T21:00:00Z,0.0
2023-06-03T22:00:00Z,0.0
2023-06-03T23:00:00Z,0.0
2023-06-04T00:00:00Z,0.0
2023-06-04T01:00:00Z,0.0
2023-06-04T02:00:00Z,0.0
2023-06-04T03:00:00Z,0.0
2023-06-04T04:00:00Z,0.0
2023-06-04T05:00:00Z,0.0
2023-06-04T06:00:00Z,24.0
2023-06-04T07:00:00Z,191.4
2023-06-04T08:00:00Z,385.92
2023-06-04T09:00:00Z,533.95
2023-06-04T10:00:00Z,650.25
2023-06-04T11:00:00Z,699.08
2023-06-04T12:00:00Z,659.12
2023-06-04T13:00:00Z,590.4
2023-06-04T14:00:00Z,455.42
2023-06-04T15:00:00Z,273.85
2023-06-04T16:00:00Z,76.5
2023-06-04T17:00:00Z,0.0
2023-06-04T18:00:00Z,0.0
2023-06-04T19:00:00Z,0.0
2023-06-04T20:00:00Z,0.0
2023-06-04T21:00:00Z,0.0
2023-06-04T22:00:00Z,0.0
2023-06-04T23:00:00Z,0.0
2023-06-05T00:00:00Z,0.0
2023-06-05T01:00:00Z,0.0
2023-06-05T02:00:00Z,0.0
2023-06-05T03:00:00Z,0.0
2023-06-05T04:00:00Z,0.0
2023-06-05T05:00:00Z,0.0
2023-06-05T06:00:00Z,20.02
2023-06-05T07:00:00Z,180.25
2023-06-05T08:00:00Z,361.38
2023-06-05T09:00:00Z,524.7
2023-06-05T10:00:00Z,613.8
2023-06-05T11:00:00Z,570.95
2023-06-05T12:00:00Z,553.1
2023-06-05T13:00:00Z,386.9
2023-06-05T14:00:00Z,282.27
2023-06-05T15:00:00Z,149.55
2023-06-05T16:00:00Z,33.12
2023-06-05T17:00:00Z,0.0
2023-06-05T18:00:00Z,0.0
2023-06-05T19:00:00Z,0.0
2023-06-05T20:00:00Z,0.0
2023-06-05T21:00:00Z,0.0
2023-06-05T22:00:00Z,0.0
2023-06-05T23:00:00Z,0.0
2023-06-06T00:00:00Z,0.0
2023-06-06T01:00:00Z,0.0
2023-06-06T02:00:00Z,0.0
2023-06-06T03:00:00Z,0.0
2023-06-06T04:00:00Z,0.0
2023-06-06T05:00:00Z,0.0
2023-06-06T06:00:00Z,7.05
2023-06-06T07:00:00Z,52.28
2023-06-06T08:00:00Z,73.75
2023-06-06T09:00:00Z,141.7
2023-06-06T10:00:00Z,142.73
2023-06-06T11:00:00Z,142.45
2023-06-06T12:00:00Z,91.32
2023-06-06T13:00:00Z,125.15
2023-06-06T14:00:00Z,73.28
2023-06-06T15:00:00Z,56.88
2023-06-06T16:00:00Z,12.68
2023-06-06T17:00:00Z,0.0
2023-06-06T18:00:00Z,0.0
2023-06-06T19:00:00Z,0.0
2023-06-06T20:00:00Z,0.0
2023-06-06T21:00:00Z,0.0
2023-06-06T22:00:00Z,0.0
2023-06-06T23:00:00Z,0.0
2023-06-07T00:00:00Z,0.0
2023-06-07T01:00:00Z,0.0
2023-06-07T02:00:00Z,0.0
2023-06-07T03:00:00Z,0.0
2023-06-07T04:00:00Z,0.0
2023-06-07T05:00:00Z,0.0
2023-06-07T06:00:00Z,3.58
2023-06-07T07:00:00Z,20.1
2023-06-07T08:00:00Z,38.5
2023-06-07T09:00:00Z,51.97
2023-06-07T10:00:00Z,107.25
2023-06-07T11:00:00Z,119.0
2023-06-07T12:00:00Z,83.38
2023-06-07T13:00:00Z,156.32
2023-06-07T14:00:00Z,119.72
2023-06-07T15:00:00Z,70.12
2023-06-07T16:00:00Z,13.52
2023-06-07T17:00:00Z,0.0
2023-06-07T18:00:00Z,0.0
2023-06-07T19:00:00Z,0.0
2023-06-07T20:00:00Z,0.0
2023-06-07T21:00:00Z,0.0
2023-06-07T22:00:00Z,0.0
2023-06-07T23:00:00Z,0.0
2023-06-08T00:00:00Z,0.0
2023-06-08T01:00:00Z,0.0
2023-06-08T02:00:00Z,0.0
2023-06-08T03:00:00Z,0.0
2023-06-08T04:00:00Z,0.0
2023-06-08T05:00:00Z,0.0
2023-06-08T06:00:00Z,6.32
2023-06-08T07:00:00Z,50.05
2023-06-08T08:00:00Z,97.4
2023-06-08T09:00:00Z,132.57
2023-06-08T10:00:00Z,252.55
2023-06-08T11:00:00Z,335.88
2023-06-08T12:00:00Z,407.02
2023-06-08T13:00:00Z,410.58
2023-06-08T14:00:00Z,263.73
2023-06-08T15:00:00Z,165.0
2023-06-08T16:00:00Z,51.22
2023-06-08T17:00:00Z,0.0
2023-06-08T18:00:00Z,0.0
2023-06-08T19:00:00Z,0.0
2023-06-08T20:00:00Z,0.0
2023-06-08T21:00:00Z,0.0
2023-06-08T22:00:00Z,0.0
2023-06-08T23:00:00Z,0.0
2023-06-09T00:00:00Z,0.0
2023-06-09T01:00:00Z,0.0
2023-06-09T02:00:00Z,0.0
2023-06-09T03:00:00Z,0.0
2023-06-09T04:00:00Z,0.0
2023-06-09T05:00:00Z,0.0
2023-06-09T06:00:00Z,23.3
2023-06-09T07:00:00Z,175.2
2023-06-09T08:00:00Z,348.98
2023-06-09T09:00:00Z,492.05
2023-06-09T10:00:00Z,634.5
2023-06-09T11:00:00Z,700.85
2023-06-09T12:00:00Z,686.95
2023-06-09T13:00:00Z,600.17
2023-06-09T14:00:00Z,455.02
2023-06-09T15:00:00Z,277.38
2023-06-09T16:00:00Z,77.15
2023-06-09T17:00:00Z,0.0
2023-06-09T18:00:00Z,0.0
2023-06-09T19:00:00Z,0.0
2023-06-09T20:00:00Z,0.0
2023-06-09T21:00:00Z,0.0
2023-06-09T22:00:00Z,0.0
2023-06-09T23:00:00Z,0.0
2023-06-10T00:00:00Z,0.0
2023-06-10T01:00:00Z,0.0
2023-06-10T02:00:00Z,0.0
2023-06-10T03:00:00Z,0.0
2023-06-10T04:00:00Z,0.0
2023-06-10T05:00:00Z,0.0
2023-06-10T06:00:00Z,16.7
2023-06-10T07:00:00Z,137.88
2023-06-10T08:00:00Z,286.83
2023-06-10T09:00:00Z,427.05
2023-06-10T10:00:00Z,523.67
2023-06-10T11:00:00Z,568.05
2023-06-10T12:00:00Z,561.67
2023-06-10T13:00:00Z,516.78
2023-06-10T14:00:00Z,385.85
2023-06-10T15:00:00Z,228.12
2023-06-10T16:00:00Z,66.93
2023-06-10T17:00:00Z,0.0
2023-06-10T18:00:00Z,0.0
2023-06-10T19:00:00Z,0.0
2023-06-10T20:00:00Z,0.0
2023-06-10T21:00:00Z,0.0
2023-06-10T22:00:00Z,0.0
2023-06-10T23:00:00Z,0.0
2023-06-11T00:00:00Z,0.0
2023-06-11T01:00:00Z,0.0
2023-06-11T02:00:00Z,0.0
2023-06-11T03:00:00Z,0.0
2023-06-11T04:00:00Z,0.0
2023-06-11T05:00:00Z,0.0
2023-06-11T06:00:00Z,10.9
2023-06-11T07:00:00Z,112.5
2023-06-11T08:00:00Z,215.7
2023-06-11T09:00:00Z,344.3
2023-06-11T10:00:00Z,387.27
2023-06-11T11:00:00Z,364.45
2023-06-11T12:00:00Z,343.0
2023-06-11T13:00:00Z,298.3
2023-06-11T14:00:00Z,213.5
2023-06-11T15:00:00Z,119.47
2023-06-11T16:00:00Z,31.3
2023-06-11T17:00:00Z,0.0
2023-06-11T18:00:00Z,0.0
2023-06-11T19:00:00Z,0.0
2023-06-11T20:00:00Z,0.0
2023-06-11T21:00:00Z,0.0
2023-06-11T22:00:00Z,0.0
2023-06-11T23:00:00Z,0.0
2023-06-12T00:00:00Z,0.0
2023-06-12T01:00:00Z,0.0
2023-06-12T02:00:00Z,0.0
2023-06-12T03:00:00Z,0.0
2023-06-12T04:00:00Z,0.0
2023-06-12T05:00:00Z,0.0
2023-06-12T06:00:00Z,8.35
2023-06-12T07:00:00Z,72.43
2023-06-12T08:00:00Z,159.82
2023-06-12T09:00:00Z,234.35
2023-06-12T10:00:00Z,122.68
2023-06-12T11:00:00Z,114.28
2023-06-12T12:00:00Z,221.45
2023-06-12T13:00:00Z,128.68
2023-06-12T14:00:00Z,161.35
2023-06-12T15:00:00Z,97.38
2023-06-12T16:00:00Z,25.65
2023-06-12T17:00:00Z,0.0
2023-06-12T18:00:00Z,0.0
2023-06-12T19:00:00Z,0.0
2023-06-12T20:00:00Z,0.0
2023-06-12T21:00:00Z,0.0
2023-06-12T22:00:00Z,0.0
2023-06-12T23:00:00Z,0.0
2023-06-13T00:00:00Z,0.0
2023-06-13T01:00:00Z,0.0
2023-06-13T02:00:00Z,0.0
2023-06-13T03:00:00Z,0.0
2023-06-13T04:00:00Z,0.0
2023-06-13T05:00:00Z,0.0
2023-06-13T06:00:00Z,14.82
2023-06-13T07:00:00Z,162.07
2023-06-13T08:00:00Z,333.52
2023-06-13T09:00:00Z,480.7
2023-06-13T10:00:00Z,598.8
2023-06-13T11:00:00Z,635.38
2023-06-13T12:00:00Z,587.25
2023-06-13T13:00:00Z,478.98
2023-06-13T14:00:00Z,396.83
2023-06-13T15:00:00Z,233.02
2023-06-13T16:00:00Z,62.33
2023-06-13T17:00:00Z,0.0
2023-06-13T18:00:00Z,0.0
2023-06-13T19:00:00Z,0.0
2023-06-13T20:00:00Z,0.0
2023-06-13T21:00:00Z,0.0
2023-06-13T22:00:00Z,0.0
2023-06-13T23:00:00Z,0.0
2023-06-14T00:00:00Z,0.0
2023-06-14T01:00:00Z,0.0
2023-06-14T02:00:00Z,0.0
2023-06-14T03:00:00Z,0.0
2023-06-14T04:00:00Z,0.0
2023-06-14T05:00:00Z,0.0
2023-06-14T06:00:00Z,20.85
2023-06-14T07:00:00Z,181.85
2023-06-14T08:00:00Z,365.5
2023-06-14T09:00:00Z,514.2
2023-06-14T10:00:00Z,638.72
2023-06-14T11:00:00Z,678.7
2023-06-14T12:00:00Z,651.8
2023-06-14T13:00:00Z,547.0
2023-06-14T14:00:00Z,427.12
2023-06-14T15:00:00Z,259.92
2023-06-14T16:00:00Z,74.38
2023-06-14T17:00:00Z,0.0
2023-06-14T18:00:00Z,0.0
2023-06-14T19:00:00Z,0.0
2023-06-14T20:00:00Z,0.0
2023-06-14T21:00:00Z,0.0
2023-06-14T22:00:00Z,0.0
2023-06-14T23:00:00Z,0.0
2023-06-15T00:00:00Z,0.0
2023-06-15T01:00:00Z,0.0
2023-06-15T02:00:00Z,0.0
2023-06-15T03:00:00Z,0.0
2023-06-15T04:00:00Z,0.0
2023-06-15T05:00:00Z,0.0
2023-06-15T06:00:00Z,17.08
2023-06-15T07:00:00Z,154.3
2023-06-15T08:00:00Z,328.15
2023-06-15T09:00:00Z,469.65
2023-06-15T10:00:00Z,568.67
2023-06-15T11:00:00Z,578.45
2023-06-15T12:00:00Z,549.97
2023-06-15T13:00:00Z,471.25
2023-06-15T14:00:00Z,343.7
2023-06-15T15:00:00Z,185.05
2023-06-15T16:00:00Z,38.85
2023-06-15T17:00:00Z,0.0
2023-06-15T18:00:00Z,0.0
2023-06-15T19:00:00Z,0.0
2023-06-15T20:00:00Z,0.0
2023-06-15T21:00:00Z,0.0
2023-06-15T22:00:00Z,0.0
2023-06-15T23:00:00Z,0.0
2023-06-16T00:00:00Z,0.0
2023-06-16T01:00:00Z,0.0
2023-06-16T02:00:00Z,0.0
2023-06-16T03:00:00Z,0.0
2023-06-16T04:00:00Z,0.0
2023-06-16T05:00:00Z,0.0
2023-06-16T06:00:00Z,7.15
2023-06-16T07:00:00Z,63.53
2023-06-16T08:00:00Z,129.73
2023-06-16T09:00:00Z,152.77
2023-06-16T10:00:00Z,183.12
2023-06-16T11:00:00Z,177.43
2023-06-16T12:00:00Z,302.4
2023-06-16T13:00:00Z,226.75
2023-06-16T14:00:00Z,197.85
2023-06-16T15:00:00Z,117.05
2023-06-16T16:00:00Z,29.85
2023-06-16T17:00:00Z,0.0
2023-06-16T18:00:00Z,0.0
2023-06-16T19:00:00Z,0.0
2023-06-16T20:00:00Z,0.0
2023-06-16T21:00:00Z,0.0
2023-06-16T22:00:00Z,0.0
2023-06-16T23:00:00Z,0.0
2023-06-17T00:00:00Z,0.0
2023-06-17T01:00:00Z,0.0
2023-06-17T02:00:00Z,0.0
2023-06-17T03:00:00Z,0.0
2023-06-17T04:00:00Z,0.0
2023-06-17T05:00:00Z,0.0
2023-06-17T06:00:00Z,16.6
2023-06-17T07:00:00Z,164.5
2023-06-17T08:00:00Z,349.45
2023-06-17T09:00:00Z,507.65
2023-06-17T10:00:00Z,602.4
2023-06-17T11:00:00Z,667.65
2023-06-17T12:00:00Z,649.95
2023-06-17T13:00:00Z,580.55
2023-06-17T14:00:00Z,446.38
2023-06-17T15:00:00Z,270.73
2023-06-17T16:00:00Z,76.18
2023-06-17T17:00:00Z,0.0
2023-06-17T18:00:00Z,0.0
2023-06-17T19:00:00Z,0.0
2023-06-17T20:00:00Z,0.0
2023-06-17T21:00:00Z,0.0
2023-06-17T22:00:00Z,0.0
2023-06-17T23:00:00Z,0.0
2023-06-18T00:00:00Z,0.0
2023-06-18T01:00:00Z,0.0
2023-06-18T02:00:00Z,0.0
2023-06-18T03:00:00Z,0.0
2023-06-18T04:00:00Z,0.0
2023-06-18T05:00:00Z,0.0
2023-06-18T06:00:00Z,15.9
2023-06-18T07:00:00Z,140.62
2023-06-18T08:00:00Z,277.33
2023-06-18T09:00:00Z,477.17
2023-06-18T10:00:00Z,589.97
2023-06-18T11:00:00Z,650.83
2023-06-18T12:00:00Z,598.05
2023-06-18T13:00:00Z,528.45
2023-06-18T14:00:00Z,417.4
2023-06-18T15:00:00Z,217.27
2023-06-18T16:00:00Z,58.25
2023-06-18T17:00:00Z,0.0
2023-06-18T18:00:00Z,0.0
2023-06-18T19:00:00Z,0.0
2023-06-18T20:00:00Z,0.0
2023-06-18T21:00:00Z,0.0
2023-06-18T22:00:00Z,0.0
2023-06-18T23:00:00Z,0.0
2023-06-19T00:00:00Z,0.0
2023-06-19T01:00:00Z,0.0
2023-06-19T02:00:00Z,0.0
2023-06-19T03:00:00Z,0.0
2023-06-19T04:00:00Z,0.0
2023-06-19T05:00:00Z,0.0
2023-06-19T06:00:00Z,16.08
2023-06-19T07:00:00Z,142.95
2023-06-19T08:00:00Z,296.75
2023-06-19T09:00:00Z,472.65
2023-06-19T10:00:00Z,526.7
2023-06-19T11:00:00Z,584.65
2023-06-19T12:00:00Z,583.6
2023-06-19T13:00:00Z,510.08
2023-06-19T14:00:00Z,339.8
2023-06-19T15:00:00Z,205.73
2023-06-19T16:00:00Z,59.83
2023-06-19T17:00:00Z,0.0
2023-06-19T18:00:00Z,0.0
2023-06-19T19:00:00Z,0.0
2023-06-19T20:00:00Z,0.0
2023-06-19T21:00:00Z,0.0
2023-06-19T22:00:00Z,0.0
2023-06-19T23:00:00Z,0.0
2023-06-20T00:00:00Z,0.0
2023-06-20T01:00:00Z,0.0
2023-06-20T02:00:00Z,0.0
2023-06-20T03:00:00Z,0.0
2023-06-20T04:00:00Z,0.0
2023-06-20T05:00:00Z,0.0
2023-06-20T06:00:00Z,18.45
2023-06-20T07:00:00Z,183.18
2023-06-20T08:00:00Z,381.1
2023-06-20T09:00:00Z,541.33
2023-06-20T10:00:00Z,647.8
2023-06-20T11:00:00Z,690.92
2023-06-20T12:00:00Z,671.38
2023-06-20T13:00:00Z,555.45
2023-06-20T14:00:00Z,424.42
2023-06-20T15:00:00Z,261.58
2023-06-20T16:00:00Z,74.6
2023-06-20T17:00:00Z,0.0
2023-06-20T18:00:00Z,0.0
2023-06-20T19:00:00Z,0.0
2023-06-20T20:00:00Z,0.0
2023-06-20T21:00:00Z,0.0
2023-06-20T22:00:00Z,0.0
2023-06-20T23:00:00Z,0.0
2023-06-21T00:00:00Z,0.0
2023-06-21T01:00:00Z,0.0
2023-06-21T02:00:00Z,0.0
2023-06-21T03:00:00Z,0.0
2023-06-21T04:00:00Z,0.0
2023-06-21T05:00:00Z,0.0
2023-06-21T06:00:00Z,14.98
2023-06-21T07:00:00Z,149.25
2023-06-21T08:00:00Z,315.4
2023-06-21T09:00:00Z,502.77
2023-06-21T10:00:00Z,610.45
2023-06-21T11:00:00Z,662.03
2023-06-21T12:00:00Z,661.42
2023-06-21T13:00:00Z,575.83
2023-06-21T14:00:00Z,424.75
2023-06-21T15:00:00Z,260.23
2023-06-21T16:00:00Z,77.57
2023-06-21T17:00:00Z,0.0
2023-06-21T18:00:00Z,0.0
2023-06-21T19:00:00Z,0.0
2023-06-21T20:00:00Z,0.0
2023-06-21T21:00:00Z,0.0
2023-06-21T22:00:00Z,0.0
2023-06-21T23:00:00Z,0.0
2023-06-22T00:00:00Z,0.0
2023-06-22T01:00:00Z,0.0
2023-06-22T02:00:00Z,0.0
2023-06-22T03:00:00Z,0.0
2023-06-22T04:00:00Z,0.0
2023-06-22T05:00:00Z,0.0
2023-06-22T06:00:00Z,13.75
2023-06-22T07:00:00Z,122.38
2023-06-22T08:00:00Z,271.08
2023-06-22T09:00:00Z,389.58
2023-06-22T10:00:00Z,518.3
2023-06-22T11:00:00Z,567.17
2023-06-22T12:00:00Z,605.53
2023-06-22T13:00:00Z,559.25
2023-06-22T14:00:00Z,402.85
2023-06-22T15:00:00Z,239.27
2023-06-22T16:00:00Z,68.5
2023-06-22T17:00:00Z,0.0
2023-06-22T18:00:00Z,0.0
2023-06-22T19:00:00Z,0.0
2023-06-22T20:00:00Z,0.0
2023-06-22T21:00:00Z,0.0
2023-06-22T22:00:00Z,0.0
2023-06-22T23:00:00Z,0.0
2023-06-23T00:00:00Z,0.0
2023-06-23T01:00:00Z,0.0
2023-06-23T02:00:00Z,0.0
2023-06-23T03:00:00Z,0.0
2023-06-23T04:00:00Z,0.0
2023-06-23T05:00:00Z,0.0
2023-06-23T06:00:00Z,18.2
2023-06-23T07:00:00Z,178.23
2023-06-23T08:00:00Z,367.35
2023-06-23T09:00:00Z,523.1
2023-06-23T10:00:00Z,633.45
2023-06-23T11:00:00Z,664.45
2023-06-23T12:00:00Z,652.85
2023-06-23T13:00:00Z,564.4
2023-06-23T14:00:00Z,383.35
2023-06-23T15:00:00Z,231.6
2023-06-23T16:00:00Z,66.68
2023-06-23T17:00:00Z,0.0
2023-06-23T18:00:00Z,0.0
2023-06-23T19:00:00Z,0.0
2023-06-23T20:00:00Z,0.0
2023-06-23T21:00:00Z,0.0
2023-06-23T22:00:00Z,0.0
2023-06-23T23:00:00Z,0.0
2023-06-24T00:00:00Z,0.0
2023-06-24T01:00:00Z,0.0
2023-06-24T02:00:00Z,0.0
2023-06-24T03:00:00Z,0.0
2023-06-24T04:00:00Z,0.0
2023-06-24T05:00:00Z,0.0
2023-06-24T06:00:00Z,16.67
2023-06-24T07:00:00Z,156.07
2023-06-24T08:00:00Z,312.9
2023-06-24T09:00:00Z,490.75
2023-06-24T10:00:00Z,599.8
2023-06-24T11:00:00Z,673.12
2023-06-24T12:00:00Z,655.55
2023-06-24T13:00:00Z,545.08
2023-06-24T14:00:00Z,418.05
2023-06-24T15:00:00Z,251.2
2023-06-24T16:00:00Z,72.3
2023-06-24T17:00:00Z,0.0
2023-06-24T18:00:00Z,0.0
2023-06-24T19:00:00Z,0.0
2023-06-24T20:00:00Z,0.0
2023-06-24T21:00:00Z,0.0
2023-06-24T22:00:00Z,0.0
2023-06-24T23:00:00Z,0.0
2023-06-25T00:00:00Z,0.0
2023-06-25T01:00:00Z,0.0
2023-06-25T02:00:00Z,0.0
2023-06-25T03:00:00Z,0.0
2023-06-25T04:00:00Z,0.0
2023-06-25T05:00:00Z,0.0
2023-06-25T06:00:00Z,14.45
2023-06-25T07:00:00Z,124.07
2023-06-25T08:00:00Z,237.9
2023-06-25T09:00:00Z,380.25
2023-06-25T10:00:00Z,487.45
2023-06-25T11:00:00Z,548.67
2023-06-25T12:00:00Z,570.55
2023-06-25T13:00:00Z,512.78
2023-06-25T14:00:00Z,356.6
2023-06-25T15:00:00Z,218.23
2023-06-25T16:00:00Z,66.07
2023-06-25T17:00:00Z,0.0
2023-06-25T18:00:00Z,0.0
2023-06-25T19:00:00Z,0.0
2023-06-25T20:00:00Z,0.0
2023-06-25T21:00:00Z,0.0
2023-06-25T22:00:00Z,0.0
2023-06-25T23:00:00Z,0.0
2023-06-26T00:00:00Z,0.0
2023-06-26T01:00:00Z,0.0
2023-06-26T02:00:00Z,0.0
2023-06-26T03:00:00Z,0.0
2023-06-26T04:00:00Z,0.0
2023-06-26T05:00:00Z,0.0
2023-06-26T06:00:00Z,14.32
2023-06-26T07:00:00Z,140.02
2023-06-26T08:00:00Z,287.1
2023-06-26T09:00:00Z,457.2
2023-06-26T10:00:00Z,560.17
2023-06-26T11:00:00Z,653.22
2023-06-26T12:00:00Z,665.92
2023-06-26T13:00:00Z,586.8
2023-06-26T14:00:00Z,448.48
2023-06-26T15:00:00Z,267.17
2023-06-26T16:00:00Z,76.7
2023-06-26T17:00:00Z,0.0
2023-06-26T18:00:00Z,0.0
2023-06-26T19:00:00Z,0.0
2023-06-26T20:00:00Z,0.0
2023-06-26T21:00:00Z,0.0
2023-06-26T22:00:00Z,0.0
2023-06-26T23:00:00Z,0.0
2023-06-27T00:00:00Z,0.0
2023-06-27T01:00:00Z,0.0
2023-06-27T02:00:00Z,0.0
2023-06-27T03:00:00Z,0.0
2023-06-27T04:00:00Z,0.0
2023-06-27T05:00:00Z,0.0
2023-06-27T06:00:00Z,16.3
2023-06-27T07:00:00Z,172.27
2023-06-27T08:00:00Z,366.92
2023-06-27T09:00:00Z,533.17
2023-06-27T10:00:00Z,637.6
2023-06-27T11:00:00Z,684.72
2023-06-27T12:00:00Z,636.88
2023-06-27T13:00:00Z,503.4
2023-06-27T14:00:00Z,393.95
2023-06-27T15:00:00Z,242.43
2023-06-27T16:00:00Z,62.72
2023-06-27T17:00:00Z,0.0
2023-06-27T18:00:00Z,0.0
2023-06-27T19:00:00Z,0.0
2023-06-27T20:00:00Z,0.0
2023-06-27T21:00:00Z,0.0
2023-06-27T22:00:00Z,0.0
2023-06-27T23:00:00Z,0.0
2023-06-28T00:00:00Z,0.0
2023-06-28T01:00:00Z,0.0
2023-06-28T02:00:00Z,0.0
2023-06-28T03:00:00Z,0.0
2023-06-28T04:00:00Z,0.0
2023-06-28T05:00:00Z,0.0
2023-06-28T06:00:00Z,15.55
2023-06-28T07:00:00Z,156.25
2023-06-28T08:00:00Z,331.7
2023-06-28T09:00:00Z,504.02
2023-06-28T10:00:00Z,623.15
2023-06-28T11:00:00Z,678.88
2023-06-28T12:00:00Z,660.4
2023-06-28T13:00:00Z,583.08
2023-06-28T14:00:00Z,451.38
2023-06-28T15:00:00Z,277.5
2023-06-28T16:00:00Z,86.75
2023-06-28T17:00:00Z,0.0
2023-06-28T18:00:00Z,0.0
2023-06-28T19:00:00Z,0.0
2023-06-28T20:00:00Z,0.0
2023-06-28T21:00:00Z,0.0
2023-06-28T22:00:00Z,0.0
2023-06-28T23:00:00Z,0.0
2023-06-29T00:00:00Z,0.0
2023-06-29T01:00:00Z,0.0
2023-06-29T02:00:00Z,0.0
2023-06-29T03:00:00Z,0.0
2023-06-29T04:00:00Z,0.0
2023-06-29T05:00:00Z,0.0
2023-06-29T06:00:00Z,16.17
2023-06-29T07:00:00Z,167.48
2023-06-29T08:00:00Z,348.6
2023-06-29T09:00:00Z,498.98
2023-06-29T10:00:00Z,628.58
2023-06-29T11:00:00Z,672.38
2023-06-29T12:00:00Z,619.38
2023-06-29T13:00:00Z,548.35
2023-06-29T14:00:00Z,418.88
2023-06-29T15:00:00Z,243.98
2023-06-29T16:00:00Z,79.68
2023-06-29T17:00:00Z,0.0
2023-06-29T18:00:00Z,0.0
2023-06-29T19:00:00Z,0.0
2023-06-29T20:00:00Z,0.0
2023-06-29T21:00:00Z,0.0
2023-06-29T22:00:00Z,0.0
2023-06-29T23:00:00Z,0.0
2023-06-30T00:00:00Z,0.0
2023-06-30T01:00:00Z,0.0
2023-06-30T02:00:00Z,0.0
2023-06-30T03:00:00Z,0.0
2023-06-30T04:00:00Z,0.0
2023-06-30T05:00:00Z,0.0
2023-06-30T06:00:00Z,15.8
2023-06-30T07:00:00Z,169.88
2023-06-30T08:00:00Z,363.05
2023-06-30T09:00:00Z,523.3
2023-06-30T10:00:00Z,617.28
2023-06-30T11:00:00Z,665.6
2023-06-30T12:00:00Z,636.78
2023-06-30T13:00:00Z,503.05
2023-06-30T14:00:00Z,401.92
2023-06-30T15:00:00Z,236.43
2023-06-30T16:00:00Z,65.2
2023-06-30T17:00:00Z,0.0
2023-06-30T18:00:00Z,0.0
2023-06-30T19:00:00Z,0.0
2023-06-30T20:00:00Z,0.0
2023-06-30T21:00:00Z,0.0
2023-06-30T22:00:00Z,0.0
2023-06-30T23:00:00Z,0.0
2023-07-01T00:00:00Z,0.0
2023-07-01T01:00:00Z,0.0
2023-07-01T02:00:00Z,0.0
2023-07-01T03:00:00Z,0.0
2023-07-01T04:00:00Z,0.0
2023-07-01T05:00:00Z,0.0
2023-07-01T06:00:00Z,13.07
2023-07-01T07:00:00Z,130.18
2023-07-01T08:00:00Z,288.4
2023-07-01T09:00:00Z,418.45
2023-07-01T10:00:00Z,538.17
2023-07-01T11:00:00Z,603.12
2023-07-01T12:00:00Z,562.67
2023-07-01T13:00:00Z,483.75
2023-07-01T14:00:00Z,373.92
2023-07-01T15:00:00Z,221.68
2023-07-01T16:00:00Z,66.62
2023-07-01T17:00:00Z,0.0
2023-07-01T18:00:00Z,0.0
2023-07-01T19:00:00Z,0.0
2023-07-01T20:00:00Z,0.0
2023-07-01T21:00:00Z,0.0
2023-07-01T22:00:00Z,0.0
2023-07-01T23:00:00Z,0.0
2023-07-02T00:00:00Z,0.0
2023-07-02T01:00:00Z,0.0
2023-07-02T02:00:00Z,0.0
2023-07-02T03:00:00Z,0.0
2023-07-02T04:00:00Z,0.0
2023-07-02T05:00:00Z,0.0
2023-07-02T06:00:00Z,13.25
2023-07-02T07:00:00Z,137.68
2023-07-02T08:00:00Z,299.7
2023-07-02T09:00:00Z,450.7
2023-07-02T10:00:00Z,545.05
2023-07-02T11:00:00Z,589.03
2023-07-02T12:00:00Z,501.42
2023-07-02T13:00:00Z,419.05
2023-07-02T14:00:00Z,304.7
2023-07-02T15:00:00Z,174.7
2023-07-02T16:00:00Z,50.03
2023-07-02T17:00:00Z,0.0
2023-07-02T18:00:00Z,0.0
2023-07-02T19:00:00Z,0.0
2023-07-02T20:00:00Z,0.0
2023-07-02T21:00:00Z,0.0
2023-07-02T22:00:00Z,0.0
2023-07-02T23:00:00Z,0.0
2023-07-03T00:00:00Z,0.0
2023-07-03T01:00:00Z,0.0
2023-07-03T02:00:00Z,0.0
2023-07-03T03:00:00Z,0.0
2023-07-03T04:00:00Z,0.0
2023-07-03T05:00:00Z,0.0
2023-07-03T06:00:00Z,14.43
2023-07-03T07:00:00Z,154.43
2023-07-03T08:00:00Z,326.0
2023-07-03T09:00:00Z,490.52
2023-07-03T10:00:00Z,594.12
2023-07-03T11:00:00Z,635.62
2023-07-03T12:00:00Z,645.55
2023-07-03T13:00:00Z,545.45
2023-07-03T14:00:00Z,411.95
2023-07-03T15:00:00Z,238.73
2023-07-03T16:00:00Z,64.95
2023-07-03T17:00:00Z,0.0
2023-07-03T18:00:00Z,0.0
2023-07-03T19:00:00Z,0.0
2023-07-03T20:00:00Z,0.0
2023-07-03T21:00:00Z,0.0
2023-07-03T22:00:00Z,0.0
2023-07-03T23:00:00Z,0.0
2023-07-04T00:00:00Z,0.0
2023-07-04T01:00:00Z,0.0
2023-07-04T02:00:00Z,0.0
2023-07-04T03:00:00Z,0.0
2023-07-04T04:00:00Z,0.0
2023-07-04T05:00:00Z,0.0
2023-07-04T06:00:00Z,13.23
2023-07-04T07:00:00Z,127.7
2023-07-04T08:00:00Z,279.48
2023-07-04T09:00:00Z,443.45
2023-07-04T10:00:00Z,546.95
2023-07-04T11:00:00Z,573.95
2023-07-04T12:00:00Z,546.35
2023-07-04T13:00:00Z,489.98
2023-07-04T14:00:00Z,373.95
2023-07-04T15:00:00Z,227.98
2023-07-04T16:00:00Z,73.82
2023-07-04T17:00:00Z,0.0
2023-07-04T18:00:00Z,0.0
2023-07-04T19:00:00Z,0.0
2023-07-04T20:00:00Z,0.0
2023-07-04T21:00:00Z,0.0
2023-07-04T22:00:00Z,0.0
2023-07-04T23:00:00Z,0.0
2023-07-05T00:00:00Z,0.0
2023-07-05T01:00:00Z,0.0
2023-07-05T02:00:00Z,0.0
2023-07-05T03:00:00Z,0.0
2023-07-05T04:00:00Z,0.0
2023-07-05T05:00:00Z,0.0
2023-07-05T06:00:00Z,15.38
2023-07-05T07:00:00Z,152.3
2023-07-05T08:00:00Z,326.08
2023-07-05T09:00:00Z,477.4
2023-07-05T10:00:00Z,562.15
2023-07-05T11:00:00Z,636.8
2023-07-05T12:00:00Z,619.42
2023-07-05T13:00:00Z,550.55
2023-07-05T14:00:00Z,438.35
2023-07-05T15:00:00Z,269.42
2023-07-05T16:00:00Z,85.55
2023-07-05T17:00:00Z,0.0
2023-07-05T18:00:00Z,0.0
2023-07-05T19:00:00Z,0.0
2023-07-05T20:00:00Z,0.0
2023-07-05T21:00:00Z,0.0
2023-07-05T22:00:00Z,0.0
2023-07-05T23:00:00Z,0.0
2023-07-06T00:00:00Z,0.0
2023-07-06T01:00:00Z,0.0
2023-07-06T02:00:00Z,0.0
2023-07-06T03:00:00Z,0.0
2023-07-06T04:00:00Z,0.0
2023-07-06T05:00:00Z,0.0
2023-07-06T06:00:00Z,16.42
2023-07-06T07:00:00Z,169.05
2023-07-06T08:00:00Z,357.27
2023-07-06T09:00:00Z,513.35
2023-07-06T10:00:00Z,629.6
2023-07-06T11:00:00Z,670.85
2023-07-06T12:00:00Z,652.08
2023-07-06T13:00:00Z,541.47
2023-07-06T14:00:00Z,462.4
2023-07-06T15:00:00Z,287.58
2023-07-06T16:00:00Z,96.47
2023-07-06T17:00:00Z,0.0
2023-07-06T18:00:00Z,0.0
2023-07-06T19:00:00Z,0.0
2023-07-06T20:00:00Z,0.0
2023-07-06T21:00:00Z,0.0
2023-07-06T22:00:00Z,0.0
2023-07-06T23:00:00Z,0.0
2023-07-07T00:00:00Z,0.0
2023-07-07T01:00:00Z,0.0
2023-07-07T02:00:00Z,0.0
2023-07-07T03:00:00Z,0.0
2023-07-07T04:00:00Z,0.0
2023-07-07T05:00:00Z,0.0
2023-07-07T06:00:00Z,16.88
2023-07-07T07:00:00Z,173.45
2023-07-07T08:00:00Z,363.3
2023-07-07T09:00:00Z,520.97
2023-07-07T10:00:00Z,635.92
2023-07-07T11:00:00Z,688.8
2023-07-07T12:00:00Z,685.53
2023-07-07T13:00:00Z,607.42
2023-07-07T14:00:00Z,477.52
2023-07-07T15:00:00Z,294.92
2023-07-07T16:00:00Z,97.72
2023-07-07T17:00:00Z,0.0
2023-07-07T18:00:00Z,0.0
2023-07-07T19:00:00Z,0.0
2023-07-07T20:00:00Z,0.0
2023-07-07T21:00:00Z,0.0
2023-07-07T22:00:00Z,0.0
2023-07-07T23:00:00Z,0.0
2023-07-08T00:00:00Z,0.0
2023-07-08T01:00:00Z,0.0
2023-07-08T02:00:00Z,0.0
2023-07-08T03:00:00Z,0.0
2023-07-08T04:00:00Z,0.0
2023-07-08T05:00:00Z,0.0
2023-07-08T06:00:00Z,15.45
2023-07-08T07:00:00Z,165.7
2023-07-08T08:00:00Z,347.27
2023-07-08T09:00:00Z,500.9
2023-07-08T10:00:00Z,647.0
2023-07-08T11:00:00Z,706.15
2023-07-08T12:00:00Z,689.83
2023-07-08T13:00:00Z,612.65
2023-07-08T14:00:00Z,478.05
2023-07-08T15:00:00Z,294.88
2023-07-08T16:00:00Z,97.7
2023-07-08T17:00:00Z,0.0
2023-07-08T18:00:00Z,0.0
2023-07-08T19:00:00Z,0.0
2023-07-08T20:00:00Z,0.0
2023-07-08T21:00:00Z,0.0
2023-07-08T22:00:00Z,0.0
2023-07-08T23:00:00Z,0.0
2023-07-09T00:00:00Z,0.0
2023-07-09T01:00:00Z,0.0
2023-07-09T02:00:00Z,0.0
2023-07-09T03:00:00Z,0.0
2023-07-09T04:00:00Z,0.0
2023-07-09T05:00:00Z,0.0
2023-07-09T06:00:00Z,14.23
2023-07-09T07:00:00Z,125.25
2023-07-09T08:00:00Z,270.67
2023-07-09T09:00:00Z,392.85
2023-07-09T10:00:00Z,472.3
2023-07-09T11:00:00Z,536.15
2023-07-09T12:00:00Z,509.0
2023-07-09T13:00:00Z,487.83
2023-07-09T14:00:00Z,368.83
2023-07-09T15:00:00Z,225.43
2023-07-09T16:00:00Z,80.72
2023-07-09T17:00:00Z,0.0
2023-07-09T18:00:00Z,0.0
2023-07-09T19:00:00Z,0.0
2023-07-09T20:00:00Z,0.0
2023-07-09T21:00:00Z,0.0
2023-07-09T22:00:00Z,0.0
2023-07-09T23:00:00Z,0.0
2023-07-10T00:00:00Z,0.0
2023-07-10T01:00:00Z,0.0
2023-07-10T02:00:00Z,0.0
2023-07-10T03:00:00Z,0.0
2023-07-10T04:00:00Z,0.0
2023-07-10T05:00:00Z,0.0
2023-07-10T06:00:00Z,17.67
2023-07-10T07:00:00Z,181.65
2023-07-10T08:00:00Z,380.45
2023-07-10T09:00:00Z,549.78
2023-07-10T10:00:00Z,662.5
2023-07-10T11:00:00Z,705.88
2023-07-10T12:00:00Z,689.58
2023-07-10T13:00:00Z,606.9
2023-07-10T14:00:00Z,464.62
2023-07-10T15:00:00Z,290.0
2023-07-10T16:00:00Z,100.28
2023-07-10T17:00:00Z,0.0
2023-07-10T18:00:00Z,0.0
2023-07-10T19:00:00Z,0.0
2023-07-10T20:00:00Z,0.0
2023-07-10T21:00:00Z,0.0
2023-07-10T22:00:00Z,0.0
2023-07-10T23:00:00Z,0.0
2023-07-11T00:00:00Z,0.0
2023-07-11T01:00:00Z,0.0
2023-07-11T02:00:00Z,0.0
2023-07-11T03:00:00Z,0.0
2023-07-11T04:00:00Z,0.0
2023-07-11T05:00:00Z,0.0
2023-07-11T06:00:00Z,16.0
2023-07-11T07:00:00Z,138.9
2023-07-11T08:00:00Z,268.83
2023-07-11T09:00:00Z,454.4
2023-07-11T10:00:00Z,513.7
2023-07-11T11:00:00Z,554.62
2023-07-11T12:00:00Z,442.92
2023-07-11T13:00:00Z,399.08
2023-07-11T14:00:00Z,270.38
2023-07-11T15:00:00Z,162.77
2023-07-11T16:00:00Z,59.47
2023-07-11T17:00:00Z,0.0
2023-07-11T18:00:00Z,0.0
2023-07-11T19:00:00Z,0.0
2023-07-11T20:00:00Z,0.0
2023-07-11T21:00:00Z,0.0
2023-07-11T22:00:00Z,0.0
2023-07-11T23:00:00Z,0.0
2023-07-12T00:00:00Z,0.0
2023-07-12T01:00:00Z,0.0
2023-07-12T02:00:00Z,0.0
2023-07-12T03:00:00Z,0.0
2023-07-12T04:00:00Z,0.0
2023-07-12T05:00:00Z,0.0
2023-07-12T06:00:00Z,11.25
2023-07-12T07:00:00Z,100.93
2023-07-12T08:00:00Z,213.18
2023-07-12T09:00:00Z,317.73
2023-07-12T10:00:00Z,375.58
2023-07-12T11:00:00Z,474.05
2023-07-12T12:00:00Z,489.95
2023-07-12T13:00:00Z,391.02
2023-07-12T14:00:00Z,270.88
2023-07-12T15:00:00Z,168.15
2023-07-12T16:00:00Z,59.4
2023-07-12T17:00:00Z,0.0
2023-07-12T18:00:00Z,0.0
2023-07-12T19:00:00Z,0.0
2023-07-12T20:00:00Z,0.0
2023-07-12T21:00:00Z,0.0
2023-07-12T22:00:00Z,0.0
2023-07-12T23:00:00Z,0.0
2023-07-13T00:00:00Z,0.0
2023-07-13T01:00:00Z,0.0
2023-07-13T02:00:00Z,0.0
2023-07-13T03:00:00Z,0.0
2023-07-13T04:00:00Z,0.0
2023-07-13T05:00:00Z,0.0
2023-07-13T06:00:00Z,14.93
2023-07-13T07:00:00Z,143.3
2023-07-13T08:00:00Z,308.0
2023-07-13T09:00:00Z,442.77
2023-07-13T10:00:00Z,569.12
2023-07-13T11:00:00Z,621.75
2023-07-13T12:00:00Z,485.23
2023-07-13T13:00:00Z,355.42
2023-07-13T14:00:00Z,263.85
2023-07-13T15:00:00Z,158.98
2023-07-13T16:00:00Z,47.8
2023-07-13T17:00:00Z,0.0
2023-07-13T18:00:00Z,0.0
2023-07-13T19:00:00Z,0.0
2023-07-13T20:00:00Z,0.0
2023-07-13T21:00:00Z,0.0
2023-07-13T22:00:00Z,0.0
2023-07-13T23:00:00Z,0.0
2023-07-14T00:00:00Z,0.0
2023-07-14T01:00:00Z,0.0
2023-07-14T02:00:00Z,0.0
2023-07-14T03:00:00Z,0.0
2023-07-14T04:00:00Z,0.0
2023-07-14T05:00:00Z,0.0
2023-07-14T06:00:00Z,3.35
2023-07-14T07:00:00Z,46.6
2023-07-14T08:00:00Z,72.5
2023-07-14T09:00:00Z,102.82
2023-07-14T10:00:00Z,150.1
2023-07-14T11:00:00Z,179.88
2023-07-14T12:00:00Z,135.82
2023-07-14T13:00:00Z,126.32
2023-07-14T14:00:00Z,90.47
2023-07-14T15:00:00Z,51.9
2023-07-14T16:00:00Z,18.23
2023-07-14T17:00:00Z,0.0
2023-07-14T18:00:00Z,0.0
2023-07-14T19:00:00Z,0.0
2023-07-14T20:00:00Z,0.0
2023-07-14T21:00:00Z,0.0
2023-07-14T22:00:00Z,0.0
2023-07-14T23:00:00Z,0.0
2023-07-15T00:00:00Z,0.0
2023-07-15T01:00:00Z,0.0
2023-07-15T02:00:00Z,0.0
2023-07-15T03:00:00Z,0.0
2023-07-15T04:00:00Z,0.0
2023-07-15T05:00:00Z,0.0
2023-07-15T06:00:00Z,6.15
2023-07-15T07:00:00Z,39.3
2023-07-15T08:00:00Z,79.15
2023-07-15T09:00:00Z,108.57
2023-07-15T10:00:00Z,146.55
2023-07-15T11:00:00Z,181.95
2023-07-15T12:00:00Z,185.73
2023-07-15T13:00:00Z,205.85
2023-07-15T14:00:00Z,94.47
2023-07-15T15:00:00Z,70.78
2023-07-15T16:00:00Z,10.55
2023-07-15T17:00:00Z,0.0
2023-07-15T18:00:00Z,0.0
2023-07-15T19:00:00Z,0.0
2023-07-15T20:00:00Z,0.0
2023-07-15T21:00:00Z,0.0
2023-07-15T22:00:00Z,0.0
2023-07-15T23:00:00Z,0.0
2023-07-16T00:00:00Z,0.0
2023-07-16T01:00:00Z,0.0
2023-07-16T02:00:00Z,0.0
2023-07-16T03:00:00Z,0.0
2023-07-16T04:00:00Z,0.0
2023-07-16T05:00:00Z,0.0
2023-07-16T06:00:00Z,15.32
2023-07-16T07:00:00Z,161.75
2023-07-16T08:00:00Z,345.1
2023-07-16T09:00:00Z,523.28
2023-07-16T10:00:00Z,639.12
2023-07-16T11:00:00Z,676.0
2023-07-16T12:00:00Z,655.62
2023-07-16T13:00:00Z,576.15
2023-07-16T14:00:00Z,453.58
2023-07-16T15:00:00Z,281.25
2023-07-16T16:00:00Z,95.55
2023-07-16T17:00:00Z,0.0
2023-07-16T18:00:00Z,0.0
2023-07-16T19:00:00Z,0.0
2023-07-16T20:00:00Z,0.0
2023-07-16T21:00:00Z,0.0
2023-07-16T22:00:00Z,0.0
2023-07-16T23:00:00Z,0.0
2023-07-17T00:00:00Z,0.0
2023-07-17T01:00:00Z,0.0
2023-07-17T02:00:00Z,0.0
2023-07-17T03:00:00Z,0.0
2023-07-17T04:00:00Z,0.0
2023-07-17T05:00:00Z,0.0
2023-07-17T06:00:00Z,18.65
2023-07-17T07:00:00Z,182.1
2023-07-17T08:00:00Z,377.85
2023-07-17T09:00:00Z,541.12
2023-07-17T10:00:00Z,629.05
2023-07-17T11:00:00Z,627.38
2023-07-17T12:00:00Z,552.85
2023-07-17T13:00:00Z,476.75
2023-07-17T14:00:00Z,367.38
2023-07-17T15:00:00Z,214.9
2023-07-17T16:00:00Z,70.82
2023-07-17T17:00:00Z,0.0
2023-07-17T18:00:00Z,0.0
2023-07-17T19:00:00Z,0.0
2023-07-17T20:00:00Z,0.0
2023-07-17T21:00:00Z,0.0
2023-07-17T22:00:00Z,0.0
2023-07-17T23:00:00Z,0.0
2023-07-18T00:00:00Z,0.0
2023-07-18T01:00:00Z,0.0
2023-07-18T02:00:00Z,0.0
2023-07-18T03:00:00Z,0.0
2023-07-18T04:00:00Z,0.0
2023-07-18T05:00:00Z,0.0
2023-07-18T06:00:00Z,14.93
2023-07-18T07:00:00Z,133.6
2023-07-18T08:00:00Z,290.83
2023-07-18T09:00:00Z,426.02
2023-07-18T10:00:00Z,575.1
2023-07-18T11:00:00Z,655.95
2023-07-18T12:00:00Z,632.08
2023-07-18T13:00:00Z,518.3
2023-07-18T14:00:00Z,345.7
2023-07-18T15:00:00Z,211.07
2023-07-18T16:00:00Z,68.7
2023-07-18T17:00:00Z,0.0
2023-07-18T18:00:00Z,0.0
2023-07-18T19:00:00Z,0.0
2023-07-18T20:00:00Z,0.0
2023-07-18T21:00:00Z,0.0
2023-07-18T22:00:00Z,0.0
2023-07-18T23:00:00Z,0.0
2023-07-19T00:00:00Z,0.0
2023-07-19T01:00:00Z,0.0
2023-07-19T02:00:00Z,0.0
2023-07-19T03:00:00Z,0.0
2023-07-19T04:00:00Z,0.0
2023-07-19T05:00:00Z,0.0
2023-07-19T06:00:00Z,10.7
2023-07-19T07:00:00Z,91.65
2023-07-19T08:00:00Z,214.15
2023-07-19T09:00:00Z,333.6
2023-07-19T10:00:00Z,389.55
2023-07-19T11:00:00Z,351.77
2023-07-19T12:00:00Z,293.05
2023-07-19T13:00:00Z,245.9
2023-07-19T14:00:00Z,195.73
2023-07-19T15:00:00Z,104.53
2023-07-19T16:00:00Z,25.4
2023-07-19T17:00:00Z,0.0
2023-07-19T18:00:00Z,0.0
2023-07-19T19:00:00Z,0.0
2023-07-19T20:00:00Z,0.0
2023-07-19T21:00:00Z,0.0
2023-07-19T22:00:00Z,0.0
2023-07-19T23:00:00Z,0.0
2023-07-20T00:00:00Z,0.0
2023-07-20T01:00:00Z,0.0
2023-07-20T02:00:00Z,0.0
2023-07-20T03:00:00Z,0.0
2023-07-20T04:00:00Z,0.0
2023-07-20T05:00:00Z,0.0
2023-07-20T06:00:00Z,3.08
2023-07-20T07:00:00Z,37.22
2023-07-20T08:00:00Z,69.85
2023-07-20T09:00:00Z,92.62
2023-07-20T10:00:00Z,149.57
2023-07-20T11:00:00Z,239.85
2023-07-20T12:00:00Z,333.38
2023-07-20T13:00:00Z,258.5
2023-07-20T14:00:00Z,192.4
2023-07-20T15:00:00Z,129.25
2023-07-20T16:00:00Z,53.92
2023-07-20T17:00:00Z,0.0
2023-07-20T18:00:00Z,0.0
2023-07-20T19:00:00Z,0.0
2023-07-20T20:00:00Z,0.0
2023-07-20T21:00:00Z,0.0
2023-07-20T22:00:00Z,0.0
2023-07-20T23:00:00Z,0.0
2023-07-21T00:00:00Z,0.0
2023-07-21T01:00:00Z,0.0
2023-07-21T02:00:00Z,0.0
2023-07-21T03:00:00Z,0.0
2023-07-21T04:00:00Z,0.0
2023-07-21T05:00:00Z,0.0
2023-07-21T06:00:00Z,21.2
2023-07-21T07:00:00Z,197.98
2023-07-21T08:00:00Z,396.15
2023-07-21T09:00:00Z,560.3
2023-07-21T10:00:00Z,677.8
2023-07-21T11:00:00Z,729.45
2023-07-21T12:00:00Z,697.55
2023-07-21T13:00:00Z,588.2
2023-07-21T14:00:00Z,426.33
2023-07-21T15:00:00Z,268.4
2023-07-21T16:00:00Z,102.72
2023-07-21T17:00:00Z,0.0
2023-07-21T18:00:00Z,0.0
2023-07-21T19:00:00Z,0.0
2023-07-21T20:00:00Z,0.0
2023-07-21T21:00:00Z,0.0
2023-07-21T22:00:00Z,0.0
2023-07-21T23:00:00Z,0.0
2023-07-22T00:00:00Z,0.0
2023-07-22T01:00:00Z,0.0
2023-07-22T02:00:00Z,0.0
2023-07-22T03:00:00Z,0.0
2023-07-22T04:00:00Z,0.0
2023-07-22T05:00:00Z,0.0
2023-07-22T06:00:00Z,19.27
2023-07-22T07:00:00Z,156.93
2023-07-22T08:00:00Z,308.42
2023-07-22T09:00:00Z,444.42
2023-07-22T10:00:00Z,435.98
2023-07-22T11:00:00Z,385.33
2023-07-22T12:00:00Z,362.62
2023-07-22T13:00:00Z,351.5
2023-07-22T14:00:00Z,296.1
2023-07-22T15:00:00Z,198.98
2023-07-22T16:00:00Z,98.95
2023-07-22T17:00:00Z,0.0
2023-07-22T18:00:00Z,0.0
2023-07-22T19:00:00Z,0.0
2023-07-22T20:00:00Z,0.0
2023-07-22T21:00:00Z,0.0
2023-07-22T22:00:00Z,0.0
2023-07-22T23:00:00Z,0.0
2023-07-23T00:00:00Z,0.0
2023-07-23T01:00:00Z,0.0
2023-07-23T02:00:00Z,0.0
2023-07-23T03:00:00Z,0.0
2023-07-23T04:00:00Z,0.0
2023-07-23T05:00:00Z,0.0
2023-07-23T06:00:00Z,21.9
2023-07-23T07:00:00Z,186.45
2023-07-23T08:00:00Z,374.73
2023-07-23T09:00:00Z,532.15
2023-07-23T10:00:00Z,633.55
2023-07-23T11:00:00Z,678.03
2023-07-23T12:00:00Z,690.47
2023-07-23T13:00:00Z,616.75
2023-07-23T14:00:00Z,485.85
2023-07-23T15:00:00Z,311.8
2023-07-23T16:00:00Z,123.38
2023-07-23T17:00:00Z,0.0
2023-07-23T18:00:00Z,0.0
2023-07-23T19:00:00Z,0.0
2023-07-23T20:00:00Z,0.0
2023-07-23T21:00:00Z,0.0
2023-07-23T22:00:00Z,0.0
2023-07-23T23:00:00Z,0.0
2023-07-24T00:00:00Z,0.0
2023-07-24T01:00:00Z,0.0
2023-07-24T02:00:00Z,0.0
2023-07-24T03:00:00Z,0.0
2023-07-24T04:00:00Z,0.0
2023-07-24T05:00:00Z,0.0
2023-07-24T06:00:00Z,20.88
2023-07-24T07:00:00Z,192.9
2023-07-24T08:00:00Z,395.35
2023-07-24T09:00:00Z,560.85
2023-07-24T10:00:00Z,662.97
2023-07-24T11:00:00Z,700.15
2023-07-24T12:00:00Z,685.3
2023-07-24T13:00:00Z,621.05
2023-07-24T14:00:00Z,485.55
2023-07-24T15:00:00Z,291.2
2023-07-24T16:00:00Z,111.97
2023-07-24T17:00:00Z,0.0
2023-07-24T18:00:00Z,0.0
2023-07-24T19:00:00Z,0.0
2023-07-24T20:00:00Z,0.0
2023-07-24T21:00:00Z,0.0
2023-07-24T22:00:00Z,0.0
2023-07-24T23:00:00Z,0.0
2023-07-25T00:00:00Z,0.0
2023-07-25T01:00:00Z,0.0
2023-07-25T02:00:00Z,0.0
2023-07-25T03:00:00Z,0.0
2023-07-25T04:00:00Z,0.0
2023-07-25T05:00:00Z,0.0
2023-07-25T06:00:00Z,13.9
2023-07-25T07:00:00Z,118.8
2023-07-25T08:00:00Z,247.3
2023-07-25T09:00:00Z,353.23
2023-07-25T10:00:00Z,521.45
2023-07-25T11:00:00Z,465.0
2023-07-25T12:00:00Z,377.45
2023-07-25T13:00:00Z,343.08
2023-07-25T14:00:00Z,208.6
2023-07-25T15:00:00Z,130.25
2023-07-25T16:00:00Z,53.95
2023-07-25T17:00:00Z,0.0
2023-07-25T18:00:00Z,0.0
2023-07-25T19:00:00Z,0.0
2023-07-25T20:00:00Z,0.0
2023-07-25T21:00:00Z,0.0
2023-07-25T22:00:00Z,0.0
2023-07-25T23:00:00Z,0.0
2023-07-26T00:00:00Z,0.0
2023-07-26T01:00:00Z,0.0
2023-07-26T02:00:00Z,0.0
2023-07-26T03:00:00Z,0.0
2023-07-26T04:00:00Z,0.0
2023-07-26T05:00:00Z,0.0
2023-07-26T06:00:00Z,21.17
2023-07-26T07:00:00Z,186.35
2023-07-26T08:00:00Z,370.5
2023-07-26T09:00:00Z,555.9
2023-07-26T10:00:00Z,665.75
2023-07-26T11:00:00Z,700.28
2023-07-26T12:00:00Z,629.75
2023-07-26T13:00:00Z,536.6
2023-07-26T14:00:00Z,341.48
2023-07-26T15:00:00Z,202.73
2023-07-26T16:00:00Z,73.5
2023-07-26T17:00:00Z,0.0
2023-07-26T18:00:00Z,0.0
2023-07-26T19:00:00Z,0.0
2023-07-26T20:00:00Z,0.0
2023-07-26T21:00:00Z,0.0
2023-07-26T22:00:00Z,0.0
2023-07-26T23:00:00Z,0.0
2023-07-27T00:00:00Z,0.0
2023-07-27T01:00:00Z,0.0
2023-07-27T02:00:00Z,0.0
2023-07-27T03:00:00Z,0.0
2023-07-27T04:00:00Z,0.0
2023-07-27T05:00:00Z,0.0
2023-07-27T06:00:00Z,22.42
2023-07-27T07:00:00Z,184.73
2023-07-27T08:00:00Z,362.62
2023-07-27T09:00:00Z,559.97
2023-07-27T10:00:00Z,679.05
2023-07-27T11:00:00Z,720.8
2023-07-27T12:00:00Z,652.65
2023-07-27T13:00:00Z,557.3
2023-07-27T14:00:00Z,466.35
2023-07-27T15:00:00Z,263.95
2023-07-27T16:00:00Z,108.93
2023-07-27T17:00:00Z,0.0
2023-07-27T18:00:00Z,0.0
2023-07-27T19:00:00Z,0.0
2023-07-27T20:00:00Z,0.0
2023-07-27T21:00:00Z,0.0
2023-07-27T22:00:00Z,0.0
2023-07-27T23:00:00Z,0.0
2023-07-28T00:00:00Z,0.0
2023-07-28T01:00:00Z,0.0
2023-07-28T02:00:00Z,0.0
2023-07-28T03:00:00Z,0.0
2023-07-28T04:00:00Z,0.0
2023-07-28T05:00:00Z,0.0
2023-07-28T06:00:00Z,18.92
2023-07-28T07:00:00Z,169.77
2023-07-28T08:00:00Z,346.48
2023-07-28T09:00:00Z,554.22
2023-07-28T10:00:00Z,674.6
2023-07-28T11:00:00Z,693.62
2023-07-28T12:00:00Z,731.85
2023-07-28T13:00:00Z,642.53
2023-07-28T14:00:00Z,487.12
2023-07-28T15:00:00Z,281.25
2023-07-28T16:00:00Z,116.8
2023-07-28T17:00:00Z,0.0
2023-07-28T18:00:00Z,0.0
2023-07-28T19:00:00Z,0.0
2023-07-28T20:00:00Z,0.0
2023-07-28T21:00:00Z,0.0
2023-07-28T22:00:00Z,0.0
2023-07-28T23:00:00Z,0.0
2023-07-29T00:00:00Z,0.0
2023-07-29T01:00:00Z,0.0
2023-07-29T02:00:00Z,0.0
2023-07-29T03:00:00Z,0.0
2023-07-29T04:00:00Z,0.0
2023-07-29T05:00:00Z,0.0
2023-07-29T06:00:00Z,22.83
2023-07-29T07:00:00Z,187.12
2023-07-29T08:00:00Z,371.9
2023-07-29T09:00:00Z,566.38
2023-07-29T10:00:00Z,697.5
2023-07-29T11:00:00Z,746.03
2023-07-29T12:00:00Z,738.33
2023-07-29T13:00:00Z,654.1
2023-07-29T14:00:00Z,497.65
2023-07-29T15:00:00Z,281.7
2023-07-29T16:00:00Z,110.12
2023-07-29T17:00:00Z,3.47
2023-07-29T18:00:00Z,0.0
2023-07-29T19:00:00Z,0.0
2023-07-29T20:00:00Z,0.0
2023-07-29T21:00:00Z,0.0
2023-07-29T22:00:00Z,0.0
2023-07-29T23:00:00Z,0.0
2023-07-30T00:00:00Z,0.0
2023-07-30T01:00:00Z,0.0
2023-07-30T02:00:00Z,0.0
2023-07-30T03:00:00Z,0.0
2023-07-30T04:00:00Z,0.0
2023-07-30T05:00:00Z,0.0
2023-07-30T06:00:00Z,24.05
2023-07-30T07:00:00Z,165.9
2023-07-30T08:00:00Z,334.2
2023-07-30T09:00:00Z,486.88
2023-07-30T10:00:00Z,617.15
2023-07-30T11:00:00Z,665.42
2023-07-30T12:00:00Z,550.0
2023-07-30T13:00:00Z,568.55
2023-07-30T14:00:00Z,374.8
2023-07-30T15:00:00Z,217.82
2023-07-30T16:00:00Z,71.53
2023-07-30T17:00:00Z,2.75
2023-07-30T18:00:00Z,0.0
2023-07-30T19:00:00Z,0.0
2023-07-30T20:00:00Z,0.0
2023-07-30T21:00:00Z,0.0
2023-07-30T22:00:00Z,0.0
2023-07-30T23:00:00Z,0.0
2023-07-31T00:00:00Z,0.0
2023-07-31T01:00:00Z,0.0
2023-07-31T02:00:00Z,0.0
2023-07-31T03:00:00Z,0.0
2023-07-31T04:00:00Z,0.0
2023-07-31T05:00:00Z,0.0
2023-07-31T06:00:00Z,11.25
2023-07-31T07:00:00Z,69.78
2023-07-31T08:00:00Z,129.57
2023-07-31T09:00:00Z,184.98
2023-07-31T10:00:00Z,214.15
2023-07-31T11:00:00Z,255.93
2023-07-31T12:00:00Z,222.6
2023-07-31T13:00:00Z,237.23
2023-07-31T14:00:00Z,157.15
2023-07-31T15:00:00Z,91.9
2023-07-31T16:00:00Z,22.42
2023-07-31T17:00:00Z,3.28
2023-07-31T18:00:00Z,0.0
2023-07-31T19:00:00Z,0.0
2023-07-31T20:00:00Z,0.0
2023-07-31T21:00:00Z,0.0
2023-07-31T22:00:00Z,0.0
2023-07-31T23:00:00Z,0.0
2023-08-01T00:00:00Z,0.0
2023-08-01T01:00:00Z,0.0
2023-08-01T02:00:00Z,0.0
2023-08-01T03:00:00Z,0.0
2023-08-01T04:00:00Z,0.0
2023-08-01T05:00:00Z,0.0
2023-08-01T06:00:00Z,14.12
2023-08-01T07:00:00Z,104.18
2023-08-01T08:00:00Z,210.9
2023-08-01T09:00:00Z,305.25
2023-08-01T10:00:00Z,404.67
2023-08-01T11:00:00Z,490.45
2023-08-01T12:00:00Z,427.65
2023-08-01T13:00:00Z,380.58
2023-08-01T14:00:00Z,273.85
2023-08-01T15:00:00Z,158.5
2023-08-01T16:00:00Z,55.92
2023-08-01T17:00:00Z,3.03
2023-08-01T18:00:00Z,0.0
2023-08-01T19:00:00Z,0.0
2023-08-01T20:00:00Z,0.0
2023-08-01T21:00:00Z,0.0
2023-08-01T22:00:00Z,0.0
2023-08-01T23:00:00Z,0.0
2023-08-02T00:00:00Z,0.0
2023-08-02T01:00:00Z,0.0
2023-08-02T02:00:00Z,0.0
2023-08-02T03:00:00Z,0.0
2023-08-02T04:00:00Z,0.0
2023-08-02T05:00:00Z,0.0
2023-08-02T06:00:00Z,16.33
2023-08-02T07:00:00Z,136.23
2023-08-02T08:00:00Z,286.05
2023-08-02T09:00:00Z,425.95
2023-08-02T10:00:00Z,593.78
2023-08-02T11:00:00Z,661.35
2023-08-02T12:00:00Z,627.28
2023-08-02T13:00:00Z,539.88
2023-08-02T14:00:00Z,437.85
2023-08-02T15:00:00Z,274.3
2023-08-02T16:00:00Z,100.3
2023-08-02T17:00:00Z,3.62
2023-08-02T18:00:00Z,0.0
2023-08-02T19:00:00Z,0.0
2023-08-02T20:00:00Z,0.0
2023-08-02T21:00:00Z,0.0
2023-08-02T22:00:00Z,0.0
2023-08-02T23:00:00Z,0.0
2023-08-03T00:00:00Z,0.0
2023-08-03T01:00:00Z,0.0
2023-08-03T02:00:00Z,0.0
2023-08-03T03:00:00Z,0.0
2023-08-03T04:00:00Z,0.0
2023-08-03T05:00:00Z,0.0
2023-08-03T06:00:00Z,21.67
2023-08-03T07:00:00Z,158.73
2023-08-03T08:00:00Z,315.85
2023-08-03T09:00:00Z,491.02
2023-08-03T10:00:00Z,590.8
2023-08-03T11:00:00Z,657.67
2023-08-03T12:00:00Z,637.67
2023-08-03T13:00:00Z,569.75
2023-08-03T14:00:00Z,451.1
2023-08-03T15:00:00Z,262.67
2023-08-03T16:00:00Z,101.5
2023-08-03T17:00:00Z,2.8
2023-08-03T18:00:00Z,0.0
2023-08-03T19:00:00Z,0.0
2023-08-03T20:00:00Z,0.0
2023-08-03T21:00:00Z,0.0
2023-08-03T22:00:00Z,0.0
2023-08-03T23:00:00Z,0.0
2023-08-04T00:00:00Z,0.0
2023-08-04T01:00:00Z,0.0
2023-08-04T02:00:00Z,0.0
2023-08-04T03:00:00Z,0.0
2023-08-04T04:00:00Z,0.0
2023-08-04T05:00:00Z,0.0
2023-08-04T06:00:00Z,9.32
2023-08-04T07:00:00Z,53.3
2023-08-04T08:00:00Z,117.05
2023-08-04T09:00:00Z,159.18
2023-08-04T10:00:00Z,236.57
2023-08-04T11:00:00Z,220.95
2023-08-04T12:00:00Z,207.27
2023-08-04T13:00:00Z,161.6
2023-08-04T14:00:00Z,148.77
2023-08-04T15:00:00Z,94.28
2023-08-04T16:00:00Z,37.53
2023-08-04T17:00:00Z,1.9
2023-08-04T18:00:00Z,0.0
2023-08-04T19:00:00Z,0.0
2023-08-04T20:00:00Z,0.0
2023-08-04T21:00:00Z,0.0
2023-08-04T22:00:00Z,0.0
2023-08-04T23:00:00Z,0.0
2023-08-05T00:00:00Z,0.0
2023-08-05T01:00:00Z,0.0
2023-08-05T02:00:00Z,0.0
2023-08-05T03:00:00Z,0.0
2023-08-05T04:00:00Z,0.0
2023-08-05T05:00:00Z,0.0
2023-08-05T06:00:00Z,10.7
2023-08-05T07:00:00Z,64.45
2023-08-05T08:00:00Z,152.48
2023-08-05T09:00:00Z,236.07
2023-08-05T10:00:00Z,303.77
2023-08-05T11:00:00Z,360.98
2023-08-05T12:00:00Z,428.17
2023-08-05T13:00:00Z,350.02
2023-08-05T14:00:00Z,212.85
2023-08-05T15:00:00Z,172.02
2023-08-05T16:00:00Z,63.17
2023-08-05T17:00:00Z,2.42
2023-08-05T18:00:00Z,0.0
2023-08-05T19:00:00Z,0.0
2023-08-05T20:00:00Z,0.0
2023-08-05T21:00:00Z,0.0
2023-08-05T22:00:00Z,0.0
2023-08-05T23:00:00Z,0.0
2023-08-06T00:00:00Z,0.0
2023-08-06T01:00:00Z,0.0
2023-08-06T02:00:00Z,0.0
2023-08-06T03:00:00Z,0.0
2023-08-06T04:00:00Z,0.0
2023-08-06T05:00:00Z,0.0
2023-08-06T06:00:00Z,15.45
2023-08-06T07:00:00Z,110.82
2023-08-06T08:00:00Z,252.05
2023-08-06T09:00:00Z,372.0
2023-08-06T10:00:00Z,545.22
2023-08-06T11:00:00Z,404.9
2023-08-06T12:00:00Z,497.92
2023-08-06T13:00:00Z,401.52
2023-08-06T14:00:00Z,266.38
2023-08-06T15:00:00Z,166.5
2023-08-06T16:00:00Z,63.2
2023-08-06T17:00:00Z,3.72
2023-08-06T18:00:00Z,0.0
2023-08-06T19:00:00Z,0.0
2023-08-06T20:00:00Z,0.0
2023-08-06T21:00:00Z,0.0
2023-08-06T22:00:00Z,0.0
2023-08-06T23:00:00Z,0.0
2023-08-07T00:00:00Z,0.0
2023-08-07T01:00:00Z,0.0
2023-08-07T02:00:00Z,0.0
2023-08-07T03:00:00Z,0.0
2023-08-07T04:00:00Z,0.0
2023-08-07T05:00:00Z,0.0
2023-08-07T06:00:00Z,18.12
2023-08-07T07:00:00Z,118.88
2023-08-07T08:00:00Z,213.23
2023-08-07T09:00:00Z,323.02
2023-08-07T10:00:00Z,453.35
2023-08-07T11:00:00Z,485.75
2023-08-07T12:00:00Z,422.52
2023-08-07T13:00:00Z,349.65
2023-08-07T14:00:00Z,257.2
2023-08-07T15:00:00Z,156.75
2023-08-07T16:00:00Z,43.58
2023-08-07T17:00:00Z,2.4
2023-08-07T18:00:00Z,0.0
2023-08-07T19:00:00Z,0.0
2023-08-07T20:00:00Z,0.0
2023-08-07T21:00:00Z,0.0
2023-08-07T22:00:00Z,0.0
2023-08-07T23:00:00Z,0.0
2023-08-08T00:00:00Z,0.0
2023-08-08T01:00:00Z,0.0
2023-08-08T02:00:00Z,0.0
2023-08-08T03:00:00Z,0.0
2023-08-08T04:00:00Z,0.0
2023-08-08T05:00:00Z,0.0
2023-08-08T06:00:00Z,14.5
2023-08-08T07:00:00Z,87.3
2023-08-08T08:00:00Z,191.75
2023-08-08T09:00:00Z,279.5
2023-08-08T10:00:00Z,328.75
2023-08-08T11:00:00Z,435.48
2023-08-08T12:00:00Z,432.25
2023-08-08T13:00:00Z,363.98
2023-08-08T14:00:00Z,272.15
2023-08-08T15:00:00Z,159.93
2023-08-08T16:00:00Z,59.05
2023-08-08T17:00:00Z,3.12
2023-08-08T18:00:00Z,0.0
2023-08-08T19:00:00Z,0.0
2023-08-08T20:00:00Z,0.0
2023-08-08T21:00:00Z,0.0
2023-08-08T22:00:00Z,0.0
2023-08-08T23:00:00Z,0.0
2023-08-09T00:00:00Z,0.0
2023-08-09T01:00:00Z,0.0
2023-08-09T02:00:00Z,0.0
2023-08-09T03:00:00Z,0.0
2023-08-09T04:00:00Z,0.0
2023-08-09T05:00:00Z,0.0
2023-08-09T06:00:00Z,13.38
2023-08-09T07:00:00Z,96.82
2023-08-09T08:00:00Z,226.6
2023-08-09T09:00:00Z,309.08
2023-08-09T10:00:00Z,432.23
2023-08-09T11:00:00Z,490.25
2023-08-09T12:00:00Z,442.92
2023-08-09T13:00:00Z,402.5
2023-08-09T14:00:00Z,347.77
2023-08-09T15:00:00Z,213.35
2023-08-09T16:00:00Z,85.57
2023-08-09T17:00:00Z,4.78
2023-08-09T18:00:00Z,0.0
2023-08-09T19:00:00Z,0.0
2023-08-09T20:00:00Z,0.0
2023-08-09T21:00:00Z,0.0
2023-08-09T22:00:00Z,0.0
2023-08-09T23:00:00Z,0.0
2023-08-10T00:00:00Z,0.0
2023-08-10T01:00:00Z,0.0
2023-08-10T02:00:00Z,0.0
2023-08-10T03:00:00Z,0.0
2023-08-10T04:00:00Z,0.0
2023-08-10T05:00:00Z,0.0
2023-08-10T06:00:00Z,12.62
2023-08-10T07:00:00Z,110.2
2023-08-10T08:00:00Z,192.98
2023-08-10T09:00:00Z,307.02
2023-08-10T10:00:00Z,237.07
2023-08-10T11:00:00Z,270.12
2023-08-10T12:00:00Z,322.92
2023-08-10T13:00:00Z,251.77
2023-08-10T14:00:00Z,147.98
2023-08-10T15:00:00Z,80.6
2023-08-10T16:00:00Z,25.1
2023-08-10T17:00:00Z,2.38
2023-08-10T18:00:00Z,0.0
2023-08-10T19:00:00Z,0.0
2023-08-10T20:00:00Z,0.0
2023-08-10T21:00:00Z,0.0
2023-08-10T22:00:00Z,0.0
2023-08-10T23:00:00Z,0.0
2023-08-11T00:00:00Z,0.0
2023-08-11T01:00:00Z,0.0
2023-08-11T02:00:00Z,0.0
2023-08-11T03:00:00Z,0.0
2023-08-11T04:00:00Z,0.0
2023-08-11T05:00:00Z,0.0
2023-08-11T06:00:00Z,29.08
2023-08-11T07:00:00Z,211.0
2023-08-11T08:00:00Z,421.58
2023-08-11T09:00:00Z,612.95
2023-08-11T10:00:00Z,736.8
2023-08-11T11:00:00Z,782.67
2023-08-11T12:00:00Z,765.78
2023-08-11T13:00:00Z,641.05
2023-08-11T14:00:00Z,523.85
2023-08-11T15:00:00Z,302.95
2023-08-11T16:00:00Z,125.95
2023-08-11T17:00:00Z,5.97
2023-08-11T18:00:00Z,0.0
2023-08-11T19:00:00Z,0.0
2023-08-11T20:00:00Z,0.0
2023-08-11T21:00:00Z,0.0
2023-08-11T22:00:00Z,0.0
2023-08-11T23:00:00Z,0.0
2023-08-12T00:00:00Z,0.0
2023-08-12T01:00:00Z,0.0
2023-08-12T02:00:00Z,0.0
2023-08-12T03:00:00Z,0.0
2023-08-12T04:00:00Z,0.0
2023-08-12T05:00:00Z,0.0
2023-08-12T06:00:00Z,37.22
2023-08-12T07:00:00Z,210.95
2023-08-12T08:00:00Z,390.67
2023-08-12T09:00:00Z,573.38
2023-08-12T10:00:00Z,684.47
2023-08-12T11:00:00Z,733.4
2023-08-12T12:00:00Z,726.62
2023-08-12T13:00:00Z,640.2
2023-08-12T14:00:00Z,539.45
2023-08-12T15:00:00Z,356.38
2023-08-12T16:00:00Z,145.5
2023-08-12T17:00:00Z,6.75
2023-08-12T18:00:00Z,0.0
2023-08-12T19:00:00Z,0.0
2023-08-12T20:00:00Z,0.0
2023-08-12T21:00:00Z,0.0
2023-08-12T22:00:00Z,0.0
2023-08-12T23:00:00Z,0.0
2023-08-13T00:00:00Z,0.0
2023-08-13T01:00:00Z,0.0
2023-08-13T02:00:00Z,0.0
2023-08-13T03:00:00Z,0.0
2023-08-13T04:00:00Z,0.0
2023-08-13T05:00:00Z,0.0
2023-08-13T06:00:00Z,30.77
2023-08-13T07:00:00Z,147.95
2023-08-13T08:00:00Z,247.88
2023-08-13T09:00:00Z,370.1
2023-08-13T10:00:00Z,458.95
2023-08-13T11:00:00Z,485.12
2023-08-13T12:00:00Z,464.42
2023-08-13T13:00:00Z,379.23
2023-08-13T14:00:00Z,260.55
2023-08-13T15:00:00Z,158.5
2023-08-13T16:00:00Z,66.62
2023-08-13T17:00:00Z,4.45
2023-08-13T18:00:00Z,0.0
2023-08-13T19:00:00Z,0.0
2023-08-13T20:00:00Z,0.0
2023-08-13T21:00:00Z,0.0
2023-08-13T22:00:00Z,0.0
2023-08-13T23:00:00Z,0.0
2023-08-14T00:00:00Z,0.0
2023-08-14T01:00:00Z,0.0
2023-08-14T02:00:00Z,0.0
2023-08-14T03:00:00Z,0.0
2023-08-14T04:00:00Z,0.0
2023-08-14T05:00:00Z,0.0
2023-08-14T06:00:00Z,27.25
2023-08-14T07:00:00Z,154.8
2023-08-14T08:00:00Z,322.75
2023-08-14T09:00:00Z,498.33
2023-08-14T10:00:00Z,661.92
2023-08-14T11:00:00Z,726.4
2023-08-14T12:00:00Z,746.75
2023-08-14T13:00:00Z,605.1
2023-08-14T14:00:00Z,474.8
2023-08-14T15:00:00Z,298.98
2023-08-14T16:00:00Z,117.95
2023-08-14T17:00:00Z,5.43
2023-08-14T18:00:00Z,0.0
2023-08-14T19:00:00Z,0.0
2023-08-14T20:00:00Z,0.0
2023-08-14T21:00:00Z,0.0
2023-08-14T22:00:00Z,0.0
2023-08-14T23:00:00Z,0.0
2023-08-15T00:00:00Z,0.0
2023-08-15T01:00:00Z,0.0
2023-08-15T02:00:00Z,0.0
2023-08-15T03:00:00Z,0.0
2023-08-15T04:00:00Z,0.0
2023-08-15T05:00:00Z,0.0
2023-08-15T06:00:00Z,8.68
2023-08-15T07:00:00Z,53.47
2023-08-15T08:00:00Z,151.9
2023-08-15T09:00:00Z,238.15
2023-08-15T10:00:00Z,310.83
2023-08-15T11:00:00Z,486.45
2023-08-15T12:00:00Z,471.05
2023-08-15T13:00:00Z,427.08
2023-08-15T14:00:00Z,294.73
2023-08-15T15:00:00Z,160.02
2023-08-15T16:00:00Z,57.35
2023-08-15T17:00:00Z,4.1
2023-08-15T18:00:00Z,0.0
2023-08-15T19:00:00Z,0.0
2023-08-15T20:00:00Z,0.0
2023-08-15T21:00:00Z,0.0
2023-08-15T22:00:00Z,0.0
2023-08-15T23:00:00Z,0.0
2023-08-16T00:00:00Z,0.0
2023-08-16T01:00:00Z,0.0
2023-08-16T02:00:00Z,0.0
2023-08-16T03:00:00Z,0.0
2023-08-16T04:00:00Z,0.0
2023-08-16T05:00:00Z,0.0
2023-08-16T06:00:00Z,12.95
2023-08-16T07:00:00Z,81.75
2023-08-16T08:00:00Z,86.85
2023-08-16T09:00:00Z,105.38
2023-08-16T10:00:00Z,152.75
2023-08-16T11:00:00Z,161.98
2023-08-16T12:00:00Z,171.9
2023-08-16T13:00:00Z,161.95
2023-08-16T14:00:00Z,104.85
2023-08-16T15:00:00Z,76.53
2023-08-16T16:00:00Z,27.98
2023-08-16T17:00:00Z,2.22
2023-08-16T18:00:00Z,0.0
2023-08-16T19:00:00Z,0.0
2023-08-16T20:00:00Z,0.0
2023-08-16T21:00:00Z,0.0
2023-08-16T22:00:00Z,0.0
2023-08-16T23:00:00Z,0.0
2023-08-17T00:00:00Z,0.0
2023-08-17T01:00:00Z,0.0
2023-08-17T02:00:00Z,0.0
2023-08-17T03:00:00Z,0.0
2023-08-17T04:00:00Z,0.0
2023-08-17T05:00:00Z,0.0
2023-08-17T06:00:00Z,11.73
2023-08-17T07:00:00Z,51.72
2023-08-17T08:00:00Z,94.03
2023-08-17T09:00:00Z,211.75
2023-08-17T10:00:00Z,234.77
2023-08-17T11:00:00Z,203.62
2023-08-17T12:00:00Z,238.52
2023-08-17T13:00:00Z,244.93
2023-08-17T14:00:00Z,228.25
2023-08-17T15:00:00Z,144.35
2023-08-17T16:00:00Z,49.47
2023-08-17T17:00:00Z,3.83
2023-08-17T18:00:00Z,0.0
2023-08-17T19:00:00Z,0.0
2023-08-17T20:00:00Z,0.0
2023-08-17T21:00:00Z,0.0
2023-08-17T22:00:00Z,0.0
2023-08-17T23:00:00Z,0.0
2023-08-18T00:00:00Z,0.0
2023-08-18T01:00:00Z,0.0
2023-08-18T02:00:00Z,0.0
2023-08-18T03:00:00Z,0.0
2023-08-18T04:00:00Z,0.0
2023-08-18T05:00:00Z,0.0
2023-08-18T06:00:00Z,20.8
2023-08-18T07:00:00Z,103.47
2023-08-18T08:00:00Z,165.18
2023-08-18T09:00:00Z,354.85
2023-08-18T10:00:00Z,547.22
2023-08-18T11:00:00Z,663.72
2023-08-18T12:00:00Z,659.95
2023-08-18T13:00:00Z,596.03
2023-08-18T14:00:00Z,460.42
2023-08-18T15:00:00Z,289.75
2023-08-18T16:00:00Z,119.78
2023-08-18T17:00:00Z,6.47
2023-08-18T18:00:00Z,0.0
2023-08-18T19:00:00Z,0.0
2023-08-18T20:00:00Z,0.0
2023-08-18T21:00:00Z,0.0
2023-08-18T22:00:00Z,0.0
2023-08-18T23:00:00Z,0.0
2023-08-19T00:00:00Z,0.0
2023-08-19T01:00:00Z,0.0
2023-08-19T02:00:00Z,0.0
2023-08-19T03:00:00Z,0.0
2023-08-19T04:00:00Z,0.0
2023-08-19T05:00:00Z,0.0
2023-08-19T06:00:00Z,48.05
2023-08-19T07:00:00Z,234.43
2023-08-19T08:00:00Z,432.35
2023-08-19T09:00:00Z,614.67
2023-08-19T10:00:00Z,734.2
2023-08-19T11:00:00Z,787.33
2023-08-19T12:00:00Z,761.97
2023-08-19T13:00:00Z,673.65
2023-08-19T14:00:00Z,541.0
2023-08-19T15:00:00Z,358.98
2023-08-19T16:00:00Z,151.18
2023-08-19T17:00:00Z,8.05
2023-08-19T18:00:00Z,0.0
2023-08-19T19:00:00Z,0.0
2023-08-19T20:00:00Z,0.0
2023-08-19T21:00:00Z,0.0
2023-08-19T22:00:00Z,0.0
2023-08-19T23:00:00Z,0.0
2023-08-20T00:00:00Z,0.0
2023-08-20T01:00:00Z,0.0
2023-08-20T02:00:00Z,0.0
2023-08-20T03:00:00Z,0.0
2023-08-20T04:00:00Z,0.0
2023-08-20T05:00:00Z,0.0
2023-08-20T06:00:00Z,40.4
2023-08-20T07:00:00Z,146.9
2023-08-20T08:00:00Z,233.1
2023-08-20T09:00:00Z,305.15
2023-08-20T10:00:00Z,352.67
2023-08-20T11:00:00Z,391.5
2023-08-20T12:00:00Z,451.23
2023-08-20T13:00:00Z,326.25
2023-08-20T14:00:00Z,281.92
2023-08-20T15:00:00Z,175.43
2023-08-20T16:00:00Z,61.95
2023-08-20T17:00:00Z,3.95
2023-08-20T18:00:00Z,0.0
2023-08-20T19:00:00Z,0.0
2023-08-20T20:00:00Z,0.0
2023-08-20T21:00:00Z,0.0
2023-08-20T22:00:00Z,0.0
2023-08-20T23:00:00Z,0.0
2023-08-21T00:00:00Z,0.0
2023-08-21T01:00:00Z,0.0
2023-08-21T02:00:00Z,0.0
2023-08-21T03:00:00Z,0.0
2023-08-21T04:00:00Z,0.0
2023-08-21T05:00:00Z,0.0
2023-08-21T06:00:00Z,35.08
2023-08-21T07:00:00Z,155.38
2023-08-21T08:00:00Z,338.65
2023-08-21T09:00:00Z,498.4
2023-08-21T10:00:00Z,565.83
2023-08-21T11:00:00Z,763.4
2023-08-21T12:00:00Z,762.4
2023-08-21T13:00:00Z,683.6
2023-08-21T14:00:00Z,462.2
2023-08-21T15:00:00Z,308.92
2023-08-21T16:00:00Z,133.05
2023-08-21T17:00:00Z,7.78
2023-08-21T18:00:00Z,0.0
2023-08-21T19:00:00Z,0.0
2023-08-21T20:00:00Z,0.0
2023-08-21T21:00:00Z,0.0
2023-08-21T22:00:00Z,0.0
2023-08-21T23:00:00Z,0.0
2023-08-22T00:00:00Z,0.0
2023-08-22T01:00:00Z,0.0
2023-08-22T02:00:00Z,0.0
2023-08-22T03:00:00Z,0.0
2023-08-22T04:00:00Z,0.0
2023-08-22T05:00:00Z,0.0
2023-08-22T06:00:00Z,38.62
2023-08-22T07:00:00Z,172.98
2023-08-22T08:00:00Z,378.92
2023-08-22T09:00:00Z,564.17
2023-08-22T10:00:00Z,701.92
2023-08-22T11:00:00Z,795.8
2023-08-22T12:00:00Z,786.88
2023-08-22T13:00:00Z,723.1
2023-08-22T14:00:00Z,538.7
2023-08-22T15:00:00Z,348.15
2023-08-22T16:00:00Z,143.3
2023-08-22T17:00:00Z,8.2
2023-08-22T18:00:00Z,0.0
2023-08-22T19:00:00Z,0.0
2023-08-22T20:00:00Z,0.0
2023-08-22T21:00:00Z,0.0
2023-08-22T22:00:00Z,0.0
2023-08-22T23:00:00Z,0.0
2023-08-23T00:00:00Z,0.0
2023-08-23T01:00:00Z,0.0
2023-08-23T02:00:00Z,0.0
2023-08-23T03:00:00Z,0.0
2023-08-23T04:00:00Z,0.0
2023-08-23T05:00:00Z,0.0
2023-08-23T06:00:00Z,32.4
2023-08-23T07:00:00Z,131.52
2023-08-23T08:00:00Z,224.12
2023-08-23T09:00:00Z,378.45
2023-08-23T10:00:00Z,524.78
2023-08-23T11:00:00Z,563.35
2023-08-23T12:00:00Z,582.78
2023-08-23T13:00:00Z,439.58
2023-08-23T14:00:00Z,359.08
2023-08-23T15:00:00Z,227.8
2023-08-23T16:00:00Z,100.55
2023-08-23T17:00:00Z,6.72
2023-08-23T18:00:00Z,0.0
2023-08-23T19:00:00Z,0.0
2023-08-23T20:00:00Z,0.0
2023-08-23T21:00:00Z,0.0
2023-08-23T22:00:00Z,0.0
2023-08-23T23:00:00Z,0.0
2023-08-24T00:00:00Z,0.0
2023-08-24T01:00:00Z,0.0
2023-08-24T02:00:00Z,0.0
2023-08-24T03:00:00Z,0.0
2023-08-24T04:00:00Z,0.0
2023-08-24T05:00:00Z,0.0
2023-08-24T06:00:00Z,41.6
2023-08-24T07:00:00Z,165.98
2023-08-24T08:00:00Z,295.15
2023-08-24T09:00:00Z,469.35
2023-08-24T10:00:00Z,546.92
2023-08-24T11:00:00Z,578.15
2023-08-24T12:00:00Z,553.22
2023-08-24T13:00:00Z,519.53
2023-08-24T14:00:00Z,334.08
2023-08-24T15:00:00Z,198.57
2023-08-24T16:00:00Z,80.75
2023-08-24T17:00:00Z,5.2
2023-08-24T18:00:00Z,0.0
2023-08-24T19:00:00Z,0.0
2023-08-24T20:00:00Z,0.0
2023-08-24T21:00:00Z,0.0
2023-08-24T22:00:00Z,0.0
2023-08-24T23:00:00Z,0.0
2023-08-25T00:00:00Z,0.0
2023-08-25T01:00:00Z,0.0
2023-08-25T02:00:00Z,0.0
2023-08-25T03:00:00Z,0.0
2023-08-25T04:00:00Z,0.0
2023-08-25T05:00:00Z,0.0
2023-08-25T06:00:00Z,44.83
2023-08-25T07:00:00Z,214.9
2023-08-25T08:00:00Z,418.45
2023-08-25T09:00:00Z,615.58
2023-08-25T10:00:00Z,741.42
2023-08-25T11:00:00Z,802.28
2023-08-25T12:00:00Z,797.1
2023-08-25T13:00:00Z,710.62
2023-08-25T14:00:00Z,564.38
2023-08-25T15:00:00Z,342.85
2023-08-25T16:00:00Z,158.88
2023-08-25T17:00:00Z,10.1
2023-08-25T18:00:00Z,0.0
2023-08-25T19:00:00Z,0.0
2023-08-25T20:00:00Z,0.0
2023-08-25T21:00:00Z,0.0
2023-08-25T22:00:00Z,0.0
2023-08-25T23:00:00Z,0.0
2023-08-26T00:00:00Z,0.0
2023-08-26T01:00:00Z,0.0
2023-08-26T02:00:00Z,0.0
2023-08-26T03:00:00Z,0.0
2023-08-26T04:00:00Z,0.0
2023-08-26T05:00:00Z,0.0
2023-08-26T06:00:00Z,65.68
2023-08-26T07:00:00Z,272.5
2023-08-26T08:00:00Z,489.8
2023-08-26T09:00:00Z,600.65
2023-08-26T10:00:00Z,762.35
2023-08-26T11:00:00Z,812.72
2023-08-26T12:00:00Z,807.2
2023-08-26T13:00:00Z,684.67
2023-08-26T14:00:00Z,525.67
2023-08-26T15:00:00Z,281.5
2023-08-26T16:00:00Z,123.97
2023-08-26T17:00:00Z,8.5
2023-08-26T18:00:00Z,0.0
2023-08-26T19:00:00Z,0.0
2023-08-26T20:00:00Z,0.0
2023-08-26T21:00:00Z,0.0
2023-08-26T22:00:00Z,0.0
2023-08-26T23:00:00Z,0.0
2023-08-27T00:00:00Z,0.0
2023-08-27T01:00:00Z,0.0
2023-08-27T02:00:00Z,0.0
2023-08-27T03:00:00Z,0.0
2023-08-27T04:00:00Z,0.0
2023-08-27T05:00:00Z,0.0
2023-08-27T06:00:00Z,59.17
2023-08-27T07:00:00Z,234.1
2023-08-27T08:00:00Z,430.8
2023-08-27T09:00:00Z,594.92
2023-08-27T10:00:00Z,680.4
2023-08-27T11:00:00Z,796.62
2023-08-27T12:00:00Z,811.85
2023-08-27T13:00:00Z,706.83
2023-08-27T14:00:00Z,502.45
2023-08-27T15:00:00Z,319.15
2023-08-27T16:00:00Z,119.8
2023-08-27T17:00:00Z,8.77
2023-08-27T18:00:00Z,0.0
2023-08-27T19:00:00Z,0.0
2023-08-27T20:00:00Z,0.0
2023-08-27T21:00:00Z,0.0
2023-08-27T22:00:00Z,0.0
2023-08-27T23:00:00Z,0.0
2023-08-28T00:00:00Z,0.0
2023-08-28T01:00:00Z,0.0
2023-08-28T02:00:00Z,0.0
2023-08-28T03:00:00Z,0.0
2023-08-28T04:00:00Z,0.0
2023-08-28T05:00:00Z,0.0
2023-08-28T06:00:00Z,49.5
2023-08-28T07:00:00Z,182.3
2023-08-28T08:00:00Z,337.4
2023-08-28T09:00:00Z,471.35
2023-08-28T10:00:00Z,574.4
2023-08-28T11:00:00Z,571.25
2023-08-28T12:00:00Z,573.05
2023-08-28T13:00:00Z,516.58
2023-08-28T14:00:00Z,439.27
2023-08-28T15:00:00Z,256.38
2023-08-28T16:00:00Z,93.9
2023-08-28T17:00:00Z,5.2
2023-08-28T18:00:00Z,0.0
2023-08-28T19:00:00Z,0.0
2023-08-28T20:00:00Z,0.0
2023-08-28T21:00:00Z,0.0
2023-08-28T22:00:00Z,0.0
2023-08-28T23:00:00Z,0.0
2023-08-29T00:00:00Z,0.0
2023-08-29T01:00:00Z,0.0
2023-08-29T02:00:00Z,0.0
2023-08-29T03:00:00Z,0.0
2023-08-29T04:00:00Z,0.0
2023-08-29T05:00:00Z,0.0
2023-08-29T06:00:00Z,44.35
2023-08-29T07:00:00Z,201.52
2023-08-29T08:00:00Z,356.02
2023-08-29T09:00:00Z,621.28
2023-08-29T10:00:00Z,571.47
2023-08-29T11:00:00Z,613.4
2023-08-29T12:00:00Z,628.4
2023-08-29T13:00:00Z,486.58
2023-08-29T14:00:00Z,325.05
2023-08-29T15:00:00Z,215.18
2023-08-29T16:00:00Z,98.47
2023-08-29T17:00:00Z,5.7
2023-08-29T18:00:00Z,0.0
2023-08-29T19:00:00Z,0.0
2023-08-29T20:00:00Z,0.0
2023-08-29T21:00:00Z,0.0
2023-08-29T22:00:00Z,0.0
2023-08-29T23:00:00Z,0.0
2023-08-30T00:00:00Z,0.0
2023-08-30T01:00:00Z,0.0
2023-08-30T02:00:00Z,0.0
2023-08-30T03:00:00Z,0.0
2023-08-30T04:00:00Z,0.0
2023-08-30T05:00:00Z,0.0
2023-08-30T06:00:00Z,49.1
2023-08-30T07:00:00Z,173.55
2023-08-30T08:00:00Z,298.27
2023-08-30T09:00:00Z,534.62
2023-08-30T10:00:00Z,702.15
2023-08-30T11:00:00Z,592.15
2023-08-30T12:00:00Z,548.65
2023-08-30T13:00:00Z,399.0
2023-08-30T14:00:00Z,274.6
2023-08-30T15:00:00Z,153.32
2023-08-30T16:00:00Z,58.12
2023-08-30T17:00:00Z,3.72
2023-08-30T18:00:00Z,0.0
2023-08-30T19:00:00Z,0.0
2023-08-30T20:00:00Z,0.0
2023-08-30T21:00:00Z,0.0
2023-08-30T22:00:00Z,0.0
2023-08-30T23:00:00Z,0.0
2023-08-31T00:00:00Z,0.0
2023-08-31T01:00:00Z,0.0
2023-08-31T02:00:00Z,0.0
2023-08-31T03:00:00Z,0.0
2023-08-31T04:00:00Z,0.0
2023-08-31T05:00:00Z,0.0
2023-08-31T06:00:00Z,54.17
2023-08-31T07:00:00Z,191.98
2023-08-31T08:00:00Z,389.95
2023-08-31T09:00:00Z,598.58
2023-08-31T10:00:00Z,693.78
2023-08-31T11:00:00Z,708.9
2023-08-31T12:00:00Z,584.03
2023-08-31T13:00:00Z,545.58
2023-08-31T14:00:00Z,441.75
2023-08-31T15:00:00Z,253.93
2023-08-31T16:00:00Z,119.82
2023-08-31T17:00:00Z,9.32
2023-08-31T18:00:00Z,0.0
2023-08-31T19:00:00Z,0.0
2023-08-31T20:00:00Z,0.0
2023-08-31T21:00:00Z,0.0
2023-08-31T22:00:00Z,0.0
2023-08-31T23:00:00Z,0.0
2023-09-01T00:00:00Z,0.0
2023-09-01T01:00:00Z,0.0
2023-09-01T02:00:00Z,0.0
2023-09-01T03:00:00Z,0.0
2023-09-01T04:00:00Z,0.0
2023-09-01T05:00:00Z,0.0
2023-09-01T06:00:00Z,66.43
2023-09-01T07:00:00Z,249.93
2023-09-01T08:00:00Z,477.1
2023-09-01T09:00:00Z,666.65
2023-09-01T10:00:00Z,802.9
2023-09-01T11:00:00Z,855.35
2023-09-01T12:00:00Z,834.17
2023-09-01T13:00:00Z,743.35
2023-09-01T14:00:00Z,590.2
2023-09-01T15:00:00Z,390.08
2023-09-01T16:00:00Z,166.7
2023-09-01T17:00:00Z,9.3
2023-09-01T18:00:00Z,0.0
2023-09-01T19:00:00Z,0.0
2023-09-01T20:00:00Z,0.0
2023-09-01T21:00:00Z,0.0
2023-09-01T22:00:00Z,0.0
2023-09-01T23:00:00Z,0.0
2023-09-02T00:00:00Z,0.0
2023-09-02T01:00:00Z,0.0
2023-09-02T02:00:00Z,0.0
2023-09-02T03:00:00Z,0.0
2023-09-02T04:00:00Z,0.0
2023-09-02T05:00:00Z,0.0
2023-09-02T06:00:00Z,91.9
2023-09-02T07:00:00Z,310.12
2023-09-02T08:00:00Z,519.92
2023-09-02T09:00:00Z,685.0
2023-09-02T10:00:00Z,782.25
2023-09-02T11:00:00Z,841.3
2023-09-02T12:00:00Z,823.22
2023-09-02T13:00:00Z,618.33
2023-09-02T14:00:00Z,425.6
2023-09-02T15:00:00Z,269.65
2023-09-02T16:00:00Z,117.62
2023-09-02T17:00:00Z,10.27
2023-09-02T18:00:00Z,0.0
2023-09-02T19:00:00Z,0.0
2023-09-02T20:00:00Z,0.0
2023-09-02T21:00:00Z,0.0
2023-09-02T22:00:00Z,0.0
2023-09-02T23:00:00Z,0.0
2023-09-03T00:00:00Z,0.0
2023-09-03T01:00:00Z,0.0
2023-09-03T02:00:00Z,0.0
2023-09-03T03:00:00Z,0.0
2023-09-03T04:00:00Z,0.0
2023-09-03T05:00:00Z,0.0
2023-09-03T06:00:00Z,62.35
2023-09-03T07:00:00Z,230.52
2023-09-03T08:00:00Z,434.12
2023-09-03T09:00:00Z,640.53
2023-09-03T10:00:00Z,724.67
2023-09-03T11:00:00Z,796.22
2023-09-03T12:00:00Z,733.65
2023-09-03T13:00:00Z,466.33
2023-09-03T14:00:00Z,349.45
2023-09-03T15:00:00Z,199.35
2023-09-03T16:00:00Z,79.35
2023-09-03T17:00:00Z,7.8
2023-09-03T18:00:00Z,0.0
2023-09-03T19:00:00Z,0.0
2023-09-03T20:00:00Z,0.0
2023-09-03T21:00:00Z,0.0
2023-09-03T22:00:00Z,0.0
2023-09-03T23:00:00Z,0.0
2023-09-04T00:00:00Z,0.0
2023-09-04T01:00:00Z,0.0
2023-09-04T02:00:00Z,0.0
2023-09-04T03:00:00Z,0.0
2023-09-04T04:00:00Z,0.0
2023-09-04T05:00:00Z,0.0
2023-09-04T06:00:00Z,76.7
2023-09-04T07:00:00Z,245.65
2023-09-04T08:00:00Z,444.88
2023-09-04T09:00:00Z,684.22
2023-09-04T10:00:00Z,794.28
2023-09-04T11:00:00Z,860.67
2023-09-04T12:00:00Z,814.42
2023-09-04T13:00:00Z,718.83
2023-09-04T14:00:00Z,490.35
2023-09-04T15:00:00Z,285.85
2023-09-04T16:00:00Z,123.65
2023-09-04T17:00:00Z,10.45
2023-09-04T18:00:00Z,0.0
2023-09-04T19:00:00Z,0.0
2023-09-04T20:00:00Z,0.0
2023-09-04T21:00:00Z,0.0
2023-09-04T22:00:00Z,0.0
2023-09-04T23:00:00Z,0.0
2023-09-05T00:00:00Z,0.0
2023-09-05T01:00:00Z,0.0
2023-09-05T02:00:00Z,0.0
2023-09-05T03:00:00Z,0.0
2023-09-05T04:00:00Z,0.0
2023-09-05T05:00:00Z,0.0
2023-09-05T06:00:00Z,91.03
2023-09-05T07:00:00Z,271.38
2023-09-05T08:00:00Z,499.65
2023-09-05T09:00:00Z,680.2
2023-09-05T10:00:00Z,817.1
2023-09-05T11:00:00Z,877.55
2023-09-05T12:00:00Z,852.92
2023-09-05T13:00:00Z,763.33
2023-09-05T14:00:00Z,606.65
2023-09-05T15:00:00Z,406.5
2023-09-05T16:00:00Z,179.57
2023-09-05T17:00:00Z,12.43
2023-09-05T18:00:00Z,0.0
2023-09-05T19:00:00Z,0.0
2023-09-05T20:00:00Z,0.0
2023-09-05T21:00:00Z,0.0
2023-09-05T22:00:00Z,0.0
2023-09-05T23:00:00Z,0.0
2023-09-06T00:00:00Z,0.0
2023-09-06T01:00:00Z,0.0
2023-09-06T02:00:00Z,0.0
2023-09-06T03:00:00Z,0.0
2023-09-06T04:00:00Z,0.0
2023-09-06T05:00:00Z,0.0
2023-09-06T06:00:00Z,95.07
2023-09-06T07:00:00Z,293.8
2023-09-06T08:00:00Z,523.22
2023-09-06T09:00:00Z,714.5
2023-09-06T10:00:00Z,831.25
2023-09-06T11:00:00Z,864.17
2023-09-06T12:00:00Z,839.9
2023-09-06T13:00:00Z,719.7
2023-09-06T14:00:00Z,591.75
2023-09-06T15:00:00Z,341.4
2023-09-06T16:00:00Z,148.62
2023-09-06T17:00:00Z,10.0
2023-09-06T18:00:00Z,0.0
2023-09-06T19:00:00Z,0.0
2023-09-06T20:00:00Z,0.0
2023-09-06T21:00:00Z,0.0
2023-09-06T22:00:00Z,0.0
2023-09-06T23:00:00Z,0.0
2023-09-07T00:00:00Z,0.0
2023-09-07T01:00:00Z,0.0
2023-09-07T02:00:00Z,0.0
2023-09-07T03:00:00Z,0.0
2023-09-07T04:00:00Z,0.0
2023-09-07T05:00:00Z,0.0
2023-09-07T06:00:00Z,86.5
2023-09-07T07:00:00Z,250.27
2023-09-07T08:00:00Z,486.73
2023-09-07T09:00:00Z,633.95
2023-09-07T10:00:00Z,768.05
2023-09-07T11:00:00Z,801.38
2023-09-07T12:00:00Z,745.9
2023-09-07T13:00:00Z,694.88
2023-09-07T14:00:00Z,523.38
2023-09-07T15:00:00Z,286.58
2023-09-07T16:00:00Z,132.98
2023-09-07T17:00:00Z,10.5
2023-09-07T18:00:00Z,0.0
2023-09-07T19:00:00Z,0.0
2023-09-07T20:00:00Z,0.0
2023-09-07T21:00:00Z,0.0
2023-09-07T22:00:00Z,0.0
2023-09-07T23:00:00Z,0.0
2023-09-08T00:00:00Z,0.0
2023-09-08T01:00:00Z,0.0
2023-09-08T02:00:00Z,0.0
2023-09-08T03:00:00Z,0.0
2023-09-08T04:00:00Z,0.0
2023-09-08T05:00:00Z,0.0
2023-09-08T06:00:00Z,98.68
2023-09-08T07:00:00Z,275.17
2023-09-08T08:00:00Z,452.88
2023-09-08T09:00:00Z,642.2
2023-09-08T10:00:00Z,773.2
2023-09-08T11:00:00Z,821.55
2023-09-08T12:00:00Z,771.75
2023-09-08T13:00:00Z,637.0
2023-09-08T14:00:00Z,520.5
2023-09-08T15:00:00Z,339.4
2023-09-08T16:00:00Z,149.95
2023-09-08T17:00:00Z,11.85
2023-09-08T18:00:00Z,0.0
2023-09-08T19:00:00Z,0.0
2023-09-08T20:00:00Z,0.0
2023-09-08T21:00:00Z,0.0
2023-09-08T22:00:00Z,0.0
2023-09-08T23:00:00Z,0.0
2023-09-09T00:00:00Z,0.0
2023-09-09T01:00:00Z,0.0
2023-09-09T02:00:00Z,0.0
2023-09-09T03:00:00Z,0.0
2023-09-09T04:00:00Z,0.0
2023-09-09T05:00:00Z,0.0
2023-09-09T06:00:00Z,70.68
2023-09-09T07:00:00Z,212.38
2023-09-09T08:00:00Z,381.9
2023-09-09T09:00:00Z,559.4
2023-09-09T10:00:00Z,664.88
2023-09-09T11:00:00Z,718.4
2023-09-09T12:00:00Z,693.95
2023-09-09T13:00:00Z,639.28
2023-09-09T14:00:00Z,514.55
2023-09-09T15:00:00Z,266.38
2023-09-09T16:00:00Z,125.43
2023-09-09T17:00:00Z,10.6
2023-09-09T18:00:00Z,0.0
2023-09-09T19:00:00Z,0.0
2023-09-09T20:00:00Z,0.0
2023-09-09T21:00:00Z,0.0
2023-09-09T22:00:00Z,0.0
2023-09-09T23:00:00Z,0.0
2023-09-10T00:00:00Z,0.0
2023-09-10T01:00:00Z,0.0
2023-09-10T02:00:00Z,0.0
2023-09-10T03:00:00Z,0.0
2023-09-10T04:00:00Z,0.0
2023-09-10T05:00:00Z,0.0
2023-09-10T06:00:00Z,121.15
2023-09-10T07:00:00Z,341.33
2023-09-10T08:00:00Z,554.15
2023-09-10T09:00:00Z,734.58
2023-09-10T10:00:00Z,839.75
2023-09-10T11:00:00Z,886.78
2023-09-10T12:00:00Z,836.95
2023-09-10T13:00:00Z,741.42
2023-09-10T14:00:00Z,579.38
2023-09-10T15:00:00Z,351.4
2023-09-10T16:00:00Z,161.62
2023-09-10T17:00:00Z,12.9
2023-09-10T18:00:00Z,0.0
2023-09-10T19:00:00Z,0.0
2023-09-10T20:00:00Z,0.0
2023-09-10T21:00:00Z,0.0
2023-09-10T22:00:00Z,0.0
2023-09-10T23:00:00Z,0.0
2023-09-11T00:00:00Z,0.0
2023-09-11T01:00:00Z,0.0
2023-09-11T02:00:00Z,0.0
2023-09-11T03:00:00Z,0.0
2023-09-11T04:00:00Z,0.0
2023-09-11T05:00:00Z,0.0
2023-09-11T06:00:00Z,120.93
2023-09-11T07:00:00Z,333.35
2023-09-11T08:00:00Z,540.53
2023-09-11T09:00:00Z,708.6
2023-09-11T10:00:00Z,842.6
2023-09-11T11:00:00Z,868.4
2023-09-11T12:00:00Z,837.53
2023-09-11T13:00:00Z,743.12
2023-09-11T14:00:00Z,587.92
2023-09-11T15:00:00Z,355.85
2023-09-11T16:00:00Z,164.62
2023-09-11T17:00:00Z,12.55
2023-09-11T18:00:00Z,0.0
2023-09-11T19:00:00Z,0.0
2023-09-11T20:00:00Z,0.0
2023-09-11T21:00:00Z,0.0
2023-09-11T22:00:00Z,0.0
2023-09-11T23:00:00Z,0.0
2023-09-12T00:00:00Z,0.0
2023-09-12T01:00:00Z,0.0
2023-09-12T02:00:00Z,0.0
2023-09-12T03:00:00Z,0.0
2023-09-12T04:00:00Z,0.0
2023-09-12T05:00:00Z,0.0
2023-09-12T06:00:00Z,106.53
2023-09-12T07:00:00Z,297.55
2023-09-12T08:00:00Z,502.38
2023-09-12T09:00:00Z,644.17
2023-09-12T10:00:00Z,822.83
2023-09-12T11:00:00Z,873.0
2023-09-12T12:00:00Z,837.9
2023-09-12T13:00:00Z,747.92
2023-09-12T14:00:00Z,578.5
2023-09-12T15:00:00Z,327.27
2023-09-12T16:00:00Z,146.65
2023-09-12T17:00:00Z,11.27
2023-09-12T18:00:00Z,0.0
2023-09-12T19:00:00Z,0.0
2023-09-12T20:00:00Z,0.0
2023-09-12T21:00:00Z,0.0
2023-09-12T22:00:00Z,0.0
2023-09-12T23:00:00Z,0.0
2023-09-13T00:00:00Z,0.0
2023-09-13T01:00:00Z,0.0
2023-09-13T02:00:00Z,0.0
2023-09-13T03:00:00Z,0.0
2023-09-13T04:00:00Z,0.0
2023-09-13T05:00:00Z,0.0
2023-09-13T06:00:00Z,45.9
2023-09-13T07:00:00Z,219.4
2023-09-13T08:00:00Z,329.92
2023-09-13T09:00:00Z,563.0
2023-09-13T10:00:00Z,689.08
2023-09-13T11:00:00Z,758.92
2023-09-13T12:00:00Z,637.9
2023-09-13T13:00:00Z,668.58
2023-09-13T14:00:00Z,406.35
2023-09-13T15:00:00Z,301.27
2023-09-13T16:00:00Z,135.0
2023-09-13T17:00:00Z,9.62
2023-09-13T18:00:00Z,0.0
2023-09-13T19:00:00Z,0.0
2023-09-13T20:00:00Z,0.0
2023-09-13T21:00:00Z,0.0
2023-09-13T22:00:00Z,0.0
2023-09-13T23:00:00Z,0.0
2023-09-14T00:00:00Z,0.0
2023-09-14T01:00:00Z,0.0
2023-09-14T02:00:00Z,0.0
2023-09-14T03:00:00Z,0.0
2023-09-14T04:00:00Z,0.0
2023-09-14T05:00:00Z,0.0
2023-09-14T06:00:00Z,83.8
2023-09-14T07:00:00Z,257.8
2023-09-14T08:00:00Z,460.98
2023-09-14T09:00:00Z,657.58
2023-09-14T10:00:00Z,764.92
2023-09-14T11:00:00Z,784.95
2023-09-14T12:00:00Z,788.47
2023-09-14T13:00:00Z,701.47
2023-09-14T14:00:00Z,553.72
2023-09-14T15:00:00Z,351.62
2023-09-14T16:00:00Z,139.15
2023-09-14T17:00:00Z,11.02
2023-09-14T18:00:00Z,0.0
2023-09-14T19:00:00Z,0.0
2023-09-14T20:00:00Z,0.0
2023-09-14T21:00:00Z,0.0
2023-09-14T22:00:00Z,0.0
2023-09-14T23:00:00Z,0.0
2023-09-15T00:00:00Z,0.0
2023-09-15T01:00:00Z,0.0
2023-09-15T02:00:00Z,0.0
2023-09-15T03:00:00Z,0.0
2023-09-15T04:00:00Z,0.0
2023-09-15T05:00:00Z,1.4
2023-09-15T06:00:00Z,50.47
2023-09-15T07:00:00Z,142.93
2023-09-15T08:00:00Z,227.43
2023-09-15T09:00:00Z,447.12
2023-09-15T10:00:00Z,515.6
2023-09-15T11:00:00Z,485.45
2023-09-15T12:00:00Z,407.83
2023-09-15T13:00:00Z,277.58
2023-09-15T14:00:00Z,280.58
2023-09-15T15:00:00Z,167.85
2023-09-15T16:00:00Z,68.1
2023-09-15T17:00:00Z,5.97
2023-09-15T18:00:00Z,0.0
2023-09-15T19:00:00Z,0.0
2023-09-15T20:00:00Z,0.0
2023-09-15T21:00:00Z,0.0
2023-09-15T22:00:00Z,0.0
2023-09-15T23:00:00Z,0.0
2023-09-16T00:00:00Z,0.0
2023-09-16T01:00:00Z,0.0
2023-09-16T02:00:00Z,0.0
2023-09-16T03:00:00Z,0.0
2023-09-16T04:00:00Z,0.0
2023-09-16T05:00:00Z,1.7
2023-09-16T06:00:00Z,35.15
2023-09-16T07:00:00Z,96.9
2023-09-16T08:00:00Z,146.62
2023-09-16T09:00:00Z,279.38
2023-09-16T10:00:00Z,418.2
2023-09-16T11:00:00Z,445.6
2023-09-16T12:00:00Z,203.7
2023-09-16T13:00:00Z,349.4
2023-09-16T14:00:00Z,218.6
2023-09-16T15:00:00Z,138.05
2023-09-16T16:00:00Z,45.17
2023-09-16T17:00:00Z,5.22
2023-09-16T18:00:00Z,0.0
2023-09-16T19:00:00Z,0.0
2023-09-16T20:00:00Z,0.0
2023-09-16T21:00:00Z,0.0
2023-09-16T22:00:00Z,0.0
2023-09-16T23:00:00Z,0.0
2023-09-17T00:00:00Z,0.0
2023-09-17T01:00:00Z,0.0
2023-09-17T02:00:00Z,0.0
2023-09-17T03:00:00Z,0.0
2023-09-17T04:00:00Z,0.0
2023-09-17T05:00:00Z,3.45
2023-09-17T06:00:00Z,101.7
2023-09-17T07:00:00Z,304.2
2023-09-17T08:00:00Z,502.67
2023-09-17T09:00:00Z,683.03
2023-09-17T10:00:00Z,770.6
2023-09-17T11:00:00Z,807.15
2023-09-17T12:00:00Z,766.25
2023-09-17T13:00:00Z,654.38
2023-09-17T14:00:00Z,465.23
2023-09-17T15:00:00Z,254.23
2023-09-17T16:00:00Z,118.25
2023-09-17T17:00:00Z,10.52
2023-09-17T18:00:00Z,0.0
2023-09-17T19:00:00Z,0.0
2023-09-17T20:00:00Z,0.0
2023-09-17T21:00:00Z,0.0
2023-09-17T22:00:00Z,0.0
2023-09-17T23:00:00Z,0.0
2023-09-18T00:00:00Z,0.0
2023-09-18T01:00:00Z,0.0
2023-09-18T02:00:00Z,0.0
2023-09-18T03:00:00Z,0.0
2023-09-18T04:00:00Z,0.0
2023-09-18T05:00:00Z,3.78
2023-09-18T06:00:00Z,81.4
2023-09-18T07:00:00Z,194.8
2023-09-18T08:00:00Z,357.8
2023-09-18T09:00:00Z,556.15
2023-09-18T10:00:00Z,685.78
2023-09-18T11:00:00Z,731.45
2023-09-18T12:00:00Z,615.4
2023-09-18T13:00:00Z,672.25
2023-09-18T14:00:00Z,543.55
2023-09-18T15:00:00Z,291.9
2023-09-18T16:00:00Z,128.32
2023-09-18T17:00:00Z,11.27
2023-09-18T18:00:00Z,0.0
2023-09-18T19:00:00Z,0.0
2023-09-18T20:00:00Z,0.0
2023-09-18T21:00:00Z,0.0
2023-09-18T22:00:00Z,0.0
2023-09-18T23:00:00Z,0.0
2023-09-19T00:00:00Z,0.0
2023-09-19T01:00:00Z,0.0
2023-09-19T02:00:00Z,0.0
2023-09-19T03:00:00Z,0.0
2023-09-19T04:00:00Z,0.0
2023-09-19T05:00:00Z,3.38
2023-09-19T06:00:00Z,84.12
2023-09-19T07:00:00Z,230.55
2023-09-19T08:00:00Z,397.25
2023-09-19T09:00:00Z,531.22
2023-09-19T10:00:00Z,586.78
2023-09-19T11:00:00Z,647.92
2023-09-19T12:00:00Z,596.1
2023-09-19T13:00:00Z,533.28
2023-09-19T14:00:00Z,432.52
2023-09-19T15:00:00Z,262.27
2023-09-19T16:00:00Z,103.62
2023-09-19T17:00:00Z,9.77
2023-09-19T18:00:00Z,0.0
2023-09-19T19:00:00Z,0.0
2023-09-19T20:00:00Z,0.0
2023-09-19T21:00:00Z,0.0
2023-09-19T22:00:00Z,0.0
2023-09-19T23:00:00Z,0.0
2023-09-20T00:00:00Z,0.0
2023-09-20T01:00:00Z,0.0
2023-09-20T02:00:00Z,0.0
2023-09-20T03:00:00Z,0.0
2023-09-20T04:00:00Z,0.0
2023-09-20T05:00:00Z,5.65
2023-09-20T06:00:00Z,106.9
2023-09-20T07:00:00Z,284.4
2023-09-20T08:00:00Z,476.45
2023-09-20T09:00:00Z,696.95
2023-09-20T10:00:00Z,799.12
2023-09-20T11:00:00Z,691.95
2023-09-20T12:00:00Z,712.08
2023-09-20T13:00:00Z,628.42
2023-09-20T14:00:00Z,503.8
2023-09-20T15:00:00Z,305.3
2023-09-20T16:00:00Z,121.35
2023-09-20T17:00:00Z,11.32
2023-09-20T18:00:00Z,0.0
2023-09-20T19:00:00Z,0.0
2023-09-20T20:00:00Z,0.0
2023-09-20T21:00:00Z,0.0
2023-09-20T22:00:00Z,0.0
2023-09-20T23:00:00Z,0.0
2023-09-21T00:00:00Z,0.0
2023-09-21T01:00:00Z,0.0
2023-09-21T02:00:00Z,0.0
2023-09-21T03:00:00Z,0.0
2023-09-21T04:00:00Z,0.0
2023-09-21T05:00:00Z,6.55
2023-09-21T06:00:00Z,134.43
2023-09-21T07:00:00Z,340.62
2023-09-21T08:00:00Z,569.35
2023-09-21T09:00:00Z,705.38
2023-09-21T10:00:00Z,739.33
2023-09-21T11:00:00Z,660.45
2023-09-21T12:00:00Z,536.05
2023-09-21T13:00:00Z,481.73
2023-09-21T14:00:00Z,402.48
2023-09-21T15:00:00Z,254.0
2023-09-21T16:00:00Z,112.15
2023-09-21T17:00:00Z,10.6
2023-09-21T18:00:00Z,0.0
2023-09-21T19:00:00Z,0.0
2023-09-21T20:00:00Z,0.0
2023-09-21T21:00:00Z,0.0
2023-09-21T22:00:00Z,0.0
2023-09-21T23:00:00Z,0.0
2023-09-22T00:00:00Z,0.0
2023-09-22T01:00:00Z,0.0
2023-09-22T02:00:00Z,0.0
2023-09-22T03:00:00Z,0.0
2023-09-22T04:00:00Z,0.0
2023-09-22T05:00:00Z,5.95
2023-09-22T06:00:00Z,104.35
2023-09-22T07:00:00Z,248.38
2023-09-22T08:00:00Z,492.65
2023-09-22T09:00:00Z,682.35
2023-09-22T10:00:00Z,854.38
2023-09-22T11:00:00Z,912.3
2023-09-22T12:00:00Z,854.1
2023-09-22T13:00:00Z,724.0
2023-09-22T14:00:00Z,556.47
2023-09-22T15:00:00Z,364.25
2023-09-22T16:00:00Z,159.7
2023-09-22T17:00:00Z,14.05
2023-09-22T18:00:00Z,0.0
2023-09-22T19:00:00Z,0.0
2023-09-22T20:00:00Z,0.0
2023-09-22T21:00:00Z,0.0
2023-09-22T22:00:00Z,0.0
2023-09-22T23:00:00Z,0.0
2023-09-23T00:00:00Z,0.0
2023-09-23T01:00:00Z,0.0
2023-09-23T02:00:00Z,0.0
2023-09-23T03:00:00Z,0.0
2023-09-23T04:00:00Z,0.0
2023-09-23T05:00:00Z,6.2
2023-09-23T06:00:00Z,102.78
2023-09-23T07:00:00Z,263.85
2023-09-23T08:00:00Z,521.22
2023-09-23T09:00:00Z,691.55
2023-09-23T10:00:00Z,816.78
2023-09-23T11:00:00Z,717.62
2023-09-23T12:00:00Z,884.78
2023-09-23T13:00:00Z,815.42
2023-09-23T14:00:00Z,628.78
2023-09-23T15:00:00Z,411.15
2023-09-23T16:00:00Z,180.9
2023-09-23T17:00:00Z,13.88
2023-09-23T18:00:00Z,0.0
2023-09-23T19:00:00Z,0.0
2023-09-23T20:00:00Z,0.0
2023-09-23T21:00:00Z,0.0
2023-09-23T22:00:00Z,0.0
2023-09-23T23:00:00Z,0.0
2023-09-24T00:00:00Z,0.0
2023-09-24T01:00:00Z,0.0
2023-09-24T02:00:00Z,0.0
2023-09-24T03:00:00Z,0.0
2023-09-24T04:00:00Z,0.0
2023-09-24T05:00:00Z,7.65
2023-09-24T06:00:00Z,132.93
2023-09-24T07:00:00Z,356.08
2023-09-24T08:00:00Z,572.38
2023-09-24T09:00:00Z,761.65
2023-09-24T10:00:00Z,878.28
2023-09-24T11:00:00Z,930.08
2023-09-24T12:00:00Z,891.22
2023-09-24T13:00:00Z,748.05
2023-09-24T14:00:00Z,604.85
2023-09-24T15:00:00Z,400.45
2023-09-24T16:00:00Z,180.75
2023-09-24T17:00:00Z,16.23
2023-09-24T18:00:00Z,0.0
2023-09-24T19:00:00Z,0.0
2023-09-24T20:00:00Z,0.0
2023-09-24T21:00:00Z,0.0
2023-09-24T22:00:00Z,0.0
2023-09-24T23:00:00Z,0.0
2023-09-25T00:00:00Z,0.0
2023-09-25T01:00:00Z,0.0
2023-09-25T02:00:00Z,0.0
2023-09-25T03:00:00Z,0.0
2023-09-25T04:00:00Z,0.0
2023-09-25T05:00:00Z,10.18
2023-09-25T06:00:00Z,170.12
2023-09-25T07:00:00Z,403.17
2023-09-25T08:00:00Z,615.65
2023-09-25T09:00:00Z,789.55
2023-09-25T10:00:00Z,907.5
2023-09-25T11:00:00Z,945.65
2023-09-25T12:00:00Z,904.88
2023-09-25T13:00:00Z,812.08
2023-09-25T14:00:00Z,632.3
2023-09-25T15:00:00Z,396.65
2023-09-25T16:00:00Z,185.5
2023-09-25T17:00:00Z,16.83
2023-09-25T18:00:00Z,0.0
2023-09-25T19:00:00Z,0.0
2023-09-25T20:00:00Z,0.0
2023-09-25T21:00:00Z,0.0
2023-09-25T22:00:00Z,0.0
2023-09-25T23:00:00Z,0.0
2023-09-26T00:00:00Z,0.0
2023-09-26T01:00:00Z,0.0
2023-09-26T02:00:00Z,0.0
2023-09-26T03:00:00Z,0.0
2023-09-26T04:00:00Z,0.0
2023-09-26T05:00:00Z,9.8
2023-09-26T06:00:00Z,153.0
2023-09-26T07:00:00Z,378.77
2023-09-26T08:00:00Z,587.55
2023-09-26T09:00:00Z,767.15
2023-09-26T10:00:00Z,881.3
2023-09-26T11:00:00Z,888.85
2023-09-26T12:00:00Z,824.8
2023-09-26T13:00:00Z,713.3
2023-09-26T14:00:00Z,602.12
2023-09-26T15:00:00Z,390.08
2023-09-26T16:00:00Z,171.1
2023-09-26T17:00:00Z,13.68
2023-09-26T18:00:00Z,0.0
2023-09-26T19:00:00Z,0.0
2023-09-26T20:00:00Z,0.0
2023-09-26T21:00:00Z,0.0
2023-09-26T22:00:00Z,0.0
2023-09-26T23:00:00Z,0.0
2023-09-27T00:00:00Z,0.0
2023-09-27T01:00:00Z,0.0
2023-09-27T02:00:00Z,0.0
2023-09-27T03:00:00Z,0.0
2023-09-27T04:00:00Z,0.0
2023-09-27T05:00:00Z,7.68
2023-09-27T06:00:00Z,105.4
2023-09-27T07:00:00Z,292.95
2023-09-27T08:00:00Z,487.23
2023-09-27T09:00:00Z,663.28
2023-09-27T10:00:00Z,762.92
2023-09-27T11:00:00Z,784.08
2023-09-27T12:00:00Z,669.2
2023-09-27T13:00:00Z,590.12
2023-09-27T14:00:00Z,455.95
2023-09-27T15:00:00Z,291.95
2023-09-27T16:00:00Z,137.77
2023-09-27T17:00:00Z,13.68
2023-09-27T18:00:00Z,0.0
2023-09-27T19:00:00Z,0.0
2023-09-27T20:00:00Z,0.0
2023-09-27T21:00:00Z,0.0
2023-09-27T22:00:00Z,0.0
2023-09-27T23:00:00Z,0.0
2023-09-28T00:00:00Z,0.0
2023-09-28T01:00:00Z,0.0
2023-09-28T02:00:00Z,0.0
2023-09-28T03:00:00Z,0.0
2023-09-28T04:00:00Z,0.0
2023-09-28T05:00:00Z,7.5
2023-09-28T06:00:00Z,90.03
2023-09-28T07:00:00Z,201.5
2023-09-28T08:00:00Z,329.48
2023-09-28T09:00:00Z,398.15
2023-09-28T10:00:00Z,558.05
2023-09-28T11:00:00Z,666.58
2023-09-28T12:00:00Z,655.72
2023-09-28T13:00:00Z,535.4
2023-09-28T14:00:00Z,452.8
2023-09-28T15:00:00Z,251.35
2023-09-28T16:00:00Z,125.93
2023-09-28T17:00:00Z,13.43
2023-09-28T18:00:00Z,0.0
2023-09-28T19:00:00Z,0.0
2023-09-28T20:00:00Z,0.0
2023-09-28T21:00:00Z,0.0
2023-09-28T22:00:00Z,0.0
2023-09-28T23:00:00Z,0.0
2023-09-29T00:00:00Z,0.0
2023-09-29T01:00:00Z,0.0
2023-09-29T02:00:00Z,0.0
2023-09-29T03:00:00Z,0.0
2023-09-29T04:00:00Z,0.0
2023-09-29T05:00:00Z,13.15
2023-09-29T06:00:00Z,170.05
2023-09-29T07:00:00Z,378.9
2023-09-29T08:00:00Z,642.2
2023-09-29T09:00:00Z,812.65
2023-09-29T10:00:00Z,913.92
2023-09-29T11:00:00Z,959.0
2023-09-29T12:00:00Z,917.0
2023-09-29T13:00:00Z,811.55
2023-09-29T14:00:00Z,649.45
2023-09-29T15:00:00Z,393.45
2023-09-29T16:00:00Z,193.2
2023-09-29T17:00:00Z,19.55
2023-09-29T18:00:00Z,0.0
2023-09-29T19:00:00Z,0.0
2023-09-29T20:00:00Z,0.0
2023-09-29T21:00:00Z,0.0
2023-09-29T22:00:00Z,0.0
2023-09-29T23:00:00Z,0.0
2023-09-30T00:00:00Z,0.0
2023-09-30T01:00:00Z,0.0
2023-09-30T02:00:00Z,0.0
2023-09-30T03:00:00Z,0.0
2023-09-30T04:00:00Z,0.0
2023-09-30T05:00:00Z,13.38
2023-09-30T06:00:00Z,180.88
2023-09-30T07:00:00Z,409.2
2023-09-30T08:00:00Z,622.92
2023-09-30T09:00:00Z,821.8
2023-09-30T10:00:00Z,932.9
2023-09-30T11:00:00Z,978.62
2023-09-30T12:00:00Z,940.53
2023-09-30T13:00:00Z,832.95
2023-09-30T14:00:00Z,638.9
2023-09-30T15:00:00Z,376.38
2023-09-30T16:00:00Z,172.18
2023-09-30T17:00:00Z,16.35
2023-09-30T18:00:00Z,0.0
2023-09-30T19:00:00Z,0.0
2023-09-30T20:00:00Z,0.0
2023-09-30T21:00:00Z,0.0
2023-09-30T22:00:00Z,0.0
2023-09-30T23:00:00Z,0.0
2023-10-01T00:00:00Z,0.0
2023-10-01T01:00:00Z,0.0
2023-10-01T02:00:00Z,0.0
2023-10-01T03:00:00Z,0.0
2023-10-01T04:00:00Z,0.0
2023-10-01T05:00:00Z,13.0
2023-10-01T06:00:00Z,131.62
2023-10-01T07:00:00Z,288.98
2023-10-01T08:00:00Z,418.08
2023-10-01T09:00:00Z,680.65
2023-10-01T10:00:00Z,710.47
2023-10-01T11:00:00Z,740.47
2023-10-01T12:00:00Z,705.08
2023-10-01T13:00:00Z,646.3
2023-10-01T14:00:00Z,545.33
2023-10-01T15:00:00Z,267.52
2023-10-01T16:00:00Z,131.8
2023-10-01T17:00:00Z,15.3
2023-10-01T18:00:00Z,0.0
2023-10-01T19:00:00Z,0.0
2023-10-01T20:00:00Z,0.0
2023-10-01T21:00:00Z,0.0
2023-10-01T22:00:00Z,0.0
2023-10-01T23:00:00Z,0.0
2023-10-02T00:00:00Z,0.0
2023-10-02T01:00:00Z,0.0
2023-10-02T02:00:00Z,0.0
2023-10-02T03:00:00Z,0.0
2023-10-02T04:00:00Z,0.0
2023-10-02T05:00:00Z,10.7
2023-10-02T06:00:00Z,112.15
2023-10-02T07:00:00Z,273.25
2023-10-02T08:00:00Z,508.0
2023-10-02T09:00:00Z,681.15
2023-10-02T10:00:00Z,674.58
2023-10-02T11:00:00Z,659.55
2023-10-02T12:00:00Z,717.2
2023-10-02T13:00:00Z,691.22
2023-10-02T14:00:00Z,571.9
2023-10-02T15:00:00Z,354.52
2023-10-02T16:00:00Z,171.75
2023-10-02T17:00:00Z,14.18
2023-10-02T18:00:00Z,0.0
2023-10-02T19:00:00Z,0.0
2023-10-02T20:00:00Z,0.0
2023-10-02T21:00:00Z,0.0
2023-10-02T22:00:00Z,0.0
2023-10-02T23:00:00Z,0.0
2023-10-03T00:00:00Z,0.0
2023-10-03T01:00:00Z,0.0
2023-10-03T02:00:00Z,0.0
2023-10-03T03:00:00Z,0.0
2023-10-03T04:00:00Z,0.0
2023-10-03T05:00:00Z,9.6
2023-10-03T06:00:00Z,83.93
2023-10-03T07:00:00Z,196.5
2023-10-03T08:00:00Z,273.3
2023-10-03T09:00:00Z,536.83
2023-10-03T10:00:00Z,570.0
2023-10-03T11:00:00Z,511.17
2023-10-03T12:00:00Z,415.73
2023-10-03T13:00:00Z,206.93
2023-10-03T14:00:00Z,100.3
2023-10-03T15:00:00Z,60.4
2023-10-03T16:00:00Z,35.67
2023-10-03T17:00:00Z,4.65
2023-10-03T18:00:00Z,0.0
2023-10-03T19:00:00Z,0.0
2023-10-03T20:00:00Z,0.0
2023-10-03T21:00:00Z,0.0
2023-10-03T22:00:00Z,0.0
2023-10-03T23:00:00Z,0.0
2023-10-04T00:00:00Z,0.0
2023-10-04T01:00:00Z,0.0
2023-10-04T02:00:00Z,0.0
2023-10-04T03:00:00Z,0.0
2023-10-04T04:00:00Z,0.0
2023-10-04T05:00:00Z,12.25
2023-10-04T06:00:00Z,153.43
2023-10-04T07:00:00Z,379.58
2023-10-04T08:00:00Z,610.45
2023-10-04T09:00:00Z,783.75
2023-10-04T10:00:00Z,885.7
2023-10-04T11:00:00Z,894.08
2023-10-04T12:00:00Z,881.9
2023-10-04T13:00:00Z,830.3
2023-10-04T14:00:00Z,629.92
2023-10-04T15:00:00Z,310.38
2023-10-04T16:00:00Z,159.4
2023-10-04T17:00:00Z,18.88
2023-10-04T18:00:00Z,0.0
2023-10-04T19:00:00Z,0.0
2023-10-04T20:00:00Z,0.0
2023-10-04T21:00:00Z,0.0
2023-10-04T22:00:00Z,0.0
2023-10-04T23:00:00Z,0.0
2023-10-05T00:00:00Z,0.0
2023-10-05T01:00:00Z,0.0
2023-10-05T02:00:00Z,0.0
2023-10-05T03:00:00Z,0.0
2023-10-05T04:00:00Z,0.0
2023-10-05T05:00:00Z,18.88
2023-10-05T06:00:00Z,191.95
2023-10-05T07:00:00Z,430.92
2023-10-05T08:00:00Z,632.85
2023-10-05T09:00:00Z,814.92
2023-10-05T10:00:00Z,930.33
2023-10-05T11:00:00Z,970.53
2023-10-05T12:00:00Z,942.5
2023-10-05T13:00:00Z,820.38
2023-10-05T14:00:00Z,662.7
2023-10-05T15:00:00Z,448.15
2023-10-05T16:00:00Z,211.27
2023-10-05T17:00:00Z,21.23
2023-10-05T18:00:00Z,0.0
2023-10-05T19:00:00Z,0.0
2023-10-05T20:00:00Z,0.0
2023-10-05T21:00:00Z,0.0
2023-10-05T22:00:00Z,0.0
2023-10-05T23:00:00Z,0.0
2023-10-06T00:00:00Z,0.0
2023-10-06T01:00:00Z,0.0
2023-10-06T02:00:00Z,0.0
2023-10-06T03:00:00Z,0.0
2023-10-06T04:00:00Z,0.0
2023-10-06T05:00:00Z,22.73
2023-10-06T06:00:00Z,215.77
2023-10-06T07:00:00Z,456.98
2023-10-06T08:00:00Z,675.53
2023-10-06T09:00:00Z,837.85
2023-10-06T10:00:00Z,941.3
2023-10-06T11:00:00Z,975.8
2023-10-06T12:00:00Z,922.0
2023-10-06T13:00:00Z,813.85
2023-10-06T14:00:00Z,626.4
2023-10-06T15:00:00Z,411.77
2023-10-06T16:00:00Z,192.3
2023-10-06T17:00:00Z,20.88
2023-10-06T18:00:00Z,0.0
2023-10-06T19:00:00Z,0.0
2023-10-06T20:00:00Z,0.0
2023-10-06T21:00:00Z,0.0
2023-10-06T22:00:00Z,0.0
2023-10-06T23:00:00Z,0.0
2023-10-07T00:00:00Z,0.0
2023-10-07T01:00:00Z,0.0
2023-10-07T02:00:00Z,0.0
2023-10-07T03:00:00Z,0.0
2023-10-07T04:00:00Z,0.0
2023-10-07T05:00:00Z,18.65
2023-10-07T06:00:00Z,159.35
2023-10-07T07:00:00Z,357.48
2023-10-07T08:00:00Z,574.28
2023-10-07T09:00:00Z,779.4
2023-10-07T10:00:00Z,877.75
2023-10-07T11:00:00Z,900.83
2023-10-07T12:00:00Z,932.3
2023-10-07T13:00:00Z,809.65
2023-10-07T14:00:00Z,591.2
2023-10-07T15:00:00Z,365.62
2023-10-07T16:00:00Z,178.6
2023-10-07T17:00:00Z,20.5
2023-10-07T18:00:00Z,0.0
2023-10-07T19:00:00Z,0.0
2023-10-07T20:00:00Z,0.0
2023-10-07T21:00:00Z,0.0
2023-10-07T22:00:00Z,0.0
2023-10-07T23:00:00Z,0.0
2023-10-08T00:00:00Z,0.0
2023-10-08T01:00:00Z,0.0
2023-10-08T02:00:00Z,0.0
2023-10-08T03:00:00Z,0.0
2023-10-08T04:00:00Z,0.0
2023-10-08T05:00:00Z,19.3
2023-10-08T06:00:00Z,198.4
2023-10-08T07:00:00Z,440.08
2023-10-08T08:00:00Z,637.05
2023-10-08T09:00:00Z,758.8
2023-10-08T10:00:00Z,846.75
2023-10-08T11:00:00Z,905.17
2023-10-08T12:00:00Z,894.92
2023-10-08T13:00:00Z,710.12
2023-10-08T14:00:00Z,460.77
2023-10-08T15:00:00Z,307.3
2023-10-08T16:00:00Z,142.52
2023-10-08T17:00:00Z,16.0
2023-10-08T18:00:00Z,0.0
2023-10-08T19:00:00Z,0.0
2023-10-08T20:00:00Z,0.0
2023-10-08T21:00:00Z,0.0
2023-10-08T22:00:00Z,0.0
2023-10-08T23:00:00Z,0.0
2023-10-09T00:00:00Z,0.0
2023-10-09T01:00:00Z,0.0
2023-10-09T02:00:00Z,0.0
2023-10-09T03:00:00Z,0.0
2023-10-09T04:00:00Z,0.0
2023-10-09T05:00:00Z,29.0
2023-10-09T06:00:00Z,229.12
2023-10-09T07:00:00Z,466.08
2023-10-09T08:00:00Z,678.65
2023-10-09T09:00:00Z,838.65
2023-10-09T10:00:00Z,951.0
2023-10-09T11:00:00Z,1000.58
2023-10-09T12:00:00Z,973.58
2023-10-09T13:00:00Z,864.0
2023-10-09T14:00:00Z,688.65
2023-10-09T15:00:00Z,465.65
2023-10-09T16:00:00Z,224.07
2023-10-09T17:00:00Z,23.67
2023-10-09T18:00:00Z,0.0
2023-10-09T19:00:00Z,0.0
2023-10-09T20:00:00Z,0.0
2023-10-09T21:00:00Z,0.0
2023-10-09T22:00:00Z,0.0
2023-10-09T23:00:00Z,0.0
2023-10-10T00:00:00Z,0.0
2023-10-10T01:00:00Z,0.0
2023-10-10T02:00:00Z,0.0
2023-10-10T03:00:00Z,0.0
2023-10-10T04:00:00Z,0.0
2023-10-10T05:00:00Z,15.45
2023-10-10T06:00:00Z,149.82
2023-10-10T07:00:00Z,322.95
2023-10-10T08:00:00Z,491.55
2023-10-10T09:00:00Z,736.67
2023-10-10T10:00:00Z,869.25
2023-10-10T11:00:00Z,880.83
2023-10-10T12:00:00Z,905.9
2023-10-10T13:00:00Z,735.83
2023-10-10T14:00:00Z,599.9
2023-10-10T15:00:00Z,379.08
2023-10-10T16:00:00Z,167.35
2023-10-10T17:00:00Z,16.65
2023-10-10T18:00:00Z,0.0
2023-10-10T19:00:00Z,0.0
2023-10-10T20:00:00Z,0.0
2023-10-10T21:00:00Z,0.0
2023-10-10T22:00:00Z,0.0
2023-10-10T23:00:00Z,0.0
2023-10-11T00:00:00Z,0.0
2023-10-11T01:00:00Z,0.0
2023-10-11T02:00:00Z,0.0
2023-10-11T03:00:00Z,0.0
2023-10-11T04:00:00Z,0.0
2023-10-11T05:00:00Z,22.0
2023-10-11T06:00:00Z,198.68
2023-10-11T07:00:00Z,428.23
2023-10-11T08:00:00Z,680.8
2023-10-11T09:00:00Z,818.9
2023-10-11T10:00:00Z,925.58
2023-10-11T11:00:00Z,980.78
2023-10-11T12:00:00Z,960.4
2023-10-11T13:00:00Z,831.65
2023-10-11T14:00:00Z,581.62
2023-10-11T15:00:00Z,384.67
2023-10-11T16:00:00Z,144.93
2023-10-11T17:00:00Z,18.52
2023-10-11T18:00:00Z,0.0
2023-10-11T19:00:00Z,0.0
2023-10-11T20:00:00Z,0.0
2023-10-11T21:00:00Z,0.0
2023-10-11T22:00:00Z,0.0
2023-10-11T23:00:00Z,0.0
2023-10-12T00:00:00Z,0.0
2023-10-12T01:00:00Z,0.0
2023-10-12T02:00:00Z,0.0
2023-10-12T03:00:00Z,0.0
2023-10-12T04:00:00Z,0.0
2023-10-12T05:00:00Z,24.88
2023-10-12T06:00:00Z,187.65
2023-10-12T07:00:00Z,422.45
2023-10-12T08:00:00Z,679.35
2023-10-12T09:00:00Z,830.5
2023-10-12T10:00:00Z,950.75
2023-10-12T11:00:00Z,849.5
2023-10-12T12:00:00Z,904.35
2023-10-12T13:00:00Z,706.5
2023-10-12T14:00:00Z,445.02
2023-10-12T15:00:00Z,292.15
2023-10-12T16:00:00Z,143.93
2023-10-12T17:00:00Z,15.15
2023-10-12T18:00:00Z,0.0
2023-10-12T19:00:00Z,0.0
2023-10-12T20:00:00Z,0.0
2023-10-12T21:00:00Z,0.0
2023-10-12T22:00:00Z,0.0
2023-10-12T23:00:00Z,0.0
2023-10-13T00:00:00Z,0.0
2023-10-13T01:00:00Z,0.0
2023-10-13T02:00:00Z,0.0
2023-10-13T03:00:00Z,0.0
2023-10-13T04:00:00Z,0.0
2023-10-13T05:00:00Z,23.95
2023-10-13T06:00:00Z,193.05
2023-10-13T07:00:00Z,431.67
2023-10-13T08:00:00Z,651.53
2023-10-13T09:00:00Z,839.8
2023-10-13T10:00:00Z,947.62
2023-10-13T11:00:00Z,965.33
2023-10-13T12:00:00Z,922.78
2023-10-13T13:00:00Z,820.7
2023-10-13T14:00:00Z,602.28
2023-10-13T15:00:00Z,390.45
2023-10-13T16:00:00Z,170.07
2023-10-13T17:00:00Z,18.85
2023-10-13T18:00:00Z,0.0
2023-10-13T19:00:00Z,0.0
2023-10-13T20:00:00Z,0.0
2023-10-13T21:00:00Z,0.0
2023-10-13T22:00:00Z,0.0
2023-10-13T23:00:00Z,0.0
2023-10-14T00:00:00Z,0.0
2023-10-14T01:00:00Z,0.0
2023-10-14T02:00:00Z,0.0
2023-10-14T03:00:00Z,0.0
2023-10-14T04:00:00Z,0.0
2023-10-14T05:00:00Z,24.85
2023-10-14T06:00:00Z,213.02
2023-10-14T07:00:00Z,435.75
2023-10-14T08:00:00Z,657.12
2023-10-14T09:00:00Z,804.95
2023-10-14T10:00:00Z,883.35
2023-10-14T11:00:00Z,945.03
2023-10-14T12:00:00Z,799.75
2023-10-14T13:00:00Z,481.42
2023-10-14T14:00:00Z,381.67
2023-10-14T15:00:00Z,258.98
2023-10-14T16:00:00Z,100.12
2023-10-14T17:00:00Z,12.02
2023-10-14T18:00:00Z,0.0
2023-10-14T19:00:00Z,0.0
2023-10-14T20:00:00Z,0.0
2023-10-14T21:00:00Z,0.0
2023-10-14T22:00:00Z,0.0
2023-10-14T23:00:00Z,0.0
2023-10-15T00:00:00Z,0.0
2023-10-15T01:00:00Z,0.0
2023-10-15T02:00:00Z,0.0
2023-10-15T03:00:00Z,0.0
2023-10-15T04:00:00Z,0.0
2023-10-15T05:00:00Z,27.83
2023-10-15T06:00:00Z,179.8
2023-10-15T07:00:00Z,421.65
2023-10-15T08:00:00Z,648.5
2023-10-15T09:00:00Z,772.97
2023-10-15T10:00:00Z,845.62
2023-10-15T11:00:00Z,894.8
2023-10-15T12:00:00Z,944.3
2023-10-15T13:00:00Z,756.25
2023-10-15T14:00:00Z,650.25
2023-10-15T15:00:00Z,435.05
2023-10-15T16:00:00Z,181.2
2023-10-15T17:00:00Z,24.42
2023-10-15T18:00:00Z,0.0
2023-10-15T19:00:00Z,0.0
2023-10-15T20:00:00Z,0.0
2023-10-15T21:00:00Z,0.0
2023-10-15T22:00:00Z,0.0
2023-10-15T23:00:00Z,0.0
2023-10-16T00:00:00Z,0.0
2023-10-16T01:00:00Z,0.0
2023-10-16T02:00:00Z,0.0
2023-10-16T03:00:00Z,0.0
2023-10-16T04:00:00Z,0.0
2023-10-16T05:00:00Z,40.88
2023-10-16T06:00:00Z,255.8
2023-10-16T07:00:00Z,491.73
2023-10-16T08:00:00Z,708.05
2023-10-16T09:00:00Z,883.78
2023-10-16T10:00:00Z,977.92
2023-10-16T11:00:00Z,993.45
2023-10-16T12:00:00Z,922.22
2023-10-16T13:00:00Z,814.47
2023-10-16T14:00:00Z,650.6
2023-10-16T15:00:00Z,430.23
2023-10-16T16:00:00Z,205.8
2023-10-16T17:00:00Z,24.23
2023-10-16T18:00:00Z,0.0
2023-10-16T19:00:00Z,0.0
2023-10-16T20:00:00Z,0.0
2023-10-16T21:00:00Z,0.0
2023-10-16T22:00:00Z,0.0
2023-10-16T23:00:00Z,0.0
2023-10-17T00:00:00Z,0.0
2023-10-17T01:00:00Z,0.0
2023-10-17T02:00:00Z,0.0
2023-10-17T03:00:00Z,0.0
2023-10-17T04:00:00Z,0.0
2023-10-17T05:00:00Z,34.83
2023-10-17T06:00:00Z,236.75
2023-10-17T07:00:00Z,492.33
2023-10-17T08:00:00Z,703.38
2023-10-17T09:00:00Z,861.97
2023-10-17T10:00:00Z,967.72
2023-10-17T11:00:00Z,1018.05
2023-10-17T12:00:00Z,968.45
2023-10-17T13:00:00Z,859.58
2023-10-17T14:00:00Z,679.03
2023-10-17T15:00:00Z,465.08
2023-10-17T16:00:00Z,207.07
2023-10-17T17:00:00Z,25.65
2023-10-17T18:00:00Z,0.0
2023-10-17T19:00:00Z,0.0
2023-10-17T20:00:00Z,0.0
2023-10-17T21:00:00Z,0.0
2023-10-17T22:00:00Z,0.0
2023-10-17T23:00:00Z,0.0
2023-10-18T00:00:00Z,0.0
2023-10-18T01:00:00Z,0.0
2023-10-18T02:00:00Z,0.0
2023-10-18T03:00:00Z,0.0
2023-10-18T04:00:00Z,0.0
2023-10-18T05:00:00Z,28.0
2023-10-18T06:00:00Z,210.75
2023-10-18T07:00:00Z,448.92
2023-10-18T08:00:00Z,672.38
2023-10-18T09:00:00Z,815.9
2023-10-18T10:00:00Z,925.95
2023-10-18T11:00:00Z,977.97
2023-10-18T12:00:00Z,873.03
2023-10-18T13:00:00Z,782.75
2023-10-18T14:00:00Z,617.15
2023-10-18T15:00:00Z,397.08
2023-10-18T16:00:00Z,161.77
2023-10-18T17:00:00Z,20.65
2023-10-18T18:00:00Z,0.0
2023-10-18T19:00:00Z,0.0
2023-10-18T20:00:00Z,0.0
2023-10-18T21:00:00Z,0.0
2023-10-18T22:00:00Z,0.0
2023-10-18T23:00:00Z,0.0
2023-10-19T00:00:00Z,0.0
2023-10-19T01:00:00Z,0.0
2023-10-19T02:00:00Z,0.0
2023-10-19T03:00:00Z,0.0
2023-10-19T04:00:00Z,0.0
2023-10-19T05:00:00Z,35.38
2023-10-19T06:00:00Z,201.93
2023-10-19T07:00:00Z,458.95
2023-10-19T08:00:00Z,670.3
2023-10-19T09:00:00Z,839.95
2023-10-19T10:00:00Z,945.95
2023-10-19T11:00:00Z,997.17
2023-10-19T12:00:00Z,967.05
2023-10-19T13:00:00Z,847.97
2023-10-19T14:00:00Z,688.97
2023-10-19T15:00:00Z,467.23
2023-10-19T16:00:00Z,234.02
2023-10-19T17:00:00Z,29.27
2023-10-19T18:00:00Z,0.0
2023-10-19T19:00:00Z,0.0
2023-10-19T20:00:00Z,0.0
2023-10-19T21:00:00Z,0.0
2023-10-19T22:00:00Z,0.0
2023-10-19T23:00:00Z,0.0
2023-10-20T00:00:00Z,0.0
2023-10-20T01:00:00Z,0.0
2023-10-20T02:00:00Z,0.0
2023-10-20T03:00:00Z,0.0
2023-10-20T04:00:00Z,0.0
2023-10-20T05:00:00Z,40.33
2023-10-20T06:00:00Z,232.15
2023-10-20T07:00:00Z,485.45
2023-10-20T08:00:00Z,692.85
2023-10-20T09:00:00Z,865.42
2023-10-20T10:00:00Z,968.88
2023-10-20T11:00:00Z,1007.6
2023-10-20T12:00:00Z,964.22
2023-10-20T13:00:00Z,855.67
2023-10-20T14:00:00Z,667.9
2023-10-20T15:00:00Z,464.38
2023-10-20T16:00:00Z,228.38
2023-10-20T17:00:00Z,29.2
2023-10-20T18:00:00Z,0.0
2023-10-20T19:00:00Z,0.0
2023-10-20T20:00:00Z,0.0
2023-10-20T21:00:00Z,0.0
2023-10-20T22:00:00Z,0.0
2023-10-20T23:00:00Z,0.0
2023-10-21T00:00:00Z,0.0
2023-10-21T01:00:00Z,0.0
2023-10-21T02:00:00Z,0.0
2023-10-21T03:00:00Z,0.0
2023-10-21T04:00:00Z,0.0
2023-10-21T05:00:00Z,41.62
2023-10-21T06:00:00Z,246.23
2023-10-21T07:00:00Z,485.58
2023-10-21T08:00:00Z,684.65
2023-10-21T09:00:00Z,867.92
2023-10-21T10:00:00Z,968.6
2023-10-21T11:00:00Z,1001.33
2023-10-21T12:00:00Z,956.75
2023-10-21T13:00:00Z,836.85
2023-10-21T14:00:00Z,651.65
2023-10-21T15:00:00Z,436.48
2023-10-21T16:00:00Z,193.7
2023-10-21T17:00:00Z,23.55
2023-10-21T18:00:00Z,0.0
2023-10-21T19:00:00Z,0.0
2023-10-21T20:00:00Z,0.0
2023-10-21T21:00:00Z,0.0
2023-10-21T22:00:00Z,0.0
2023-10-21T23:00:00Z,0.0
2023-10-22T00:00:00Z,0.0
2023-10-22T01:00:00Z,0.0
2023-10-22T02:00:00Z,0.0
2023-10-22T03:00:00Z,0.0
2023-10-22T04:00:00Z,0.0
2023-10-22T05:00:00Z,25.4
2023-10-22T06:00:00Z,169.82
2023-10-22T07:00:00Z,373.7
2023-10-22T08:00:00Z,588.83
2023-10-22T09:00:00Z,779.7
2023-10-22T10:00:00Z,879.15
2023-10-22T11:00:00Z,916.83
2023-10-22T12:00:00Z,872.22
2023-10-22T13:00:00Z,712.75
2023-10-22T14:00:00Z,523.85
2023-10-22T15:00:00Z,326.98
2023-10-22T16:00:00Z,158.32
2023-10-22T17:00:00Z,22.3
2023-10-22T18:00:00Z,0.0
2023-10-22T19:00:00Z,0.0
2023-10-22T20:00:00Z,0.0
2023-10-22T21:00:00Z,0.0
2023-10-22T22:00:00Z,0.0
2023-10-22T23:00:00Z,0.0
2023-10-23T00:00:00Z,0.0
2023-10-23T01:00:00Z,0.0
2023-10-23T02:00:00Z,0.0
2023-10-23T03:00:00Z,0.0
2023-10-23T04:00:00Z,0.0
2023-10-23T05:00:00Z,35.53
2023-10-23T06:00:00Z,206.07
2023-10-23T07:00:00Z,419.5
2023-10-23T08:00:00Z,637.5
2023-10-23T09:00:00Z,797.03
2023-10-23T10:00:00Z,898.85
2023-10-23T11:00:00Z,926.17
2023-10-23T12:00:00Z,794.75
2023-10-23T13:00:00Z,656.88
2023-10-23T14:00:00Z,496.85
2023-10-23T15:00:00Z,306.7
2023-10-23T16:00:00Z,135.18
2023-10-23T17:00:00Z,17.3
2023-10-23T18:00:00Z,0.0
2023-10-23T19:00:00Z,0.0
2023-10-23T20:00:00Z,0.0
2023-10-23T21:00:00Z,0.0
2023-10-23T22:00:00Z,0.0
2023-10-23T23:00:00Z,0.0
2023-10-24T00:00:00Z,0.0
2023-10-24T01:00:00Z,0.0
2023-10-24T02:00:00Z,0.0
2023-10-24T03:00:00Z,0.0
2023-10-24T04:00:00Z,0.0
2023-10-24T05:00:00Z,25.2
2023-10-24T06:00:00Z,154.52
2023-10-24T07:00:00Z,287.45
2023-10-24T08:00:00Z,493.77
2023-10-24T09:00:00Z,743.9
2023-10-24T10:00:00Z,798.42
2023-10-24T11:00:00Z,810.53
2023-10-24T12:00:00Z,791.17
2023-10-24T13:00:00Z,713.83
2023-10-24T14:00:00Z,481.17
2023-10-24T15:00:00Z,293.02
2023-10-24T16:00:00Z,143.43
2023-10-24T17:00:00Z,16.95
2023-10-24T18:00:00Z,0.0
2023-10-24T19:00:00Z,0.0
2023-10-24T20:00:00Z,0.0
2023-10-24T21:00:00Z,0.0
2023-10-24T22:00:00Z,0.0
2023-10-24T23:00:00Z,0.0
2023-10-25T00:00:00Z,0.0
2023-10-25T01:00:00Z,0.0
2023-10-25T02:00:00Z,0.0
2023-10-25T03:00:00Z,0.0
2023-10-25T04:00:00Z,0.0
2023-10-25T05:00:00Z,24.33
2023-10-25T06:00:00Z,133.23
2023-10-25T07:00:00Z,297.17
2023-10-25T08:00:00Z,512.47
2023-10-25T09:00:00Z,621.38
2023-10-25T10:00:00Z,572.62
2023-10-25T11:00:00Z,627.83
2023-10-25T12:00:00Z,460.62
2023-10-25T13:00:00Z,370.98
2023-10-25T14:00:00Z,347.98
2023-10-25T15:00:00Z,199.48
2023-10-25T16:00:00Z,103.3
2023-10-25T17:00:00Z,15.57
2023-10-25T18:00:00Z,0.0
2023-10-25T19:00:00Z,0.0
2023-10-25T20:00:00Z,0.0
2023-10-25T21:00:00Z,0.0
2023-10-25T22:00:00Z,0.0
2023-10-25T23:00:00Z,0.0
2023-10-26T00:00:00Z,0.0
2023-10-26T01:00:00Z,0.0
2023-10-26T02:00:00Z,0.0
2023-10-26T03:00:00Z,0.0
2023-10-26T04:00:00Z,0.0
2023-10-26T05:00:00Z,50.25
2023-10-26T06:00:00Z,253.52
2023-10-26T07:00:00Z,508.98
2023-10-26T08:00:00Z,723.62
2023-10-26T09:00:00Z,906.6
2023-10-26T10:00:00Z,1007.0
2023-10-26T11:00:00Z,1039.82
2023-10-26T12:00:00Z,1000.47
2023-10-26T13:00:00Z,886.08
2023-10-26T14:00:00Z,703.0
2023-10-26T15:00:00Z,483.17
2023-10-26T16:00:00Z,248.88
2023-10-26T17:00:00Z,36.4
2023-10-26T18:00:00Z,0.0
2023-10-26T19:00:00Z,0.0
2023-10-26T20:00:00Z,0.0
2023-10-26T21:00:00Z,0.0
2023-10-26T22:00:00Z,0.0
2023-10-26T23:00:00Z,0.0
2023-10-27T00:00:00Z,0.0
2023-10-27T01:00:00Z,0.0
2023-10-27T02:00:00Z,0.0
2023-10-27T03:00:00Z,0.0
2023-10-27T04:00:00Z,0.0
2023-10-27T05:00:00Z,54.72
2023-10-27T06:00:00Z,274.05
2023-10-27T07:00:00Z,513.12
2023-10-27T08:00:00Z,724.67
2023-10-27T09:00:00Z,887.05
2023-10-27T10:00:00Z,973.45
2023-10-27T11:00:00Z,1007.58
2023-10-27T12:00:00Z,976.92
2023-10-27T13:00:00Z,843.35
2023-10-27T14:00:00Z,637.05
2023-10-27T15:00:00Z,430.9
2023-10-27T16:00:00Z,209.45
2023-10-27T17:00:00Z,34.85
2023-10-27T18:00:00Z,0.0
2023-10-27T19:00:00Z,0.0
2023-10-27T20:00:00Z,0.0
2023-10-27T21:00:00Z,0.0
2023-10-27T22:00:00Z,0.0
2023-10-27T23:00:00Z,0.0
2023-10-28T00:00:00Z,0.0
2023-10-28T01:00:00Z,0.0
2023-10-28T02:00:00Z,0.0
2023-10-28T03:00:00Z,0.0
2023-10-28T04:00:00Z,0.0
2023-10-28T05:00:00Z,54.7
2023-10-28T06:00:00Z,271.77
2023-10-28T07:00:00Z,508.3
2023-10-28T08:00:00Z,725.67
2023-10-28T09:00:00Z,885.78
2023-10-28T10:00:00Z,980.0
2023-10-28T11:00:00Z,1035.85
2023-10-28T12:00:00Z,871.17
2023-10-28T13:00:00Z,823.85
2023-10-28T14:00:00Z,687.1
2023-10-28T15:00:00Z,473.05
2023-10-28T16:00:00Z,237.12
2023-10-28T17:00:00Z,35.4
2023-10-28T18:00:00Z,0.0
2023-10-28T19:00:00Z,0.0
2023-10-28T20:00:00Z,0.0
2023-10-28T21:00:00Z,0.0
2023-10-28T22:00:00Z,0.0
2023-10-28T23:00:00Z,0.0
2023-10-29T00:00:00Z,0.0
2023-10-29T01:00:00Z,0.0
2023-10-29T02:00:00Z,0.0
2023-10-29T03:00:00Z,0.0
2023-10-29T04:00:00Z,0.0
2023-10-29T05:00:00Z,48.38
2023-10-29T06:00:00Z,230.27
2023-10-29T07:00:00Z,477.55
2023-10-29T08:00:00Z,677.28
2023-10-29T09:00:00Z,862.5
2023-10-29T10:00:00Z,960.6
2023-10-29T11:00:00Z,1016.92
2023-10-29T12:00:00Z,957.42
2023-10-29T13:00:00Z,856.7
2023-10-29T14:00:00Z,688.53
2023-10-29T15:00:00Z,472.15
2023-10-29T16:00:00Z,234.45
2023-10-29T17:00:00Z,34.03
2023-10-29T18:00:00Z,0.0
2023-10-29T19:00:00Z,0.0
2023-10-29T20:00:00Z,0.0
2023-10-29T21:00:00Z,0.0
2023-10-29T22:00:00Z,0.0
2023-10-29T23:00:00Z,0.0
2023-10-30T00:00:00Z,0.0
2023-10-30T01:00:00Z,0.0
2023-10-30T02:00:00Z,0.0
2023-10-30T03:00:00Z,0.0
2023-10-30T04:00:00Z,0.0
2023-10-30T05:00:00Z,57.4
2023-10-30T06:00:00Z,256.75
2023-10-30T07:00:00Z,468.67
2023-10-30T08:00:00Z,667.9
2023-10-30T09:00:00Z,844.95
2023-10-30T10:00:00Z,877.17
2023-10-30T11:00:00Z,601.92
2023-10-30T12:00:00Z,640.22
2023-10-30T13:00:00Z,743.17
2023-10-30T14:00:00Z,603.9
2023-10-30T15:00:00Z,395.65
2023-10-30T16:00:00Z,185.95
2023-10-30T17:00:00Z,26.6
2023-10-30T18:00:00Z,0.0
2023-10-30T19:00:00Z,0.0
2023-10-30T20:00:00Z,0.0
2023-10-30T21:00:00Z,0.0
2023-10-30T22:00:00Z,0.0
2023-10-30T23:00:00Z,0.0
2023-10-31T00:00:00Z,0.0
2023-10-31T01:00:00Z,0.0
2023-10-31T02:00:00Z,0.0
2023-10-31T03:00:00Z,0.0
2023-10-31T04:00:00Z,0.0
2023-10-31T05:00:00Z,42.4
2023-10-31T06:00:00Z,197.15
2023-10-31T07:00:00Z,421.08
2023-10-31T08:00:00Z,666.2
2023-10-31T09:00:00Z,835.88
2023-10-31T10:00:00Z,962.1
2023-10-31T11:00:00Z,1014.33
2023-10-31T12:00:00Z,969.6
2023-10-31T13:00:00Z,853.6
2023-10-31T14:00:00Z,683.67
2023-10-31T15:00:00Z,467.83
2023-10-31T16:00:00Z,236.88
2023-10-31T17:00:00Z,37.88
2023-10-31T18:00:00Z,0.0
2023-10-31T19:00:00Z,0.0
2023-10-31T20:00:00Z,0.0
2023-10-31T21:00:00Z,0.0
2023-10-31T22:00:00Z,0.0
2023-10-31T23:00:00Z,0.0
2023-11-01T00:00:00Z,0.0
2023-11-01T01:00:00Z,0.0
2023-11-01T02:00:00Z,0.0
2023-11-01T03:00:00Z,0.0
2023-11-01T04:00:00Z,0.0
2023-11-01T05:00:00Z,50.53
2023-11-01T06:00:00Z,231.95
2023-11-01T07:00:00Z,442.27
2023-11-01T08:00:00Z,670.62
2023-11-01T09:00:00Z,884.3
2023-11-01T10:00:00Z,989.15
2023-11-01T11:00:00Z,1017.33
2023-11-01T12:00:00Z,978.75
2023-11-01T13:00:00Z,874.65
2023-11-01T14:00:00Z,704.45
2023-11-01T15:00:00Z,490.35
2023-11-01T16:00:00Z,256.2
2023-11-01T17:00:00Z,40.85
2023-11-01T18:00:00Z,0.0
2023-11-01T19:00:00Z,0.0
2023-11-01T20:00:00Z,0.0
2023-11-01T21:00:00Z,0.0
2023-11-01T22:00:00Z,0.0
2023-11-01T23:00:00Z,0.0
2023-11-02T00:00:00Z,0.0
2023-11-02T01:00:00Z,0.0
2023-11-02T02:00:00Z,0.0
2023-11-02T03:00:00Z,0.0
2023-11-02T04:00:00Z,0.0
2023-11-02T05:00:00Z,60.08
2023-11-02T06:00:00Z,258.73
2023-11-02T07:00:00Z,479.62
2023-11-02T08:00:00Z,695.72
2023-11-02T09:00:00Z,885.2
2023-11-02T10:00:00Z,989.05
2023-11-02T11:00:00Z,1023.35
2023-11-02T12:00:00Z,983.5
2023-11-02T13:00:00Z,852.53
2023-11-02T14:00:00Z,686.25
2023-11-02T15:00:00Z,455.58
2023-11-02T16:00:00Z,219.05
2023-11-02T17:00:00Z,34.17
2023-11-02T18:00:00Z,0.0
2023-11-02T19:00:00Z,0.0
2023-11-02T20:00:00Z,0.0
2023-11-02T21:00:00Z,0.0
2023-11-02T22:00:00Z,0.0
2023-11-02T23:00:00Z,0.0
2023-11-03T00:00:00Z,0.0
2023-11-03T01:00:00Z,0.0
2023-11-03T02:00:00Z,0.0
2023-11-03T03:00:00Z,0.0
2023-11-03T04:00:00Z,0.0
2023-11-03T05:00:00Z,52.58
2023-11-03T06:00:00Z,252.3
2023-11-03T07:00:00Z,482.8
2023-11-03T08:00:00Z,695.03
2023-11-03T09:00:00Z,831.92
2023-11-03T10:00:00Z,952.47
2023-11-03T11:00:00Z,935.67
2023-11-03T12:00:00Z,910.9
2023-11-03T13:00:00Z,771.0
2023-11-03T14:00:00Z,595.9
2023-11-03T15:00:00Z,385.38
2023-11-03T16:00:00Z,191.55
2023-11-03T17:00:00Z,30.5
2023-11-03T18:00:00Z,0.0
2023-11-03T19:00:00Z,0.0
2023-11-03T20:00:00Z,0.0
2023-11-03T21:00:00Z,0.0
2023-11-03T22:00:00Z,0.0
2023-11-03T23:00:00Z,0.0
2023-11-04T00:00:00Z,0.0
2023-11-04T01:00:00Z,0.0
2023-11-04T02:00:00Z,0.0
2023-11-04T03:00:00Z,0.0
2023-11-04T04:00:00Z,0.0
2023-11-04T05:00:00Z,45.97
2023-11-04T06:00:00Z,197.93
2023-11-04T07:00:00Z,455.92
2023-11-04T08:00:00Z,705.75
2023-11-04T09:00:00Z,882.15
2023-11-04T10:00:00Z,981.7
2023-11-04T11:00:00Z,985.45
2023-11-04T12:00:00Z,933.55
2023-11-04T13:00:00Z,810.4
2023-11-04T14:00:00Z,631.42
2023-11-04T15:00:00Z,426.4
2023-11-04T16:00:00Z,188.4
2023-11-04T17:00:00Z,33.55
2023-11-04T18:00:00Z,0.0
2023-11-04T19:00:00Z,0.0
2023-11-04T20:00:00Z,0.0
2023-11-04T21:00:00Z,0.0
2023-11-04T22:00:00Z,0.0
2023-11-04T23:00:00Z,0.0
2023-11-05T00:00:00Z,0.0
2023-11-05T01:00:00Z,0.0
2023-11-05T02:00:00Z,0.0
2023-11-05T03:00:00Z,0.0
2023-11-05T04:00:00Z,0.0
2023-11-05T05:00:00Z,59.47
2023-11-05T06:00:00Z,264.7
2023-11-05T07:00:00Z,513.1
2023-11-05T08:00:00Z,717.33
2023-11-05T09:00:00Z,881.4
2023-11-05T10:00:00Z,969.88
2023-11-05T11:00:00Z,1003.08
2023-11-05T12:00:00Z,962.95
2023-11-05T13:00:00Z,847.67
2023-11-05T14:00:00Z,684.17
2023-11-05T15:00:00Z,468.3
2023-11-05T16:00:00Z,233.73
2023-11-05T17:00:00Z,40.85
2023-11-05T18:00:00Z,0.0
2023-11-05T19:00:00Z,0.0
2023-11-05T20:00:00Z,0.0
2023-11-05T21:00:00Z,0.0
2023-11-05T22:00:00Z,0.0
2023-11-05T23:00:00Z,0.0
2023-11-06T00:00:00Z,0.0
2023-11-06T01:00:00Z,0.0
2023-11-06T02:00:00Z,0.0
2023-11-06T03:00:00Z,0.0
2023-11-06T04:00:00Z,0.0
2023-11-06T05:00:00Z,57.28
2023-11-06T06:00:00Z,267.12
2023-11-06T07:00:00Z,517.6
2023-11-06T08:00:00Z,726.72
2023-11-06T09:00:00Z,894.88
2023-11-06T10:00:00Z,982.47
2023-11-06T11:00:00Z,1011.33
2023-11-06T12:00:00Z,961.0
2023-11-06T13:00:00Z,844.83
2023-11-06T14:00:00Z,684.95
2023-11-06T15:00:00Z,463.05
2023-11-06T16:00:00Z,230.82
2023-11-06T17:00:00Z,40.25
2023-11-06T18:00:00Z,0.0
2023-11-06T19:00:00Z,0.0
2023-11-06T20:00:00Z,0.0
2023-11-06T21:00:00Z,0.0
2023-11-06T22:00:00Z,0.0
2023-11-06T23:00:00Z,0.0
2023-11-07T00:00:00Z,0.0
2023-11-07T01:00:00Z,0.0
2023-11-07T02:00:00Z,0.0
2023-11-07T03:00:00Z,0.0
2023-11-07T04:00:00Z,0.0
2023-11-07T05:00:00Z,66.9
2023-11-07T06:00:00Z,274.58
2023-11-07T07:00:00Z,504.75
2023-11-07T08:00:00Z,700.7
2023-11-07T09:00:00Z,835.83
2023-11-07T10:00:00Z,928.47
2023-11-07T11:00:00Z,892.45
2023-11-07T12:00:00Z,770.47
2023-11-07T13:00:00Z,683.58
2023-11-07T14:00:00Z,521.95
2023-11-07T15:00:00Z,337.98
2023-11-07T16:00:00Z,173.9
2023-11-07T17:00:00Z,27.27
2023-11-07T18:00:00Z,0.0
2023-11-07T19:00:00Z,0.0
2023-11-07T20:00:00Z,0.0
2023-11-07T21:00:00Z,0.0
2023-11-07T22:00:00Z,0.0
2023-11-07T23:00:00Z,0.0
2023-11-08T00:00:00Z,0.0
2023-11-08T01:00:00Z,0.0
2023-11-08T02:00:00Z,0.0
2023-11-08T03:00:00Z,0.0
2023-11-08T04:00:00Z,0.0
2023-11-08T05:00:00Z,21.55
2023-11-08T06:00:00Z,96.5
2023-11-08T07:00:00Z,180.25
2023-11-08T08:00:00Z,226.48
2023-11-08T09:00:00Z,315.45
2023-11-08T10:00:00Z,393.17
2023-11-08T11:00:00Z,528.6
2023-11-08T12:00:00Z,457.17
2023-11-08T13:00:00Z,400.7
2023-11-08T14:00:00Z,300.65
2023-11-08T15:00:00Z,172.75
2023-11-08T16:00:00Z,101.93
2023-11-08T17:00:00Z,8.98
2023-11-08T18:00:00Z,0.0
2023-11-08T19:00:00Z,0.0
2023-11-08T20:00:00Z,0.0
2023-11-08T21:00:00Z,0.0
2023-11-08T22:00:00Z,0.0
2023-11-08T23:00:00Z,0.0
2023-11-09T00:00:00Z,0.0
2023-11-09T01:00:00Z,0.0
2023-11-09T02:00:00Z,0.0
2023-11-09T03:00:00Z,0.0
2023-11-09T04:00:00Z,0.0
2023-11-09T05:00:00Z,34.12
2023-11-09T06:00:00Z,100.55
2023-11-09T07:00:00Z,208.18
2023-11-09T08:00:00Z,374.95
2023-11-09T09:00:00Z,387.92
2023-11-09T10:00:00Z,445.0
2023-11-09T11:00:00Z,643.17
2023-11-09T12:00:00Z,655.0
2023-11-09T13:00:00Z,556.65
2023-11-09T14:00:00Z,372.38
2023-11-09T15:00:00Z,230.62
2023-11-09T16:00:00Z,108.65
2023-11-09T17:00:00Z,15.98
2023-11-09T18:00:00Z,0.0
2023-11-09T19:00:00Z,0.0
2023-11-09T20:00:00Z,0.0
2023-11-09T21:00:00Z,0.0
2023-11-09T22:00:00Z,0.0
2023-11-09T23:00:00Z,0.0
2023-11-10T00:00:00Z,0.0
2023-11-10T01:00:00Z,0.0
2023-11-10T02:00:00Z,0.0
2023-11-10T03:00:00Z,0.0
2023-11-10T04:00:00Z,0.0
2023-11-10T05:00:00Z,27.42
2023-11-10T06:00:00Z,115.35
2023-11-10T07:00:00Z,236.77
2023-11-10T08:00:00Z,308.92
2023-11-10T09:00:00Z,358.23
2023-11-10T10:00:00Z,418.38
2023-11-10T11:00:00Z,566.85
2023-11-10T12:00:00Z,521.88
2023-11-10T13:00:00Z,448.88
2023-11-10T14:00:00Z,353.92
2023-11-10T15:00:00Z,225.57
2023-11-10T16:00:00Z,105.6
2023-11-10T17:00:00Z,24.67
2023-11-10T18:00:00Z,0.0
2023-11-10T19:00:00Z,0.0
2023-11-10T20:00:00Z,0.0
2023-11-10T21:00:00Z,0.0
2023-11-10T22:00:00Z,0.0
2023-11-10T23:00:00Z,0.0
2023-11-11T00:00:00Z,0.0
2023-11-11T01:00:00Z,0.0
2023-11-11T02:00:00Z,0.0
2023-11-11T03:00:00Z,0.0
2023-11-11T04:00:00Z,0.0
2023-11-11T05:00:00Z,35.03
2023-11-11T06:00:00Z,137.88
2023-11-11T07:00:00Z,249.73
2023-11-11T08:00:00Z,406.23
2023-11-11T09:00:00Z,458.17
2023-11-11T10:00:00Z,466.42
2023-11-11T11:00:00Z,499.3
2023-11-11T12:00:00Z,516.0
2023-11-11T13:00:00Z,629.88
2023-11-11T14:00:00Z,499.73
2023-11-11T15:00:00Z,315.0
2023-11-11T16:00:00Z,163.85
2023-11-11T17:00:00Z,24.3
2023-11-11T18:00:00Z,0.0
2023-11-11T19:00:00Z,0.0
2023-11-11T20:00:00Z,0.0
2023-11-11T21:00:00Z,0.0
2023-11-11T22:00:00Z,0.0
2023-11-11T23:00:00Z,0.0
2023-11-12T00:00:00Z,0.0
2023-11-12T01:00:00Z,0.0
2023-11-12T02:00:00Z,0.0
2023-11-12T03:00:00Z,0.0
2023-11-12T04:00:00Z,0.0
2023-11-12T05:00:00Z,12.15
2023-11-12T06:00:00Z,56.17
2023-11-12T07:00:00Z,103.95
2023-11-12T08:00:00Z,148.52
2023-11-12T09:00:00Z,184.38
2023-11-12T10:00:00Z,208.05
2023-11-12T11:00:00Z,246.9
2023-11-12T12:00:00Z,250.6
2023-11-12T13:00:00Z,166.55
2023-11-12T14:00:00Z,175.55
2023-11-12T15:00:00Z,103.03
2023-11-12T16:00:00Z,78.45
2023-11-12T17:00:00Z,17.38
2023-11-12T18:00:00Z,0.0
2023-11-12T19:00:00Z,0.0
2023-11-12T20:00:00Z,0.0
2023-11-12T21:00:00Z,0.0
2023-11-12T22:00:00Z,0.0
2023-11-12T23:00:00Z,0.0
2023-11-13T00:00:00Z,0.0
2023-11-13T01:00:00Z,0.0
2023-11-13T02:00:00Z,0.0
2023-11-13T03:00:00Z,0.0
2023-11-13T04:00:00Z,0.0
2023-11-13T05:00:00Z,12.68
2023-11-13T06:00:00Z,35.47
2023-11-13T07:00:00Z,86.4
2023-11-13T08:00:00Z,147.3
2023-11-13T09:00:00Z,188.8
2023-11-13T10:00:00Z,303.4
2023-11-13T11:00:00Z,426.27
2023-11-13T12:00:00Z,410.85
2023-11-13T13:00:00Z,413.52
2023-11-13T14:00:00Z,307.4
2023-11-13T15:00:00Z,205.88
2023-11-13T16:00:00Z,109.97
2023-11-13T17:00:00Z,17.75
2023-11-13T18:00:00Z,0.0
2023-11-13T19:00:00Z,0.0
2023-11-13T20:00:00Z,0.0
2023-11-13T21:00:00Z,0.0
2023-11-13T22:00:00Z,0.0
2023-11-13T23:00:00Z,0.0
2023-11-14T00:00:00Z,0.0
2023-11-14T01:00:00Z,0.0
2023-11-14T02:00:00Z,0.0
2023-11-14T03:00:00Z,0.0
2023-11-14T04:00:00Z,0.0
2023-11-14T05:00:00Z,16.7
2023-11-14T06:00:00Z,130.4
2023-11-14T07:00:00Z,268.08
2023-11-14T08:00:00Z,434.95
2023-11-14T09:00:00Z,487.5
2023-11-14T10:00:00Z,487.5
2023-11-14T11:00:00Z,555.58
2023-11-14T12:00:00Z,473.48
2023-11-14T13:00:00Z,424.52
2023-11-14T14:00:00Z,317.3
2023-11-14T15:00:00Z,203.48
2023-11-14T16:00:00Z,124.4
2023-11-14T17:00:00Z,25.27
2023-11-14T18:00:00Z,0.0
2023-11-14T19:00:00Z,0.0
2023-11-14T20:00:00Z,0.0
2023-11-14T21:00:00Z,0.0
2023-11-14T22:00:00Z,0.0
2023-11-14T23:00:00Z,0.0
2023-11-15T00:00:00Z,0.0
2023-11-15T01:00:00Z,0.0
2023-11-15T02:00:00Z,0.0
2023-11-15T03:00:00Z,0.0
2023-11-15T04:00:00Z,0.0
2023-11-15T05:00:00Z,19.55
2023-11-15T06:00:00Z,84.43
2023-11-15T07:00:00Z,144.15
2023-11-15T08:00:00Z,269.62
2023-11-15T09:00:00Z,350.83
2023-11-15T10:00:00Z,357.2
2023-11-15T11:00:00Z,379.3
2023-11-15T12:00:00Z,434.08
2023-11-15T13:00:00Z,317.88
2023-11-15T14:00:00Z,283.23
2023-11-15T15:00:00Z,145.4
2023-11-15T16:00:00Z,80.1
2023-11-15T17:00:00Z,18.55
2023-11-15T18:00:00Z,0.0
2023-11-15T19:00:00Z,0.0
2023-11-15T20:00:00Z,0.0
2023-11-15T21:00:00Z,0.0
2023-11-15T22:00:00Z,0.0
2023-11-15T23:00:00Z,0.0
2023-11-16T00:00:00Z,0.0
2023-11-16T01:00:00Z,0.0
2023-11-16T02:00:00Z,0.0
2023-11-16T03:00:00Z,0.0
2023-11-16T04:00:00Z,0.0
2023-11-16T05:00:00Z,68.38
2023-11-16T06:00:00Z,271.05
2023-11-16T07:00:00Z,499.62
2023-11-16T08:00:00Z,690.72
2023-11-16T09:00:00Z,865.97
2023-11-16T10:00:00Z,969.47
2023-11-16T11:00:00Z,1017.8
2023-11-16T12:00:00Z,990.62
2023-11-16T13:00:00Z,875.2
2023-11-16T14:00:00Z,719.12
2023-11-16T15:00:00Z,498.85
2023-11-16T16:00:00Z,270.33
2023-11-16T17:00:00Z,57.4
2023-11-16T18:00:00Z,0.0
2023-11-16T19:00:00Z,0.0
2023-11-16T20:00:00Z,0.0
2023-11-16T21:00:00Z,0.0
2023-11-16T22:00:00Z,0.0
2023-11-16T23:00:00Z,0.0
2023-11-17T00:00:00Z,0.0
2023-11-17T01:00:00Z,0.0
2023-11-17T02:00:00Z,0.0
2023-11-17T03:00:00Z,0.0
2023-11-17T04:00:00Z,0.0
2023-11-17T05:00:00Z,69.85
2023-11-17T06:00:00Z,255.9
2023-11-17T07:00:00Z,462.02
2023-11-17T08:00:00Z,709.53
2023-11-17T09:00:00Z,880.78
2023-11-17T10:00:00Z,967.53
2023-11-17T11:00:00Z,997.7
2023-11-17T12:00:00Z,896.72
2023-11-17T13:00:00Z,766.03
2023-11-17T14:00:00Z,612.33
2023-11-17T15:00:00Z,421.23
2023-11-17T16:00:00Z,219.95
2023-11-17T17:00:00Z,57.08
2023-11-17T18:00:00Z,0.0
2023-11-17T19:00:00Z,0.0
2023-11-17T20:00:00Z,0.0
2023-11-17T21:00:00Z,0.0
2023-11-17T22:00:00Z,0.0
2023-11-17T23:00:00Z,0.0
2023-11-18T00:00:00Z,0.0
2023-11-18T01:00:00Z,0.0
2023-11-18T02:00:00Z,0.0
2023-11-18T03:00:00Z,0.0
2023-11-18T04:00:00Z,0.0
2023-11-18T05:00:00Z,52.9
2023-11-18T06:00:00Z,172.9
2023-11-18T07:00:00Z,310.02
2023-11-18T08:00:00Z,470.65
2023-11-18T09:00:00Z,628.92
2023-11-18T10:00:00Z,755.12
2023-11-18T11:00:00Z,867.42
2023-11-18T12:00:00Z,859.7
2023-11-18T13:00:00Z,734.88
2023-11-18T14:00:00Z,583.62
2023-11-18T15:00:00Z,390.67
2023-11-18T16:00:00Z,198.77
2023-11-18T17:00:00Z,49.78
2023-11-18T18:00:00Z,0.0
2023-11-18T19:00:00Z,0.0
2023-11-18T20:00:00Z,0.0
2023-11-18T21:00:00Z,0.0
2023-11-18T22:00:00Z,0.0
2023-11-18T23:00:00Z,0.0
2023-11-19T00:00:00Z,0.0
2023-11-19T01:00:00Z,0.0
2023-11-19T02:00:00Z,0.0
2023-11-19T03:00:00Z,0.0
2023-11-19T04:00:00Z,0.0
2023-11-19T05:00:00Z,37.75
2023-11-19T06:00:00Z,113.9
2023-11-19T07:00:00Z,192.62
2023-11-19T08:00:00Z,295.75
2023-11-19T09:00:00Z,341.5
2023-11-19T10:00:00Z,377.23
2023-11-19T11:00:00Z,540.17
2023-11-19T12:00:00Z,568.85
2023-11-19T13:00:00Z,432.4
2023-11-19T14:00:00Z,339.62
2023-11-19T15:00:00Z,225.75
2023-11-19T16:00:00Z,120.72
2023-11-19T17:00:00Z,30.7
2023-11-19T18:00:00Z,0.0
2023-11-19T19:00:00Z,0.0
2023-11-19T20:00:00Z,0.0
2023-11-19T21:00:00Z,0.0
2023-11-19T22:00:00Z,0.0
2023-11-19T23:00:00Z,0.0
2023-11-20T00:00:00Z,0.0
2023-11-20T01:00:00Z,0.0
2023-11-20T02:00:00Z,0.0
2023-11-20T03:00:00Z,0.0
2023-11-20T04:00:00Z,0.0
2023-11-20T05:00:00Z,54.38
2023-11-20T06:00:00Z,207.65
2023-11-20T07:00:00Z,418.08
2023-11-20T08:00:00Z,630.75
2023-11-20T09:00:00Z,736.42
2023-11-20T10:00:00Z,673.72
2023-11-20T11:00:00Z,737.85
2023-11-20T12:00:00Z,693.35
2023-11-20T13:00:00Z,658.08
2023-11-20T14:00:00Z,615.03
2023-11-20T15:00:00Z,403.17
2023-11-20T16:00:00Z,188.55
2023-11-20T17:00:00Z,48.25
2023-11-20T18:00:00Z,0.0
2023-11-20T19:00:00Z,0.0
2023-11-20T20:00:00Z,0.0
2023-11-20T21:00:00Z,0.0
2023-11-20T22:00:00Z,0.0
2023-11-20T23:00:00Z,0.0
2023-11-21T00:00:00Z,0.0
2023-11-21T01:00:00Z,0.0
2023-11-21T02:00:00Z,0.0
2023-11-21T03:00:00Z,0.0
2023-11-21T04:00:00Z,0.0
2023-11-21T05:00:00Z,81.43
2023-11-21T06:00:00Z,295.4
2023-11-21T07:00:00Z,537.6
2023-11-21T08:00:00Z,743.92
2023-11-21T09:00:00Z,904.12
2023-11-21T10:00:00Z,996.97
2023-11-21T11:00:00Z,1027.03
2023-11-21T12:00:00Z,976.55
2023-11-21T13:00:00Z,854.62
2023-11-21T14:00:00Z,700.67
2023-11-21T15:00:00Z,500.27
2023-11-21T16:00:00Z,278.75
2023-11-21T17:00:00Z,68.45
2023-11-21T18:00:00Z,0.0
2023-11-21T19:00:00Z,0.0
2023-11-21T20:00:00Z,0.0
2023-11-21T21:00:00Z,0.0
2023-11-21T22:00:00Z,0.0
2023-11-21T23:00:00Z,0.0
2023-11-22T00:00:00Z,0.0
2023-11-22T01:00:00Z,0.0
2023-11-22T02:00:00Z,0.0
2023-11-22T03:00:00Z,0.0
2023-11-22T04:00:00Z,0.0
2023-11-22T05:00:00Z,78.2
2023-11-22T06:00:00Z,297.7
2023-11-22T07:00:00Z,530.42
2023-11-22T08:00:00Z,751.1
2023-11-22T09:00:00Z,924.22
2023-11-22T10:00:00Z,987.97
2023-11-22T11:00:00Z,1032.57
2023-11-22T12:00:00Z,1019.45
2023-11-22T13:00:00Z,906.47
2023-11-22T14:00:00Z,744.38
2023-11-22T15:00:00Z,535.2
2023-11-22T16:00:00Z,298.77
2023-11-22T17:00:00Z,73.45
2023-11-22T18:00:00Z,0.0
2023-11-22T19:00:00Z,0.0
2023-11-22T20:00:00Z,0.0
2023-11-22T21:00:00Z,0.0
2023-11-22T22:00:00Z,0.0
2023-11-22T23:00:00Z,0.0
2023-11-23T00:00:00Z,0.0
2023-11-23T01:00:00Z,0.0
2023-11-23T02:00:00Z,0.0
2023-11-23T03:00:00Z,0.0
2023-11-23T04:00:00Z,0.0
2023-11-23T05:00:00Z,71.28
2023-11-23T06:00:00Z,283.17
2023-11-23T07:00:00Z,538.6
2023-11-23T08:00:00Z,754.33
2023-11-23T09:00:00Z,911.75
2023-11-23T10:00:00Z,931.0
2023-11-23T11:00:00Z,987.95
2023-11-23T12:00:00Z,942.4
2023-11-23T13:00:00Z,847.53
2023-11-23T14:00:00Z,700.4
2023-11-23T15:00:00Z,505.58
2023-11-23T16:00:00Z,281.55
2023-11-23T17:00:00Z,73.62
2023-11-23T18:00:00Z,0.0
2023-11-23T19:00:00Z,0.0
2023-11-23T20:00:00Z,0.0
2023-11-23T21:00:00Z,0.0
2023-11-23T22:00:00Z,0.0
2023-11-23T23:00:00Z,0.0
2023-11-24T00:00:00Z,0.0
2023-11-24T01:00:00Z,0.0
2023-11-24T02:00:00Z,0.0
2023-11-24T03:00:00Z,0.0
2023-11-24T04:00:00Z,0.0
2023-11-24T05:00:00Z,73.53
2023-11-24T06:00:00Z,293.8
2023-11-24T07:00:00Z,546.65
2023-11-24T08:00:00Z,748.47
2023-11-24T09:00:00Z,924.05
2023-11-24T10:00:00Z,1001.38
2023-11-24T11:00:00Z,1017.65
2023-11-24T12:00:00Z,931.78
2023-11-24T13:00:00Z,798.33
2023-11-24T14:00:00Z,642.83
2023-11-24T15:00:00Z,424.45
2023-11-24T16:00:00Z,237.25
2023-11-24T17:00:00Z,51.35
2023-11-24T18:00:00Z,0.0
2023-11-24T19:00:00Z,0.0
2023-11-24T20:00:00Z,0.0
2023-11-24T21:00:00Z,0.0
2023-11-24T22:00:00Z,0.0
2023-11-24T23:00:00Z,0.0
2023-11-25T00:00:00Z,0.0
2023-11-25T01:00:00Z,0.0
2023-11-25T02:00:00Z,0.0
2023-11-25T03:00:00Z,0.0
2023-11-25T04:00:00Z,0.0
2023-11-25T05:00:00Z,82.07
2023-11-25T06:00:00Z,270.58
2023-11-25T07:00:00Z,477.48
2023-11-25T08:00:00Z,687.6
2023-11-25T09:00:00Z,900.6
2023-11-25T10:00:00Z,1004.67
2023-11-25T11:00:00Z,1048.15
2023-11-25T12:00:00Z,1008.95
2023-11-25T13:00:00Z,920.72
2023-11-25T14:00:00Z,745.97
2023-11-25T15:00:00Z,529.38
2023-11-25T16:00:00Z,291.55
2023-11-25T17:00:00Z,73.9
2023-11-25T18:00:00Z,0.0
2023-11-25T19:00:00Z,0.0
2023-11-25T20:00:00Z,0.0
2023-11-25T21:00:00Z,0.0
2023-11-25T22:00:00Z,0.0
2023-11-25T23:00:00Z,0.0
2023-11-26T00:00:00Z,0.0
2023-11-26T01:00:00Z,0.0
2023-11-26T02:00:00Z,0.0
2023-11-26T03:00:00Z,0.0
2023-11-26T04:00:00Z,0.0
2023-11-26T05:00:00Z,70.18
2023-11-26T06:00:00Z,266.4
2023-11-26T07:00:00Z,485.77
2023-11-26T08:00:00Z,660.75
2023-11-26T09:00:00Z,708.95
2023-11-26T10:00:00Z,902.88
2023-11-26T11:00:00Z,997.17
2023-11-26T12:00:00Z,983.1
2023-11-26T13:00:00Z,777.42
2023-11-26T14:00:00Z,687.65
2023-11-26T15:00:00Z,490.45
2023-11-26T16:00:00Z,244.9
2023-11-26T17:00:00Z,60.7
2023-11-26T18:00:00Z,0.0
2023-11-26T19:00:00Z,0.0
2023-11-26T20:00:00Z,0.0
2023-11-26T21:00:00Z,0.0
2023-11-26T22:00:00Z,0.0
2023-11-26T23:00:00Z,0.0
2023-11-27T00:00:00Z,0.0
2023-11-27T01:00:00Z,0.0
2023-11-27T02:00:00Z,0.0
2023-11-27T03:00:00Z,0.0
2023-11-27T04:00:00Z,0.0
2023-11-27T05:00:00Z,61.78
2023-11-27T06:00:00Z,230.75
2023-11-27T07:00:00Z,438.95
2023-11-27T08:00:00Z,674.28
2023-11-27T09:00:00Z,867.25
2023-11-27T10:00:00Z,878.6
2023-11-27T11:00:00Z,938.97
2023-11-27T12:00:00Z,751.55
2023-11-27T13:00:00Z,379.98
2023-11-27T14:00:00Z,338.02
2023-11-27T15:00:00Z,242.75
2023-11-27T16:00:00Z,145.12
2023-11-27T17:00:00Z,26.85
2023-11-27T18:00:00Z,0.0
2023-11-27T19:00:00Z,0.0
2023-11-27T20:00:00Z,0.0
2023-11-27T21:00:00Z,0.0
2023-11-27T22:00:00Z,0.0
2023-11-27T23:00:00Z,0.0
2023-11-28T00:00:00Z,0.0
2023-11-28T01:00:00Z,0.0
2023-11-28T02:00:00Z,0.0
2023-11-28T03:00:00Z,0.0
2023-11-28T04:00:00Z,0.0
2023-11-28T05:00:00Z,67.9
2023-11-28T06:00:00Z,245.4
2023-11-28T07:00:00Z,506.9
2023-11-28T08:00:00Z,658.55
2023-11-28T09:00:00Z,795.53
2023-11-28T10:00:00Z,948.42
2023-11-28T11:00:00Z,1000.05
2023-11-28T12:00:00Z,951.42
2023-11-28T13:00:00Z,786.17
2023-11-28T14:00:00Z,648.78
2023-11-28T15:00:00Z,471.05
2023-11-28T16:00:00Z,274.85
2023-11-28T17:00:00Z,75.35
2023-11-28T18:00:00Z,0.0
2023-11-28T19:00:00Z,0.0
2023-11-28T20:00:00Z,0.0
2023-11-28T21:00:00Z,0.0
2023-11-28T22:00:00Z,0.0
2023-11-28T23:00:00Z,0.0
2023-11-29T00:00:00Z,0.0
2023-11-29T01:00:00Z,0.0
2023-11-29T02:00:00Z,0.0
2023-11-29T03:00:00Z,0.0
2023-11-29T04:00:00Z,0.0
2023-11-29T05:00:00Z,57.95
2023-11-29T06:00:00Z,210.65
2023-11-29T07:00:00Z,400.7
2023-11-29T08:00:00Z,607.0
2023-11-29T09:00:00Z,789.12
2023-11-29T10:00:00Z,868.53
2023-11-29T11:00:00Z,923.67
2023-11-29T12:00:00Z,860.17
2023-11-29T13:00:00Z,762.55
2023-11-29T14:00:00Z,582.33
2023-11-29T15:00:00Z,400.35
2023-11-29T16:00:00Z,239.52
2023-11-29T17:00:00Z,55.78
2023-11-29T18:00:00Z,0.0
2023-11-29T19:00:00Z,0.0
2023-11-29T20:00:00Z,0.0
2023-11-29T21:00:00Z,0.0
2023-11-29T22:00:00Z,0.0
2023-11-29T23:00:00Z,0.0
2023-11-30T00:00:00Z,0.0
2023-11-30T01:00:00Z,0.0
2023-11-30T02:00:00Z,0.0
2023-11-30T03:00:00Z,0.0
2023-11-30T04:00:00Z,0.0
2023-11-30T05:00:00Z,65.55
2023-11-30T06:00:00Z,228.57
2023-11-30T07:00:00Z,472.92
2023-11-30T08:00:00Z,673.1
2023-11-30T09:00:00Z,864.72
2023-11-30T10:00:00Z,980.42
2023-11-30T11:00:00Z,1015.58
2023-11-30T12:00:00Z,986.9
2023-11-30T13:00:00Z,878.53
2023-11-30T14:00:00Z,719.4
2023-11-30T15:00:00Z,517.55
2023-11-30T16:00:00Z,298.0
2023-11-30T17:00:00Z,87.32
2023-11-30T18:00:00Z,0.0
2023-11-30T19:00:00Z,0.0
2023-11-30T20:00:00Z,0.0
2023-11-30T21:00:00Z,0.0
2023-11-30T22:00:00Z,0.0
2023-11-30T23:00:00Z,0.0
2023-12-01T00:00:00Z,0.0
2023-12-01T01:00:00Z,0.0
2023-12-01T02:00:00Z,0.0
2023-12-01T03:00:00Z,0.0
2023-12-01T04:00:00Z,0.0
2023-12-01T05:00:00Z,78.18
2023-12-01T06:00:00Z,281.5
2023-12-01T07:00:00Z,494.35
2023-12-01T08:00:00Z,685.38
2023-12-01T09:00:00Z,878.0
2023-12-01T10:00:00Z,989.38
2023-12-01T11:00:00Z,1022.78
2023-12-01T12:00:00Z,970.47
2023-12-01T13:00:00Z,885.5
2023-12-01T14:00:00Z,706.7
2023-12-01T15:00:00Z,500.92
2023-12-01T16:00:00Z,286.4
2023-12-01T17:00:00Z,80.38
2023-12-01T18:00:00Z,0.0
2023-12-01T19:00:00Z,0.0
2023-12-01T20:00:00Z,0.0
2023-12-01T21:00:00Z,0.0
2023-12-01T22:00:00Z,0.0
2023-12-01T23:00:00Z,0.0
2023-12-02T00:00:00Z,0.0
2023-12-02T01:00:00Z,0.0
2023-12-02T02:00:00Z,0.0
2023-12-02T03:00:00Z,0.0
2023-12-02T04:00:00Z,0.0
2023-12-02T05:00:00Z,86.45
2023-12-02T06:00:00Z,309.73
2023-12-02T07:00:00Z,540.35
2023-12-02T08:00:00Z,741.95
2023-12-02T09:00:00Z,900.28
2023-12-02T10:00:00Z,993.97
2023-12-02T11:00:00Z,1021.8
2023-12-02T12:00:00Z,980.72
2023-12-02T13:00:00Z,890.62
2023-12-02T14:00:00Z,728.65
2023-12-02T15:00:00Z,525.53
2023-12-02T16:00:00Z,296.6
2023-12-02T17:00:00Z,90.88
2023-12-02T18:00:00Z,0.0
2023-12-02T19:00:00Z,0.0
2023-12-02T20:00:00Z,0.0
2023-12-02T21:00:00Z,0.0
2023-12-02T22:00:00Z,0.0
2023-12-02T23:00:00Z,0.0
2023-12-03T00:00:00Z,0.0
2023-12-03T01:00:00Z,0.0
2023-12-03T02:00:00Z,0.0
2023-12-03T03:00:00Z,0.0
2023-12-03T04:00:00Z,0.0
2023-12-03T05:00:00Z,79.5
2023-12-03T06:00:00Z,298.05
2023-12-03T07:00:00Z,526.65
2023-12-03T08:00:00Z,703.55
2023-12-03T09:00:00Z,853.95
2023-12-03T10:00:00Z,942.9
2023-12-03T11:00:00Z,920.47
2023-12-03T12:00:00Z,903.28
2023-12-03T13:00:00Z,827.0
2023-12-03T14:00:00Z,677.95
2023-12-03T15:00:00Z,495.92
2023-12-03T16:00:00Z,294.12
2023-12-03T17:00:00Z,92.72
2023-12-03T18:00:00Z,0.0
2023-12-03T19:00:00Z,0.0
2023-12-03T20:00:00Z,0.0
2023-12-03T21:00:00Z,0.0
2023-12-03T22:00:00Z,0.0
2023-12-03T23:00:00Z,0.0
2023-12-04T00:00:00Z,0.0
2023-12-04T01:00:00Z,0.0
2023-12-04T02:00:00Z,0.0
2023-12-04T03:00:00Z,0.0
2023-12-04T04:00:00Z,0.0
2023-12-04T05:00:00Z,81.65
2023-12-04T06:00:00Z,295.2
2023-12-04T07:00:00Z,516.58
2023-12-04T08:00:00Z,720.35
2023-12-04T09:00:00Z,881.67
2023-12-04T10:00:00Z,972.92
2023-12-04T11:00:00Z,1013.05
2023-12-04T12:00:00Z,989.45
2023-12-04T13:00:00Z,764.08
2023-12-04T14:00:00Z,667.6
2023-12-04T15:00:00Z,490.17
2023-12-04T16:00:00Z,267.73
2023-12-04T17:00:00Z,76.57
2023-12-04T18:00:00Z,0.0
2023-12-04T19:00:00Z,0.0
2023-12-04T20:00:00Z,0.0
2023-12-04T21:00:00Z,0.0
2023-12-04T22:00:00Z,0.0
2023-12-04T23:00:00Z,0.0
2023-12-05T00:00:00Z,0.0
2023-12-05T01:00:00Z,0.0
2023-12-05T02:00:00Z,0.0
2023-12-05T03:00:00Z,0.0
2023-12-05T04:00:00Z,0.0
2023-12-05T05:00:00Z,63.08
2023-12-05T06:00:00Z,256.25
2023-12-05T07:00:00Z,470.77
2023-12-05T08:00:00Z,625.35
2023-12-05T09:00:00Z,739.7
2023-12-05T10:00:00Z,814.78
2023-12-05T11:00:00Z,776.12
2023-12-05T12:00:00Z,673.75
2023-12-05T13:00:00Z,544.85
2023-12-05T14:00:00Z,416.73
2023-12-05T15:00:00Z,281.42
2023-12-05T16:00:00Z,132.9
2023-12-05T17:00:00Z,36.4
2023-12-05T18:00:00Z,0.0
2023-12-05T19:00:00Z,0.0
2023-12-05T20:00:00Z,0.0
2023-12-05T21:00:00Z,0.0
2023-12-05T22:00:00Z,0.0
2023-12-05T23:00:00Z,0.0
2023-12-06T00:00:00Z,0.0
2023-12-06T01:00:00Z,0.0
2023-12-06T02:00:00Z,0.0
2023-12-06T03:00:00Z,0.0
2023-12-06T04:00:00Z,0.0
2023-12-06T05:00:00Z,76.93
2023-12-06T06:00:00Z,267.7
2023-12-06T07:00:00Z,511.7
2023-12-06T08:00:00Z,708.72
2023-12-06T09:00:00Z,842.3
2023-12-06T10:00:00Z,938.03
2023-12-06T11:00:00Z,984.55
2023-12-06T12:00:00Z,976.1
2023-12-06T13:00:00Z,897.38
2023-12-06T14:00:00Z,720.58
2023-12-06T15:00:00Z,533.47
2023-12-06T16:00:00Z,296.0
2023-12-06T17:00:00Z,91.57
2023-12-06T18:00:00Z,0.0
2023-12-06T19:00:00Z,0.0
2023-12-06T20:00:00Z,0.0
2023-12-06T21:00:00Z,0.0
2023-12-06T22:00:00Z,0.0
2023-12-06T23:00:00Z,0.0
2023-12-07T00:00:00Z,0.0
2023-12-07T01:00:00Z,0.0
2023-12-07T02:00:00Z,0.0
2023-12-07T03:00:00Z,0.0
2023-12-07T04:00:00Z,0.0
2023-12-07T05:00:00Z,83.75
2023-12-07T06:00:00Z,307.05
2023-12-07T07:00:00Z,536.1
2023-12-07T08:00:00Z,742.53
2023-12-07T09:00:00Z,898.3
2023-12-07T10:00:00Z,983.95
2023-12-07T11:00:00Z,1030.85
2023-12-07T12:00:00Z,989.17
2023-12-07T13:00:00Z,900.5
2023-12-07T14:00:00Z,714.35
2023-12-07T15:00:00Z,516.95
2023-12-07T16:00:00Z,294.27
2023-12-07T17:00:00Z,97.5
2023-12-07T18:00:00Z,0.0
2023-12-07T19:00:00Z,0.0
2023-12-07T20:00:00Z,0.0
2023-12-07T21:00:00Z,0.0
2023-12-07T22:00:00Z,0.0
2023-12-07T23:00:00Z,0.0
2023-12-08T00:00:00Z,0.0
2023-12-08T01:00:00Z,0.0
2023-12-08T02:00:00Z,0.0
2023-12-08T03:00:00Z,0.0
2023-12-08T04:00:00Z,0.0
2023-12-08T05:00:00Z,62.88
2023-12-08T06:00:00Z,242.77
2023-12-08T07:00:00Z,459.83
2023-12-08T08:00:00Z,627.33
2023-12-08T09:00:00Z,808.5
2023-12-08T10:00:00Z,935.85
2023-12-08T11:00:00Z,974.67
2023-12-08T12:00:00Z,845.17
2023-12-08T13:00:00Z,661.35
2023-12-08T14:00:00Z,580.95
2023-12-08T15:00:00Z,414.55
2023-12-08T16:00:00Z,233.73
2023-12-08T17:00:00Z,58.25
2023-12-08T18:00:00Z,0.0
2023-12-08T19:00:00Z,0.0
2023-12-08T20:00:00Z,0.0
2023-12-08T21:00:00Z,0.0
2023-12-08T22:00:00Z,0.0
2023-12-08T23:00:00Z,0.0
2023-12-09T00:00:00Z,0.0
2023-12-09T01:00:00Z,0.0
2023-12-09T02:00:00Z,0.0
2023-12-09T03:00:00Z,0.0
2023-12-09T04:00:00Z,0.0
2023-12-09T05:00:00Z,38.78
2023-12-09T06:00:00Z,139.5
2023-12-09T07:00:00Z,266.27
2023-12-09T08:00:00Z,387.17
2023-12-09T09:00:00Z,496.3
2023-12-09T10:00:00Z,636.35
2023-12-09T11:00:00Z,842.62
2023-12-09T12:00:00Z,751.05
2023-12-09T13:00:00Z,713.92
2023-12-09T14:00:00Z,569.83
2023-12-09T15:00:00Z,514.22
2023-12-09T16:00:00Z,303.27
2023-12-09T17:00:00Z,106.8
2023-12-09T18:00:00Z,0.0
2023-12-09T19:00:00Z,0.0
2023-12-09T20:00:00Z,0.0
2023-12-09T21:00:00Z,0.0
2023-12-09T22:00:00Z,0.0
2023-12-09T23:00:00Z,0.0
2023-12-10T00:00:00Z,0.0
2023-12-10T01:00:00Z,0.0
2023-12-10T02:00:00Z,0.0
2023-12-10T03:00:00Z,0.0
2023-12-10T04:00:00Z,0.0
2023-12-10T05:00:00Z,64.22
2023-12-10T06:00:00Z,264.85
2023-12-10T07:00:00Z,512.8
2023-12-10T08:00:00Z,739.28
2023-12-10T09:00:00Z,917.85
2023-12-10T10:00:00Z,1032.97
2023-12-10T11:00:00Z,1072.03
2023-12-10T12:00:00Z,1019.95
2023-12-10T13:00:00Z,912.85
2023-12-10T14:00:00Z,756.25
2023-12-10T15:00:00Z,564.85
2023-12-10T16:00:00Z,318.42
2023-12-10T17:00:00Z,115.2
2023-12-10T18:00:00Z,0.0
2023-12-10T19:00:00Z,0.0
2023-12-10T20:00:00Z,0.0
2023-12-10T21:00:00Z,0.0
2023-12-10T22:00:00Z,0.0
2023-12-10T23:00:00Z,0.0
2023-12-11T00:00:00Z,0.0
2023-12-11T01:00:00Z,0.0
2023-12-11T02:00:00Z,0.0
2023-12-11T03:00:00Z,0.0
2023-12-11T04:00:00Z,0.0
2023-12-11T05:00:00Z,71.93
2023-12-11T06:00:00Z,285.05
2023-12-11T07:00:00Z,537.17
2023-12-11T08:00:00Z,754.67
2023-12-11T09:00:00Z,918.92
2023-12-11T10:00:00Z,1010.03
2023-12-11T11:00:00Z,1038.25
2023-12-11T12:00:00Z,1005.53
2023-12-11T13:00:00Z,907.67
2023-12-11T14:00:00Z,738.25
2023-12-11T15:00:00Z,550.83
2023-12-11T16:00:00Z,328.83
2023-12-11T17:00:00Z,116.1
2023-12-11T18:00:00Z,0.0
2023-12-11T19:00:00Z,0.0
2023-12-11T20:00:00Z,0.0
2023-12-11T21:00:00Z,0.0
2023-12-11T22:00:00Z,0.0
2023-12-11T23:00:00Z,0.0
2023-12-12T00:00:00Z,0.0
2023-12-12T01:00:00Z,0.0
2023-12-12T02:00:00Z,0.0
2023-12-12T03:00:00Z,0.0
2023-12-12T04:00:00Z,0.0
2023-12-12T05:00:00Z,68.88
2023-12-12T06:00:00Z,260.58
2023-12-12T07:00:00Z,475.55
2023-12-12T08:00:00Z,660.75
2023-12-12T09:00:00Z,820.25
2023-12-12T10:00:00Z,919.62
2023-12-12T11:00:00Z,970.75
2023-12-12T12:00:00Z,905.95
2023-12-12T13:00:00Z,674.6
2023-12-12T14:00:00Z,657.47
2023-12-12T15:00:00Z,459.58
2023-12-12T16:00:00Z,250.95
2023-12-12T17:00:00Z,92.8
2023-12-12T18:00:00Z,0.0
2023-12-12T19:00:00Z,0.0
2023-12-12T20:00:00Z,0.0
2023-12-12T21:00:00Z,0.0
2023-12-12T22:00:00Z,0.0
2023-12-12T23:00:00Z,0.0
2023-12-13T00:00:00Z,0.0
2023-12-13T01:00:00Z,0.0
2023-12-13T02:00:00Z,0.0
2023-12-13T03:00:00Z,0.0
2023-12-13T04:00:00Z,0.0
2023-12-13T05:00:00Z,51.9
2023-12-13T06:00:00Z,208.73
2023-12-13T07:00:00Z,440.45
2023-12-13T08:00:00Z,616.78
2023-12-13T09:00:00Z,736.7
2023-12-13T10:00:00Z,810.88
2023-12-13T11:00:00Z,942.55
2023-12-13T12:00:00Z,899.03
2023-12-13T13:00:00Z,685.8
2023-12-13T14:00:00Z,672.75
2023-12-13T15:00:00Z,492.1
2023-12-13T16:00:00Z,291.4
2023-12-13T17:00:00Z,104.5
2023-12-13T18:00:00Z,0.0
2023-12-13T19:00:00Z,0.0
2023-12-13T20:00:00Z,0.0
2023-12-13T21:00:00Z,0.0
2023-12-13T22:00:00Z,0.0
2023-12-13T23:00:00Z,0.0
2023-12-14T00:00:00Z,0.0
2023-12-14T01:00:00Z,0.0
2023-12-14T02:00:00Z,0.0
2023-12-14T03:00:00Z,0.0
2023-12-14T04:00:00Z,0.0
2023-12-14T05:00:00Z,45.97
2023-12-14T06:00:00Z,181.82
2023-12-14T07:00:00Z,369.62
2023-12-14T08:00:00Z,503.52
2023-12-14T09:00:00Z,558.72
2023-12-14T10:00:00Z,579.88
2023-12-14T11:00:00Z,707.3
2023-12-14T12:00:00Z,681.25
2023-12-14T13:00:00Z,661.83
2023-12-14T14:00:00Z,551.25
2023-12-14T15:00:00Z,392.77
2023-12-14T16:00:00Z,217.9
2023-12-14T17:00:00Z,89.03
2023-12-14T18:00:00Z,0.0
2023-12-14T19:00:00Z,0.0
2023-12-14T20:00:00Z,0.0
2023-12-14T21:00:00Z,0.0
2023-12-14T22:00:00Z,0.0
2023-12-14T23:00:00Z,0.0
2023-12-15T00:00:00Z,0.0
2023-12-15T01:00:00Z,0.0
2023-12-15T02:00:00Z,0.0
2023-12-15T03:00:00Z,0.0
2023-12-15T04:00:00Z,0.0
2023-12-15T05:00:00Z,38.47
2023-12-15T06:00:00Z,150.48
2023-12-15T07:00:00Z,309.1
2023-12-15T08:00:00Z,483.17
2023-12-15T09:00:00Z,664.2
2023-12-15T10:00:00Z,743.85
2023-12-15T11:00:00Z,882.0
2023-12-15T12:00:00Z,841.17
2023-12-15T13:00:00Z,717.42
2023-12-15T14:00:00Z,597.33
2023-12-15T15:00:00Z,409.92
2023-12-15T16:00:00Z,211.12
2023-12-15T17:00:00Z,86.0
2023-12-15T18:00:00Z,0.0
2023-12-15T19:00:00Z,0.0
2023-12-15T20:00:00Z,0.0
2023-12-15T21:00:00Z,0.0
2023-12-15T22:00:00Z,0.0
2023-12-15T23:00:00Z,0.0
2023-12-16T00:00:00Z,0.0
2023-12-16T01:00:00Z,0.0
2023-12-16T02:00:00Z,0.0
2023-12-16T03:00:00Z,0.0
2023-12-16T04:00:00Z,0.0
2023-12-16T05:00:00Z,37.47
2023-12-16T06:00:00Z,146.25
2023-12-16T07:00:00Z,257.6
2023-12-16T08:00:00Z,396.83
2023-12-16T09:00:00Z,536.62
2023-12-16T10:00:00Z,580.03
2023-12-16T11:00:00Z,744.33
2023-12-16T12:00:00Z,676.65
2023-12-16T13:00:00Z,354.67
2023-12-16T14:00:00Z,375.98
2023-12-16T15:00:00Z,246.05
2023-12-16T16:00:00Z,166.12
2023-12-16T17:00:00Z,68.65
2023-12-16T18:00:00Z,0.0
2023-12-16T19:00:00Z,0.0
2023-12-16T20:00:00Z,0.0
2023-12-16T21:00:00Z,0.0
2023-12-16T22:00:00Z,0.0
2023-12-16T23:00:00Z,0.0
2023-12-17T00:00:00Z,0.0
2023-12-17T01:00:00Z,0.0
2023-12-17T02:00:00Z,0.0
2023-12-17T03:00:00Z,0.0
2023-12-17T04:00:00Z,0.0
2023-12-17T05:00:00Z,52.25
2023-12-17T06:00:00Z,248.12
2023-12-17T07:00:00Z,488.45
2023-12-17T08:00:00Z,688.22
2023-12-17T09:00:00Z,842.9
2023-12-17T10:00:00Z,945.88
2023-12-17T11:00:00Z,977.7
2023-12-17T12:00:00Z,976.53
2023-12-17T13:00:00Z,916.3
2023-12-17T14:00:00Z,758.25
2023-12-17T15:00:00Z,564.47
2023-12-17T16:00:00Z,333.58
2023-12-17T17:00:00Z,119.15
2023-12-17T18:00:00Z,0.0
2023-12-17T19:00:00Z,0.0
2023-12-17T20:00:00Z,0.0
2023-12-17T21:00:00Z,0.0
2023-12-17T22:00:00Z,0.0
2023-12-17T23:00:00Z,0.0
2023-12-18T00:00:00Z,0.0
2023-12-18T01:00:00Z,0.0
2023-12-18T02:00:00Z,0.0
2023-12-18T03:00:00Z,0.0
2023-12-18T04:00:00Z,0.0
2023-12-18T05:00:00Z,64.45
2023-12-18T06:00:00Z,262.3
2023-12-18T07:00:00Z,510.4
2023-12-18T08:00:00Z,702.9
2023-12-18T09:00:00Z,856.72
2023-12-18T10:00:00Z,948.67
2023-12-18T11:00:00Z,1004.45
2023-12-18T12:00:00Z,957.72
2023-12-18T13:00:00Z,874.7
2023-12-18T14:00:00Z,733.92
2023-12-18T15:00:00Z,558.05
2023-12-18T16:00:00Z,328.33
2023-12-18T17:00:00Z,112.1
2023-12-18T18:00:00Z,3.3
2023-12-18T19:00:00Z,0.0
2023-12-18T20:00:00Z,0.0
2023-12-18T21:00:00Z,0.0
2023-12-18T22:00:00Z,0.0
2023-12-18T23:00:00Z,0.0
2023-12-19T00:00:00Z,0.0
2023-12-19T01:00:00Z,0.0
2023-12-19T02:00:00Z,0.0
2023-12-19T03:00:00Z,0.0
2023-12-19T04:00:00Z,0.0
2023-12-19T05:00:00Z,60.78
2023-12-19T06:00:00Z,252.3
2023-12-19T07:00:00Z,466.6
2023-12-19T08:00:00Z,663.75
2023-12-19T09:00:00Z,812.3
2023-12-19T10:00:00Z,911.8
2023-12-19T11:00:00Z,926.65
2023-12-19T12:00:00Z,880.35
2023-12-19T13:00:00Z,771.12
2023-12-19T14:00:00Z,636.78
2023-12-19T15:00:00Z,464.5
2023-12-19T16:00:00Z,274.85
2023-12-19T17:00:00Z,108.6
2023-12-19T18:00:00Z,3.42
2023-12-19T19:00:00Z,0.0
2023-12-19T20:00:00Z,0.0
2023-12-19T21:00:00Z,0.0
2023-12-19T22:00:00Z,0.0
2023-12-19T23:00:00Z,0.0
2023-12-20T00:00:00Z,0.0
2023-12-20T01:00:00Z,0.0
2023-12-20T02:00:00Z,0.0
2023-12-20T03:00:00Z,0.0
2023-12-20T04:00:00Z,0.0
2023-12-20T05:00:00Z,55.03
2023-12-20T06:00:00Z,225.12
2023-12-20T07:00:00Z,448.67
2023-12-20T08:00:00Z,663.45
2023-12-20T09:00:00Z,832.22
2023-12-20T10:00:00Z,925.85
2023-12-20T11:00:00Z,954.6
2023-12-20T12:00:00Z,906.83
2023-12-20T13:00:00Z,755.38
2023-12-20T14:00:00Z,683.4
2023-12-20T15:00:00Z,491.83
2023-12-20T16:00:00Z,282.2
2023-12-20T17:00:00Z,93.25
2023-12-20T18:00:00Z,3.78
2023-12-20T19:00:00Z,0.0
2023-12-20T20:00:00Z,0.0
2023-12-20T21:00:00Z,0.0
2023-12-20T22:00:00Z,0.0
2023-12-20T23:00:00Z,0.0
2023-12-21T00:00:00Z,0.0
2023-12-21T01:00:00Z,0.0
2023-12-21T02:00:00Z,0.0
2023-12-21T03:00:00Z,0.0
2023-12-21T04:00:00Z,0.0
2023-12-21T05:00:00Z,57.5
2023-12-21T06:00:00Z,264.98
2023-12-21T07:00:00Z,513.17
2023-12-21T08:00:00Z,698.05
2023-12-21T09:00:00Z,787.15
2023-12-21T10:00:00Z,933.2
2023-12-21T11:00:00Z,961.67
2023-12-21T12:00:00Z,867.03
2023-12-21T13:00:00Z,784.95
2023-12-21T14:00:00Z,645.33
2023-12-21T15:00:00Z,493.48
2023-12-21T16:00:00Z,290.7
2023-12-21T17:00:00Z,94.82
2023-12-21T18:00:00Z,3.9
2023-12-21T19:00:00Z,0.0
2023-12-21T20:00:00Z,0.0
2023-12-21T21:00:00Z,0.0
2023-12-21T22:00:00Z,0.0
2023-12-21T23:00:00Z,0.0
2023-12-22T00:00:00Z,0.0
2023-12-22T01:00:00Z,0.0
2023-12-22T02:00:00Z,0.0
2023-12-22T03:00:00Z,0.0
2023-12-22T04:00:00Z,0.0
2023-12-22T05:00:00Z,55.55
2023-12-22T06:00:00Z,250.18
2023-12-22T07:00:00Z,460.65
2023-12-22T08:00:00Z,641.25
2023-12-22T09:00:00Z,787.0
2023-12-22T10:00:00Z,830.62
2023-12-22T11:00:00Z,895.6
2023-12-22T12:00:00Z,869.75
2023-12-22T13:00:00Z,712.22
2023-12-22T14:00:00Z,531.38
2023-12-22T15:00:00Z,401.83
2023-12-22T16:00:00Z,226.5
2023-12-22T17:00:00Z,89.6
2023-12-22T18:00:00Z,3.55
2023-12-22T19:00:00Z,0.0
2023-12-22T20:00:00Z,0.0
2023-12-22T21:00:00Z,0.0
2023-12-22T22:00:00Z,0.0
2023-12-22T23:00:00Z,0.0
2023-12-23T00:00:00Z,0.0
2023-12-23T01:00:00Z,0.0
2023-12-23T02:00:00Z,0.0
2023-12-23T03:00:00Z,0.0
2023-12-23T04:00:00Z,0.0
2023-12-23T05:00:00Z,60.5
2023-12-23T06:00:00Z,246.93
2023-12-23T07:00:00Z,455.73
2023-12-23T08:00:00Z,664.28
2023-12-23T09:00:00Z,860.92
2023-12-23T10:00:00Z,994.75
2023-12-23T11:00:00Z,1065.8
2023-12-23T12:00:00Z,1049.7
2023-12-23T13:00:00Z,971.67
2023-12-23T14:00:00Z,814.75
2023-12-23T15:00:00Z,612.75
2023-12-23T16:00:00Z,372.67
2023-12-23T17:00:00Z,140.32
2023-12-23T18:00:00Z,4.97
2023-12-23T19:00:00Z,0.0
2023-12-23T20:00:00Z,0.0
2023-12-23T21:00:00Z,0.0
2023-12-23T22:00:00Z,0.0
2023-12-23T23:00:00Z,0.0
2023-12-24T00:00:00Z,0.0
2023-12-24T01:00:00Z,0.0
2023-12-24T02:00:00Z,0.0
2023-12-24T03:00:00Z,0.0
2023-12-24T04:00:00Z,0.0
2023-12-24T05:00:00Z,33.1
2023-12-24T06:00:00Z,149.8
2023-12-24T07:00:00Z,342.4
2023-12-24T08:00:00Z,543.53
2023-12-24T09:00:00Z,666.6
2023-12-24T10:00:00Z,652.47
2023-12-24T11:00:00Z,786.88
2023-12-24T12:00:00Z,704.65
2023-12-24T13:00:00Z,506.2
2023-12-24T14:00:00Z,496.08
2023-12-24T15:00:00Z,371.15
2023-12-24T16:00:00Z,254.43
2023-12-24T17:00:00Z,116.55
2023-12-24T18:00:00Z,5.18
2023-12-24T19:00:00Z,0.0
2023-12-24T20:00:00Z,0.0
2023-12-24T21:00:00Z,0.0
2023-12-24T22:00:00Z,0.0
2023-12-24T23:00:00Z,0.0
2023-12-25T00:00:00Z,0.0
2023-12-25T01:00:00Z,0.0
2023-12-25T02:00:00Z,0.0
2023-12-25T03:00:00Z,0.0
2023-12-25T04:00:00Z,0.0
2023-12-25T05:00:00Z,55.47
2023-12-25T06:00:00Z,259.67
2023-12-25T07:00:00Z,481.83
2023-12-25T08:00:00Z,666.1
2023-12-25T09:00:00Z,806.25
2023-12-25T10:00:00Z,881.28
2023-12-25T11:00:00Z,1014.6
2023-12-25T12:00:00Z,1011.53
2023-12-25T13:00:00Z,892.03
2023-12-25T14:00:00Z,740.28
2023-12-25T15:00:00Z,545.12
2023-12-25T16:00:00Z,315.73
2023-12-25T17:00:00Z,125.72
2023-12-25T18:00:00Z,5.1
2023-12-25T19:00:00Z,0.0
2023-12-25T20:00:00Z,0.0
2023-12-25T21:00:00Z,0.0
2023-12-25T22:00:00Z,0.0
2023-12-25T23:00:00Z,0.0
2023-12-26T00:00:00Z,0.0
2023-12-26T01:00:00Z,0.0
2023-12-26T02:00:00Z,0.0
2023-12-26T03:00:00Z,0.0
2023-12-26T04:00:00Z,0.0
2023-12-26T05:00:00Z,58.83
2023-12-26T06:00:00Z,265.52
2023-12-26T07:00:00Z,489.55
2023-12-26T08:00:00Z,679.38
2023-12-26T09:00:00Z,837.38
2023-12-26T10:00:00Z,943.45
2023-12-26T11:00:00Z,1031.1
2023-12-26T12:00:00Z,1047.1
2023-12-26T13:00:00Z,955.28
2023-12-26T14:00:00Z,811.47
2023-12-26T15:00:00Z,603.5
2023-12-26T16:00:00Z,366.7
2023-12-26T17:00:00Z,143.1
2023-12-26T18:00:00Z,5.53
2023-12-26T19:00:00Z,0.0
2023-12-26T20:00:00Z,0.0
2023-12-26T21:00:00Z,0.0
2023-12-26T22:00:00Z,0.0
2023-12-26T23:00:00Z,0.0
2023-12-27T00:00:00Z,0.0
2023-12-27T01:00:00Z,0.0
2023-12-27T02:00:00Z,0.0
2023-12-27T03:00:00Z,0.0
2023-12-27T04:00:00Z,0.0
2023-12-27T05:00:00Z,47.12
2023-12-27T06:00:00Z,229.2
2023-12-27T07:00:00Z,470.25
2023-12-27T08:00:00Z,710.9
2023-12-27T09:00:00Z,890.25
2023-12-27T10:00:00Z,975.03
2023-12-27T11:00:00Z,1006.17
2023-12-27T12:00:00Z,1007.45
2023-12-27T13:00:00Z,847.92
2023-12-27T14:00:00Z,759.05
2023-12-27T15:00:00Z,571.65
2023-12-27T16:00:00Z,340.48
2023-12-27T17:00:00Z,132.07
2023-12-27T18:00:00Z,5.18
2023-12-27T19:00:00Z,0.0
2023-12-27T20:00:00Z,0.0
2023-12-27T21:00:00Z,0.0
2023-12-27T22:00:00Z,0.0
2023-12-27T23:00:00Z,0.0
2023-12-28T00:00:00Z,0.0
2023-12-28T01:00:00Z,0.0
2023-12-28T02:00:00Z,0.0
2023-12-28T03:00:00Z,0.0
2023-12-28T04:00:00Z,0.0
2023-12-28T05:00:00Z,55.33
2023-12-28T06:00:00Z,263.5
2023-12-28T07:00:00Z,506.58
2023-12-28T08:00:00Z,720.53
2023-12-28T09:00:00Z,893.08
2023-12-28T10:00:00Z,992.53
2023-12-28T11:00:00Z,1055.2
2023-12-28T12:00:00Z,1043.03
2023-12-28T13:00:00Z,932.25
2023-12-28T14:00:00Z,793.8
2023-12-28T15:00:00Z,589.47
2023-12-28T16:00:00Z,378.2
2023-12-28T17:00:00Z,151.65
2023-12-28T18:00:00Z,6.47
2023-12-28T19:00:00Z,0.0
2023-12-28T20:00:00Z,0.0
2023-12-28T21:00:00Z,0.0
2023-12-28T22:00:00Z,0.0
2023-12-28T23:00:00Z,0.0
2023-12-29T00:00:00Z,0.0
2023-12-29T01:00:00Z,0.0
2023-12-29T02:00:00Z,0.0
2023-12-29T03:00:00Z,0.0
2023-12-29T04:00:00Z,0.0
2023-12-29T05:00:00Z,42.12
2023-12-29T06:00:00Z,208.48
2023-12-29T07:00:00Z,436.9
2023-12-29T08:00:00Z,646.3
2023-12-29T09:00:00Z,854.05
2023-12-29T10:00:00Z,912.97
2023-12-29T11:00:00Z,1007.33
2023-12-29T12:00:00Z,1001.0
2023-12-29T13:00:00Z,772.33
2023-12-29T14:00:00Z,667.9
2023-12-29T15:00:00Z,504.05
2023-12-29T16:00:00Z,293.23
2023-12-29T17:00:00Z,121.25
2023-12-29T18:00:00Z,5.78
2023-12-29T19:00:00Z,0.0
2023-12-29T20:00:00Z,0.0
2023-12-29T21:00:00Z,0.0
2023-12-29T22:00:00Z,0.0
2023-12-29T23:00:00Z,0.0
2023-12-30T00:00:00Z,0.0
2023-12-30T01:00:00Z,0.0
2023-12-30T02:00:00Z,0.0
2023-12-30T03:00:00Z,0.0
2023-12-30T04:00:00Z,0.0
2023-12-30T05:00:00Z,46.25
2023-12-30T06:00:00Z,240.62
2023-12-30T07:00:00Z,461.33
2023-12-30T08:00:00Z,691.08
2023-12-30T09:00:00Z,862.7
2023-12-30T10:00:00Z,961.45
2023-12-30T11:00:00Z,946.85
2023-12-30T12:00:00Z,998.05
2023-12-30T13:00:00Z,863.38
2023-12-30T14:00:00Z,746.53
2023-12-30T15:00:00Z,561.9
2023-12-30T16:00:00Z,343.8
2023-12-30T17:00:00Z,133.68
2023-12-30T18:00:00Z,6.25
2023-12-30T19:00:00Z,0.0
2023-12-30T20:00:00Z,0.0
2023-12-30T21:00:00Z,0.0
2023-12-30T22:00:00Z,0.0
2023-12-30T23:00:00Z,0.0
2023-12-31T00:00:00Z,0.0
2023-12-31T01:00:00Z,0.0
2023-12-31T02:00:00Z,0.0
2023-12-31T03:00:00Z,0.0
2023-12-31T04:00:00Z,0.0
2023-12-31T05:00:00Z,37.38
2023-12-31T06:00:00Z,194.8
2023-12-31T07:00:00Z,401.52
2023-12-31T08:00:00Z,622.92
2023-12-31T09:00:00Z,775.62
2023-12-31T10:00:00Z,876.8
2023-12-31T11:00:00Z,928.12
2023-12-31T12:00:00Z,872.08
2023-12-31T13:00:00Z,735.78
2023-12-31T14:00:00Z,597.9
2023-12-31T15:00:00Z,428.58
2023-12-31T16:00:00Z,255.7
2023-12-31T17:00:00Z,104.28
2023-12-31T18:00:00Z,5.6
2023-12-31T19:00:00Z,0.0
2023-12-31T20:00:00Z,0.0
2023-12-31T21:00:00Z,0.0
2023-12-31T22:00:00Z,0.0
2023-12-31T23:00:00Z,0.0
2024-01-01T00:00:00Z,0.0
2024-01-01T01:00:00Z,0.0
2024-01-01T02:00:00Z,0.0
2024-01-01T03:00:00Z,0.0
2024-01-01T04:00:00Z,0.0
2024-01-01T05:00:00Z,44.6
2024-01-01T06:00:00Z,223.65
2024-01-01T07:00:00Z,433.25
2024-01-01T08:00:00Z,626.08
2024-01-01T09:00:00Z,797.35
2024-01-01T10:00:00Z,867.28
2024-01-01T11:00:00Z,927.17
2024-01-01T12:00:00Z,866.88
2024-01-01T13:00:00Z,818.97
2024-01-01T14:00:00Z,678.88
2024-01-01T15:00:00Z,494.83
2024-01-01T16:00:00Z,300.95
2024-01-01T17:00:00Z,125.22
2024-01-01T18:00:00Z,5.88
2024-01-01T19:00:00Z,0.0
2024-01-01T20:00:00Z,0.0
2024-01-01T21:00:00Z,0.0
2024-01-01T22:00:00Z,0.0
2024-01-01T23:00:00Z,0.0
2024-01-02T00:00:00Z,0.0
2024-01-02T01:00:00Z,0.0
2024-01-02T02:00:00Z,0.0
2024-01-02T03:00:00Z,0.0
2024-01-02T04:00:00Z,0.0
2024-01-02T05:00:00Z,23.1
2024-01-02T06:00:00Z,143.48
2024-01-02T07:00:00Z,320.3
2024-01-02T08:00:00Z,490.45
2024-01-02T09:00:00Z,599.1
2024-01-02T10:00:00Z,697.88
2024-01-02T11:00:00Z,811.78
2024-01-02T12:00:00Z,828.75
2024-01-02T13:00:00Z,650.0
2024-01-02T14:00:00Z,630.85
2024-01-02T15:00:00Z,496.5
2024-01-02T16:00:00Z,289.35
2024-01-02T17:00:00Z,111.03
2024-01-02T18:00:00Z,5.65
2024-01-02T19:00:00Z,0.0
2024-01-02T20:00:00Z,0.0
2024-01-02T21:00:00Z,0.0
2024-01-02T22:00:00Z,0.0
2024-01-02T23:00:00Z,0.0
2024-01-03T00:00:00Z,0.0
2024-01-03T01:00:00Z,0.0
2024-01-03T02:00:00Z,0.0
2024-01-03T03:00:00Z,0.0
2024-01-03T04:00:00Z,0.0
2024-01-03T05:00:00Z,34.12
2024-01-03T06:00:00Z,177.45
2024-01-03T07:00:00Z,335.55
2024-01-03T08:00:00Z,530.78
2024-01-03T09:00:00Z,797.7
2024-01-03T10:00:00Z,911.28
2024-01-03T11:00:00Z,975.12
2024-01-03T12:00:00Z,904.42
2024-01-03T13:00:00Z,792.72
2024-01-03T14:00:00Z,709.58
2024-01-03T15:00:00Z,517.47
2024-01-03T16:00:00Z,300.8
2024-01-03T17:00:00Z,112.88
2024-01-03T18:00:00Z,6.25
2024-01-03T19:00:00Z,0.0
2024-01-03T20:00:00Z,0.0
2024-01-03T21:00:00Z,0.0
2024-01-03T22:00:00Z,0.0
2024-01-03T23:00:00Z,0.0
2024-01-04T00:00:00Z,0.0
2024-01-04T01:00:00Z,0.0
2024-01-04T02:00:00Z,0.0
2024-01-04T03:00:00Z,0.0
2024-01-04T04:00:00Z,0.0
2024-01-04T05:00:00Z,42.42
2024-01-04T06:00:00Z,243.7
2024-01-04T07:00:00Z,478.27
2024-01-04T08:00:00Z,692.25
2024-01-04T09:00:00Z,867.92
2024-01-04T10:00:00Z,974.72
2024-01-04T11:00:00Z,1035.8
2024-01-04T12:00:00Z,992.42
2024-01-04T13:00:00Z,903.25
2024-01-04T14:00:00Z,764.0
2024-01-04T15:00:00Z,552.58
2024-01-04T16:00:00Z,334.15
2024-01-04T17:00:00Z,133.1
2024-01-04T18:00:00Z,4.88
2024-01-04T19:00:00Z,0.0
2024-01-04T20:00:00Z,0.0
2024-01-04T21:00:00Z,0.0
2024-01-04T22:00:00Z,0.0
2024-01-04T23:00:00Z,0.0
2024-01-05T00:00:00Z,0.0
2024-01-05T01:00:00Z,0.0
2024-01-05T02:00:00Z,0.0
2024-01-05T03:00:00Z,0.0
2024-01-05T04:00:00Z,0.0
2024-01-05T05:00:00Z,27.27
2024-01-05T06:00:00Z,178.27
2024-01-05T07:00:00Z,392.62
2024-01-05T08:00:00Z,567.5
2024-01-05T09:00:00Z,422.92
2024-01-05T10:00:00Z,308.75
2024-01-05T11:00:00Z,423.73
2024-01-05T12:00:00Z,515.0
2024-01-05T13:00:00Z,433.08
2024-01-05T14:00:00Z,381.02
2024-01-05T15:00:00Z,284.8
2024-01-05T16:00:00Z,79.97
2024-01-05T17:00:00Z,27.85
2024-01-05T18:00:00Z,3.95
2024-01-05T19:00:00Z,0.0
2024-01-05T20:00:00Z,0.0
2024-01-05T21:00:00Z,0.0
2024-01-05T22:00:00Z,0.0
2024-01-05T23:00:00Z,0.0
2024-01-06T00:00:00Z,0.0
2024-01-06T01:00:00Z,0.0
2024-01-06T02:00:00Z,0.0
2024-01-06T03:00:00Z,0.0
2024-01-06T04:00:00Z,0.0
2024-01-06T05:00:00Z,20.12
2024-01-06T06:00:00Z,122.78
2024-01-06T07:00:00Z,245.35
2024-01-06T08:00:00Z,397.33
2024-01-06T09:00:00Z,499.62
2024-01-06T10:00:00Z,625.78
2024-01-06T11:00:00Z,726.42
2024-01-06T12:00:00Z,835.67
2024-01-06T13:00:00Z,800.42
2024-01-06T14:00:00Z,664.85
2024-01-06T15:00:00Z,481.77
2024-01-06T16:00:00Z,278.1
2024-01-06T17:00:00Z,122.95
2024-01-06T18:00:00Z,4.47
2024-01-06T19:00:00Z,0.0
2024-01-06T20:00:00Z,0.0
2024-01-06T21:00:00Z,0.0
2024-01-06T22:00:00Z,0.0
2024-01-06T23:00:00Z,0.0
2024-01-07T00:00:00Z,0.0
2024-01-07T01:00:00Z,0.0
2024-01-07T02:00:00Z,0.0
2024-01-07T03:00:00Z,0.0
2024-01-07T04:00:00Z,0.0
2024-01-07T05:00:00Z,20.62
2024-01-07T06:00:00Z,119.55
2024-01-07T07:00:00Z,295.6
2024-01-07T08:00:00Z,430.98
2024-01-07T09:00:00Z,544.47
2024-01-07T10:00:00Z,605.7
2024-01-07T11:00:00Z,516.72
2024-01-07T12:00:00Z,571.47
2024-01-07T13:00:00Z,569.35
2024-01-07T14:00:00Z,489.85
2024-01-07T15:00:00Z,342.02
2024-01-07T16:00:00Z,189.5
2024-01-07T17:00:00Z,78.5
2024-01-07T18:00:00Z,4.4
2024-01-07T19:00:00Z,0.0
2024-01-07T20:00:00Z,0.0
2024-01-07T21:00:00Z,0.0
2024-01-07T22:00:00Z,0.0
2024-01-07T23:00:00Z,0.0
2024-01-08T00:00:00Z,0.0
2024-01-08T01:00:00Z,0.0
2024-01-08T02:00:00Z,0.0
2024-01-08T03:00:00Z,0.0
2024-01-08T04:00:00Z,0.0
2024-01-08T05:00:00Z,25.95
2024-01-08T06:00:00Z,180.15
2024-01-08T07:00:00Z,385.83
2024-01-08T08:00:00Z,608.8
2024-01-08T09:00:00Z,715.67
2024-01-08T10:00:00Z,824.15
2024-01-08T11:00:00Z,879.6
2024-01-08T12:00:00Z,840.88
2024-01-08T13:00:00Z,813.0
2024-01-08T14:00:00Z,689.4
2024-01-08T15:00:00Z,492.88
2024-01-08T16:00:00Z,280.6
2024-01-08T17:00:00Z,109.85
2024-01-08T18:00:00Z,7.07
2024-01-08T19:00:00Z,0.0
2024-01-08T20:00:00Z,0.0
2024-01-08T21:00:00Z,0.0
2024-01-08T22:00:00Z,0.0
2024-01-08T23:00:00Z,0.0
2024-01-09T00:00:00Z,0.0
2024-01-09T01:00:00Z,0.0
2024-01-09T02:00:00Z,0.0
2024-01-09T03:00:00Z,0.0
2024-01-09T04:00:00Z,0.0
2024-01-09T05:00:00Z,24.7
2024-01-09T06:00:00Z,147.5
2024-01-09T07:00:00Z,294.17
2024-01-09T08:00:00Z,467.65
2024-01-09T09:00:00Z,711.58
2024-01-09T10:00:00Z,824.22
2024-01-09T11:00:00Z,853.8
2024-01-09T12:00:00Z,831.42
2024-01-09T13:00:00Z,721.67
2024-01-09T14:00:00Z,613.38
2024-01-09T15:00:00Z,430.58
2024-01-09T16:00:00Z,233.52
2024-01-09T17:00:00Z,96.75
2024-01-09T18:00:00Z,6.07
2024-01-09T19:00:00Z,0.0
2024-01-09T20:00:00Z,0.0
2024-01-09T21:00:00Z,0.0
2024-01-09T22:00:00Z,0.0
2024-01-09T23:00:00Z,0.0
2024-01-10T00:00:00Z,0.0
2024-01-10T01:00:00Z,0.0
2024-01-10T02:00:00Z,0.0
2024-01-10T03:00:00Z,0.0
2024-01-10T04:00:00Z,0.0
2024-01-10T05:00:00Z,28.5
2024-01-10T06:00:00Z,193.1
2024-01-10T07:00:00Z,405.62
2024-01-10T08:00:00Z,596.6
2024-01-10T09:00:00Z,676.83
2024-01-10T10:00:00Z,774.0
2024-01-10T11:00:00Z,804.5
2024-01-10T12:00:00Z,920.33
2024-01-10T13:00:00Z,677.78
2024-01-10T14:00:00Z,665.55
2024-01-10T15:00:00Z,479.15
2024-01-10T16:00:00Z,301.83
2024-01-10T17:00:00Z,132.05
2024-01-10T18:00:00Z,6.03
2024-01-10T19:00:00Z,0.0
2024-01-10T20:00:00Z,0.0
2024-01-10T21:00:00Z,0.0
2024-01-10T22:00:00Z,0.0
2024-01-10T23:00:00Z,0.0
2024-01-11T00:00:00Z,0.0
2024-01-11T01:00:00Z,0.0
2024-01-11T02:00:00Z,0.0
2024-01-11T03:00:00Z,0.0
2024-01-11T04:00:00Z,0.0
2024-01-11T05:00:00Z,16.67
2024-01-11T06:00:00Z,102.0
2024-01-11T07:00:00Z,223.55
2024-01-11T08:00:00Z,197.8
2024-01-11T09:00:00Z,330.33
2024-01-11T10:00:00Z,434.52
2024-01-11T11:00:00Z,439.3
2024-01-11T12:00:00Z,324.12
2024-01-11T13:00:00Z,365.98
2024-01-11T14:00:00Z,287.02
2024-01-11T15:00:00Z,157.8
2024-01-11T16:00:00Z,123.62
2024-01-11T17:00:00Z,56.42
2024-01-11T18:00:00Z,4.32
2024-01-11T19:00:00Z,0.0
2024-01-11T20:00:00Z,0.0
2024-01-11T21:00:00Z,0.0
2024-01-11T22:00:00Z,0.0
2024-01-11T23:00:00Z,0.0
2024-01-12T00:00:00Z,0.0
2024-01-12T01:00:00Z,0.0
2024-01-12T02:00:00Z,0.0
2024-01-12T03:00:00Z,0.0
2024-01-12T04:00:00Z,0.0
2024-01-12T05:00:00Z,16.1
2024-01-12T06:00:00Z,112.57
2024-01-12T07:00:00Z,230.23
2024-01-12T08:00:00Z,330.95
2024-01-12T09:00:00Z,444.33
2024-01-12T10:00:00Z,433.92
2024-01-12T11:00:00Z,462.6
2024-01-12T12:00:00Z,495.67
2024-01-12T13:00:00Z,422.92
2024-01-12T14:00:00Z,206.98
2024-01-12T15:00:00Z,164.55
2024-01-12T16:00:00Z,94.85
2024-01-12T17:00:00Z,40.15
2024-01-12T18:00:00Z,2.53
2024-01-12T19:00:00Z,0.0
2024-01-12T20:00:00Z,0.0
2024-01-12T21:00:00Z,0.0
2024-01-12T22:00:00Z,0.0
2024-01-12T23:00:00Z,0.0
2024-01-13T00:00:00Z,0.0
2024-01-13T01:00:00Z,0.0
2024-01-13T02:00:00Z,0.0
2024-01-13T03:00:00Z,0.0
2024-01-13T04:00:00Z,0.0
2024-01-13T05:00:00Z,13.45
2024-01-13T06:00:00Z,98.72
2024-01-13T07:00:00Z,206.02
2024-01-13T08:00:00Z,319.25
2024-01-13T09:00:00Z,467.73
2024-01-13T10:00:00Z,473.7
2024-01-13T11:00:00Z,758.33
2024-01-13T12:00:00Z,954.53
2024-01-13T13:00:00Z,823.03
2024-01-13T14:00:00Z,754.22
2024-01-13T15:00:00Z,566.75
2024-01-13T16:00:00Z,336.05
2024-01-13T17:00:00Z,127.65
2024-01-13T18:00:00Z,7.18
2024-01-13T19:00:00Z,0.0
2024-01-13T20:00:00Z,0.0
2024-01-13T21:00:00Z,0.0
2024-01-13T22:00:00Z,0.0
2024-01-13T23:00:00Z,0.0
2024-01-14T00:00:00Z,0.0
2024-01-14T01:00:00Z,0.0
2024-01-14T02:00:00Z,0.0
2024-01-14T03:00:00Z,0.0
2024-01-14T04:00:00Z,0.0
2024-01-14T05:00:00Z,23.17
2024-01-14T06:00:00Z,173.52
2024-01-14T07:00:00Z,377.12
2024-01-14T08:00:00Z,554.08
2024-01-14T09:00:00Z,711.92
2024-01-14T10:00:00Z,818.38
2024-01-14T11:00:00Z,781.88
2024-01-14T12:00:00Z,683.58
2024-01-14T13:00:00Z,645.97
2024-01-14T14:00:00Z,521.22
2024-01-14T15:00:00Z,371.17
2024-01-14T16:00:00Z,225.68
2024-01-14T17:00:00Z,90.7
2024-01-14T18:00:00Z,6.93
2024-01-14T19:00:00Z,0.0
2024-01-14T20:00:00Z,0.0
2024-01-14T21:00:00Z,0.0
2024-01-14T22:00:00Z,0.0
2024-01-14T23:00:00Z,0.0
2024-01-15T00:00:00Z,0.0
2024-01-15T01:00:00Z,0.0
2024-01-15T02:00:00Z,0.0
2024-01-15T03:00:00Z,0.0
2024-01-15T04:00:00Z,0.0
2024-01-15T05:00:00Z,11.27
2024-01-15T06:00:00Z,100.28
2024-01-15T07:00:00Z,224.15
2024-01-15T08:00:00Z,370.02
2024-01-15T09:00:00Z,458.0
2024-01-15T10:00:00Z,521.42
2024-01-15T11:00:00Z,619.45
2024-01-15T12:00:00Z,723.05
2024-01-15T13:00:00Z,667.25
2024-01-15T14:00:00Z,536.08
2024-01-15T15:00:00Z,389.62
2024-01-15T16:00:00Z,235.68
2024-01-15T17:00:00Z,103.38
2024-01-15T18:00:00Z,3.72
2024-01-15T19:00:00Z,0.0
2024-01-15T20:00:00Z,0.0
2024-01-15T21:00:00Z,0.0
2024-01-15T22:00:00Z,0.0
2024-01-15T23:00:00Z,0.0
2024-01-16T00:00:00Z,0.0
2024-01-16T01:00:00Z,0.0
2024-01-16T02:00:00Z,0.0
2024-01-16T03:00:00Z,0.0
2024-01-16T04:00:00Z,0.0
2024-01-16T05:00:00Z,8.75
2024-01-16T06:00:00Z,78.45
2024-01-16T07:00:00Z,178.23
2024-01-16T08:00:00Z,328.77
2024-01-16T09:00:00Z,419.85
2024-01-16T10:00:00Z,559.33
2024-01-16T11:00:00Z,571.0
2024-01-16T12:00:00Z,488.75
2024-01-16T13:00:00Z,458.7
2024-01-16T14:00:00Z,367.58
2024-01-16T15:00:00Z,224.18
2024-01-16T16:00:00Z,165.65
2024-01-16T17:00:00Z,92.45
2024-01-16T18:00:00Z,3.58
2024-01-16T19:00:00Z,0.0
2024-01-16T20:00:00Z,0.0
2024-01-16T21:00:00Z,0.0
2024-01-16T22:00:00Z,0.0
2024-01-16T23:00:00Z,0.0
2024-01-17T00:00:00Z,0.0
2024-01-17T01:00:00Z,0.0
2024-01-17T02:00:00Z,0.0
2024-01-17T03:00:00Z,0.0
2024-01-17T04:00:00Z,0.0
2024-01-17T05:00:00Z,8.38
2024-01-17T06:00:00Z,63.1
2024-01-17T07:00:00Z,128.77
2024-01-17T08:00:00Z,215.07
2024-01-17T09:00:00Z,388.12
2024-01-17T10:00:00Z,479.5
2024-01-17T11:00:00Z,457.85
2024-01-17T12:00:00Z,520.4
2024-01-17T13:00:00Z,494.05
2024-01-17T14:00:00Z,402.73
2024-01-17T15:00:00Z,267.83
2024-01-17T16:00:00Z,147.7
2024-01-17T17:00:00Z,56.22
2024-01-17T18:00:00Z,4.55
2024-01-17T19:00:00Z,0.0
2024-01-17T20:00:00Z,0.0
2024-01-17T21:00:00Z,0.0
2024-01-17T22:00:00Z,0.0
2024-01-17T23:00:00Z,0.0
2024-01-18T00:00:00Z,0.0
2024-01-18T01:00:00Z,0.0
2024-01-18T02:00:00Z,0.0
2024-01-18T03:00:00Z,0.0
2024-01-18T04:00:00Z,0.0
2024-01-18T05:00:00Z,9.5
2024-01-18T06:00:00Z,78.65
2024-01-18T07:00:00Z,191.48
2024-01-18T08:00:00Z,292.02
2024-01-18T09:00:00Z,227.8
2024-01-18T10:00:00Z,138.07
2024-01-18T11:00:00Z,80.15
2024-01-18T12:00:00Z,84.95
2024-01-18T13:00:00Z,81.2
2024-01-18T14:00:00Z,72.57
2024-01-18T15:00:00Z,51.58
2024-01-18T16:00:00Z,44.75
2024-01-18T17:00:00Z,24.33
2024-01-18T18:00:00Z,2.25
2024-01-18T19:00:00Z,0.0
2024-01-18T20:00:00Z,0.0
2024-01-18T21:00:00Z,0.0
2024-01-18T22:00:00Z,0.0
2024-01-18T23:00:00Z,0.0
2024-01-19T00:00:00Z,0.0
2024-01-19T01:00:00Z,0.0
2024-01-19T02:00:00Z,0.0
2024-01-19T03:00:00Z,0.0
2024-01-19T04:00:00Z,0.0
2024-01-19T05:00:00Z,11.35
2024-01-19T06:00:00Z,86.9
2024-01-19T07:00:00Z,218.2
2024-01-19T08:00:00Z,279.88
2024-01-19T09:00:00Z,415.98
2024-01-19T10:00:00Z,551.38
2024-01-19T11:00:00Z,574.8
2024-01-19T12:00:00Z,521.25
2024-01-19T13:00:00Z,436.17
2024-01-19T14:00:00Z,316.42
2024-01-19T15:00:00Z,190.07
2024-01-19T16:00:00Z,132.35
2024-01-19T17:00:00Z,53.78
2024-01-19T18:00:00Z,2.88
2024-01-19T19:00:00Z,0.0
2024-01-19T20:00:00Z,0.0
2024-01-19T21:00:00Z,0.0
2024-01-19T22:00:00Z,0.0
2024-01-19T23:00:00Z,0.0
2024-01-20T00:00:00Z,0.0
2024-01-20T01:00:00Z,0.0
2024-01-20T02:00:00Z,0.0
2024-01-20T03:00:00Z,0.0
2024-01-20T04:00:00Z,0.0
2024-01-20T05:00:00Z,15.9
2024-01-20T06:00:00Z,163.9
2024-01-20T07:00:00Z,370.8
2024-01-20T08:00:00Z,602.53
2024-01-20T09:00:00Z,751.15
2024-01-20T10:00:00Z,919.58
2024-01-20T11:00:00Z,824.45
2024-01-20T12:00:00Z,995.47
2024-01-20T13:00:00Z,869.1
2024-01-20T14:00:00Z,763.1
2024-01-20T15:00:00Z,574.6
2024-01-20T16:00:00Z,356.55
2024-01-20T17:00:00Z,140.85
2024-01-20T18:00:00Z,8.0
2024-01-20T19:00:00Z,0.0
2024-01-20T20:00:00Z,0.0
2024-01-20T21:00:00Z,0.0
2024-01-20T22:00:00Z,0.0
2024-01-20T23:00:00Z,0.0
2024-01-21T00:00:00Z,0.0
2024-01-21T01:00:00Z,0.0
2024-01-21T02:00:00Z,0.0
2024-01-21T03:00:00Z,0.0
2024-01-21T04:00:00Z,0.0
2024-01-21T05:00:00Z,19.42
2024-01-21T06:00:00Z,163.55
2024-01-21T07:00:00Z,363.45
2024-01-21T08:00:00Z,578.3
2024-01-21T09:00:00Z,703.67
2024-01-21T10:00:00Z,758.53
2024-01-21T11:00:00Z,883.42
2024-01-21T12:00:00Z,882.53
2024-01-21T13:00:00Z,819.95
2024-01-21T14:00:00Z,671.95
2024-01-21T15:00:00Z,490.8
2024-01-21T16:00:00Z,304.3
2024-01-21T17:00:00Z,130.9
2024-01-21T18:00:00Z,6.97
2024-01-21T19:00:00Z,0.0
2024-01-21T20:00:00Z,0.0
2024-01-21T21:00:00Z,0.0
2024-01-21T22:00:00Z,0.0
2024-01-21T23:00:00Z,0.0
2024-01-22T00:00:00Z,0.0
2024-01-22T01:00:00Z,0.0
2024-01-22T02:00:00Z,0.0
2024-01-22T03:00:00Z,0.0
2024-01-22T04:00:00Z,0.0
2024-01-22T05:00:00Z,8.57
2024-01-22T06:00:00Z,81.28
2024-01-22T07:00:00Z,224.45
2024-01-22T08:00:00Z,386.52
2024-01-22T09:00:00Z,368.12
2024-01-22T10:00:00Z,374.62
2024-01-22T11:00:00Z,356.02
2024-01-22T12:00:00Z,387.83
2024-01-22T13:00:00Z,463.17
2024-01-22T14:00:00Z,371.05
2024-01-22T15:00:00Z,243.27
2024-01-22T16:00:00Z,179.77
2024-01-22T17:00:00Z,74.78
2024-01-22T18:00:00Z,4.12
2024-01-22T19:00:00Z,0.0
2024-01-22T20:00:00Z,0.0
2024-01-22T21:00:00Z,0.0
2024-01-22T22:00:00Z,0.0
2024-01-22T23:00:00Z,0.0
2024-01-23T00:00:00Z,0.0
2024-01-23T01:00:00Z,0.0
2024-01-23T02:00:00Z,0.0
2024-01-23T03:00:00Z,0.0
2024-01-23T04:00:00Z,0.0
2024-01-23T05:00:00Z,16.02
2024-01-23T06:00:00Z,123.57
2024-01-23T07:00:00Z,263.73
2024-01-23T08:00:00Z,457.62
2024-01-23T09:00:00Z,681.95
2024-01-23T10:00:00Z,752.1
2024-01-23T11:00:00Z,836.7
2024-01-23T12:00:00Z,943.72
2024-01-23T13:00:00Z,807.25
2024-01-23T14:00:00Z,756.47
2024-01-23T15:00:00Z,585.85
2024-01-23T16:00:00Z,342.52
2024-01-23T17:00:00Z,126.97
2024-01-23T18:00:00Z,5.8
2024-01-23T19:00:00Z,0.0
2024-01-23T20:00:00Z,0.0
2024-01-23T21:00:00Z,0.0
2024-01-23T22:00:00Z,0.0
2024-01-23T23:00:00Z,0.0
2024-01-24T00:00:00Z,0.0
2024-01-24T01:00:00Z,0.0
2024-01-24T02:00:00Z,0.0
2024-01-24T03:00:00Z,0.0
2024-01-24T04:00:00Z,0.0
2024-01-24T05:00:00Z,5.53
2024-01-24T06:00:00Z,50.6
2024-01-24T07:00:00Z,128.77
2024-01-24T08:00:00Z,223.15
2024-01-24T09:00:00Z,320.55
2024-01-24T10:00:00Z,425.65
2024-01-24T11:00:00Z,502.7
2024-01-24T12:00:00Z,389.25
2024-01-24T13:00:00Z,455.55
2024-01-24T14:00:00Z,373.88
2024-01-24T15:00:00Z,292.33
2024-01-24T16:00:00Z,126.85
2024-01-24T17:00:00Z,68.43
2024-01-24T18:00:00Z,4.3
2024-01-24T19:00:00Z,0.0
2024-01-24T20:00:00Z,0.0
2024-01-24T21:00:00Z,0.0
2024-01-24T22:00:00Z,0.0
2024-01-24T23:00:00Z,0.0
2024-01-25T00:00:00Z,0.0
2024-01-25T01:00:00Z,0.0
2024-01-25T02:00:00Z,0.0
2024-01-25T03:00:00Z,0.0
2024-01-25T04:00:00Z,0.0
2024-01-25T05:00:00Z,4.57
2024-01-25T06:00:00Z,33.72
2024-01-25T07:00:00Z,71.5
2024-01-25T08:00:00Z,75.4
2024-01-25T09:00:00Z,105.85
2024-01-25T10:00:00Z,123.95
2024-01-25T11:00:00Z,128.05
2024-01-25T12:00:00Z,118.43
2024-01-25T13:00:00Z,95.03
2024-01-25T14:00:00Z,85.6
2024-01-25T15:00:00Z,55.42
2024-01-25T16:00:00Z,36.42
2024-01-25T17:00:00Z,17.5
2024-01-25T18:00:00Z,1.4
2024-01-25T19:00:00Z,0.0
2024-01-25T20:00:00Z,0.0
2024-01-25T21:00:00Z,0.0
2024-01-25T22:00:00Z,0.0
2024-01-25T23:00:00Z,0.0
2024-01-26T00:00:00Z,0.0
2024-01-26T01:00:00Z,0.0
2024-01-26T02:00:00Z,0.0
2024-01-26T03:00:00Z,0.0
2024-01-26T04:00:00Z,0.0
2024-01-26T05:00:00Z,11.6
2024-01-26T06:00:00Z,156.25
2024-01-26T07:00:00Z,360.1
2024-01-26T08:00:00Z,560.65
2024-01-26T09:00:00Z,708.5
2024-01-26T10:00:00Z,756.85
2024-01-26T11:00:00Z,841.58
2024-01-26T12:00:00Z,975.65
2024-01-26T13:00:00Z,829.05
2024-01-26T14:00:00Z,795.05
2024-01-26T15:00:00Z,606.95
2024-01-26T16:00:00Z,359.48
2024-01-26T17:00:00Z,133.45
2024-01-26T18:00:00Z,6.65
2024-01-26T19:00:00Z,0.0
2024-01-26T20:00:00Z,0.0
2024-01-26T21:00:00Z,0.0
2024-01-26T22:00:00Z,0.0
2024-01-26T23:00:00Z,0.0
2024-01-27T00:00:00Z,0.0
2024-01-27T01:00:00Z,0.0
2024-01-27T02:00:00Z,0.0
2024-01-27T03:00:00Z,0.0
2024-01-27T04:00:00Z,0.0
2024-01-27T05:00:00Z,19.23
2024-01-27T06:00:00Z,201.0
2024-01-27T07:00:00Z,428.92
2024-01-27T08:00:00Z,675.2
2024-01-27T09:00:00Z,854.85
2024-01-27T10:00:00Z,1008.6
2024-01-27T11:00:00Z,1075.32
2024-01-27T12:00:00Z,1061.82
2024-01-27T13:00:00Z,987.2
2024-01-27T14:00:00Z,839.97
2024-01-27T15:00:00Z,641.03
2024-01-27T16:00:00Z,415.8
2024-01-27T17:00:00Z,167.73
2024-01-27T18:00:00Z,8.2
2024-01-27T19:00:00Z,0.0
2024-01-27T20:00:00Z,0.0
2024-01-27T21:00:00Z,0.0
2024-01-27T22:00:00Z,0.0
2024-01-27T23:00:00Z,0.0
2024-01-28T00:00:00Z,0.0
2024-01-28T01:00:00Z,0.0
2024-01-28T02:00:00Z,0.0
2024-01-28T03:00:00Z,0.0
2024-01-28T04:00:00Z,0.0
2024-01-28T05:00:00Z,14.25
2024-01-28T06:00:00Z,151.1
2024-01-28T07:00:00Z,329.38
2024-01-28T08:00:00Z,591.9
2024-01-28T09:00:00Z,805.05
2024-01-28T10:00:00Z,907.2
2024-01-28T11:00:00Z,869.72
2024-01-28T12:00:00Z,983.78
2024-01-28T13:00:00Z,841.25
2024-01-28T14:00:00Z,761.28
2024-01-28T15:00:00Z,558.97
2024-01-28T16:00:00Z,329.9
2024-01-28T17:00:00Z,133.7
2024-01-28T18:00:00Z,6.8
2024-01-28T19:00:00Z,0.0
2024-01-28T20:00:00Z,0.0
2024-01-28T21:00:00Z,0.0
2024-01-28T22:00:00Z,0.0
2024-01-28T23:00:00Z,0.0
2024-01-29T00:00:00Z,0.0
2024-01-29T01:00:00Z,0.0
2024-01-29T02:00:00Z,0.0
2024-01-29T03:00:00Z,0.0
2024-01-29T04:00:00Z,0.0
2024-01-29T05:00:00Z,15.43
2024-01-29T06:00:00Z,164.12
2024-01-29T07:00:00Z,367.62
2024-01-29T08:00:00Z,618.2
2024-01-29T09:00:00Z,783.05
2024-01-29T10:00:00Z,923.47
2024-01-29T11:00:00Z,1004.08
2024-01-29T12:00:00Z,1024.1
2024-01-29T13:00:00Z,870.2
2024-01-29T14:00:00Z,717.35
2024-01-29T15:00:00Z,519.3
2024-01-29T16:00:00Z,298.38
2024-01-29T17:00:00Z,118.47
2024-01-29T18:00:00Z,4.75
2024-01-29T19:00:00Z,0.0
2024-01-29T20:00:00Z,0.0
2024-01-29T21:00:00Z,0.0
2024-01-29T22:00:00Z,0.0
2024-01-29T23:00:00Z,0.0
2024-01-30T00:00:00Z,0.0
2024-01-30T01:00:00Z,0.0
2024-01-30T02:00:00Z,0.0
2024-01-30T03:00:00Z,0.0
2024-01-30T04:00:00Z,0.0
2024-01-30T05:00:00Z,8.1
2024-01-30T06:00:00Z,81.88
2024-01-30T07:00:00Z,217.05
2024-01-30T08:00:00Z,376.92
2024-01-30T09:00:00Z,416.52
2024-01-30T10:00:00Z,547.2
2024-01-30T11:00:00Z,541.33
2024-01-30T12:00:00Z,659.95
2024-01-30T13:00:00Z,715.9
2024-01-30T14:00:00Z,545.9
2024-01-30T15:00:00Z,383.65
2024-01-30T16:00:00Z,230.77
2024-01-30T17:00:00Z,97.07
2024-01-30T18:00:00Z,3.53
2024-01-30T19:00:00Z,0.0
2024-01-30T20:00:00Z,0.0
2024-01-30T21:00:00Z,0.0
2024-01-30T22:00:00Z,0.0
2024-01-30T23:00:00Z,0.0
2024-01-31T00:00:00Z,0.0
2024-01-31T01:00:00Z,0.0
2024-01-31T02:00:00Z,0.0
2024-01-31T03:00:00Z,0.0
2024-01-31T04:00:00Z,0.0
2024-01-31T05:00:00Z,13.0
2024-01-31T06:00:00Z,132.07
2024-01-31T07:00:00Z,293.48
2024-01-31T08:00:00Z,457.73
2024-01-31T09:00:00Z,603.17
2024-01-31T10:00:00Z,663.3
2024-01-31T11:00:00Z,733.8
2024-01-31T12:00:00Z,716.85
2024-01-31T13:00:00Z,633.95
2024-01-31T14:00:00Z,629.92
2024-01-31T15:00:00Z,449.77
2024-01-31T16:00:00Z,273.95
2024-01-31T17:00:00Z,107.47
2024-01-31T18:00:00Z,5.53
2024-01-31T19:00:00Z,0.0
2024-01-31T20:00:00Z,0.0
2024-01-31T21:00:00Z,0.0
2024-01-31T22:00:00Z,0.0
2024-01-31T23:00:00Z,0.0
2024-02-01T00:00:00Z,0.0
2024-02-01T01:00:00Z,0.0
2024-02-01T02:00:00Z,0.0
2024-02-01T03:00:00Z,0.0
2024-02-01T04:00:00Z,0.0
2024-02-01T05:00:00Z,7.32
2024-02-01T06:00:00Z,97.22
2024-02-01T07:00:00Z,225.5
2024-02-01T08:00:00Z,315.3
2024-02-01T09:00:00Z,391.8
2024-02-01T10:00:00Z,465.6
2024-02-01T11:00:00Z,470.33
2024-02-01T12:00:00Z,687.03
2024-02-01T13:00:00Z,705.15
2024-02-01T14:00:00Z,592.5
2024-02-01T15:00:00Z,430.08
2024-02-01T16:00:00Z,262.02
2024-02-01T17:00:00Z,94.88
2024-02-01T18:00:00Z,5.22
2024-02-01T19:00:00Z,0.0
2024-02-01T20:00:00Z,0.0
2024-02-01T21:00:00Z,0.0
2024-02-01T22:00:00Z,0.0
2024-02-01T23:00:00Z,0.0
2024-02-02T00:00:00Z,0.0
2024-02-02T01:00:00Z,0.0
2024-02-02T02:00:00Z,0.0
2024-02-02T03:00:00Z,0.0
2024-02-02T04:00:00Z,0.0
2024-02-02T05:00:00Z,10.27
2024-02-02T06:00:00Z,125.75
2024-02-02T07:00:00Z,285.0
2024-02-02T08:00:00Z,477.73
2024-02-02T09:00:00Z,754.42
2024-02-02T10:00:00Z,807.0
2024-02-02T11:00:00Z,871.15
2024-02-02T12:00:00Z,948.62
2024-02-02T13:00:00Z,747.95
2024-02-02T14:00:00Z,642.95
2024-02-02T15:00:00Z,468.05
2024-02-02T16:00:00Z,283.6
2024-02-02T17:00:00Z,102.93
2024-02-02T18:00:00Z,5.72
2024-02-02T19:00:00Z,0.0
2024-02-02T20:00:00Z,0.0
2024-02-02T21:00:00Z,0.0
2024-02-02T22:00:00Z,0.0
2024-02-02T23:00:00Z,0.0
2024-02-03T00:00:00Z,0.0
2024-02-03T01:00:00Z,0.0
2024-02-03T02:00:00Z,0.0
2024-02-03T03:00:00Z,0.0
2024-02-03T04:00:00Z,0.0
2024-02-03T05:00:00Z,10.68
2024-02-03T06:00:00Z,125.93
2024-02-03T07:00:00Z,300.62
2024-02-03T08:00:00Z,495.3
2024-02-03T09:00:00Z,657.45
2024-02-03T10:00:00Z,723.05
2024-02-03T11:00:00Z,598.8
2024-02-03T12:00:00Z,776.67
2024-02-03T13:00:00Z,557.47
2024-02-03T14:00:00Z,534.75
2024-02-03T15:00:00Z,359.73
2024-02-03T16:00:00Z,221.38
2024-02-03T17:00:00Z,84.95
2024-02-03T18:00:00Z,4.88
2024-02-03T19:00:00Z,0.0
2024-02-03T20:00:00Z,0.0
2024-02-03T21:00:00Z,0.0
2024-02-03T22:00:00Z,0.0
2024-02-03T23:00:00Z,0.0
2024-02-04T00:00:00Z,0.0
2024-02-04T01:00:00Z,0.0
2024-02-04T02:00:00Z,0.0
2024-02-04T03:00:00Z,0.0
2024-02-04T04:00:00Z,0.0
2024-02-04T05:00:00Z,11.55
2024-02-04T06:00:00Z,142.7
2024-02-04T07:00:00Z,321.95
2024-02-04T08:00:00Z,484.9
2024-02-04T09:00:00Z,753.97
2024-02-04T10:00:00Z,913.42
2024-02-04T11:00:00Z,996.3
2024-02-04T12:00:00Z,986.47
2024-02-04T13:00:00Z,910.08
2024-02-04T14:00:00Z,768.08
2024-02-04T15:00:00Z,590.83
2024-02-04T16:00:00Z,372.62
2024-02-04T17:00:00Z,145.77
2024-02-04T18:00:00Z,5.9
2024-02-04T19:00:00Z,0.0
2024-02-04T20:00:00Z,0.0
2024-02-04T21:00:00Z,0.0
2024-02-04T22:00:00Z,0.0
2024-02-04T23:00:00Z,0.0
2024-02-05T00:00:00Z,0.0
2024-02-05T01:00:00Z,0.0
2024-02-05T02:00:00Z,0.0
2024-02-05T03:00:00Z,0.0
2024-02-05T04:00:00Z,0.0
2024-02-05T05:00:00Z,9.18
2024-02-05T06:00:00Z,100.0
2024-02-05T07:00:00Z,250.27
2024-02-05T08:00:00Z,409.98
2024-02-05T09:00:00Z,626.2
2024-02-05T10:00:00Z,694.42
2024-02-05T11:00:00Z,829.33
2024-02-05T12:00:00Z,681.7
2024-02-05T13:00:00Z,596.92
2024-02-05T14:00:00Z,591.9
2024-02-05T15:00:00Z,442.52
2024-02-05T16:00:00Z,259.3
2024-02-05T17:00:00Z,103.9
2024-02-05T18:00:00Z,5.5
2024-02-05T19:00:00Z,0.0
2024-02-05T20:00:00Z,0.0
2024-02-05T21:00:00Z,0.0
2024-02-05T22:00:00Z,0.0
2024-02-05T23:00:00Z,0.0
2024-02-06T00:00:00Z,0.0
2024-02-06T01:00:00Z,0.0
2024-02-06T02:00:00Z,0.0
2024-02-06T03:00:00Z,0.0
2024-02-06T04:00:00Z,0.0
2024-02-06T05:00:00Z,9.2
2024-02-06T06:00:00Z,135.07
2024-02-06T07:00:00Z,352.62
2024-02-06T08:00:00Z,575.12
2024-02-06T09:00:00Z,793.0
2024-02-06T10:00:00Z,935.47
2024-02-06T11:00:00Z,1018.25
2024-02-06T12:00:00Z,917.3
2024-02-06T13:00:00Z,825.78
2024-02-06T14:00:00Z,750.42
2024-02-06T15:00:00Z,549.6
2024-02-06T16:00:00Z,349.08
2024-02-06T17:00:00Z,137.8
2024-02-06T18:00:00Z,5.65
2024-02-06T19:00:00Z,0.0
2024-02-06T20:00:00Z,0.0
2024-02-06T21:00:00Z,0.0
2024-02-06T22:00:00Z,0.0
2024-02-06T23:00:00Z,0.0
2024-02-07T00:00:00Z,0.0
2024-02-07T01:00:00Z,0.0
2024-02-07T02:00:00Z,0.0
2024-02-07T03:00:00Z,0.0
2024-02-07T04:00:00Z,0.0
2024-02-07T05:00:00Z,10.85
2024-02-07T06:00:00Z,166.35
2024-02-07T07:00:00Z,387.45
2024-02-07T08:00:00Z,633.12
2024-02-07T09:00:00Z,843.67
2024-02-07T10:00:00Z,988.05
2024-02-07T11:00:00Z,1040.68
2024-02-07T12:00:00Z,1025.0
2024-02-07T13:00:00Z,959.22
2024-02-07T14:00:00Z,818.75
2024-02-07T15:00:00Z,620.58
2024-02-07T16:00:00Z,371.83
2024-02-07T17:00:00Z,130.77
2024-02-07T18:00:00Z,4.32
2024-02-07T19:00:00Z,0.0
2024-02-07T20:00:00Z,0.0
2024-02-07T21:00:00Z,0.0
2024-02-07T22:00:00Z,0.0
2024-02-07T23:00:00Z,0.0
2024-02-08T00:00:00Z,0.0
2024-02-08T01:00:00Z,0.0
2024-02-08T02:00:00Z,0.0
2024-02-08T03:00:00Z,0.0
2024-02-08T04:00:00Z,0.0
2024-02-08T05:00:00Z,7.7
2024-02-08T06:00:00Z,89.07
2024-02-08T07:00:00Z,204.02
2024-02-08T08:00:00Z,249.57
2024-02-08T09:00:00Z,344.25
2024-02-08T10:00:00Z,514.8
2024-02-08T11:00:00Z,468.48
2024-02-08T12:00:00Z,341.73
2024-02-08T13:00:00Z,381.33
2024-02-08T14:00:00Z,367.62
2024-02-08T15:00:00Z,277.85
2024-02-08T16:00:00Z,168.45
2024-02-08T17:00:00Z,69.38
2024-02-08T18:00:00Z,3.58
2024-02-08T19:00:00Z,0.0
2024-02-08T20:00:00Z,0.0
2024-02-08T21:00:00Z,0.0
2024-02-08T22:00:00Z,0.0
2024-02-08T23:00:00Z,0.0
2024-02-09T00:00:00Z,0.0
2024-02-09T01:00:00Z,0.0
2024-02-09T02:00:00Z,0.0
2024-02-09T03:00:00Z,0.0
2024-02-09T04:00:00Z,0.0
2024-02-09T05:00:00Z,9.2
2024-02-09T06:00:00Z,138.6
2024-02-09T07:00:00Z,360.88
2024-02-09T08:00:00Z,573.15
2024-02-09T09:00:00Z,691.6
2024-02-09T10:00:00Z,807.2
2024-02-09T11:00:00Z,816.05
2024-02-09T12:00:00Z,804.97
2024-02-09T13:00:00Z,611.35
2024-02-09T14:00:00Z,540.42
2024-02-09T15:00:00Z,363.6
2024-02-09T16:00:00Z,215.35
2024-02-09T17:00:00Z,89.57
2024-02-09T18:00:00Z,3.53
2024-02-09T19:00:00Z,0.0
2024-02-09T20:00:00Z,0.0
2024-02-09T21:00:00Z,0.0
2024-02-09T22:00:00Z,0.0
2024-02-09T23:00:00Z,0.0
2024-02-10T00:00:00Z,0.0
2024-02-10T01:00:00Z,0.0
2024-02-10T02:00:00Z,0.0
2024-02-10T03:00:00Z,0.0
2024-02-10T04:00:00Z,0.0
2024-02-10T05:00:00Z,7.32
2024-02-10T06:00:00Z,117.9
2024-02-10T07:00:00Z,325.98
2024-02-10T08:00:00Z,537.78
2024-02-10T09:00:00Z,691.25
2024-02-10T10:00:00Z,853.12
2024-02-10T11:00:00Z,964.1
2024-02-10T12:00:00Z,912.88
2024-02-10T13:00:00Z,851.05
2024-02-10T14:00:00Z,736.53
2024-02-10T15:00:00Z,534.47
2024-02-10T16:00:00Z,322.02
2024-02-10T17:00:00Z,123.45
2024-02-10T18:00:00Z,4.05
2024-02-10T19:00:00Z,0.0
2024-02-10T20:00:00Z,0.0
2024-02-10T21:00:00Z,0.0
2024-02-10T22:00:00Z,0.0
2024-02-10T23:00:00Z,0.0
2024-02-11T00:00:00Z,0.0
2024-02-11T01:00:00Z,0.0
2024-02-11T02:00:00Z,0.0
2024-02-11T03:00:00Z,0.0
2024-02-11T04:00:00Z,0.0
2024-02-11T05:00:00Z,5.85
2024-02-11T06:00:00Z,74.88
2024-02-11T07:00:00Z,217.98
2024-02-11T08:00:00Z,345.45
2024-02-11T09:00:00Z,538.4
2024-02-11T10:00:00Z,543.35
2024-02-11T11:00:00Z,481.98
2024-02-11T12:00:00Z,522.8
2024-02-11T13:00:00Z,519.47
2024-02-11T14:00:00Z,391.38
2024-02-11T15:00:00Z,269.62
2024-02-11T16:00:00Z,189.38
2024-02-11T17:00:00Z,62.3
2024-02-11T18:00:00Z,2.0
2024-02-11T19:00:00Z,0.0
2024-02-11T20:00:00Z,0.0
2024-02-11T21:00:00Z,0.0
2024-02-11T22:00:00Z,0.0
2024-02-11T23:00:00Z,0.0
2024-02-12T00:00:00Z,0.0
2024-02-12T01:00:00Z,0.0
2024-02-12T02:00:00Z,0.0
2024-02-12T03:00:00Z,0.0
2024-02-12T04:00:00Z,0.0
2024-02-12T05:00:00Z,3.55
2024-02-12T06:00:00Z,50.72
2024-02-12T07:00:00Z,111.68
2024-02-12T08:00:00Z,157.7
2024-02-12T09:00:00Z,254.88
2024-02-12T10:00:00Z,340.85
2024-02-12T11:00:00Z,520.15
2024-02-12T12:00:00Z,565.05
2024-02-12T13:00:00Z,506.45
2024-02-12T14:00:00Z,343.6
2024-02-12T15:00:00Z,211.9
2024-02-12T16:00:00Z,121.1
2024-02-12T17:00:00Z,47.05
2024-02-12T18:00:00Z,1.58
2024-02-12T19:00:00Z,0.0
2024-02-12T20:00:00Z,0.0
2024-02-12T21:00:00Z,0.0
2024-02-12T22:00:00Z,0.0
2024-02-12T23:00:00Z,0.0
2024-02-13T00:00:00Z,0.0
2024-02-13T01:00:00Z,0.0
2024-02-13T02:00:00Z,0.0
2024-02-13T03:00:00Z,0.0
2024-02-13T04:00:00Z,0.0
2024-02-13T05:00:00Z,4.5
2024-02-13T06:00:00Z,93.7
2024-02-13T07:00:00Z,229.43
2024-02-13T08:00:00Z,388.7
2024-02-13T09:00:00Z,563.42
2024-02-13T10:00:00Z,690.72
2024-02-13T11:00:00Z,801.4
2024-02-13T12:00:00Z,742.35
2024-02-13T13:00:00Z,640.4
2024-02-13T14:00:00Z,575.0
2024-02-13T15:00:00Z,405.45
2024-02-13T16:00:00Z,236.52
2024-02-13T17:00:00Z,93.47
2024-02-13T18:00:00Z,0.0
2024-02-13T19:00:00Z,0.0
2024-02-13T20:00:00Z,0.0
2024-02-13T21:00:00Z,0.0
2024-02-13T22:00:00Z,0.0
2024-02-13T23:00:00Z,0.0
2024-02-14T00:00:00Z,0.0
2024-02-14T01:00:00Z,0.0
2024-02-14T02:00:00Z,0.0
2024-02-14T03:00:00Z,0.0
2024-02-14T04:00:00Z,0.0
2024-02-14T05:00:00Z,6.12
2024-02-14T06:00:00Z,106.68
2024-02-14T07:00:00Z,286.02
2024-02-14T08:00:00Z,563.65
2024-02-14T09:00:00Z,763.72
2024-02-14T10:00:00Z,842.08
2024-02-14T11:00:00Z,945.58
2024-02-14T12:00:00Z,819.38
2024-02-14T13:00:00Z,676.0
2024-02-14T14:00:00Z,567.1
2024-02-14T15:00:00Z,408.7
2024-02-14T16:00:00Z,199.75
2024-02-14T17:00:00Z,76.5
2024-02-14T18:00:00Z,0.0
2024-02-14T19:00:00Z,0.0
2024-02-14T20:00:00Z,0.0
2024-02-14T21:00:00Z,0.0
2024-02-14T22:00:00Z,0.0
2024-02-14T23:00:00Z,0.0
2024-02-15T00:00:00Z,0.0
2024-02-15T01:00:00Z,0.0
2024-02-15T02:00:00Z,0.0
2024-02-15T03:00:00Z,0.0
2024-02-15T04:00:00Z,0.0
2024-02-15T05:00:00Z,6.07
2024-02-15T06:00:00Z,126.05
2024-02-15T07:00:00Z,330.4
2024-02-15T08:00:00Z,592.53
2024-02-15T09:00:00Z,797.88
2024-02-15T10:00:00Z,954.88
2024-02-15T11:00:00Z,1042.6
2024-02-15T12:00:00Z,1030.7
2024-02-15T13:00:00Z,932.83
2024-02-15T14:00:00Z,766.53
2024-02-15T15:00:00Z,570.6
2024-02-15T16:00:00Z,280.3
2024-02-15T17:00:00Z,111.0
2024-02-15T18:00:00Z,0.0
2024-02-15T19:00:00Z,0.0
2024-02-15T20:00:00Z,0.0
2024-02-15T21:00:00Z,0.0
2024-02-15T22:00:00Z,0.0
2024-02-15T23:00:00Z,0.0
2024-02-16T00:00:00Z,0.0
2024-02-16T01:00:00Z,0.0
2024-02-16T02:00:00Z,0.0
2024-02-16T03:00:00Z,0.0
2024-02-16T04:00:00Z,0.0
2024-02-16T05:00:00Z,5.85
2024-02-16T06:00:00Z,109.03
2024-02-16T07:00:00Z,273.02
2024-02-16T08:00:00Z,530.33
2024-02-16T09:00:00Z,736.55
2024-02-16T10:00:00Z,876.62
2024-02-16T11:00:00Z,952.2
2024-02-16T12:00:00Z,813.12
2024-02-16T13:00:00Z,676.42
2024-02-16T14:00:00Z,558.88
2024-02-16T15:00:00Z,423.6
2024-02-16T16:00:00Z,230.7
2024-02-16T17:00:00Z,81.07
2024-02-16T18:00:00Z,0.0
2024-02-16T19:00:00Z,0.0
2024-02-16T20:00:00Z,0.0
2024-02-16T21:00:00Z,0.0
2024-02-16T22:00:00Z,0.0
2024-02-16T23:00:00Z,0.0
2024-02-17T00:00:00Z,0.0
2024-02-17T01:00:00Z,0.0
2024-02-17T02:00:00Z,0.0
2024-02-17T03:00:00Z,0.0
2024-02-17T04:00:00Z,0.0
2024-02-17T05:00:00Z,6.38
2024-02-17T06:00:00Z,145.48
2024-02-17T07:00:00Z,372.33
2024-02-17T08:00:00Z,626.05
2024-02-17T09:00:00Z,818.15
2024-02-17T10:00:00Z,954.12
2024-02-17T11:00:00Z,1016.33
2024-02-17T12:00:00Z,932.42
2024-02-17T13:00:00Z,910.2
2024-02-17T14:00:00Z,720.67
2024-02-17T15:00:00Z,512.8
2024-02-17T16:00:00Z,262.85
2024-02-17T17:00:00Z,106.8
2024-02-17T18:00:00Z,0.0
2024-02-17T19:00:00Z,0.0
2024-02-17T20:00:00Z,0.0
2024-02-17T21:00:00Z,0.0
2024-02-17T22:00:00Z,0.0
2024-02-17T23:00:00Z,0.0
2024-02-18T00:00:00Z,0.0
2024-02-18T01:00:00Z,0.0
2024-02-18T02:00:00Z,0.0
2024-02-18T03:00:00Z,0.0
2024-02-18T04:00:00Z,0.0
2024-02-18T05:00:00Z,6.3
2024-02-18T06:00:00Z,149.35
2024-02-18T07:00:00Z,388.25
2024-02-18T08:00:00Z,637.7
2024-02-18T09:00:00Z,820.85
2024-02-18T10:00:00Z,949.7
2024-02-18T11:00:00Z,1021.15
2024-02-18T12:00:00Z,957.4
2024-02-18T13:00:00Z,879.9
2024-02-18T14:00:00Z,724.97
2024-02-18T15:00:00Z,482.12
2024-02-18T16:00:00Z,269.12
2024-02-18T17:00:00Z,92.2
2024-02-18T18:00:00Z,0.0
2024-02-18T19:00:00Z,0.0
2024-02-18T20:00:00Z,0.0
2024-02-18T21:00:00Z,0.0
2024-02-18T22:00:00Z,0.0
2024-02-18T23:00:00Z,0.0
2024-02-19T00:00:00Z,0.0
2024-02-19T01:00:00Z,0.0
2024-02-19T02:00:00Z,0.0
2024-02-19T03:00:00Z,0.0
2024-02-19T04:00:00Z,0.0
2024-02-19T05:00:00Z,4.75
2024-02-19T06:00:00Z,110.15
2024-02-19T07:00:00Z,282.02
2024-02-19T08:00:00Z,472.7
2024-02-19T09:00:00Z,675.9
2024-02-19T10:00:00Z,861.3
2024-02-19T11:00:00Z,946.65
2024-02-19T12:00:00Z,970.9
2024-02-19T13:00:00Z,893.53
2024-02-19T14:00:00Z,753.08
2024-02-19T15:00:00Z,555.58
2024-02-19T16:00:00Z,338.0
2024-02-19T17:00:00Z,119.88
2024-02-19T18:00:00Z,0.0
2024-02-19T19:00:00Z,0.0
2024-02-19T20:00:00Z,0.0
2024-02-19T21:00:00Z,0.0
2024-02-19T22:00:00Z,0.0
2024-02-19T23:00:00Z,0.0
2024-02-20T00:00:00Z,0.0
2024-02-20T01:00:00Z,0.0
2024-02-20T02:00:00Z,0.0
2024-02-20T03:00:00Z,0.0
2024-02-20T04:00:00Z,0.0
2024-02-20T05:00:00Z,3.67
2024-02-20T06:00:00Z,64.07
2024-02-20T07:00:00Z,178.88
2024-02-20T08:00:00Z,339.95
2024-02-20T09:00:00Z,479.08
2024-02-20T10:00:00Z,607.3
2024-02-20T11:00:00Z,657.35
2024-02-20T12:00:00Z,687.88
2024-02-20T13:00:00Z,645.28
2024-02-20T14:00:00Z,516.88
2024-02-20T15:00:00Z,391.75
2024-02-20T16:00:00Z,196.18
2024-02-20T17:00:00Z,64.05
2024-02-20T18:00:00Z,0.0
2024-02-20T19:00:00Z,0.0
2024-02-20T20:00:00Z,0.0
2024-02-20T21:00:00Z,0.0
2024-02-20T22:00:00Z,0.0
2024-02-20T23:00:00Z,0.0
2024-02-21T00:00:00Z,0.0
2024-02-21T01:00:00Z,0.0
2024-02-21T02:00:00Z,0.0
2024-02-21T03:00:00Z,0.0
2024-02-21T04:00:00Z,0.0
2024-02-21T05:00:00Z,3.58
2024-02-21T06:00:00Z,96.93
2024-02-21T07:00:00Z,231.18
2024-02-21T08:00:00Z,371.35
2024-02-21T09:00:00Z,513.05
2024-02-21T10:00:00Z,660.33
2024-02-21T11:00:00Z,740.08
2024-02-21T12:00:00Z,548.33
2024-02-21T13:00:00Z,286.15
2024-02-21T14:00:00Z,270.3
2024-02-21T15:00:00Z,207.93
2024-02-21T16:00:00Z,114.93
2024-02-21T17:00:00Z,46.42
2024-02-21T18:00:00Z,0.0
2024-02-21T19:00:00Z,0.0
2024-02-21T20:00:00Z,0.0
2024-02-21T21:00:00Z,0.0
2024-02-21T22:00:00Z,0.0
2024-02-21T23:00:00Z,0.0
2024-02-22T00:00:00Z,0.0
2024-02-22T01:00:00Z,0.0
2024-02-22T02:00:00Z,0.0
2024-02-22T03:00:00Z,0.0
2024-02-22T04:00:00Z,0.0
2024-02-22T05:00:00Z,4.7
2024-02-22T06:00:00Z,98.4
2024-02-22T07:00:00Z,270.27
2024-02-22T08:00:00Z,476.83
2024-02-22T09:00:00Z,614.8
2024-02-22T10:00:00Z,766.75
2024-02-22T11:00:00Z,899.15
2024-02-22T12:00:00Z,843.58
2024-02-22T13:00:00Z,724.6
2024-02-22T14:00:00Z,575.22
2024-02-22T15:00:00Z,414.4
2024-02-22T16:00:00Z,225.07
2024-02-22T17:00:00Z,70.55
2024-02-22T18:00:00Z,0.0
2024-02-22T19:00:00Z,0.0
2024-02-22T20:00:00Z,0.0
2024-02-22T21:00:00Z,0.0
2024-02-22T22:00:00Z,0.0
2024-02-22T23:00:00Z,0.0
2024-02-23T00:00:00Z,0.0
2024-02-23T01:00:00Z,0.0
2024-02-23T02:00:00Z,0.0
2024-02-23T03:00:00Z,0.0
2024-02-23T04:00:00Z,0.0
2024-02-23T05:00:00Z,4.35
2024-02-23T06:00:00Z,97.38
2024-02-23T07:00:00Z,280.77
2024-02-23T08:00:00Z,509.05
2024-02-23T09:00:00Z,656.5
2024-02-23T10:00:00Z,782.65
2024-02-23T11:00:00Z,791.78
2024-02-23T12:00:00Z,745.58
2024-02-23T13:00:00Z,748.58
2024-02-23T14:00:00Z,570.33
2024-02-23T15:00:00Z,397.45
2024-02-23T16:00:00Z,204.68
2024-02-23T17:00:00Z,75.03
2024-02-23T18:00:00Z,0.0
2024-02-23T19:00:00Z,0.0
2024-02-23T20:00:00Z,0.0
2024-02-23T21:00:00Z,0.0
2024-02-23T22:00:00Z,0.0
2024-02-23T23:00:00Z,0.0
2024-02-24T00:00:00Z,0.0
2024-02-24T01:00:00Z,0.0
2024-02-24T02:00:00Z,0.0
2024-02-24T03:00:00Z,0.0
2024-02-24T04:00:00Z,0.0
2024-02-24T05:00:00Z,4.07
2024-02-24T06:00:00Z,110.22
2024-02-24T07:00:00Z,286.4
2024-02-24T08:00:00Z,494.73
2024-02-24T09:00:00Z,639.75
2024-02-24T10:00:00Z,741.17
2024-02-24T11:00:00Z,762.58
2024-02-24T12:00:00Z,775.58
2024-02-24T13:00:00Z,666.03
2024-02-24T14:00:00Z,582.7
2024-02-24T15:00:00Z,366.23
2024-02-24T16:00:00Z,206.18
2024-02-24T17:00:00Z,64.1
2024-02-24T18:00:00Z,0.0
2024-02-24T19:00:00Z,0.0
2024-02-24T20:00:00Z,0.0
2024-02-24T21:00:00Z,0.0
2024-02-24T22:00:00Z,0.0
2024-02-24T23:00:00Z,0.0
2024-02-25T00:00:00Z,0.0
2024-02-25T01:00:00Z,0.0
2024-02-25T02:00:00Z,0.0
2024-02-25T03:00:00Z,0.0
2024-02-25T04:00:00Z,0.0
2024-02-25T05:00:00Z,4.2
2024-02-25T06:00:00Z,101.28
2024-02-25T07:00:00Z,280.73
2024-02-25T08:00:00Z,466.1
2024-02-25T09:00:00Z,658.45
2024-02-25T10:00:00Z,762.85
2024-02-25T11:00:00Z,803.72
2024-02-25T12:00:00Z,817.8
2024-02-25T13:00:00Z,734.92
2024-02-25T14:00:00Z,600.42
2024-02-25T15:00:00Z,407.17
2024-02-25T16:00:00Z,233.27
2024-02-25T17:00:00Z,77.78
2024-02-25T18:00:00Z,0.0
2024-02-25T19:00:00Z,0.0
2024-02-25T20:00:00Z,0.0
2024-02-25T21:00:00Z,0.0
2024-02-25T22:00:00Z,0.0
2024-02-25T23:00:00Z,0.0
2024-02-26T00:00:00Z,0.0
2024-02-26T01:00:00Z,0.0
2024-02-26T02:00:00Z,0.0
2024-02-26T03:00:00Z,0.0
2024-02-26T04:00:00Z,0.0
2024-02-26T05:00:00Z,3.92
2024-02-26T06:00:00Z,105.85
2024-02-26T07:00:00Z,315.15
2024-02-26T08:00:00Z,525.75
2024-02-26T09:00:00Z,680.0
2024-02-26T10:00:00Z,813.03
2024-02-26T11:00:00Z,879.72
2024-02-26T12:00:00Z,899.5
2024-02-26T13:00:00Z,681.22
2024-02-26T14:00:00Z,691.17
2024-02-26T15:00:00Z,518.62
2024-02-26T16:00:00Z,256.67
2024-02-26T17:00:00Z,80.2
2024-02-26T18:00:00Z,0.0
2024-02-26T19:00:00Z,0.0
2024-02-26T20:00:00Z,0.0
2024-02-26T21:00:00Z,0.0
2024-02-26T22:00:00Z,0.0
2024-02-26T23:00:00Z,0.0
2024-02-27T00:00:00Z,0.0
2024-02-27T01:00:00Z,0.0
2024-02-27T02:00:00Z,0.0
2024-02-27T03:00:00Z,0.0
2024-02-27T04:00:00Z,0.0
2024-02-27T05:00:00Z,3.62
2024-02-27T06:00:00Z,86.57
2024-02-27T07:00:00Z,253.52
2024-02-27T08:00:00Z,442.48
2024-02-27T09:00:00Z,572.83
2024-02-27T10:00:00Z,589.05
2024-02-27T11:00:00Z,683.15
2024-02-27T12:00:00Z,764.92
2024-02-27T13:00:00Z,794.75
2024-02-27T14:00:00Z,645.83
2024-02-27T15:00:00Z,442.45
2024-02-27T16:00:00Z,253.5
2024-02-27T17:00:00Z,72.65
2024-02-27T18:00:00Z,0.0
2024-02-27T19:00:00Z,0.0
2024-02-27T20:00:00Z,0.0
2024-02-27T21:00:00Z,0.0
2024-02-27T22:00:00Z,0.0
2024-02-27T23:00:00Z,0.0
2024-02-28T00:00:00Z,0.0
2024-02-28T01:00:00Z,0.0
2024-02-28T02:00:00Z,0.0
2024-02-28T03:00:00Z,0.0
2024-02-28T04:00:00Z,0.0
2024-02-28T05:00:00Z,3.85
2024-02-28T06:00:00Z,114.97
2024-02-28T07:00:00Z,330.77
2024-02-28T08:00:00Z,537.7
2024-02-28T09:00:00Z,713.83
2024-02-28T10:00:00Z,849.85
2024-02-28T11:00:00Z,970.9
2024-02-28T12:00:00Z,944.83
2024-02-28T13:00:00Z,849.62
2024-02-28T14:00:00Z,685.97
2024-02-28T15:00:00Z,485.83
2024-02-28T16:00:00Z,266.95
2024-02-28T17:00:00Z,74.07
2024-02-28T18:00:00Z,0.0
2024-02-28T19:00:00Z,0.0
2024-02-28T20:00:00Z,0.0
2024-02-28T21:00:00Z,0.0
2024-02-28T22:00:00Z,0.0
2024-02-28T23:00:00Z,0.0
2024-02-29T00:00:00Z,0.0
2024-02-29T01:00:00Z,0.0
2024-02-29T02:00:00Z,0.0
2024-02-29T03:00:00Z,0.0
2024-02-29T04:00:00Z,0.0
2024-02-29T05:00:00Z,3.78
2024-02-29T06:00:00Z,122.97
2024-02-29T07:00:00Z,344.3
2024-02-29T08:00:00Z,563.85
2024-02-29T09:00:00Z,738.05
2024-02-29T10:00:00Z,868.17
2024-02-29T11:00:00Z,951.33
2024-02-29T12:00:00Z,950.72
2024-02-29T13:00:00Z,828.67
2024-02-29T14:00:00Z,751.47
2024-02-29T15:00:00Z,555.62
2024-02-29T16:00:00Z,316.45
2024-02-29T17:00:00Z,88.5
2024-02-29T18:00:00Z,0.0
2024-02-29T19:00:00Z,0.0
2024-02-29T20:00:00Z,0.0
2024-02-29T21:00:00Z,0.0
2024-02-29T22:00:00Z,0.0
2024-02-29T23:00:00Z,0.0
2024-03-01T00:00:00Z,0.0
2024-03-01T01:00:00Z,0.0
2024-03-01T02:00:00Z,0.0
2024-03-01T03:00:00Z,0.0
2024-03-01T04:00:00Z,0.0
2024-03-01T05:00:00Z,0.0
2024-03-01T06:00:00Z,139.12
2024-03-01T07:00:00Z,352.45
2024-03-01T08:00:00Z,583.67
2024-03-01T09:00:00Z,775.33
2024-03-01T10:00:00Z,904.0
2024-03-01T11:00:00Z,973.55
2024-03-01T12:00:00Z,955.65
2024-03-01T13:00:00Z,835.28
2024-03-01T14:00:00Z,704.78
2024-03-01T15:00:00Z,515.95
2024-03-01T16:00:00Z,268.95
2024-03-01T17:00:00Z,73.57
2024-03-01T18:00:00Z,0.0
2024-03-01T19:00:00Z,0.0
2024-03-01T20:00:00Z,0.0
2024-03-01T21:00:00Z,0.0
2024-03-01T22:00:00Z,0.0
2024-03-01T23:00:00Z,0.0
2024-03-02T00:00:00Z,0.0
2024-03-02T01:00:00Z,0.0
2024-03-02T02:00:00Z,0.0
2024-03-02T03:00:00Z,0.0
2024-03-02T04:00:00Z,0.0
2024-03-02T05:00:00Z,0.0
2024-03-02T06:00:00Z,109.93
2024-03-02T07:00:00Z,316.12
2024-03-02T08:00:00Z,530.83
2024-03-02T09:00:00Z,706.8
2024-03-02T10:00:00Z,808.42
2024-03-02T11:00:00Z,816.15
2024-03-02T12:00:00Z,866.1
2024-03-02T13:00:00Z,783.62
2024-03-02T14:00:00Z,645.0
2024-03-02T15:00:00Z,439.73
2024-03-02T16:00:00Z,239.93
2024-03-02T17:00:00Z,53.65
2024-03-02T18:00:00Z,0.0
2024-03-02T19:00:00Z,0.0
2024-03-02T20:00:00Z,0.0
2024-03-02T21:00:00Z,0.0
2024-03-02T22:00:00Z,0.0
2024-03-02T23:00:00Z,0.0
2024-03-03T00:00:00Z,0.0
2024-03-03T01:00:00Z,0.0
2024-03-03T02:00:00Z,0.0
2024-03-03T03:00:00Z,0.0
2024-03-03T04:00:00Z,0.0
2024-03-03T05:00:00Z,0.0
2024-03-03T06:00:00Z,126.1
2024-03-03T07:00:00Z,345.7
2024-03-03T08:00:00Z,586.42
2024-03-03T09:00:00Z,770.45
2024-03-03T10:00:00Z,906.17
2024-03-03T11:00:00Z,944.28
2024-03-03T12:00:00Z,944.17
2024-03-03T13:00:00Z,839.4
2024-03-03T14:00:00Z,688.83
2024-03-03T15:00:00Z,531.08
2024-03-03T16:00:00Z,299.52
2024-03-03T17:00:00Z,84.55
2024-03-03T18:00:00Z,0.0
2024-03-03T19:00:00Z,0.0
2024-03-03T20:00:00Z,0.0
2024-03-03T21:00:00Z,0.0
2024-03-03T22:00:00Z,0.0
2024-03-03T23:00:00Z,0.0
2024-03-04T00:00:00Z,0.0
2024-03-04T01:00:00Z,0.0
2024-03-04T02:00:00Z,0.0
2024-03-04T03:00:00Z,0.0
2024-03-04T04:00:00Z,0.0
2024-03-04T05:00:00Z,0.0
2024-03-04T06:00:00Z,142.05
2024-03-04T07:00:00Z,373.05
2024-03-04T08:00:00Z,598.25
2024-03-04T09:00:00Z,790.15
2024-03-04T10:00:00Z,928.08
2024-03-04T11:00:00Z,985.72
2024-03-04T12:00:00Z,977.25
2024-03-04T13:00:00Z,887.92
2024-03-04T14:00:00Z,734.4
2024-03-04T15:00:00Z,544.47
2024-03-04T16:00:00Z,315.98
2024-03-04T17:00:00Z,87.22
2024-03-04T18:00:00Z,0.0
2024-03-04T19:00:00Z,0.0
2024-03-04T20:00:00Z,0.0
2024-03-04T21:00:00Z,0.0
2024-03-04T22:00:00Z,0.0
2024-03-04T23:00:00Z,0.0
2024-03-05T00:00:00Z,0.0
2024-03-05T01:00:00Z,0.0
2024-03-05T02:00:00Z,0.0
2024-03-05T03:00:00Z,0.0
2024-03-05T04:00:00Z,0.0
2024-03-05T05:00:00Z,0.0
2024-03-05T06:00:00Z,138.12
2024-03-05T07:00:00Z,363.75
2024-03-05T08:00:00Z,577.1
2024-03-05T09:00:00Z,756.97
2024-03-05T10:00:00Z,863.03
2024-03-05T11:00:00Z,853.15
2024-03-05T12:00:00Z,961.42
2024-03-05T13:00:00Z,856.47
2024-03-05T14:00:00Z,716.92
2024-03-05T15:00:00Z,541.65
2024-03-05T16:00:00Z,300.58
2024-03-05T17:00:00Z,78.72
2024-03-05T18:00:00Z,0.0
2024-03-05T19:00:00Z,0.0
2024-03-05T20:00:00Z,0.0
2024-03-05T21:00:00Z,0.0
2024-03-05T22:00:00Z,0.0
2024-03-05T23:00:00Z,0.0
2024-03-06T00:00:00Z,0.0
2024-03-06T01:00:00Z,0.0
2024-03-06T02:00:00Z,0.0
2024-03-06T03:00:00Z,0.0
2024-03-06T04:00:00Z,0.0
2024-03-06T05:00:00Z,0.0
2024-03-06T06:00:00Z,119.32
2024-03-06T07:00:00Z,317.38
2024-03-06T08:00:00Z,559.83
2024-03-06T09:00:00Z,720.9
2024-03-06T10:00:00Z,874.92
2024-03-06T11:00:00Z,823.65
2024-03-06T12:00:00Z,895.6
2024-03-06T13:00:00Z,761.28
2024-03-06T14:00:00Z,669.88
2024-03-06T15:00:00Z,398.17
2024-03-06T16:00:00Z,248.85
2024-03-06T17:00:00Z,63.65
2024-03-06T18:00:00Z,0.0
2024-03-06T19:00:00Z,0.0
2024-03-06T20:00:00Z,0.0
2024-03-06T21:00:00Z,0.0
2024-03-06T22:00:00Z,0.0
2024-03-06T23:00:00Z,0.0
2024-03-07T00:00:00Z,0.0
2024-03-07T01:00:00Z,0.0
2024-03-07T02:00:00Z,0.0
2024-03-07T03:00:00Z,0.0
2024-03-07T04:00:00Z,0.0
2024-03-07T05:00:00Z,0.0
2024-03-07T06:00:00Z,104.85
2024-03-07T07:00:00Z,319.6
2024-03-07T08:00:00Z,540.75
2024-03-07T09:00:00Z,709.28
2024-03-07T10:00:00Z,830.22
2024-03-07T11:00:00Z,922.5
2024-03-07T12:00:00Z,876.97
2024-03-07T13:00:00Z,792.47
2024-03-07T14:00:00Z,652.6
2024-03-07T15:00:00Z,422.5
2024-03-07T16:00:00Z,240.95
2024-03-07T17:00:00Z,54.7
2024-03-07T18:00:00Z,0.0
2024-03-07T19:00:00Z,0.0
2024-03-07T20:00:00Z,0.0
2024-03-07T21:00:00Z,0.0
2024-03-07T22:00:00Z,0.0
2024-03-07T23:00:00Z,0.0
2024-03-08T00:00:00Z,0.0
2024-03-08T01:00:00Z,0.0
2024-03-08T02:00:00Z,0.0
2024-03-08T03:00:00Z,0.0
2024-03-08T04:00:00Z,0.0
2024-03-08T05:00:00Z,0.0
2024-03-08T06:00:00Z,118.9
2024-03-08T07:00:00Z,332.45
2024-03-08T08:00:00Z,544.03
2024-03-08T09:00:00Z,724.7
2024-03-08T10:00:00Z,860.03
2024-03-08T11:00:00Z,931.6
2024-03-08T12:00:00Z,932.97
2024-03-08T13:00:00Z,780.42
2024-03-08T14:00:00Z,655.25
2024-03-08T15:00:00Z,426.65
2024-03-08T16:00:00Z,221.65
2024-03-08T17:00:00Z,47.3
2024-03-08T18:00:00Z,0.0
2024-03-08T19:00:00Z,0.0
2024-03-08T20:00:00Z,0.0
2024-03-08T21:00:00Z,0.0
2024-03-08T22:00:00Z,0.0
2024-03-08T23:00:00Z,0.0
2024-03-09T00:00:00Z,0.0
2024-03-09T01:00:00Z,0.0
2024-03-09T02:00:00Z,0.0
2024-03-09T03:00:00Z,0.0
2024-03-09T04:00:00Z,0.0
2024-03-09T05:00:00Z,0.0
2024-03-09T06:00:00Z,69.32
2024-03-09T07:00:00Z,202.82
2024-03-09T08:00:00Z,350.9
2024-03-09T09:00:00Z,458.08
2024-03-09T10:00:00Z,387.17
2024-03-09T11:00:00Z,199.82
2024-03-09T12:00:00Z,117.55
2024-03-09T13:00:00Z,99.85
2024-03-09T14:00:00Z,87.82
2024-03-09T15:00:00Z,66.97
2024-03-09T16:00:00Z,51.12
2024-03-09T17:00:00Z,14.1
2024-03-09T18:00:00Z,0.0
2024-03-09T19:00:00Z,0.0
2024-03-09T20:00:00Z,0.0
2024-03-09T21:00:00Z,0.0
2024-03-09T22:00:00Z,0.0
2024-03-09T23:00:00Z,0.0
2024-03-10T00:00:00Z,0.0
2024-03-10T01:00:00Z,0.0
2024-03-10T02:00:00Z,0.0
2024-03-10T03:00:00Z,0.0
2024-03-10T04:00:00Z,0.0
2024-03-10T05:00:00Z,0.0
2024-03-10T06:00:00Z,58.75
2024-03-10T07:00:00Z,164.62
2024-03-10T08:00:00Z,283.33
2024-03-10T09:00:00Z,320.38
2024-03-10T10:00:00Z,366.33
2024-03-10T11:00:00Z,438.9
2024-03-10T12:00:00Z,424.8
2024-03-10T13:00:00Z,433.33
2024-03-10T14:00:00Z,299.17
2024-03-10T15:00:00Z,243.15
2024-03-10T16:00:00Z,136.62
2024-03-10T17:00:00Z,11.62
2024-03-10T18:00:00Z,0.0
2024-03-10T19:00:00Z,0.0
2024-03-10T20:00:00Z,0.0
2024-03-10T21:00:00Z,0.0
2024-03-10T22:00:00Z,0.0
2024-03-10T23:00:00Z,0.0
2024-03-11T00:00:00Z,0.0
2024-03-11T01:00:00Z,0.0
2024-03-11T02:00:00Z,0.0
2024-03-11T03:00:00Z,0.0
2024-03-11T04:00:00Z,0.0
2024-03-11T05:00:00Z,0.0
2024-03-11T06:00:00Z,70.12
2024-03-11T07:00:00Z,203.23
2024-03-11T08:00:00Z,367.48
2024-03-11T09:00:00Z,476.4
2024-03-11T10:00:00Z,594.0
2024-03-11T11:00:00Z,536.25
2024-03-11T12:00:00Z,518.58
2024-03-11T13:00:00Z,502.2
2024-03-11T14:00:00Z,311.73
2024-03-11T15:00:00Z,265.8
2024-03-11T16:00:00Z,137.65
2024-03-11T17:00:00Z,28.58
2024-03-11T18:00:00Z,0.0
2024-03-11T19:00:00Z,0.0
2024-03-11T20:00:00Z,0.0
2024-03-11T21:00:00Z,0.0
2024-03-11T22:00:00Z,0.0
2024-03-11T23:00:00Z,0.0
2024-03-12T00:00:00Z,0.0
2024-03-12T01:00:00Z,0.0
2024-03-12T02:00:00Z,0.0
2024-03-12T03:00:00Z,0.0
2024-03-12T04:00:00Z,0.0
2024-03-12T05:00:00Z,0.0
2024-03-12T06:00:00Z,39.22
2024-03-12T07:00:00Z,188.62
2024-03-12T08:00:00Z,344.8
2024-03-12T09:00:00Z,497.95
2024-03-12T10:00:00Z,586.72
2024-03-12T11:00:00Z,481.6
2024-03-12T12:00:00Z,428.9
2024-03-12T13:00:00Z,327.0
2024-03-12T14:00:00Z,314.85
2024-03-12T15:00:00Z,150.52
2024-03-12T16:00:00Z,78.55
2024-03-12T17:00:00Z,13.38
2024-03-12T18:00:00Z,0.0
2024-03-12T19:00:00Z,0.0
2024-03-12T20:00:00Z,0.0
2024-03-12T21:00:00Z,0.0
2024-03-12T22:00:00Z,0.0
2024-03-12T23:00:00Z,0.0
2024-03-13T00:00:00Z,0.0
2024-03-13T01:00:00Z,0.0
2024-03-13T02:00:00Z,0.0
2024-03-13T03:00:00Z,0.0
2024-03-13T04:00:00Z,0.0
2024-03-13T05:00:00Z,0.0
2024-03-13T06:00:00Z,31.45
2024-03-13T07:00:00Z,81.1
2024-03-13T08:00:00Z,138.55
2024-03-13T09:00:00Z,244.98
2024-03-13T10:00:00Z,321.0
2024-03-13T11:00:00Z,312.95
2024-03-13T12:00:00Z,334.38
2024-03-13T13:00:00Z,230.35
2024-03-13T14:00:00Z,186.93
2024-03-13T15:00:00Z,101.57
2024-03-13T16:00:00Z,55.9
2024-03-13T17:00:00Z,15.27
2024-03-13T18:00:00Z,0.0
2024-03-13T19:00:00Z,0.0
2024-03-13T20:00:00Z,0.0
2024-03-13T21:00:00Z,0.0
2024-03-13T22:00:00Z,0.0
2024-03-13T23:00:00Z,0.0
2024-03-14T00:00:00Z,0.0
2024-03-14T01:00:00Z,0.0
2024-03-14T02:00:00Z,0.0
2024-03-14T03:00:00Z,0.0
2024-03-14T04:00:00Z,0.0
2024-03-14T05:00:00Z,0.0
2024-03-14T06:00:00Z,47.83
2024-03-14T07:00:00Z,148.32
2024-03-14T08:00:00Z,273.05
2024-03-14T09:00:00Z,457.52
2024-03-14T10:00:00Z,555.7
2024-03-14T11:00:00Z,546.83
2024-03-14T12:00:00Z,237.57
2024-03-14T13:00:00Z,203.2
2024-03-14T14:00:00Z,73.28
2024-03-14T15:00:00Z,41.83
2024-03-14T16:00:00Z,37.38
2024-03-14T17:00:00Z,10.12
2024-03-14T18:00:00Z,0.0
2024-03-14T19:00:00Z,0.0
2024-03-14T20:00:00Z,0.0
2024-03-14T21:00:00Z,0.0
2024-03-14T22:00:00Z,0.0
2024-03-14T23:00:00Z,0.0
2024-03-15T00:00:00Z,0.0
2024-03-15T01:00:00Z,0.0
2024-03-15T02:00:00Z,0.0
2024-03-15T03:00:00Z,0.0
2024-03-15T04:00:00Z,0.0
2024-03-15T05:00:00Z,0.0
2024-03-15T06:00:00Z,45.85
2024-03-15T07:00:00Z,155.35
2024-03-15T08:00:00Z,270.15
2024-03-15T09:00:00Z,463.92
2024-03-15T10:00:00Z,686.33
2024-03-15T11:00:00Z,768.25
2024-03-15T12:00:00Z,738.78
2024-03-15T13:00:00Z,599.53
2024-03-15T14:00:00Z,395.08
2024-03-15T15:00:00Z,280.08
2024-03-15T16:00:00Z,147.4
2024-03-15T17:00:00Z,18.6
2024-03-15T18:00:00Z,0.0
2024-03-15T19:00:00Z,0.0
2024-03-15T20:00:00Z,0.0
2024-03-15T21:00:00Z,0.0
2024-03-15T22:00:00Z,0.0
2024-03-15T23:00:00Z,0.0
2024-03-16T00:00:00Z,0.0
2024-03-16T01:00:00Z,0.0
2024-03-16T02:00:00Z,0.0
2024-03-16T03:00:00Z,0.0
2024-03-16T04:00:00Z,0.0
2024-03-16T05:00:00Z,0.0
2024-03-16T06:00:00Z,41.58
2024-03-16T07:00:00Z,100.1
2024-03-16T08:00:00Z,121.07
2024-03-16T09:00:00Z,146.02
2024-03-16T10:00:00Z,218.35
2024-03-16T11:00:00Z,320.17
2024-03-16T12:00:00Z,250.05
2024-03-16T13:00:00Z,238.5
2024-03-16T14:00:00Z,92.93
2024-03-16T15:00:00Z,42.58
2024-03-16T16:00:00Z,25.4
2024-03-16T17:00:00Z,6.15
2024-03-16T18:00:00Z,0.0
2024-03-16T19:00:00Z,0.0
2024-03-16T20:00:00Z,0.0
2024-03-16T21:00:00Z,0.0
2024-03-16T22:00:00Z,0.0
2024-03-16T23:00:00Z,0.0
2024-03-17T00:00:00Z,0.0
2024-03-17T01:00:00Z,0.0
2024-03-17T02:00:00Z,0.0
2024-03-17T03:00:00Z,0.0
2024-03-17T04:00:00Z,0.0
2024-03-17T05:00:00Z,0.0
2024-03-17T06:00:00Z,60.62
2024-03-17T07:00:00Z,189.9
2024-03-17T08:00:00Z,355.7
2024-03-17T09:00:00Z,534.55
2024-03-17T10:00:00Z,700.53
2024-03-17T11:00:00Z,799.88
2024-03-17T12:00:00Z,794.3
2024-03-17T13:00:00Z,756.65
2024-03-17T14:00:00Z,534.65
2024-03-17T15:00:00Z,354.85
2024-03-17T16:00:00Z,177.73
2024-03-17T17:00:00Z,31.6
2024-03-17T18:00:00Z,0.0
2024-03-17T19:00:00Z,0.0
2024-03-17T20:00:00Z,0.0
2024-03-17T21:00:00Z,0.0
2024-03-17T22:00:00Z,0.0
2024-03-17T23:00:00Z,0.0
2024-03-18T00:00:00Z,0.0
2024-03-18T01:00:00Z,0.0
2024-03-18T02:00:00Z,0.0
2024-03-18T03:00:00Z,0.0
2024-03-18T04:00:00Z,0.0
2024-03-18T05:00:00Z,0.0
2024-03-18T06:00:00Z,87.22
2024-03-18T07:00:00Z,256.2
2024-03-18T08:00:00Z,506.02
2024-03-18T09:00:00Z,684.92
2024-03-18T10:00:00Z,808.8
2024-03-18T11:00:00Z,719.67
2024-03-18T12:00:00Z,841.88
2024-03-18T13:00:00Z,815.67
2024-03-18T14:00:00Z,645.08
2024-03-18T15:00:00Z,475.88
2024-03-18T16:00:00Z,239.8
2024-03-18T17:00:00Z,43.33
2024-03-18T18:00:00Z,0.0
2024-03-18T19:00:00Z,0.0
2024-03-18T20:00:00Z,0.0
2024-03-18T21:00:00Z,0.0
2024-03-18T22:00:00Z,0.0
2024-03-18T23:00:00Z,0.0
2024-03-19T00:00:00Z,0.0
2024-03-19T01:00:00Z,0.0
2024-03-19T02:00:00Z,0.0
2024-03-19T03:00:00Z,0.0
2024-03-19T04:00:00Z,0.0
2024-03-19T05:00:00Z,0.0
2024-03-19T06:00:00Z,58.15
2024-03-19T07:00:00Z,181.5
2024-03-19T08:00:00Z,308.08
2024-03-19T09:00:00Z,373.92
2024-03-19T10:00:00Z,403.08
2024-03-19T11:00:00Z,342.27
2024-03-19T12:00:00Z,255.55
2024-03-19T13:00:00Z,271.12
2024-03-19T14:00:00Z,180.57
2024-03-19T15:00:00Z,139.3
2024-03-19T16:00:00Z,62.1
2024-03-19T17:00:00Z,11.57
2024-03-19T18:00:00Z,0.0
2024-03-19T19:00:00Z,0.0
2024-03-19T20:00:00Z,0.0
2024-03-19T21:00:00Z,0.0
2024-03-19T22:00:00Z,0.0
2024-03-19T23:00:00Z,0.0
2024-03-20T00:00:00Z,0.0
2024-03-20T01:00:00Z,0.0
2024-03-20T02:00:00Z,0.0
2024-03-20T03:00:00Z,0.0
2024-03-20T04:00:00Z,0.0
2024-03-20T05:00:00Z,0.0
2024-03-20T06:00:00Z,52.45
2024-03-20T07:00:00Z,184.07
2024-03-20T08:00:00Z,345.92
2024-03-20T09:00:00Z,457.35
2024-03-20T10:00:00Z,632.47
2024-03-20T11:00:00Z,622.95
2024-03-20T12:00:00Z,549.1
2024-03-20T13:00:00Z,404.88
2024-03-20T14:00:00Z,292.45
2024-03-20T15:00:00Z,185.5
2024-03-20T16:00:00Z,93.43
2024-03-20T17:00:00Z,14.27
2024-03-20T18:00:00Z,0.0
2024-03-20T19:00:00Z,0.0
2024-03-20T20:00:00Z,0.0
2024-03-20T21:00:00Z,0.0
2024-03-20T22:00:00Z,0.0
2024-03-20T23:00:00Z,0.0
2024-03-21T00:00:00Z,0.0
2024-03-21T01:00:00Z,0.0
2024-03-21T02:00:00Z,0.0
2024-03-21T03:00:00Z,0.0
2024-03-21T04:00:00Z,0.0
2024-03-21T05:00:00Z,0.0
2024-03-21T06:00:00Z,26.85
2024-03-21T07:00:00Z,105.4
2024-03-21T08:00:00Z,184.3
2024-03-21T09:00:00Z,305.35
2024-03-21T10:00:00Z,313.9
2024-03-21T11:00:00Z,289.38
2024-03-21T12:00:00Z,299.58
2024-03-21T13:00:00Z,328.58
2024-03-21T14:00:00Z,248.88
2024-03-21T15:00:00Z,206.8
2024-03-21T16:00:00Z,102.05
2024-03-21T17:00:00Z,14.85
2024-03-21T18:00:00Z,0.0
2024-03-21T19:00:00Z,0.0
2024-03-21T20:00:00Z,0.0
2024-03-21T21:00:00Z,0.0
2024-03-21T22:00:00Z,0.0
2024-03-21T23:00:00Z,0.0
2024-03-22T00:00:00Z,0.0
2024-03-22T01:00:00Z,0.0
2024-03-22T02:00:00Z,0.0
2024-03-22T03:00:00Z,0.0
2024-03-22T04:00:00Z,0.0
2024-03-22T05:00:00Z,0.0
2024-03-22T06:00:00Z,40.1
2024-03-22T07:00:00Z,111.72
2024-03-22T08:00:00Z,183.77
2024-03-22T09:00:00Z,207.55
2024-03-22T10:00:00Z,366.05
2024-03-22T11:00:00Z,347.38
2024-03-22T12:00:00Z,415.08
2024-03-22T13:00:00Z,431.27
2024-03-22T14:00:00Z,318.55
2024-03-22T15:00:00Z,184.95
2024-03-22T16:00:00Z,97.25
2024-03-22T17:00:00Z,14.02
2024-03-22T18:00:00Z,0.0
2024-03-22T19:00:00Z,0.0
2024-03-22T20:00:00Z,0.0
2024-03-22T21:00:00Z,0.0
2024-03-22T22:00:00Z,0.0
2024-03-22T23:00:00Z,0.0
2024-03-23T00:00:00Z,0.0
2024-03-23T01:00:00Z,0.0
2024-03-23T02:00:00Z,0.0
2024-03-23T03:00:00Z,0.0
2024-03-23T04:00:00Z,0.0
2024-03-23T05:00:00Z,0.0
2024-03-23T06:00:00Z,33.7
2024-03-23T07:00:00Z,99.38
2024-03-23T08:00:00Z,177.48
2024-03-23T09:00:00Z,193.95
2024-03-23T10:00:00Z,226.4
2024-03-23T11:00:00Z,214.68
2024-03-23T12:00:00Z,198.5
2024-03-23T13:00:00Z,121.72
2024-03-23T14:00:00Z,77.65
2024-03-23T15:00:00Z,43.83
2024-03-23T16:00:00Z,36.83
2024-03-23T17:00:00Z,5.6
2024-03-23T18:00:00Z,0.0
2024-03-23T19:00:00Z,0.0
2024-03-23T20:00:00Z,0.0
2024-03-23T21:00:00Z,0.0
2024-03-23T22:00:00Z,0.0
2024-03-23T23:00:00Z,0.0
2024-03-24T00:00:00Z,0.0
2024-03-24T01:00:00Z,0.0
2024-03-24T02:00:00Z,0.0
2024-03-24T03:00:00Z,0.0
2024-03-24T04:00:00Z,0.0
2024-03-24T05:00:00Z,0.0
2024-03-24T06:00:00Z,59.55
2024-03-24T07:00:00Z,207.62
2024-03-24T08:00:00Z,369.4
2024-03-24T09:00:00Z,451.7
2024-03-24T10:00:00Z,544.88
2024-03-24T11:00:00Z,631.9
2024-03-24T12:00:00Z,506.95
2024-03-24T13:00:00Z,468.35
2024-03-24T14:00:00Z,512.4
2024-03-24T15:00:00Z,325.73
2024-03-24T16:00:00Z,156.4
2024-03-24T17:00:00Z,26.52
2024-03-24T18:00:00Z,0.0
2024-03-24T19:00:00Z,0.0
2024-03-24T20:00:00Z,0.0
2024-03-24T21:00:00Z,0.0
2024-03-24T22:00:00Z,0.0
2024-03-24T23:00:00Z,0.0
2024-03-25T00:00:00Z,0.0
2024-03-25T01:00:00Z,0.0
2024-03-25T02:00:00Z,0.0
2024-03-25T03:00:00Z,0.0
2024-03-25T04:00:00Z,0.0
2024-03-25T05:00:00Z,0.0
2024-03-25T06:00:00Z,61.67
2024-03-25T07:00:00Z,190.52
2024-03-25T08:00:00Z,358.98
2024-03-25T09:00:00Z,450.88
2024-03-25T10:00:00Z,606.3
2024-03-25T11:00:00Z,654.08
2024-03-25T12:00:00Z,639.25
2024-03-25T13:00:00Z,586.53
2024-03-25T14:00:00Z,477.75
2024-03-25T15:00:00Z,309.9
2024-03-25T16:00:00Z,168.77
2024-03-25T17:00:00Z,14.43
2024-03-25T18:00:00Z,0.0
2024-03-25T19:00:00Z,0.0
2024-03-25T20:00:00Z,0.0
2024-03-25T21:00:00Z,0.0
2024-03-25T22:00:00Z,0.0
2024-03-25T23:00:00Z,0.0
2024-03-26T00:00:00Z,0.0
2024-03-26T01:00:00Z,0.0
2024-03-26T02:00:00Z,0.0
2024-03-26T03:00:00Z,0.0
2024-03-26T04:00:00Z,0.0
2024-03-26T05:00:00Z,0.0
2024-03-26T06:00:00Z,31.7
2024-03-26T07:00:00Z,98.25
2024-03-26T08:00:00Z,173.0
2024-03-26T09:00:00Z,252.68
2024-03-26T10:00:00Z,534.5
2024-03-26T11:00:00Z,547.62
2024-03-26T12:00:00Z,553.4
2024-03-26T13:00:00Z,447.88
2024-03-26T14:00:00Z,313.27
2024-03-26T15:00:00Z,197.25
2024-03-26T16:00:00Z,96.38
2024-03-26T17:00:00Z,10.57
2024-03-26T18:00:00Z,0.0
2024-03-26T19:00:00Z,0.0
2024-03-26T20:00:00Z,0.0
2024-03-26T21:00:00Z,0.0
2024-03-26T22:00:00Z,0.0
2024-03-26T23:00:00Z,0.0
2024-03-27T00:00:00Z,0.0
2024-03-27T01:00:00Z,0.0
2024-03-27T02:00:00Z,0.0
2024-03-27T03:00:00Z,0.0
2024-03-27T04:00:00Z,0.0
2024-03-27T05:00:00Z,0.0
2024-03-27T06:00:00Z,57.47
2024-03-27T07:00:00Z,189.98
2024-03-27T08:00:00Z,351.4
2024-03-27T09:00:00Z,410.73
2024-03-27T10:00:00Z,324.4
2024-03-27T11:00:00Z,417.17
2024-03-27T12:00:00Z,348.77
2024-03-27T13:00:00Z,348.75
2024-03-27T14:00:00Z,370.08
2024-03-27T15:00:00Z,203.68
2024-03-27T16:00:00Z,108.55
2024-03-27T17:00:00Z,8.43
2024-03-27T18:00:00Z,0.0
2024-03-27T19:00:00Z,0.0
2024-03-27T20:00:00Z,0.0
2024-03-27T21:00:00Z,0.0
2024-03-27T22:00:00Z,0.0
2024-03-27T23:00:00Z,0.0
2024-03-28T00:00:00Z,0.0
2024-03-28T01:00:00Z,0.0
2024-03-28T02:00:00Z,0.0
2024-03-28T03:00:00Z,0.0
2024-03-28T04:00:00Z,0.0
2024-03-28T05:00:00Z,0.0
2024-03-28T06:00:00Z,36.0
2024-03-28T07:00:00Z,110.28
2024-03-28T08:00:00Z,146.43
2024-03-28T09:00:00Z,261.95
2024-03-28T10:00:00Z,426.5
2024-03-28T11:00:00Z,542.72
2024-03-28T12:00:00Z,401.7
2024-03-28T13:00:00Z,339.92
2024-03-28T14:00:00Z,418.0
2024-03-28T15:00:00Z,274.77
2024-03-28T16:00:00Z,125.78
2024-03-28T17:00:00Z,13.6
2024-03-28T18:00:00Z,0.0
2024-03-28T19:00:00Z,0.0
2024-03-28T20:00:00Z,0.0
2024-03-28T21:00:00Z,0.0
2024-03-28T22:00:00Z,0.0
2024-03-28T23:00:00Z,0.0
2024-03-29T00:00:00Z,0.0
2024-03-29T01:00:00Z,0.0
2024-03-29T02:00:00Z,0.0
2024-03-29T03:00:00Z,0.0
2024-03-29T04:00:00Z,0.0
2024-03-29T05:00:00Z,0.0
2024-03-29T06:00:00Z,32.7
2024-03-29T07:00:00Z,90.68
2024-03-29T08:00:00Z,163.77
2024-03-29T09:00:00Z,294.95
2024-03-29T10:00:00Z,339.58
2024-03-29T11:00:00Z,408.42
2024-03-29T12:00:00Z,350.85
2024-03-29T13:00:00Z,292.85
2024-03-29T14:00:00Z,294.73
2024-03-29T15:00:00Z,223.38
2024-03-29T16:00:00Z,112.12
2024-03-29T17:00:00Z,12.2
2024-03-29T18:00:00Z,0.0
2024-03-29T19:00:00Z,0.0
2024-03-29T20:00:00Z,0.0
2024-03-29T21:00:00Z,0.0
2024-03-29T22:00:00Z,0.0
2024-03-29T23:00:00Z,0.0
2024-03-30T00:00:00Z,0.0
2024-03-30T01:00:00Z,0.0
2024-03-30T02:00:00Z,0.0
2024-03-30T03:00:00Z,0.0
2024-03-30T04:00:00Z,0.0
2024-03-30T05:00:00Z,0.0
2024-03-30T06:00:00Z,44.62
2024-03-30T07:00:00Z,148.2
2024-03-30T08:00:00Z,279.38
2024-03-30T09:00:00Z,364.2
2024-03-30T10:00:00Z,355.4
2024-03-30T11:00:00Z,424.52
2024-03-30T12:00:00Z,246.12
2024-03-30T13:00:00Z,289.77
2024-03-30T14:00:00Z,293.7
2024-03-30T15:00:00Z,190.93
2024-03-30T16:00:00Z,84.05
2024-03-30T17:00:00Z,10.48
2024-03-30T18:00:00Z,0.0
2024-03-30T19:00:00Z,0.0
2024-03-30T20:00:00Z,0.0
2024-03-30T21:00:00Z,0.0
2024-03-30T22:00:00Z,0.0
2024-03-30T23:00:00Z,0.0
2024-03-31T00:00:00Z,0.0
2024-03-31T01:00:00Z,0.0
2024-03-31T02:00:00Z,0.0
2024-03-31T03:00:00Z,0.0
2024-03-31T04:00:00Z,0.0
2024-03-31T05:00:00Z,0.0
2024-03-31T06:00:00Z,56.45
2024-03-31T07:00:00Z,205.77
2024-03-31T08:00:00Z,379.45
2024-03-31T09:00:00Z,515.83
2024-03-31T10:00:00Z,646.03
2024-03-31T11:00:00Z,618.1
2024-03-31T12:00:00Z,640.25
2024-03-31T13:00:00Z,524.67
2024-03-31T14:00:00Z,397.0
2024-03-31T15:00:00Z,253.45
2024-03-31T16:00:00Z,104.05
2024-03-31T17:00:00Z,10.62
2024-03-31T18:00:00Z,0.0
2024-03-31T19:00:00Z,0.0
2024-03-31T20:00:00Z,0.0
2024-03-31T21:00:00Z,0.0
2024-03-31T22:00:00Z,0.0
2024-03-31T23:00:00Z,0.0
2024-04-01T00:00:00Z,0.0
2024-04-01T01:00:00Z,0.0
2024-04-01T02:00:00Z,0.0
2024-04-01T03:00:00Z,0.0
2024-04-01T04:00:00Z,0.0
2024-04-01T05:00:00Z,0.0
2024-04-01T06:00:00Z,60.05
2024-04-01T07:00:00Z,202.48
2024-04-01T08:00:00Z,379.88
2024-04-01T09:00:00Z,565.75
2024-04-01T10:00:00Z,646.92
2024-04-01T11:00:00Z,695.38
2024-04-01T12:00:00Z,649.22
2024-04-01T13:00:00Z,475.98
2024-04-01T14:00:00Z,441.95
2024-04-01T15:00:00Z,293.45
2024-04-01T16:00:00Z,130.2
2024-04-01T17:00:00Z,15.68
2024-04-01T18:00:00Z,0.0
2024-04-01T19:00:00Z,0.0
2024-04-01T20:00:00Z,0.0
2024-04-01T21:00:00Z,0.0
2024-04-01T22:00:00Z,0.0
2024-04-01T23:00:00Z,0.0
2024-04-02T00:00:00Z,0.0
2024-04-02T01:00:00Z,0.0
2024-04-02T02:00:00Z,0.0
2024-04-02T03:00:00Z,0.0
2024-04-02T04:00:00Z,0.0
2024-04-02T05:00:00Z,0.0
2024-04-02T06:00:00Z,59.4
2024-04-02T07:00:00Z,216.15
2024-04-02T08:00:00Z,396.55
2024-04-02T09:00:00Z,648.25
2024-04-02T10:00:00Z,781.15
2024-04-02T11:00:00Z,814.8
2024-04-02T12:00:00Z,782.7
2024-04-02T13:00:00Z,721.53
2024-04-02T14:00:00Z,591.75
2024-04-02T15:00:00Z,373.0
2024-04-02T16:00:00Z,165.7
2024-04-02T17:00:00Z,14.12
2024-04-02T18:00:00Z,0.0
2024-04-02T19:00:00Z,0.0
2024-04-02T20:00:00Z,0.0
2024-04-02T21:00:00Z,0.0
2024-04-02T22:00:00Z,0.0
2024-04-02T23:00:00Z,0.0
2024-04-03T00:00:00Z,0.0
2024-04-03T01:00:00Z,0.0
2024-04-03T02:00:00Z,0.0
2024-04-03T03:00:00Z,0.0
2024-04-03T04:00:00Z,0.0
2024-04-03T05:00:00Z,0.0
2024-04-03T06:00:00Z,60.88
2024-04-03T07:00:00Z,208.3
2024-04-03T08:00:00Z,389.52
2024-04-03T09:00:00Z,552.17
2024-04-03T10:00:00Z,730.42
2024-04-03T11:00:00Z,810.78
2024-04-03T12:00:00Z,737.25
2024-04-03T13:00:00Z,656.67
2024-04-03T14:00:00Z,527.72
2024-04-03T15:00:00Z,327.08
2024-04-03T16:00:00Z,147.98
2024-04-03T17:00:00Z,11.82
2024-04-03T18:00:00Z,0.0
2024-04-03T19:00:00Z,0.0
2024-04-03T20:00:00Z,0.0
2024-04-03T21:00:00Z,0.0
2024-04-03T22:00:00Z,0.0
2024-04-03T23:00:00Z,0.0
2024-04-04T00:00:00Z,0.0
2024-04-04T01:00:00Z,0.0
2024-04-04T02:00:00Z,0.0
2024-04-04T03:00:00Z,0.0
2024-04-04T04:00:00Z,0.0
2024-04-04T05:00:00Z,0.0
2024-04-04T06:00:00Z,73.25
2024-04-04T07:00:00Z,281.9
2024-04-04T08:00:00Z,494.88
2024-04-04T09:00:00Z,684.62
2024-04-04T10:00:00Z,813.05
2024-04-04T11:00:00Z,878.08
2024-04-04T12:00:00Z,820.28
2024-04-04T13:00:00Z,771.83
2024-04-04T14:00:00Z,614.47
2024-04-04T15:00:00Z,390.08
2024-04-04T16:00:00Z,183.05
2024-04-04T17:00:00Z,17.0
2024-04-04T18:00:00Z,0.0
2024-04-04T19:00:00Z,0.0
2024-04-04T20:00:00Z,0.0
2024-04-04T21:00:00Z,0.0
2024-04-04T22:00:00Z,0.0
2024-04-04T23:00:00Z,0.0
2024-04-05T00:00:00Z,0.0
2024-04-05T01:00:00Z,0.0
2024-04-05T02:00:00Z,0.0
2024-04-05T03:00:00Z,0.0
2024-04-05T04:00:00Z,0.0
2024-04-05T05:00:00Z,0.0
2024-04-05T06:00:00Z,56.12
2024-04-05T07:00:00Z,187.5
2024-04-05T08:00:00Z,391.23
2024-04-05T09:00:00Z,624.28
2024-04-05T10:00:00Z,806.58
2024-04-05T11:00:00Z,895.17
2024-04-05T12:00:00Z,862.97
2024-04-05T13:00:00Z,787.6
2024-04-05T14:00:00Z,634.83
2024-04-05T15:00:00Z,433.5
2024-04-05T16:00:00Z,202.57
2024-04-05T17:00:00Z,16.77
2024-04-05T18:00:00Z,0.0
2024-04-05T19:00:00Z,0.0
2024-04-05T20:00:00Z,0.0
2024-04-05T21:00:00Z,0.0
2024-04-05T22:00:00Z,0.0
2024-04-05T23:00:00Z,0.0
2024-04-06T00:00:00Z,0.0
2024-04-06T01:00:00Z,0.0
2024-04-06T02:00:00Z,0.0
2024-04-06T03:00:00Z,0.0
2024-04-06T04:00:00Z,0.0
2024-04-06T05:00:00Z,0.0
2024-04-06T06:00:00Z,80.6
2024-04-06T07:00:00Z,277.23
2024-04-06T08:00:00Z,512.35
2024-04-06T09:00:00Z,675.8
2024-04-06T10:00:00Z,779.53
2024-04-06T11:00:00Z,798.05
2024-04-06T12:00:00Z,771.12
2024-04-06T13:00:00Z,746.53
2024-04-06T14:00:00Z,544.75
2024-04-06T15:00:00Z,342.62
2024-04-06T16:00:00Z,159.9
2024-04-06T17:00:00Z,14.0
2024-04-06T18:00:00Z,0.0
2024-04-06T19:00:00Z,0.0
2024-04-06T20:00:00Z,0.0
2024-04-06T21:00:00Z,0.0
2024-04-06T22:00:00Z,0.0
2024-04-06T23:00:00Z,0.0
2024-04-07T00:00:00Z,0.0
2024-04-07T01:00:00Z,0.0
2024-04-07T02:00:00Z,0.0
2024-04-07T03:00:00Z,0.0
2024-04-07T04:00:00Z,0.0
2024-04-07T05:00:00Z,0.0
2024-04-07T06:00:00Z,52.17
2024-04-07T07:00:00Z,180.0
2024-04-07T08:00:00Z,350.08
2024-04-07T09:00:00Z,485.35
2024-04-07T10:00:00Z,573.67
2024-04-07T11:00:00Z,650.75
2024-04-07T12:00:00Z,727.85
2024-04-07T13:00:00Z,658.97
2024-04-07T14:00:00Z,571.62
2024-04-07T15:00:00Z,365.42
2024-04-07T16:00:00Z,136.9
2024-04-07T17:00:00Z,9.88
2024-04-07T18:00:00Z,0.0
2024-04-07T19:00:00Z,0.0
2024-04-07T20:00:00Z,0.0
2024-04-07T21:00:00Z,0.0
2024-04-07T22:00:00Z,0.0
2024-04-07T23:00:00Z,0.0
2024-04-08T00:00:00Z,0.0
2024-04-08T01:00:00Z,0.0
2024-04-08T02:00:00Z,0.0
2024-04-08T03:00:00Z,0.0
2024-04-08T04:00:00Z,0.0
2024-04-08T05:00:00Z,0.0
2024-04-08T06:00:00Z,61.58
2024-04-08T07:00:00Z,255.38
2024-04-08T08:00:00Z,462.7
2024-04-08T09:00:00Z,586.72
2024-04-08T10:00:00Z,678.38
2024-04-08T11:00:00Z,729.42
2024-04-08T12:00:00Z,636.85
2024-04-08T13:00:00Z,469.3
2024-04-08T14:00:00Z,310.02
2024-04-08T15:00:00Z,196.88
2024-04-08T16:00:00Z,87.4
2024-04-08T17:00:00Z,7.12
2024-04-08T18:00:00Z,0.0
2024-04-08T19:00:00Z,0.0
2024-04-08T20:00:00Z,0.0
2024-04-08T21:00:00Z,0.0
2024-04-08T22:00:00Z,0.0
2024-04-08T23:00:00Z,0.0
2024-04-09T00:00:00Z,0.0
2024-04-09T01:00:00Z,0.0
2024-04-09T02:00:00Z,0.0
2024-04-09T03:00:00Z,0.0
2024-04-09T04:00:00Z,0.0
2024-04-09T05:00:00Z,0.0
2024-04-09T06:00:00Z,68.85
2024-04-09T07:00:00Z,260.92
2024-04-09T08:00:00Z,470.05
2024-04-09T09:00:00Z,639.9
2024-04-09T10:00:00Z,758.95
2024-04-09T11:00:00Z,817.7
2024-04-09T12:00:00Z,764.53
2024-04-09T13:00:00Z,664.03
2024-04-09T14:00:00Z,521.28
2024-04-09T15:00:00Z,333.33
2024-04-09T16:00:00Z,147.3
2024-04-09T17:00:00Z,11.05
2024-04-09T18:00:00Z,0.0
2024-04-09T19:00:00Z,0.0
2024-04-09T20:00:00Z,0.0
2024-04-09T21:00:00Z,0.0
2024-04-09T22:00:00Z,0.0
2024-04-09T23:00:00Z,0.0
2024-04-10T00:00:00Z,0.0
2024-04-10T01:00:00Z,0.0
2024-04-10T02:00:00Z,0.0
2024-04-10T03:00:00Z,0.0
2024-04-10T04:00:00Z,0.0
2024-04-10T05:00:00Z,0.0
2024-04-10T06:00:00Z,74.78
2024-04-10T07:00:00Z,271.08
2024-04-10T08:00:00Z,466.65
2024-04-10T09:00:00Z,625.95
2024-04-10T10:00:00Z,743.83
2024-04-10T11:00:00Z,794.88
2024-04-10T12:00:00Z,764.38
2024-04-10T13:00:00Z,672.45
2024-04-10T14:00:00Z,539.95
2024-04-10T15:00:00Z,303.3
2024-04-10T16:00:00Z,138.65
2024-04-10T17:00:00Z,10.73
2024-04-10T18:00:00Z,0.0
2024-04-10T19:00:00Z,0.0
2024-04-10T20:00:00Z,0.0
2024-04-10T21:00:00Z,0.0
2024-04-10T22:00:00Z,0.0
2024-04-10T23:00:00Z,0.0
2024-04-11T00:00:00Z,0.0
2024-04-11T01:00:00Z,0.0
2024-04-11T02:00:00Z,0.0
2024-04-11T03:00:00Z,0.0
2024-04-11T04:00:00Z,0.0
2024-04-11T05:00:00Z,0.0
2024-04-11T06:00:00Z,68.75
2024-04-11T07:00:00Z,264.73
2024-04-11T08:00:00Z,482.15
2024-04-11T09:00:00Z,677.9
2024-04-11T10:00:00Z,797.35
2024-04-11T11:00:00Z,848.1
2024-04-11T12:00:00Z,832.6
2024-04-11T13:00:00Z,732.7
2024-04-11T14:00:00Z,586.0
2024-04-11T15:00:00Z,384.38
2024-04-11T16:00:00Z,161.23
2024-04-11T17:00:00Z,10.18
2024-04-11T18:00:00Z,0.0
2024-04-11T19:00:00Z,0.0
2024-04-11T20:00:00Z,0.0
2024-04-11T21:00:00Z,0.0
2024-04-11T22:00:00Z,0.0
2024-04-11T23:00:00Z,0.0
2024-04-12T00:00:00Z,0.0
2024-04-12T01:00:00Z,0.0
2024-04-12T02:00:00Z,0.0
2024-04-12T03:00:00Z,0.0
2024-04-12T04:00:00Z,0.0
2024-04-12T05:00:00Z,0.0
2024-04-12T06:00:00Z,79.85
2024-04-12T07:00:00Z,297.5
2024-04-12T08:00:00Z,509.77
2024-04-12T09:00:00Z,673.22
2024-04-12T10:00:00Z,786.7
2024-04-12T11:00:00Z,827.6
2024-04-12T12:00:00Z,808.03
2024-04-12T13:00:00Z,726.33
2024-04-12T14:00:00Z,572.0
2024-04-12T15:00:00Z,379.02
2024-04-12T16:00:00Z,161.75
2024-04-12T17:00:00Z,10.02
2024-04-12T18:00:00Z,0.0
2024-04-12T19:00:00Z,0.0
2024-04-12T20:00:00Z,0.0
2024-04-12T21:00:00Z,0.0
2024-04-12T22:00:00Z,0.0
2024-04-12T23:00:00Z,0.0
2024-04-13T00:00:00Z,0.0
2024-04-13T01:00:00Z,0.0
2024-04-13T02:00:00Z,0.0
2024-04-13T03:00:00Z,0.0
2024-04-13T04:00:00Z,0.0
2024-04-13T05:00:00Z,0.0
2024-04-13T06:00:00Z,81.2
2024-04-13T07:00:00Z,300.02
2024-04-13T08:00:00Z,510.6
2024-04-13T09:00:00Z,676.88
2024-04-13T10:00:00Z,797.55
2024-04-13T11:00:00Z,848.65
2024-04-13T12:00:00Z,825.0
2024-04-13T13:00:00Z,729.2
2024-04-13T14:00:00Z,580.53
2024-04-13T15:00:00Z,369.7
2024-04-13T16:00:00Z,156.32
2024-04-13T17:00:00Z,9.05
2024-04-13T18:00:00Z,0.0
2024-04-13T19:00:00Z,0.0
2024-04-13T20:00:00Z,0.0
2024-04-13T21:00:00Z,0.0
2024-04-13T22:00:00Z,0.0
2024-04-13T23:00:00Z,0.0
2024-04-14T00:00:00Z,0.0
2024-04-14T01:00:00Z,0.0
2024-04-14T02:00:00Z,0.0
2024-04-14T03:00:00Z,0.0
2024-04-14T04:00:00Z,0.0
2024-04-14T05:00:00Z,0.0
2024-04-14T06:00:00Z,72.03
2024-04-14T07:00:00Z,275.02
2024-04-14T08:00:00Z,480.85
2024-04-14T09:00:00Z,650.97
2024-04-14T10:00:00Z,753.9
2024-04-14T11:00:00Z,811.62
2024-04-14T12:00:00Z,797.12
2024-04-14T13:00:00Z,707.25
2024-04-14T14:00:00Z,538.1
2024-04-14T15:00:00Z,357.5
2024-04-14T16:00:00Z,155.4
2024-04-14T17:00:00Z,9.1
2024-04-14T18:00:00Z,0.0
2024-04-14T19:00:00Z,0.0
2024-04-14T20:00:00Z,0.0
2024-04-14T21:00:00Z,0.0
2024-04-14T22:00:00Z,0.0
2024-04-14T23:00:00Z,0.0
2024-04-15T00:00:00Z,0.0
2024-04-15T01:00:00Z,0.0
2024-04-15T02:00:00Z,0.0
2024-04-15T03:00:00Z,0.0
2024-04-15T04:00:00Z,0.0
2024-04-15T05:00:00Z,0.0
2024-04-15T06:00:00Z,83.32
2024-04-15T07:00:00Z,302.73
2024-04-15T08:00:00Z,511.15
2024-04-15T09:00:00Z,684.2
2024-04-15T10:00:00Z,799.5
2024-04-15T11:00:00Z,845.92
2024-04-15T12:00:00Z,829.67
2024-04-15T13:00:00Z,737.75
2024-04-15T14:00:00Z,585.58
2024-04-15T15:00:00Z,386.9
2024-04-15T16:00:00Z,161.98
2024-04-15T17:00:00Z,8.65
2024-04-15T18:00:00Z,0.0
2024-04-15T19:00:00Z,0.0
2024-04-15T20:00:00Z,0.0
2024-04-15T21:00:00Z,0.0
2024-04-15T22:00:00Z,0.0
2024-04-15T23:00:00Z,0.0
2024-04-16T00:00:00Z,0.0
2024-04-16T01:00:00Z,0.0
2024-04-16T02:00:00Z,0.0
2024-04-16T03:00:00Z,0.0
2024-04-16T04:00:00Z,0.0
2024-04-16T05:00:00Z,0.0
2024-04-16T06:00:00Z,72.97
2024-04-16T07:00:00Z,251.5
2024-04-16T08:00:00Z,429.98
2024-04-16T09:00:00Z,556.95
2024-04-16T10:00:00Z,571.62
2024-04-16T11:00:00Z,585.9
2024-04-16T12:00:00Z,587.35
2024-04-16T13:00:00Z,610.03
2024-04-16T14:00:00Z,482.5
2024-04-16T15:00:00Z,310.35
2024-04-16T16:00:00Z,117.1
2024-04-16T17:00:00Z,6.25
2024-04-16T18:00:00Z,0.0
2024-04-16T19:00:00Z,0.0
2024-04-16T20:00:00Z,0.0
2024-04-16T21:00:00Z,0.0
2024-04-16T22:00:00Z,0.0
2024-04-16T23:00:00Z,0.0
2024-04-17T00:00:00Z,0.0
2024-04-17T01:00:00Z,0.0
2024-04-17T02:00:00Z,0.0
2024-04-17T03:00:00Z,0.0
2024-04-17T04:00:00Z,0.0
2024-04-17T05:00:00Z,0.0
2024-04-17T06:00:00Z,71.45
2024-04-17T07:00:00Z,274.92
2024-04-17T08:00:00Z,477.45
2024-04-17T09:00:00Z,637.95
2024-04-17T10:00:00Z,752.0
2024-04-17T11:00:00Z,799.12
2024-04-17T12:00:00Z,767.88
2024-04-17T13:00:00Z,692.97
2024-04-17T14:00:00Z,532.22
2024-04-17T15:00:00Z,255.82
2024-04-17T16:00:00Z,110.0
2024-04-17T17:00:00Z,5.43
2024-04-17T18:00:00Z,0.0
2024-04-17T19:00:00Z,0.0
2024-04-17T20:00:00Z,0.0
2024-04-17T21:00:00Z,0.0
2024-04-17T22:00:00Z,0.0
2024-04-17T23:00:00Z,0.0
2024-04-18T00:00:00Z,0.0
2024-04-18T01:00:00Z,0.0
2024-04-18T02:00:00Z,0.0
2024-04-18T03:00:00Z,0.0
2024-04-18T04:00:00Z,0.0
2024-04-18T05:00:00Z,0.0
2024-04-18T06:00:00Z,67.32
2024-04-18T07:00:00Z,244.48
2024-04-18T08:00:00Z,467.02
2024-04-18T09:00:00Z,654.9
2024-04-18T10:00:00Z,732.1
2024-04-18T11:00:00Z,782.8
2024-04-18T12:00:00Z,723.45
2024-04-18T13:00:00Z,634.47
2024-04-18T14:00:00Z,492.1
2024-04-18T15:00:00Z,305.23
2024-04-18T16:00:00Z,122.1
2024-04-18T17:00:00Z,6.03
2024-04-18T18:00:00Z,0.0
2024-04-18T19:00:00Z,0.0
2024-04-18T20:00:00Z,0.0
2024-04-18T21:00:00Z,0.0
2024-04-18T22:00:00Z,0.0
2024-04-18T23:00:00Z,0.0
2024-04-19T00:00:00Z,0.0
2024-04-19T01:00:00Z,0.0
2024-04-19T02:00:00Z,0.0
2024-04-19T03:00:00Z,0.0
2024-04-19T04:00:00Z,0.0
2024-04-19T05:00:00Z,0.0
2024-04-19T06:00:00Z,48.45
2024-04-19T07:00:00Z,211.35
2024-04-19T08:00:00Z,381.88
2024-04-19T09:00:00Z,531.83
2024-04-19T10:00:00Z,631.17
2024-04-19T11:00:00Z,649.42
2024-04-19T12:00:00Z,661.3
2024-04-19T13:00:00Z,572.05
2024-04-19T14:00:00Z,478.05
2024-04-19T15:00:00Z,284.0
2024-04-19T16:00:00Z,120.75
2024-04-19T17:00:00Z,6.1
2024-04-19T18:00:00Z,0.0
2024-04-19T19:00:00Z,0.0
2024-04-19T20:00:00Z,0.0
2024-04-19T21:00:00Z,0.0
2024-04-19T22:00:00Z,0.0
2024-04-19T23:00:00Z,0.0
2024-04-20T00:00:00Z,0.0
2024-04-20T01:00:00Z,0.0
2024-04-20T02:00:00Z,0.0
2024-04-20T03:00:00Z,0.0
2024-04-20T04:00:00Z,0.0
2024-04-20T05:00:00Z,0.0
2024-04-20T06:00:00Z,52.1
2024-04-20T07:00:00Z,220.93
2024-04-20T08:00:00Z,407.88
2024-04-20T09:00:00Z,598.08
2024-04-20T10:00:00Z,680.88
2024-04-20T11:00:00Z,725.38
2024-04-20T12:00:00Z,699.0
2024-04-20T13:00:00Z,650.92
2024-04-20T14:00:00Z,453.17
2024-04-20T15:00:00Z,268.25
2024-04-20T16:00:00Z,83.97
2024-04-20T17:00:00Z,4.28
2024-04-20T18:00:00Z,0.0
2024-04-20T19:00:00Z,0.0
2024-04-20T20:00:00Z,0.0
2024-04-20T21:00:00Z,0.0
2024-04-20T22:00:00Z,0.0
2024-04-20T23:00:00Z,0.0
2024-04-21T00:00:00Z,0.0
2024-04-21T01:00:00Z,0.0
2024-04-21T02:00:00Z,0.0
2024-04-21T03:00:00Z,0.0
2024-04-21T04:00:00Z,0.0
2024-04-21T05:00:00Z,0.0
2024-04-21T06:00:00Z,41.9
2024-04-21T07:00:00Z,181.48
2024-04-21T08:00:00Z,329.2
2024-04-21T09:00:00Z,525.6
2024-04-21T10:00:00Z,637.05
2024-04-21T11:00:00Z,560.25
2024-04-21T12:00:00Z,516.97
2024-04-21T13:00:00Z,506.38
2024-04-21T14:00:00Z,436.12
2024-04-21T15:00:00Z,225.2
2024-04-21T16:00:00Z,91.25
2024-04-21T17:00:00Z,3.33
2024-04-21T18:00:00Z,0.0
2024-04-21T19:00:00Z,0.0
2024-04-21T20:00:00Z,0.0
2024-04-21T21:00:00Z,0.0
2024-04-21T22:00:00Z,0.0
2024-04-21T23:00:00Z,0.0
2024-04-22T00:00:00Z,0.0
2024-04-22T01:00:00Z,0.0
2024-04-22T02:00:00Z,0.0
2024-04-22T03:00:00Z,0.0
2024-04-22T04:00:00Z,0.0
2024-04-22T05:00:00Z,0.0
2024-04-22T06:00:00Z,34.78
2024-04-22T07:00:00Z,123.97
2024-04-22T08:00:00Z,222.02
2024-04-22T09:00:00Z,291.1
2024-04-22T10:00:00Z,179.4
2024-04-22T11:00:00Z,204.95
2024-04-22T12:00:00Z,218.05
2024-04-22T13:00:00Z,105.22
2024-04-22T14:00:00Z,49.6
2024-04-22T15:00:00Z,63.85
2024-04-22T16:00:00Z,29.65
2024-04-22T17:00:00Z,1.7
2024-04-22T18:00:00Z,0.0
2024-04-22T19:00:00Z,0.0
2024-04-22T20:00:00Z,0.0
2024-04-22T21:00:00Z,0.0
2024-04-22T22:00:00Z,0.0
2024-04-22T23:00:00Z,0.0
2024-04-23T00:00:00Z,0.0
2024-04-23T01:00:00Z,0.0
2024-04-23T02:00:00Z,0.0
2024-04-23T03:00:00Z,0.0
2024-04-23T04:00:00Z,0.0
2024-04-23T05:00:00Z,0.0
2024-04-23T06:00:00Z,39.47
2024-04-23T07:00:00Z,195.65
2024-04-23T08:00:00Z,318.05
2024-04-23T09:00:00Z,523.05
2024-04-23T10:00:00Z,591.8
2024-04-23T11:00:00Z,671.38
2024-04-23T12:00:00Z,711.58
2024-04-23T13:00:00Z,617.2
2024-04-23T14:00:00Z,446.33
2024-04-23T15:00:00Z,263.15
2024-04-23T16:00:00Z,102.03
2024-04-23T17:00:00Z,3.45
2024-04-23T18:00:00Z,0.0
2024-04-23T19:00:00Z,0.0
2024-04-23T20:00:00Z,0.0
2024-04-23T21:00:00Z,0.0
2024-04-23T22:00:00Z,0.0
2024-04-23T23:00:00Z,0.0
2024-04-24T00:00:00Z,0.0
2024-04-24T01:00:00Z,0.0
2024-04-24T02:00:00Z,0.0
2024-04-24T03:00:00Z,0.0
2024-04-24T04:00:00Z,0.0
2024-04-24T05:00:00Z,0.0
2024-04-24T06:00:00Z,49.28
2024-04-24T07:00:00Z,227.85
2024-04-24T08:00:00Z,422.42
2024-04-24T09:00:00Z,571.5
2024-04-24T10:00:00Z,666.08
2024-04-24T11:00:00Z,683.42
2024-04-24T12:00:00Z,679.8
2024-04-24T13:00:00Z,562.05
2024-04-24T14:00:00Z,440.62
2024-04-24T15:00:00Z,265.23
2024-04-24T16:00:00Z,99.95
2024-04-24T17:00:00Z,3.25
2024-04-24T18:00:00Z,0.0
2024-04-24T19:00:00Z,0.0
2024-04-24T20:00:00Z,0.0
2024-04-24T21:00:00Z,0.0
2024-04-24T22:00:00Z,0.0
2024-04-24T23:00:00Z,0.0
2024-04-25T00:00:00Z,0.0
2024-04-25T01:00:00Z,0.0
2024-04-25T02:00:00Z,0.0
2024-04-25T03:00:00Z,0.0
2024-04-25T04:00:00Z,0.0
2024-04-25T05:00:00Z,0.0
2024-04-25T06:00:00Z,58.03
2024-04-25T07:00:00Z,253.02
2024-04-25T08:00:00Z,445.98
2024-04-25T09:00:00Z,572.22
2024-04-25T10:00:00Z,675.0
2024-04-25T11:00:00Z,762.35
2024-04-25T12:00:00Z,733.08
2024-04-25T13:00:00Z,655.28
2024-04-25T14:00:00Z,485.23
2024-04-25T15:00:00Z,317.17
2024-04-25T16:00:00Z,121.43
2024-04-25T17:00:00Z,3.75
2024-04-25T18:00:00Z,0.0
2024-04-25T19:00:00Z,0.0
2024-04-25T20:00:00Z,0.0
2024-04-25T21:00:00Z,0.0
2024-04-25T22:00:00Z,0.0
2024-04-25T23:00:00Z,0.0
2024-04-26T00:00:00Z,0.0
2024-04-26T01:00:00Z,0.0
2024-04-26T02:00:00Z,0.0
2024-04-26T03:00:00Z,0.0
2024-04-26T04:00:00Z,0.0
2024-04-26T05:00:00Z,0.0
2024-04-26T06:00:00Z,58.97
2024-04-26T07:00:00Z,257.02
2024-04-26T08:00:00Z,453.65
2024-04-26T09:00:00Z,631.83
2024-04-26T10:00:00Z,734.12
2024-04-26T11:00:00Z,776.15
2024-04-26T12:00:00Z,717.75
2024-04-26T13:00:00Z,664.47
2024-04-26T14:00:00Z,491.7
2024-04-26T15:00:00Z,313.65
2024-04-26T16:00:00Z,121.5
2024-04-26T17:00:00Z,0.0
2024-04-26T18:00:00Z,0.0
2024-04-26T19:00:00Z,0.0
2024-04-26T20:00:00Z,0.0
2024-04-26T21:00:00Z,0.0
2024-04-26T22:00:00Z,0.0
2024-04-26T23:00:00Z,0.0
2024-04-27T00:00:00Z,0.0
2024-04-27T01:00:00Z,0.0
2024-04-27T02:00:00Z,0.0
2024-04-27T03:00:00Z,0.0
2024-04-27T04:00:00Z,0.0
2024-04-27T05:00:00Z,0.0
2024-04-27T06:00:00Z,44.8
2024-04-27T07:00:00Z,217.57
2024-04-27T08:00:00Z,403.48
2024-04-27T09:00:00Z,597.08
2024-04-27T10:00:00Z,680.55
2024-04-27T11:00:00Z,711.15
2024-04-27T12:00:00Z,669.22
2024-04-27T13:00:00Z,572.9
2024-04-27T14:00:00Z,398.9
2024-04-27T15:00:00Z,233.27
2024-04-27T16:00:00Z,92.32
2024-04-27T17:00:00Z,0.0
2024-04-27T18:00:00Z,0.0
2024-04-27T19:00:00Z,0.0
2024-04-27T20:00:00Z,0.0
2024-04-27T21:00:00Z,0.0
2024-04-27T22:00:00Z,0.0
2024-04-27T23:00:00Z,0.0
2024-04-28T00:00:00Z,0.0
2024-04-28T01:00:00Z,0.0
2024-04-28T02:00:00Z,0.0
2024-04-28T03:00:00Z,0.0
2024-04-28T04:00:00Z,0.0
2024-04-28T05:00:00Z,0.0
2024-04-28T06:00:00Z,52.7
2024-04-28T07:00:00Z,241.55
2024-04-28T08:00:00Z,435.15
2024-04-28T09:00:00Z,616.62
2024-04-28T10:00:00Z,727.17
2024-04-28T11:00:00Z,749.83
2024-04-28T12:00:00Z,728.03
2024-04-28T13:00:00Z,622.03
2024-04-28T14:00:00Z,491.38
2024-04-28T15:00:00Z,299.95
2024-04-28T16:00:00Z,112.55
2024-04-28T17:00:00Z,0.0
2024-04-28T18:00:00Z,0.0
2024-04-28T19:00:00Z,0.0
2024-04-28T20:00:00Z,0.0
2024-04-28T21:00:00Z,0.0
2024-04-28T22:00:00Z,0.0
2024-04-28T23:00:00Z,0.0
2024-04-29T00:00:00Z,0.0
2024-04-29T01:00:00Z,0.0
2024-04-29T02:00:00Z,0.0
2024-04-29T03:00:00Z,0.0
2024-04-29T04:00:00Z,0.0
2024-04-29T05:00:00Z,0.0
2024-04-29T06:00:00Z,49.4
2024-04-29T07:00:00Z,227.25
2024-04-29T08:00:00Z,415.42
2024-04-29T09:00:00Z,582.28
2024-04-29T10:00:00Z,680.7
2024-04-29T11:00:00Z,672.95
2024-04-29T12:00:00Z,653.55
2024-04-29T13:00:00Z,504.25
2024-04-29T14:00:00Z,392.85
2024-04-29T15:00:00Z,235.82
2024-04-29T16:00:00Z,96.2
2024-04-29T17:00:00Z,0.0
2024-04-29T18:00:00Z,0.0
2024-04-29T19:00:00Z,0.0
2024-04-29T20:00:00Z,0.0
2024-04-29T21:00:00Z,0.0
2024-04-29T22:00:00Z,0.0
2024-04-29T23:00:00Z,0.0
2024-04-30T00:00:00Z,0.0
2024-04-30T01:00:00Z,0.0
2024-04-30T02:00:00Z,0.0
2024-04-30T03:00:00Z,0.0
2024-04-30T04:00:00Z,0.0
2024-04-30T05:00:00Z,0.0
2024-04-30T06:00:00Z,47.6
2024-04-30T07:00:00Z,231.62
2024-04-30T08:00:00Z,430.42
2024-04-30T09:00:00Z,578.38
2024-04-30T10:00:00Z,656.08
2024-04-30T11:00:00Z,661.42
2024-04-30T12:00:00Z,582.5
2024-04-30T13:00:00Z,447.2
2024-04-30T14:00:00Z,361.6
2024-04-30T15:00:00Z,210.23
2024-04-30T16:00:00Z,75.88
2024-04-30T17:00:00Z,0.0
2024-04-30T18:00:00Z,0.0
2024-04-30T19:00:00Z,0.0
2024-04-30T20:00:00Z,0.0
2024-04-30T21:00:00Z,0.0
2024-04-30T22:00:00Z,0.0
2024-04-30T23:00:00Z,0.0
2024-05-01T00:00:00Z,0.0
2024-05-01T01:00:00Z,0.0
2024-05-01T02:00:00Z,0.0
2024-05-01T03:00:00Z,0.0
2024-05-01T04:00:00Z,0.0
2024-05-01T05:00:00Z,0.0
2024-05-01T06:00:00Z,25.85
2024-05-01T07:00:00Z,122.85
2024-05-01T08:00:00Z,231.85
2024-05-01T09:00:00Z,456.58
2024-05-01T10:00:00Z,625.1
2024-05-01T11:00:00Z,689.6
2024-05-01T12:00:00Z,650.92
2024-05-01T13:00:00Z,528.55
2024-05-01T14:00:00Z,393.75
2024-05-01T15:00:00Z,242.25
2024-05-01T16:00:00Z,89.95
2024-05-01T17:00:00Z,0.0
2024-05-01T18:00:00Z,0.0
2024-05-01T19:00:00Z,0.0
2024-05-01T20:00:00Z,0.0
2024-05-01T21:00:00Z,0.0
2024-05-01T22:00:00Z,0.0
2024-05-01T23:00:00Z,0.0
2024-05-02T00:00:00Z,0.0
2024-05-02T01:00:00Z,0.0
2024-05-02T02:00:00Z,0.0
2024-05-02T03:00:00Z,0.0
2024-05-02T04:00:00Z,0.0
2024-05-02T05:00:00Z,0.0
2024-05-02T06:00:00Z,42.1
2024-05-02T07:00:00Z,191.27
2024-05-02T08:00:00Z,400.0
2024-05-02T09:00:00Z,515.4
2024-05-02T10:00:00Z,548.38
2024-05-02T11:00:00Z,648.67
2024-05-02T12:00:00Z,552.25
2024-05-02T13:00:00Z,478.17
2024-05-02T14:00:00Z,256.42
2024-05-02T15:00:00Z,167.0
2024-05-02T16:00:00Z,60.5
2024-05-02T17:00:00Z,0.0
2024-05-02T18:00:00Z,0.0
2024-05-02T19:00:00Z,0.0
2024-05-02T20:00:00Z,0.0
2024-05-02T21:00:00Z,0.0
2024-05-02T22:00:00Z,0.0
2024-05-02T23:00:00Z,0.0
2024-05-03T00:00:00Z,0.0
2024-05-03T01:00:00Z,0.0
2024-05-03T02:00:00Z,0.0
2024-05-03T03:00:00Z,0.0
2024-05-03T04:00:00Z,0.0
2024-05-03T05:00:00Z,0.0
2024-05-03T06:00:00Z,31.17
2024-05-03T07:00:00Z,158.48
2024-05-03T08:00:00Z,309.02
2024-05-03T09:00:00Z,431.17
2024-05-03T10:00:00Z,430.92
2024-05-03T11:00:00Z,430.7
2024-05-03T12:00:00Z,432.85
2024-05-03T13:00:00Z,304.83
2024-05-03T14:00:00Z,218.12
2024-05-03T15:00:00Z,120.78
2024-05-03T16:00:00Z,37.28
2024-05-03T17:00:00Z,0.0
2024-05-03T18:00:00Z,0.0
2024-05-03T19:00:00Z,0.0
2024-05-03T20:00:00Z,0.0
2024-05-03T21:00:00Z,0.0
2024-05-03T22:00:00Z,0.0
2024-05-03T23:00:00Z,0.0
2024-05-04T00:00:00Z,0.0
2024-05-04T01:00:00Z,0.0
2024-05-04T02:00:00Z,0.0
2024-05-04T03:00:00Z,0.0
2024-05-04T04:00:00Z,0.0
2024-05-04T05:00:00Z,0.0
2024-05-04T06:00:00Z,15.98
2024-05-04T07:00:00Z,76.62
2024-05-04T08:00:00Z,141.32
2024-05-04T09:00:00Z,196.0
2024-05-04T10:00:00Z,246.02
2024-05-04T11:00:00Z,279.35
2024-05-04T12:00:00Z,227.48
2024-05-04T13:00:00Z,150.75
2024-05-04T14:00:00Z,180.45
2024-05-04T15:00:00Z,116.72
2024-05-04T16:00:00Z,21.6
2024-05-04T17:00:00Z,0.0
2024-05-04T18:00:00Z,0.0
2024-05-04T19:00:00Z,0.0
2024-05-04T20:00:00Z,0.0
2024-05-04T21:00:00Z,0.0
2024-05-04T22:00:00Z,0.0
2024-05-04T23:00:00Z,0.0
2024-05-05T00:00:00Z,0.0
2024-05-05T01:00:00Z,0.0
2024-05-05T02:00:00Z,0.0
2024-05-05T03:00:00Z,0.0
2024-05-05T04:00:00Z,0.0
2024-05-05T05:00:00Z,0.0
2024-05-05T06:00:00Z,11.43
2024-05-05T07:00:00Z,81.8
2024-05-05T08:00:00Z,157.9
2024-05-05T09:00:00Z,200.9
2024-05-05T10:00:00Z,261.2
2024-05-05T11:00:00Z,395.12
2024-05-05T12:00:00Z,401.45
2024-05-05T13:00:00Z,264.77
2024-05-05T14:00:00Z,151.32
2024-05-05T15:00:00Z,87.78
2024-05-05T16:00:00Z,15.62
2024-05-05T17:00:00Z,0.0
2024-05-05T18:00:00Z,0.0
2024-05-05T19:00:00Z,0.0
2024-05-05T20:00:00Z,0.0
2024-05-05T21:00:00Z,0.0
2024-05-05T22:00:00Z,0.0
2024-05-05T23:00:00Z,0.0
2024-05-06T00:00:00Z,0.0
2024-05-06T01:00:00Z,0.0
2024-05-06T02:00:00Z,0.0
2024-05-06T03:00:00Z,0.0
2024-05-06T04:00:00Z,0.0
2024-05-06T05:00:00Z,0.0
2024-05-06T06:00:00Z,34.8
2024-05-06T07:00:00Z,187.25
2024-05-06T08:00:00Z,356.15
2024-05-06T09:00:00Z,524.15
2024-05-06T10:00:00Z,611.12
2024-05-06T11:00:00Z,571.92
2024-05-06T12:00:00Z,484.62
2024-05-06T13:00:00Z,388.25
2024-05-06T14:00:00Z,275.23
2024-05-06T15:00:00Z,161.75
2024-05-06T16:00:00Z,46.95
2024-05-06T17:00:00Z,0.0
2024-05-06T18:00:00Z,0.0
2024-05-06T19:00:00Z,0.0
2024-05-06T20:00:00Z,0.0
2024-05-06T21:00:00Z,0.0
2024-05-06T22:00:00Z,0.0
2024-05-06T23:00:00Z,0.0
2024-05-07T00:00:00Z,0.0
2024-05-07T01:00:00Z,0.0
2024-05-07T02:00:00Z,0.0
2024-05-07T03:00:00Z,0.0
2024-05-07T04:00:00Z,0.0
2024-05-07T05:00:00Z,0.0
2024-05-07T06:00:00Z,30.25
2024-05-07T07:00:00Z,117.57
2024-05-07T08:00:00Z,198.88
2024-05-07T09:00:00Z,278.35
2024-05-07T10:00:00Z,317.33
2024-05-07T11:00:00Z,342.75
2024-05-07T12:00:00Z,357.88
2024-05-07T13:00:00Z,284.7
2024-05-07T14:00:00Z,180.75
2024-05-07T15:00:00Z,122.32
2024-05-07T16:00:00Z,36.05
2024-05-07T17:00:00Z,0.0
2024-05-07T18:00:00Z,0.0
2024-05-07T19:00:00Z,0.0
2024-05-07T20:00:00Z,0.0
2024-05-07T21:00:00Z,0.0
2024-05-07T22:00:00Z,0.0
2024-05-07T23:00:00Z,0.0
2024-05-08T00:00:00Z,0.0
2024-05-08T01:00:00Z,0.0
2024-05-08T02:00:00Z,0.0
2024-05-08T03:00:00Z,0.0
2024-05-08T04:00:00Z,0.0
2024-05-08T05:00:00Z,0.0
2024-05-08T06:00:00Z,31.73
2024-05-08T07:00:00Z,180.2
2024-05-08T08:00:00Z,354.67
2024-05-08T09:00:00Z,578.08
2024-05-08T10:00:00Z,691.42
2024-05-08T11:00:00Z,739.62
2024-05-08T12:00:00Z,693.15
2024-05-08T13:00:00Z,548.6
2024-05-08T14:00:00Z,447.08
2024-05-08T15:00:00Z,239.5
2024-05-08T16:00:00Z,83.82
2024-05-08T17:00:00Z,0.0
2024-05-08T18:00:00Z,0.0
2024-05-08T19:00:00Z,0.0
2024-05-08T20:00:00Z,0.0
2024-05-08T21:00:00Z,0.0
2024-05-08T22:00:00Z,0.0
2024-05-08T23:00:00Z,0.0
2024-05-09T00:00:00Z,0.0
2024-05-09T01:00:00Z,0.0
2024-05-09T02:00:00Z,0.0
2024-05-09T03:00:00Z,0.0
2024-05-09T04:00:00Z,0.0
2024-05-09T05:00:00Z,0.0
2024-05-09T06:00:00Z,44.42
2024-05-09T07:00:00Z,237.75
2024-05-09T08:00:00Z,435.7
2024-05-09T09:00:00Z,597.7
2024-05-09T10:00:00Z,719.83
2024-05-09T11:00:00Z,736.17
2024-05-09T12:00:00Z,686.9
2024-05-09T13:00:00Z,614.12
2024-05-09T14:00:00Z,444.58
2024-05-09T15:00:00Z,264.62
2024-05-09T16:00:00Z,78.18
2024-05-09T17:00:00Z,0.0
2024-05-09T18:00:00Z,0.0
2024-05-09T19:00:00Z,0.0
2024-05-09T20:00:00Z,0.0
2024-05-09T21:00:00Z,0.0
2024-05-09T22:00:00Z,0.0
2024-05-09T23:00:00Z,0.0
2024-05-10T00:00:00Z,0.0
2024-05-10T01:00:00Z,0.0
2024-05-10T02:00:00Z,0.0
2024-05-10T03:00:00Z,0.0
2024-05-10T04:00:00Z,0.0
2024-05-10T05:00:00Z,0.0
2024-05-10T06:00:00Z,46.15
2024-05-10T07:00:00Z,219.7
2024-05-10T08:00:00Z,378.65
2024-05-10T09:00:00Z,577.25
2024-05-10T10:00:00Z,681.2
2024-05-10T11:00:00Z,723.5
2024-05-10T12:00:00Z,689.35
2024-05-10T13:00:00Z,599.5
2024-05-10T14:00:00Z,479.98
2024-05-10T15:00:00Z,231.6
2024-05-10T16:00:00Z,76.55
2024-05-10T17:00:00Z,0.0
2024-05-10T18:00:00Z,0.0
2024-05-10T19:00:00Z,0.0
2024-05-10T20:00:00Z,0.0
2024-05-10T21:00:00Z,0.0
2024-05-10T22:00:00Z,0.0
2024-05-10T23:00:00Z,0.0
2024-05-11T00:00:00Z,0.0
2024-05-11T01:00:00Z,0.0
2024-05-11T02:00:00Z,0.0
2024-05-11T03:00:00Z,0.0
2024-05-11T04:00:00Z,0.0
2024-05-11T05:00:00Z,0.0
2024-05-11T06:00:00Z,36.35
2024-05-11T07:00:00Z,186.18
2024-05-11T08:00:00Z,331.08
2024-05-11T09:00:00Z,535.8
2024-05-11T10:00:00Z,630.53
2024-05-11T11:00:00Z,683.83
2024-05-11T12:00:00Z,664.45
2024-05-11T13:00:00Z,594.97
2024-05-11T14:00:00Z,470.58
2024-05-11T15:00:00Z,269.52
2024-05-11T16:00:00Z,87.97
2024-05-11T17:00:00Z,0.0
2024-05-11T18:00:00Z,0.0
2024-05-11T19:00:00Z,0.0
2024-05-11T20:00:00Z,0.0
2024-05-11T21:00:00Z,0.0
2024-05-11T22:00:00Z,0.0
2024-05-11T23:00:00Z,0.0
2024-05-12T00:00:00Z,0.0
2024-05-12T01:00:00Z,0.0
2024-05-12T02:00:00Z,0.0
2024-05-12T03:00:00Z,0.0
2024-05-12T04:00:00Z,0.0
2024-05-12T05:00:00Z,0.0
2024-05-12T06:00:00Z,41.47
2024-05-12T07:00:00Z,214.73
2024-05-12T08:00:00Z,383.6
2024-05-12T09:00:00Z,566.62
2024-05-12T10:00:00Z,670.17
2024-05-12T11:00:00Z,720.5
2024-05-12T12:00:00Z,612.35
2024-05-12T13:00:00Z,598.38
2024-05-12T14:00:00Z,454.52
2024-05-12T15:00:00Z,243.25
2024-05-12T16:00:00Z,73.38
2024-05-12T17:00:00Z,0.0
2024-05-12T18:00:00Z,0.0
2024-05-12T19:00:00Z,0.0
2024-05-12T20:00:00Z,0.0
2024-05-12T21:00:00Z,0.0
2024-05-12T22:00:00Z,0.0
2024-05-12T23:00:00Z,0.0
2024-05-13T00:00:00Z,0.0
2024-05-13T01:00:00Z,0.0
2024-05-13T02:00:00Z,0.0
2024-05-13T03:00:00Z,0.0
2024-05-13T04:00:00Z,0.0
2024-05-13T05:00:00Z,0.0
2024-05-13T06:00:00Z,41.17
2024-05-13T07:00:00Z,214.57
2024-05-13T08:00:00Z,388.98
2024-05-13T09:00:00Z,572.8
2024-05-13T10:00:00Z,675.72
2024-05-13T11:00:00Z,717.17
2024-05-13T12:00:00Z,634.1
2024-05-13T13:00:00Z,601.05
2024-05-13T14:00:00Z,412.45
2024-05-13T15:00:00Z,241.8
2024-05-13T16:00:00Z,64.22
2024-05-13T17:00:00Z,0.0
2024-05-13T18:00:00Z,0.0
2024-05-13T19:00:00Z,0.0
2024-05-13T20:00:00Z,0.0
2024-05-13T21:00:00Z,0.0
2024-05-13T22:00:00Z,0.0
2024-05-13T23:00:00Z,0.0
2024-05-14T00:00:00Z,0.0
2024-05-14T01:00:00Z,0.0
2024-05-14T02:00:00Z,0.0
2024-05-14T03:00:00Z,0.0
2024-05-14T04:00:00Z,0.0
2024-05-14T05:00:00Z,0.0
2024-05-14T06:00:00Z,18.73
2024-05-14T07:00:00Z,114.05
2024-05-14T08:00:00Z,244.0
2024-05-14T09:00:00Z,351.3
2024-05-14T10:00:00Z,369.2
2024-05-14T11:00:00Z,301.6
2024-05-14T12:00:00Z,267.73
2024-05-14T13:00:00Z,153.55
2024-05-14T14:00:00Z,94.68
2024-05-14T15:00:00Z,57.12
2024-05-14T16:00:00Z,15.38
2024-05-14T17:00:00Z,0.0
2024-05-14T18:00:00Z,0.0
2024-05-14T19:00:00Z,0.0
2024-05-14T20:00:00Z,0.0
2024-05-14T21:00:00Z,0.0
2024-05-14T22:00:00Z,0.0
2024-05-14T23:00:00Z,0.0
2024-05-15T00:00:00Z,0.0
2024-05-15T01:00:00Z,0.0
2024-05-15T02:00:00Z,0.0
2024-05-15T03:00:00Z,0.0
2024-05-15T04:00:00Z,0.0
2024-05-15T05:00:00Z,0.0
2024-05-15T06:00:00Z,4.5
2024-05-15T07:00:00Z,19.58
2024-05-15T08:00:00Z,32.78
2024-05-15T09:00:00Z,41.53
2024-05-15T10:00:00Z,75.32
2024-05-15T11:00:00Z,66.68
2024-05-15T12:00:00Z,75.18
2024-05-15T13:00:00Z,93.2
2024-05-15T14:00:00Z,74.6
2024-05-15T15:00:00Z,50.65
2024-05-15T16:00:00Z,15.65
2024-05-15T17:00:00Z,0.0
2024-05-15T18:00:00Z,0.0
2024-05-15T19:00:00Z,0.0
2024-05-15T20:00:00Z,0.0
2024-05-15T21:00:00Z,0.0
2024-05-15T22:00:00Z,0.0
2024-05-15T23:00:00Z,0.0
2024-05-16T00:00:00Z,0.0
2024-05-16T01:00:00Z,0.0
2024-05-16T02:00:00Z,0.0
2024-05-16T03:00:00Z,0.0
2024-05-16T04:00:00Z,0.0
2024-05-16T05:00:00Z,0.0
2024-05-16T06:00:00Z,9.05
2024-05-16T07:00:00Z,50.7
2024-05-16T08:00:00Z,104.32
2024-05-16T09:00:00Z,155.18
2024-05-16T10:00:00Z,277.48
2024-05-16T11:00:00Z,261.75
2024-05-16T12:00:00Z,173.6
2024-05-16T13:00:00Z,203.25
2024-05-16T14:00:00Z,365.7
2024-05-16T15:00:00Z,201.38
2024-05-16T16:00:00Z,54.55
2024-05-16T17:00:00Z,0.0
2024-05-16T18:00:00Z,0.0
2024-05-16T19:00:00Z,0.0
2024-05-16T20:00:00Z,0.0
2024-05-16T21:00:00Z,0.0
2024-05-16T22:00:00Z,0.0
2024-05-16T23:00:00Z,0.0
2024-05-17T00:00:00Z,0.0
2024-05-17T01:00:00Z,0.0
2024-05-17T02:00:00Z,0.0
2024-05-17T03:00:00Z,0.0
2024-05-17T04:00:00Z,0.0
2024-05-17T05:00:00Z,0.0
2024-05-17T06:00:00Z,38.72
2024-05-17T07:00:00Z,219.2
2024-05-17T08:00:00Z,401.83
2024-05-17T09:00:00Z,557.88
2024-05-17T10:00:00Z,664.97
2024-05-17T11:00:00Z,709.6
2024-05-17T12:00:00Z,681.08
2024-05-17T13:00:00Z,565.95
2024-05-17T14:00:00Z,440.65
2024-05-17T15:00:00Z,268.33
2024-05-17T16:00:00Z,82.5
2024-05-17T17:00:00Z,0.0
2024-05-17T18:00:00Z,0.0
2024-05-17T19:00:00Z,0.0
2024-05-17T20:00:00Z,0.0
2024-05-17T21:00:00Z,0.0
2024-05-17T22:00:00Z,0.0
2024-05-17T23:00:00Z,0.0
2024-05-18T00:00:00Z,0.0
2024-05-18T01:00:00Z,0.0
2024-05-18T02:00:00Z,0.0
2024-05-18T03:00:00Z,0.0
2024-05-18T04:00:00Z,0.0
2024-05-18T05:00:00Z,0.0
2024-05-18T06:00:00Z,39.38
2024-05-18T07:00:00Z,226.88
2024-05-18T08:00:00Z,417.5
2024-05-18T09:00:00Z,570.9
2024-05-18T10:00:00Z,682.22
2024-05-18T11:00:00Z,722.35
2024-05-18T12:00:00Z,694.62
2024-05-18T13:00:00Z,609.03
2024-05-18T14:00:00Z,461.2
2024-05-18T15:00:00Z,279.77
2024-05-18T16:00:00Z,78.4
2024-05-18T17:00:00Z,0.0
2024-05-18T18:00:00Z,0.0
2024-05-18T19:00:00Z,0.0
2024-05-18T20:00:00Z,0.0
2024-05-18T21:00:00Z,0.0
2024-05-18T22:00:00Z,0.0
2024-05-18T23:00:00Z,0.0
2024-05-19T00:00:00Z,0.0
2024-05-19T01:00:00Z,0.0
2024-05-19T02:00:00Z,0.0
2024-05-19T03:00:00Z,0.0
2024-05-19T04:00:00Z,0.0
2024-05-19T05:00:00Z,0.0
2024-05-19T06:00:00Z,34.35
2024-05-19T07:00:00Z,186.57
2024-05-19T08:00:00Z,349.62
2024-05-19T09:00:00Z,476.7
2024-05-19T10:00:00Z,539.2
2024-05-19T11:00:00Z,612.0
2024-05-19T12:00:00Z,598.4
2024-05-19T13:00:00Z,554.12
2024-05-19T14:00:00Z,404.12
2024-05-19T15:00:00Z,225.15
2024-05-19T16:00:00Z,57.95
2024-05-19T17:00:00Z,0.0
2024-05-19T18:00:00Z,0.0
2024-05-19T19:00:00Z,0.0
2024-05-19T20:00:00Z,0.0
2024-05-19T21:00:00Z,0.0
2024-05-19T22:00:00Z,0.0
2024-05-19T23:00:00Z,0.0
2024-05-20T00:00:00Z,0.0
2024-05-20T01:00:00Z,0.0
2024-05-20T02:00:00Z,0.0
2024-05-20T03:00:00Z,0.0
2024-05-20T04:00:00Z,0.0
2024-05-20T05:00:00Z,0.0
2024-05-20T06:00:00Z,31.62
2024-05-20T07:00:00Z,209.2
2024-05-20T08:00:00Z,400.23
2024-05-20T09:00:00Z,560.33
2024-05-20T10:00:00Z,662.9
2024-05-20T11:00:00Z,697.62
2024-05-20T12:00:00Z,667.97
2024-05-20T13:00:00Z,565.75
2024-05-20T14:00:00Z,429.65
2024-05-20T15:00:00Z,253.43
2024-05-20T16:00:00Z,69.82
2024-05-20T17:00:00Z,0.0
2024-05-20T18:00:00Z,0.0
2024-05-20T19:00:00Z,0.0
2024-05-20T20:00:00Z,0.0
2024-05-20T21:00:00Z,0.0
2024-05-20T22:00:00Z,0.0
2024-05-20T23:00:00Z,0.0
2024-05-21T00:00:00Z,0.0
2024-05-21T01:00:00Z,0.0
2024-05-21T02:00:00Z,0.0
2024-05-21T03:00:00Z,0.0
2024-05-21T04:00:00Z,0.0
2024-05-21T05:00:00Z,0.0
2024-05-21T06:00:00Z,31.45
2024-05-21T07:00:00Z,204.82
2024-05-21T08:00:00Z,393.73
2024-05-21T09:00:00Z,549.62
2024-05-21T10:00:00Z,654.75
2024-05-21T11:00:00Z,666.4
2024-05-21T12:00:00Z,575.92
2024-05-21T13:00:00Z,493.95
2024-05-21T14:00:00Z,361.17
2024-05-21T15:00:00Z,196.68
2024-05-21T16:00:00Z,54.97
2024-05-21T17:00:00Z,0.0
2024-05-21T18:00:00Z,0.0
2024-05-21T19:00:00Z,0.0
2024-05-21T20:00:00Z,0.0
2024-05-21T21:00:00Z,0.0
2024-05-21T22:00:00Z,0.0
2024-05-21T23:00:00Z,0.0
2024-05-22T00:00:00Z,0.0
2024-05-22T01:00:00Z,0.0
2024-05-22T02:00:00Z,0.0
2024-05-22T03:00:00Z,0.0
2024-05-22T04:00:00Z,0.0
2024-05-22T05:00:00Z,0.0
2024-05-22T06:00:00Z,20.42
2024-05-22T07:00:00Z,142.05
2024-05-22T08:00:00Z,276.15
2024-05-22T09:00:00Z,450.67
2024-05-22T10:00:00Z,527.42
2024-05-22T11:00:00Z,556.47
2024-05-22T12:00:00Z,530.08
2024-05-22T13:00:00Z,510.5
2024-05-22T14:00:00Z,368.95
2024-05-22T15:00:00Z,203.7
2024-05-22T16:00:00Z,48.22
2024-05-22T17:00:00Z,0.0
2024-05-22T18:00:00Z,0.0
2024-05-22T19:00:00Z,0.0
2024-05-22T20:00:00Z,0.0
2024-05-22T21:00:00Z,0.0
2024-05-22T22:00:00Z,0.0
2024-05-22T23:00:00Z,0.0
2024-05-23T00:00:00Z,0.0
2024-05-23T01:00:00Z,0.0
2024-05-23T02:00:00Z,0.0
2024-05-23T03:00:00Z,0.0
2024-05-23T04:00:00Z,0.0
2024-05-23T05:00:00Z,0.0
2024-05-23T06:00:00Z,18.55
2024-05-23T07:00:00Z,103.7
2024-05-23T08:00:00Z,184.48
2024-05-23T09:00:00Z,232.55
2024-05-23T10:00:00Z,314.12
2024-05-23T11:00:00Z,311.7
2024-05-23T12:00:00Z,275.33
2024-05-23T13:00:00Z,229.32
2024-05-23T14:00:00Z,93.45
2024-05-23T15:00:00Z,55.33
2024-05-23T16:00:00Z,14.2
2024-05-23T17:00:00Z,0.0
2024-05-23T18:00:00Z,0.0
2024-05-23T19:00:00Z,0.0
2024-05-23T20:00:00Z,0.0
2024-05-23T21:00:00Z,0.0
2024-05-23T22:00:00Z,0.0
2024-05-23T23:00:00Z,0.0
2024-05-24T00:00:00Z,0.0
2024-05-24T01:00:00Z,0.0
2024-05-24T02:00:00Z,0.0
2024-05-24T03:00:00Z,0.0
2024-05-24T04:00:00Z,0.0
2024-05-24T05:00:00Z,0.0
2024-05-24T06:00:00Z,20.92
2024-05-24T07:00:00Z,157.02
2024-05-24T08:00:00Z,326.08
2024-05-24T09:00:00Z,480.48
2024-05-24T10:00:00Z,472.48
2024-05-24T11:00:00Z,475.7
2024-05-24T12:00:00Z,408.3
2024-05-24T13:00:00Z,425.65
2024-05-24T14:00:00Z,304.3
2024-05-24T15:00:00Z,178.7
2024-05-24T16:00:00Z,49.08
2024-05-24T17:00:00Z,0.0
2024-05-24T18:00:00Z,0.0
2024-05-24T19:00:00Z,0.0
2024-05-24T20:00:00Z,0.0
2024-05-24T21:00:00Z,0.0
2024-05-24T22:00:00Z,0.0
2024-05-24T23:00:00Z,0.0
2024-05-25T00:00:00Z,0.0
2024-05-25T01:00:00Z,0.0
2024-05-25T02:00:00Z,0.0
2024-05-25T03:00:00Z,0.0
2024-05-25T04:00:00Z,0.0
2024-05-25T05:00:00Z,0.0
2024-05-25T06:00:00Z,25.85
2024-05-25T07:00:00Z,176.7
2024-05-25T08:00:00Z,350.77
2024-05-25T09:00:00Z,504.05
2024-05-25T10:00:00Z,601.33
2024-05-25T11:00:00Z,580.5
2024-05-25T12:00:00Z,610.38
2024-05-25T13:00:00Z,523.85
2024-05-25T14:00:00Z,303.0
2024-05-25T15:00:00Z,182.52
2024-05-25T16:00:00Z,49.83
2024-05-25T17:00:00Z,0.0
2024-05-25T18:00:00Z,0.0
2024-05-25T19:00:00Z,0.0
2024-05-25T20:00:00Z,0.0
2024-05-25T21:00:00Z,0.0
2024-05-25T22:00:00Z,0.0
2024-05-25T23:00:00Z,0.0
2024-05-26T00:00:00Z,0.0
2024-05-26T01:00:00Z,0.0
2024-05-26T02:00:00Z,0.0
2024-05-26T03:00:00Z,0.0
2024-05-26T04:00:00Z,0.0
2024-05-26T05:00:00Z,0.0
2024-05-26T06:00:00Z,21.35
2024-05-26T07:00:00Z,137.6
2024-05-26T08:00:00Z,281.52
2024-05-26T09:00:00Z,404.02
2024-05-26T10:00:00Z,458.85
2024-05-26T11:00:00Z,519.1
2024-05-26T12:00:00Z,407.27
2024-05-26T13:00:00Z,317.88
2024-05-26T14:00:00Z,265.33
2024-05-26T15:00:00Z,142.75
2024-05-26T16:00:00Z,37.88
2024-05-26T17:00:00Z,0.0
2024-05-26T18:00:00Z,0.0
2024-05-26T19:00:00Z,0.0
2024-05-26T20:00:00Z,0.0
2024-05-26T21:00:00Z,0.0
2024-05-26T22:00:00Z,0.0
2024-05-26T23:00:00Z,0.0
2024-05-27T00:00:00Z,0.0
2024-05-27T01:00:00Z,0.0
2024-05-27T02:00:00Z,0.0
2024-05-27T03:00:00Z,0.0
2024-05-27T04:00:00Z,0.0
2024-05-27T05:00:00Z,0.0
2024-05-27T06:00:00Z,8.55
2024-05-27T07:00:00Z,56.65
2024-05-27T08:00:00Z,113.4
2024-05-27T09:00:00Z,175.02
2024-05-27T10:00:00Z,158.12
2024-05-27T11:00:00Z,232.4
2024-05-27T12:00:00Z,260.02
2024-05-27T13:00:00Z,211.43
2024-05-27T14:00:00Z,181.35
2024-05-27T15:00:00Z,101.05
2024-05-27T16:00:00Z,24.27
2024-05-27T17:00:00Z,0.0
2024-05-27T18:00:00Z,0.0
2024-05-27T19:00:00Z,0.0
2024-05-27T20:00:00Z,0.0
2024-05-27T21:00:00Z,0.0
2024-05-27T22:00:00Z,0.0
2024-05-27T23:00:00Z,0.0
2024-05-28T00:00:00Z,0.0
2024-05-28T01:00:00Z,0.0
2024-05-28T02:00:00Z,0.0
2024-05-28T03:00:00Z,0.0
2024-05-28T04:00:00Z,0.0
2024-05-28T05:00:00Z,0.0
2024-05-28T06:00:00Z,12.77
2024-05-28T07:00:00Z,79.12
2024-05-28T08:00:00Z,180.88
2024-05-28T09:00:00Z,286.6
2024-05-28T10:00:00Z,421.58
2024-05-28T11:00:00Z,416.88
2024-05-28T12:00:00Z,460.3
2024-05-28T13:00:00Z,487.65
2024-05-28T14:00:00Z,338.83
2024-05-28T15:00:00Z,190.98
2024-05-28T16:00:00Z,48.67
2024-05-28T17:00:00Z,0.0
2024-05-28T18:00:00Z,0.0
2024-05-28T19:00:00Z,0.0
2024-05-28T20:00:00Z,0.0
2024-05-28T21:00:00Z,0.0
2024-05-28T22:00:00Z,0.0
2024-05-28T23:00:00Z,0.0
2024-05-29T00:00:00Z,0.0
2024-05-29T01:00:00Z,0.0
2024-05-29T02:00:00Z,0.0
2024-05-29T03:00:00Z,0.0
2024-05-29T04:00:00Z,0.0
2024-05-29T05:00:00Z,0.0
2024-05-29T06:00:00Z,12.9
2024-05-29T07:00:00Z,88.65
2024-05-29T08:00:00Z,165.65
2024-05-29T09:00:00Z,246.98
2024-05-29T10:00:00Z,391.92
2024-05-29T11:00:00Z,433.4
2024-05-29T12:00:00Z,416.58
2024-05-29T13:00:00Z,347.15
2024-05-29T14:00:00Z,230.07
2024-05-29T15:00:00Z,107.0
2024-05-29T16:00:00Z,27.52
2024-05-29T17:00:00Z,0.0
2024-05-29T18:00:00Z,0.0
2024-05-29T19:00:00Z,0.0
2024-05-29T20:00:00Z,0.0
2024-05-29T21:00:00Z,0.0
2024-05-29T22:00:00Z,0.0
2024-05-29T23:00:00Z,0.0
2024-05-30T00:00:00Z,0.0
2024-05-30T01:00:00Z,0.0
2024-05-30T02:00:00Z,0.0
2024-05-30T03:00:00Z,0.0
2024-05-30T04:00:00Z,0.0
2024-05-30T05:00:00Z,0.0
2024-05-30T06:00:00Z,15.1
2024-05-30T07:00:00Z,100.32
2024-05-30T08:00:00Z,185.38
2024-05-30T09:00:00Z,250.6
2024-05-30T10:00:00Z,343.58
2024-05-30T11:00:00Z,373.52
2024-05-30T12:00:00Z,319.42
2024-05-30T13:00:00Z,252.93
2024-05-30T14:00:00Z,165.2
2024-05-30T15:00:00Z,92.9
2024-05-30T16:00:00Z,14.27
2024-05-30T17:00:00Z,0.0
2024-05-30T18:00:00Z,0.0
2024-05-30T19:00:00Z,0.0
2024-05-30T20:00:00Z,0.0
2024-05-30T21:00:00Z,0.0
2024-05-30T22:00:00Z,0.0
2024-05-30T23:00:00Z,0.0
2024-05-31T00:00:00Z,0.0
2024-05-31T01:00:00Z,0.0
2024-05-31T02:00:00Z,0.0
2024-05-31T03:00:00Z,0.0
2024-05-31T04:00:00Z,0.0
2024-05-31T05:00:00Z,0.0
2024-05-31T06:00:00Z,13.38
2024-05-31T07:00:00Z,131.62
2024-05-31T08:00:00Z,226.18
2024-05-31T09:00:00Z,307.23
2024-05-31T10:00:00Z,398.7
2024-05-31T11:00:00Z,450.92
2024-05-31T12:00:00Z,389.38
2024-05-31T13:00:00Z,338.77
2024-05-31T14:00:00Z,245.88
2024-05-31T15:00:00Z,120.53
2024-05-31T16:00:00Z,34.17
2024-05-31T17:00:00Z,0.0
2024-05-31T18:00:00Z,0.0
2024-05-31T19:00:00Z,0.0
2024-05-31T20:00:00Z,0.0
2024-05-31T21:00:00Z,0.0
2024-05-31T22:00:00Z,0.0
2024-05-31T23:00:00Z,0.0
2024-06-01T00:00:00Z,0.0
2024-06-01T01:00:00Z,0.0
2024-06-01T02:00:00Z,0.0
2024-06-01T03:00:00Z,0.0
2024-06-01T04:00:00Z,0.0
2024-06-01T05:00:00Z,0.0
2024-06-01T06:00:00Z,25.3
2024-06-01T07:00:00Z,174.12
2024-06-01T08:00:00Z,335.35
2024-06-01T09:00:00Z,501.0
2024-06-01T10:00:00Z,585.92
2024-06-01T11:00:00Z,636.8
2024-06-01T12:00:00Z,616.65
2024-06-01T13:00:00Z,527.9
2024-06-01T14:00:00Z,347.12
2024-06-01T15:00:00Z,201.95
2024-06-01T16:00:00Z,55.9
2024-06-01T17:00:00Z,0.0
2024-06-01T18:00:00Z,0.0
2024-06-01T19:00:00Z,0.0
2024-06-01T20:00:00Z,0.0
2024-06-01T21:00:00Z,0.0
2024-06-01T22:00:00Z,0.0
2024-06-01T23:00:00Z,0.0
2024-06-02T00:00:00Z,0.0
2024-06-02T01:00:00Z,0.0
2024-06-02T02:00:00Z,0.0
2024-06-02T03:00:00Z,0.0
2024-06-02T04:00:00Z,0.0
2024-06-02T05:00:00Z,0.0
2024-06-02T06:00:00Z,20.83
2024-06-02T07:00:00Z,169.32
2024-06-02T08:00:00Z,352.3
2024-06-02T09:00:00Z,495.52
2024-06-02T10:00:00Z,576.25
2024-06-02T11:00:00Z,587.9
2024-06-02T12:00:00Z,598.65
2024-06-02T13:00:00Z,507.85
2024-06-02T14:00:00Z,372.15
2024-06-02T15:00:00Z,211.23
2024-06-02T16:00:00Z,55.8
2024-06-02T17:00:00Z,0.0
2024-06-02T18:00:00Z,0.0
2024-06-02T19:00:00Z,0.0
2024-06-02T20:00:00Z,0.0
2024-06-02T21:00:00Z,0.0
2024-06-02T22:00:00Z,0.0
2024-06-02T23:00:00Z,0.0
2024-06-03T00:00:00Z,0.0
2024-06-03T01:00:00Z,0.0
2024-06-03T02:00:00Z,0.0
2024-06-03T03:00:00Z,0.0
2024-06-03T04:00:00Z,0.0
2024-06-03T05:00:00Z,0.0
2024-06-03T06:00:00Z,16.45
2024-06-03T07:00:00Z,144.02
2024-06-03T08:00:00Z,282.5
2024-06-03T09:00:00Z,430.33
2024-06-03T10:00:00Z,513.15
2024-06-03T11:00:00Z,474.58
2024-06-03T12:00:00Z,427.17
2024-06-03T13:00:00Z,393.9
2024-06-03T14:00:00Z,270.55
2024-06-03T15:00:00Z,140.25
2024-06-03T16:00:00Z,32.75
2024-06-03T17:00:00Z,0.0
2024-06-03T18:00:00Z,0.0
2024-06-03T19:00:00Z,0.0
2024-06-03T20:00:00Z,0.0
2024-06-03T21:00:00Z,0.0
2024-06-03T22:00:00Z,0.0
2024-06-03T23:00:00Z,0.0
2024-06-04T00:00:00Z,0.0
2024-06-04T01:00:00Z,0.0
2024-06-04T02:00:00Z,0.0
2024-06-04T03:00:00Z,0.0
2024-06-04T04:00:00Z,0.0
2024-06-04T05:00:00Z,0.0
2024-06-04T06:00:00Z,25.4
2024-06-04T07:00:00Z,197.38
2024-06-04T08:00:00Z,385.92
2024-06-04T09:00:00Z,552.1
2024-06-04T10:00:00Z,651.78
2024-06-04T11:00:00Z,687.65
2024-06-04T12:00:00Z,654.67
2024-06-04T13:00:00Z,566.12
2024-06-04T14:00:00Z,429.6
2024-06-04T15:00:00Z,253.55
2024-06-04T16:00:00Z,68.35
2024-06-04T17:00:00Z,0.0
2024-06-04T18:00:00Z,0.0
2024-06-04T19:00:00Z,0.0
2024-06-04T20:00:00Z,0.0
2024-06-04T21:00:00Z,0.0
2024-06-04T22:00:00Z,0.0
2024-06-04T23:00:00Z,0.0
2024-06-05T00:00:00Z,0.0
2024-06-05T01:00:00Z,0.0
2024-06-05T02:00:00Z,0.0
2024-06-05T03:00:00Z,0.0
2024-06-05T04:00:00Z,0.0
2024-06-05T05:00:00Z,0.0
2024-06-05T06:00:00Z,18.45
2024-06-05T07:00:00Z,151.68
2024-06-05T08:00:00Z,300.42
2024-06-05T09:00:00Z,499.85
2024-06-05T10:00:00Z,604.35
2024-06-05T11:00:00Z,655.22
2024-06-05T12:00:00Z,631.55
2024-06-05T13:00:00Z,540.8
2024-06-05T14:00:00Z,367.42
2024-06-05T15:00:00Z,211.77
2024-06-05T16:00:00Z,55.58
2024-06-05T17:00:00Z,0.0
2024-06-05T18:00:00Z,0.0
2024-06-05T19:00:00Z,0.0
2024-06-05T20:00:00Z,0.0
2024-06-05T21:00:00Z,0.0
2024-06-05T22:00:00Z,0.0
2024-06-05T23:00:00Z,0.0
2024-06-06T00:00:00Z,0.0
2024-06-06T01:00:00Z,0.0
2024-06-06T02:00:00Z,0.0
2024-06-06T03:00:00Z,0.0
2024-06-06T04:00:00Z,0.0
2024-06-06T05:00:00Z,0.0
2024-06-06T06:00:00Z,21.35
2024-06-06T07:00:00Z,153.65
2024-06-06T08:00:00Z,291.6
2024-06-06T09:00:00Z,475.02
2024-06-06T10:00:00Z,569.9
2024-06-06T11:00:00Z,633.1
2024-06-06T12:00:00Z,616.65
2024-06-06T13:00:00Z,544.17
2024-06-06T14:00:00Z,417.15
2024-06-06T15:00:00Z,241.62
2024-06-06T16:00:00Z,60.35
2024-06-06T17:00:00Z,0.0
2024-06-06T18:00:00Z,0.0
2024-06-06T19:00:00Z,0.0
2024-06-06T20:00:00Z,0.0
2024-06-06T21:00:00Z,0.0
2024-06-06T22:00:00Z,0.0
2024-06-06T23:00:00Z,0.0
2024-06-07T00:00:00Z,0.0
2024-06-07T01:00:00Z,0.0
2024-06-07T02:00:00Z,0.0
2024-06-07T03:00:00Z,0.0
2024-06-07T04:00:00Z,0.0
2024-06-07T05:00:00Z,0.0
2024-06-07T06:00:00Z,17.65
2024-06-07T07:00:00Z,143.73
2024-06-07T08:00:00Z,290.7
2024-06-07T09:00:00Z,468.08
2024-06-07T10:00:00Z,583.05
2024-06-07T11:00:00Z,628.22
2024-06-07T12:00:00Z,601.17
2024-06-07T13:00:00Z,531.7
2024-06-07T14:00:00Z,365.92
2024-06-07T15:00:00Z,220.68
2024-06-07T16:00:00Z,63.25
2024-06-07T17:00:00Z,0.0
2024-06-07T18:00:00Z,0.0
2024-06-07T19:00:00Z,0.0
2024-06-07T20:00:00Z,0.0
2024-06-07T21:00:00Z,0.0
2024-06-07T22:00:00Z,0.0
2024-06-07T23:00:00Z,0.0
2024-06-08T00:00:00Z,0.0
2024-06-08T01:00:00Z,0.0
2024-06-08T02:00:00Z,0.0
2024-06-08T03:00:00Z,0.0
2024-06-08T04:00:00Z,0.0
2024-06-08T05:00:00Z,0.0
2024-06-08T06:00:00Z,18.98
2024-06-08T07:00:00Z,149.6
2024-06-08T08:00:00Z,294.2
2024-06-08T09:00:00Z,493.9
2024-06-08T10:00:00Z,590.62
2024-06-08T11:00:00Z,647.05
2024-06-08T12:00:00Z,616.88
2024-06-08T13:00:00Z,540.97
2024-06-08T14:00:00Z,393.58
2024-06-08T15:00:00Z,211.05
2024-06-08T16:00:00Z,60.45
2024-06-08T17:00:00Z,0.0
2024-06-08T18:00:00Z,0.0
2024-06-08T19:00:00Z,0.0
2024-06-08T20:00:00Z,0.0
2024-06-08T21:00:00Z,0.0
2024-06-08T22:00:00Z,0.0
2024-06-08T23:00:00Z,0.0
2024-06-09T00:00:00Z,0.0
2024-06-09T01:00:00Z,0.0
2024-06-09T02:00:00Z,0.0
2024-06-09T03:00:00Z,0.0
2024-06-09T04:00:00Z,0.0
2024-06-09T05:00:00Z,0.0
2024-06-09T06:00:00Z,17.02
2024-06-09T07:00:00Z,139.12
2024-06-09T08:00:00Z,283.98
2024-06-09T09:00:00Z,491.98
2024-06-09T10:00:00Z,600.1
2024-06-09T11:00:00Z,661.25
2024-06-09T12:00:00Z,630.92
2024-06-09T13:00:00Z,549.17
2024-06-09T14:00:00Z,429.7
2024-06-09T15:00:00Z,252.7
2024-06-09T16:00:00Z,69.57
2024-06-09T17:00:00Z,0.0
2024-06-09T18:00:00Z,0.0
2024-06-09T19:00:00Z,0.0
2024-06-09T20:00:00Z,0.0
2024-06-09T21:00:00Z,0.0
2024-06-09T22:00:00Z,0.0
2024-06-09T23:00:00Z,0.0
2024-06-10T00:00:00Z,0.0
2024-06-10T01:00:00Z,0.0
2024-06-10T02:00:00Z,0.0
2024-06-10T03:00:00Z,0.0
2024-06-10T04:00:00Z,0.0
2024-06-10T05:00:00Z,0.0
2024-06-10T06:00:00Z,17.6
2024-06-10T07:00:00Z,135.55
2024-06-10T08:00:00Z,295.33
2024-06-10T09:00:00Z,433.5
2024-06-10T10:00:00Z,518.65
2024-06-10T11:00:00Z,595.75
2024-06-10T12:00:00Z,583.88
2024-06-10T13:00:00Z,458.7
2024-06-10T14:00:00Z,352.27
2024-06-10T15:00:00Z,205.2
2024-06-10T16:00:00Z,61.03
2024-06-10T17:00:00Z,0.0
2024-06-10T18:00:00Z,0.0
2024-06-10T19:00:00Z,0.0
2024-06-10T20:00:00Z,0.0
2024-06-10T21:00:00Z,0.0
2024-06-10T22:00:00Z,0.0
2024-06-10T23:00:00Z,0.0
2024-06-11T00:00:00Z,0.0
2024-06-11T01:00:00Z,0.0
2024-06-11T02:00:00Z,0.0
2024-06-11T03:00:00Z,0.0
2024-06-11T04:00:00Z,0.0
2024-06-11T05:00:00Z,0.0
2024-06-11T06:00:00Z,11.73
2024-06-11T07:00:00Z,110.3
2024-06-11T08:00:00Z,230.88
2024-06-11T09:00:00Z,357.4
2024-06-11T10:00:00Z,426.1
2024-06-11T11:00:00Z,306.05
2024-06-11T12:00:00Z,404.75
2024-06-11T13:00:00Z,246.32
2024-06-11T14:00:00Z,241.3
2024-06-11T15:00:00Z,145.73
2024-06-11T16:00:00Z,47.3
2024-06-11T17:00:00Z,0.0
2024-06-11T18:00:00Z,0.0
2024-06-11T19:00:00Z,0.0
2024-06-11T20:00:00Z,0.0
2024-06-11T21:00:00Z,0.0
2024-06-11T22:00:00Z,0.0
2024-06-11T23:00:00Z,0.0
2024-06-12T00:00:00Z,0.0
2024-06-12T01:00:00Z,0.0
2024-06-12T02:00:00Z,0.0
2024-06-12T03:00:00Z,0.0
2024-06-12T04:00:00Z,0.0
2024-06-12T05:00:00Z,0.0
2024-06-12T06:00:00Z,18.88
2024-06-12T07:00:00Z,157.98
2024-06-12T08:00:00Z,319.8
2024-06-12T09:00:00Z,494.33
2024-06-12T10:00:00Z,597.28
2024-06-12T11:00:00Z,649.67
2024-06-12T12:00:00Z,604.58
2024-06-12T13:00:00Z,527.3
2024-06-12T14:00:00Z,358.42
2024-06-12T15:00:00Z,214.5
2024-06-12T16:00:00Z,56.65
2024-06-12T17:00:00Z,0.0
2024-06-12T18:00:00Z,0.0
2024-06-12T19:00:00Z,0.0
2024-06-12T20:00:00Z,0.0
2024-06-12T21:00:00Z,0.0
2024-06-12T22:00:00Z,0.0
2024-06-12T23:00:00Z,0.0
2024-06-13T00:00:00Z,0.0
2024-06-13T01:00:00Z,0.0
2024-06-13T02:00:00Z,0.0
2024-06-13T03:00:00Z,0.0
2024-06-13T04:00:00Z,0.0
2024-06-13T05:00:00Z,0.0
2024-06-13T06:00:00Z,15.18
2024-06-13T07:00:00Z,132.4
2024-06-13T08:00:00Z,270.52
2024-06-13T09:00:00Z,439.62
2024-06-13T10:00:00Z,530.03
2024-06-13T11:00:00Z,460.17
2024-06-13T12:00:00Z,369.38
2024-06-13T13:00:00Z,287.7
2024-06-13T14:00:00Z,214.88
2024-06-13T15:00:00Z,122.57
2024-06-13T16:00:00Z,25.12
2024-06-13T17:00:00Z,0.0
2024-06-13T18:00:00Z,0.0
2024-06-13T19:00:00Z,0.0
2024-06-13T20:00:00Z,0.0
2024-06-13T21:00:00Z,0.0
2024-06-13T22:00:00Z,0.0
2024-06-13T23:00:00Z,0.0
2024-06-14T00:00:00Z,0.0
2024-06-14T01:00:00Z,0.0
2024-06-14T02:00:00Z,0.0
2024-06-14T03:00:00Z,0.0
2024-06-14T04:00:00Z,0.0
2024-06-14T05:00:00Z,0.0
2024-06-14T06:00:00Z,19.17
2024-06-14T07:00:00Z,163.5
2024-06-14T08:00:00Z,331.45
2024-06-14T09:00:00Z,488.12
2024-06-14T10:00:00Z,566.08
2024-06-14T11:00:00Z,578.08
2024-06-14T12:00:00Z,468.75
2024-06-14T13:00:00Z,483.08
2024-06-14T14:00:00Z,338.85
2024-06-14T15:00:00Z,198.62
2024-06-14T16:00:00Z,57.65
2024-06-14T17:00:00Z,0.0
2024-06-14T18:00:00Z,0.0
2024-06-14T19:00:00Z,0.0
2024-06-14T20:00:00Z,0.0
2024-06-14T21:00:00Z,0.0
2024-06-14T22:00:00Z,0.0
2024-06-14T23:00:00Z,0.0
2024-06-15T00:00:00Z,0.0
2024-06-15T01:00:00Z,0.0
2024-06-15T02:00:00Z,0.0
2024-06-15T03:00:00Z,0.0
2024-06-15T04:00:00Z,0.0
2024-06-15T05:00:00Z,0.0
2024-06-15T06:00:00Z,14.15
2024-06-15T07:00:00Z,144.1
2024-06-15T08:00:00Z,325.55
2024-06-15T09:00:00Z,466.75
2024-06-15T10:00:00Z,531.0
2024-06-15T11:00:00Z,606.92
2024-06-15T12:00:00Z,548.1
2024-06-15T13:00:00Z,491.67
2024-06-15T14:00:00Z,366.3
2024-06-15T15:00:00Z,210.8
2024-06-15T16:00:00Z,50.28
2024-06-15T17:00:00Z,0.0
2024-06-15T18:00:00Z,0.0
2024-06-15T19:00:00Z,0.0
2024-06-15T20:00:00Z,0.0
2024-06-15T21:00:00Z,0.0
2024-06-15T22:00:00Z,0.0
2024-06-15T23:00:00Z,0.0
2024-06-16T00:00:00Z,0.0
2024-06-16T01:00:00Z,0.0
2024-06-16T02:00:00Z,0.0
2024-06-16T03:00:00Z,0.0
2024-06-16T04:00:00Z,0.0
2024-06-16T05:00:00Z,0.0
2024-06-16T06:00:00Z,7.68
2024-06-16T07:00:00Z,59.7
2024-06-16T08:00:00Z,147.52
2024-06-16T09:00:00Z,231.77
2024-06-16T10:00:00Z,296.73
2024-06-16T11:00:00Z,315.88
2024-06-16T12:00:00Z,332.15
2024-06-16T13:00:00Z,244.23
2024-06-16T14:00:00Z,174.65
2024-06-16T15:00:00Z,111.2
2024-06-16T16:00:00Z,27.5
2024-06-16T17:00:00Z,0.0
2024-06-16T18:00:00Z,0.0
2024-06-16T19:00:00Z,0.0
2024-06-16T20:00:00Z,0.0
2024-06-16T21:00:00Z,0.0
2024-06-16T22:00:00Z,0.0
2024-06-16T23:00:00Z,0.0
2024-06-17T00:00:00Z,0.0
2024-06-17T01:00:00Z,0.0
2024-06-17T02:00:00Z,0.0
2024-06-17T03:00:00Z,0.0
2024-06-17T04:00:00Z,0.0
2024-06-17T05:00:00Z,0.0
2024-06-17T06:00:00Z,12.93
2024-06-17T07:00:00Z,112.65
2024-06-17T08:00:00Z,248.5
2024-06-17T09:00:00Z,385.02
2024-06-17T10:00:00Z,502.73
2024-06-17T11:00:00Z,558.28
2024-06-17T12:00:00Z,546.3
2024-06-17T13:00:00Z,431.5
2024-06-17T14:00:00Z,310.27
2024-06-17T15:00:00Z,174.8
2024-06-17T16:00:00Z,42.53
2024-06-17T17:00:00Z,0.0
2024-06-17T18:00:00Z,0.0
2024-06-17T19:00:00Z,0.0
2024-06-17T20:00:00Z,0.0
2024-06-17T21:00:00Z,0.0
2024-06-17T22:00:00Z,0.0
2024-06-17T23:00:00Z,0.0
2024-06-18T00:00:00Z,0.0
2024-06-18T01:00:00Z,0.0
2024-06-18T02:00:00Z,0.0
2024-06-18T03:00:00Z,0.0
2024-06-18T04:00:00Z,0.0
2024-06-18T05:00:00Z,0.0
2024-06-18T06:00:00Z,15.8
2024-06-18T07:00:00Z,135.82
2024-06-18T08:00:00Z,276.12
2024-06-18T09:00:00Z,439.08
2024-06-18T10:00:00Z,507.77
2024-06-18T11:00:00Z,574.92
2024-06-18T12:00:00Z,424.88
2024-06-18T13:00:00Z,386.62
2024-06-18T14:00:00Z,282.1
2024-06-18T15:00:00Z,177.73
2024-06-18T16:00:00Z,46.95
2024-06-18T17:00:00Z,0.0
2024-06-18T18:00:00Z,0.0
2024-06-18T19:00:00Z,0.0
2024-06-18T20:00:00Z,0.0
2024-06-18T21:00:00Z,0.0
2024-06-18T22:00:00Z,0.0
2024-06-18T23:00:00Z,0.0
2024-06-19T00:00:00Z,0.0
2024-06-19T01:00:00Z,0.0
2024-06-19T02:00:00Z,0.0
2024-06-19T03:00:00Z,0.0
2024-06-19T04:00:00Z,0.0
2024-06-19T05:00:00Z,0.0
2024-06-19T06:00:00Z,13.68
2024-06-19T07:00:00Z,105.12
2024-06-19T08:00:00Z,216.32
2024-06-19T09:00:00Z,336.2
2024-06-19T10:00:00Z,456.25
2024-06-19T11:00:00Z,513.5
2024-06-19T12:00:00Z,435.2
2024-06-19T13:00:00Z,291.02
2024-06-19T14:00:00Z,157.73
2024-06-19T15:00:00Z,101.62
2024-06-19T16:00:00Z,24.48
2024-06-19T17:00:00Z,0.0
2024-06-19T18:00:00Z,0.0
2024-06-19T19:00:00Z,0.0
2024-06-19T20:00:00Z,0.0
2024-06-19T21:00:00Z,0.0
2024-06-19T22:00:00Z,0.0
2024-06-19T23:00:00Z,0.0
2024-06-20T00:00:00Z,0.0
2024-06-20T01:00:00Z,0.0
2024-06-20T02:00:00Z,0.0
2024-06-20T03:00:00Z,0.0
2024-06-20T04:00:00Z,0.0
2024-06-20T05:00:00Z,0.0
2024-06-20T06:00:00Z,15.07
2024-06-20T07:00:00Z,165.6
2024-06-20T08:00:00Z,358.67
2024-06-20T09:00:00Z,524.12
2024-06-20T10:00:00Z,627.85
2024-06-20T11:00:00Z,672.65
2024-06-20T12:00:00Z,650.45
2024-06-20T13:00:00Z,533.22
2024-06-20T14:00:00Z,409.98
2024-06-20T15:00:00Z,244.6
2024-06-20T16:00:00Z,69.47
2024-06-20T17:00:00Z,0.0
2024-06-20T18:00:00Z,0.0
2024-06-20T19:00:00Z,0.0
2024-06-20T20:00:00Z,0.0
2024-06-20T21:00:00Z,0.0
2024-06-20T22:00:00Z,0.0
2024-06-20T23:00:00Z,0.0
2024-06-21T00:00:00Z,0.0
2024-06-21T01:00:00Z,0.0
2024-06-21T02:00:00Z,0.0
2024-06-21T03:00:00Z,0.0
2024-06-21T04:00:00Z,0.0
2024-06-21T05:00:00Z,0.0
2024-06-21T06:00:00Z,17.4
2024-06-21T07:00:00Z,167.2
2024-06-21T08:00:00Z,352.25
2024-06-21T09:00:00Z,505.3
2024-06-21T10:00:00Z,624.4
2024-06-21T11:00:00Z,660.62
2024-06-21T12:00:00Z,625.45
2024-06-21T13:00:00Z,532.2
2024-06-21T14:00:00Z,355.5
2024-06-21T15:00:00Z,203.8
2024-06-21T16:00:00Z,56.95
2024-06-21T17:00:00Z,0.0
2024-06-21T18:00:00Z,0.0
2024-06-21T19:00:00Z,0.0
2024-06-21T20:00:00Z,0.0
2024-06-21T21:00:00Z,0.0
2024-06-21T22:00:00Z,0.0
2024-06-21T23:00:00Z,0.0
2024-06-22T00:00:00Z,0.0
2024-06-22T01:00:00Z,0.0
2024-06-22T02:00:00Z,0.0
2024-06-22T03:00:00Z,0.0
2024-06-22T04:00:00Z,0.0
2024-06-22T05:00:00Z,0.0
2024-06-22T06:00:00Z,12.32
2024-06-22T07:00:00Z,121.82
2024-06-22T08:00:00Z,266.75
2024-06-22T09:00:00Z,400.12
2024-06-22T10:00:00Z,538.33
2024-06-22T11:00:00Z,605.28
2024-06-22T12:00:00Z,571.72
2024-06-22T13:00:00Z,417.35
2024-06-22T14:00:00Z,328.55
2024-06-22T15:00:00Z,189.38
2024-06-22T16:00:00Z,52.05
2024-06-22T17:00:00Z,0.0
2024-06-22T18:00:00Z,0.0
2024-06-22T19:00:00Z,0.0
2024-06-22T20:00:00Z,0.0
2024-06-22T21:00:00Z,0.0
2024-06-22T22:00:00Z,0.0
2024-06-22T23:00:00Z,0.0
2024-06-23T00:00:00Z,0.0
2024-06-23T01:00:00Z,0.0
2024-06-23T02:00:00Z,0.0
2024-06-23T03:00:00Z,0.0
2024-06-23T04:00:00Z,0.0
2024-06-23T05:00:00Z,0.0
2024-06-23T06:00:00Z,12.88
2024-06-23T07:00:00Z,139.48
2024-06-23T08:00:00Z,318.48
2024-06-23T09:00:00Z,463.48
2024-06-23T10:00:00Z,575.92
2024-06-23T11:00:00Z,616.42
2024-06-23T12:00:00Z,609.2
2024-06-23T13:00:00Z,409.75
2024-06-23T14:00:00Z,320.02
2024-06-23T15:00:00Z,191.52
2024-06-23T16:00:00Z,57.67
2024-06-23T17:00:00Z,0.0
2024-06-23T18:00:00Z,0.0
2024-06-23T19:00:00Z,0.0
2024-06-23T20:00:00Z,0.0
2024-06-23T21:00:00Z,0.0
2024-06-23T22:00:00Z,0.0
2024-06-23T23:00:00Z,0.0
2024-06-24T00:00:00Z,0.0
2024-06-24T01:00:00Z,0.0
2024-06-24T02:00:00Z,0.0
2024-06-24T03:00:00Z,0.0
2024-06-24T04:00:00Z,0.0
2024-06-24T05:00:00Z,0.0
2024-06-24T06:00:00Z,12.12
2024-06-24T07:00:00Z,121.8
2024-06-24T08:00:00Z,307.45
2024-06-24T09:00:00Z,455.67
2024-06-24T10:00:00Z,548.65
2024-06-24T11:00:00Z,599.75
2024-06-24T12:00:00Z,615.15
2024-06-24T13:00:00Z,550.38
2024-06-24T14:00:00Z,396.92
2024-06-24T15:00:00Z,241.55
2024-06-24T16:00:00Z,71.88
2024-06-24T17:00:00Z,0.0
2024-06-24T18:00:00Z,0.0
2024-06-24T19:00:00Z,0.0
2024-06-24T20:00:00Z,0.0
2024-06-24T21:00:00Z,0.0
2024-06-24T22:00:00Z,0.0
2024-06-24T23:00:00Z,0.0
2024-06-25T00:00:00Z,0.0
2024-06-25T01:00:00Z,0.0
2024-06-25T02:00:00Z,0.0
2024-06-25T03:00:00Z,0.0
2024-06-25T04:00:00Z,0.0
2024-06-25T05:00:00Z,0.0
2024-06-25T06:00:00Z,18.35
2024-06-25T07:00:00Z,175.38
2024-06-25T08:00:00Z,359.15
2024-06-25T09:00:00Z,509.33
2024-06-25T10:00:00Z,615.7
2024-06-25T11:00:00Z,648.65
2024-06-25T12:00:00Z,612.85
2024-06-25T13:00:00Z,502.48
2024-06-25T14:00:00Z,385.12
2024-06-25T15:00:00Z,228.25
2024-06-25T16:00:00Z,70.03
2024-06-25T17:00:00Z,0.0
2024-06-25T18:00:00Z,0.0
2024-06-25T19:00:00Z,0.0
2024-06-25T20:00:00Z,0.0
2024-06-25T21:00:00Z,0.0
2024-06-25T22:00:00Z,0.0
2024-06-25T23:00:00Z,0.0
2024-06-26T00:00:00Z,0.0
2024-06-26T01:00:00Z,0.0
2024-06-26T02:00:00Z,0.0
2024-06-26T03:00:00Z,0.0
2024-06-26T04:00:00Z,0.0
2024-06-26T05:00:00Z,0.0
2024-06-26T06:00:00Z,12.25
2024-06-26T07:00:00Z,138.98
2024-06-26T08:00:00Z,278.58
2024-06-26T09:00:00Z,409.98
2024-06-26T10:00:00Z,552.0
2024-06-26T11:00:00Z,585.53
2024-06-26T12:00:00Z,515.58
2024-06-26T13:00:00Z,334.58
2024-06-26T14:00:00Z,257.27
2024-06-26T15:00:00Z,156.82
2024-06-26T16:00:00Z,46.2
2024-06-26T17:00:00Z,0.0
2024-06-26T18:00:00Z,0.0
2024-06-26T19:00:00Z,0.0
2024-06-26T20:00:00Z,0.0
2024-06-26T21:00:00Z,0.0
2024-06-26T22:00:00Z,0.0
2024-06-26T23:00:00Z,0.0
2024-06-27T00:00:00Z,0.0
2024-06-27T01:00:00Z,0.0
2024-06-27T02:00:00Z,0.0
2024-06-27T03:00:00Z,0.0
2024-06-27T04:00:00Z,0.0
2024-06-27T05:00:00Z,0.0
2024-06-27T06:00:00Z,15.73
2024-06-27T07:00:00Z,154.48
2024-06-27T08:00:00Z,317.83
2024-06-27T09:00:00Z,465.5
2024-06-27T10:00:00Z,459.6
2024-06-27T11:00:00Z,486.0
2024-06-27T12:00:00Z,505.62
2024-06-27T13:00:00Z,432.02
2024-06-27T14:00:00Z,281.6
2024-06-27T15:00:00Z,167.23
2024-06-27T16:00:00Z,49.95
2024-06-27T17:00:00Z,0.0
2024-06-27T18:00:00Z,0.0
2024-06-27T19:00:00Z,0.0
2024-06-27T20:00:00Z,0.0
2024-06-27T21:00:00Z,0.0
2024-06-27T22:00:00Z,0.0
2024-06-27T23:00:00Z,0.0
2024-06-28T00:00:00Z,0.0
2024-06-28T01:00:00Z,0.0
2024-06-28T02:00:00Z,0.0
2024-06-28T03:00:00Z,0.0
2024-06-28T04:00:00Z,0.0
2024-06-28T05:00:00Z,0.0
2024-06-28T06:00:00Z,9.02
2024-06-28T07:00:00Z,94.82
2024-06-28T08:00:00Z,233.55
2024-06-28T09:00:00Z,362.6
2024-06-28T10:00:00Z,483.27
2024-06-28T11:00:00Z,487.05
2024-06-28T12:00:00Z,434.2
2024-06-28T13:00:00Z,339.25
2024-06-28T14:00:00Z,243.6
2024-06-28T15:00:00Z,137.93
2024-06-28T16:00:00Z,37.28
2024-06-28T17:00:00Z,0.0
2024-06-28T18:00:00Z,0.0
2024-06-28T19:00:00Z,0.0
2024-06-28T20:00:00Z,0.0
2024-06-28T21:00:00Z,0.0
2024-06-28T22:00:00Z,0.0
2024-06-28T23:00:00Z,0.0
2024-06-29T00:00:00Z,0.0
2024-06-29T01:00:00Z,0.0
2024-06-29T02:00:00Z,0.0
2024-06-29T03:00:00Z,0.0
2024-06-29T04:00:00Z,0.0
2024-06-29T05:00:00Z,0.0
2024-06-29T06:00:00Z,5.75
2024-06-29T07:00:00Z,69.45
2024-06-29T08:00:00Z,161.2
2024-06-29T09:00:00Z,247.4
2024-06-29T10:00:00Z,339.1
2024-06-29T11:00:00Z,422.45
2024-06-29T12:00:00Z,424.55
2024-06-29T13:00:00Z,442.23
2024-06-29T14:00:00Z,317.8
2024-06-29T15:00:00Z,166.07
2024-06-29T16:00:00Z,43.85
2024-06-29T17:00:00Z,0.0
2024-06-29T18:00:00Z,0.0
2024-06-29T19:00:00Z,0.0
2024-06-29T20:00:00Z,0.0
2024-06-29T21:00:00Z,0.0
2024-06-29T22:00:00Z,0.0
2024-06-29T23:00:00Z,0.0
2024-06-30T00:00:00Z,0.0
2024-06-30T01:00:00Z,0.0
2024-06-30T02:00:00Z,0.0
2024-06-30T03:00:00Z,0.0
2024-06-30T04:00:00Z,0.0
2024-06-30T05:00:00Z,0.0
2024-06-30T06:00:00Z,17.8
2024-06-30T07:00:00Z,168.57
2024-06-30T08:00:00Z,353.0
2024-06-30T09:00:00Z,505.48
2024-06-30T10:00:00Z,623.4
2024-06-30T11:00:00Z,674.17
2024-06-30T12:00:00Z,644.7
2024-06-30T13:00:00Z,524.47
2024-06-30T14:00:00Z,441.05
2024-06-30T15:00:00Z,273.25
2024-06-30T16:00:00Z,87.68
2024-06-30T17:00:00Z,0.0
2024-06-30T18:00:00Z,0.0
2024-06-30T19:00:00Z,0.0
2024-06-30T20:00:00Z,0.0
2024-06-30T21:00:00Z,0.0
2024-06-30T22:00:00Z,0.0
2024-06-30T23:00:00Z,0.0
2024-07-01T00:00:00Z,0.0
2024-07-01T01:00:00Z,0.0
2024-07-01T02:00:00Z,0.0
2024-07-01T03:00:00Z,0.0
2024-07-01T04:00:00Z,0.0
2024-07-01T05:00:00Z,0.0
2024-07-01T06:00:00Z,18.35
2024-07-01T07:00:00Z,180.15
2024-07-01T08:00:00Z,370.85
2024-07-01T09:00:00Z,527.17
2024-07-01T10:00:00Z,638.72
2024-07-01T11:00:00Z,692.12
2024-07-01T12:00:00Z,657.85
2024-07-01T13:00:00Z,597.7
2024-07-01T14:00:00Z,471.25
2024-07-01T15:00:00Z,289.98
2024-07-01T16:00:00Z,92.55
2024-07-01T17:00:00Z,0.0
2024-07-01T18:00:00Z,0.0
2024-07-01T19:00:00Z,0.0
2024-07-01T20:00:00Z,0.0
2024-07-01T21:00:00Z,0.0
2024-07-01T22:00:00Z,0.0
2024-07-01T23:00:00Z,0.0
2024-07-02T00:00:00Z,0.0
2024-07-02T01:00:00Z,0.0
2024-07-02T02:00:00Z,0.0
2024-07-02T03:00:00Z,0.0
2024-07-02T04:00:00Z,0.0
2024-07-02T05:00:00Z,0.0
2024-07-02T06:00:00Z,17.62
2024-07-02T07:00:00Z,177.57
2024-07-02T08:00:00Z,368.0
2024-07-02T09:00:00Z,534.0
2024-07-02T10:00:00Z,643.55
2024-07-02T11:00:00Z,697.2
2024-07-02T12:00:00Z,687.2
2024-07-02T13:00:00Z,603.7
2024-07-02T14:00:00Z,468.45
2024-07-02T15:00:00Z,291.75
2024-07-02T16:00:00Z,95.62
2024-07-02T17:00:00Z,0.0
2024-07-02T18:00:00Z,0.0
2024-07-02T19:00:00Z,0.0
2024-07-02T20:00:00Z,0.0
2024-07-02T21:00:00Z,0.0
2024-07-02T22:00:00Z,0.0
2024-07-02T23:00:00Z,0.0
2024-07-03T00:00:00Z,0.0
2024-07-03T01:00:00Z,0.0
2024-07-03T02:00:00Z,0.0
2024-07-03T03:00:00Z,0.0
2024-07-03T04:00:00Z,0.0
2024-07-03T05:00:00Z,0.0
2024-07-03T06:00:00Z,16.3
2024-07-03T07:00:00Z,166.68
2024-07-03T08:00:00Z,352.25
2024-07-03T09:00:00Z,504.95
2024-07-03T10:00:00Z,603.67
2024-07-03T11:00:00Z,676.05
2024-07-03T12:00:00Z,662.88
2024-07-03T13:00:00Z,587.92
2024-07-03T14:00:00Z,454.62
2024-07-03T15:00:00Z,281.65
2024-07-03T16:00:00Z,91.75
2024-07-03T17:00:00Z,0.0
2024-07-03T18:00:00Z,0.0
2024-07-03T19:00:00Z,0.0
2024-07-03T20:00:00Z,0.0
2024-07-03T21:00:00Z,0.0
2024-07-03T22:00:00Z,0.0
2024-07-03T23:00:00Z,0.0
2024-07-04T00:00:00Z,0.0
2024-07-04T01:00:00Z,0.0
2024-07-04T02:00:00Z,0.0
2024-07-04T03:00:00Z,0.0
2024-07-04T04:00:00Z,0.0
2024-07-04T05:00:00Z,0.0
2024-07-04T06:00:00Z,15.75
2024-07-04T07:00:00Z,173.98
2024-07-04T08:00:00Z,365.65
2024-07-04T09:00:00Z,519.17
2024-07-04T10:00:00Z,620.4
2024-07-04T11:00:00Z,664.85
2024-07-04T12:00:00Z,654.78
2024-07-04T13:00:00Z,574.35
2024-07-04T14:00:00Z,449.0
2024-07-04T15:00:00Z,278.42
2024-07-04T16:00:00Z,90.95
2024-07-04T17:00:00Z,0.0
2024-07-04T18:00:00Z,0.0
2024-07-04T19:00:00Z,0.0
2024-07-04T20:00:00Z,0.0
2024-07-04T21:00:00Z,0.0
2024-07-04T22:00:00Z,0.0
2024-07-04T23:00:00Z,0.0
2024-07-05T00:00:00Z,0.0
2024-07-05T01:00:00Z,0.0
2024-07-05T02:00:00Z,0.0
2024-07-05T03:00:00Z,0.0
2024-07-05T04:00:00Z,0.0
2024-07-05T05:00:00Z,0.0
2024-07-05T06:00:00Z,4.82
2024-07-05T07:00:00Z,38.88
2024-07-05T08:00:00Z,76.85
2024-07-05T09:00:00Z,112.85
2024-07-05T10:00:00Z,171.57
2024-07-05T11:00:00Z,240.88
2024-07-05T12:00:00Z,231.93
2024-07-05T13:00:00Z,185.8
2024-07-05T14:00:00Z,123.88
2024-07-05T15:00:00Z,83.05
2024-07-05T16:00:00Z,23.3
2024-07-05T17:00:00Z,0.0
2024-07-05T18:00:00Z,0.0
2024-07-05T19:00:00Z,0.0
2024-07-05T20:00:00Z,0.0
2024-07-05T21:00:00Z,0.0
2024-07-05T22:00:00Z,0.0
2024-07-05T23:00:00Z,0.0
2024-07-06T00:00:00Z,0.0
2024-07-06T01:00:00Z,0.0
2024-07-06T02:00:00Z,0.0
2024-07-06T03:00:00Z,0.0
2024-07-06T04:00:00Z,0.0
2024-07-06T05:00:00Z,0.0
2024-07-06T06:00:00Z,13.5
2024-07-06T07:00:00Z,147.25
2024-07-06T08:00:00Z,318.45
2024-07-06T09:00:00Z,469.5
2024-07-06T10:00:00Z,596.17
2024-07-06T11:00:00Z,650.62
2024-07-06T12:00:00Z,636.12
2024-07-06T13:00:00Z,586.35
2024-07-06T14:00:00Z,448.85
2024-07-06T15:00:00Z,248.07
2024-07-06T16:00:00Z,78.55
2024-07-06T17:00:00Z,0.0
2024-07-06T18:00:00Z,0.0
2024-07-06T19:00:00Z,0.0
2024-07-06T20:00:00Z,0.0
2024-07-06T21:00:00Z,0.0
2024-07-06T22:00:00Z,0.0
2024-07-06T23:00:00Z,0.0
2024-07-07T00:00:00Z,0.0
2024-07-07T01:00:00Z,0.0
2024-07-07T02:00:00Z,0.0
2024-07-07T03:00:00Z,0.0
2024-07-07T04:00:00Z,0.0
2024-07-07T05:00:00Z,0.0
2024-07-07T06:00:00Z,14.75
2024-07-07T07:00:00Z,147.68
2024-07-07T08:00:00Z,328.4
2024-07-07T09:00:00Z,479.45
2024-07-07T10:00:00Z,545.45
2024-07-07T11:00:00Z,628.08
2024-07-07T12:00:00Z,643.55
2024-07-07T13:00:00Z,568.03
2024-07-07T14:00:00Z,440.27
2024-07-07T15:00:00Z,261.8
2024-07-07T16:00:00Z,77.53
2024-07-07T17:00:00Z,0.0
2024-07-07T18:00:00Z,0.0
2024-07-07T19:00:00Z,0.0
2024-07-07T20:00:00Z,0.0
2024-07-07T21:00:00Z,0.0
2024-07-07T22:00:00Z,0.0
2024-07-07T23:00:00Z,0.0
2024-07-08T00:00:00Z,0.0
2024-07-08T01:00:00Z,0.0
2024-07-08T02:00:00Z,0.0
2024-07-08T03:00:00Z,0.0
2024-07-08T04:00:00Z,0.0
2024-07-08T05:00:00Z,0.0
2024-07-08T06:00:00Z,12.12
2024-07-08T07:00:00Z,120.28
2024-07-08T08:00:00Z,265.9
2024-07-08T09:00:00Z,410.98
2024-07-08T10:00:00Z,486.15
2024-07-08T11:00:00Z,511.05
2024-07-08T12:00:00Z,483.2
2024-07-08T13:00:00Z,381.6
2024-07-08T14:00:00Z,336.95
2024-07-08T15:00:00Z,176.82
2024-07-08T16:00:00Z,44.85
2024-07-08T17:00:00Z,0.0
2024-07-08T18:00:00Z,0.0
2024-07-08T19:00:00Z,0.0
2024-07-08T20:00:00Z,0.0
2024-07-08T21:00:00Z,0.0
2024-07-08T22:00:00Z,0.0
2024-07-08T23:00:00Z,0.0
2024-07-09T00:00:00Z,0.0
2024-07-09T01:00:00Z,0.0
2024-07-09T02:00:00Z,0.0
2024-07-09T03:00:00Z,0.0
2024-07-09T04:00:00Z,0.0
2024-07-09T05:00:00Z,0.0
2024-07-09T06:00:00Z,8.2
2024-07-09T07:00:00Z,72.0
2024-07-09T08:00:00Z,183.23
2024-07-09T09:00:00Z,276.62
2024-07-09T10:00:00Z,387.7
2024-07-09T11:00:00Z,556.28
2024-07-09T12:00:00Z,610.6
2024-07-09T13:00:00Z,548.7
2024-07-09T14:00:00Z,417.12
2024-07-09T15:00:00Z,210.98
2024-07-09T16:00:00Z,71.28
2024-07-09T17:00:00Z,0.0
2024-07-09T18:00:00Z,0.0
2024-07-09T19:00:00Z,0.0
2024-07-09T20:00:00Z,0.0
2024-07-09T21:00:00Z,0.0
2024-07-09T22:00:00Z,0.0
2024-07-09T23:00:00Z,0.0
2024-07-10T00:00:00Z,0.0
2024-07-10T01:00:00Z,0.0
2024-07-10T02:00:00Z,0.0
2024-07-10T03:00:00Z,0.0
2024-07-10T04:00:00Z,0.0
2024-07-10T05:00:00Z,0.0
2024-07-10T06:00:00Z,14.62
2024-07-10T07:00:00Z,136.65
2024-07-10T08:00:00Z,304.08
2024-07-10T09:00:00Z,446.65
2024-07-10T10:00:00Z,506.67
2024-07-10T11:00:00Z,574.78
2024-07-10T12:00:00Z,530.0
2024-07-10T13:00:00Z,475.85
2024-07-10T14:00:00Z,342.05
2024-07-10T15:00:00Z,187.05
2024-07-10T16:00:00Z,49.62
2024-07-10T17:00:00Z,0.0
2024-07-10T18:00:00Z,0.0
2024-07-10T19:00:00Z,0.0
2024-07-10T20:00:00Z,0.0
2024-07-10T21:00:00Z,0.0
2024-07-10T22:00:00Z,0.0
2024-07-10T23:00:00Z,0.0
2024-07-11T00:00:00Z,0.0
2024-07-11T01:00:00Z,0.0
2024-07-11T02:00:00Z,0.0
2024-07-11T03:00:00Z,0.0
2024-07-11T04:00:00Z,0.0
2024-07-11T05:00:00Z,0.0
2024-07-11T06:00:00Z,11.52
2024-07-11T07:00:00Z,122.88
2024-07-11T08:00:00Z,276.1
2024-07-11T09:00:00Z,428.17
2024-07-11T10:00:00Z,494.95
2024-07-11T11:00:00Z,528.3
2024-07-11T12:00:00Z,478.58
2024-07-11T13:00:00Z,427.08
2024-07-11T14:00:00Z,299.15
2024-07-11T15:00:00Z,167.18
2024-07-11T16:00:00Z,40.28
2024-07-11T17:00:00Z,0.0
2024-07-11T18:00:00Z,0.0
2024-07-11T19:00:00Z,0.0
2024-07-11T20:00:00Z,0.0
2024-07-11T21:00:00Z,0.0
2024-07-11T22:00:00Z,0.0
2024-07-11T23:00:00Z,0.0
2024-07-12T00:00:00Z,0.0
2024-07-12T01:00:00Z,0.0
2024-07-12T02:00:00Z,0.0
2024-07-12T03:00:00Z,0.0
2024-07-12T04:00:00Z,0.0
2024-07-12T05:00:00Z,0.0
2024-07-12T06:00:00Z,13.95
2024-07-12T07:00:00Z,122.1
2024-07-12T08:00:00Z,264.05
2024-07-12T09:00:00Z,441.02
2024-07-12T10:00:00Z,562.22
2024-07-12T11:00:00Z,642.97
2024-07-12T12:00:00Z,620.25
2024-07-12T13:00:00Z,481.55
2024-07-12T14:00:00Z,389.6
2024-07-12T15:00:00Z,233.88
2024-07-12T16:00:00Z,81.03
2024-07-12T17:00:00Z,0.0
2024-07-12T18:00:00Z,0.0
2024-07-12T19:00:00Z,0.0
2024-07-12T20:00:00Z,0.0
2024-07-12T21:00:00Z,0.0
2024-07-12T22:00:00Z,0.0
2024-07-12T23:00:00Z,0.0
2024-07-13T00:00:00Z,0.0
2024-07-13T01:00:00Z,0.0
2024-07-13T02:00:00Z,0.0
2024-07-13T03:00:00Z,0.0
2024-07-13T04:00:00Z,0.0
2024-07-13T05:00:00Z,0.0
2024-07-13T06:00:00Z,17.55
2024-07-13T07:00:00Z,174.05
2024-07-13T08:00:00Z,356.17
2024-07-13T09:00:00Z,510.4
2024-07-13T10:00:00Z,594.83
2024-07-13T11:00:00Z,643.7
2024-07-13T12:00:00Z,655.47
2024-07-13T13:00:00Z,593.55
2024-07-13T14:00:00Z,471.27
2024-07-13T15:00:00Z,291.1
2024-07-13T16:00:00Z,96.47
2024-07-13T17:00:00Z,0.0
2024-07-13T18:00:00Z,0.0
2024-07-13T19:00:00Z,0.0
2024-07-13T20:00:00Z,0.0
2024-07-13T21:00:00Z,0.0
2024-07-13T22:00:00Z,0.0
2024-07-13T23:00:00Z,0.0
2024-07-14T00:00:00Z,0.0
2024-07-14T01:00:00Z,0.0
2024-07-14T02:00:00Z,0.0
2024-07-14T03:00:00Z,0.0
2024-07-14T04:00:00Z,0.0
2024-07-14T05:00:00Z,0.0
2024-07-14T06:00:00Z,18.62
2024-07-14T07:00:00Z,180.82
2024-07-14T08:00:00Z,373.67
2024-07-14T09:00:00Z,532.55
2024-07-14T10:00:00Z,653.53
2024-07-14T11:00:00Z,711.55
2024-07-14T12:00:00Z,656.05
2024-07-14T13:00:00Z,593.78
2024-07-14T14:00:00Z,441.25
2024-07-14T15:00:00Z,251.27
2024-07-14T16:00:00Z,93.35
2024-07-14T17:00:00Z,0.0
2024-07-14T18:00:00Z,0.0
2024-07-14T19:00:00Z,0.0
2024-07-14T20:00:00Z,0.0
2024-07-14T21:00:00Z,0.0
2024-07-14T22:00:00Z,0.0
2024-07-14T23:00:00Z,0.0
2024-07-15T00:00:00Z,0.0
2024-07-15T01:00:00Z,0.0
2024-07-15T02:00:00Z,0.0
2024-07-15T03:00:00Z,0.0
2024-07-15T04:00:00Z,0.0
2024-07-15T05:00:00Z,0.0
2024-07-15T06:00:00Z,13.38
2024-07-15T07:00:00Z,126.7
2024-07-15T08:00:00Z,262.83
2024-07-15T09:00:00Z,473.15
2024-07-15T10:00:00Z,607.22
2024-07-15T11:00:00Z,678.15
2024-07-15T12:00:00Z,668.42
2024-07-15T13:00:00Z,602.25
2024-07-15T14:00:00Z,477.27
2024-07-15T15:00:00Z,301.25
2024-07-15T16:00:00Z,109.6
2024-07-15T17:00:00Z,0.0
2024-07-15T18:00:00Z,0.0
2024-07-15T19:00:00Z,0.0
2024-07-15T20:00:00Z,0.0
2024-07-15T21:00:00Z,0.0
2024-07-15T22:00:00Z,0.0
2024-07-15T23:00:00Z,0.0
2024-07-16T00:00:00Z,0.0
2024-07-16T01:00:00Z,0.0
2024-07-16T02:00:00Z,0.0
2024-07-16T03:00:00Z,0.0
2024-07-16T04:00:00Z,0.0
2024-07-16T05:00:00Z,0.0
2024-07-16T06:00:00Z,17.88
2024-07-16T07:00:00Z,179.68
2024-07-16T08:00:00Z,375.42
2024-07-16T09:00:00Z,544.6
2024-07-16T10:00:00Z,655.3
2024-07-16T11:00:00Z,706.38
2024-07-16T12:00:00Z,691.83
2024-07-16T13:00:00Z,601.7
2024-07-16T14:00:00Z,476.25
2024-07-16T15:00:00Z,295.8
2024-07-16T16:00:00Z,102.43
2024-07-16T17:00:00Z,0.0
2024-07-16T18:00:00Z,0.0
2024-07-16T19:00:00Z,0.0
2024-07-16T20:00:00Z,0.0
2024-07-16T21:00:00Z,0.0
2024-07-16T22:00:00Z,0.0
2024-07-16T23:00:00Z,0.0
2024-07-17T00:00:00Z,0.0
2024-07-17T01:00:00Z,0.0
2024-07-17T02:00:00Z,0.0
2024-07-17T03:00:00Z,0.0
2024-07-17T04:00:00Z,0.0
2024-07-17T05:00:00Z,0.0
2024-07-17T06:00:00Z,14.75
2024-07-17T07:00:00Z,108.05
2024-07-17T08:00:00Z,213.93
2024-07-17T09:00:00Z,311.77
2024-07-17T10:00:00Z,387.9
2024-07-17T11:00:00Z,477.35
2024-07-17T12:00:00Z,482.77
2024-07-17T13:00:00Z,400.6
2024-07-17T14:00:00Z,366.95
2024-07-17T15:00:00Z,203.93
2024-07-17T16:00:00Z,84.2
2024-07-17T17:00:00Z,0.0
2024-07-17T18:00:00Z,0.0
2024-07-17T19:00:00Z,0.0
2024-07-17T20:00:00Z,0.0
2024-07-17T21:00:00Z,0.0
2024-07-17T22:00:00Z,0.0
2024-07-17T23:00:00Z,0.0
2024-07-18T00:00:00Z,0.0
2024-07-18T01:00:00Z,0.0
2024-07-18T02:00:00Z,0.0
2024-07-18T03:00:00Z,0.0
2024-07-18T04:00:00Z,0.0
2024-07-18T05:00:00Z,0.0
2024-07-18T06:00:00Z,18.98
2024-07-18T07:00:00Z,169.68
2024-07-18T08:00:00Z,347.6
2024-07-18T09:00:00Z,497.6
2024-07-18T10:00:00Z,616.03
2024-07-18T11:00:00Z,670.25
2024-07-18T12:00:00Z,662.6
2024-07-18T13:00:00Z,563.03
2024-07-18T14:00:00Z,378.98
2024-07-18T15:00:00Z,229.38
2024-07-18T16:00:00Z,80.82
2024-07-18T17:00:00Z,0.0
2024-07-18T18:00:00Z,0.0
2024-07-18T19:00:00Z,0.0
2024-07-18T20:00:00Z,0.0
2024-07-18T21:00:00Z,0.0
2024-07-18T22:00:00Z,0.0
2024-07-18T23:00:00Z,0.0
2024-07-19T00:00:00Z,0.0
2024-07-19T01:00:00Z,0.0
2024-07-19T02:00:00Z,0.0
2024-07-19T03:00:00Z,0.0
2024-07-19T04:00:00Z,0.0
2024-07-19T05:00:00Z,0.0
2024-07-19T06:00:00Z,17.33
2024-07-19T07:00:00Z,179.02
2024-07-19T08:00:00Z,382.02
2024-07-19T09:00:00Z,556.0
2024-07-19T10:00:00Z,671.6
2024-07-19T11:00:00Z,721.88
2024-07-19T12:00:00Z,702.97
2024-07-19T13:00:00Z,610.0
2024-07-19T14:00:00Z,457.73
2024-07-19T15:00:00Z,286.67
2024-07-19T16:00:00Z,101.3
2024-07-19T17:00:00Z,0.0
2024-07-19T18:00:00Z,0.0
2024-07-19T19:00:00Z,0.0
2024-07-19T20:00:00Z,0.0
2024-07-19T21:00:00Z,0.0
2024-07-19T22:00:00Z,0.0
2024-07-19T23:00:00Z,0.0
2024-07-20T00:00:00Z,0.0
2024-07-20T01:00:00Z,0.0
2024-07-20T02:00:00Z,0.0
2024-07-20T03:00:00Z,0.0
2024-07-20T04:00:00Z,0.0
2024-07-20T05:00:00Z,0.0
2024-07-20T06:00:00Z,14.32
2024-07-20T07:00:00Z,114.75
2024-07-20T08:00:00Z,247.82
2024-07-20T09:00:00Z,370.88
2024-07-20T10:00:00Z,477.58
2024-07-20T11:00:00Z,618.35
2024-07-20T12:00:00Z,661.28
2024-07-20T13:00:00Z,606.58
2024-07-20T14:00:00Z,466.38
2024-07-20T15:00:00Z,302.42
2024-07-20T16:00:00Z,118.57
2024-07-20T17:00:00Z,0.0
2024-07-20T18:00:00Z,0.0
2024-07-20T19:00:00Z,0.0
2024-07-20T20:00:00Z,0.0
2024-07-20T21:00:00Z,0.0
2024-07-20T22:00:00Z,0.0
2024-07-20T23:00:00Z,0.0
2024-07-21T00:00:00Z,0.0
2024-07-21T01:00:00Z,0.0
2024-07-21T02:00:00Z,0.0
2024-07-21T03:00:00Z,0.0
2024-07-21T04:00:00Z,0.0
2024-07-21T05:00:00Z,0.0
2024-07-21T06:00:00Z,21.12
2024-07-21T07:00:00Z,183.07
2024-07-21T08:00:00Z,358.12
2024-07-21T09:00:00Z,531.58
2024-07-21T10:00:00Z,633.28
2024-07-21T11:00:00Z,690.85
2024-07-21T12:00:00Z,700.85
2024-07-21T13:00:00Z,631.88
2024-07-21T14:00:00Z,498.02
2024-07-21T15:00:00Z,321.27
2024-07-21T16:00:00Z,125.9
2024-07-21T17:00:00Z,0.0
2024-07-21T18:00:00Z,0.0
2024-07-21T19:00:00Z,0.0
2024-07-21T20:00:00Z,0.0
2024-07-21T21:00:00Z,0.0
2024-07-21T22:00:00Z,0.0
2024-07-21T23:00:00Z,0.0
2024-07-22T00:00:00Z,0.0
2024-07-22T01:00:00Z,0.0
2024-07-22T02:00:00Z,0.0
2024-07-22T03:00:00Z,0.0
2024-07-22T04:00:00Z,0.0
2024-07-22T05:00:00Z,0.0
2024-07-22T06:00:00Z,22.55
2024-07-22T07:00:00Z,201.38
2024-07-22T08:00:00Z,402.08
2024-07-22T09:00:00Z,569.28
2024-07-22T10:00:00Z,684.38
2024-07-22T11:00:00Z,728.17
2024-07-22T12:00:00Z,710.88
2024-07-22T13:00:00Z,628.33
2024-07-22T14:00:00Z,493.45
2024-07-22T15:00:00Z,318.67
2024-07-22T16:00:00Z,125.75
2024-07-22T17:00:00Z,0.0
2024-07-22T18:00:00Z,0.0
2024-07-22T19:00:00Z,0.0
2024-07-22T20:00:00Z,0.0
2024-07-22T21:00:00Z,0.0
2024-07-22T22:00:00Z,0.0
2024-07-22T23:00:00Z,0.0
2024-07-23T00:00:00Z,0.0
2024-07-23T01:00:00Z,0.0
2024-07-23T02:00:00Z,0.0
2024-07-23T03:00:00Z,0.0
2024-07-23T04:00:00Z,0.0
2024-07-23T05:00:00Z,0.0
2024-07-23T06:00:00Z,15.75
2024-07-23T07:00:00Z,127.72
2024-07-23T08:00:00Z,270.67
2024-07-23T09:00:00Z,398.33
2024-07-23T10:00:00Z,449.12
2024-07-23T11:00:00Z,482.0
2024-07-23T12:00:00Z,488.6
2024-07-23T13:00:00Z,357.23
2024-07-23T14:00:00Z,287.92
2024-07-23T15:00:00Z,168.07
2024-07-23T16:00:00Z,64.62
2024-07-23T17:00:00Z,0.0
2024-07-23T18:00:00Z,0.0
2024-07-23T19:00:00Z,0.0
2024-07-23T20:00:00Z,0.0
2024-07-23T21:00:00Z,0.0
2024-07-23T22:00:00Z,0.0
2024-07-23T23:00:00Z,0.0
2024-07-24T00:00:00Z,0.0
2024-07-24T01:00:00Z,0.0
2024-07-24T02:00:00Z,0.0
2024-07-24T03:00:00Z,0.0
2024-07-24T04:00:00Z,0.0
2024-07-24T05:00:00Z,0.0
2024-07-24T06:00:00Z,11.85
2024-07-24T07:00:00Z,85.12
2024-07-24T08:00:00Z,198.82
2024-07-24T09:00:00Z,296.25
2024-07-24T10:00:00Z,368.5
2024-07-24T11:00:00Z,354.67
2024-07-24T12:00:00Z,258.52
2024-07-24T13:00:00Z,206.07
2024-07-24T14:00:00Z,165.12
2024-07-24T15:00:00Z,107.25
2024-07-24T16:00:00Z,39.67
2024-07-24T17:00:00Z,0.0
2024-07-24T18:00:00Z,0.0
2024-07-24T19:00:00Z,0.0
2024-07-24T20:00:00Z,0.0
2024-07-24T21:00:00Z,0.0
2024-07-24T22:00:00Z,0.0
2024-07-24T23:00:00Z,0.0
2024-07-25T00:00:00Z,0.0
2024-07-25T01:00:00Z,0.0
2024-07-25T02:00:00Z,0.0
2024-07-25T03:00:00Z,0.0
2024-07-25T04:00:00Z,0.0
2024-07-25T05:00:00Z,0.0
2024-07-25T06:00:00Z,9.43
2024-07-25T07:00:00Z,94.57
2024-07-25T08:00:00Z,197.35
2024-07-25T09:00:00Z,302.62
2024-07-25T10:00:00Z,387.4
2024-07-25T11:00:00Z,345.3
2024-07-25T12:00:00Z,250.2
2024-07-25T13:00:00Z,185.75
2024-07-25T14:00:00Z,127.47
2024-07-25T15:00:00Z,116.38
2024-07-25T16:00:00Z,49.2
2024-07-25T17:00:00Z,0.0
2024-07-25T18:00:00Z,0.0
2024-07-25T19:00:00Z,0.0
2024-07-25T20:00:00Z,0.0
2024-07-25T21:00:00Z,0.0
2024-07-25T22:00:00Z,0.0
2024-07-25T23:00:00Z,0.0
2024-07-26T00:00:00Z,0.0
2024-07-26T01:00:00Z,0.0
2024-07-26T02:00:00Z,0.0
2024-07-26T03:00:00Z,0.0
2024-07-26T04:00:00Z,0.0
2024-07-26T05:00:00Z,0.0
2024-07-26T06:00:00Z,19.3
2024-07-26T07:00:00Z,164.23
2024-07-26T08:00:00Z,345.77
2024-07-26T09:00:00Z,485.55
2024-07-26T10:00:00Z,620.33
2024-07-26T11:00:00Z,678.08
2024-07-26T12:00:00Z,674.35
2024-07-26T13:00:00Z,594.22
2024-07-26T14:00:00Z,424.15
2024-07-26T15:00:00Z,274.8
2024-07-26T16:00:00Z,109.53
2024-07-26T17:00:00Z,0.0
2024-07-26T18:00:00Z,0.0
2024-07-26T19:00:00Z,0.0
2024-07-26T20:00:00Z,0.0
2024-07-26T21:00:00Z,0.0
2024-07-26T22:00:00Z,0.0
2024-07-26T23:00:00Z,0.0
2024-07-27T00:00:00Z,0.0
2024-07-27T01:00:00Z,0.0
2024-07-27T02:00:00Z,0.0
2024-07-27T03:00:00Z,0.0
2024-07-27T04:00:00Z,0.0
2024-07-27T05:00:00Z,0.0
2024-07-27T06:00:00Z,20.62
2024-07-27T07:00:00Z,163.55
2024-07-27T08:00:00Z,314.8
2024-07-27T09:00:00Z,519.55
2024-07-27T10:00:00Z,634.47
2024-07-27T11:00:00Z,678.55
2024-07-27T12:00:00Z,648.22
2024-07-27T13:00:00Z,586.6
2024-07-27T14:00:00Z,459.7
2024-07-27T15:00:00Z,285.48
2024-07-27T16:00:00Z,116.0
2024-07-27T17:00:00Z,0.0
2024-07-27T18:00:00Z,0.0
2024-07-27T19:00:00Z,0.0
2024-07-27T20:00:00Z,0.0
2024-07-27T21:00:00Z,0.0
2024-07-27T22:00:00Z,0.0
2024-07-27T23:00:00Z,0.0
2024-07-28T00:00:00Z,0.0
2024-07-28T01:00:00Z,0.0
2024-07-28T02:00:00Z,0.0
2024-07-28T03:00:00Z,0.0
2024-07-28T04:00:00Z,0.0
2024-07-28T05:00:00Z,0.0
2024-07-28T06:00:00Z,18.83
2024-07-28T07:00:00Z,144.23
2024-07-28T08:00:00Z,273.38
2024-07-28T09:00:00Z,476.55
2024-07-28T10:00:00Z,628.38
2024-07-28T11:00:00Z,714.2
2024-07-28T12:00:00Z,700.83
2024-07-28T13:00:00Z,564.22
2024-07-28T14:00:00Z,478.48
2024-07-28T15:00:00Z,241.2
2024-07-28T16:00:00Z,92.97
2024-07-28T17:00:00Z,3.0
2024-07-28T18:00:00Z,0.0
2024-07-28T19:00:00Z,0.0
2024-07-28T20:00:00Z,0.0
2024-07-28T21:00:00Z,0.0
2024-07-28T22:00:00Z,0.0
2024-07-28T23:00:00Z,0.0
2024-07-29T00:00:00Z,0.0
2024-07-29T01:00:00Z,0.0
2024-07-29T02:00:00Z,0.0
2024-07-29T03:00:00Z,0.0
2024-07-29T04:00:00Z,0.0
2024-07-29T05:00:00Z,0.0
2024-07-29T06:00:00Z,19.9
2024-07-29T07:00:00Z,162.15
2024-07-29T08:00:00Z,323.77
2024-07-29T09:00:00Z,530.2
2024-07-29T10:00:00Z,668.47
2024-07-29T11:00:00Z,727.15
2024-07-29T12:00:00Z,673.08
2024-07-29T13:00:00Z,605.28
2024-07-29T14:00:00Z,483.85
2024-07-29T15:00:00Z,302.02
2024-07-29T16:00:00Z,110.12
2024-07-29T17:00:00Z,3.53
2024-07-29T18:00:00Z,0.0
2024-07-29T19:00:00Z,0.0
2024-07-29T20:00:00Z,0.0
2024-07-29T21:00:00Z,0.0
2024-07-29T22:00:00Z,0.0
2024-07-29T23:00:00Z,0.0
2024-07-30T00:00:00Z,0.0
2024-07-30T01:00:00Z,0.0
2024-07-30T02:00:00Z,0.0
2024-07-30T03:00:00Z,0.0
2024-07-30T04:00:00Z,0.0
2024-07-30T05:00:00Z,0.0
2024-07-30T06:00:00Z,24.65
2024-07-30T07:00:00Z,184.45
2024-07-30T08:00:00Z,375.33
2024-07-30T09:00:00Z,533.75
2024-07-30T10:00:00Z,639.72
2024-07-30T11:00:00Z,685.33
2024-07-30T12:00:00Z,582.25
2024-07-30T13:00:00Z,521.12
2024-07-30T14:00:00Z,420.05
2024-07-30T15:00:00Z,248.1
2024-07-30T16:00:00Z,99.9
2024-07-30T17:00:00Z,3.35
2024-07-30T18:00:00Z,0.0
2024-07-30T19:00:00Z,0.0
2024-07-30T20:00:00Z,0.0
2024-07-30T21:00:00Z,0.0
2024-07-30T22:00:00Z,0.0
2024-07-30T23:00:00Z,0.0
2024-07-31T00:00:00Z,0.0
2024-07-31T01:00:00Z,0.0
2024-07-31T02:00:00Z,0.0
2024-07-31T03:00:00Z,0.0
2024-07-31T04:00:00Z,0.0
2024-07-31T05:00:00Z,0.0
2024-07-31T06:00:00Z,21.35
2024-07-31T07:00:00Z,154.68
2024-07-31T08:00:00Z,304.33
2024-07-31T09:00:00Z,469.52
2024-07-31T10:00:00Z,610.55
2024-07-31T11:00:00Z,645.15
2024-07-31T12:00:00Z,608.42
2024-07-31T13:00:00Z,570.0
2024-07-31T14:00:00Z,416.52
2024-07-31T15:00:00Z,255.07
2024-07-31T16:00:00Z,94.35
2024-07-31T17:00:00Z,4.07
2024-07-31T18:00:00Z,0.0
2024-07-31T19:00:00Z,0.0
2024-07-31T20:00:00Z,0.0
2024-07-31T21:00:00Z,0.0
2024-07-31T22:00:00Z,0.0
2024-07-31T23:00:00Z,0.0
2024-08-01T00:00:00Z,0.0
2024-08-01T01:00:00Z,0.0
2024-08-01T02:00:00Z,0.0
2024-08-01T03:00:00Z,0.0
2024-08-01T04:00:00Z,0.0
2024-08-01T05:00:00Z,0.0
2024-08-01T06:00:00Z,23.12
2024-08-01T07:00:00Z,187.77
2024-08-01T08:00:00Z,378.15
2024-08-01T09:00:00Z,545.65
2024-08-01T10:00:00Z,625.15
2024-08-01T11:00:00Z,673.42
2024-08-01T12:00:00Z,702.08
2024-08-01T13:00:00Z,652.0
2024-08-01T14:00:00Z,521.7
2024-08-01T15:00:00Z,338.67
2024-08-01T16:00:00Z,131.48
2024-08-01T17:00:00Z,4.65
2024-08-01T18:00:00Z,0.0
2024-08-01T19:00:00Z,0.0
2024-08-01T20:00:00Z,0.0
2024-08-01T21:00:00Z,0.0
2024-08-01T22:00:00Z,0.0
2024-08-01T23:00:00Z,0.0
2024-08-02T00:00:00Z,0.0
2024-08-02T01:00:00Z,0.0
2024-08-02T02:00:00Z,0.0
2024-08-02T03:00:00Z,0.0
2024-08-02T04:00:00Z,0.0
2024-08-02T05:00:00Z,0.0
2024-08-02T06:00:00Z,21.73
2024-08-02T07:00:00Z,197.6
2024-08-02T08:00:00Z,401.98
2024-08-02T09:00:00Z,575.92
2024-08-02T10:00:00Z,686.2
2024-08-02T11:00:00Z,710.9
2024-08-02T12:00:00Z,734.33
2024-08-02T13:00:00Z,610.72
2024-08-02T14:00:00Z,502.83
2024-08-02T15:00:00Z,298.3
2024-08-02T16:00:00Z,112.0
2024-08-02T17:00:00Z,3.9
2024-08-02T18:00:00Z,0.0
2024-08-02T19:00:00Z,0.0
2024-08-02T20:00:00Z,0.0
2024-08-02T21:00:00Z,0.0
2024-08-02T22:00:00Z,0.0
2024-08-02T23:00:00Z,0.0
2024-08-03T00:00:00Z,0.0
2024-08-03T01:00:00Z,0.0
2024-08-03T02:00:00Z,0.0
2024-08-03T03:00:00Z,0.0
2024-08-03T04:00:00Z,0.0
2024-08-03T05:00:00Z,0.0
2024-08-03T06:00:00Z,18.08
2024-08-03T07:00:00Z,146.6
2024-08-03T08:00:00Z,300.0
2024-08-03T09:00:00Z,450.5
2024-08-03T10:00:00Z,593.03
2024-08-03T11:00:00Z,644.58
2024-08-03T12:00:00Z,667.8
2024-08-03T13:00:00Z,610.03
2024-08-03T14:00:00Z,480.55
2024-08-03T15:00:00Z,299.52
2024-08-03T16:00:00Z,119.18
2024-08-03T17:00:00Z,4.6
2024-08-03T18:00:00Z,0.0
2024-08-03T19:00:00Z,0.0
2024-08-03T20:00:00Z,0.0
2024-08-03T21:00:00Z,0.0
2024-08-03T22:00:00Z,0.0
2024-08-03T23:00:00Z,0.0
2024-08-04T00:00:00Z,0.0
2024-08-04T01:00:00Z,0.0
2024-08-04T02:00:00Z,0.0
2024-08-04T03:00:00Z,0.0
2024-08-04T04:00:00Z,0.0
2024-08-04T05:00:00Z,0.0
2024-08-04T06:00:00Z,12.98
2024-08-04T07:00:00Z,91.03
2024-08-04T08:00:00Z,189.98
2024-08-04T09:00:00Z,276.7
2024-08-04T10:00:00Z,386.92
2024-08-04T11:00:00Z,538.62
2024-08-04T12:00:00Z,623.75
2024-08-04T13:00:00Z,511.27
2024-08-04T14:00:00Z,409.48
2024-08-04T15:00:00Z,259.85
2024-08-04T16:00:00Z,112.25
2024-08-04T17:00:00Z,5.3
2024-08-04T18:00:00Z,0.0
2024-08-04T19:00:00Z,0.0
2024-08-04T20:00:00Z,0.0
2024-08-04T21:00:00Z,0.0
2024-08-04T22:00:00Z,0.0
2024-08-04T23:00:00Z,0.0
2024-08-05T00:00:00Z,0.0
2024-08-05T01:00:00Z,0.0
2024-08-05T02:00:00Z,0.0
2024-08-05T03:00:00Z,0.0
2024-08-05T04:00:00Z,0.0
2024-08-05T05:00:00Z,0.0
2024-08-05T06:00:00Z,29.8
2024-08-05T07:00:00Z,206.68
2024-08-05T08:00:00Z,399.33
2024-08-05T09:00:00Z,564.67
2024-08-05T10:00:00Z,701.55
2024-08-05T11:00:00Z,745.97
2024-08-05T12:00:00Z,697.62
2024-08-05T13:00:00Z,591.97
2024-08-05T14:00:00Z,451.27
2024-08-05T15:00:00Z,278.15
2024-08-05T16:00:00Z,103.53
2024-08-05T17:00:00Z,4.47
2024-08-05T18:00:00Z,0.0
2024-08-05T19:00:00Z,0.0
2024-08-05T20:00:00Z,0.0
2024-08-05T21:00:00Z,0.0
2024-08-05T22:00:00Z,0.0
2024-08-05T23:00:00Z,0.0
2024-08-06T00:00:00Z,0.0
2024-08-06T01:00:00Z,0.0
2024-08-06T02:00:00Z,0.0
2024-08-06T03:00:00Z,0.0
2024-08-06T04:00:00Z,0.0
2024-08-06T05:00:00Z,0.0
2024-08-06T06:00:00Z,29.67
2024-08-06T07:00:00Z,213.85
2024-08-06T08:00:00Z,418.48
2024-08-06T09:00:00Z,577.85
2024-08-06T10:00:00Z,686.45
2024-08-06T11:00:00Z,733.38
2024-08-06T12:00:00Z,741.88
2024-08-06T13:00:00Z,681.65
2024-08-06T14:00:00Z,538.47
2024-08-06T15:00:00Z,352.65
2024-08-06T16:00:00Z,135.62
2024-08-06T17:00:00Z,5.32
2024-08-06T18:00:00Z,0.0
2024-08-06T19:00:00Z,0.0
2024-08-06T20:00:00Z,0.0
2024-08-06T21:00:00Z,0.0
2024-08-06T22:00:00Z,0.0
2024-08-06T23:00:00Z,0.0
2024-08-07T00:00:00Z,0.0
2024-08-07T01:00:00Z,0.0
2024-08-07T02:00:00Z,0.0
2024-08-07T03:00:00Z,0.0
2024-08-07T04:00:00Z,0.0
2024-08-07T05:00:00Z,0.0
2024-08-07T06:00:00Z,27.73
2024-08-07T07:00:00Z,170.77
2024-08-07T08:00:00Z,357.75
2024-08-07T09:00:00Z,512.03
2024-08-07T10:00:00Z,543.53
2024-08-07T11:00:00Z,589.28
2024-08-07T12:00:00Z,558.5
2024-08-07T13:00:00Z,472.02
2024-08-07T14:00:00Z,343.17
2024-08-07T15:00:00Z,175.95
2024-08-07T16:00:00Z,73.25
2024-08-07T17:00:00Z,3.65
2024-08-07T18:00:00Z,0.0
2024-08-07T19:00:00Z,0.0
2024-08-07T20:00:00Z,0.0
2024-08-07T21:00:00Z,0.0
2024-08-07T22:00:00Z,0.0
2024-08-07T23:00:00Z,0.0
2024-08-08T00:00:00Z,0.0
2024-08-08T01:00:00Z,0.0
2024-08-08T02:00:00Z,0.0
2024-08-08T03:00:00Z,0.0
2024-08-08T04:00:00Z,0.0
2024-08-08T05:00:00Z,0.0
2024-08-08T06:00:00Z,22.42
2024-08-08T07:00:00Z,155.85
2024-08-08T08:00:00Z,312.08
2024-08-08T09:00:00Z,541.78
2024-08-08T10:00:00Z,583.28
2024-08-08T11:00:00Z,575.25
2024-08-08T12:00:00Z,612.97
2024-08-08T13:00:00Z,467.42
2024-08-08T14:00:00Z,355.9
2024-08-08T15:00:00Z,227.55
2024-08-08T16:00:00Z,97.35
2024-08-08T17:00:00Z,5.38
2024-08-08T18:00:00Z,0.0
2024-08-08T19:00:00Z,0.0
2024-08-08T20:00:00Z,0.0
2024-08-08T21:00:00Z,0.0
2024-08-08T22:00:00Z,0.0
2024-08-08T23:00:00Z,0.0
2024-08-09T00:00:00Z,0.0
2024-08-09T01:00:00Z,0.0
2024-08-09T02:00:00Z,0.0
2024-08-09T03:00:00Z,0.0
2024-08-09T04:00:00Z,0.0
2024-08-09T05:00:00Z,0.0
2024-08-09T06:00:00Z,33.35
2024-08-09T07:00:00Z,210.48
2024-08-09T08:00:00Z,403.75
2024-08-09T09:00:00Z,560.78
2024-08-09T10:00:00Z,676.1
2024-08-09T11:00:00Z,721.6
2024-08-09T12:00:00Z,696.5
2024-08-09T13:00:00Z,595.58
2024-08-09T14:00:00Z,436.33
2024-08-09T15:00:00Z,246.68
2024-08-09T16:00:00Z,98.78
2024-08-09T17:00:00Z,4.65
2024-08-09T18:00:00Z,0.0
2024-08-09T19:00:00Z,0.0
2024-08-09T20:00:00Z,0.0
2024-08-09T21:00:00Z,0.0
2024-08-09T22:00:00Z,0.0
2024-08-09T23:00:00Z,0.0
2024-08-10T00:00:00Z,0.0
2024-08-10T01:00:00Z,0.0
2024-08-10T02:00:00Z,0.0
2024-08-10T03:00:00Z,0.0
2024-08-10T04:00:00Z,0.0
2024-08-10T05:00:00Z,0.0
2024-08-10T06:00:00Z,36.5
2024-08-10T07:00:00Z,231.0
2024-08-10T08:00:00Z,441.33
2024-08-10T09:00:00Z,607.6
2024-08-10T10:00:00Z,729.22
2024-08-10T11:00:00Z,790.92
2024-08-10T12:00:00Z,779.0
2024-08-10T13:00:00Z,692.55
2024-08-10T14:00:00Z,532.62
2024-08-10T15:00:00Z,346.67
2024-08-10T16:00:00Z,138.45
2024-08-10T17:00:00Z,6.3
2024-08-10T18:00:00Z,0.0
2024-08-10T19:00:00Z,0.0
2024-08-10T20:00:00Z,0.0
2024-08-10T21:00:00Z,0.0
2024-08-10T22:00:00Z,0.0
2024-08-10T23:00:00Z,0.0
2024-08-11T00:00:00Z,0.0
2024-08-11T01:00:00Z,0.0
2024-08-11T02:00:00Z,0.0
2024-08-11T03:00:00Z,0.0
2024-08-11T04:00:00Z,0.0
2024-08-11T05:00:00Z,0.0
2024-08-11T06:00:00Z,26.55
2024-08-11T07:00:00Z,147.1
2024-08-11T08:00:00Z,263.58
2024-08-11T09:00:00Z,440.85
2024-08-11T10:00:00Z,594.72
2024-08-11T11:00:00Z,732.45
2024-08-11T12:00:00Z,737.6
2024-08-11T13:00:00Z,636.6
2024-08-11T14:00:00Z,495.92
2024-08-11T15:00:00Z,310.65
2024-08-11T16:00:00Z,120.82
2024-08-11T17:00:00Z,5.97
2024-08-11T18:00:00Z,0.0
2024-08-11T19:00:00Z,0.0
2024-08-11T20:00:00Z,0.0
2024-08-11T21:00:00Z,0.0
2024-08-11T22:00:00Z,0.0
2024-08-11T23:00:00Z,0.0
2024-08-12T00:00:00Z,0.0
2024-08-12T01:00:00Z,0.0
2024-08-12T02:00:00Z,0.0
2024-08-12T03:00:00Z,0.0
2024-08-12T04:00:00Z,0.0
2024-08-12T05:00:00Z,0.0
2024-08-12T06:00:00Z,36.2
2024-08-12T07:00:00Z,218.75
2024-08-12T08:00:00Z,411.73
2024-08-12T09:00:00Z,577.22
2024-08-12T10:00:00Z,660.4
2024-08-12T11:00:00Z,723.12
2024-08-12T12:00:00Z,630.47
2024-08-12T13:00:00Z,591.7
2024-08-12T14:00:00Z,406.4
2024-08-12T15:00:00Z,244.75
2024-08-12T16:00:00Z,80.53
2024-08-12T17:00:00Z,5.3
2024-08-12T18:00:00Z,0.0
2024-08-12T19:00:00Z,0.0
2024-08-12T20:00:00Z,0.0
2024-08-12T21:00:00Z,0.0
2024-08-12T22:00:00Z,0.0
2024-08-12T23:00:00Z,0.0
2024-08-13T00:00:00Z,0.0
2024-08-13T01:00:00Z,0.0
2024-08-13T02:00:00Z,0.0
2024-08-13T03:00:00Z,0.0
2024-08-13T04:00:00Z,0.0
2024-08-13T05:00:00Z,0.0
2024-08-13T06:00:00Z,37.25
2024-08-13T07:00:00Z,212.2
2024-08-13T08:00:00Z,402.35
2024-08-13T09:00:00Z,594.28
2024-08-13T10:00:00Z,703.85
2024-08-13T11:00:00Z,775.03
2024-08-13T12:00:00Z,717.67
2024-08-13T13:00:00Z,613.38
2024-08-13T14:00:00Z,475.2
2024-08-13T15:00:00Z,294.05
2024-08-13T16:00:00Z,107.93
2024-08-13T17:00:00Z,5.68
2024-08-13T18:00:00Z,0.0
2024-08-13T19:00:00Z,0.0
2024-08-13T20:00:00Z,0.0
2024-08-13T21:00:00Z,0.0
2024-08-13T22:00:00Z,0.0
2024-08-13T23:00:00Z,0.0
2024-08-14T00:00:00Z,0.0
2024-08-14T01:00:00Z,0.0
2024-08-14T02:00:00Z,0.0
2024-08-14T03:00:00Z,0.0
2024-08-14T04:00:00Z,0.0
2024-08-14T05:00:00Z,0.0
2024-08-14T06:00:00Z,32.15
2024-08-14T07:00:00Z,182.23
2024-08-14T08:00:00Z,368.52
2024-08-14T09:00:00Z,511.92
2024-08-14T10:00:00Z,627.92
2024-08-14T11:00:00Z,671.22
2024-08-14T12:00:00Z,661.95
2024-08-14T13:00:00Z,505.08
2024-08-14T14:00:00Z,442.02
2024-08-14T15:00:00Z,248.4
2024-08-14T16:00:00Z,98.47
2024-08-14T17:00:00Z,5.53
2024-08-14T18:00:00Z,0.0
2024-08-14T19:00:00Z,0.0
2024-08-14T20:00:00Z,0.0
2024-08-14T21:00:00Z,0.0
2024-08-14T22:00:00Z,0.0
2024-08-14T23:00:00Z,0.0
2024-08-15T00:00:00Z,0.0
2024-08-15T01:00:00Z,0.0
2024-08-15T02:00:00Z,0.0
2024-08-15T03:00:00Z,0.0
2024-08-15T04:00:00Z,0.0
2024-08-15T05:00:00Z,0.0
2024-08-15T06:00:00Z,13.02
2024-08-15T07:00:00Z,105.25
2024-08-15T08:00:00Z,189.1
2024-08-15T09:00:00Z,260.27
2024-08-15T10:00:00Z,378.92
2024-08-15T11:00:00Z,390.62
2024-08-15T12:00:00Z,493.65
2024-08-15T13:00:00Z,518.17
2024-08-15T14:00:00Z,365.95
2024-08-15T15:00:00Z,211.4
2024-08-15T16:00:00Z,80.18
2024-08-15T17:00:00Z,4.62
2024-08-15T18:00:00Z,0.0
2024-08-15T19:00:00Z,0.0
2024-08-15T20:00:00Z,0.0
2024-08-15T21:00:00Z,0.0
2024-08-15T22:00:00Z,0.0
2024-08-15T23:00:00Z,0.0
2024-08-16T00:00:00Z,0.0
2024-08-16T01:00:00Z,0.0
2024-08-16T02:00:00Z,0.0
2024-08-16T03:00:00Z,0.0
2024-08-16T04:00:00Z,0.0
2024-08-16T05:00:00Z,0.0
2024-08-16T06:00:00Z,40.33
2024-08-16T07:00:00Z,204.82
2024-08-16T08:00:00Z,387.67
2024-08-16T09:00:00Z,570.17
2024-08-16T10:00:00Z,746.58
2024-08-16T11:00:00Z,809.65
2024-08-16T12:00:00Z,786.83
2024-08-16T13:00:00Z,703.35
2024-08-16T14:00:00Z,554.3
2024-08-16T15:00:00Z,367.4
2024-08-16T16:00:00Z,151.27
2024-08-16T17:00:00Z,7.47
2024-08-16T18:00:00Z,0.0
2024-08-16T19:00:00Z,0.0
2024-08-16T20:00:00Z,0.0
2024-08-16T21:00:00Z,0.0
2024-08-16T22:00:00Z,0.0
2024-08-16T23:00:00Z,0.0
2024-08-17T00:00:00Z,0.0
2024-08-17T01:00:00Z,0.0
2024-08-17T02:00:00Z,0.0
2024-08-17T03:00:00Z,0.0
2024-08-17T04:00:00Z,0.0
2024-08-17T05:00:00Z,0.0
2024-08-17T06:00:00Z,36.05
2024-08-17T07:00:00Z,189.38
2024-08-17T08:00:00Z,364.48
2024-08-17T09:00:00Z,464.7
2024-08-17T10:00:00Z,551.97
2024-08-17T11:00:00Z,628.15
2024-08-17T12:00:00Z,610.33
2024-08-17T13:00:00Z,584.7
2024-08-17T14:00:00Z,452.95
2024-08-17T15:00:00Z,288.73
2024-08-17T16:00:00Z,117.75
2024-08-17T17:00:00Z,7.03
2024-08-17T18:00:00Z,0.0
2024-08-17T19:00:00Z,0.0
2024-08-17T20:00:00Z,0.0
2024-08-17T21:00:00Z,0.0
2024-08-17T22:00:00Z,0.0
2024-08-17T23:00:00Z,0.0
2024-08-18T00:00:00Z,0.0
2024-08-18T01:00:00Z,0.0
2024-08-18T02:00:00Z,0.0
2024-08-18T03:00:00Z,0.0
2024-08-18T04:00:00Z,0.0
2024-08-18T05:00:00Z,0.0
2024-08-18T06:00:00Z,39.62
2024-08-18T07:00:00Z,204.77
2024-08-18T08:00:00Z,390.15
2024-08-18T09:00:00Z,557.5
2024-08-18T10:00:00Z,684.55
2024-08-18T11:00:00Z,718.22
2024-08-18T12:00:00Z,699.25
2024-08-18T13:00:00Z,601.08
2024-08-18T14:00:00Z,478.4
2024-08-18T15:00:00Z,302.2
2024-08-18T16:00:00Z,119.28
2024-08-18T17:00:00Z,7.0
2024-08-18T18:00:00Z,0.0
2024-08-18T19:00:00Z,0.0
2024-08-18T20:00:00Z,0.0
2024-08-18T21:00:00Z,0.0
2024-08-18T22:00:00Z,0.0
2024-08-18T23:00:00Z,0.0
2024-08-19T00:00:00Z,0.0
2024-08-19T01:00:00Z,0.0
2024-08-19T02:00:00Z,0.0
2024-08-19T03:00:00Z,0.0
2024-08-19T04:00:00Z,0.0
2024-08-19T05:00:00Z,0.0
2024-08-19T06:00:00Z,34.5
2024-08-19T07:00:00Z,167.65
2024-08-19T08:00:00Z,343.4
2024-08-19T09:00:00Z,539.55
2024-08-19T10:00:00Z,703.58
2024-08-19T11:00:00Z,793.65
2024-08-19T12:00:00Z,780.38
2024-08-19T13:00:00Z,681.2
2024-08-19T14:00:00Z,449.05
2024-08-19T15:00:00Z,289.05
2024-08-19T16:00:00Z,128.12
2024-08-19T17:00:00Z,8.1
2024-08-19T18:00:00Z,0.0
2024-08-19T19:00:00Z,0.0
2024-08-19T20:00:00Z,0.0
2024-08-19T21:00:00Z,0.0
2024-08-19T22:00:00Z,0.0
2024-08-19T23:00:00Z,0.0
2024-08-20T00:00:00Z,0.0
2024-08-20T01:00:00Z,0.0
2024-08-20T02:00:00Z,0.0
2024-08-20T03:00:00Z,0.0
2024-08-20T04:00:00Z,0.0
2024-08-20T05:00:00Z,0.0
2024-08-20T06:00:00Z,49.88
2024-08-20T07:00:00Z,235.43
2024-08-20T08:00:00Z,431.27
2024-08-20T09:00:00Z,579.22
2024-08-20T10:00:00Z,634.97
2024-08-20T11:00:00Z,652.17
2024-08-20T12:00:00Z,617.08
2024-08-20T13:00:00Z,535.55
2024-08-20T14:00:00Z,479.6
2024-08-20T15:00:00Z,300.12
2024-08-20T16:00:00Z,116.5
2024-08-20T17:00:00Z,7.4
2024-08-20T18:00:00Z,0.0
2024-08-20T19:00:00Z,0.0
2024-08-20T20:00:00Z,0.0
2024-08-20T21:00:00Z,0.0
2024-08-20T22:00:00Z,0.0
2024-08-20T23:00:00Z,0.0
2024-08-21T00:00:00Z,0.0
2024-08-21T01:00:00Z,0.0
2024-08-21T02:00:00Z,0.0
2024-08-21T03:00:00Z,0.0
2024-08-21T04:00:00Z,0.0
2024-08-21T05:00:00Z,0.0
2024-08-21T06:00:00Z,38.47
2024-08-21T07:00:00Z,152.07
2024-08-21T08:00:00Z,297.33
2024-08-21T09:00:00Z,440.92
2024-08-21T10:00:00Z,643.6
2024-08-21T11:00:00Z,760.62
2024-08-21T12:00:00Z,754.75
2024-08-21T13:00:00Z,683.78
2024-08-21T14:00:00Z,519.0
2024-08-21T15:00:00Z,337.4
2024-08-21T16:00:00Z,136.15
2024-08-21T17:00:00Z,8.2
2024-08-21T18:00:00Z,0.0
2024-08-21T19:00:00Z,0.0
2024-08-21T20:00:00Z,0.0
2024-08-21T21:00:00Z,0.0
2024-08-21T22:00:00Z,0.0
2024-08-21T23:00:00Z,0.0
2024-08-22T00:00:00Z,0.0
2024-08-22T01:00:00Z,0.0
2024-08-22T02:00:00Z,0.0
2024-08-22T03:00:00Z,0.0
2024-08-22T04:00:00Z,0.0
2024-08-22T05:00:00Z,0.0
2024-08-22T06:00:00Z,47.65
2024-08-22T07:00:00Z,240.3
2024-08-22T08:00:00Z,445.3
2024-08-22T09:00:00Z,613.5
2024-08-22T10:00:00Z,685.45
2024-08-22T11:00:00Z,739.12
2024-08-22T12:00:00Z,759.38
2024-08-22T13:00:00Z,707.42
2024-08-22T14:00:00Z,555.22
2024-08-22T15:00:00Z,370.75
2024-08-22T16:00:00Z,154.05
2024-08-22T17:00:00Z,8.95
2024-08-22T18:00:00Z,0.0
2024-08-22T19:00:00Z,0.0
2024-08-22T20:00:00Z,0.0
2024-08-22T21:00:00Z,0.0
2024-08-22T22:00:00Z,0.0
2024-08-22T23:00:00Z,0.0
2024-08-23T00:00:00Z,0.0
2024-08-23T01:00:00Z,0.0
2024-08-23T02:00:00Z,0.0
2024-08-23T03:00:00Z,0.0
2024-08-23T04:00:00Z,0.0
2024-08-23T05:00:00Z,0.0
2024-08-23T06:00:00Z,50.45
2024-08-23T07:00:00Z,215.93
2024-08-23T08:00:00Z,382.27
2024-08-23T09:00:00Z,547.58
2024-08-23T10:00:00Z,676.97
2024-08-23T11:00:00Z,749.72
2024-08-23T12:00:00Z,747.65
2024-08-23T13:00:00Z,655.4
2024-08-23T14:00:00Z,530.17
2024-08-23T15:00:00Z,289.6
2024-08-23T16:00:00Z,131.27
2024-08-23T17:00:00Z,8.4
2024-08-23T18:00:00Z,0.0
2024-08-23T19:00:00Z,0.0
2024-08-23T20:00:00Z,0.0
2024-08-23T21:00:00Z,0.0
2024-08-23T22:00:00Z,0.0
2024-08-23T23:00:00Z,0.0
2024-08-24T00:00:00Z,0.0
2024-08-24T01:00:00Z,0.0
2024-08-24T02:00:00Z,0.0
2024-08-24T03:00:00Z,0.0
2024-08-24T04:00:00Z,0.0
2024-08-24T05:00:00Z,0.0
2024-08-24T06:00:00Z,54.28
2024-08-24T07:00:00Z,234.62
2024-08-24T08:00:00Z,429.4
2024-08-24T09:00:00Z,554.92
2024-08-24T10:00:00Z,629.58
2024-08-24T11:00:00Z,610.72
2024-08-24T12:00:00Z,594.88
2024-08-24T13:00:00Z,550.53
2024-08-24T14:00:00Z,332.88
2024-08-24T15:00:00Z,190.7
2024-08-24T16:00:00Z,69.82
2024-08-24T17:00:00Z,3.58
2024-08-24T18:00:00Z,0.0
2024-08-24T19:00:00Z,0.0
2024-08-24T20:00:00Z,0.0
2024-08-24T21:00:00Z,0.0
2024-08-24T22:00:00Z,0.0
2024-08-24T23:00:00Z,0.0
2024-08-25T00:00:00Z,0.0
2024-08-25T01:00:00Z,0.0
2024-08-25T02:00:00Z,0.0
2024-08-25T03:00:00Z,0.0
2024-08-25T04:00:00Z,0.0
2024-08-25T05:00:00Z,0.0
2024-08-25T06:00:00Z,12.55
2024-08-25T07:00:00Z,41.4
2024-08-25T08:00:00Z,47.03
2024-08-25T09:00:00Z,97.9
2024-08-25T10:00:00Z,141.12
2024-08-25T11:00:00Z,128.52
2024-08-25T12:00:00Z,212.25
2024-08-25T13:00:00Z,151.6
2024-08-25T14:00:00Z,123.45
2024-08-25T15:00:00Z,78.4
2024-08-25T16:00:00Z,43.1
2024-08-25T17:00:00Z,3.7
2024-08-25T18:00:00Z,0.0
2024-08-25T19:00:00Z,0.0
2024-08-25T20:00:00Z,0.0
2024-08-25T21:00:00Z,0.0
2024-08-25T22:00:00Z,0.0
2024-08-25T23:00:00Z,0.0
2024-08-26T00:00:00Z,0.0
2024-08-26T01:00:00Z,0.0
2024-08-26T02:00:00Z,0.0
2024-08-26T03:00:00Z,0.0
2024-08-26T04:00:00Z,0.0
2024-08-26T05:00:00Z,0.0
2024-08-26T06:00:00Z,72.6
2024-08-26T07:00:00Z,262.3
2024-08-26T08:00:00Z,448.52
2024-08-26T09:00:00Z,633.53
2024-08-26T10:00:00Z,760.45
2024-08-26T11:00:00Z,809.05
2024-08-26T12:00:00Z,789.97
2024-08-26T13:00:00Z,713.6
2024-08-26T14:00:00Z,531.78
2024-08-26T15:00:00Z,286.48
2024-08-26T16:00:00Z,120.32
2024-08-26T17:00:00Z,8.0
2024-08-26T18:00:00Z,0.0
2024-08-26T19:00:00Z,0.0
2024-08-26T20:00:00Z,0.0
2024-08-26T21:00:00Z,0.0
2024-08-26T22:00:00Z,0.0
2024-08-26T23:00:00Z,0.0
2024-08-27T00:00:00Z,0.0
2024-08-27T01:00:00Z,0.0
2024-08-27T02:00:00Z,0.0
2024-08-27T03:00:00Z,0.0
2024-08-27T04:00:00Z,0.0
2024-08-27T05:00:00Z,0.0
2024-08-27T06:00:00Z,66.05
2024-08-27T07:00:00Z,270.5
2024-08-27T08:00:00Z,473.55
2024-08-27T09:00:00Z,648.33
2024-08-27T10:00:00Z,772.67
2024-08-27T11:00:00Z,838.72
2024-08-27T12:00:00Z,788.88
2024-08-27T13:00:00Z,738.92
2024-08-27T14:00:00Z,567.25
2024-08-27T15:00:00Z,380.9
2024-08-27T16:00:00Z,167.73
2024-08-27T17:00:00Z,11.0
2024-08-27T18:00:00Z,0.0
2024-08-27T19:00:00Z,0.0
2024-08-27T20:00:00Z,0.0
2024-08-27T21:00:00Z,0.0
2024-08-27T22:00:00Z,0.0
2024-08-27T23:00:00Z,0.0
2024-08-28T00:00:00Z,0.0
2024-08-28T01:00:00Z,0.0
2024-08-28T02:00:00Z,0.0
2024-08-28T03:00:00Z,0.0
2024-08-28T04:00:00Z,0.0
2024-08-28T05:00:00Z,0.0
2024-08-28T06:00:00Z,73.45
2024-08-28T07:00:00Z,267.45
2024-08-28T08:00:00Z,490.1
2024-08-28T09:00:00Z,671.17
2024-08-28T10:00:00Z,795.33
2024-08-28T11:00:00Z,853.78
2024-08-28T12:00:00Z,830.67
2024-08-28T13:00:00Z,698.62
2024-08-28T14:00:00Z,580.83
2024-08-28T15:00:00Z,388.52
2024-08-28T16:00:00Z,170.52
2024-08-28T17:00:00Z,11.18
2024-08-28T18:00:00Z,0.0
2024-08-28T19:00:00Z,0.0
2024-08-28T20:00:00Z,0.0
2024-08-28T21:00:00Z,0.0
2024-08-28T22:00:00Z,0.0
2024-08-28T23:00:00Z,0.0
2024-08-29T00:00:00Z,0.0
2024-08-29T01:00:00Z,0.0
2024-08-29T02:00:00Z,0.0
2024-08-29T03:00:00Z,0.0
2024-08-29T04:00:00Z,0.0
2024-08-29T05:00:00Z,0.0
2024-08-29T06:00:00Z,70.45
2024-08-29T07:00:00Z,243.48
2024-08-29T08:00:00Z,459.9
2024-08-29T09:00:00Z,645.62
2024-08-29T10:00:00Z,784.1
2024-08-29T11:00:00Z,839.67
2024-08-29T12:00:00Z,816.85
2024-08-29T13:00:00Z,731.15
2024-08-29T14:00:00Z,579.72
2024-08-29T15:00:00Z,377.98
2024-08-29T16:00:00Z,158.12
2024-08-29T17:00:00Z,10.25
2024-08-29T18:00:00Z,0.0
2024-08-29T19:00:00Z,0.0
2024-08-29T20:00:00Z,0.0
2024-08-29T21:00:00Z,0.0
2024-08-29T22:00:00Z,0.0
2024-08-29T23:00:00Z,0.0
2024-08-30T00:00:00Z,0.0
2024-08-30T01:00:00Z,0.0
2024-08-30T02:00:00Z,0.0
2024-08-30T03:00:00Z,0.0
2024-08-30T04:00:00Z,0.0
2024-08-30T05:00:00Z,0.0
2024-08-30T06:00:00Z,27.83
2024-08-30T07:00:00Z,132.77
2024-08-30T08:00:00Z,235.7
2024-08-30T09:00:00Z,336.55
2024-08-30T10:00:00Z,325.4
2024-08-30T11:00:00Z,420.48
2024-08-30T12:00:00Z,413.27
2024-08-30T13:00:00Z,320.83
2024-08-30T14:00:00Z,245.55
2024-08-30T15:00:00Z,121.47
2024-08-30T16:00:00Z,64.62
2024-08-30T17:00:00Z,4.4
2024-08-30T18:00:00Z,0.0
2024-08-30T19:00:00Z,0.0
2024-08-30T20:00:00Z,0.0
2024-08-30T21:00:00Z,0.0
2024-08-30T22:00:00Z,0.0
2024-08-30T23:00:00Z,0.0
2024-08-31T00:00:00Z,0.0
2024-08-31T01:00:00Z,0.0
2024-08-31T02:00:00Z,0.0
2024-08-31T03:00:00Z,0.0
2024-08-31T04:00:00Z,0.0
2024-08-31T05:00:00Z,0.0
2024-08-31T06:00:00Z,87.1
2024-08-31T07:00:00Z,306.65
2024-08-31T08:00:00Z,514.62
2024-08-31T09:00:00Z,655.92
2024-08-31T10:00:00Z,759.85
2024-08-31T11:00:00Z,804.97
2024-08-31T12:00:00Z,800.45
2024-08-31T13:00:00Z,705.15
2024-08-31T14:00:00Z,559.62
2024-08-31T15:00:00Z,370.65
2024-08-31T16:00:00Z,156.82
2024-08-31T17:00:00Z,10.23
2024-08-31T18:00:00Z,0.0
2024-08-31T19:00:00Z,0.0
2024-08-31T20:00:00Z,0.0
2024-08-31T21:00:00Z,0.0
2024-08-31T22:00:00Z,0.0
2024-08-31T23:00:00Z,0.0
2024-09-01T00:00:00Z,0.0
2024-09-01T01:00:00Z,0.0
2024-09-01T02:00:00Z,0.0
2024-09-01T03:00:00Z,0.0
2024-09-01T04:00:00Z,0.0
2024-09-01T05:00:00Z,0.0
2024-09-01T06:00:00Z,73.35
2024-09-01T07:00:00Z,254.52
2024-09-01T08:00:00Z,498.17
2024-09-01T09:00:00Z,688.08
2024-09-01T10:00:00Z,813.33
2024-09-01T11:00:00Z,869.7
2024-09-01T12:00:00Z,838.5
2024-09-01T13:00:00Z,736.08
2024-09-01T14:00:00Z,589.2
2024-09-01T15:00:00Z,355.62
2024-09-01T16:00:00Z,161.32
2024-09-01T17:00:00Z,11.35
2024-09-01T18:00:00Z,0.0
2024-09-01T19:00:00Z,0.0
2024-09-01T20:00:00Z,0.0
2024-09-01T21:00:00Z,0.0
2024-09-01T22:00:00Z,0.0
2024-09-01T23:00:00Z,0.0
2024-09-02T00:00:00Z,0.0
2024-09-02T01:00:00Z,0.0
2024-09-02T02:00:00Z,0.0
2024-09-02T03:00:00Z,0.0
2024-09-02T04:00:00Z,0.0
2024-09-02T05:00:00Z,0.0
2024-09-02T06:00:00Z,86.28
2024-09-02T07:00:00Z,280.42
2024-09-02T08:00:00Z,521.6
2024-09-02T09:00:00Z,704.25
2024-09-02T10:00:00Z,820.33
2024-09-02T11:00:00Z,849.05
2024-09-02T12:00:00Z,817.08
2024-09-02T13:00:00Z,653.65
2024-09-02T14:00:00Z,591.95
2024-09-02T15:00:00Z,393.5
2024-09-02T16:00:00Z,171.88
2024-09-02T17:00:00Z,12.05
2024-09-02T18:00:00Z,0.0
2024-09-02T19:00:00Z,0.0
2024-09-02T20:00:00Z,0.0
2024-09-02T21:00:00Z,0.0
2024-09-02T22:00:00Z,0.0
2024-09-02T23:00:00Z,0.0
2024-09-03T00:00:00Z,0.0
2024-09-03T01:00:00Z,0.0
2024-09-03T02:00:00Z,0.0
2024-09-03T03:00:00Z,0.0
2024-09-03T04:00:00Z,0.0
2024-09-03T05:00:00Z,0.0
2024-09-03T06:00:00Z,95.95
2024-09-03T07:00:00Z,313.4
2024-09-03T08:00:00Z,524.9
2024-09-03T09:00:00Z,699.33
2024-09-03T10:00:00Z,833.38
2024-09-03T11:00:00Z,880.3
2024-09-03T12:00:00Z,859.53
2024-09-03T13:00:00Z,768.72
2024-09-03T14:00:00Z,614.88
2024-09-03T15:00:00Z,412.45
2024-09-03T16:00:00Z,183.15
2024-09-03T17:00:00Z,12.68
2024-09-03T18:00:00Z,0.0
2024-09-03T19:00:00Z,0.0
2024-09-03T20:00:00Z,0.0
2024-09-03T21:00:00Z,0.0
2024-09-03T22:00:00Z,0.0
2024-09-03T23:00:00Z,0.0
2024-09-04T00:00:00Z,0.0
2024-09-04T01:00:00Z,0.0
2024-09-04T02:00:00Z,0.0
2024-09-04T03:00:00Z,0.0
2024-09-04T04:00:00Z,0.0
2024-09-04T05:00:00Z,0.0
2024-09-04T06:00:00Z,107.35
2024-09-04T07:00:00Z,336.88
2024-09-04T08:00:00Z,563.2
2024-09-04T09:00:00Z,741.92
2024-09-04T10:00:00Z,861.22
2024-09-04T11:00:00Z,911.7
2024-09-04T12:00:00Z,891.0
2024-09-04T13:00:00Z,787.33
2024-09-04T14:00:00Z,631.12
2024-09-04T15:00:00Z,418.3
2024-09-04T16:00:00Z,180.98
2024-09-04T17:00:00Z,12.0
2024-09-04T18:00:00Z,0.0
2024-09-04T19:00:00Z,0.0
2024-09-04T20:00:00Z,0.0
2024-09-04T21:00:00Z,0.0
2024-09-04T22:00:00Z,0.0
2024-09-04T23:00:00Z,0.0
2024-09-05T00:00:00Z,0.0
2024-09-05T01:00:00Z,0.0
2024-09-05T02:00:00Z,0.0
2024-09-05T03:00:00Z,0.0
2024-09-05T04:00:00Z,0.0
2024-09-05T05:00:00Z,0.0
2024-09-05T06:00:00Z,51.15
2024-09-05T07:00:00Z,176.27
2024-09-05T08:00:00Z,326.58
2024-09-05T09:00:00Z,478.58
2024-09-05T10:00:00Z,498.88
2024-09-05T11:00:00Z,460.08
2024-09-05T12:00:00Z,420.75
2024-09-05T13:00:00Z,419.8
2024-09-05T14:00:00Z,240.75
2024-09-05T15:00:00Z,148.52
2024-09-05T16:00:00Z,70.15
2024-09-05T17:00:00Z,5.22
2024-09-05T18:00:00Z,0.0
2024-09-05T19:00:00Z,0.0
2024-09-05T20:00:00Z,0.0
2024-09-05T21:00:00Z,0.0
2024-09-05T22:00:00Z,0.0
2024-09-05T23:00:00Z,0.0
2024-09-06T00:00:00Z,0.0
2024-09-06T01:00:00Z,0.0
2024-09-06T02:00:00Z,0.0
2024-09-06T03:00:00Z,0.0
2024-09-06T04:00:00Z,0.0
2024-09-06T05:00:00Z,0.0
2024-09-06T06:00:00Z,36.67
2024-09-06T07:00:00Z,98.97
2024-09-06T08:00:00Z,176.98
2024-09-06T09:00:00Z,225.45
2024-09-06T10:00:00Z,335.62
2024-09-06T11:00:00Z,299.0
2024-09-06T12:00:00Z,386.65
2024-09-06T13:00:00Z,223.73
2024-09-06T14:00:00Z,215.02
2024-09-06T15:00:00Z,141.25
2024-09-06T16:00:00Z,61.03
2024-09-06T17:00:00Z,5.12
2024-09-06T18:00:00Z,0.0
2024-09-06T19:00:00Z,0.0
2024-09-06T20:00:00Z,0.0
2024-09-06T21:00:00Z,0.0
2024-09-06T22:00:00Z,0.0
2024-09-06T23:00:00Z,0.0
2024-09-07T00:00:00Z,0.0
2024-09-07T01:00:00Z,0.0
2024-09-07T02:00:00Z,0.0
2024-09-07T03:00:00Z,0.0
2024-09-07T04:00:00Z,0.0
2024-09-07T05:00:00Z,0.0
2024-09-07T06:00:00Z,52.6
2024-09-07T07:00:00Z,136.9
2024-09-07T08:00:00Z,229.6
2024-09-07T09:00:00Z,370.42
2024-09-07T10:00:00Z,466.92
2024-09-07T11:00:00Z,565.42
2024-09-07T12:00:00Z,575.83
2024-09-07T13:00:00Z,467.7
2024-09-07T14:00:00Z,307.6
2024-09-07T15:00:00Z,190.95
2024-09-07T16:00:00Z,90.1
2024-09-07T17:00:00Z,5.55
2024-09-07T18:00:00Z,0.0
2024-09-07T19:00:00Z,0.0
2024-09-07T20:00:00Z,0.0
2024-09-07T21:00:00Z,0.0
2024-09-07T22:00:00Z,0.0
2024-09-07T23:00:00Z,0.0
2024-09-08T00:00:00Z,0.0
2024-09-08T01:00:00Z,0.0
2024-09-08T02:00:00Z,0.0
2024-09-08T03:00:00Z,0.0
2024-09-08T04:00:00Z,0.0
2024-09-08T05:00:00Z,0.0
2024-09-08T06:00:00Z,74.6
2024-09-08T07:00:00Z,207.3
2024-09-08T08:00:00Z,367.02
2024-09-08T09:00:00Z,516.17
2024-09-08T10:00:00Z,546.72
2024-09-08T11:00:00Z,654.42
2024-09-08T12:00:00Z,678.17
2024-09-08T13:00:00Z,537.35
2024-09-08T14:00:00Z,418.33
2024-09-08T15:00:00Z,262.25
2024-09-08T16:00:00Z,114.43
2024-09-08T17:00:00Z,9.45
2024-09-08T18:00:00Z,0.0
2024-09-08T19:00:00Z,0.0
2024-09-08T20:00:00Z,0.0
2024-09-08T21:00:00Z,0.0
2024-09-08T22:00:00Z,0.0
2024-09-08T23:00:00Z,0.0
2024-09-09T00:00:00Z,0.0
2024-09-09T01:00:00Z,0.0
2024-09-09T02:00:00Z,0.0
2024-09-09T03:00:00Z,0.0
2024-09-09T04:00:00Z,0.0
2024-09-09T05:00:00Z,0.0
2024-09-09T06:00:00Z,59.8
2024-09-09T07:00:00Z,151.48
2024-09-09T08:00:00Z,247.4
2024-09-09T09:00:00Z,396.9
2024-09-09T10:00:00Z,501.52
2024-09-09T11:00:00Z,538.88
2024-09-09T12:00:00Z,485.73
2024-09-09T13:00:00Z,437.77
2024-09-09T14:00:00Z,287.38
2024-09-09T15:00:00Z,184.27
2024-09-09T16:00:00Z,89.95
2024-09-09T17:00:00Z,8.5
2024-09-09T18:00:00Z,0.0
2024-09-09T19:00:00Z,0.0
2024-09-09T20:00:00Z,0.0
2024-09-09T21:00:00Z,0.0
2024-09-09T22:00:00Z,0.0
2024-09-09T23:00:00Z,0.0
2024-09-10T00:00:00Z,0.0
2024-09-10T01:00:00Z,0.0
2024-09-10T02:00:00Z,0.0
2024-09-10T03:00:00Z,0.0
2024-09-10T04:00:00Z,0.0
2024-09-10T05:00:00Z,0.0
2024-09-10T06:00:00Z,96.12
2024-09-10T07:00:00Z,268.58
2024-09-10T08:00:00Z,446.58
2024-09-10T09:00:00Z,615.7
2024-09-10T10:00:00Z,722.47
2024-09-10T11:00:00Z,747.42
2024-09-10T12:00:00Z,715.05
2024-09-10T13:00:00Z,604.17
2024-09-10T14:00:00Z,440.98
2024-09-10T15:00:00Z,281.67
2024-09-10T16:00:00Z,127.53
2024-09-10T17:00:00Z,10.57
2024-09-10T18:00:00Z,0.0
2024-09-10T19:00:00Z,0.0
2024-09-10T20:00:00Z,0.0
2024-09-10T21:00:00Z,0.0
2024-09-10T22:00:00Z,0.0
2024-09-10T23:00:00Z,0.0
2024-09-11T00:00:00Z,0.0
2024-09-11T01:00:00Z,0.0
2024-09-11T02:00:00Z,0.0
2024-09-11T03:00:00Z,0.0
2024-09-11T04:00:00Z,0.0
2024-09-11T05:00:00Z,0.0
2024-09-11T06:00:00Z,63.8
2024-09-11T07:00:00Z,151.35
2024-09-11T08:00:00Z,246.65
2024-09-11T09:00:00Z,421.35
2024-09-11T10:00:00Z,543.08
2024-09-11T11:00:00Z,612.03
2024-09-11T12:00:00Z,580.72
2024-09-11T13:00:00Z,509.3
2024-09-11T14:00:00Z,375.45
2024-09-11T15:00:00Z,240.23
2024-09-11T16:00:00Z,104.68
2024-09-11T17:00:00Z,9.85
2024-09-11T18:00:00Z,0.0
2024-09-11T19:00:00Z,0.0
2024-09-11T20:00:00Z,0.0
2024-09-11T21:00:00Z,0.0
2024-09-11T22:00:00Z,0.0
2024-09-11T23:00:00Z,0.0
2024-09-12T00:00:00Z,0.0
2024-09-12T01:00:00Z,0.0
2024-09-12T02:00:00Z,0.0
2024-09-12T03:00:00Z,0.0
2024-09-12T04:00:00Z,0.0
2024-09-12T05:00:00Z,0.0
2024-09-12T06:00:00Z,88.32
2024-09-12T07:00:00Z,211.77
2024-09-12T08:00:00Z,368.65
2024-09-12T09:00:00Z,535.53
2024-09-12T10:00:00Z,651.47
2024-09-12T11:00:00Z,748.38
2024-09-12T12:00:00Z,582.67
2024-09-12T13:00:00Z,365.33
2024-09-12T14:00:00Z,256.95
2024-09-12T15:00:00Z,158.6
2024-09-12T16:00:00Z,67.47
2024-09-12T17:00:00Z,5.6
2024-09-12T18:00:00Z,0.0
2024-09-12T19:00:00Z,0.0
2024-09-12T20:00:00Z,0.0
2024-09-12T21:00:00Z,0.0
2024-09-12T22:00:00Z,0.0
2024-09-12T23:00:00Z,0.0
2024-09-13T00:00:00Z,0.0
2024-09-13T01:00:00Z,0.0
2024-09-13T02:00:00Z,0.0
2024-09-13T03:00:00Z,0.0
2024-09-13T04:00:00Z,0.0
2024-09-13T05:00:00Z,0.0
2024-09-13T06:00:00Z,114.2
2024-09-13T07:00:00Z,270.92
2024-09-13T08:00:00Z,499.45
2024-09-13T09:00:00Z,709.97
2024-09-13T10:00:00Z,826.88
2024-09-13T11:00:00Z,876.47
2024-09-13T12:00:00Z,859.38
2024-09-13T13:00:00Z,764.97
2024-09-13T14:00:00Z,599.05
2024-09-13T15:00:00Z,398.8
2024-09-13T16:00:00Z,176.52
2024-09-13T17:00:00Z,14.32
2024-09-13T18:00:00Z,0.0
2024-09-13T19:00:00Z,0.0
2024-09-13T20:00:00Z,0.0
2024-09-13T21:00:00Z,0.0
2024-09-13T22:00:00Z,0.0
2024-09-13T23:00:00Z,0.0
2024-09-14T00:00:00Z,0.0
2024-09-14T01:00:00Z,0.0
2024-09-14T02:00:00Z,0.0
2024-09-14T03:00:00Z,0.0
2024-09-14T04:00:00Z,0.0
2024-09-14T05:00:00Z,4.0
2024-09-14T06:00:00Z,138.75
2024-09-14T07:00:00Z,372.12
2024-09-14T08:00:00Z,586.97
2024-09-14T09:00:00Z,758.28
2024-09-14T10:00:00Z,872.35
2024-09-14T11:00:00Z,919.38
2024-09-14T12:00:00Z,857.08
2024-09-14T13:00:00Z,753.2
2024-09-14T14:00:00Z,562.58
2024-09-14T15:00:00Z,373.55
2024-09-14T16:00:00Z,160.68
2024-09-14T17:00:00Z,11.15
2024-09-14T18:00:00Z,0.0
2024-09-14T19:00:00Z,0.0
2024-09-14T20:00:00Z,0.0
2024-09-14T21:00:00Z,0.0
2024-09-14T22:00:00Z,0.0
2024-09-14T23:00:00Z,0.0
2024-09-15T00:00:00Z,0.0
2024-09-15T01:00:00Z,0.0
2024-09-15T02:00:00Z,0.0
2024-09-15T03:00:00Z,0.0
2024-09-15T04:00:00Z,0.0
2024-09-15T05:00:00Z,4.07
2024-09-15T06:00:00Z,123.8
2024-09-15T07:00:00Z,326.35
2024-09-15T08:00:00Z,552.35
2024-09-15T09:00:00Z,708.03
2024-09-15T10:00:00Z,748.03
2024-09-15T11:00:00Z,681.42
2024-09-15T12:00:00Z,788.78
2024-09-15T13:00:00Z,675.53
2024-09-15T14:00:00Z,508.27
2024-09-15T15:00:00Z,331.0
2024-09-15T16:00:00Z,146.88
2024-09-15T17:00:00Z,11.7
2024-09-15T18:00:00Z,0.0
2024-09-15T19:00:00Z,0.0
2024-09-15T20:00:00Z,0.0
2024-09-15T21:00:00Z,0.0
2024-09-15T22:00:00Z,0.0
2024-09-15T23:00:00Z,0.0
2024-09-16T00:00:00Z,0.0
2024-09-16T01:00:00Z,0.0
2024-09-16T02:00:00Z,0.0
2024-09-16T03:00:00Z,0.0
2024-09-16T04:00:00Z,0.0
2024-09-16T05:00:00Z,1.9
2024-09-16T06:00:00Z,24.5
2024-09-16T07:00:00Z,67.38
2024-09-16T08:00:00Z,104.75
2024-09-16T09:00:00Z,242.3
2024-09-16T10:00:00Z,313.9
2024-09-16T11:00:00Z,377.75
2024-09-16T12:00:00Z,440.27
2024-09-16T13:00:00Z,326.92
2024-09-16T14:00:00Z,225.2
2024-09-16T15:00:00Z,143.15
2024-09-16T16:00:00Z,79.7
2024-09-16T17:00:00Z,8.18
2024-09-16T18:00:00Z,0.0
2024-09-16T19:00:00Z,0.0
2024-09-16T20:00:00Z,0.0
2024-09-16T21:00:00Z,0.0
2024-09-16T22:00:00Z,0.0
2024-09-16T23:00:00Z,0.0
2024-09-17T00:00:00Z,0.0
2024-09-17T01:00:00Z,0.0
2024-09-17T02:00:00Z,0.0
2024-09-17T03:00:00Z,0.0
2024-09-17T04:00:00Z,0.0
2024-09-17T05:00:00Z,3.58
2024-09-17T06:00:00Z,68.55
2024-09-17T07:00:00Z,200.1
2024-09-17T08:00:00Z,322.7
2024-09-17T09:00:00Z,628.9
2024-09-17T10:00:00Z,625.3
2024-09-17T11:00:00Z,619.33
2024-09-17T12:00:00Z,586.15
2024-09-17T13:00:00Z,488.08
2024-09-17T14:00:00Z,330.4
2024-09-17T15:00:00Z,235.35
2024-09-17T16:00:00Z,106.8
2024-09-17T17:00:00Z,7.62
2024-09-17T18:00:00Z,0.0
2024-09-17T19:00:00Z,0.0
2024-09-17T20:00:00Z,0.0
2024-09-17T21:00:00Z,0.0
2024-09-17T22:00:00Z,0.0
2024-09-17T23:00:00Z,0.0
2024-09-18T00:00:00Z,0.0
2024-09-18T01:00:00Z,0.0
2024-09-18T02:00:00Z,0.0
2024-09-18T03:00:00Z,0.0
2024-09-18T04:00:00Z,0.0
2024-09-18T05:00:00Z,3.4
2024-09-18T06:00:00Z,58.08
2024-09-18T07:00:00Z,158.25
2024-09-18T08:00:00Z,257.5
2024-09-18T09:00:00Z,504.3
2024-09-18T10:00:00Z,624.12
2024-09-18T11:00:00Z,669.9
2024-09-18T12:00:00Z,692.4
2024-09-18T13:00:00Z,640.55
2024-09-18T14:00:00Z,456.42
2024-09-18T15:00:00Z,296.45
2024-09-18T16:00:00Z,127.82
2024-09-18T17:00:00Z,14.35
2024-09-18T18:00:00Z,0.0
2024-09-18T19:00:00Z,0.0
2024-09-18T20:00:00Z,0.0
2024-09-18T21:00:00Z,0.0
2024-09-18T22:00:00Z,0.0
2024-09-18T23:00:00Z,0.0
2024-09-19T00:00:00Z,0.0
2024-09-19T01:00:00Z,0.0
2024-09-19T02:00:00Z,0.0
2024-09-19T03:00:00Z,0.0
2024-09-19T04:00:00Z,0.0
2024-09-19T05:00:00Z,6.07
2024-09-19T06:00:00Z,135.57
2024-09-19T07:00:00Z,338.52
2024-09-19T08:00:00Z,587.25
2024-09-19T09:00:00Z,765.05
2024-09-19T10:00:00Z,875.72
2024-09-19T11:00:00Z,923.1
2024-09-19T12:00:00Z,896.5
2024-09-19T13:00:00Z,798.8
2024-09-19T14:00:00Z,636.42
2024-09-19T15:00:00Z,376.38
2024-09-19T16:00:00Z,167.93
2024-09-19T17:00:00Z,13.95
2024-09-19T18:00:00Z,0.0
2024-09-19T19:00:00Z,0.0
2024-09-19T20:00:00Z,0.0
2024-09-19T21:00:00Z,0.0
2024-09-19T22:00:00Z,0.0
2024-09-19T23:00:00Z,0.0
2024-09-20T00:00:00Z,0.0
2024-09-20T01:00:00Z,0.0
2024-09-20T02:00:00Z,0.0
2024-09-20T03:00:00Z,0.0
2024-09-20T04:00:00Z,0.0
2024-09-20T05:00:00Z,5.43
2024-09-20T06:00:00Z,109.3
2024-09-20T07:00:00Z,277.58
2024-09-20T08:00:00Z,543.38
2024-09-20T09:00:00Z,680.5
2024-09-20T10:00:00Z,814.4
2024-09-20T11:00:00Z,890.9
2024-09-20T12:00:00Z,862.8
2024-09-20T13:00:00Z,746.12
2024-09-20T14:00:00Z,617.58
2024-09-20T15:00:00Z,411.65
2024-09-20T16:00:00Z,185.8
2024-09-20T17:00:00Z,16.02
2024-09-20T18:00:00Z,0.0
2024-09-20T19:00:00Z,0.0
2024-09-20T20:00:00Z,0.0
2024-09-20T21:00:00Z,0.0
2024-09-20T22:00:00Z,0.0
2024-09-20T23:00:00Z,0.0
2024-09-21T00:00:00Z,0.0
2024-09-21T01:00:00Z,0.0
2024-09-21T02:00:00Z,0.0
2024-09-21T03:00:00Z,0.0
2024-09-21T04:00:00Z,0.0
2024-09-21T05:00:00Z,7.62
2024-09-21T06:00:00Z,154.38
2024-09-21T07:00:00Z,389.0
2024-09-21T08:00:00Z,606.03
2024-09-21T09:00:00Z,798.85
2024-09-21T10:00:00Z,907.88
2024-09-21T11:00:00Z,946.65
2024-09-21T12:00:00Z,915.1
2024-09-21T13:00:00Z,813.35
2024-09-21T14:00:00Z,639.78
2024-09-21T15:00:00Z,430.75
2024-09-21T16:00:00Z,198.7
2024-09-21T17:00:00Z,17.1
2024-09-21T18:00:00Z,0.0
2024-09-21T19:00:00Z,0.0
2024-09-21T20:00:00Z,0.0
2024-09-21T21:00:00Z,0.0
2024-09-21T22:00:00Z,0.0
2024-09-21T23:00:00Z,0.0
2024-09-22T00:00:00Z,0.0
2024-09-22T01:00:00Z,0.0
2024-09-22T02:00:00Z,0.0
2024-09-22T03:00:00Z,0.0
2024-09-22T04:00:00Z,0.0
2024-09-22T05:00:00Z,6.7
2024-09-22T06:00:00Z,103.4
2024-09-22T07:00:00Z,271.45
2024-09-22T08:00:00Z,443.27
2024-09-22T09:00:00Z,547.03
2024-09-22T10:00:00Z,639.97
2024-09-22T11:00:00Z,742.8
2024-09-22T12:00:00Z,776.95
2024-09-22T13:00:00Z,673.28
2024-09-22T14:00:00Z,535.08
2024-09-22T15:00:00Z,342.5
2024-09-22T16:00:00Z,143.12
2024-09-22T17:00:00Z,14.82
2024-09-22T18:00:00Z,0.0
2024-09-22T19:00:00Z,0.0
2024-09-22T20:00:00Z,0.0
2024-09-22T21:00:00Z,0.0
2024-09-22T22:00:00Z,0.0
2024-09-22T23:00:00Z,0.0
2024-09-23T00:00:00Z,0.0
2024-09-23T01:00:00Z,0.0
2024-09-23T02:00:00Z,0.0
2024-09-23T03:00:00Z,0.0
2024-09-23T04:00:00Z,0.0
2024-09-23T05:00:00Z,6.3
2024-09-23T06:00:00Z,71.28
2024-09-23T07:00:00Z,190.88
2024-09-23T08:00:00Z,294.62
2024-09-23T09:00:00Z,498.0
2024-09-23T10:00:00Z,679.67
2024-09-23T11:00:00Z,687.22
2024-09-23T12:00:00Z,569.95
2024-09-23T13:00:00Z,623.75
2024-09-23T14:00:00Z,562.65
2024-09-23T15:00:00Z,363.42
2024-09-23T16:00:00Z,163.0
2024-09-23T17:00:00Z,12.48
2024-09-23T18:00:00Z,0.0
2024-09-23T19:00:00Z,0.0
2024-09-23T20:00:00Z,0.0
2024-09-23T21:00:00Z,0.0
2024-09-23T22:00:00Z,0.0
2024-09-23T23:00:00Z,0.0
2024-09-24T00:00:00Z,0.0
2024-09-24T01:00:00Z,0.0
2024-09-24T02:00:00Z,0.0
2024-09-24T03:00:00Z,0.0
2024-09-24T04:00:00Z,0.0
2024-09-24T05:00:00Z,5.5
2024-09-24T06:00:00Z,54.53
2024-09-24T07:00:00Z,166.25
2024-09-24T08:00:00Z,183.07
2024-09-24T09:00:00Z,177.88
2024-09-24T10:00:00Z,300.27
2024-09-24T11:00:00Z,236.62
2024-09-24T12:00:00Z,289.88
2024-09-24T13:00:00Z,194.07
2024-09-24T14:00:00Z,189.05
2024-09-24T15:00:00Z,126.72
2024-09-24T16:00:00Z,71.1
2024-09-24T17:00:00Z,4.43
2024-09-24T18:00:00Z,0.0
2024-09-24T19:00:00Z,0.0
2024-09-24T20:00:00Z,0.0
2024-09-24T21:00:00Z,0.0
2024-09-24T22:00:00Z,0.0
2024-09-24T23:00:00Z,0.0
2024-09-25T00:00:00Z,0.0
2024-09-25T01:00:00Z,0.0
2024-09-25T02:00:00Z,0.0
2024-09-25T03:00:00Z,0.0
2024-09-25T04:00:00Z,0.0
2024-09-25T05:00:00Z,11.75
2024-09-25T06:00:00Z,184.38
2024-09-25T07:00:00Z,419.8
2024-09-25T08:00:00Z,635.3
2024-09-25T09:00:00Z,809.0
2024-09-25T10:00:00Z,928.3
2024-09-25T11:00:00Z,961.17
2024-09-25T12:00:00Z,920.17
2024-09-25T13:00:00Z,815.4
2024-09-25T14:00:00Z,637.38
2024-09-25T15:00:00Z,424.95
2024-09-25T16:00:00Z,194.9
2024-09-25T17:00:00Z,18.45
2024-09-25T18:00:00Z,0.0
2024-09-25T19:00:00Z,0.0
2024-09-25T20:00:00Z,0.0
2024-09-25T21:00:00Z,0.0
2024-09-25T22:00:00Z,0.0
2024-09-25T23:00:00Z,0.0
2024-09-26T00:00:00Z,0.0
2024-09-26T01:00:00Z,0.0
2024-09-26T02:00:00Z,0.0
2024-09-26T03:00:00Z,0.0
2024-09-26T04:00:00Z,0.0
2024-09-26T05:00:00Z,11.15
2024-09-26T06:00:00Z,169.3
2024-09-26T07:00:00Z,398.2
2024-09-26T08:00:00Z,609.97
2024-09-26T09:00:00Z,793.55
2024-09-26T10:00:00Z,899.5
2024-09-26T11:00:00Z,953.53
2024-09-26T12:00:00Z,926.12
2024-09-26T13:00:00Z,818.92
2024-09-26T14:00:00Z,643.38
2024-09-26T15:00:00Z,433.85
2024-09-26T16:00:00Z,202.62
2024-09-26T17:00:00Z,19.02
2024-09-26T18:00:00Z,0.0
2024-09-26T19:00:00Z,0.0
2024-09-26T20:00:00Z,0.0
2024-09-26T21:00:00Z,0.0
2024-09-26T22:00:00Z,0.0
2024-09-26T23:00:00Z,0.0
2024-09-27T00:00:00Z,0.0
2024-09-27T01:00:00Z,0.0
2024-09-27T02:00:00Z,0.0
2024-09-27T03:00:00Z,0.0
2024-09-27T04:00:00Z,0.0
2024-09-27T05:00:00Z,12.07
2024-09-27T06:00:00Z,167.85
2024-09-27T07:00:00Z,393.58
2024-09-27T08:00:00Z,605.53
2024-09-27T09:00:00Z,784.22
2024-09-27T10:00:00Z,889.85
2024-09-27T11:00:00Z,930.9
2024-09-27T12:00:00Z,866.6
2024-09-27T13:00:00Z,775.6
2024-09-27T14:00:00Z,580.22
2024-09-27T15:00:00Z,353.23
2024-09-27T16:00:00Z,172.8
2024-09-27T17:00:00Z,17.62
2024-09-27T18:00:00Z,0.0
2024-09-27T19:00:00Z,0.0
2024-09-27T20:00:00Z,0.0
2024-09-27T21:00:00Z,0.0
2024-09-27T22:00:00Z,0.0
2024-09-27T23:00:00Z,0.0
2024-09-28T00:00:00Z,0.0
2024-09-28T01:00:00Z,0.0
2024-09-28T02:00:00Z,0.0
2024-09-28T03:00:00Z,0.0
2024-09-28T04:00:00Z,0.0
2024-09-28T05:00:00Z,12.07
2024-09-28T06:00:00Z,156.3
2024-09-28T07:00:00Z,360.05
2024-09-28T08:00:00Z,554.28
2024-09-28T09:00:00Z,690.45
2024-09-28T10:00:00Z,769.1
2024-09-28T11:00:00Z,775.12
2024-09-28T12:00:00Z,661.88
2024-09-28T13:00:00Z,665.65
2024-09-28T14:00:00Z,455.08
2024-09-28T15:00:00Z,323.9
2024-09-28T16:00:00Z,158.4
2024-09-28T17:00:00Z,17.77
2024-09-28T18:00:00Z,0.0
2024-09-28T19:00:00Z,0.0
2024-09-28T20:00:00Z,0.0
2024-09-28T21:00:00Z,0.0
2024-09-28T22:00:00Z,0.0
2024-09-28T23:00:00Z,0.0
2024-09-29T00:00:00Z,0.0
2024-09-29T01:00:00Z,0.0
2024-09-29T02:00:00Z,0.0
2024-09-29T03:00:00Z,0.0
2024-09-29T04:00:00Z,0.0
2024-09-29T05:00:00Z,13.4
2024-09-29T06:00:00Z,148.75
2024-09-29T07:00:00Z,351.23
2024-09-29T08:00:00Z,547.88
2024-09-29T09:00:00Z,735.47
2024-09-29T10:00:00Z,764.9
2024-09-29T11:00:00Z,827.78
2024-09-29T12:00:00Z,773.05
2024-09-29T13:00:00Z,733.12
2024-09-29T14:00:00Z,557.22
2024-09-29T15:00:00Z,344.65
2024-09-29T16:00:00Z,152.43
2024-09-29T17:00:00Z,13.6
2024-09-29T18:00:00Z,0.0
2024-09-29T19:00:00Z,0.0
2024-09-29T20:00:00Z,0.0
2024-09-29T21:00:00Z,0.0
2024-09-29T22:00:00Z,0.0
2024-09-29T23:00:00Z,0.0
2024-09-30T00:00:00Z,0.0
2024-09-30T01:00:00Z,0.0
2024-09-30T02:00:00Z,0.0
2024-09-30T03:00:00Z,0.0
2024-09-30T04:00:00Z,0.0
2024-09-30T05:00:00Z,14.65
2024-09-30T06:00:00Z,181.52
2024-09-30T07:00:00Z,411.7
2024-09-30T08:00:00Z,627.22
2024-09-30T09:00:00Z,820.05
2024-09-30T10:00:00Z,912.83
2024-09-30T11:00:00Z,916.2
2024-09-30T12:00:00Z,849.8
2024-09-30T13:00:00Z,701.28
2024-09-30T14:00:00Z,533.88
2024-09-30T15:00:00Z,307.02
2024-09-30T16:00:00Z,143.2
2024-09-30T17:00:00Z,15.0
2024-09-30T18:00:00Z,0.0
2024-09-30T19:00:00Z,0.0
2024-09-30T20:00:00Z,0.0
2024-09-30T21:00:00Z,0.0
2024-09-30T22:00:00Z,0.0
2024-09-30T23:00:00Z,0.0
2024-10-01T00:00:00Z,0.0
2024-10-01T01:00:00Z,0.0
2024-10-01T02:00:00Z,0.0
2024-10-01T03:00:00Z,0.0
2024-10-01T04:00:00Z,0.0
2024-10-01T05:00:00Z,8.25
2024-10-01T06:00:00Z,86.8
2024-10-01T07:00:00Z,209.55
2024-10-01T08:00:00Z,272.4
2024-10-01T09:00:00Z,389.08
2024-10-01T10:00:00Z,423.55
2024-10-01T11:00:00Z,544.62
2024-10-01T12:00:00Z,617.25
2024-10-01T13:00:00Z,487.38
2024-10-01T14:00:00Z,375.7
2024-10-01T15:00:00Z,229.6
2024-10-01T16:00:00Z,96.15
2024-10-01T17:00:00Z,11.7
2024-10-01T18:00:00Z,0.0
2024-10-01T19:00:00Z,0.0
2024-10-01T20:00:00Z,0.0
2024-10-01T21:00:00Z,0.0
2024-10-01T22:00:00Z,0.0
2024-10-01T23:00:00Z,0.0
2024-10-02T00:00:00Z,0.0
2024-10-02T01:00:00Z,0.0
2024-10-02T02:00:00Z,0.0
2024-10-02T03:00:00Z,0.0
2024-10-02T04:00:00Z,0.0
2024-10-02T05:00:00Z,7.88
2024-10-02T06:00:00Z,71.88
2024-10-02T07:00:00Z,159.15
2024-10-02T08:00:00Z,150.02
2024-10-02T09:00:00Z,219.25
2024-10-02T10:00:00Z,203.77
2024-10-02T11:00:00Z,317.75
2024-10-02T12:00:00Z,439.58
2024-10-02T13:00:00Z,548.4
2024-10-02T14:00:00Z,314.55
2024-10-02T15:00:00Z,189.27
2024-10-02T16:00:00Z,79.28
2024-10-02T17:00:00Z,9.77
2024-10-02T18:00:00Z,0.0
2024-10-02T19:00:00Z,0.0
2024-10-02T20:00:00Z,0.0
2024-10-02T21:00:00Z,0.0
2024-10-02T22:00:00Z,0.0
2024-10-02T23:00:00Z,0.0
2024-10-03T00:00:00Z,0.0
2024-10-03T01:00:00Z,0.0
2024-10-03T02:00:00Z,0.0
2024-10-03T03:00:00Z,0.0
2024-10-03T04:00:00Z,0.0
2024-10-03T05:00:00Z,11.93
2024-10-03T06:00:00Z,106.68
2024-10-03T07:00:00Z,219.02
2024-10-03T08:00:00Z,365.15
2024-10-03T09:00:00Z,639.42
2024-10-03T10:00:00Z,847.55
2024-10-03T11:00:00Z,850.67
2024-10-03T12:00:00Z,767.22
2024-10-03T13:00:00Z,772.12
2024-10-03T14:00:00Z,619.88
2024-10-03T15:00:00Z,418.1
2024-10-03T16:00:00Z,196.9
2024-10-03T17:00:00Z,20.65
2024-10-03T18:00:00Z,0.0
2024-10-03T19:00:00Z,0.0
2024-10-03T20:00:00Z,0.0
2024-10-03T21:00:00Z,0.0
2024-10-03T22:00:00Z,0.0
2024-10-03T23:00:00Z,0.0
2024-10-04T00:00:00Z,0.0
2024-10-04T01:00:00Z,0.0
2024-10-04T02:00:00Z,0.0
2024-10-04T03:00:00Z,0.0
2024-10-04T04:00:00Z,0.0
2024-10-04T05:00:00Z,12.32
2024-10-04T06:00:00Z,121.03
2024-10-04T07:00:00Z,276.27
2024-10-04T08:00:00Z,436.42
2024-10-04T09:00:00Z,640.6
2024-10-04T10:00:00Z,762.05
2024-10-04T11:00:00Z,803.4
2024-10-04T12:00:00Z,837.5
2024-10-04T13:00:00Z,767.6
2024-10-04T14:00:00Z,608.08
2024-10-04T15:00:00Z,402.88
2024-10-04T16:00:00Z,175.5
2024-10-04T17:00:00Z,18.45
2024-10-04T18:00:00Z,0.0
2024-10-04T19:00:00Z,0.0
2024-10-04T20:00:00Z,0.0
2024-10-04T21:00:00Z,0.0
2024-10-04T22:00:00Z,0.0
2024-10-04T23:00:00Z,0.0
2024-10-05T00:00:00Z,0.0
2024-10-05T01:00:00Z,0.0
2024-10-05T02:00:00Z,0.0
2024-10-05T03:00:00Z,0.0
2024-10-05T04:00:00Z,0.0
2024-10-05T05:00:00Z,20.62
2024-10-05T06:00:00Z,207.98
2024-10-05T07:00:00Z,440.75
2024-10-05T08:00:00Z,657.1
2024-10-05T09:00:00Z,825.1
2024-10-05T10:00:00Z,926.0
2024-10-05T11:00:00Z,962.85
2024-10-05T12:00:00Z,928.53
2024-10-05T13:00:00Z,829.4
2024-10-05T14:00:00Z,654.2
2024-10-05T15:00:00Z,441.2
2024-10-05T16:00:00Z,207.07
2024-10-05T17:00:00Z,20.83
2024-10-05T18:00:00Z,0.0
2024-10-05T19:00:00Z,0.0
2024-10-05T20:00:00Z,0.0
2024-10-05T21:00:00Z,0.0
2024-10-05T22:00:00Z,0.0
2024-10-05T23:00:00Z,0.0
2024-10-06T00:00:00Z,0.0
2024-10-06T01:00:00Z,0.0
2024-10-06T02:00:00Z,0.0
2024-10-06T03:00:00Z,0.0
2024-10-06T04:00:00Z,0.0
2024-10-06T05:00:00Z,22.85
2024-10-06T06:00:00Z,217.5
2024-10-06T07:00:00Z,453.12
2024-10-06T08:00:00Z,676.33
2024-10-06T09:00:00Z,834.6
2024-10-06T10:00:00Z,927.03
2024-10-06T11:00:00Z,963.45
2024-10-06T12:00:00Z,924.65
2024-10-06T13:00:00Z,794.58
2024-10-06T14:00:00Z,640.83
2024-10-06T15:00:00Z,432.42
2024-10-06T16:00:00Z,203.57
2024-10-06T17:00:00Z,21.48
2024-10-06T18:00:00Z,0.0
2024-10-06T19:00:00Z,0.0
2024-10-06T20:00:00Z,0.0
2024-10-06T21:00:00Z,0.0
2024-10-06T22:00:00Z,0.0
2024-10-06T23:00:00Z,0.0
2024-10-07T00:00:00Z,0.0
2024-10-07T01:00:00Z,0.0
2024-10-07T02:00:00Z,0.0
2024-10-07T03:00:00Z,0.0
2024-10-07T04:00:00Z,0.0
2024-10-07T05:00:00Z,21.62
2024-10-07T06:00:00Z,220.85
2024-10-07T07:00:00Z,459.35
2024-10-07T08:00:00Z,674.03
2024-10-07T09:00:00Z,827.65
2024-10-07T10:00:00Z,938.58
2024-10-07T11:00:00Z,960.92
2024-10-07T12:00:00Z,919.4
2024-10-07T13:00:00Z,807.0
2024-10-07T14:00:00Z,638.85
2024-10-07T15:00:00Z,430.85
2024-10-07T16:00:00Z,206.45
2024-10-07T17:00:00Z,22.25
2024-10-07T18:00:00Z,0.0
2024-10-07T19:00:00Z,0.0
2024-10-07T20:00:00Z,0.0
2024-10-07T21:00:00Z,0.0
2024-10-07T22:00:00Z,0.0
2024-10-07T23:00:00Z,0.0
2024-10-08T00:00:00Z,0.0
2024-10-08T01:00:00Z,0.0
2024-10-08T02:00:00Z,0.0
2024-10-08T03:00:00Z,0.0
2024-10-08T04:00:00Z,0.0
2024-10-08T05:00:00Z,25.95
2024-10-08T06:00:00Z,223.62
2024-10-08T07:00:00Z,458.2
2024-10-08T08:00:00Z,676.6
2024-10-08T09:00:00Z,844.38
2024-10-08T10:00:00Z,949.05
2024-10-08T11:00:00Z,981.67
2024-10-08T12:00:00Z,946.97
2024-10-08T13:00:00Z,831.38
2024-10-08T14:00:00Z,666.45
2024-10-08T15:00:00Z,453.83
2024-10-08T16:00:00Z,220.55
2024-10-08T17:00:00Z,24.12
2024-10-08T18:00:00Z,0.0
2024-10-08T19:00:00Z,0.0
2024-10-08T20:00:00Z,0.0
2024-10-08T21:00:00Z,0.0
2024-10-08T22:00:00Z,0.0
2024-10-08T23:00:00Z,0.0
2024-10-09T00:00:00Z,0.0
2024-10-09T01:00:00Z,0.0
2024-10-09T02:00:00Z,0.0
2024-10-09T03:00:00Z,0.0
2024-10-09T04:00:00Z,0.0
2024-10-09T05:00:00Z,27.48
2024-10-09T06:00:00Z,226.98
2024-10-09T07:00:00Z,464.88
2024-10-09T08:00:00Z,690.85
2024-10-09T09:00:00Z,861.42
2024-10-09T10:00:00Z,967.9
2024-10-09T11:00:00Z,994.78
2024-10-09T12:00:00Z,950.55
2024-10-09T13:00:00Z,844.03
2024-10-09T14:00:00Z,668.25
2024-10-09T15:00:00Z,450.1
2024-10-09T16:00:00Z,211.88
2024-10-09T17:00:00Z,23.02
2024-10-09T18:00:00Z,0.0
2024-10-09T19:00:00Z,0.0
2024-10-09T20:00:00Z,0.0
2024-10-09T21:00:00Z,0.0
2024-10-09T22:00:00Z,0.0
2024-10-09T23:00:00Z,0.0
2024-10-10T00:00:00Z,0.0
2024-10-10T01:00:00Z,0.0
2024-10-10T02:00:00Z,0.0
2024-10-10T03:00:00Z,0.0
2024-10-10T04:00:00Z,0.0
2024-10-10T05:00:00Z,18.85
2024-10-10T06:00:00Z,155.18
2024-10-10T07:00:00Z,351.15
2024-10-10T08:00:00Z,613.92
2024-10-10T09:00:00Z,730.2
2024-10-10T10:00:00Z,787.22
2024-10-10T11:00:00Z,882.4
2024-10-10T12:00:00Z,818.72
2024-10-10T13:00:00Z,651.22
2024-10-10T14:00:00Z,530.85
2024-10-10T15:00:00Z,321.33
2024-10-10T16:00:00Z,128.8
2024-10-10T17:00:00Z,17.73
2024-10-10T18:00:00Z,0.0
2024-10-10T19:00:00Z,0.0
2024-10-10T20:00:00Z,0.0
2024-10-10T21:00:00Z,0.0
2024-10-10T22:00:00Z,0.0
2024-10-10T23:00:00Z,0.0
2024-10-11T00:00:00Z,0.0
2024-10-11T01:00:00Z,0.0
2024-10-11T02:00:00Z,0.0
2024-10-11T03:00:00Z,0.0
2024-10-11T04:00:00Z,0.0
2024-10-11T05:00:00Z,13.1
2024-10-11T06:00:00Z,101.35
2024-10-11T07:00:00Z,246.35
2024-10-11T08:00:00Z,383.73
2024-10-11T09:00:00Z,599.4
2024-10-11T10:00:00Z,747.75
2024-10-11T11:00:00Z,788.92
2024-10-11T12:00:00Z,707.88
2024-10-11T13:00:00Z,583.47
2024-10-11T14:00:00Z,498.52
2024-10-11T15:00:00Z,302.98
2024-10-11T16:00:00Z,128.45
2024-10-11T17:00:00Z,12.95
2024-10-11T18:00:00Z,0.0
2024-10-11T19:00:00Z,0.0
2024-10-11T20:00:00Z,0.0
2024-10-11T21:00:00Z,0.0
2024-10-11T22:00:00Z,0.0
2024-10-11T23:00:00Z,0.0
2024-10-12T00:00:00Z,0.0
2024-10-12T01:00:00Z,0.0
2024-10-12T02:00:00Z,0.0
2024-10-12T03:00:00Z,0.0
2024-10-12T04:00:00Z,0.0
2024-10-12T05:00:00Z,10.48
2024-10-12T06:00:00Z,91.25
2024-10-12T07:00:00Z,211.38
2024-10-12T08:00:00Z,416.48
2024-10-12T09:00:00Z,457.88
2024-10-12T10:00:00Z,670.12
2024-10-12T11:00:00Z,725.92
2024-10-12T12:00:00Z,765.8
2024-10-12T13:00:00Z,650.03
2024-10-12T14:00:00Z,552.62
2024-10-12T15:00:00Z,347.73
2024-10-12T16:00:00Z,157.05
2024-10-12T17:00:00Z,19.83
2024-10-12T18:00:00Z,0.0
2024-10-12T19:00:00Z,0.0
2024-10-12T20:00:00Z,0.0
2024-10-12T21:00:00Z,0.0
2024-10-12T22:00:00Z,0.0
2024-10-12T23:00:00Z,0.0
2024-10-13T00:00:00Z,0.0
2024-10-13T01:00:00Z,0.0
2024-10-13T02:00:00Z,0.0
2024-10-13T03:00:00Z,0.0
2024-10-13T04:00:00Z,0.0
2024-10-13T05:00:00Z,18.4
2024-10-13T06:00:00Z,157.7
2024-10-13T07:00:00Z,325.1
2024-10-13T08:00:00Z,562.97
2024-10-13T09:00:00Z,698.35
2024-10-13T10:00:00Z,625.65
2024-10-13T11:00:00Z,602.9
2024-10-13T12:00:00Z,569.3
2024-10-13T13:00:00Z,462.42
2024-10-13T14:00:00Z,287.23
2024-10-13T15:00:00Z,160.65
2024-10-13T16:00:00Z,90.9
2024-10-13T17:00:00Z,10.82
2024-10-13T18:00:00Z,0.0
2024-10-13T19:00:00Z,0.0
2024-10-13T20:00:00Z,0.0
2024-10-13T21:00:00Z,0.0
2024-10-13T22:00:00Z,0.0
2024-10-13T23:00:00Z,0.0
2024-10-14T00:00:00Z,0.0
2024-10-14T01:00:00Z,0.0
2024-10-14T02:00:00Z,0.0
2024-10-14T03:00:00Z,0.0
2024-10-14T04:00:00Z,0.0
2024-10-14T05:00:00Z,20.2
2024-10-14T06:00:00Z,145.4
2024-10-14T07:00:00Z,305.27
2024-10-14T08:00:00Z,458.8
2024-10-14T09:00:00Z,579.83
2024-10-14T10:00:00Z,747.67
2024-10-14T11:00:00Z,578.1
2024-10-14T12:00:00Z,454.48
2024-10-14T13:00:00Z,389.5
2024-10-14T14:00:00Z,214.07
2024-10-14T15:00:00Z,142.02
2024-10-14T16:00:00Z,58.67
2024-10-14T17:00:00Z,7.4
2024-10-14T18:00:00Z,0.0
2024-10-14T19:00:00Z,0.0
2024-10-14T20:00:00Z,0.0
2024-10-14T21:00:00Z,0.0
2024-10-14T22:00:00Z,0.0
2024-10-14T23:00:00Z,0.0
2024-10-15T00:00:00Z,0.0
2024-10-15T01:00:00Z,0.0
2024-10-15T02:00:00Z,0.0
2024-10-15T03:00:00Z,0.0
2024-10-15T04:00:00Z,0.0
2024-10-15T05:00:00Z,9.98
2024-10-15T06:00:00Z,59.42
2024-10-15T07:00:00Z,113.07
2024-10-15T08:00:00Z,177.12
2024-10-15T09:00:00Z,180.62
2024-10-15T10:00:00Z,366.17
2024-10-15T11:00:00Z,559.7
2024-10-15T12:00:00Z,479.0
2024-10-15T13:00:00Z,413.35
2024-10-15T14:00:00Z,290.73
2024-10-15T15:00:00Z,148.85
2024-10-15T16:00:00Z,99.68
2024-10-15T17:00:00Z,7.8
2024-10-15T18:00:00Z,0.0
2024-10-15T19:00:00Z,0.0
2024-10-15T20:00:00Z,0.0
2024-10-15T21:00:00Z,0.0
2024-10-15T22:00:00Z,0.0
2024-10-15T23:00:00Z,0.0
2024-10-16T00:00:00Z,0.0
2024-10-16T01:00:00Z,0.0
2024-10-16T02:00:00Z,0.0
2024-10-16T03:00:00Z,0.0
2024-10-16T04:00:00Z,0.0
2024-10-16T05:00:00Z,7.25
2024-10-16T06:00:00Z,56.45
2024-10-16T07:00:00Z,104.12
2024-10-16T08:00:00Z,202.48
2024-10-16T09:00:00Z,363.25
2024-10-16T10:00:00Z,335.3
2024-10-16T11:00:00Z,330.25
2024-10-16T12:00:00Z,254.02
2024-10-16T13:00:00Z,196.18
2024-10-16T14:00:00Z,151.48
2024-10-16T15:00:00Z,93.55
2024-10-16T16:00:00Z,46.58
2024-10-16T17:00:00Z,6.62
2024-10-16T18:00:00Z,0.0
2024-10-16T19:00:00Z,0.0
2024-10-16T20:00:00Z,0.0
2024-10-16T21:00:00Z,0.0
2024-10-16T22:00:00Z,0.0
2024-10-16T23:00:00Z,0.0
2024-10-17T00:00:00Z,0.0
2024-10-17T01:00:00Z,0.0
2024-10-17T02:00:00Z,0.0
2024-10-17T03:00:00Z,0.0
2024-10-17T04:00:00Z,0.0
2024-10-17T05:00:00Z,6.2
2024-10-17T06:00:00Z,67.32
2024-10-17T07:00:00Z,118.03
2024-10-17T08:00:00Z,164.52
2024-10-17T09:00:00Z,251.93
2024-10-17T10:00:00Z,221.85
2024-10-17T11:00:00Z,280.62
2024-10-17T12:00:00Z,185.1
2024-10-17T13:00:00Z,172.57
2024-10-17T14:00:00Z,136.05
2024-10-17T15:00:00Z,83.6
2024-10-17T16:00:00Z,35.35
2024-10-17T17:00:00Z,4.68
2024-10-17T18:00:00Z,0.0
2024-10-17T19:00:00Z,0.0
2024-10-17T20:00:00Z,0.0
2024-10-17T21:00:00Z,0.0
2024-10-17T22:00:00Z,0.0
2024-10-17T23:00:00Z,0.0
2024-10-18T00:00:00Z,0.0
2024-10-18T01:00:00Z,0.0
2024-10-18T02:00:00Z,0.0
2024-10-18T03:00:00Z,0.0
2024-10-18T04:00:00Z,0.0
2024-10-18T05:00:00Z,15.45
2024-10-18T06:00:00Z,107.07
2024-10-18T07:00:00Z,281.85
2024-10-18T08:00:00Z,279.9
2024-10-18T09:00:00Z,422.95
2024-10-18T10:00:00Z,371.62
2024-10-18T11:00:00Z,165.85
2024-10-18T12:00:00Z,154.55
2024-10-18T13:00:00Z,145.55
2024-10-18T14:00:00Z,177.3
2024-10-18T15:00:00Z,117.9
2024-10-18T16:00:00Z,73.7
2024-10-18T17:00:00Z,12.15
2024-10-18T18:00:00Z,0.0
2024-10-18T19:00:00Z,0.0
2024-10-18T20:00:00Z,0.0
2024-10-18T21:00:00Z,0.0
2024-10-18T22:00:00Z,0.0
2024-10-18T23:00:00Z,0.0
2024-10-19T00:00:00Z,0.0
2024-10-19T01:00:00Z,0.0
2024-10-19T02:00:00Z,0.0
2024-10-19T03:00:00Z,0.0
2024-10-19T04:00:00Z,0.0
2024-10-19T05:00:00Z,35.28
2024-10-19T06:00:00Z,218.35
2024-10-19T07:00:00Z,456.58
2024-10-19T08:00:00Z,685.78
2024-10-19T09:00:00Z,812.97
2024-10-19T10:00:00Z,875.35
2024-10-19T11:00:00Z,910.03
2024-10-19T12:00:00Z,878.97
2024-10-19T13:00:00Z,790.25
2024-10-19T14:00:00Z,638.65
2024-10-19T15:00:00Z,425.67
2024-10-19T16:00:00Z,210.8
2024-10-19T17:00:00Z,30.52
2024-10-19T18:00:00Z,0.0
2024-10-19T19:00:00Z,0.0
2024-10-19T20:00:00Z,0.0
2024-10-19T21:00:00Z,0.0
2024-10-19T22:00:00Z,0.0
2024-10-19T23:00:00Z,0.0
2024-10-20T00:00:00Z,0.0
2024-10-20T01:00:00Z,0.0
2024-10-20T02:00:00Z,0.0
2024-10-20T03:00:00Z,0.0
2024-10-20T04:00:00Z,0.0
2024-10-20T05:00:00Z,40.1
2024-10-20T06:00:00Z,237.48
2024-10-20T07:00:00Z,465.73
2024-10-20T08:00:00Z,691.95
2024-10-20T09:00:00Z,844.53
2024-10-20T10:00:00Z,947.22
2024-10-20T11:00:00Z,989.12
2024-10-20T12:00:00Z,959.7
2024-10-20T13:00:00Z,852.88
2024-10-20T14:00:00Z,676.62
2024-10-20T15:00:00Z,465.83
2024-10-20T16:00:00Z,223.1
2024-10-20T17:00:00Z,30.2
2024-10-20T18:00:00Z,0.0
2024-10-20T19:00:00Z,0.0
2024-10-20T20:00:00Z,0.0
2024-10-20T21:00:00Z,0.0
2024-10-20T22:00:00Z,0.0
2024-10-20T23:00:00Z,0.0
2024-10-21T00:00:00Z,0.0
2024-10-21T01:00:00Z,0.0
2024-10-21T02:00:00Z,0.0
2024-10-21T03:00:00Z,0.0
2024-10-21T04:00:00Z,0.0
2024-10-21T05:00:00Z,20.77
2024-10-21T06:00:00Z,129.55
2024-10-21T07:00:00Z,291.65
2024-10-21T08:00:00Z,491.25
2024-10-21T09:00:00Z,501.95
2024-10-21T10:00:00Z,680.88
2024-10-21T11:00:00Z,867.17
2024-10-21T12:00:00Z,926.58
2024-10-21T13:00:00Z,837.05
2024-10-21T14:00:00Z,669.1
2024-10-21T15:00:00Z,456.52
2024-10-21T16:00:00Z,195.27
2024-10-21T17:00:00Z,28.77
2024-10-21T18:00:00Z,0.0
2024-10-21T19:00:00Z,0.0
2024-10-21T20:00:00Z,0.0
2024-10-21T21:00:00Z,0.0
2024-10-21T22:00:00Z,0.0
2024-10-21T23:00:00Z,0.0
2024-10-22T00:00:00Z,0.0
2024-10-22T01:00:00Z,0.0
2024-10-22T02:00:00Z,0.0
2024-10-22T03:00:00Z,0.0
2024-10-22T04:00:00Z,0.0
2024-10-22T05:00:00Z,40.33
2024-10-22T06:00:00Z,220.07
2024-10-22T07:00:00Z,435.02
2024-10-22T08:00:00Z,654.8
2024-10-22T09:00:00Z,739.92
2024-10-22T10:00:00Z,795.17
2024-10-22T11:00:00Z,786.95
2024-10-22T12:00:00Z,732.2
2024-10-22T13:00:00Z,700.78
2024-10-22T14:00:00Z,409.1
2024-10-22T15:00:00Z,229.75
2024-10-22T16:00:00Z,108.93
2024-10-22T17:00:00Z,13.98
2024-10-22T18:00:00Z,0.0
2024-10-22T19:00:00Z,0.0
2024-10-22T20:00:00Z,0.0
2024-10-22T21:00:00Z,0.0
2024-10-22T22:00:00Z,0.0
2024-10-22T23:00:00Z,0.0
2024-10-23T00:00:00Z,0.0
2024-10-23T01:00:00Z,0.0
2024-10-23T02:00:00Z,0.0
2024-10-23T03:00:00Z,0.0
2024-10-23T04:00:00Z,0.0
2024-10-23T05:00:00Z,12.77
2024-10-23T06:00:00Z,85.62
2024-10-23T07:00:00Z,195.25
2024-10-23T08:00:00Z,343.3
2024-10-23T09:00:00Z,536.28
2024-10-23T10:00:00Z,499.35
2024-10-23T11:00:00Z,361.23
2024-10-23T12:00:00Z,343.02
2024-10-23T13:00:00Z,238.55
2024-10-23T14:00:00Z,260.62
2024-10-23T15:00:00Z,161.82
2024-10-23T16:00:00Z,88.07
2024-10-23T17:00:00Z,12.93
2024-10-23T18:00:00Z,0.0
2024-10-23T19:00:00Z,0.0
2024-10-23T20:00:00Z,0.0
2024-10-23T21:00:00Z,0.0
2024-10-23T22:00:00Z,0.0
2024-10-23T23:00:00Z,0.0
2024-10-24T00:00:00Z,0.0
2024-10-24T01:00:00Z,0.0
2024-10-24T02:00:00Z,0.0
2024-10-24T03:00:00Z,0.0
2024-10-24T04:00:00Z,0.0
2024-10-24T05:00:00Z,14.75
2024-10-24T06:00:00Z,63.38
2024-10-24T07:00:00Z,216.95
2024-10-24T08:00:00Z,230.25
2024-10-24T09:00:00Z,363.35
2024-10-24T10:00:00Z,456.15
2024-10-24T11:00:00Z,477.88
2024-10-24T12:00:00Z,580.17
2024-10-24T13:00:00Z,462.12
2024-10-24T14:00:00Z,341.0
2024-10-24T15:00:00Z,227.45
2024-10-24T16:00:00Z,109.4
2024-10-24T17:00:00Z,12.43
2024-10-24T18:00:00Z,0.0
2024-10-24T19:00:00Z,0.0
2024-10-24T20:00:00Z,0.0
2024-10-24T21:00:00Z,0.0
2024-10-24T22:00:00Z,0.0
2024-10-24T23:00:00Z,0.0
2024-10-25T00:00:00Z,0.0
2024-10-25T01:00:00Z,0.0
2024-10-25T02:00:00Z,0.0
2024-10-25T03:00:00Z,0.0
2024-10-25T04:00:00Z,0.0
2024-10-25T05:00:00Z,46.55
2024-10-25T06:00:00Z,238.05
2024-10-25T07:00:00Z,460.0
2024-10-25T08:00:00Z,662.25
2024-10-25T09:00:00Z,828.15
2024-10-25T10:00:00Z,908.92
2024-10-25T11:00:00Z,967.45
2024-10-25T12:00:00Z,923.85
2024-10-25T13:00:00Z,813.95
2024-10-25T14:00:00Z,641.17
2024-10-25T15:00:00Z,448.92
2024-10-25T16:00:00Z,214.1
2024-10-25T17:00:00Z,31.1
2024-10-25T18:00:00Z,0.0
2024-10-25T19:00:00Z,0.0
2024-10-25T20:00:00Z,0.0
2024-10-25T21:00:00Z,0.0
2024-10-25T22:00:00Z,0.0
2024-10-25T23:00:00Z,0.0
2024-10-26T00:00:00Z,0.0
2024-10-26T01:00:00Z,0.0
2024-10-26T02:00:00Z,0.0
2024-10-26T03:00:00Z,0.0
2024-10-26T04:00:00Z,0.0
2024-10-26T05:00:00Z,40.4
2024-10-26T06:00:00Z,160.55
2024-10-26T07:00:00Z,321.75
2024-10-26T08:00:00Z,518.42
2024-10-26T09:00:00Z,698.8
2024-10-26T10:00:00Z,837.83
2024-10-26T11:00:00Z,851.0
2024-10-26T12:00:00Z,788.42
2024-10-26T13:00:00Z,632.65
2024-10-26T14:00:00Z,544.15
2024-10-26T15:00:00Z,354.05
2024-10-26T16:00:00Z,170.68
2024-10-26T17:00:00Z,26.67
2024-10-26T18:00:00Z,0.0
2024-10-26T19:00:00Z,0.0
2024-10-26T20:00:00Z,0.0
2024-10-26T21:00:00Z,0.0
2024-10-26T22:00:00Z,0.0
2024-10-26T23:00:00Z,0.0
2024-10-27T00:00:00Z,0.0
2024-10-27T01:00:00Z,0.0
2024-10-27T02:00:00Z,0.0
2024-10-27T03:00:00Z,0.0
2024-10-27T04:00:00Z,0.0
2024-10-27T05:00:00Z,46.5
2024-10-27T06:00:00Z,256.27
2024-10-27T07:00:00Z,490.7
2024-10-27T08:00:00Z,710.58
2024-10-27T09:00:00Z,866.53
2024-10-27T10:00:00Z,955.78
2024-10-27T11:00:00Z,935.33
2024-10-27T12:00:00Z,905.92
2024-10-27T13:00:00Z,827.2
2024-10-27T14:00:00Z,660.62
2024-10-27T15:00:00Z,444.1
2024-10-27T16:00:00Z,222.68
2024-10-27T17:00:00Z,35.12
2024-10-27T18:00:00Z,0.0
2024-10-27T19:00:00Z,0.0
2024-10-27T20:00:00Z,0.0
2024-10-27T21:00:00Z,0.0
2024-10-27T22:00:00Z,0.0
2024-10-27T23:00:00Z,0.0
2024-10-28T00:00:00Z,0.0
2024-10-28T01:00:00Z,0.0
2024-10-28T02:00:00Z,0.0
2024-10-28T03:00:00Z,0.0
2024-10-28T04:00:00Z,0.0
2024-10-28T05:00:00Z,51.9
2024-10-28T06:00:00Z,245.12
2024-10-28T07:00:00Z,495.4
2024-10-28T08:00:00Z,707.15
2024-10-28T09:00:00Z,888.8
2024-10-28T10:00:00Z,1002.15
2024-10-28T11:00:00Z,1037.72
2024-10-28T12:00:00Z,984.38
2024-10-28T13:00:00Z,852.17
2024-10-28T14:00:00Z,679.2
2024-10-28T15:00:00Z,475.98
2024-10-28T16:00:00Z,239.55
2024-10-28T17:00:00Z,36.78
2024-10-28T18:00:00Z,0.0
2024-10-28T19:00:00Z,0.0
2024-10-28T20:00:00Z,0.0
2024-10-28T21:00:00Z,0.0
2024-10-28T22:00:00Z,0.0
2024-10-28T23:00:00Z,0.0
2024-10-29T00:00:00Z,0.0
2024-10-29T01:00:00Z,0.0
2024-10-29T02:00:00Z,0.0
2024-10-29T03:00:00Z,0.0
2024-10-29T04:00:00Z,0.0
2024-10-29T05:00:00Z,38.88
2024-10-29T06:00:00Z,187.18
2024-10-29T07:00:00Z,357.8
2024-10-29T08:00:00Z,587.38
2024-10-29T09:00:00Z,768.6
2024-10-29T10:00:00Z,878.03
2024-10-29T11:00:00Z,819.92
2024-10-29T12:00:00Z,738.6
2024-10-29T13:00:00Z,546.65
2024-10-29T14:00:00Z,429.83
2024-10-29T15:00:00Z,240.82
2024-10-29T16:00:00Z,122.28
2024-10-29T17:00:00Z,10.68
2024-10-29T18:00:00Z,0.0
2024-10-29T19:00:00Z,0.0
2024-10-29T20:00:00Z,0.0
2024-10-29T21:00:00Z,0.0
2024-10-29T22:00:00Z,0.0
2024-10-29T23:00:00Z,0.0
2024-10-30T00:00:00Z,0.0
2024-10-30T01:00:00Z,0.0
2024-10-30T02:00:00Z,0.0
2024-10-30T03:00:00Z,0.0
2024-10-30T04:00:00Z,0.0
2024-10-30T05:00:00Z,30.6
2024-10-30T06:00:00Z,165.7
2024-10-30T07:00:00Z,319.15
2024-10-30T08:00:00Z,581.42
2024-10-30T09:00:00Z,761.92
2024-10-30T10:00:00Z,830.83
2024-10-30T11:00:00Z,947.65
2024-10-30T12:00:00Z,819.3
2024-10-30T13:00:00Z,568.85
2024-10-30T14:00:00Z,345.58
2024-10-30T15:00:00Z,212.0
2024-10-30T16:00:00Z,114.0
2024-10-30T17:00:00Z,16.17
2024-10-30T18:00:00Z,0.0
2024-10-30T19:00:00Z,0.0
2024-10-30T20:00:00Z,0.0
2024-10-30T21:00:00Z,0.0
2024-10-30T22:00:00Z,0.0
2024-10-30T23:00:00Z,0.0
2024-10-31T00:00:00Z,0.0
2024-10-31T01:00:00Z,0.0
2024-10-31T02:00:00Z,0.0
2024-10-31T03:00:00Z,0.0
2024-10-31T04:00:00Z,0.0
2024-10-31T05:00:00Z,31.55
2024-10-31T06:00:00Z,161.1
2024-10-31T07:00:00Z,313.23
2024-10-31T08:00:00Z,504.15
2024-10-31T09:00:00Z,675.1
2024-10-31T10:00:00Z,735.58
2024-10-31T11:00:00Z,634.78
2024-10-31T12:00:00Z,733.83
2024-10-31T13:00:00Z,590.45
2024-10-31T14:00:00Z,448.3
2024-10-31T15:00:00Z,276.27
2024-10-31T16:00:00Z,150.07
2024-10-31T17:00:00Z,16.92
2024-10-31T18:00:00Z,0.0
2024-10-31T19:00:00Z,0.0
2024-10-31T20:00:00Z,0.0
2024-10-31T21:00:00Z,0.0
2024-10-31T22:00:00Z,0.0
2024-10-31T23:00:00Z,0.0
2024-11-01T00:00:00Z,0.0
2024-11-01T01:00:00Z,0.0
2024-11-01T02:00:00Z,0.0
2024-11-01T03:00:00Z,0.0
2024-11-01T04:00:00Z,0.0
2024-11-01T05:00:00Z,22.83
2024-11-01T06:00:00Z,120.07
2024-11-01T07:00:00Z,200.82
2024-11-01T08:00:00Z,332.62
2024-11-01T09:00:00Z,562.47
2024-11-01T10:00:00Z,745.83
2024-11-01T11:00:00Z,894.88
2024-11-01T12:00:00Z,865.25
2024-11-01T13:00:00Z,776.9
2024-11-01T14:00:00Z,605.97
2024-11-01T15:00:00Z,405.45
2024-11-01T16:00:00Z,199.45
2024-11-01T17:00:00Z,33.67
2024-11-01T18:00:00Z,0.0
2024-11-01T19:00:00Z,0.0
2024-11-01T20:00:00Z,0.0
2024-11-01T21:00:00Z,0.0
2024-11-01T22:00:00Z,0.0
2024-11-01T23:00:00Z,0.0
2024-11-02T00:00:00Z,0.0
2024-11-02T01:00:00Z,0.0
2024-11-02T02:00:00Z,0.0
2024-11-02T03:00:00Z,0.0
2024-11-02T04:00:00Z,0.0
2024-11-02T05:00:00Z,28.95
2024-11-02T06:00:00Z,169.8
2024-11-02T07:00:00Z,419.0
2024-11-02T08:00:00Z,591.45
2024-11-02T09:00:00Z,777.85
2024-11-02T10:00:00Z,898.8
2024-11-02T11:00:00Z,894.08
2024-11-02T12:00:00Z,828.4
2024-11-02T13:00:00Z,612.17
2024-11-02T14:00:00Z,536.67
2024-11-02T15:00:00Z,336.0
2024-11-02T16:00:00Z,151.43
2024-11-02T17:00:00Z,27.92
2024-11-02T18:00:00Z,0.0
2024-11-02T19:00:00Z,0.0
2024-11-02T20:00:00Z,0.0
2024-11-02T21:00:00Z,0.0
2024-11-02T22:00:00Z,0.0
2024-11-02T23:00:00Z,0.0
2024-11-03T00:00:00Z,0.0
2024-11-03T01:00:00Z,0.0
2024-11-03T02:00:00Z,0.0
2024-11-03T03:00:00Z,0.0
2024-11-03T04:00:00Z,0.0
2024-11-03T05:00:00Z,17.33
2024-11-03T06:00:00Z,46.08
2024-11-03T07:00:00Z,65.15
2024-11-03T08:00:00Z,168.0
2024-11-03T09:00:00Z,375.33
2024-11-03T10:00:00Z,506.83
2024-11-03T11:00:00Z,502.48
2024-11-03T12:00:00Z,606.15
2024-11-03T13:00:00Z,539.33
2024-11-03T14:00:00Z,413.73
2024-11-03T15:00:00Z,269.27
2024-11-03T16:00:00Z,126.85
2024-11-03T17:00:00Z,24.95
2024-11-03T18:00:00Z,0.0
2024-11-03T19:00:00Z,0.0
2024-11-03T20:00:00Z,0.0
2024-11-03T21:00:00Z,0.0
2024-11-03T22:00:00Z,0.0
2024-11-03T23:00:00Z,0.0
2024-11-04T00:00:00Z,0.0
2024-11-04T01:00:00Z,0.0
2024-11-04T02:00:00Z,0.0
2024-11-04T03:00:00Z,0.0
2024-11-04T04:00:00Z,0.0
2024-11-04T05:00:00Z,60.67
2024-11-04T06:00:00Z,272.98
2024-11-04T07:00:00Z,505.58
2024-11-04T08:00:00Z,713.9
2024-11-04T09:00:00Z,882.15
2024-11-04T10:00:00Z,987.62
2024-11-04T11:00:00Z,1050.25
2024-11-04T12:00:00Z,998.05
2024-11-04T13:00:00Z,902.97
2024-11-04T14:00:00Z,732.15
2024-11-04T15:00:00Z,514.25
2024-11-04T16:00:00Z,270.62
2024-11-04T17:00:00Z,49.3
2024-11-04T18:00:00Z,0.0
2024-11-04T19:00:00Z,0.0
2024-11-04T20:00:00Z,0.0
2024-11-04T21:00:00Z,0.0
2024-11-04T22:00:00Z,0.0
2024-11-04T23:00:00Z,0.0
2024-11-05T00:00:00Z,0.0
2024-11-05T01:00:00Z,0.0
2024-11-05T02:00:00Z,0.0
2024-11-05T03:00:00Z,0.0
2024-11-05T04:00:00Z,0.0
2024-11-05T05:00:00Z,72.4
2024-11-05T06:00:00Z,298.0
2024-11-05T07:00:00Z,534.28
2024-11-05T08:00:00Z,707.47
2024-11-05T09:00:00Z,850.2
2024-11-05T10:00:00Z,946.22
2024-11-05T11:00:00Z,1038.47
2024-11-05T12:00:00Z,970.95
2024-11-05T13:00:00Z,830.85
2024-11-05T14:00:00Z,631.83
2024-11-05T15:00:00Z,432.55
2024-11-05T16:00:00Z,221.62
2024-11-05T17:00:00Z,37.95
2024-11-05T18:00:00Z,0.0
2024-11-05T19:00:00Z,0.0
2024-11-05T20:00:00Z,0.0
2024-11-05T21:00:00Z,0.0
2024-11-05T22:00:00Z,0.0
2024-11-05T23:00:00Z,0.0
2024-11-06T00:00:00Z,0.0
2024-11-06T01:00:00Z,0.0
2024-11-06T02:00:00Z,0.0
2024-11-06T03:00:00Z,0.0
2024-11-06T04:00:00Z,0.0
2024-11-06T05:00:00Z,52.97
2024-11-06T06:00:00Z,211.38
2024-11-06T07:00:00Z,399.42
2024-11-06T08:00:00Z,669.6
2024-11-06T09:00:00Z,899.35
2024-11-06T10:00:00Z,930.28
2024-11-06T11:00:00Z,1000.7
2024-11-06T12:00:00Z,883.05
2024-11-06T13:00:00Z,715.12
2024-11-06T14:00:00Z,613.3
2024-11-06T15:00:00Z,412.52
2024-11-06T16:00:00Z,169.8
2024-11-06T17:00:00Z,32.25
2024-11-06T18:00:00Z,0.0
2024-11-06T19:00:00Z,0.0
2024-11-06T20:00:00Z,0.0
2024-11-06T21:00:00Z,0.0
2024-11-06T22:00:00Z,0.0
2024-11-06T23:00:00Z,0.0
2024-11-07T00:00:00Z,0.0
2024-11-07T01:00:00Z,0.0
2024-11-07T02:00:00Z,0.0
2024-11-07T03:00:00Z,0.0
2024-11-07T04:00:00Z,0.0
2024-11-07T05:00:00Z,46.88
2024-11-07T06:00:00Z,205.7
2024-11-07T07:00:00Z,408.95
2024-11-07T08:00:00Z,423.52
2024-11-07T09:00:00Z,604.92
2024-11-07T10:00:00Z,669.1
2024-11-07T11:00:00Z,662.6
2024-11-07T12:00:00Z,676.42
2024-11-07T13:00:00Z,723.75
2024-11-07T14:00:00Z,554.75
2024-11-07T15:00:00Z,348.95
2024-11-07T16:00:00Z,173.88
2024-11-07T17:00:00Z,27.8
2024-11-07T18:00:00Z,0.0
2024-11-07T19:00:00Z,0.0
2024-11-07T20:00:00Z,0.0
2024-11-07T21:00:00Z,0.0
2024-11-07T22:00:00Z,0.0
2024-11-07T23:00:00Z,0.0
2024-11-08T00:00:00Z,0.0
2024-11-08T01:00:00Z,0.0
2024-11-08T02:00:00Z,0.0
2024-11-08T03:00:00Z,0.0
2024-11-08T04:00:00Z,0.0
2024-11-08T05:00:00Z,30.92
2024-11-08T06:00:00Z,107.43
2024-11-08T07:00:00Z,196.02
2024-11-08T08:00:00Z,324.88
2024-11-08T09:00:00Z,438.73
2024-11-08T10:00:00Z,576.12
2024-11-08T11:00:00Z,599.97
2024-11-08T12:00:00Z,650.22
2024-11-08T13:00:00Z,572.6
2024-11-08T14:00:00Z,462.7
2024-11-08T15:00:00Z,298.95
2024-11-08T16:00:00Z,177.0
2024-11-08T17:00:00Z,42.85
2024-11-08T18:00:00Z,0.0
2024-11-08T19:00:00Z,0.0
2024-11-08T20:00:00Z,0.0
2024-11-08T21:00:00Z,0.0
2024-11-08T22:00:00Z,0.0
2024-11-08T23:00:00Z,0.0
2024-11-09T00:00:00Z,0.0
2024-11-09T01:00:00Z,0.0
2024-11-09T02:00:00Z,0.0
2024-11-09T03:00:00Z,0.0
2024-11-09T04:00:00Z,0.0
2024-11-09T05:00:00Z,68.7
2024-11-09T06:00:00Z,286.6
2024-11-09T07:00:00Z,521.05
2024-11-09T08:00:00Z,717.28
2024-11-09T09:00:00Z,882.17
2024-11-09T10:00:00Z,978.33
2024-11-09T11:00:00Z,1030.6
2024-11-09T12:00:00Z,993.15
2024-11-09T13:00:00Z,874.67
2024-11-09T14:00:00Z,701.95
2024-11-09T15:00:00Z,501.15
2024-11-09T16:00:00Z,271.7
2024-11-09T17:00:00Z,52.72
2024-11-09T18:00:00Z,0.0
2024-11-09T19:00:00Z,0.0
2024-11-09T20:00:00Z,0.0
2024-11-09T21:00:00Z,0.0
2024-11-09T22:00:00Z,0.0
2024-11-09T23:00:00Z,0.0
2024-11-10T00:00:00Z,0.0
2024-11-10T01:00:00Z,0.0
2024-11-10T02:00:00Z,0.0
2024-11-10T03:00:00Z,0.0
2024-11-10T04:00:00Z,0.0
2024-11-10T05:00:00Z,67.03
2024-11-10T06:00:00Z,261.85
2024-11-10T07:00:00Z,478.65
2024-11-10T08:00:00Z,719.28
2024-11-10T09:00:00Z,776.88
2024-11-10T10:00:00Z,677.08
2024-11-10T11:00:00Z,701.15
2024-11-10T12:00:00Z,655.8
2024-11-10T13:00:00Z,602.65
2024-11-10T14:00:00Z,337.23
2024-11-10T15:00:00Z,185.05
2024-11-10T16:00:00Z,115.6
2024-11-10T17:00:00Z,20.45
2024-11-10T18:00:00Z,0.0
2024-11-10T19:00:00Z,0.0
2024-11-10T20:00:00Z,0.0
2024-11-10T21:00:00Z,0.0
2024-11-10T22:00:00Z,0.0
2024-11-10T23:00:00Z,0.0
2024-11-11T00:00:00Z,0.0
2024-11-11T01:00:00Z,0.0
2024-11-11T02:00:00Z,0.0
2024-11-11T03:00:00Z,0.0
2024-11-11T04:00:00Z,0.0
2024-11-11T05:00:00Z,48.62
2024-11-11T06:00:00Z,164.62
2024-11-11T07:00:00Z,325.55
2024-11-11T08:00:00Z,487.1
2024-11-11T09:00:00Z,652.55
2024-11-11T10:00:00Z,791.28
2024-11-11T11:00:00Z,854.85
2024-11-11T12:00:00Z,759.8
2024-11-11T13:00:00Z,648.22
2024-11-11T14:00:00Z,465.9
2024-11-11T15:00:00Z,297.88
2024-11-11T16:00:00Z,149.73
2024-11-11T17:00:00Z,24.27
2024-11-11T18:00:00Z,0.0
2024-11-11T19:00:00Z,0.0
2024-11-11T20:00:00Z,0.0
2024-11-11T21:00:00Z,0.0
2024-11-11T22:00:00Z,0.0
2024-11-11T23:00:00Z,0.0
2024-11-12T00:00:00Z,0.0
2024-11-12T01:00:00Z,0.0
2024-11-12T02:00:00Z,0.0
2024-11-12T03:00:00Z,0.0
2024-11-12T04:00:00Z,0.0
2024-11-12T05:00:00Z,52.05
2024-11-12T06:00:00Z,205.98
2024-11-12T07:00:00Z,390.33
2024-11-12T08:00:00Z,582.1
2024-11-12T09:00:00Z,726.85
2024-11-12T10:00:00Z,824.67
2024-11-12T11:00:00Z,845.6
2024-11-12T12:00:00Z,801.35
2024-11-12T13:00:00Z,647.1
2024-11-12T14:00:00Z,510.83
2024-11-12T15:00:00Z,342.77
2024-11-12T16:00:00Z,189.48
2024-11-12T17:00:00Z,49.9
2024-11-12T18:00:00Z,0.0
2024-11-12T19:00:00Z,0.0
2024-11-12T20:00:00Z,0.0
2024-11-12T21:00:00Z,0.0
2024-11-12T22:00:00Z,0.0
2024-11-12T23:00:00Z,0.0
2024-11-13T00:00:00Z,0.0
2024-11-13T01:00:00Z,0.0
2024-11-13T02:00:00Z,0.0
2024-11-13T03:00:00Z,0.0
2024-11-13T04:00:00Z,0.0
2024-11-13T05:00:00Z,63.62
2024-11-13T06:00:00Z,234.77
2024-11-13T07:00:00Z,425.88
2024-11-13T08:00:00Z,663.35
2024-11-13T09:00:00Z,836.83
2024-11-13T10:00:00Z,918.7
2024-11-13T11:00:00Z,921.22
2024-11-13T12:00:00Z,945.72
2024-11-13T13:00:00Z,821.55
2024-11-13T14:00:00Z,632.75
2024-11-13T15:00:00Z,448.58
2024-11-13T16:00:00Z,228.45
2024-11-13T17:00:00Z,51.75
2024-11-13T18:00:00Z,0.0
2024-11-13T19:00:00Z,0.0
2024-11-13T20:00:00Z,0.0
2024-11-13T21:00:00Z,0.0
2024-11-13T22:00:00Z,0.0
2024-11-13T23:00:00Z,0.0
2024-11-14T00:00:00Z,0.0
2024-11-14T01:00:00Z,0.0
2024-11-14T02:00:00Z,0.0
2024-11-14T03:00:00Z,0.0
2024-11-14T04:00:00Z,0.0
2024-11-14T05:00:00Z,68.15
2024-11-14T06:00:00Z,279.95
2024-11-14T07:00:00Z,510.98
2024-11-14T08:00:00Z,702.58
2024-11-14T09:00:00Z,835.3
2024-11-14T10:00:00Z,910.17
2024-11-14T11:00:00Z,971.22
2024-11-14T12:00:00Z,981.12
2024-11-14T13:00:00Z,858.5
2024-11-14T14:00:00Z,697.45
2024-11-14T15:00:00Z,483.38
2024-11-14T16:00:00Z,244.25
2024-11-14T17:00:00Z,53.05
2024-11-14T18:00:00Z,0.0
2024-11-14T19:00:00Z,0.0
2024-11-14T20:00:00Z,0.0
2024-11-14T21:00:00Z,0.0
2024-11-14T22:00:00Z,0.0
2024-11-14T23:00:00Z,0.0
2024-11-15T00:00:00Z,0.0
2024-11-15T01:00:00Z,0.0
2024-11-15T02:00:00Z,0.0
2024-11-15T03:00:00Z,0.0
2024-11-15T04:00:00Z,0.0
2024-11-15T05:00:00Z,73.45
2024-11-15T06:00:00Z,259.6
2024-11-15T07:00:00Z,458.55
2024-11-15T08:00:00Z,634.08
2024-11-15T09:00:00Z,838.08
2024-11-15T10:00:00Z,990.3
2024-11-15T11:00:00Z,1031.38
2024-11-15T12:00:00Z,1002.15
2024-11-15T13:00:00Z,870.03
2024-11-15T14:00:00Z,701.95
2024-11-15T15:00:00Z,489.58
2024-11-15T16:00:00Z,238.12
2024-11-15T17:00:00Z,54.22
2024-11-15T18:00:00Z,0.0
2024-11-15T19:00:00Z,0.0
2024-11-15T20:00:00Z,0.0
2024-11-15T21:00:00Z,0.0
2024-11-15T22:00:00Z,0.0
2024-11-15T23:00:00Z,0.0
2024-11-16T00:00:00Z,0.0
2024-11-16T01:00:00Z,0.0
2024-11-16T02:00:00Z,0.0
2024-11-16T03:00:00Z,0.0
2024-11-16T04:00:00Z,0.0
2024-11-16T05:00:00Z,67.32
2024-11-16T06:00:00Z,234.7
2024-11-16T07:00:00Z,481.6
2024-11-16T08:00:00Z,678.7
2024-11-16T09:00:00Z,845.8
2024-11-16T10:00:00Z,886.67
2024-11-16T11:00:00Z,871.85
2024-11-16T12:00:00Z,836.05
2024-11-16T13:00:00Z,687.83
2024-11-16T14:00:00Z,640.0
2024-11-16T15:00:00Z,438.77
2024-11-16T16:00:00Z,225.1
2024-11-16T17:00:00Z,46.45
2024-11-16T18:00:00Z,0.0
2024-11-16T19:00:00Z,0.0
2024-11-16T20:00:00Z,0.0
2024-11-16T21:00:00Z,0.0
2024-11-16T22:00:00Z,0.0
2024-11-16T23:00:00Z,0.0
2024-11-17T00:00:00Z,0.0
2024-11-17T01:00:00Z,0.0
2024-11-17T02:00:00Z,0.0
2024-11-17T03:00:00Z,0.0
2024-11-17T04:00:00Z,0.0
2024-11-17T05:00:00Z,55.25
2024-11-17T06:00:00Z,209.68
2024-11-17T07:00:00Z,387.75
2024-11-17T08:00:00Z,540.88
2024-11-17T09:00:00Z,707.17
2024-11-17T10:00:00Z,802.6
2024-11-17T11:00:00Z,753.9
2024-11-17T12:00:00Z,755.3
2024-11-17T13:00:00Z,666.67
2024-11-17T14:00:00Z,524.35
2024-11-17T15:00:00Z,344.95
2024-11-17T16:00:00Z,166.43
2024-11-17T17:00:00Z,30.2
2024-11-17T18:00:00Z,0.0
2024-11-17T19:00:00Z,0.0
2024-11-17T20:00:00Z,0.0
2024-11-17T21:00:00Z,0.0
2024-11-17T22:00:00Z,0.0
2024-11-17T23:00:00Z,0.0
2024-11-18T00:00:00Z,0.0
2024-11-18T01:00:00Z,0.0
2024-11-18T02:00:00Z,0.0
2024-11-18T03:00:00Z,0.0
2024-11-18T04:00:00Z,0.0
2024-11-18T05:00:00Z,59.2
2024-11-18T06:00:00Z,211.38
2024-11-18T07:00:00Z,406.73
2024-11-18T08:00:00Z,423.17
2024-11-18T09:00:00Z,545.83
2024-11-18T10:00:00Z,675.22
2024-11-18T11:00:00Z,907.58
2024-11-18T12:00:00Z,724.97
2024-11-18T13:00:00Z,554.45
2024-11-18T14:00:00Z,446.15
2024-11-18T15:00:00Z,287.42
2024-11-18T16:00:00Z,164.07
2024-11-18T17:00:00Z,29.4
2024-11-18T18:00:00Z,0.0
2024-11-18T19:00:00Z,0.0
2024-11-18T20:00:00Z,0.0
2024-11-18T21:00:00Z,0.0
2024-11-18T22:00:00Z,0.0
2024-11-18T23:00:00Z,0.0
2024-11-19T00:00:00Z,0.0
2024-11-19T01:00:00Z,0.0
2024-11-19T02:00:00Z,0.0
2024-11-19T03:00:00Z,0.0
2024-11-19T04:00:00Z,0.0
2024-11-19T05:00:00Z,64.18
2024-11-19T06:00:00Z,249.85
2024-11-19T07:00:00Z,474.75
2024-11-19T08:00:00Z,636.78
2024-11-19T09:00:00Z,742.8
2024-11-19T10:00:00Z,765.2
2024-11-19T11:00:00Z,842.67
2024-11-19T12:00:00Z,877.42
2024-11-19T13:00:00Z,805.25
2024-11-19T14:00:00Z,633.6
2024-11-19T15:00:00Z,436.5
2024-11-19T16:00:00Z,226.38
2024-11-19T17:00:00Z,46.47
2024-11-19T18:00:00Z,0.0
2024-11-19T19:00:00Z,0.0
2024-11-19T20:00:00Z,0.0
2024-11-19T21:00:00Z,0.0
2024-11-19T22:00:00Z,0.0
2024-11-19T23:00:00Z,0.0
2024-11-20T00:00:00Z,0.0
2024-11-20T01:00:00Z,0.0
2024-11-20T02:00:00Z,0.0
2024-11-20T03:00:00Z,0.0
2024-11-20T04:00:00Z,0.0
2024-11-20T05:00:00Z,61.65
2024-11-20T06:00:00Z,229.55
2024-11-20T07:00:00Z,432.08
2024-11-20T08:00:00Z,578.62
2024-11-20T09:00:00Z,666.25
2024-11-20T10:00:00Z,811.1
2024-11-20T11:00:00Z,960.3
2024-11-20T12:00:00Z,879.72
2024-11-20T13:00:00Z,774.88
2024-11-20T14:00:00Z,605.2
2024-11-20T15:00:00Z,418.88
2024-11-20T16:00:00Z,212.7
2024-11-20T17:00:00Z,45.6
2024-11-20T18:00:00Z,0.0
2024-11-20T19:00:00Z,0.0
2024-11-20T20:00:00Z,0.0
2024-11-20T21:00:00Z,0.0
2024-11-20T22:00:00Z,0.0
2024-11-20T23:00:00Z,0.0
2024-11-21T00:00:00Z,0.0
2024-11-21T01:00:00Z,0.0
2024-11-21T02:00:00Z,0.0
2024-11-21T03:00:00Z,0.0
2024-11-21T04:00:00Z,0.0
2024-11-21T05:00:00Z,62.05
2024-11-21T06:00:00Z,225.12
2024-11-21T07:00:00Z,418.42
2024-11-21T08:00:00Z,675.17
2024-11-21T09:00:00Z,835.6
2024-11-21T10:00:00Z,894.1
2024-11-21T11:00:00Z,1013.22
2024-11-21T12:00:00Z,984.2
2024-11-21T13:00:00Z,801.17
2024-11-21T14:00:00Z,705.22
2024-11-21T15:00:00Z,499.12
2024-11-21T16:00:00Z,260.48
2024-11-21T17:00:00Z,64.82
2024-11-21T18:00:00Z,0.0
2024-11-21T19:00:00Z,0.0
2024-11-21T20:00:00Z,0.0
2024-11-21T21:00:00Z,0.0
2024-11-21T22:00:00Z,0.0
2024-11-21T23:00:00Z,0.0
2024-11-22T00:00:00Z,0.0
2024-11-22T01:00:00Z,0.0
2024-11-22T02:00:00Z,0.0
2024-11-22T03:00:00Z,0.0
2024-11-22T04:00:00Z,0.0
2024-11-22T05:00:00Z,83.03
2024-11-22T06:00:00Z,315.88
2024-11-22T07:00:00Z,557.97
2024-11-22T08:00:00Z,769.2
2024-11-22T09:00:00Z,931.2
2024-11-22T10:00:00Z,1028.72
2024-11-22T11:00:00Z,1056.3
2024-11-22T12:00:00Z,1012.62
2024-11-22T13:00:00Z,836.67
2024-11-22T14:00:00Z,744.8
2024-11-22T15:00:00Z,517.05
2024-11-22T16:00:00Z,288.73
2024-11-22T17:00:00Z,67.4
2024-11-22T18:00:00Z,0.0
2024-11-22T19:00:00Z,0.0
2024-11-22T20:00:00Z,0.0
2024-11-22T21:00:00Z,0.0
2024-11-22T22:00:00Z,0.0
2024-11-22T23:00:00Z,0.0
2024-11-23T00:00:00Z,0.0
2024-11-23T01:00:00Z,0.0
2024-11-23T02:00:00Z,0.0
2024-11-23T03:00:00Z,0.0
2024-11-23T04:00:00Z,0.0
2024-11-23T05:00:00Z,45.45
2024-11-23T06:00:00Z,150.77
2024-11-23T07:00:00Z,307.38
2024-11-23T08:00:00Z,449.25
2024-11-23T09:00:00Z,602.45
2024-11-23T10:00:00Z,745.72
2024-11-23T11:00:00Z,963.72
2024-11-23T12:00:00Z,821.42
2024-11-23T13:00:00Z,649.22
2024-11-23T14:00:00Z,538.55
2024-11-23T15:00:00Z,363.55
2024-11-23T16:00:00Z,191.9
2024-11-23T17:00:00Z,37.22
2024-11-23T18:00:00Z,0.0
2024-11-23T19:00:00Z,0.0
2024-11-23T20:00:00Z,0.0
2024-11-23T21:00:00Z,0.0
2024-11-23T22:00:00Z,0.0
2024-11-23T23:00:00Z,0.0
2024-11-24T00:00:00Z,0.0
2024-11-24T01:00:00Z,0.0
2024-11-24T02:00:00Z,0.0
2024-11-24T03:00:00Z,0.0
2024-11-24T04:00:00Z,0.0
2024-11-24T05:00:00Z,61.95
2024-11-24T06:00:00Z,208.98
2024-11-24T07:00:00Z,401.1
2024-11-24T08:00:00Z,617.72
2024-11-24T09:00:00Z,760.7
2024-11-24T10:00:00Z,846.62
2024-11-24T11:00:00Z,901.4
2024-11-24T12:00:00Z,743.62
2024-11-24T13:00:00Z,743.75
2024-11-24T14:00:00Z,559.7
2024-11-24T15:00:00Z,396.25
2024-11-24T16:00:00Z,191.75
2024-11-24T17:00:00Z,35.45
2024-11-24T18:00:00Z,0.0
2024-11-24T19:00:00Z,0.0
2024-11-24T20:00:00Z,0.0
2024-11-24T21:00:00Z,0.0
2024-11-24T22:00:00Z,0.0
2024-11-24T23:00:00Z,0.0
2024-11-25T00:00:00Z,0.0
2024-11-25T01:00:00Z,0.0
2024-11-25T02:00:00Z,0.0
2024-11-25T03:00:00Z,0.0
2024-11-25T04:00:00Z,0.0
2024-11-25T05:00:00Z,31.35
2024-11-25T06:00:00Z,134.65
2024-11-25T07:00:00Z,261.23
2024-11-25T08:00:00Z,347.6
2024-11-25T09:00:00Z,422.7
2024-11-25T10:00:00Z,435.05
2024-11-25T11:00:00Z,359.85
2024-11-25T12:00:00Z,329.62
2024-11-25T13:00:00Z,319.77
2024-11-25T14:00:00Z,252.02
2024-11-25T15:00:00Z,180.15
2024-11-25T16:00:00Z,99.28
2024-11-25T17:00:00Z,23.73
2024-11-25T18:00:00Z,0.0
2024-11-25T19:00:00Z,0.0
2024-11-25T20:00:00Z,0.0
2024-11-25T21:00:00Z,0.0
2024-11-25T22:00:00Z,0.0
2024-11-25T23:00:00Z,0.0
2024-11-26T00:00:00Z,0.0
2024-11-26T01:00:00Z,0.0
2024-11-26T02:00:00Z,0.0
2024-11-26T03:00:00Z,0.0
2024-11-26T04:00:00Z,0.0
2024-11-26T05:00:00Z,29.08
2024-11-26T06:00:00Z,119.55
2024-11-26T07:00:00Z,228.88
2024-11-26T08:00:00Z,350.85
2024-11-26T09:00:00Z,407.15
2024-11-26T10:00:00Z,486.05
2024-11-26T11:00:00Z,614.6
2024-11-26T12:00:00Z,615.05
2024-11-26T13:00:00Z,539.08
2024-11-26T14:00:00Z,393.7
2024-11-26T15:00:00Z,254.55
2024-11-26T16:00:00Z,143.75
2024-11-26T17:00:00Z,31.12
2024-11-26T18:00:00Z,0.0
2024-11-26T19:00:00Z,0.0
2024-11-26T20:00:00Z,0.0
2024-11-26T21:00:00Z,0.0
2024-11-26T22:00:00Z,0.0
2024-11-26T23:00:00Z,0.0
2024-11-27T00:00:00Z,0.0
2024-11-27T01:00:00Z,0.0
2024-11-27T02:00:00Z,0.0
2024-11-27T03:00:00Z,0.0
2024-11-27T04:00:00Z,0.0
2024-11-27T05:00:00Z,68.07
2024-11-27T06:00:00Z,260.12
2024-11-27T07:00:00Z,513.2
2024-11-27T08:00:00Z,667.35
2024-11-27T09:00:00Z,850.35
2024-11-27T10:00:00Z,901.55
2024-11-27T11:00:00Z,946.22
2024-11-27T12:00:00Z,881.72
2024-11-27T13:00:00Z,799.8
2024-11-27T14:00:00Z,648.78
2024-11-27T15:00:00Z,451.4
2024-11-27T16:00:00Z,237.8
2024-11-27T17:00:00Z,61.05
2024-11-27T18:00:00Z,0.0
2024-11-27T19:00:00Z,0.0
2024-11-27T20:00:00Z,0.0
2024-11-27T21:00:00Z,0.0
2024-11-27T22:00:00Z,0.0
2024-11-27T23:00:00Z,0.0
2024-11-28T00:00:00Z,0.0
2024-11-28T01:00:00Z,0.0
2024-11-28T02:00:00Z,0.0
2024-11-28T03:00:00Z,0.0
2024-11-28T04:00:00Z,0.0
2024-11-28T05:00:00Z,64.12
2024-11-28T06:00:00Z,225.3
2024-11-28T07:00:00Z,422.75
2024-11-28T08:00:00Z,576.58
2024-11-28T09:00:00Z,660.4
2024-11-28T10:00:00Z,723.1
2024-11-28T11:00:00Z,776.47
2024-11-28T12:00:00Z,769.05
2024-11-28T13:00:00Z,753.85
2024-11-28T14:00:00Z,540.42
2024-11-28T15:00:00Z,380.1
2024-11-28T16:00:00Z,207.27
2024-11-28T17:00:00Z,47.45
2024-11-28T18:00:00Z,0.0
2024-11-28T19:00:00Z,0.0
2024-11-28T20:00:00Z,0.0
2024-11-28T21:00:00Z,0.0
2024-11-28T22:00:00Z,0.0
2024-11-28T23:00:00Z,0.0
2024-11-29T00:00:00Z,0.0
2024-11-29T01:00:00Z,0.0
2024-11-29T02:00:00Z,0.0
2024-11-29T03:00:00Z,0.0
2024-11-29T04:00:00Z,0.0
2024-11-29T05:00:00Z,37.12
2024-11-29T06:00:00Z,133.02
2024-11-29T07:00:00Z,245.68
2024-11-29T08:00:00Z,375.45
2024-11-29T09:00:00Z,387.67
2024-11-29T10:00:00Z,304.73
2024-11-29T11:00:00Z,308.6
2024-11-29T12:00:00Z,295.9
2024-11-29T13:00:00Z,254.02
2024-11-29T14:00:00Z,151.32
2024-11-29T15:00:00Z,127.47
2024-11-29T16:00:00Z,75.2
2024-11-29T17:00:00Z,19.98
2024-11-29T18:00:00Z,0.0
2024-11-29T19:00:00Z,0.0
2024-11-29T20:00:00Z,0.0
2024-11-29T21:00:00Z,0.0
2024-11-29T22:00:00Z,0.0
2024-11-29T23:00:00Z,0.0
2024-11-30T00:00:00Z,0.0
2024-11-30T01:00:00Z,0.0
2024-11-30T02:00:00Z,0.0
2024-11-30T03:00:00Z,0.0
2024-11-30T04:00:00Z,0.0
2024-11-30T05:00:00Z,11.95
2024-11-30T06:00:00Z,33.17
2024-11-30T07:00:00Z,52.3
2024-11-30T08:00:00Z,94.55
2024-11-30T09:00:00Z,150.25
2024-11-30T10:00:00Z,177.1
2024-11-30T11:00:00Z,157.7
2024-11-30T12:00:00Z,211.4
2024-11-30T13:00:00Z,223.85
2024-11-30T14:00:00Z,173.05
2024-11-30T15:00:00Z,124.28
2024-11-30T16:00:00Z,45.0
2024-11-30T17:00:00Z,22.92
2024-11-30T18:00:00Z,0.0
2024-11-30T19:00:00Z,0.0
2024-11-30T20:00:00Z,0.0
2024-11-30T21:00:00Z,0.0
2024-11-30T22:00:00Z,0.0
2024-11-30T23:00:00Z,0.0
2024-12-01T00:00:00Z,0.0
2024-12-01T01:00:00Z,0.0
2024-12-01T02:00:00Z,0.0
2024-12-01T03:00:00Z,0.0
2024-12-01T04:00:00Z,0.0
2024-12-01T05:00:00Z,47.53
2024-12-01T06:00:00Z,165.5
2024-12-01T07:00:00Z,337.75
2024-12-01T08:00:00Z,532.25
2024-12-01T09:00:00Z,708.1
2024-12-01T10:00:00Z,870.0
2024-12-01T11:00:00Z,831.0
2024-12-01T12:00:00Z,770.22
2024-12-01T13:00:00Z,617.3
2024-12-01T14:00:00Z,518.75
2024-12-01T15:00:00Z,349.6
2024-12-01T16:00:00Z,201.23
2024-12-01T17:00:00Z,45.85
2024-12-01T18:00:00Z,0.0
2024-12-01T19:00:00Z,0.0
2024-12-01T20:00:00Z,0.0
2024-12-01T21:00:00Z,0.0
2024-12-01T22:00:00Z,0.0
2024-12-01T23:00:00Z,0.0
2024-12-02T00:00:00Z,0.0
2024-12-02T01:00:00Z,0.0
2024-12-02T02:00:00Z,0.0
2024-12-02T03:00:00Z,0.0
2024-12-02T04:00:00Z,0.0
2024-12-02T05:00:00Z,52.53
2024-12-02T06:00:00Z,205.85
2024-12-02T07:00:00Z,399.8
2024-12-02T08:00:00Z,564.45
2024-12-02T09:00:00Z,645.05
2024-12-02T10:00:00Z,702.15
2024-12-02T11:00:00Z,778.62
2024-12-02T12:00:00Z,805.2
2024-12-02T13:00:00Z,683.75
2024-12-02T14:00:00Z,525.55
2024-12-02T15:00:00Z,347.92
2024-12-02T16:00:00Z,192.75
2024-12-02T17:00:00Z,44.88
2024-12-02T18:00:00Z,0.0
2024-12-02T19:00:00Z,0.0
2024-12-02T20:00:00Z,0.0
2024-12-02T21:00:00Z,0.0
2024-12-02T22:00:00Z,0.0
2024-12-02T23:00:00Z,0.0
2024-12-03T00:00:00Z,0.0
2024-12-03T01:00:00Z,0.0
2024-12-03T02:00:00Z,0.0
2024-12-03T03:00:00Z,0.0
2024-12-03T04:00:00Z,0.0
2024-12-03T05:00:00Z,61.22
2024-12-03T06:00:00Z,209.9
2024-12-03T07:00:00Z,402.5
2024-12-03T08:00:00Z,596.17
2024-12-03T09:00:00Z,731.08
2024-12-03T10:00:00Z,783.17
2024-12-03T11:00:00Z,770.83
2024-12-03T12:00:00Z,924.2
2024-12-03T13:00:00Z,693.7
2024-12-03T14:00:00Z,654.47
2024-12-03T15:00:00Z,448.58
2024-12-03T16:00:00Z,248.62
2024-12-03T17:00:00Z,66.25
2024-12-03T18:00:00Z,0.0
2024-12-03T19:00:00Z,0.0
2024-12-03T20:00:00Z,0.0
2024-12-03T21:00:00Z,0.0
2024-12-03T22:00:00Z,0.0
2024-12-03T23:00:00Z,0.0
2024-12-04T00:00:00Z,0.0
2024-12-04T01:00:00Z,0.0
2024-12-04T02:00:00Z,0.0
2024-12-04T03:00:00Z,0.0
2024-12-04T04:00:00Z,0.0
2024-12-04T05:00:00Z,56.55
2024-12-04T06:00:00Z,228.15
2024-12-04T07:00:00Z,443.67
2024-12-04T08:00:00Z,649.65
2024-12-04T09:00:00Z,866.17
2024-12-04T10:00:00Z,936.15
2024-12-04T11:00:00Z,1017.78
2024-12-04T12:00:00Z,941.1
2024-12-04T13:00:00Z,837.8
2024-12-04T14:00:00Z,638.67
2024-12-04T15:00:00Z,475.52
2024-12-04T16:00:00Z,234.55
2024-12-04T17:00:00Z,63.8
2024-12-04T18:00:00Z,0.0
2024-12-04T19:00:00Z,0.0
2024-12-04T20:00:00Z,0.0
2024-12-04T21:00:00Z,0.0
2024-12-04T22:00:00Z,0.0
2024-12-04T23:00:00Z,0.0
2024-12-05T00:00:00Z,0.0
2024-12-05T01:00:00Z,0.0
2024-12-05T02:00:00Z,0.0
2024-12-05T03:00:00Z,0.0
2024-12-05T04:00:00Z,0.0
2024-12-05T05:00:00Z,60.0
2024-12-05T06:00:00Z,231.75
2024-12-05T07:00:00Z,433.2
2024-12-05T08:00:00Z,626.9
2024-12-05T09:00:00Z,746.83
2024-12-05T10:00:00Z,702.38
2024-12-05T11:00:00Z,715.05
2024-12-05T12:00:00Z,607.85
2024-12-05T13:00:00Z,507.92
2024-12-05T14:00:00Z,360.77
2024-12-05T15:00:00Z,239.85
2024-12-05T16:00:00Z,117.07
2024-12-05T17:00:00Z,25.02
2024-12-05T18:00:00Z,0.0
2024-12-05T19:00:00Z,0.0
2024-12-05T20:00:00Z,0.0
2024-12-05T21:00:00Z,0.0
2024-12-05T22:00:00Z,0.0
2024-12-05T23:00:00Z,0.0
2024-12-06T00:00:00Z,0.0
2024-12-06T01:00:00Z,0.0
2024-12-06T02:00:00Z,0.0
2024-12-06T03:00:00Z,0.0
2024-12-06T04:00:00Z,0.0
2024-12-06T05:00:00Z,37.58
2024-12-06T06:00:00Z,168.32
2024-12-06T07:00:00Z,342.2
2024-12-06T08:00:00Z,530.92
2024-12-06T09:00:00Z,676.7
2024-12-06T10:00:00Z,843.92
2024-12-06T11:00:00Z,939.92
2024-12-06T12:00:00Z,937.78
2024-12-06T13:00:00Z,873.4
2024-12-06T14:00:00Z,716.42
2024-12-06T15:00:00Z,515.95
2024-12-06T16:00:00Z,286.4
2024-12-06T17:00:00Z,91.22
2024-12-06T18:00:00Z,0.0
2024-12-06T19:00:00Z,0.0
2024-12-06T20:00:00Z,0.0
2024-12-06T21:00:00Z,0.0
2024-12-06T22:00:00Z,0.0
2024-12-06T23:00:00Z,0.0
2024-12-07T00:00:00Z,0.0
2024-12-07T01:00:00Z,0.0
2024-12-07T02:00:00Z,0.0
2024-12-07T03:00:00Z,0.0
2024-12-07T04:00:00Z,0.0
2024-12-07T05:00:00Z,76.38
2024-12-07T06:00:00Z,285.58
2024-12-07T07:00:00Z,509.15
2024-12-07T08:00:00Z,674.65
2024-12-07T09:00:00Z,826.65
2024-12-07T10:00:00Z,942.08
2024-12-07T11:00:00Z,963.58
2024-12-07T12:00:00Z,927.78
2024-12-07T13:00:00Z,825.35
2024-12-07T14:00:00Z,658.5
2024-12-07T15:00:00Z,468.12
2024-12-07T16:00:00Z,261.35
2024-12-07T17:00:00Z,86.72
2024-12-07T18:00:00Z,0.0
2024-12-07T19:00:00Z,0.0
2024-12-07T20:00:00Z,0.0
2024-12-07T21:00:00Z,0.0
2024-12-07T22:00:00Z,0.0
2024-12-07T23:00:00Z,0.0
2024-12-08T00:00:00Z,0.0
2024-12-08T01:00:00Z,0.0
2024-12-08T02:00:00Z,0.0
2024-12-08T03:00:00Z,0.0
2024-12-08T04:00:00Z,0.0
2024-12-08T05:00:00Z,73.18
2024-12-08T06:00:00Z,266.7
2024-12-08T07:00:00Z,463.8
2024-12-08T08:00:00Z,680.78
2024-12-08T09:00:00Z,840.3
2024-12-08T10:00:00Z,955.58
2024-12-08T11:00:00Z,1019.8
2024-12-08T12:00:00Z,988.35
2024-12-08T13:00:00Z,839.12
2024-12-08T14:00:00Z,739.42
2024-12-08T15:00:00Z,546.55
2024-12-08T16:00:00Z,328.88
2024-12-08T17:00:00Z,104.82
2024-12-08T18:00:00Z,0.0
2024-12-08T19:00:00Z,0.0
2024-12-08T20:00:00Z,0.0
2024-12-08T21:00:00Z,0.0
2024-12-08T22:00:00Z,0.0
2024-12-08T23:00:00Z,0.0
2024-12-09T00:00:00Z,0.0
2024-12-09T01:00:00Z,0.0
2024-12-09T02:00:00Z,0.0
2024-12-09T03:00:00Z,0.0
2024-12-09T04:00:00Z,0.0
2024-12-09T05:00:00Z,76.5
2024-12-09T06:00:00Z,291.6
2024-12-09T07:00:00Z,519.08
2024-12-09T08:00:00Z,721.15
2024-12-09T09:00:00Z,883.92
2024-12-09T10:00:00Z,964.17
2024-12-09T11:00:00Z,984.75
2024-12-09T12:00:00Z,954.25
2024-12-09T13:00:00Z,851.53
2024-12-09T14:00:00Z,737.35
2024-12-09T15:00:00Z,544.22
2024-12-09T16:00:00Z,324.42
2024-12-09T17:00:00Z,114.07
2024-12-09T18:00:00Z,0.0
2024-12-09T19:00:00Z,0.0
2024-12-09T20:00:00Z,0.0
2024-12-09T21:00:00Z,0.0
2024-12-09T22:00:00Z,0.0
2024-12-09T23:00:00Z,0.0
2024-12-10T00:00:00Z,0.0
2024-12-10T01:00:00Z,0.0
2024-12-10T02:00:00Z,0.0
2024-12-10T03:00:00Z,0.0
2024-12-10T04:00:00Z,0.0
2024-12-10T05:00:00Z,82.55
2024-12-10T06:00:00Z,308.52
2024-12-10T07:00:00Z,541.28
2024-12-10T08:00:00Z,746.58
2024-12-10T09:00:00Z,911.97
2024-12-10T10:00:00Z,999.58
2024-12-10T11:00:00Z,1048.25
2024-12-10T12:00:00Z,970.62
2024-12-10T13:00:00Z,875.38
2024-12-10T14:00:00Z,722.83
2024-12-10T15:00:00Z,551.4
2024-12-10T16:00:00Z,336.55
2024-12-10T17:00:00Z,121.9
2024-12-10T18:00:00Z,0.0
2024-12-10T19:00:00Z,0.0
2024-12-10T20:00:00Z,0.0
2024-12-10T21:00:00Z,0.0
2024-12-10T22:00:00Z,0.0
2024-12-10T23:00:00Z,0.0
2024-12-11T00:00:00Z,0.0
2024-12-11T01:00:00Z,0.0
2024-12-11T02:00:00Z,0.0
2024-12-11T03:00:00Z,0.0
2024-12-11T04:00:00Z,0.0
2024-12-11T05:00:00Z,70.6
2024-12-11T06:00:00Z,284.83
2024-12-11T07:00:00Z,513.65
2024-12-11T08:00:00Z,716.95
2024-12-11T09:00:00Z,862.97
2024-12-11T10:00:00Z,954.17
2024-12-11T11:00:00Z,1019.65
2024-12-11T12:00:00Z,998.9
2024-12-11T13:00:00Z,889.58
2024-12-11T14:00:00Z,728.38
2024-12-11T15:00:00Z,529.22
2024-12-11T16:00:00Z,317.05
2024-12-11T17:00:00Z,116.1
2024-12-11T18:00:00Z,0.0
2024-12-11T19:00:00Z,0.0
2024-12-11T20:00:00Z,0.0
2024-12-11T21:00:00Z,0.0
2024-12-11T22:00:00Z,0.0
2024-12-11T23:00:00Z,0.0
2024-12-12T00:00:00Z,0.0
2024-12-12T01:00:00Z,0.0
2024-12-12T02:00:00Z,0.0
2024-12-12T03:00:00Z,0.0
2024-12-12T04:00:00Z,0.0
2024-12-12T05:00:00Z,74.7
2024-12-12T06:00:00Z,285.48
2024-12-12T07:00:00Z,528.53
2024-12-12T08:00:00Z,726.83
2024-12-12T09:00:00Z,889.5
2024-12-12T10:00:00Z,987.78
2024-12-12T11:00:00Z,987.42
2024-12-12T12:00:00Z,885.58
2024-12-12T13:00:00Z,761.3
2024-12-12T14:00:00Z,626.97
2024-12-12T15:00:00Z,436.38
2024-12-12T16:00:00Z,231.62
2024-12-12T17:00:00Z,77.9
2024-12-12T18:00:00Z,0.0
2024-12-12T19:00:00Z,0.0
2024-12-12T20:00:00Z,0.0
2024-12-12T21:00:00Z,0.0
2024-12-12T22:00:00Z,0.0
2024-12-12T23:00:00Z,0.0
2024-12-13T00:00:00Z,0.0
2024-12-13T01:00:00Z,0.0
2024-12-13T02:00:00Z,0.0
2024-12-13T03:00:00Z,0.0
2024-12-13T04:00:00Z,0.0
2024-12-13T05:00:00Z,61.3
2024-12-13T06:00:00Z,228.02
2024-12-13T07:00:00Z,413.0
2024-12-13T08:00:00Z,588.92
2024-12-13T09:00:00Z,711.62
2024-12-13T10:00:00Z,709.3
2024-12-13T11:00:00Z,946.88
2024-12-13T12:00:00Z,918.38
2024-12-13T13:00:00Z,649.35
2024-12-13T14:00:00Z,589.58
2024-12-13T15:00:00Z,432.92
2024-12-13T16:00:00Z,237.23
2024-12-13T17:00:00Z,89.5
2024-12-13T18:00:00Z,0.0
2024-12-13T19:00:00Z,0.0
2024-12-13T20:00:00Z,0.0
2024-12-13T21:00:00Z,0.0
2024-12-13T22:00:00Z,0.0
2024-12-13T23:00:00Z,0.0
2024-12-14T00:00:00Z,0.0
2024-12-14T01:00:00Z,0.0
2024-12-14T02:00:00Z,0.0
2024-12-14T03:00:00Z,0.0
2024-12-14T04:00:00Z,0.0
2024-12-14T05:00:00Z,62.17
2024-12-14T06:00:00Z,256.15
2024-12-14T07:00:00Z,491.33
2024-12-14T08:00:00Z,720.95
2024-12-14T09:00:00Z,901.35
2024-12-14T10:00:00Z,1013.53
2024-12-14T11:00:00Z,1046.9
2024-12-14T12:00:00Z,1030.0
2024-12-14T13:00:00Z,933.88
2024-12-14T14:00:00Z,768.75
2024-12-14T15:00:00Z,572.42
2024-12-14T16:00:00Z,341.12
2024-12-14T17:00:00Z,125.07
2024-12-14T18:00:00Z,0.0
2024-12-14T19:00:00Z,0.0
2024-12-14T20:00:00Z,0.0
2024-12-14T21:00:00Z,0.0
2024-12-14T22:00:00Z,0.0
2024-12-14T23:00:00Z,0.0
2024-12-15T00:00:00Z,0.0
2024-12-15T01:00:00Z,0.0
2024-12-15T02:00:00Z,0.0
2024-12-15T03:00:00Z,0.0
2024-12-15T04:00:00Z,0.0
2024-12-15T05:00:00Z,74.38
2024-12-15T06:00:00Z,289.38
2024-12-15T07:00:00Z,514.42
2024-12-15T08:00:00Z,681.28
2024-12-15T09:00:00Z,799.3
2024-12-15T10:00:00Z,881.42
2024-12-15T11:00:00Z,922.05
2024-12-15T12:00:00Z,919.0
2024-12-15T13:00:00Z,821.83
2024-12-15T14:00:00Z,647.67
2024-12-15T15:00:00Z,466.05
2024-12-15T16:00:00Z,263.25
2024-12-15T17:00:00Z,96.1
2024-12-15T18:00:00Z,0.0
2024-12-15T19:00:00Z,0.0
2024-12-15T20:00:00Z,0.0
2024-12-15T21:00:00Z,0.0
2024-12-15T22:00:00Z,0.0
2024-12-15T23:00:00Z,0.0
2024-12-16T00:00:00Z,0.0
2024-12-16T01:00:00Z,0.0
2024-12-16T02:00:00Z,0.0
2024-12-16T03:00:00Z,0.0
2024-12-16T04:00:00Z,0.0
2024-12-16T05:00:00Z,61.6
2024-12-16T06:00:00Z,263.9
2024-12-16T07:00:00Z,478.1
2024-12-16T08:00:00Z,681.97
2024-12-16T09:00:00Z,790.03
2024-12-16T10:00:00Z,842.38
2024-12-16T11:00:00Z,811.95
2024-12-16T12:00:00Z,864.03
2024-12-16T13:00:00Z,823.03
2024-12-16T14:00:00Z,679.85
2024-12-16T15:00:00Z,516.4
2024-12-16T16:00:00Z,318.75
2024-12-16T17:00:00Z,114.1
2024-12-16T18:00:00Z,0.0
2024-12-16T19:00:00Z,0.0
2024-12-16T20:00:00Z,0.0
2024-12-16T21:00:00Z,0.0
2024-12-16T22:00:00Z,0.0
2024-12-16T23:00:00Z,0.0
2024-12-17T00:00:00Z,0.0
2024-12-17T01:00:00Z,0.0
2024-12-17T02:00:00Z,0.0
2024-12-17T03:00:00Z,0.0
2024-12-17T04:00:00Z,0.0
2024-12-17T05:00:00Z,53.5
2024-12-17T06:00:00Z,244.85
2024-12-17T07:00:00Z,467.17
2024-12-17T08:00:00Z,640.78
2024-12-17T09:00:00Z,815.4
2024-12-17T10:00:00Z,935.62
2024-12-17T11:00:00Z,958.65
2024-12-17T12:00:00Z,822.78
2024-12-17T13:00:00Z,801.35
2024-12-17T14:00:00Z,629.42
2024-12-17T15:00:00Z,478.95
2024-12-17T16:00:00Z,251.65
2024-12-17T17:00:00Z,102.22
2024-12-17T18:00:00Z,0.0
2024-12-17T19:00:00Z,0.0
2024-12-17T20:00:00Z,0.0
2024-12-17T21:00:00Z,0.0
2024-12-17T22:00:00Z,0.0
2024-12-17T23:00:00Z,0.0
2024-12-18T00:00:00Z,0.0
2024-12-18T01:00:00Z,0.0
2024-12-18T02:00:00Z,0.0
2024-12-18T03:00:00Z,0.0
2024-12-18T04:00:00Z,0.0
2024-12-18T05:00:00Z,58.6
2024-12-18T06:00:00Z,241.32
2024-12-18T07:00:00Z,454.3
2024-12-18T08:00:00Z,691.3
2024-12-18T09:00:00Z,872.42
2024-12-18T10:00:00Z,977.4
2024-12-18T11:00:00Z,1042.2
2024-12-18T12:00:00Z,982.62
2024-12-18T13:00:00Z,844.5
2024-12-18T14:00:00Z,728.6
2024-12-18T15:00:00Z,532.55
2024-12-18T16:00:00Z,319.27
2024-12-18T17:00:00Z,118.6
2024-12-18T18:00:00Z,3.78
2024-12-18T19:00:00Z,0.0
2024-12-18T20:00:00Z,0.0
2024-12-18T21:00:00Z,0.0
2024-12-18T22:00:00Z,0.0
2024-12-18T23:00:00Z,0.0
2024-12-19T00:00:00Z,0.0
2024-12-19T01:00:00Z,0.0
2024-12-19T02:00:00Z,0.0
2024-12-19T03:00:00Z,0.0
2024-12-19T04:00:00Z,0.0
2024-12-19T05:00:00Z,35.25
2024-12-19T06:00:00Z,188.9
2024-12-19T07:00:00Z,367.15
2024-12-19T08:00:00Z,552.5
2024-12-19T09:00:00Z,647.88
2024-12-19T10:00:00Z,742.22
2024-12-19T11:00:00Z,805.25
2024-12-19T12:00:00Z,797.42
2024-12-19T13:00:00Z,609.0
2024-12-19T14:00:00Z,528.08
2024-12-19T15:00:00Z,355.48
2024-12-19T16:00:00Z,204.45
2024-12-19T17:00:00Z,69.47
2024-12-19T18:00:00Z,2.08
2024-12-19T19:00:00Z,0.0
2024-12-19T20:00:00Z,0.0
2024-12-19T21:00:00Z,0.0
2024-12-19T22:00:00Z,0.0
2024-12-19T23:00:00Z,0.0
2024-12-20T00:00:00Z,0.0
2024-12-20T01:00:00Z,0.0
2024-12-20T02:00:00Z,0.0
2024-12-20T03:00:00Z,0.0
2024-12-20T04:00:00Z,0.0
2024-12-20T05:00:00Z,40.78
2024-12-20T06:00:00Z,204.62
2024-12-20T07:00:00Z,423.75
2024-12-20T08:00:00Z,694.6
2024-12-20T09:00:00Z,829.2
2024-12-20T10:00:00Z,861.9
2024-12-20T11:00:00Z,906.62
2024-12-20T12:00:00Z,887.47
2024-12-20T13:00:00Z,782.42
2024-12-20T14:00:00Z,580.9
2024-12-20T15:00:00Z,421.83
2024-12-20T16:00:00Z,270.35
2024-12-20T17:00:00Z,103.75
2024-12-20T18:00:00Z,2.33
2024-12-20T19:00:00Z,0.0
2024-12-20T20:00:00Z,0.0
2024-12-20T21:00:00Z,0.0
2024-12-20T22:00:00Z,0.0
2024-12-20T23:00:00Z,0.0
2024-12-21T00:00:00Z,0.0
2024-12-21T01:00:00Z,0.0
2024-12-21T02:00:00Z,0.0
2024-12-21T03:00:00Z,0.0
2024-12-21T04:00:00Z,0.0
2024-12-21T05:00:00Z,58.92
2024-12-21T06:00:00Z,256.33
2024-12-21T07:00:00Z,479.5
2024-12-21T08:00:00Z,626.55
2024-12-21T09:00:00Z,768.15
2024-12-21T10:00:00Z,778.75
2024-12-21T11:00:00Z,721.22
2024-12-21T12:00:00Z,592.12
2024-12-21T13:00:00Z,428.1
2024-12-21T14:00:00Z,299.92
2024-12-21T15:00:00Z,244.35
2024-12-21T16:00:00Z,144.55
2024-12-21T17:00:00Z,53.25
2024-12-21T18:00:00Z,2.55
2024-12-21T19:00:00Z,0.0
2024-12-21T20:00:00Z,0.0
2024-12-21T21:00:00Z,0.0
2024-12-21T22:00:00Z,0.0
2024-12-21T23:00:00Z,0.0
2024-12-22T00:00:00Z,0.0
2024-12-22T01:00:00Z,0.0
2024-12-22T02:00:00Z,0.0
2024-12-22T03:00:00Z,0.0
2024-12-22T04:00:00Z,0.0
2024-12-22T05:00:00Z,10.57
2024-12-22T06:00:00Z,60.5
2024-12-22T07:00:00Z,100.25
2024-12-22T08:00:00Z,78.65
2024-12-22T09:00:00Z,83.15
2024-12-22T10:00:00Z,130.12
2024-12-22T11:00:00Z,139.98
2024-12-22T12:00:00Z,139.02
2024-12-22T13:00:00Z,116.1
2024-12-22T14:00:00Z,100.4
2024-12-22T15:00:00Z,126.55
2024-12-22T16:00:00Z,67.47
2024-12-22T17:00:00Z,30.52
2024-12-22T18:00:00Z,1.62
2024-12-22T19:00:00Z,0.0
2024-12-22T20:00:00Z,0.0
2024-12-22T21:00:00Z,0.0
2024-12-22T22:00:00Z,0.0
2024-12-22T23:00:00Z,0.0
2024-12-23T00:00:00Z,0.0
2024-12-23T01:00:00Z,0.0
2024-12-23T02:00:00Z,0.0
2024-12-23T03:00:00Z,0.0
2024-12-23T04:00:00Z,0.0
2024-12-23T05:00:00Z,27.88
2024-12-23T06:00:00Z,137.73
2024-12-23T07:00:00Z,274.5
2024-12-23T08:00:00Z,478.4
2024-12-23T09:00:00Z,596.17
2024-12-23T10:00:00Z,714.38
2024-12-23T11:00:00Z,737.12
2024-12-23T12:00:00Z,817.42
2024-12-23T13:00:00Z,799.75
2024-12-23T14:00:00Z,644.83
2024-12-23T15:00:00Z,463.1
2024-12-23T16:00:00Z,275.2
2024-12-23T17:00:00Z,111.07
2024-12-23T18:00:00Z,3.08
2024-12-23T19:00:00Z,0.0
2024-12-23T20:00:00Z,0.0
2024-12-23T21:00:00Z,0.0
2024-12-23T22:00:00Z,0.0
2024-12-23T23:00:00Z,0.0
2024-12-24T00:00:00Z,0.0
2024-12-24T01:00:00Z,0.0
2024-12-24T02:00:00Z,0.0
2024-12-24T03:00:00Z,0.0
2024-12-24T04:00:00Z,0.0
2024-12-24T05:00:00Z,32.25
2024-12-24T06:00:00Z,149.12
2024-12-24T07:00:00Z,318.73
2024-12-24T08:00:00Z,558.25
2024-12-24T09:00:00Z,724.1
2024-12-24T10:00:00Z,807.1
2024-12-24T11:00:00Z,745.55
2024-12-24T12:00:00Z,743.65
2024-12-24T13:00:00Z,848.62
2024-12-24T14:00:00Z,673.25
2024-12-24T15:00:00Z,496.35
2024-12-24T16:00:00Z,290.12
2024-12-24T17:00:00Z,113.12
2024-12-24T18:00:00Z,4.03
2024-12-24T19:00:00Z,0.0
2024-12-24T20:00:00Z,0.0
2024-12-24T21:00:00Z,0.0
2024-12-24T22:00:00Z,0.0
2024-12-24T23:00:00Z,0.0
2024-12-25T00:00:00Z,0.0
2024-12-25T01:00:00Z,0.0
2024-12-25T02:00:00Z,0.0
2024-12-25T03:00:00Z,0.0
2024-12-25T04:00:00Z,0.0
2024-12-25T05:00:00Z,40.28
2024-12-25T06:00:00Z,216.85
2024-12-25T07:00:00Z,440.55
2024-12-25T08:00:00Z,659.2
2024-12-25T09:00:00Z,769.22
2024-12-25T10:00:00Z,751.2
2024-12-25T11:00:00Z,784.42
2024-12-25T12:00:00Z,727.97
2024-12-25T13:00:00Z,583.1
2024-12-25T14:00:00Z,456.15
2024-12-25T15:00:00Z,304.85
2024-12-25T16:00:00Z,193.45
2024-12-25T17:00:00Z,86.28
2024-12-25T18:00:00Z,3.03
2024-12-25T19:00:00Z,0.0
2024-12-25T20:00:00Z,0.0
2024-12-25T21:00:00Z,0.0
2024-12-25T22:00:00Z,0.0
2024-12-25T23:00:00Z,0.0
2024-12-26T00:00:00Z,0.0
2024-12-26T01:00:00Z,0.0
2024-12-26T02:00:00Z,0.0
2024-12-26T03:00:00Z,0.0
2024-12-26T04:00:00Z,0.0
2024-12-26T05:00:00Z,29.12
2024-12-26T06:00:00Z,156.23
2024-12-26T07:00:00Z,318.4
2024-12-26T08:00:00Z,466.7
2024-12-26T09:00:00Z,639.4
2024-12-26T10:00:00Z,780.6
2024-12-26T11:00:00Z,822.05
2024-12-26T12:00:00Z,865.33
2024-12-26T13:00:00Z,775.75
2024-12-26T14:00:00Z,667.67
2024-12-26T15:00:00Z,495.02
2024-12-26T16:00:00Z,291.23
2024-12-26T17:00:00Z,104.88
2024-12-26T18:00:00Z,4.78
2024-12-26T19:00:00Z,0.0
2024-12-26T20:00:00Z,0.0
2024-12-26T21:00:00Z,0.0
2024-12-26T22:00:00Z,0.0
2024-12-26T23:00:00Z,0.0
2024-12-27T00:00:00Z,0.0
2024-12-27T01:00:00Z,0.0
2024-12-27T02:00:00Z,0.0
2024-12-27T03:00:00Z,0.0
2024-12-27T04:00:00Z,0.0
2024-12-27T05:00:00Z,53.3
2024-12-27T06:00:00Z,246.75
2024-12-27T07:00:00Z,484.62
2024-12-27T08:00:00Z,682.1
2024-12-27T09:00:00Z,879.45
2024-12-27T10:00:00Z,984.62
2024-12-27T11:00:00Z,1045.18
2024-12-27T12:00:00Z,881.03
2024-12-27T13:00:00Z,891.33
2024-12-27T14:00:00Z,743.05
2024-12-27T15:00:00Z,547.78
2024-12-27T16:00:00Z,334.5
2024-12-27T17:00:00Z,137.95
2024-12-27T18:00:00Z,6.12
2024-12-27T19:00:00Z,0.0
2024-12-27T20:00:00Z,0.0
2024-12-27T21:00:00Z,0.0
2024-12-27T22:00:00Z,0.0
2024-12-27T23:00:00Z,0.0
2024-12-28T00:00:00Z,0.0
2024-12-28T01:00:00Z,0.0
2024-12-28T02:00:00Z,0.0
2024-12-28T03:00:00Z,0.0
2024-12-28T04:00:00Z,0.0
2024-12-28T05:00:00Z,51.22
2024-12-28T06:00:00Z,250.0
2024-12-28T07:00:00Z,496.67
2024-12-28T08:00:00Z,702.4
2024-12-28T09:00:00Z,869.47
2024-12-28T10:00:00Z,1022.72
2024-12-28T11:00:00Z,1080.38
2024-12-28T12:00:00Z,1054.43
2024-12-28T13:00:00Z,968.97
2024-12-28T14:00:00Z,826.12
2024-12-28T15:00:00Z,609.3
2024-12-28T16:00:00Z,371.4
2024-12-28T17:00:00Z,140.65
2024-12-28T18:00:00Z,4.97
2024-12-28T19:00:00Z,0.0
2024-12-28T20:00:00Z,0.0
2024-12-28T21:00:00Z,0.0
2024-12-28T22:00:00Z,0.0
2024-12-28T23:00:00Z,0.0
2024-12-29T00:00:00Z,0.0
2024-12-29T01:00:00Z,0.0
2024-12-29T02:00:00Z,0.0
2024-12-29T03:00:00Z,0.0
2024-12-29T04:00:00Z,0.0
2024-12-29T05:00:00Z,44.15
2024-12-29T06:00:00Z,238.25
2024-12-29T07:00:00Z,466.58
2024-12-29T08:00:00Z,690.05
2024-12-29T09:00:00Z,886.4
2024-12-29T10:00:00Z,992.25
2024-12-29T11:00:00Z,1086.93
2024-12-29T12:00:00Z,1051.45
2024-12-29T13:00:00Z,979.5
2024-12-29T14:00:00Z,824.1
2024-12-29T15:00:00Z,621.22
2024-12-29T16:00:00Z,394.98
2024-12-29T17:00:00Z,155.2
2024-12-29T18:00:00Z,6.97
2024-12-29T19:00:00Z,0.0
2024-12-29T20:00:00Z,0.0
2024-12-29T21:00:00Z,0.0
2024-12-29T22:00:00Z,0.0
2024-12-29T23:00:00Z,0.0
2024-12-30T00:00:00Z,0.0
2024-12-30T01:00:00Z,0.0
2024-12-30T02:00:00Z,0.0
2024-12-30T03:00:00Z,0.0
2024-12-30T04:00:00Z,0.0
2024-12-30T05:00:00Z,53.72
2024-12-30T06:00:00Z,273.25
2024-12-30T07:00:00Z,516.78
2024-12-30T08:00:00Z,739.17
2024-12-30T09:00:00Z,917.38
2024-12-30T10:00:00Z,1039.75
2024-12-30T11:00:00Z,1088.9
2024-12-30T12:00:00Z,1072.35
2024-12-30T13:00:00Z,979.83
2024-12-30T14:00:00Z,832.75
2024-12-30T15:00:00Z,633.53
2024-12-30T16:00:00Z,403.8
2024-12-30T17:00:00Z,163.32
2024-12-30T18:00:00Z,7.47
2024-12-30T19:00:00Z,0.0
2024-12-30T20:00:00Z,0.0
2024-12-30T21:00:00Z,0.0
2024-12-30T22:00:00Z,0.0
2024-12-30T23:00:00Z,0.0
2024-12-31T00:00:00Z,0.0
2024-12-31T01:00:00Z,0.0
2024-12-31T02:00:00Z,0.0
2024-12-31T03:00:00Z,0.0
2024-12-31T04:00:00Z,0.0
2024-12-31T05:00:00Z,54.8
2024-12-31T06:00:00Z,271.9
2024-12-31T07:00:00Z,506.62
2024-12-31T08:00:00Z,720.53
2024-12-31T09:00:00Z,923.22
2024-12-31T10:00:00Z,1050.78
2024-12-31T11:00:00Z,1104.45
2024-12-31T12:00:00Z,1083.7
2024-12-31T13:00:00Z,980.17
2024-12-31T14:00:00Z,828.03
2024-12-31T15:00:00Z,626.88
2024-12-31T16:00:00Z,388.12
2024-12-31T17:00:00Z,149.45
2024-12-31T18:00:00Z,7.12
2024-12-31T19:00:00Z,0.0
2024-12-31T20:00:00Z,0.0
2024-12-31T21:00:00Z,0.0
2024-12-31T22:00:00Z,0.0
2024-12-31T23:00:00Z,0.0
