timestamp,ghi_wm2
2023-01-01T00:00:00,0.0
2023-01-01T01:00:00,0.0
2023-01-01T02:00:00,0.0
2023-01-01T03:00:00,0.0
2023-01-01T04:00:00,0.0
2023-01-01T05:00:00,15.2
2023-01-01T06:00:00,127.7
2023-01-01T07:00:00,297.92
2023-01-01T08:00:00,490.23
2023-01-01T09:00:00,659.8
2023-01-01T10:00:00,863.85
2023-01-01T11:00:00,932.25
2023-01-01T12:00:00,943.78
2023-01-01T13:00:00,870.0
2023-01-01T14:00:00,735.17
2023-01-01T15:00:00,540.28
2023-01-01T16:00:00,317.25
2023-01-01T17:00:00,106.68
2023-01-01T18:00:00,4.5
2023-01-01T19:00:00,0.0
2023-01-01T20:00:00,0.0
2023-01-01T21:00:00,0.0
2023-01-01T22:00:00,0.0
2023-01-01T23:00:00,0.0
2023-01-02T00:00:00,0.0
2023-01-02T01:00:00,0.0
2023-01-02T02:00:00,0.0
2023-01-02T03:00:00,0.0
2023-01-02T04:00:00,0.0
2023-01-02T05:00:00,19.45
2023-01-02T06:00:00,166.7
2023-01-02T07:00:00,384.4
2023-01-02T08:00:00,596.85
2023-01-02T09:00:00,771.97
2023-01-02T10:00:00,882.62
2023-01-02T11:00:00,952.65
2023-01-02T12:00:00,860.17
2023-01-02T13:00:00,653.55
2023-01-02T14:00:00,506.12
2023-01-02T15:00:00,358.12
2023-01-02T16:00:00,208.95
2023-01-02T17:00:00,67.35
2023-01-02T18:00:00,3.3
2023-01-02T19:00:00,0.0
2023-01-02T20:00:00,0.0
2023-01-02T21:00:00,0.0
2023-01-02T22:00:00,0.0
2023-01-02T23:00:00,0.0
2023-01-03T00:00:00,0.0
2023-01-03T01:00:00,0.0
2023-01-03T02:00:00,0.0
2023-01-03T03:00:00,0.0
2023-01-03T04:00:00,0.0
2023-01-03T05:00:00,4.78
2023-01-03T06:00:00,47.25
2023-01-03T07:00:00,100.78
2023-01-03T08:00:00,183.68
2023-01-03T09:00:00,273.92
2023-01-03T10:00:00,422.3
2023-01-03T11:00:00,600.97
2023-01-03T12:00:00,536.75
2023-01-03T13:00:00,525.35
2023-01-03T14:00:00,544.55
2023-01-03T15:00:00,466.35
2023-01-03T16:00:00,257.7
2023-01-03T17:00:00,83.28
2023-01-03T18:00:00,3.92
2023-01-03T19:00:00,0.0
2023-01-03T20:00:00,0.0
2023-01-03T21:00:00,0.0
2023-01-03T22:00:00,0.0
2023-01-03T23:00:00,0.0
2023-01-04T00:00:00,0.0
2023-01-04T01:00:00,0.0
2023-01-04T02:00:00,0.0
2023-01-04T03:00:00,0.0
2023-01-04T04:00:00,0.0
2023-01-04T05:00:00,11.57
2023-01-04T06:00:00,92.4
2023-01-04T07:00:00,218.52
2023-01-04T08:00:00,351.17
2023-01-04T09:00:00,490.62
2023-01-04T10:00:00,572.15
2023-01-04T11:00:00,497.62
2023-01-04T12:00:00,415.62
2023-01-04T13:00:00,412.52
2023-01-04T14:00:00,478.5
2023-01-04T15:00:00,325.9
2023-01-04T16:00:00,191.95
2023-01-04T17:00:00,67.0
2023-01-04T18:00:00,3.5
2023-01-04T19:00:00,0.0
2023-01-04T20:00:00,0.0
2023-01-04T21:00:00,0.0
2023-01-04T22:00:00,0.0
2023-01-04T23:00:00,0.0
2023-01-05T00:00:00,0.0
2023-01-05T01:00:00,0.0
2023-01-05T02:00:00,0.0
2023-01-05T03:00:00,0.0
2023-01-05T04:00:00,0.0
2023-01-05T05:00:00,12.1
2023-01-05T06:00:00,93.82
2023-01-05T07:00:00,241.07
2023-01-05T08:00:00,405.8
2023-01-05T09:00:00,565.55
2023-01-05T10:00:00,658.9
2023-01-05T11:00:00,670.53
2023-01-05T12:00:00,555.72
2023-01-05T13:00:00,531.95
2023-01-05T14:00:00,398.85
2023-01-05T15:00:00,239.3
2023-01-05T16:00:00,141.85
2023-01-05T17:00:00,54.92
2023-01-05T18:00:00,3.1
2023-01-05T19:00:00,0.0
2023-01-05T20:00:00,0.0
2023-01-05T21:00:00,0.0
2023-01-05T22:00:00,0.0
2023-01-05T23:00:00,0.0
2023-01-06T00:00:00,0.0
2023-01-06T01:00:00,0.0
2023-01-06T02:00:00,0.0
2023-01-06T03:00:00,0.0
2023-01-06T04:00:00,0.0
2023-01-06T05:00:00,4.78
2023-01-06T06:00:00,31.55
2023-01-06T07:00:00,55.2
2023-01-06T08:00:00,67.07
2023-01-06T09:00:00,95.38
2023-01-06T10:00:00,148.18
2023-01-06T11:00:00,119.82
2023-01-06T12:00:00,207.3
2023-01-06T13:00:00,182.1
2023-01-06T14:00:00,131.07
2023-01-06T15:00:00,116.88
2023-01-06T16:00:00,100.4
2023-01-06T17:00:00,40.78
2023-01-06T18:00:00,2.4
2023-01-06T19:00:00,0.0
2023-01-06T20:00:00,0.0
2023-01-06T21:00:00,0.0
2023-01-06T22:00:00,0.0
2023-01-06T23:00:00,0.0
2023-01-07T00:00:00,0.0
2023-01-07T01:00:00,0.0
2023-01-07T02:00:00,0.0
2023-01-07T03:00:00,0.0
2023-01-07T04:00:00,0.0
2023-01-07T05:00:00,11.1
2023-01-07T06:00:00,117.12
2023-01-07T07:00:00,268.45
2023-01-07T08:00:00,392.1
2023-01-07T09:00:00,457.1
2023-01-07T10:00:00,428.12
2023-01-07T11:00:00,421.17
2023-01-07T12:00:00,522.75
2023-01-07T13:00:00,569.53
2023-01-07T14:00:00,501.23
2023-01-07T15:00:00,342.1
2023-01-07T16:00:00,189.02
2023-01-07T17:00:00,73.32
2023-01-07T18:00:00,2.62
2023-01-07T19:00:00,0.0
2023-01-07T20:00:00,0.0
2023-01-07T21:00:00,0.0
2023-01-07T22:00:00,0.0
2023-01-07T23:00:00,0.0
2023-01-08T00:00:00,0.0
2023-01-08T01:00:00,0.0
2023-01-08T02:00:00,0.0
2023-01-08T03:00:00,0.0
2023-01-08T04:00:00,0.0
2023-01-08T05:00:00,16.15
2023-01-08T06:00:00,158.85
2023-01-08T07:00:00,378.85
2023-01-08T08:00:00,600.92
2023-01-08T09:00:00,713.97
2023-01-08T10:00:00,867.42
2023-01-08T11:00:00,916.17
2023-01-08T12:00:00,923.3
2023-01-08T13:00:00,889.25
2023-01-08T14:00:00,682.8
2023-01-08T15:00:00,389.48
2023-01-08T16:00:00,227.23
2023-01-08T17:00:00,69.68
2023-01-08T18:00:00,5.1
2023-01-08T19:00:00,0.0
2023-01-08T20:00:00,0.0
2023-01-08T21:00:00,0.0
2023-01-08T22:00:00,0.0
2023-01-08T23:00:00,0.0
2023-01-09T00:00:00,0.0
2023-01-09T01:00:00,0.0
2023-01-09T02:00:00,0.0
2023-01-09T03:00:00,0.0
2023-01-09T04:00:00,0.0
2023-01-09T05:00:00,4.53
2023-01-09T06:00:00,30.12
2023-01-09T07:00:00,57.7
2023-01-09T08:00:00,65.97
2023-01-09T09:00:00,88.15
2023-01-09T10:00:00,120.62
2023-01-09T11:00:00,188.57
2023-01-09T12:00:00,216.38
2023-01-09T13:00:00,185.23
2023-01-09T14:00:00,147.35
2023-01-09T15:00:00,135.12
2023-01-09T16:00:00,60.22
2023-01-09T17:00:00,22.58
2023-01-09T18:00:00,1.6
2023-01-09T19:00:00,0.0
2023-01-09T20:00:00,0.0
2023-01-09T21:00:00,0.0
2023-01-09T22:00:00,0.0
2023-01-09T23:00:00,0.0
2023-01-10T00:00:00,0.0
2023-01-10T01:00:00,0.0
2023-01-10T02:00:00,0.0
2023-01-10T03:00:00,0.0
2023-01-10T04:00:00,0.0
2023-01-10T05:00:00,4.28
2023-01-10T06:00:00,45.2
2023-01-10T07:00:00,98.35
2023-01-10T08:00:00,160.15
2023-01-10T09:00:00,220.3
2023-01-10T10:00:00,266.73
2023-01-10T11:00:00,297.77
2023-01-10T12:00:00,404.75
2023-01-10T13:00:00,412.85
2023-01-10T14:00:00,471.27
2023-01-10T15:00:00,333.58
2023-01-10T16:00:00,177.6
2023-01-10T17:00:00,66.78
2023-01-10T18:00:00,4.82
2023-01-10T19:00:00,0.0
2023-01-10T20:00:00,0.0
2023-01-10T21:00:00,0.0
2023-01-10T22:00:00,0.0
2023-01-10T23:00:00,0.0
2023-01-11T00:00:00,0.0
2023-01-11T01:00:00,0.0
2023-01-11T02:00:00,0.0
2023-01-11T03:00:00,0.0
2023-01-11T04:00:00,0.0
2023-01-11T05:00:00,13.32
2023-01-11T06:00:00,148.5
2023-01-11T07:00:00,334.0
2023-01-11T08:00:00,535.65
2023-01-11T09:00:00,709.28
2023-01-11T10:00:00,846.92
2023-01-11T11:00:00,851.0
2023-01-11T12:00:00,979.62
2023-01-11T13:00:00,880.35
2023-01-11T14:00:00,750.25
2023-01-11T15:00:00,450.75
2023-01-11T16:00:00,272.3
2023-01-11T17:00:00,95.68
2023-01-11T18:00:00,5.25
2023-01-11T19:00:00,0.0
2023-01-11T20:00:00,0.0
2023-01-11T21:00:00,0.0
2023-01-11T22:00:00,0.0
2023-01-11T23:00:00,0.0
2023-01-12T00:00:00,0.0
2023-01-12T01:00:00,0.0
2023-01-12T02:00:00,0.0
2023-01-12T03:00:00,0.0
2023-01-12T04:00:00,0.0
2023-01-12T05:00:00,15.98
2023-01-12T06:00:00,190.82
2023-01-12T07:00:00,431.35
2023-01-12T08:00:00,660.0
2023-01-12T09:00:00,845.6
2023-01-12T10:00:00,985.4
2023-01-12T11:00:00,920.72
2023-01-12T12:00:00,887.45
2023-01-12T13:00:00,781.12
2023-01-12T14:00:00,699.0
2023-01-12T15:00:00,422.45
2023-01-12T16:00:00,210.48
2023-01-12T17:00:00,87.38
2023-01-12T18:00:00,4.4
2023-01-12T19:00:00,0.0
2023-01-12T20:00:00,0.0
2023-01-12T21:00:00,0.0
2023-01-12T22:00:00,0.0
2023-01-12T23:00:00,0.0
2023-01-13T00:00:00,0.0
2023-01-13T01:00:00,0.0
2023-01-13T02:00:00,0.0
2023-01-13T03:00:00,0.0
2023-01-13T04:00:00,0.0
2023-01-13T05:00:00,12.88
2023-01-13T06:00:00,136.82
2023-01-13T07:00:00,339.5
2023-01-13T08:00:00,555.33
2023-01-13T09:00:00,729.75
2023-01-13T10:00:00,878.9
2023-01-13T11:00:00,912.55
2023-01-13T12:00:00,901.72
2023-01-13T13:00:00,907.35
2023-01-13T14:00:00,744.1
2023-01-13T15:00:00,561.0
2023-01-13T16:00:00,341.42
2023-01-13T17:00:00,127.18
2023-01-13T18:00:00,5.9
2023-01-13T19:00:00,0.0
2023-01-13T20:00:00,0.0
2023-01-13T21:00:00,0.0
2023-01-13T22:00:00,0.0
2023-01-13T23:00:00,0.0
2023-01-14T00:00:00,0.0
2023-01-14T01:00:00,0.0
2023-01-14T02:00:00,0.0
2023-01-14T03:00:00,0.0
2023-01-14T04:00:00,0.0
2023-01-14T05:00:00,13.15
2023-01-14T06:00:00,161.15
2023-01-14T07:00:00,374.67
2023-01-14T08:00:00,618.35
2023-01-14T09:00:00,792.47
2023-01-14T10:00:00,914.75
2023-01-14T11:00:00,878.95
2023-01-14T12:00:00,846.62
2023-01-14T13:00:00,795.95
2023-01-14T14:00:00,730.1
2023-01-14T15:00:00,520.58
2023-01-14T16:00:00,311.73
2023-01-14T17:00:00,121.28
2023-01-14T18:00:00,6.18
2023-01-14T19:00:00,0.0
2023-01-14T20:00:00,0.0
2023-01-14T21:00:00,0.0
2023-01-14T22:00:00,0.0
2023-01-14T23:00:00,0.0
2023-01-15T00:00:00,0.0
2023-01-15T01:00:00,0.0
2023-01-15T02:00:00,0.0
2023-01-15T03:00:00,0.0
2023-01-15T04:00:00,0.0
2023-01-15T05:00:00,13.35
2023-01-15T06:00:00,140.88
2023-01-15T07:00:00,314.2
2023-01-15T08:00:00,500.02
2023-01-15T09:00:00,665.5
2023-01-15T10:00:00,786.4
2023-01-15T11:00:00,940.28
2023-01-15T12:00:00,946.38
2023-01-15T13:00:00,822.58
2023-01-15T14:00:00,739.25
2023-01-15T15:00:00,531.53
2023-01-15T16:00:00,316.23
2023-01-15T17:00:00,110.35
2023-01-15T18:00:00,4.78
2023-01-15T19:00:00,0.0
2023-01-15T20:00:00,0.0
2023-01-15T21:00:00,0.0
2023-01-15T22:00:00,0.0
2023-01-15T23:00:00,0.0
2023-01-16T00:00:00,0.0
2023-01-16T01:00:00,0.0
2023-01-16T02:00:00,0.0
2023-01-16T03:00:00,0.0
2023-01-16T04:00:00,0.0
2023-01-16T05:00:00,7.7
2023-01-16T06:00:00,72.2
2023-01-16T07:00:00,167.82
2023-01-16T08:00:00,296.38
2023-01-16T09:00:00,426.58
2023-01-16T10:00:00,363.27
2023-01-16T11:00:00,553.8
2023-01-16T12:00:00,778.83
2023-01-16T13:00:00,679.33
2023-01-16T14:00:00,540.6
2023-01-16T15:00:00,357.95
2023-01-16T16:00:00,200.32
2023-01-16T17:00:00,71.12
2023-01-16T18:00:00,4.57
2023-01-16T19:00:00,0.0
2023-01-16T20:00:00,0.0
2023-01-16T21:00:00,0.0
2023-01-16T22:00:00,0.0
2023-01-16T23:00:00,0.0
2023-01-17T00:00:00,0.0
2023-01-17T01:00:00,0.0
2023-01-17T02:00:00,0.0
2023-01-17T03:00:00,0.0
2023-01-17T04:00:00,0.0
2023-01-17T05:00:00,10.23
2023-01-17T06:00:00,82.38
2023-01-17T07:00:00,178.15
2023-01-17T08:00:00,294.92
2023-01-17T09:00:00,460.0
2023-01-17T10:00:00,560.67
2023-01-17T11:00:00,512.95
2023-01-17T12:00:00,369.17
2023-01-17T13:00:00,208.8
2023-01-17T14:00:00,148.6
2023-01-17T15:00:00,117.38
2023-01-17T16:00:00,90.12
2023-01-17T17:00:00,40.95
2023-01-17T18:00:00,2.88
2023-01-17T19:00:00,0.0
2023-01-17T20:00:00,0.0
2023-01-17T21:00:00,0.0
2023-01-17T22:00:00,0.0
2023-01-17T23:00:00,0.0
2023-01-18T00:00:00,0.0
2023-01-18T01:00:00,0.0
2023-01-18T02:00:00,0.0
2023-01-18T03:00:00,0.0
2023-01-18T04:00:00,0.0
2023-01-18T05:00:00,3.15
2023-01-18T06:00:00,38.28
2023-01-18T07:00:00,74.57
2023-01-18T08:00:00,99.32
2023-01-18T09:00:00,140.62
2023-01-18T10:00:00,218.12
2023-01-18T11:00:00,248.4
2023-01-18T12:00:00,163.85
2023-01-18T13:00:00,384.58
2023-01-18T14:00:00,301.23
2023-01-18T15:00:00,333.92
2023-01-18T16:00:00,170.98
2023-01-18T17:00:00,55.6
2023-01-18T18:00:00,1.83
2023-01-18T19:00:00,0.0
2023-01-18T20:00:00,0.0
2023-01-18T21:00:00,0.0
2023-01-18T22:00:00,0.0
2023-01-18T23:00:00,0.0
2023-01-19T00:00:00,0.0
2023-01-19T01:00:00,0.0
2023-01-19T02:00:00,0.0
2023-01-19T03:00:00,0.0
2023-01-19T04:00:00,0.0
2023-01-19T05:00:00,1.15
2023-01-19T06:00:00,47.25
2023-01-19T07:00:00,136.2
2023-01-19T08:00:00,248.5
2023-01-19T09:00:00,352.92
2023-01-19T10:00:00,487.92
2023-01-19T11:00:00,615.53
2023-01-19T12:00:00,620.35
2023-01-19T13:00:00,643.28
2023-01-19T14:00:00,566.9
2023-01-19T15:00:00,401.17
2023-01-19T16:00:00,231.2
2023-01-19T17:00:00,93.2
2023-01-19T18:00:00,4.15
2023-01-19T19:00:00,0.0
2023-01-19T20:00:00,0.0
2023-01-19T21:00:00,0.0
2023-01-19T22:00:00,0.0
2023-01-19T23:00:00,0.0
2023-01-20T00:00:00,0.0
2023-01-20T01:00:00,0.0
2023-01-20T02:00:00,0.0
2023-01-20T03:00:00,0.0
2023-01-20T04:00:00,0.0
2023-01-20T05:00:00,6.1
2023-01-20T06:00:00,75.1
2023-01-20T07:00:00,201.4
2023-01-20T08:00:00,361.88
2023-01-20T09:00:00,466.83
2023-01-20T10:00:00,615.9
2023-01-20T11:00:00,694.75
2023-01-20T12:00:00,627.08
2023-01-20T13:00:00,533.78
2023-01-20T14:00:00,306.5
2023-01-20T15:00:00,282.25
2023-01-20T16:00:00,135.32
2023-01-20T17:00:00,49.67
2023-01-20T18:00:00,3.4
2023-01-20T19:00:00,0.0
2023-01-20T20:00:00,0.0
2023-01-20T21:00:00,0.0
2023-01-20T22:00:00,0.0
2023-01-20T23:00:00,0.0
2023-01-21T00:00:00,0.0
2023-01-21T01:00:00,0.0
2023-01-21T02:00:00,0.0
2023-01-21T03:00:00,0.0
2023-01-21T04:00:00,0.0
2023-01-21T05:00:00,6.28
2023-01-21T06:00:00,110.82
2023-01-21T07:00:00,258.65
2023-01-21T08:00:00,441.85
2023-01-21T09:00:00,562.12
2023-01-21T10:00:00,681.8
2023-01-21T11:00:00,703.4
2023-01-21T12:00:00,795.65
2023-01-21T13:00:00,707.75
2023-01-21T14:00:00,586.22
2023-01-21T15:00:00,420.7
2023-01-21T16:00:00,234.23
2023-01-21T17:00:00,78.68
2023-01-21T18:00:00,4.28
2023-01-21T19:00:00,0.0
2023-01-21T20:00:00,0.0
2023-01-21T21:00:00,0.0
2023-01-21T22:00:00,0.0
2023-01-21T23:00:00,0.0
2023-01-22T00:00:00,0.0
2023-01-22T01:00:00,0.0
2023-01-22T02:00:00,0.0
2023-01-22T03:00:00,0.0
2023-01-22T04:00:00,0.0
2023-01-22T05:00:00,9.7
2023-01-22T06:00:00,102.53
2023-01-22T07:00:00,285.5
2023-01-22T08:00:00,483.02
2023-01-22T09:00:00,653.17
2023-01-22T10:00:00,789.67
2023-01-22T11:00:00,778.9
2023-01-22T12:00:00,803.92
2023-01-22T13:00:00,632.3
2023-01-22T14:00:00,549.22
2023-01-22T15:00:00,360.65
2023-01-22T16:00:00,206.32
2023-01-22T17:00:00,79.45
2023-01-22T18:00:00,4.72
2023-01-22T19:00:00,0.0
2023-01-22T20:00:00,0.0
2023-01-22T21:00:00,0.0
2023-01-22T22:00:00,0.0
2023-01-22T23:00:00,0.0
2023-01-23T00:00:00,0.0
2023-01-23T01:00:00,0.0
2023-01-23T02:00:00,0.0
2023-01-23T03:00:00,0.0
2023-01-23T04:00:00,0.0
2023-01-23T05:00:00,8.5
2023-01-23T06:00:00,135.27
2023-01-23T07:00:00,339.83
2023-01-23T08:00:00,553.7
2023-01-23T09:00:00,759.67
2023-01-23T10:00:00,855.33
2023-01-23T11:00:00,914.9
2023-01-23T12:00:00,894.38
2023-01-23T13:00:00,822.42
2023-01-23T14:00:00,724.92
2023-01-23T15:00:00,500.35
2023-01-23T16:00:00,295.12
2023-01-23T17:00:00,102.93
2023-01-23T18:00:00,5.88
2023-01-23T19:00:00,0.0
2023-01-23T20:00:00,0.0
2023-01-23T21:00:00,0.0
2023-01-23T22:00:00,0.0
2023-01-23T23:00:00,0.0
2023-01-24T00:00:00,0.0
2023-01-24T01:00:00,0.0
2023-01-24T02:00:00,0.0
2023-01-24T03:00:00,0.0
2023-01-24T04:00:00,0.0
2023-01-24T05:00:00,7.7
2023-01-24T06:00:00,132.62
2023-01-24T07:00:00,354.17
2023-01-24T08:00:00,575.38
2023-01-24T09:00:00,768.88
2023-01-24T10:00:00,877.85
2023-01-24T11:00:00,958.08
2023-01-24T12:00:00,974.95
2023-01-24T13:00:00,886.88
2023-01-24T14:00:00,759.2
2023-01-24T15:00:00,587.3
2023-01-24T16:00:00,353.1
2023-01-24T17:00:00,139.25
2023-01-24T18:00:00,6.43
2023-01-24T19:00:00,0.0
2023-01-24T20:00:00,0.0
2023-01-24T21:00:00,0.0
2023-01-24T22:00:00,0.0
2023-01-24T23:00:00,0.0
2023-01-25T00:00:00,0.0
2023-01-25T01:00:00,0.0
2023-01-25T02:00:00,0.0
2023-01-25T03:00:00,0.0
2023-01-25T04:00:00,0.0
2023-01-25T05:00:00,8.05
2023-01-25T06:00:00,138.2
2023-01-25T07:00:00,361.7
2023-01-25T08:00:00,614.12
2023-01-25T09:00:00,808.17
2023-01-25T10:00:00,947.7
2023-01-25T11:00:00,1004.42
2023-01-25T12:00:00,1000.92
2023-01-25T13:00:00,917.9
2023-01-25T14:00:00,734.2
2023-01-25T15:00:00,596.75
2023-01-25T16:00:00,358.2
2023-01-25T17:00:00,136.1
2023-01-25T18:00:00,6.15
2023-01-25T19:00:00,0.0
2023-01-25T20:00:00,0.0
2023-01-25T21:00:00,0.0
2023-01-25T22:00:00,0.0
2023-01-25T23:00:00,0.0
2023-01-26T00:00:00,0.0
2023-01-26T01:00:00,0.0
2023-01-26T02:00:00,0.0
2023-01-26T03:00:00,0.0
2023-01-26T04:00:00,0.0
2023-01-26T05:00:00,8.35
2023-01-26T06:00:00,145.93
2023-01-26T07:00:00,376.98
2023-01-26T08:00:00,614.33
2023-01-26T09:00:00,803.78
2023-01-26T10:00:00,943.53
2023-01-26T11:00:00,1016.5
2023-01-26T12:00:00,995.25
2023-01-26T13:00:00,870.2
2023-01-26T14:00:00,795.45
2023-01-26T15:00:00,606.83
2023-01-26T16:00:00,373.55
2023-01-26T17:00:00,141.0
2023-01-26T18:00:00,6.53
2023-01-26T19:00:00,0.0
2023-01-26T20:00:00,0.0
2023-01-26T21:00:00,0.0
2023-01-26T22:00:00,0.0
2023-01-26T23:00:00,0.0
2023-01-27T00:00:00,0.0
2023-01-27T01:00:00,0.0
2023-01-27T02:00:00,0.0
2023-01-27T03:00:00,0.0
2023-01-27T04:00:00,0.0
2023-01-27T05:00:00,8.43
2023-01-27T06:00:00,145.82
2023-01-27T07:00:00,370.1
2023-01-27T08:00:00,606.25
2023-01-27T09:00:00,782.62
2023-01-27T10:00:00,916.1
2023-01-27T11:00:00,970.28
2023-01-27T12:00:00,965.3
2023-01-27T13:00:00,826.38
2023-01-27T14:00:00,693.33
2023-01-27T15:00:00,521.03
2023-01-27T16:00:00,314.73
2023-01-27T17:00:00,119.75
2023-01-27T18:00:00,6.15
2023-01-27T19:00:00,0.0
2023-01-27T20:00:00,0.0
2023-01-27T21:00:00,0.0
2023-01-27T22:00:00,0.0
2023-01-27T23:00:00,0.0
2023-01-28T00:00:00,0.0
2023-01-28T01:00:00,0.0
2023-01-28T02:00:00,0.0
2023-01-28T03:00:00,0.0
2023-01-28T04:00:00,0.0
2023-01-28T05:00:00,7.85
2023-01-28T06:00:00,145.95
2023-01-28T07:00:00,378.77
2023-01-28T08:00:00,615.5
2023-01-28T09:00:00,806.78
2023-01-28T10:00:00,941.6
2023-01-28T11:00:00,1008.08
2023-01-28T12:00:00,1017.65
2023-01-28T13:00:00,945.58
2023-01-28T14:00:00,760.4
2023-01-28T15:00:00,555.2
2023-01-28T16:00:00,356.2
2023-01-28T17:00:00,132.77
2023-01-28T18:00:00,5.6
2023-01-28T19:00:00,0.0
2023-01-28T20:00:00,0.0
2023-01-28T21:00:00,0.0
2023-01-28T22:00:00,0.0
2023-01-28T23:00:00,0.0
2023-01-29T00:00:00,0.0
2023-01-29T01:00:00,0.0
2023-01-29T02:00:00,0.0
2023-01-29T03:00:00,0.0
2023-01-29T04:00:00,0.0
2023-01-29T05:00:00,6.0
2023-01-29T06:00:00,137.98
2023-01-29T07:00:00,322.77
2023-01-29T08:00:00,530.28
2023-01-29T09:00:00,703.67
2023-01-29T10:00:00,870.62
2023-01-29T11:00:00,938.4
2023-01-29T12:00:00,936.08
2023-01-29T13:00:00,899.38
2023-01-29T14:00:00,753.15
2023-01-29T15:00:00,593.55
2023-01-29T16:00:00,346.45
2023-01-29T17:00:00,116.2
2023-01-29T18:00:00,4.55
2023-01-29T19:00:00,0.0
2023-01-29T20:00:00,0.0
2023-01-29T21:00:00,0.0
2023-01-29T22:00:00,0.0
2023-01-29T23:00:00,0.0
2023-01-30T00:00:00,0.0
2023-01-30T01:00:00,0.0
2023-01-30T02:00:00,0.0
2023-01-30T03:00:00,0.0
2023-01-30T04:00:00,0.0
2023-01-30T05:00:00,3.72
2023-01-30T06:00:00,83.12
2023-01-30T07:00:00,171.93
2023-01-30T08:00:00,304.05
2023-01-30T09:00:00,451.27
2023-01-30T10:00:00,602.4
2023-01-30T11:00:00,694.08
2023-01-30T12:00:00,710.83
2023-01-30T13:00:00,561.7
2023-01-30T14:00:00,421.85
2023-01-30T15:00:00,228.52
2023-01-30T16:00:00,138.52
2023-01-30T17:00:00,55.7
2023-01-30T18:00:00,3.55
2023-01-30T19:00:00,0.0
2023-01-30T20:00:00,0.0
2023-01-30T21:00:00,0.0
2023-01-30T22:00:00,0.0
2023-01-30T23:00:00,0.0
2023-01-31T00:00:00,0.0
2023-01-31T01:00:00,0.0
2023-01-31T02:00:00,0.0
2023-01-31T03:00:00,0.0
2023-01-31T04:00:00,0.0
2023-01-31T05:00:00,3.95
2023-01-31T06:00:00,94.25
2023-01-31T07:00:00,228.82
2023-01-31T08:00:00,420.75
2023-01-31T09:00:00,609.3
2023-01-31T10:00:00,711.58
2023-01-31T11:00:00,785.85
2023-01-31T12:00:00,815.2
2023-01-31T13:00:00,738.55
2023-01-31T14:00:00,495.42
2023-01-31T15:00:00,276.27
2023-01-31T16:00:00,150.23
2023-01-31T17:00:00,48.85
2023-01-31T18:00:00,3.3
2023-01-31T19:00:00,0.0
2023-01-31T20:00:00,0.0
2023-01-31T21:00:00,0.0
2023-01-31T22:00:00,0.0
2023-01-31T23:00:00,0.0
2023-02-01T00:00:00,0.0
2023-02-01T01:00:00,0.0
2023-02-01T02:00:00,0.0
2023-02-01T03:00:00,0.0
2023-02-01T04:00:00,0.0
2023-02-01T05:00:00,5.72
2023-02-01T06:00:00,107.95
2023-02-01T07:00:00,293.6
2023-02-01T08:00:00,498.73
2023-02-01T09:00:00,754.42
2023-02-01T10:00:00,956.97
2023-02-01T11:00:00,967.08
2023-02-01T12:00:00,962.05
2023-02-01T13:00:00,878.6
2023-02-01T14:00:00,749.35
2023-02-01T15:00:00,568.75
2023-02-01T16:00:00,337.3
2023-02-01T17:00:00,125.95
2023-02-01T18:00:00,5.43
2023-02-01T19:00:00,0.0
2023-02-01T20:00:00,0.0
2023-02-01T21:00:00,0.0
2023-02-01T22:00:00,0.0
2023-02-01T23:00:00,0.0
2023-02-02T00:00:00,0.0
2023-02-02T01:00:00,0.0
2023-02-02T02:00:00,0.0
2023-02-02T03:00:00,0.0
2023-02-02T04:00:00,0.0
2023-02-02T05:00:00,6.43
2023-02-02T06:00:00,149.7
2023-02-02T07:00:00,391.6
2023-02-02T08:00:00,631.4
2023-02-02T09:00:00,831.03
2023-02-02T10:00:00,969.62
2023-02-02T11:00:00,997.2
2023-02-02T12:00:00,1013.5
2023-02-02T13:00:00,906.38
2023-02-02T14:00:00,763.42
2023-02-02T15:00:00,535.38
2023-02-02T16:00:00,307.77
2023-02-02T17:00:00,98.05
2023-02-02T18:00:00,4.65
2023-02-02T19:00:00,0.0
2023-02-02T20:00:00,0.0
2023-02-02T21:00:00,0.0
2023-02-02T22:00:00,0.0
2023-02-02T23:00:00,0.0
2023-02-03T00:00:00,0.0
2023-02-03T01:00:00,0.0
2023-02-03T02:00:00,0.0
2023-02-03T03:00:00,0.0
2023-02-03T04:00:00,0.0
2023-02-03T05:00:00,6.12
2023-02-03T06:00:00,145.2
2023-02-03T07:00:00,383.75
2023-02-03T08:00:00,623.8
2023-02-03T09:00:00,825.9
2023-02-03T10:00:00,968.72
2023-02-03T11:00:00,1024.25
2023-02-03T12:00:00,1012.3
2023-02-03T13:00:00,928.03
2023-02-03T14:00:00,795.35
2023-02-03T15:00:00,539.2
2023-02-03T16:00:00,332.85
2023-02-03T17:00:00,122.93
2023-02-03T18:00:00,5.22
2023-02-03T19:00:00,0.0
2023-02-03T20:00:00,0.0
2023-02-03T21:00:00,0.0
2023-02-03T22:00:00,0.0
2023-02-03T23:00:00,0.0
2023-02-04T00:00:00,0.0
2023-02-04T01:00:00,0.0
2023-02-04T02:00:00,0.0
2023-02-04T03:00:00,0.0
2023-02-04T04:00:00,0.0
2023-02-04T05:00:00,5.35
2023-02-04T06:00:00,129.23
2023-02-04T07:00:00,349.33
2023-02-04T08:00:00,570.45
2023-02-04T09:00:00,640.83
2023-02-04T10:00:00,809.92
2023-02-04T11:00:00,934.62
2023-02-04T12:00:00,924.03
2023-02-04T13:00:00,903.75
2023-02-04T14:00:00,779.6
2023-02-04T15:00:00,565.35
2023-02-04T16:00:00,339.67
2023-02-04T17:00:00,117.97
2023-02-04T18:00:00,4.9
2023-02-04T19:00:00,0.0
2023-02-04T20:00:00,0.0
2023-02-04T21:00:00,0.0
2023-02-04T22:00:00,0.0
2023-02-04T23:00:00,0.0
2023-02-05T00:00:00,0.0
2023-02-05T01:00:00,0.0
2023-02-05T02:00:00,0.0
2023-02-05T03:00:00,0.0
2023-02-05T04:00:00,0.0
2023-02-05T05:00:00,4.25
2023-02-05T06:00:00,85.9
2023-02-05T07:00:00,269.8
2023-02-05T08:00:00,459.8
2023-02-05T09:00:00,624.55
2023-02-05T10:00:00,793.25
2023-02-05T11:00:00,851.08
2023-02-05T12:00:00,794.6
2023-02-05T13:00:00,819.75
2023-02-05T14:00:00,631.55
2023-02-05T15:00:00,448.98
2023-02-05T16:00:00,254.05
2023-02-05T17:00:00,67.22
2023-02-05T18:00:00,4.03
2023-02-05T19:00:00,0.0
2023-02-05T20:00:00,0.0
2023-02-05T21:00:00,0.0
2023-02-05T22:00:00,0.0
2023-02-05T23:00:00,0.0
2023-02-06T00:00:00,0.0
2023-02-06T01:00:00,0.0
2023-02-06T02:00:00,0.0
2023-02-06T03:00:00,0.0
2023-02-06T04:00:00,0.0
2023-02-06T05:00:00,3.75
2023-02-06T06:00:00,108.88
2023-02-06T07:00:00,289.42
2023-02-06T08:00:00,482.3
2023-02-06T09:00:00,670.97
2023-02-06T10:00:00,808.78
2023-02-06T11:00:00,857.6
2023-02-06T12:00:00,850.3
2023-02-06T13:00:00,775.97
2023-02-06T14:00:00,612.33
2023-02-06T15:00:00,474.73
2023-02-06T16:00:00,275.15
2023-02-06T17:00:00,101.65
2023-02-06T18:00:00,3.55
2023-02-06T19:00:00,0.0
2023-02-06T20:00:00,0.0
2023-02-06T21:00:00,0.0
2023-02-06T22:00:00,0.0
2023-02-06T23:00:00,0.0
2023-02-07T00:00:00,0.0
2023-02-07T01:00:00,0.0
2023-02-07T02:00:00,0.0
2023-02-07T03:00:00,0.0
2023-02-07T04:00:00,0.0
2023-02-07T05:00:00,1.8
2023-02-07T06:00:00,34.35
2023-02-07T07:00:00,81.22
2023-02-07T08:00:00,138.6
2023-02-07T09:00:00,182.15
2023-02-07T10:00:00,197.2
2023-02-07T11:00:00,160.88
2023-02-07T12:00:00,117.12
2023-02-07T13:00:00,120.05
2023-02-07T14:00:00,136.77
2023-02-07T15:00:00,168.55
2023-02-07T16:00:00,90.95
2023-02-07T17:00:00,31.9
2023-02-07T18:00:00,0.98
2023-02-07T19:00:00,0.0
2023-02-07T20:00:00,0.0
2023-02-07T21:00:00,0.0
2023-02-07T22:00:00,0.0
2023-02-07T23:00:00,0.0
2023-02-08T00:00:00,0.0
2023-02-08T01:00:00,0.0
2023-02-08T02:00:00,0.0
2023-02-08T03:00:00,0.0
2023-02-08T04:00:00,0.0
2023-02-08T05:00:00,1.95
2023-02-08T06:00:00,69.75
2023-02-08T07:00:00,198.62
2023-02-08T08:00:00,351.77
2023-02-08T09:00:00,484.5
2023-02-08T10:00:00,590.35
2023-02-08T11:00:00,589.42
2023-02-08T12:00:00,492.73
2023-02-08T13:00:00,569.97
2023-02-08T14:00:00,427.15
2023-02-08T15:00:00,313.33
2023-02-08T16:00:00,172.07
2023-02-08T17:00:00,61.22
2023-02-08T18:00:00,2.4
2023-02-08T19:00:00,0.0
2023-02-08T20:00:00,0.0
2023-02-08T21:00:00,0.0
2023-02-08T22:00:00,0.0
2023-02-08T23:00:00,0.0
2023-02-09T00:00:00,0.0
2023-02-09T01:00:00,0.0
2023-02-09T02:00:00,0.0
2023-02-09T03:00:00,0.0
2023-02-09T04:00:00,0.0
2023-02-09T05:00:00,1.12
2023-02-09T06:00:00,25.75
2023-02-09T07:00:00,77.0
2023-02-09T08:00:00,131.93
2023-02-09T09:00:00,243.1
2023-02-09T10:00:00,335.33
2023-02-09T11:00:00,437.92
2023-02-09T12:00:00,589.35
2023-02-09T13:00:00,502.4
2023-02-09T14:00:00,479.27
2023-02-09T15:00:00,344.85
2023-02-09T16:00:00,185.12
2023-02-09T17:00:00,64.0
2023-02-09T18:00:00,2.65
2023-02-09T19:00:00,0.0
2023-02-09T20:00:00,0.0
2023-02-09T21:00:00,0.0
2023-02-09T22:00:00,0.0
2023-02-09T23:00:00,0.0
2023-02-10T00:00:00,0.0
2023-02-10T01:00:00,0.0
2023-02-10T02:00:00,0.0
2023-02-10T03:00:00,0.0
2023-02-10T04:00:00,0.0
2023-02-10T05:00:00,3.22
2023-02-10T06:00:00,96.45
2023-02-10T07:00:00,267.27
2023-02-10T08:00:00,474.5
2023-02-10T09:00:00,590.28
2023-02-10T10:00:00,604.2
2023-02-10T11:00:00,636.17
2023-02-10T12:00:00,646.72
2023-02-10T13:00:00,631.4
2023-02-10T14:00:00,528.42
2023-02-10T15:00:00,387.62
2023-02-10T16:00:00,244.07
2023-02-10T17:00:00,76.53
2023-02-10T18:00:00,3.4
2023-02-10T19:00:00,0.0
2023-02-10T20:00:00,0.0
2023-02-10T21:00:00,0.0
2023-02-10T22:00:00,0.0
2023-02-10T23:00:00,0.0
2023-02-11T00:00:00,0.0
2023-02-11T01:00:00,0.0
2023-02-11T02:00:00,0.0
2023-02-11T03:00:00,0.0
2023-02-11T04:00:00,0.0
2023-02-11T05:00:00,3.22
2023-02-11T06:00:00,32.15
2023-02-11T07:00:00,202.73
2023-02-11T08:00:00,384.12
2023-02-11T09:00:00,507.55
2023-02-11T10:00:00,654.72
2023-02-11T11:00:00,779.12
2023-02-11T12:00:00,479.83
2023-02-11T13:00:00,406.98
2023-02-11T14:00:00,341.02
2023-02-11T15:00:00,174.93
2023-02-11T16:00:00,94.68
2023-02-11T17:00:00,38.3
2023-02-11T18:00:00,1.33
2023-02-11T19:00:00,0.0
2023-02-11T20:00:00,0.0
2023-02-11T21:00:00,0.0
2023-02-11T22:00:00,0.0
2023-02-11T23:00:00,0.0
2023-02-12T00:00:00,0.0
2023-02-12T01:00:00,0.0
2023-02-12T02:00:00,0.0
2023-02-12T03:00:00,0.0
2023-02-12T04:00:00,0.0
2023-02-12T05:00:00,1.15
2023-02-12T06:00:00,33.55
2023-02-12T07:00:00,93.55
2023-02-12T08:00:00,159.0
2023-02-12T09:00:00,295.0
2023-02-12T10:00:00,371.73
2023-02-12T11:00:00,377.58
2023-02-12T12:00:00,264.17
2023-02-12T13:00:00,231.75
2023-02-12T14:00:00,158.1
2023-02-12T15:00:00,52.75
2023-02-12T16:00:00,71.38
2023-02-12T17:00:00,29.67
2023-02-12T18:00:00,1.52
2023-02-12T19:00:00,0.0
2023-02-12T20:00:00,0.0
2023-02-12T21:00:00,0.0
2023-02-12T22:00:00,0.0
2023-02-12T23:00:00,0.0
2023-02-13T00:00:00,0.0
2023-02-13T01:00:00,0.0
2023-02-13T02:00:00,0.0
2023-02-13T03:00:00,0.0
2023-02-13T04:00:00,0.0
2023-02-13T05:00:00,1.65
2023-02-13T06:00:00,45.95
2023-02-13T07:00:00,130.25
2023-02-13T08:00:00,220.35
2023-02-13T09:00:00,257.73
2023-02-13T10:00:00,129.32
2023-02-13T11:00:00,70.07
2023-02-13T12:00:00,156.62
2023-02-13T13:00:00,153.65
2023-02-13T14:00:00,427.8
2023-02-13T15:00:00,289.9
2023-02-13T16:00:00,165.2
2023-02-13T17:00:00,56.78
2023-02-13T18:00:00,2.65
2023-02-13T19:00:00,0.0
2023-02-13T20:00:00,0.0
2023-02-13T21:00:00,0.0
2023-02-13T22:00:00,0.0
2023-02-13T23:00:00,0.0
2023-02-14T00:00:00,0.0
2023-02-14T01:00:00,0.0
2023-02-14T02:00:00,0.0
2023-02-14T03:00:00,0.0
2023-02-14T04:00:00,0.0
2023-02-14T05:00:00,0.0
2023-02-14T06:00:00,106.03
2023-02-14T07:00:00,298.58
2023-02-14T08:00:00,558.88
2023-02-14T09:00:00,736.38
2023-02-14T10:00:00,877.75
2023-02-14T11:00:00,817.83
2023-02-14T12:00:00,902.65
2023-02-14T13:00:00,830.78
2023-02-14T14:00:00,634.33
2023-02-14T15:00:00,471.85
2023-02-14T16:00:00,266.33
2023-02-14T17:00:00,94.75
2023-02-14T18:00:00,0.0
2023-02-14T19:00:00,0.0
2023-02-14T20:00:00,0.0
2023-02-14T21:00:00,0.0
2023-02-14T22:00:00,0.0
2023-02-14T23:00:00,0.0
2023-02-15T00:00:00,0.0
2023-02-15T01:00:00,0.0
2023-02-15T02:00:00,0.0
2023-02-15T03:00:00,0.0
2023-02-15T04:00:00,0.0
2023-02-15T05:00:00,0.0
2023-02-15T06:00:00,57.67
2023-02-15T07:00:00,140.27
2023-02-15T08:00:00,237.85
2023-02-15T09:00:00,387.17
2023-02-15T10:00:00,517.15
2023-02-15T11:00:00,492.77
2023-02-15T12:00:00,466.77
2023-02-15T13:00:00,408.3
2023-02-15T14:00:00,370.67
2023-02-15T15:00:00,185.05
2023-02-15T16:00:00,104.43
2023-02-15T17:00:00,32.25
2023-02-15T18:00:00,0.0
2023-02-15T19:00:00,0.0
2023-02-15T20:00:00,0.0
2023-02-15T21:00:00,0.0
2023-02-15T22:00:00,0.0
2023-02-15T23:00:00,0.0
2023-02-16T00:00:00,0.0
2023-02-16T01:00:00,0.0
2023-02-16T02:00:00,0.0
2023-02-16T03:00:00,0.0
2023-02-16T04:00:00,0.0
2023-02-16T05:00:00,0.0
2023-02-16T06:00:00,55.5
2023-02-16T07:00:00,149.68
2023-02-16T08:00:00,227.18
2023-02-16T09:00:00,299.9
2023-02-16T10:00:00,361.15
2023-02-16T11:00:00,344.8
2023-02-16T12:00:00,274.88
2023-02-16T13:00:00,293.88
2023-02-16T14:00:00,148.15
2023-02-16T15:00:00,120.45
2023-02-16T16:00:00,84.12
2023-02-16T17:00:00,34.58
2023-02-16T18:00:00,0.0
2023-02-16T19:00:00,0.0
2023-02-16T20:00:00,0.0
2023-02-16T21:00:00,0.0
2023-02-16T22:00:00,0.0
2023-02-16T23:00:00,0.0
2023-02-17T00:00:00,0.0
2023-02-17T01:00:00,0.0
2023-02-17T02:00:00,0.0
2023-02-17T03:00:00,0.0
2023-02-17T04:00:00,0.0
2023-02-17T05:00:00,0.0
2023-02-17T06:00:00,122.97
2023-02-17T07:00:00,333.33
2023-02-17T08:00:00,578.2
2023-02-17T09:00:00,752.22
2023-02-17T10:00:00,904.92
2023-02-17T11:00:00,946.75
2023-02-17T12:00:00,970.38
2023-02-17T13:00:00,858.1
2023-02-17T14:00:00,719.85
2023-02-17T15:00:00,501.48
2023-02-17T16:00:00,221.4
2023-02-17T17:00:00,78.57
2023-02-17T18:00:00,0.0
2023-02-17T19:00:00,0.0
2023-02-17T20:00:00,0.0
2023-02-17T21:00:00,0.0
2023-02-17T22:00:00,0.0
2023-02-17T23:00:00,0.0
2023-02-18T00:00:00,0.0
2023-02-18T01:00:00,0.0
2023-02-18T02:00:00,0.0
2023-02-18T03:00:00,0.0
2023-02-18T04:00:00,0.0
2023-02-18T05:00:00,0.0
2023-02-18T06:00:00,97.72
2023-02-18T07:00:00,294.52
2023-02-18T08:00:00,511.2
2023-02-18T09:00:00,680.9
2023-02-18T10:00:00,832.85
2023-02-18T11:00:00,924.6
2023-02-18T12:00:00,859.5
2023-02-18T13:00:00,874.0
2023-02-18T14:00:00,739.1
2023-02-18T15:00:00,546.9
2023-02-18T16:00:00,314.98
2023-02-18T17:00:00,107.03
2023-02-18T18:00:00,0.0
2023-02-18T19:00:00,0.0
2023-02-18T20:00:00,0.0
2023-02-18T21:00:00,0.0
2023-02-18T22:00:00,0.0
2023-02-18T23:00:00,0.0
2023-02-19T00:00:00,0.0
2023-02-19T01:00:00,0.0
2023-02-19T02:00:00,0.0
2023-02-19T03:00:00,0.0
2023-02-19T04:00:00,0.0
2023-02-19T05:00:00,0.0
2023-02-19T06:00:00,93.3
2023-02-19T07:00:00,278.48
2023-02-19T08:00:00,477.52
2023-02-19T09:00:00,660.8
2023-02-19T10:00:00,763.67
2023-02-19T11:00:00,827.33
2023-02-19T12:00:00,809.1
2023-02-19T13:00:00,783.05
2023-02-19T14:00:00,637.62
2023-02-19T15:00:00,385.2
2023-02-19T16:00:00,210.55
2023-02-19T17:00:00,70.5
2023-02-19T18:00:00,0.0
2023-02-19T19:00:00,0.0
2023-02-19T20:00:00,0.0
2023-02-19T21:00:00,0.0
2023-02-19T22:00:00,0.0
2023-02-19T23:00:00,0.0
2023-02-20T00:00:00,0.0
2023-02-20T01:00:00,0.0
2023-02-20T02:00:00,0.0
2023-02-20T03:00:00,0.0
2023-02-20T04:00:00,0.0
2023-02-20T05:00:00,0.0
2023-02-20T06:00:00,76.9
2023-02-20T07:00:00,207.0
2023-02-20T08:00:00,384.67
2023-02-20T09:00:00,502.2
2023-02-20T10:00:00,630.75
2023-02-20T11:00:00,775.45
2023-02-20T12:00:00,772.05
2023-02-20T13:00:00,503.1
2023-02-20T14:00:00,502.65
2023-02-20T15:00:00,341.8
2023-02-20T16:00:00,175.4
2023-02-20T17:00:00,70.07
2023-02-20T18:00:00,0.0
2023-02-20T19:00:00,0.0
2023-02-20T20:00:00,0.0
2023-02-20T21:00:00,0.0
2023-02-20T22:00:00,0.0
2023-02-20T23:00:00,0.0
2023-02-21T00:00:00,0.0
2023-02-21T01:00:00,0.0
2023-02-21T02:00:00,0.0
2023-02-21T03:00:00,0.0
2023-02-21T04:00:00,0.0
2023-02-21T05:00:00,0.0
2023-02-21T06:00:00,57.4
2023-02-21T07:00:00,147.12
2023-02-21T08:00:00,103.05
2023-02-21T09:00:00,276.42
2023-02-21T10:00:00,277.08
2023-02-21T11:00:00,459.23
2023-02-21T12:00:00,591.83
2023-02-21T13:00:00,601.65
2023-02-21T14:00:00,500.65
2023-02-21T15:00:00,404.4
2023-02-21T16:00:00,230.02
2023-02-21T17:00:00,75.1
2023-02-21T18:00:00,0.0
2023-02-21T19:00:00,0.0
2023-02-21T20:00:00,0.0
2023-02-21T21:00:00,0.0
2023-02-21T22:00:00,0.0
2023-02-21T23:00:00,0.0
2023-02-22T00:00:00,0.0
2023-02-22T01:00:00,0.0
2023-02-22T02:00:00,0.0
2023-02-22T03:00:00,0.0
2023-02-22T04:00:00,0.0
2023-02-22T05:00:00,0.0
2023-02-22T06:00:00,77.85
2023-02-22T07:00:00,253.98
2023-02-22T08:00:00,467.48
2023-02-22T09:00:00,632.53
2023-02-22T10:00:00,737.65
2023-02-22T11:00:00,874.5
2023-02-22T12:00:00,900.53
2023-02-22T13:00:00,819.42
2023-02-22T14:00:00,626.28
2023-02-22T15:00:00,504.42
2023-02-22T16:00:00,289.23
2023-02-22T17:00:00,89.4
2023-02-22T18:00:00,0.0
2023-02-22T19:00:00,0.0
2023-02-22T20:00:00,0.0
2023-02-22T21:00:00,0.0
2023-02-22T22:00:00,0.0
2023-02-22T23:00:00,0.0
2023-02-23T00:00:00,0.0
2023-02-23T01:00:00,0.0
2023-02-23T02:00:00,0.0
2023-02-23T03:00:00,0.0
2023-02-23T04:00:00,0.0
2023-02-23T05:00:00,0.0
2023-02-23T06:00:00,115.3
2023-02-23T07:00:00,344.83
2023-02-23T08:00:00,588.75
2023-02-23T09:00:00,770.4
2023-02-23T10:00:00,869.83
2023-02-23T11:00:00,879.85
2023-02-23T12:00:00,860.17
2023-02-23T13:00:00,674.47
2023-02-23T14:00:00,489.2
2023-02-23T15:00:00,380.7
2023-02-23T16:00:00,230.62
2023-02-23T17:00:00,73.5
2023-02-23T18:00:00,0.0
2023-02-23T19:00:00,0.0
2023-02-23T20:00:00,0.0
2023-02-23T21:00:00,0.0
2023-02-23T22:00:00,0.0
2023-02-23T23:00:00,0.0
2023-02-24T00:00:00,0.0
2023-02-24T01:00:00,0.0
2023-02-24T02:00:00,0.0
2023-02-24T03:00:00,0.0
2023-02-24T04:00:00,0.0
2023-02-24T05:00:00,0.0
2023-02-24T06:00:00,103.07
2023-02-24T07:00:00,326.02
2023-02-24T08:00:00,554.45
2023-02-24T09:00:00,720.62
2023-02-24T10:00:00,896.78
2023-02-24T11:00:00,991.25
2023-02-24T12:00:00,987.58
2023-02-24T13:00:00,868.35
2023-02-24T14:00:00,738.03
2023-02-24T15:00:00,508.12
2023-02-24T16:00:00,279.58
2023-02-24T17:00:00,91.22
2023-02-24T18:00:00,0.0
2023-02-24T19:00:00,0.0
2023-02-24T20:00:00,0.0
2023-02-24T21:00:00,0.0
2023-02-24T22:00:00,0.0
2023-02-24T23:00:00,0.0
2023-02-25T00:00:00,0.0
2023-02-25T01:00:00,0.0
2023-02-25T02:00:00,0.0
2023-02-25T03:00:00,0.0
2023-02-25T04:00:00,0.0
2023-02-25T05:00:00,0.0
2023-02-25T06:00:00,120.32
2023-02-25T07:00:00,358.08
2023-02-25T08:00:00,597.4
2023-02-25T09:00:00,781.9
2023-02-25T10:00:00,914.15
2023-02-25T11:00:00,956.03
2023-02-25T12:00:00,954.9
2023-02-25T13:00:00,797.3
2023-02-25T14:00:00,639.35
2023-02-25T15:00:00,463.98
2023-02-25T16:00:00,262.58
2023-02-25T17:00:00,80.9
2023-02-25T18:00:00,0.0
2023-02-25T19:00:00,0.0
2023-02-25T20:00:00,0.0
2023-02-25T21:00:00,0.0
2023-02-25T22:00:00,0.0
2023-02-25T23:00:00,0.0
2023-02-26T00:00:00,0.0
2023-02-26T01:00:00,0.0
2023-02-26T02:00:00,0.0
2023-02-26T03:00:00,0.0
2023-02-26T04:00:00,0.0
2023-02-26T05:00:00,0.0
2023-02-26T06:00:00,113.93
2023-02-26T07:00:00,338.2
2023-02-26T08:00:00,573.55
2023-02-26T09:00:00,763.55
2023-02-26T10:00:00,902.6
2023-02-26T11:00:00,977.8
2023-02-26T12:00:00,974.9
2023-02-26T13:00:00,848.9
2023-02-26T14:00:00,708.65
2023-02-26T15:00:00,452.4
2023-02-26T16:00:00,275.38
2023-02-26T17:00:00,84.55
2023-02-26T18:00:00,0.0
2023-02-26T19:00:00,0.0
2023-02-26T20:00:00,0.0
2023-02-26T21:00:00,0.0
2023-02-26T22:00:00,0.0
2023-02-26T23:00:00,0.0
2023-02-27T00:00:00,0.0
2023-02-27T01:00:00,0.0
2023-02-27T02:00:00,0.0
2023-02-27T03:00:00,0.0
2023-02-27T04:00:00,0.0
2023-02-27T05:00:00,0.0
2023-02-27T06:00:00,73.85
2023-02-27T07:00:00,245.25
2023-02-27T08:00:00,434.23
2023-02-27T09:00:00,532.95
2023-02-27T10:00:00,669.3
2023-02-27T11:00:00,775.15
2023-02-27T12:00:00,785.35
2023-02-27T13:00:00,759.55
2023-02-27T14:00:00,579.58
2023-02-27T15:00:00,374.88
2023-02-27T16:00:00,199.3
2023-02-27T17:00:00,54.42
2023-02-27T18:00:00,0.0
2023-02-27T19:00:00,0.0
2023-02-27T20:00:00,0.0
2023-02-27T21:00:00,0.0
2023-02-27T22:00:00,0.0
2023-02-27T23:00:00,0.0
2023-02-28T00:00:00,0.0
2023-02-28T01:00:00,0.0
2023-02-28T02:00:00,0.0
2023-02-28T03:00:00,0.0
2023-02-28T04:00:00,0.0
2023-02-28T05:00:00,0.0
2023-02-28T06:00:00,63.6
2023-02-28T07:00:00,198.62
2023-02-28T08:00:00,357.7
2023-02-28T09:00:00,544.12
2023-02-28T10:00:00,670.8
2023-02-28T11:00:00,677.38
2023-02-28T12:00:00,691.28
2023-02-28T13:00:00,671.08
2023-02-28T14:00:00,443.2
2023-02-28T15:00:00,257.83
2023-02-28T16:00:00,130.27
2023-02-28T17:00:00,37.38
2023-02-28T18:00:00,0.0
2023-02-28T19:00:00,0.0
2023-02-28T20:00:00,0.0
2023-02-28T21:00:00,0.0
2023-02-28T22:00:00,0.0
2023-02-28T23:00:00,0.0
2023-03-01T00:00:00,0.0
2023-03-01T01:00:00,0.0
2023-03-01T02:00:00,0.0
2023-03-01T03:00:00,0.0
2023-03-01T04:00:00,0.0
2023-03-01T05:00:00,0.0
2023-03-01T06:00:00,27.8
2023-03-01T07:00:00,135.07
2023-03-01T08:00:00,29.7
2023-03-01T09:00:00,49.35
2023-03-01T10:00:00,81.28
2023-03-01T11:00:00,123.05
2023-03-01T12:00:00,108.93
2023-03-01T13:00:00,187.18
2023-03-01T14:00:00,285.38
2023-03-01T15:00:00,240.82
2023-03-01T16:00:00,127.9
2023-03-01T17:00:00,33.67
2023-03-01T18:00:00,0.0
2023-03-01T19:00:00,0.0
2023-03-01T20:00:00,0.0
2023-03-01T21:00:00,0.0
2023-03-01T22:00:00,0.0
2023-03-01T23:00:00,0.0
2023-03-02T00:00:00,0.0
2023-03-02T01:00:00,0.0
2023-03-02T02:00:00,0.0
2023-03-02T03:00:00,0.0
2023-03-02T04:00:00,0.0
2023-03-02T05:00:00,0.0
2023-03-02T06:00:00,34.25
2023-03-02T07:00:00,93.38
2023-03-02T08:00:00,144.02
2023-03-02T09:00:00,232.32
2023-03-02T10:00:00,275.58
2023-03-02T11:00:00,332.05
2023-03-02T12:00:00,434.25
2023-03-02T13:00:00,322.23
2023-03-02T14:00:00,248.77
2023-03-02T15:00:00,153.48
2023-03-02T16:00:00,99.85
2023-03-02T17:00:00,29.15
2023-03-02T18:00:00,0.0
2023-03-02T19:00:00,0.0
2023-03-02T20:00:00,0.0
2023-03-02T21:00:00,0.0
2023-03-02T22:00:00,0.0
2023-03-02T23:00:00,0.0
2023-03-03T00:00:00,0.0
2023-03-03T01:00:00,0.0
2023-03-03T02:00:00,0.0
2023-03-03T03:00:00,0.0
2023-03-03T04:00:00,0.0
2023-03-03T05:00:00,0.0
2023-03-03T06:00:00,34.5
2023-03-03T07:00:00,67.88
2023-03-03T08:00:00,146.73
2023-03-03T09:00:00,158.25
2023-03-03T10:00:00,219.6
2023-03-03T11:00:00,137.85
2023-03-03T12:00:00,190.75
2023-03-03T13:00:00,227.77
2023-03-03T14:00:00,99.5
2023-03-03T15:00:00,68.95
2023-03-03T16:00:00,38.97
2023-03-03T17:00:00,10.9
2023-03-03T18:00:00,0.0
2023-03-03T19:00:00,0.0
2023-03-03T20:00:00,0.0
2023-03-03T21:00:00,0.0
2023-03-03T22:00:00,0.0
2023-03-03T23:00:00,0.0
2023-03-04T00:00:00,0.0
2023-03-04T01:00:00,0.0
2023-03-04T02:00:00,0.0
2023-03-04T03:00:00,0.0
2023-03-04T04:00:00,0.0
2023-03-04T05:00:00,0.0
2023-03-04T06:00:00,44.4
2023-03-04T07:00:00,132.18
2023-03-04T08:00:00,244.65
2023-03-04T09:00:00,417.85
2023-03-04T10:00:00,530.55
2023-03-04T11:00:00,654.55
2023-03-04T12:00:00,651.35
2023-03-04T13:00:00,696.58
2023-03-04T14:00:00,610.97
2023-03-04T15:00:00,435.98
2023-03-04T16:00:00,233.68
2023-03-04T17:00:00,62.2
2023-03-04T18:00:00,0.0
2023-03-04T19:00:00,0.0
2023-03-04T20:00:00,0.0
2023-03-04T21:00:00,0.0
2023-03-04T22:00:00,0.0
2023-03-04T23:00:00,0.0
2023-03-05T00:00:00,0.0
2023-03-05T01:00:00,0.0
2023-03-05T02:00:00,0.0
2023-03-05T03:00:00,0.0
2023-03-05T04:00:00,0.0
2023-03-05T05:00:00,0.0
2023-03-05T06:00:00,96.68
2023-03-05T07:00:00,311.65
2023-03-05T08:00:00,538.85
2023-03-05T09:00:00,761.92
2023-03-05T10:00:00,903.28
2023-03-05T11:00:00,954.78
2023-03-05T12:00:00,927.88
2023-03-05T13:00:00,869.92
2023-03-05T14:00:00,715.25
2023-03-05T15:00:00,516.72
2023-03-05T16:00:00,282.5
2023-03-05T17:00:00,73.6
2023-03-05T18:00:00,0.0
2023-03-05T19:00:00,0.0
2023-03-05T20:00:00,0.0
2023-03-05T21:00:00,0.0
2023-03-05T22:00:00,0.0
2023-03-05T23:00:00,0.0
2023-03-06T00:00:00,0.0
2023-03-06T01:00:00,0.0
2023-03-06T02:00:00,0.0
2023-03-06T03:00:00,0.0
2023-03-06T04:00:00,0.0
2023-03-06T05:00:00,0.0
2023-03-06T06:00:00,101.38
2023-03-06T07:00:00,325.1
2023-03-06T08:00:00,574.75
2023-03-06T09:00:00,764.67
2023-03-06T10:00:00,919.8
2023-03-06T11:00:00,983.12
2023-03-06T12:00:00,959.12
2023-03-06T13:00:00,818.38
2023-03-06T14:00:00,555.55
2023-03-06T15:00:00,419.35
2023-03-06T16:00:00,216.4
2023-03-06T17:00:00,54.1
2023-03-06T18:00:00,0.0
2023-03-06T19:00:00,0.0
2023-03-06T20:00:00,0.0
2023-03-06T21:00:00,0.0
2023-03-06T22:00:00,0.0
2023-03-06T23:00:00,0.0
2023-03-07T00:00:00,0.0
2023-03-07T01:00:00,0.0
2023-03-07T02:00:00,0.0
2023-03-07T03:00:00,0.0
2023-03-07T04:00:00,0.0
2023-03-07T05:00:00,0.0
2023-03-07T06:00:00,91.1
2023-03-07T07:00:00,268.38
2023-03-07T08:00:00,441.23
2023-03-07T09:00:00,687.75
2023-03-07T10:00:00,824.58
2023-03-07T11:00:00,827.2
2023-03-07T12:00:00,839.45
2023-03-07T13:00:00,789.97
2023-03-07T14:00:00,605.08
2023-03-07T15:00:00,354.88
2023-03-07T16:00:00,170.18
2023-03-07T17:00:00,32.88
2023-03-07T18:00:00,0.0
2023-03-07T19:00:00,0.0
2023-03-07T20:00:00,0.0
2023-03-07T21:00:00,0.0
2023-03-07T22:00:00,0.0
2023-03-07T23:00:00,0.0
2023-03-08T00:00:00,0.0
2023-03-08T01:00:00,0.0
2023-03-08T02:00:00,0.0
2023-03-08T03:00:00,0.0
2023-03-08T04:00:00,0.0
2023-03-08T05:00:00,0.0
2023-03-08T06:00:00,82.75
2023-03-08T07:00:00,286.75
2023-03-08T08:00:00,513.0
2023-03-08T09:00:00,688.55
2023-03-08T10:00:00,748.67
2023-03-08T11:00:00,864.78
2023-03-08T12:00:00,879.2
2023-03-08T13:00:00,715.92
2023-03-08T14:00:00,635.55
2023-03-08T15:00:00,441.0
2023-03-08T16:00:00,227.18
2023-03-08T17:00:00,56.62
2023-03-08T18:00:00,0.0
2023-03-08T19:00:00,0.0
2023-03-08T20:00:00,0.0
2023-03-08T21:00:00,0.0
2023-03-08T22:00:00,0.0
2023-03-08T23:00:00,0.0
2023-03-09T00:00:00,0.0
2023-03-09T01:00:00,0.0
2023-03-09T02:00:00,0.0
2023-03-09T03:00:00,0.0
2023-03-09T04:00:00,0.0
2023-03-09T05:00:00,0.0
2023-03-09T06:00:00,103.05
2023-03-09T07:00:00,330.85
2023-03-09T08:00:00,568.88
2023-03-09T09:00:00,764.67
2023-03-09T10:00:00,874.88
2023-03-09T11:00:00,938.5
2023-03-09T12:00:00,918.78
2023-03-09T13:00:00,853.03
2023-03-09T14:00:00,696.0
2023-03-09T15:00:00,521.95
2023-03-09T16:00:00,294.45
2023-03-09T17:00:00,78.1
2023-03-09T18:00:00,0.0
2023-03-09T19:00:00,0.0
2023-03-09T20:00:00,0.0
2023-03-09T21:00:00,0.0
2023-03-09T22:00:00,0.0
2023-03-09T23:00:00,0.0
2023-03-10T00:00:00,0.0
2023-03-10T01:00:00,0.0
2023-03-10T02:00:00,0.0
2023-03-10T03:00:00,0.0
2023-03-10T04:00:00,0.0
2023-03-10T05:00:00,0.0
2023-03-10T06:00:00,108.9
2023-03-10T07:00:00,351.27
2023-03-10T08:00:00,594.8
2023-03-10T09:00:00,793.03
2023-03-10T10:00:00,935.55
2023-03-10T11:00:00,1007.22
2023-03-10T12:00:00,985.03
2023-03-10T13:00:00,908.75
2023-03-10T14:00:00,750.97
2023-03-10T15:00:00,544.7
2023-03-10T16:00:00,281.83
2023-03-10T17:00:00,74.03
2023-03-10T18:00:00,0.0
2023-03-10T19:00:00,0.0
2023-03-10T20:00:00,0.0
2023-03-10T21:00:00,0.0
2023-03-10T22:00:00,0.0
2023-03-10T23:00:00,0.0
2023-03-11T00:00:00,0.0
2023-03-11T01:00:00,0.0
2023-03-11T02:00:00,0.0
2023-03-11T03:00:00,0.0
2023-03-11T04:00:00,0.0
2023-03-11T05:00:00,0.0
2023-03-11T06:00:00,90.35
2023-03-11T07:00:00,274.35
2023-03-11T08:00:00,543.92
2023-03-11T09:00:00,721.25
2023-03-11T10:00:00,870.05
2023-03-11T11:00:00,880.8
2023-03-11T12:00:00,805.28
2023-03-11T13:00:00,745.35
2023-03-11T14:00:00,553.33
2023-03-11T15:00:00,367.67
2023-03-11T16:00:00,188.45
2023-03-11T17:00:00,50.22
2023-03-11T18:00:00,0.0
2023-03-11T19:00:00,0.0
2023-03-11T20:00:00,0.0
2023-03-11T21:00:00,0.0
2023-03-11T22:00:00,0.0
2023-03-11T23:00:00,0.0
2023-03-12T00:00:00,0.0
2023-03-12T01:00:00,0.0
2023-03-12T02:00:00,0.0
2023-03-12T03:00:00,0.0
2023-03-12T04:00:00,0.0
2023-03-12T05:00:00,0.0
2023-03-12T06:00:00,102.82
2023-03-12T07:00:00,338.75
2023-03-12T08:00:00,586.7
2023-03-12T09:00:00,794.75
2023-03-12T10:00:00,932.9
2023-03-12T11:00:00,993.88
2023-03-12T12:00:00,970.83
2023-03-12T13:00:00,874.53
2023-03-12T14:00:00,718.78
2023-03-12T15:00:00,518.53
2023-03-12T16:00:00,274.62
2023-03-12T17:00:00,63.15
2023-03-12T18:00:00,0.0
2023-03-12T19:00:00,0.0
2023-03-12T20:00:00,0.0
2023-03-12T21:00:00,0.0
2023-03-12T22:00:00,0.0
2023-03-12T23:00:00,0.0
2023-03-13T00:00:00,0.0
2023-03-13T01:00:00,0.0
2023-03-13T02:00:00,0.0
2023-03-13T03:00:00,0.0
2023-03-13T04:00:00,0.0
2023-03-13T05:00:00,0.0
2023-03-13T06:00:00,71.8
2023-03-13T07:00:00,241.45
2023-03-13T08:00:00,443.95
2023-03-13T09:00:00,515.6
2023-03-13T10:00:00,656.17
2023-03-13T11:00:00,648.38
2023-03-13T12:00:00,844.8
2023-03-13T13:00:00,723.62
2023-03-13T14:00:00,566.25
2023-03-13T15:00:00,403.02
2023-03-13T16:00:00,214.9
2023-03-13T17:00:00,51.28
2023-03-13T18:00:00,0.0
2023-03-13T19:00:00,0.0
2023-03-13T20:00:00,0.0
2023-03-13T21:00:00,0.0
2023-03-13T22:00:00,0.0
2023-03-13T23:00:00,0.0
2023-03-14T00:00:00,0.0
2023-03-14T01:00:00,0.0
2023-03-14T02:00:00,0.0
2023-03-14T03:00:00,0.0
2023-03-14T04:00:00,0.0
2023-03-14T05:00:00,0.0
2023-03-14T06:00:00,73.15
2023-03-14T07:00:00,236.23
2023-03-14T08:00:00,426.12
2023-03-14T09:00:00,683.83
2023-03-14T10:00:00,812.55
2023-03-14T11:00:00,807.72
2023-03-14T12:00:00,781.1
2023-03-14T13:00:00,613.6
2023-03-14T14:00:00,420.4
2023-03-14T15:00:00,295.02
2023-03-14T16:00:00,150.5
2023-03-14T17:00:00,29.75
2023-03-14T18:00:00,0.0
2023-03-14T19:00:00,0.0
2023-03-14T20:00:00,0.0
2023-03-14T21:00:00,0.0
2023-03-14T22:00:00,0.0
2023-03-14T23:00:00,0.0
2023-03-15T00:00:00,0.0
2023-03-15T01:00:00,0.0
2023-03-15T02:00:00,0.0
2023-03-15T03:00:00,0.0
2023-03-15T04:00:00,0.0
2023-03-15T05:00:00,0.0
2023-03-15T06:00:00,91.25
2023-03-15T07:00:00,304.8
2023-03-15T08:00:00,523.4
2023-03-15T09:00:00,654.83
2023-03-15T10:00:00,857.35
2023-03-15T11:00:00,944.55
2023-03-15T12:00:00,916.25
2023-03-15T13:00:00,806.75
2023-03-15T14:00:00,677.55
2023-03-15T15:00:00,447.83
2023-03-15T16:00:00,210.55
2023-03-15T17:00:00,41.28
2023-03-15T18:00:00,0.0
2023-03-15T19:00:00,0.0
2023-03-15T20:00:00,0.0
2023-03-15T21:00:00,0.0
2023-03-15T22:00:00,0.0
2023-03-15T23:00:00,0.0
2023-03-16T00:00:00,0.0
2023-03-16T01:00:00,0.0
2023-03-16T02:00:00,0.0
2023-03-16T03:00:00,0.0
2023-03-16T04:00:00,0.0
2023-03-16T05:00:00,0.0
2023-03-16T06:00:00,66.4
2023-03-16T07:00:00,218.95
2023-03-16T08:00:00,411.3
2023-03-16T09:00:00,608.2
2023-03-16T10:00:00,754.62
2023-03-16T11:00:00,874.6
2023-03-16T12:00:00,868.1
2023-03-16T13:00:00,747.78
2023-03-16T14:00:00,550.5
2023-03-16T15:00:00,374.73
2023-03-16T16:00:00,188.57
2023-03-16T17:00:00,38.45
2023-03-16T18:00:00,0.0
2023-03-16T19:00:00,0.0
2023-03-16T20:00:00,0.0
2023-03-16T21:00:00,0.0
2023-03-16T22:00:00,0.0
2023-03-16T23:00:00,0.0
2023-03-17T00:00:00,0.0
2023-03-17T01:00:00,0.0
2023-03-17T02:00:00,0.0
2023-03-17T03:00:00,0.0
2023-03-17T04:00:00,0.0
2023-03-17T05:00:00,0.0
2023-03-17T06:00:00,84.1
2023-03-17T07:00:00,302.55
2023-03-17T08:00:00,537.7
2023-03-17T09:00:00,714.97
2023-03-17T10:00:00,801.67
2023-03-17T11:00:00,828.47
2023-03-17T12:00:00,852.0
2023-03-17T13:00:00,702.0
2023-03-17T14:00:00,651.83
2023-03-17T15:00:00,416.62
2023-03-17T16:00:00,210.32
2023-03-17T17:00:00,43.85
2023-03-17T18:00:00,0.0
2023-03-17T19:00:00,0.0
2023-03-17T20:00:00,0.0
2023-03-17T21:00:00,0.0
2023-03-17T22:00:00,0.0
2023-03-17T23:00:00,0.0
2023-03-18T00:00:00,0.0
2023-03-18T01:00:00,0.0
2023-03-18T02:00:00,0.0
2023-03-18T03:00:00,0.0
2023-03-18T04:00:00,0.0
2023-03-18T05:00:00,0.0
2023-03-18T06:00:00,68.95
2023-03-18T07:00:00,237.73
2023-03-18T08:00:00,434.9
2023-03-18T09:00:00,662.55
2023-03-18T10:00:00,857.12
2023-03-18T11:00:00,879.8
2023-03-18T12:00:00,848.92
2023-03-18T13:00:00,765.83
2023-03-18T14:00:00,627.45
2023-03-18T15:00:00,455.08
2023-03-18T16:00:00,227.43
2023-03-18T17:00:00,44.2
2023-03-18T18:00:00,0.0
2023-03-18T19:00:00,0.0
2023-03-18T20:00:00,0.0
2023-03-18T21:00:00,0.0
2023-03-18T22:00:00,0.0
2023-03-18T23:00:00,0.0
2023-03-19T00:00:00,0.0
2023-03-19T01:00:00,0.0
2023-03-19T02:00:00,0.0
2023-03-19T03:00:00,0.0
2023-03-19T04:00:00,0.0
2023-03-19T05:00:00,0.0
2023-03-19T06:00:00,43.83
2023-03-19T07:00:00,165.98
2023-03-19T08:00:00,334.15
2023-03-19T09:00:00,423.52
2023-03-19T10:00:00,467.6
2023-03-19T11:00:00,579.17
2023-03-19T12:00:00,632.88
2023-03-19T13:00:00,622.62
2023-03-19T14:00:00,463.45
2023-03-19T15:00:00,248.52
2023-03-19T16:00:00,115.82
2023-03-19T17:00:00,15.75
2023-03-19T18:00:00,0.0
2023-03-19T19:00:00,0.0
2023-03-19T20:00:00,0.0
2023-03-19T21:00:00,0.0
2023-03-19T22:00:00,0.0
2023-03-19T23:00:00,0.0
2023-03-20T00:00:00,0.0
2023-03-20T01:00:00,0.0
2023-03-20T02:00:00,0.0
2023-03-20T03:00:00,0.0
2023-03-20T04:00:00,0.0
2023-03-20T05:00:00,0.0
2023-03-20T06:00:00,61.97
2023-03-20T07:00:00,186.23
2023-03-20T08:00:00,348.52
2023-03-20T09:00:00,548.25
2023-03-20T10:00:00,677.33
2023-03-20T11:00:00,731.53
2023-03-20T12:00:00,706.05
2023-03-20T13:00:00,635.58
2023-03-20T14:00:00,494.9
2023-03-20T15:00:00,329.0
2023-03-20T16:00:00,161.45
2023-03-20T17:00:00,32.0
2023-03-20T18:00:00,0.0
2023-03-20T19:00:00,0.0
2023-03-20T20:00:00,0.0
2023-03-20T21:00:00,0.0
2023-03-20T22:00:00,0.0
2023-03-20T23:00:00,0.0
2023-03-21T00:00:00,0.0
2023-03-21T01:00:00,0.0
2023-03-21T02:00:00,0.0
2023-03-21T03:00:00,0.0
2023-03-21T04:00:00,0.0
2023-03-21T05:00:00,0.0
2023-03-21T06:00:00,55.6
2023-03-21T07:00:00,190.1
2023-03-21T08:00:00,370.08
2023-03-21T09:00:00,532.75
2023-03-21T10:00:00,609.3
2023-03-21T11:00:00,593.2
2023-03-21T12:00:00,511.08
2023-03-21T13:00:00,452.55
2023-03-21T14:00:00,222.02
2023-03-21T15:00:00,137.9
2023-03-21T16:00:00,85.32
2023-03-21T17:00:00,12.5
2023-03-21T18:00:00,0.0
2023-03-21T19:00:00,0.0
2023-03-21T20:00:00,0.0
2023-03-21T21:00:00,0.0
2023-03-21T22:00:00,0.0
2023-03-21T23:00:00,0.0
2023-03-22T00:00:00,0.0
2023-03-22T01:00:00,0.0
2023-03-22T02:00:00,0.0
2023-03-22T03:00:00,0.0
2023-03-22T04:00:00,0.0
2023-03-22T05:00:00,0.0
2023-03-22T06:00:00,22.58
2023-03-22T07:00:00,66.93
2023-03-22T08:00:00,150.73
2023-03-22T09:00:00,250.32
2023-03-22T10:00:00,511.52
2023-03-22T11:00:00,587.78
2023-03-22T12:00:00,508.55
2023-03-22T13:00:00,406.75
2023-03-22T14:00:00,329.75
2023-03-22T15:00:00,213.15
2023-03-22T16:00:00,107.4
2023-03-22T17:00:00,22.23
2023-03-22T18:00:00,0.0
2023-03-22T19:00:00,0.0
2023-03-22T20:00:00,0.0
2023-03-22T21:00:00,0.0
2023-03-22T22:00:00,0.0
2023-03-22T23:00:00,0.0
2023-03-23T00:00:00,0.0
2023-03-23T01:00:00,0.0
2023-03-23T02:00:00,0.0
2023-03-23T03:00:00,0.0
2023-03-23T04:00:00,0.0
2023-03-23T05:00:00,0.0
2023-03-23T06:00:00,41.17
2023-03-23T07:00:00,139.35
2023-03-23T08:00:00,269.48
2023-03-23T09:00:00,386.58
2023-03-23T10:00:00,423.88
2023-03-23T11:00:00,375.88
2023-03-23T12:00:00,280.0
2023-03-23T13:00:00,146.07
2023-03-23T14:00:00,101.38
2023-03-23T15:00:00,61.1
2023-03-23T16:00:00,29.35
2023-03-23T17:00:00,10.12
2023-03-23T18:00:00,0.0
2023-03-23T19:00:00,0.0
2023-03-23T20:00:00,0.0
2023-03-23T21:00:00,0.0
2023-03-23T22:00:00,0.0
2023-03-23T23:00:00,0.0
2023-03-24T00:00:00,0.0
2023-03-24T01:00:00,0.0
2023-03-24T02:00:00,0.0
2023-03-24T03:00:00,0.0
2023-03-24T04:00:00,0.0
2023-03-24T05:00:00,0.0
2023-03-24T06:00:00,15.93
2023-03-24T07:00:00,59.35
2023-03-24T08:00:00,113.15
2023-03-24T09:00:00,195.8
2023-03-24T10:00:00,215.77
2023-03-24T11:00:00,210.52
2023-03-24T12:00:00,230.4
2023-03-24T13:00:00,128.27
2023-03-24T14:00:00,216.7
2023-03-24T15:00:00,142.95
2023-03-24T16:00:00,80.4
2023-03-24T17:00:00,15.8
2023-03-24T18:00:00,0.0
2023-03-24T19:00:00,0.0
2023-03-24T20:00:00,0.0
2023-03-24T21:00:00,0.0
2023-03-24T22:00:00,0.0
2023-03-24T23:00:00,0.0
2023-03-25T00:00:00,0.0
2023-03-25T01:00:00,0.0
2023-03-25T02:00:00,0.0
2023-03-25T03:00:00,0.0
2023-03-25T04:00:00,0.0
2023-03-25T05:00:00,0.0
2023-03-25T06:00:00,60.95
2023-03-25T07:00:00,203.6
2023-03-25T08:00:00,403.75
2023-03-25T09:00:00,492.33
2023-03-25T10:00:00,600.38
2023-03-25T11:00:00,744.8
2023-03-25T12:00:00,811.85
2023-03-25T13:00:00,762.0
2023-03-25T14:00:00,461.52
2023-03-25T15:00:00,352.23
2023-03-25T16:00:00,166.18
2023-03-25T17:00:00,27.55
2023-03-25T18:00:00,0.0
2023-03-25T19:00:00,0.0
2023-03-25T20:00:00,0.0
2023-03-25T21:00:00,0.0
2023-03-25T22:00:00,0.0
2023-03-25T23:00:00,0.0
2023-03-26T00:00:00,0.0
2023-03-26T01:00:00,0.0
2023-03-26T02:00:00,0.0
2023-03-26T03:00:00,0.0
2023-03-26T04:00:00,0.0
2023-03-26T05:00:00,0.0
2023-03-26T06:00:00,85.68
2023-03-26T07:00:00,314.27
2023-03-26T08:00:00,549.55
2023-03-26T09:00:00,738.9
2023-03-26T10:00:00,863.62
2023-03-26T11:00:00,920.95
2023-03-26T12:00:00,903.45
2023-03-26T13:00:00,816.53
2023-03-26T14:00:00,688.8
2023-03-26T15:00:00,465.9
2023-03-26T16:00:00,233.43
2023-03-26T17:00:00,35.8
2023-03-26T18:00:00,0.0
2023-03-26T19:00:00,0.0
2023-03-26T20:00:00,0.0
2023-03-26T21:00:00,0.0
2023-03-26T22:00:00,0.0
2023-03-26T23:00:00,0.0
2023-03-27T00:00:00,0.0
2023-03-27T01:00:00,0.0
2023-03-27T02:00:00,0.0
2023-03-27T03:00:00,0.0
2023-03-27T04:00:00,0.0
2023-03-27T05:00:00,0.0
2023-03-27T06:00:00,71.18
2023-03-27T07:00:00,249.9
2023-03-27T08:00:00,460.45
2023-03-27T09:00:00,706.12
2023-03-27T10:00:00,839.22
2023-03-27T11:00:00,920.3
2023-03-27T12:00:00,914.25
2023-03-27T13:00:00,800.12
2023-03-27T14:00:00,647.25
2023-03-27T15:00:00,451.38
2023-03-27T16:00:00,225.07
2023-03-27T17:00:00,38.22
2023-03-27T18:00:00,0.0
2023-03-27T19:00:00,0.0
2023-03-27T20:00:00,0.0
2023-03-27T21:00:00,0.0
2023-03-27T22:00:00,0.0
2023-03-27T23:00:00,0.0
2023-03-28T00:00:00,0.0
2023-03-28T01:00:00,0.0
2023-03-28T02:00:00,0.0
2023-03-28T03:00:00,0.0
2023-03-28T04:00:00,0.0
2023-03-28T05:00:00,0.0
2023-03-28T06:00:00,93.5
2023-03-28T07:00:00,326.58
2023-03-28T08:00:00,569.03
2023-03-28T09:00:00,759.6
2023-03-28T10:00:00,891.4
2023-03-28T11:00:00,954.53
2023-03-28T12:00:00,929.0
2023-03-28T13:00:00,820.8
2023-03-28T14:00:00,673.5
2023-03-28T15:00:00,455.3
2023-03-28T16:00:00,225.4
2023-03-28T17:00:00,37.6
2023-03-28T18:00:00,0.0
2023-03-28T19:00:00,0.0
2023-03-28T20:00:00,0.0
2023-03-28T21:00:00,0.0
2023-03-28T22:00:00,0.0
2023-03-28T23:00:00,0.0
2023-03-29T00:00:00,0.0
2023-03-29T01:00:00,0.0
2023-03-29T02:00:00,0.0
2023-03-29T03:00:00,0.0
2023-03-29T04:00:00,0.0
2023-03-29T05:00:00,0.0
2023-03-29T06:00:00,64.45
2023-03-29T07:00:00,242.25
2023-03-29T08:00:00,451.9
2023-03-29T09:00:00,639.88
2023-03-29T10:00:00,775.17
2023-03-29T11:00:00,808.9
2023-03-29T12:00:00,816.75
2023-03-29T13:00:00,797.03
2023-03-29T14:00:00,587.58
2023-03-29T15:00:00,407.6
2023-03-29T16:00:00,189.3
2023-03-29T17:00:00,27.15
2023-03-29T18:00:00,0.0
2023-03-29T19:00:00,0.0
2023-03-29T20:00:00,0.0
2023-03-29T21:00:00,0.0
2023-03-29T22:00:00,0.0
2023-03-29T23:00:00,0.0
2023-03-30T00:00:00,0.0
2023-03-30T01:00:00,0.0
2023-03-30T02:00:00,0.0
2023-03-30T03:00:00,0.0
2023-03-30T04:00:00,0.0
2023-03-30T05:00:00,0.0
2023-03-30T06:00:00,76.03
2023-03-30T07:00:00,288.65
2023-03-30T08:00:00,511.23
2023-03-30T09:00:00,723.72
2023-03-30T10:00:00,862.75
2023-03-30T11:00:00,878.9
2023-03-30T12:00:00,818.2
2023-03-30T13:00:00,758.95
2023-03-30T14:00:00,586.92
2023-03-30T15:00:00,400.35
2023-03-30T16:00:00,184.6
2023-03-30T17:00:00,25.27
2023-03-30T18:00:00,0.0
2023-03-30T19:00:00,0.0
2023-03-30T20:00:00,0.0
2023-03-30T21:00:00,0.0
2023-03-30T22:00:00,0.0
2023-03-30T23:00:00,0.0
2023-03-31T00:00:00,0.0
2023-03-31T01:00:00,0.0
2023-03-31T02:00:00,0.0
2023-03-31T03:00:00,0.0
2023-03-31T04:00:00,0.0
2023-03-31T05:00:00,0.0
2023-03-31T06:00:00,59.38
2023-03-31T07:00:00,211.52
2023-03-31T08:00:00,380.55
2023-03-31T09:00:00,623.53
2023-03-31T10:00:00,753.85
2023-03-31T11:00:00,787.12
2023-03-31T12:00:00,724.62
2023-03-31T13:00:00,635.28
2023-03-31T14:00:00,472.88
2023-03-31T15:00:00,249.05
2023-03-31T16:00:00,116.3
2023-03-31T17:00:00,12.62
2023-03-31T18:00:00,0.0
2023-03-31T19:00:00,0.0
2023-03-31T20:00:00,0.0
2023-03-31T21:00:00,0.0
2023-03-31T22:00:00,0.0
2023-03-31T23:00:00,0.0
2023-04-01T00:00:00,0.0
2023-04-01T01:00:00,0.0
2023-04-01T02:00:00,0.0
2023-04-01T03:00:00,0.0
2023-04-01T04:00:00,0.0
2023-04-01T05:00:00,0.0
2023-04-01T06:00:00,54.17
2023-04-01T07:00:00,196.65
2023-04-01T08:00:00,375.25
2023-04-01T09:00:00,577.2
2023-04-01T10:00:00,768.97
2023-04-01T11:00:00,817.58
2023-04-01T12:00:00,808.15
2023-04-01T13:00:00,738.6
2023-04-01T14:00:00,598.88
2023-04-01T15:00:00,399.6
2023-04-01T16:00:00,188.18
2023-04-01T17:00:00,27.5
2023-04-01T18:00:00,0.0
2023-04-01T19:00:00,0.0
2023-04-01T20:00:00,0.0
2023-04-01T21:00:00,0.0
2023-04-01T22:00:00,0.0
2023-04-01T23:00:00,0.0
2023-04-02T00:00:00,0.0
2023-04-02T01:00:00,0.0
2023-04-02T02:00:00,0.0
2023-04-02T03:00:00,0.0
2023-04-02T04:00:00,0.0
2023-04-02T05:00:00,0.0
2023-04-02T06:00:00,88.0
2023-04-02T07:00:00,311.45
2023-04-02T08:00:00,538.55
2023-04-02T09:00:00,736.8
2023-04-02T10:00:00,869.22
2023-04-02T11:00:00,908.83
2023-04-02T12:00:00,897.22
2023-04-02T13:00:00,773.35
2023-04-02T14:00:00,571.6
2023-04-02T15:00:00,384.5
2023-04-02T16:00:00,184.27
2023-04-02T17:00:00,28.33
2023-04-02T18:00:00,0.0
2023-04-02T19:00:00,0.0
2023-04-02T20:00:00,0.0
2023-04-02T21:00:00,0.0
2023-04-02T22:00:00,0.0
2023-04-02T23:00:00,0.0
2023-04-03T00:00:00,0.0
2023-04-03T01:00:00,0.0
2023-04-03T02:00:00,0.0
2023-04-03T03:00:00,0.0
2023-04-03T04:00:00,0.0
2023-04-03T05:00:00,0.0
2023-04-03T06:00:00,83.78
2023-04-03T07:00:00,302.0
2023-04-03T08:00:00,538.33
2023-04-03T09:00:00,722.6
2023-04-03T10:00:00,850.88
2023-04-03T11:00:00,906.5
2023-04-03T12:00:00,888.58
2023-04-03T13:00:00,801.53
2023-04-03T14:00:00,643.5
2023-04-03T15:00:00,432.23
2023-04-03T16:00:00,212.25
2023-04-03T17:00:00,29.08
2023-04-03T18:00:00,0.0
2023-04-03T19:00:00,0.0
2023-04-03T20:00:00,0.0
2023-04-03T21:00:00,0.0
2023-04-03T22:00:00,0.0
2023-04-03T23:00:00,0.0
2023-04-04T00:00:00,0.0
2023-04-04T01:00:00,0.0
2023-04-04T02:00:00,0.0
2023-04-04T03:00:00,0.0
2023-04-04T04:00:00,0.0
2023-04-04T05:00:00,0.0
2023-04-04T06:00:00,80.18
2023-04-04T07:00:00,294.35
2023-04-04T08:00:00,515.08
2023-04-04T09:00:00,696.6
2023-04-04T10:00:00,827.85
2023-04-04T11:00:00,848.25
2023-04-04T12:00:00,845.1
2023-04-04T13:00:00,763.33
2023-04-04T14:00:00,639.4
2023-04-04T15:00:00,432.6
2023-04-04T16:00:00,212.07
2023-04-04T17:00:00,27.35
2023-04-04T18:00:00,0.0
2023-04-04T19:00:00,0.0
2023-04-04T20:00:00,0.0
2023-04-04T21:00:00,0.0
2023-04-04T22:00:00,0.0
2023-04-04T23:00:00,0.0
2023-04-05T00:00:00,0.0
2023-04-05T01:00:00,0.0
2023-04-05T02:00:00,0.0
2023-04-05T03:00:00,0.0
2023-04-05T04:00:00,0.0
2023-04-05T05:00:00,0.0
2023-04-05T06:00:00,88.07
2023-04-05T07:00:00,318.52
2023-04-05T08:00:00,549.7
2023-04-05T09:00:00,745.83
2023-04-05T10:00:00,877.3
2023-04-05T11:00:00,935.4
2023-04-05T12:00:00,916.4
2023-04-05T13:00:00,824.25
2023-04-05T14:00:00,667.9
2023-04-05T15:00:00,445.73
2023-04-05T16:00:00,215.65
2023-04-05T17:00:00,27.92
2023-04-05T18:00:00,0.0
2023-04-05T19:00:00,0.0
2023-04-05T20:00:00,0.0
2023-04-05T21:00:00,0.0
2023-04-05T22:00:00,0.0
2023-04-05T23:00:00,0.0
2023-04-06T00:00:00,0.0
2023-04-06T01:00:00,0.0
2023-04-06T02:00:00,0.0
2023-04-06T03:00:00,0.0
2023-04-06T04:00:00,0.0
2023-04-06T05:00:00,0.0
2023-04-06T06:00:00,79.0
2023-04-06T07:00:00,275.9
2023-04-06T08:00:00,483.67
2023-04-06T09:00:00,698.33
2023-04-06T10:00:00,850.97
2023-04-06T11:00:00,896.35
2023-04-06T12:00:00,872.65
2023-04-06T13:00:00,792.15
2023-04-06T14:00:00,648.17
2023-04-06T15:00:00,424.6
2023-04-06T16:00:00,203.82
2023-04-06T17:00:00,24.62
2023-04-06T18:00:00,0.0
2023-04-06T19:00:00,0.0
2023-04-06T20:00:00,0.0
2023-04-06T21:00:00,0.0
2023-04-06T22:00:00,0.0
2023-04-06T23:00:00,0.0
2023-04-07T00:00:00,0.0
2023-04-07T01:00:00,0.0
2023-04-07T02:00:00,0.0
2023-04-07T03:00:00,0.0
2023-04-07T04:00:00,0.0
2023-04-07T05:00:00,0.0
2023-04-07T06:00:00,51.95
2023-04-07T07:00:00,182.35
2023-04-07T08:00:00,343.95
2023-04-07T09:00:00,483.77
2023-04-07T10:00:00,597.25
2023-04-07T11:00:00,572.75
2023-04-07T12:00:00,565.65
2023-04-07T13:00:00,324.42
2023-04-07T14:00:00,369.25
2023-04-07T15:00:00,253.15
2023-04-07T16:00:00,106.78
2023-04-07T17:00:00,13.8
2023-04-07T18:00:00,0.0
2023-04-07T19:00:00,0.0
2023-04-07T20:00:00,0.0
2023-04-07T21:00:00,0.0
2023-04-07T22:00:00,0.0
2023-04-07T23:00:00,0.0
2023-04-08T00:00:00,0.0
2023-04-08T01:00:00,0.0
2023-04-08T02:00:00,0.0
2023-04-08T03:00:00,0.0
2023-04-08T04:00:00,0.0
2023-04-08T05:00:00,0.0
2023-04-08T06:00:00,74.78
2023-04-08T07:00:00,264.05
2023-04-08T08:00:00,448.5
2023-04-08T09:00:00,674.67
2023-04-08T10:00:00,798.6
2023-04-08T11:00:00,830.65
2023-04-08T12:00:00,834.58
2023-04-08T13:00:00,732.15
2023-04-08T14:00:00,584.03
2023-04-08T15:00:00,388.67
2023-04-08T16:00:00,172.65
2023-04-08T17:00:00,19.42
2023-04-08T18:00:00,0.0
2023-04-08T19:00:00,0.0
2023-04-08T20:00:00,0.0
2023-04-08T21:00:00,0.0
2023-04-08T22:00:00,0.0
2023-04-08T23:00:00,0.0
2023-04-09T00:00:00,0.0
2023-04-09T01:00:00,0.0
2023-04-09T02:00:00,0.0
2023-04-09T03:00:00,0.0
2023-04-09T04:00:00,0.0
2023-04-09T05:00:00,0.0
2023-04-09T06:00:00,81.85
2023-04-09T07:00:00,307.8
2023-04-09T08:00:00,535.3
2023-04-09T09:00:00,712.5
2023-04-09T10:00:00,814.83
2023-04-09T11:00:00,858.67
2023-04-09T12:00:00,844.0
2023-04-09T13:00:00,758.65
2023-04-09T14:00:00,570.4
2023-04-09T15:00:00,384.98
2023-04-09T16:00:00,179.45
2023-04-09T17:00:00,21.17
2023-04-09T18:00:00,0.0
2023-04-09T19:00:00,0.0
2023-04-09T20:00:00,0.0
2023-04-09T21:00:00,0.0
2023-04-09T22:00:00,0.0
2023-04-09T23:00:00,0.0
2023-04-10T00:00:00,0.0
2023-04-10T01:00:00,0.0
2023-04-10T02:00:00,0.0
2023-04-10T03:00:00,0.0
2023-04-10T04:00:00,0.0
2023-04-10T05:00:00,0.0
2023-04-10T06:00:00,83.32
2023-04-10T07:00:00,310.75
2023-04-10T08:00:00,536.55
2023-04-10T09:00:00,717.65
2023-04-10T10:00:00,845.35
2023-04-10T11:00:00,894.17
2023-04-10T12:00:00,873.05
2023-04-10T13:00:00,789.75
2023-04-10T14:00:00,600.03
2023-04-10T15:00:00,395.45
2023-04-10T16:00:00,188.2
2023-04-10T17:00:00,20.92
2023-04-10T18:00:00,0.0
2023-04-10T19:00:00,0.0
2023-04-10T20:00:00,0.0
2023-04-10T21:00:00,0.0
2023-04-10T22:00:00,0.0
2023-04-10T23:00:00,0.0
2023-04-11T00:00:00,0.0
2023-04-11T01:00:00,0.0
2023-04-11T02:00:00,0.0
2023-04-11T03:00:00,0.0
2023-04-11T04:00:00,0.0
2023-04-11T05:00:00,0.0
2023-04-11T06:00:00,77.97
2023-04-11T07:00:00,283.45
2023-04-11T08:00:00,500.7
2023-04-11T09:00:00,639.5
2023-04-11T10:00:00,702.4
2023-04-11T11:00:00,737.55
2023-04-11T12:00:00,659.85
2023-04-11T13:00:00,525.35
2023-04-11T14:00:00,429.25
2023-04-11T15:00:00,258.4
2023-04-11T16:00:00,103.25
2023-04-11T17:00:00,10.12
2023-04-11T18:00:00,0.0
2023-04-11T19:00:00,0.0
2023-04-11T20:00:00,0.0
2023-04-11T21:00:00,0.0
2023-04-11T22:00:00,0.0
2023-04-11T23:00:00,0.0
2023-04-12T00:00:00,0.0
2023-04-12T01:00:00,0.0
2023-04-12T02:00:00,0.0
2023-04-12T03:00:00,0.0
2023-04-12T04:00:00,0.0
2023-04-12T05:00:00,0.0
2023-04-12T06:00:00,49.38
2023-04-12T07:00:00,212.4
2023-04-12T08:00:00,412.08
2023-04-12T09:00:00,452.8
2023-04-12T10:00:00,537.28
2023-04-12T11:00:00,809.78
2023-04-12T12:00:00,728.03
2023-04-12T13:00:00,585.55
2023-04-12T14:00:00,420.92
2023-04-12T15:00:00,279.5
2023-04-12T16:00:00,122.3
2023-04-12T17:00:00,15.32
2023-04-12T18:00:00,0.0
2023-04-12T19:00:00,0.0
2023-04-12T20:00:00,0.0
2023-04-12T21:00:00,0.0
2023-04-12T22:00:00,0.0
2023-04-12T23:00:00,0.0
2023-04-13T00:00:00,0.0
2023-04-13T01:00:00,0.0
2023-04-13T02:00:00,0.0
2023-04-13T03:00:00,0.0
2023-04-13T04:00:00,0.0
2023-04-13T05:00:00,0.0
2023-04-13T06:00:00,71.68
2023-04-13T07:00:00,282.27
2023-04-13T08:00:00,506.12
2023-04-13T09:00:00,682.3
2023-04-13T10:00:00,839.8
2023-04-13T11:00:00,881.53
2023-04-13T12:00:00,860.47
2023-04-13T13:00:00,691.67
2023-04-13T14:00:00,596.5
2023-04-13T15:00:00,398.02
2023-04-13T16:00:00,177.23
2023-04-13T17:00:00,15.68
2023-04-13T18:00:00,0.0
2023-04-13T19:00:00,0.0
2023-04-13T20:00:00,0.0
2023-04-13T21:00:00,0.0
2023-04-13T22:00:00,0.0
2023-04-13T23:00:00,0.0
2023-04-14T00:00:00,0.0
2023-04-14T01:00:00,0.0
2023-04-14T02:00:00,0.0
2023-04-14T03:00:00,0.0
2023-04-14T04:00:00,0.0
2023-04-14T05:00:00,0.0
2023-04-14T06:00:00,7.8
2023-04-14T07:00:00,29.02
2023-04-14T08:00:00,52.28
2023-04-14T09:00:00,36.4
2023-04-14T10:00:00,35.53
2023-04-14T11:00:00,39.95
2023-04-14T12:00:00,84.25
2023-04-14T13:00:00,113.35
2023-04-14T14:00:00,115.75
2023-04-14T15:00:00,73.05
2023-04-14T16:00:00,38.25
2023-04-14T17:00:00,5.03
2023-04-14T18:00:00,0.0
2023-04-14T19:00:00,0.0
2023-04-14T20:00:00,0.0
2023-04-14T21:00:00,0.0
2023-04-14T22:00:00,0.0
2023-04-14T23:00:00,0.0
2023-04-15T00:00:00,0.0
2023-04-15T01:00:00,0.0
2023-04-15T02:00:00,0.0
2023-04-15T03:00:00,0.0
2023-04-15T04:00:00,0.0
2023-04-15T05:00:00,0.0
2023-04-15T06:00:00,19.15
2023-04-15T07:00:00,88.97
2023-04-15T08:00:00,167.45
2023-04-15T09:00:00,145.2
2023-04-15T10:00:00,158.7
2023-04-15T11:00:00,176.85
2023-04-15T12:00:00,143.65
2023-04-15T13:00:00,117.5
2023-04-15T14:00:00,84.55
2023-04-15T15:00:00,56.5
2023-04-15T16:00:00,28.6
2023-04-15T17:00:00,3.1
2023-04-15T18:00:00,0.0
2023-04-15T19:00:00,0.0
2023-04-15T20:00:00,0.0
2023-04-15T21:00:00,0.0
2023-04-15T22:00:00,0.0
2023-04-15T23:00:00,0.0
2023-04-16T00:00:00,0.0
2023-04-16T01:00:00,0.0
2023-04-16T02:00:00,0.0
2023-04-16T03:00:00,0.0
2023-04-16T04:00:00,0.0
2023-04-16T05:00:00,0.0
2023-04-16T06:00:00,22.23
2023-04-16T07:00:00,95.0
2023-04-16T08:00:00,204.73
2023-04-16T09:00:00,381.95
2023-04-16T10:00:00,462.98
2023-04-16T11:00:00,202.75
2023-04-16T12:00:00,233.65
2023-04-16T13:00:00,387.67
2023-04-16T14:00:00,224.88
2023-04-16T15:00:00,145.02
2023-04-16T16:00:00,64.72
2023-04-16T17:00:00,6.12
2023-04-16T18:00:00,0.0
2023-04-16T19:00:00,0.0
2023-04-16T20:00:00,0.0
2023-04-16T21:00:00,0.0
2023-04-16T22:00:00,0.0
2023-04-16T23:00:00,0.0
2023-04-17T00:00:00,0.0
2023-04-17T01:00:00,0.0
2023-04-17T02:00:00,0.0
2023-04-17T03:00:00,0.0
2023-04-17T04:00:00,0.0
2023-04-17T05:00:00,0.0
2023-04-17T06:00:00,70.47
2023-04-17T07:00:00,285.73
2023-04-17T08:00:00,501.23
2023-04-17T09:00:00,637.4
2023-04-17T10:00:00,755.53
2023-04-17T11:00:00,839.72
2023-04-17T12:00:00,835.15
2023-04-17T13:00:00,738.55
2023-04-17T14:00:00,539.45
2023-04-17T15:00:00,353.85
2023-04-17T16:00:00,148.27
2023-04-17T17:00:00,12.25
2023-04-17T18:00:00,0.0
2023-04-17T19:00:00,0.0
2023-04-17T20:00:00,0.0
2023-04-17T21:00:00,0.0
2023-04-17T22:00:00,0.0
2023-04-17T23:00:00,0.0
2023-04-18T00:00:00,0.0
2023-04-18T01:00:00,0.0
2023-04-18T02:00:00,0.0
2023-04-18T03:00:00,0.0
2023-04-18T04:00:00,0.0
2023-04-18T05:00:00,0.0
2023-04-18T06:00:00,42.0
2023-04-18T07:00:00,179.4
2023-04-18T08:00:00,357.8
2023-04-18T09:00:00,524.53
2023-04-18T10:00:00,692.47
2023-04-18T11:00:00,774.92
2023-04-18T12:00:00,799.65
2023-04-18T13:00:00,725.35
2023-04-18T14:00:00,588.47
2023-04-18T15:00:00,388.58
2023-04-18T16:00:00,167.43
2023-04-18T17:00:00,13.18
2023-04-18T18:00:00,0.0
2023-04-18T19:00:00,0.0
2023-04-18T20:00:00,0.0
2023-04-18T21:00:00,0.0
2023-04-18T22:00:00,0.0
2023-04-18T23:00:00,0.0
2023-04-19T00:00:00,0.0
2023-04-19T01:00:00,0.0
2023-04-19T02:00:00,0.0
2023-04-19T03:00:00,0.0
2023-04-19T04:00:00,0.0
2023-04-19T05:00:00,0.0
2023-04-19T06:00:00,73.7
2023-04-19T07:00:00,298.77
2023-04-19T08:00:00,522.6
2023-04-19T09:00:00,701.95
2023-04-19T10:00:00,819.65
2023-04-19T11:00:00,876.95
2023-04-19T12:00:00,852.65
2023-04-19T13:00:00,765.67
2023-04-19T14:00:00,611.05
2023-04-19T15:00:00,408.08
2023-04-19T16:00:00,181.45
2023-04-19T17:00:00,13.7
2023-04-19T18:00:00,0.0
2023-04-19T19:00:00,0.0
2023-04-19T20:00:00,0.0
2023-04-19T21:00:00,0.0
2023-04-19T22:00:00,0.0
2023-04-19T23:00:00,0.0
2023-04-20T00:00:00,0.0
2023-04-20T01:00:00,0.0
2023-04-20T02:00:00,0.0
2023-04-20T03:00:00,0.0
2023-04-20T04:00:00,0.0
2023-04-20T05:00:00,0.0
2023-04-20T06:00:00,68.4
2023-04-20T07:00:00,270.95
2023-04-20T08:00:00,483.08
2023-04-20T09:00:00,645.25
2023-04-20T10:00:00,759.67
2023-04-20T11:00:00,762.97
2023-04-20T12:00:00,758.53
2023-04-20T13:00:00,655.47
2023-04-20T14:00:00,512.47
2023-04-20T15:00:00,325.15
2023-04-20T16:00:00,128.65
2023-04-20T17:00:00,10.48
2023-04-20T18:00:00,0.0
2023-04-20T19:00:00,0.0
2023-04-20T20:00:00,0.0
2023-04-20T21:00:00,0.0
2023-04-20T22:00:00,0.0
2023-04-20T23:00:00,0.0
2023-04-21T00:00:00,0.0
2023-04-21T01:00:00,0.0
2023-04-21T02:00:00,0.0
2023-04-21T03:00:00,0.0
2023-04-21T04:00:00,0.0
2023-04-21T05:00:00,0.0
2023-04-21T06:00:00,57.08
2023-04-21T07:00:00,227.2
2023-04-21T08:00:00,427.83
2023-04-21T09:00:00,615.72
2023-04-21T10:00:00,759.4
2023-04-21T11:00:00,820.58
2023-04-21T12:00:00,798.78
2023-04-21T13:00:00,713.67
2023-04-21T14:00:00,529.88
2023-04-21T15:00:00,314.4
2023-04-21T16:00:00,136.85
2023-04-21T17:00:00,10.62
2023-04-21T18:00:00,0.0
2023-04-21T19:00:00,0.0
2023-04-21T20:00:00,0.0
2023-04-21T21:00:00,0.0
2023-04-21T22:00:00,0.0
2023-04-21T23:00:00,0.0
2023-04-22T00:00:00,0.0
2023-04-22T01:00:00,0.0
2023-04-22T02:00:00,0.0
2023-04-22T03:00:00,0.0
2023-04-22T04:00:00,0.0
2023-04-22T05:00:00,0.0
2023-04-22T06:00:00,73.12
2023-04-22T07:00:00,292.23
2023-04-22T08:00:00,511.73
2023-04-22T09:00:00,691.53
2023-04-22T10:00:00,811.85
2023-04-22T11:00:00,849.67
2023-04-22T12:00:00,827.55
2023-04-22T13:00:00,740.3
2023-04-22T14:00:00,581.9
2023-04-22T15:00:00,384.55
2023-04-22T16:00:00,167.1
2023-04-22T17:00:00,11.5
2023-04-22T18:00:00,0.0
2023-04-22T19:00:00,0.0
2023-04-22T20:00:00,0.0
2023-04-22T21:00:00,0.0
2023-04-22T22:00:00,0.0
2023-04-22T23:00:00,0.0
2023-04-23T00:00:00,0.0
2023-04-23T01:00:00,0.0
2023-04-23T02:00:00,0.0
2023-04-23T03:00:00,0.0
2023-04-23T04:00:00,0.0
2023-04-23T05:00:00,0.0
2023-04-23T06:00:00,63.47
2023-04-23T07:00:00,260.92
2023-04-23T08:00:00,472.02
2023-04-23T09:00:00,675.55
2023-04-23T10:00:00,809.72
2023-04-23T11:00:00,849.35
2023-04-23T12:00:00,802.75
2023-04-23T13:00:00,715.5
2023-04-23T14:00:00,551.9
2023-04-23T15:00:00,361.05
2023-04-23T16:00:00,154.62
2023-04-23T17:00:00,10.68
2023-04-23T18:00:00,0.0
2023-04-23T19:00:00,0.0
2023-04-23T20:00:00,0.0
2023-04-23T21:00:00,0.0
2023-04-23T22:00:00,0.0
2023-04-23T23:00:00,0.0
2023-04-24T00:00:00,0.0
2023-04-24T01:00:00,0.0
2023-04-24T02:00:00,0.0
2023-04-24T03:00:00,0.0
2023-04-24T04:00:00,0.0
2023-04-24T05:00:00,0.0
2023-04-24T06:00:00,57.72
2023-04-24T07:00:00,232.27
2023-04-24T08:00:00,463.88
2023-04-24T09:00:00,636.17
2023-04-24T10:00:00,776.65
2023-04-24T11:00:00,773.3
2023-04-24T12:00:00,779.35
2023-04-24T13:00:00,661.88
2023-04-24T14:00:00,520.3
2023-04-24T15:00:00,286.08
2023-04-24T16:00:00,120.03
2023-04-24T17:00:00,7.78
2023-04-24T18:00:00,0.0
2023-04-24T19:00:00,0.0
2023-04-24T20:00:00,0.0
2023-04-24T21:00:00,0.0
2023-04-24T22:00:00,0.0
2023-04-24T23:00:00,0.0
2023-04-25T00:00:00,0.0
2023-04-25T01:00:00,0.0
2023-04-25T02:00:00,0.0
2023-04-25T03:00:00,0.0
2023-04-25T04:00:00,0.0
2023-04-25T05:00:00,0.0
2023-04-25T06:00:00,48.38
2023-04-25T07:00:00,223.4
2023-04-25T08:00:00,430.27
2023-04-25T09:00:00,550.17
2023-04-25T10:00:00,714.5
2023-04-25T11:00:00,667.4
2023-04-25T12:00:00,653.58
2023-04-25T13:00:00,564.3
2023-04-25T14:00:00,453.7
2023-04-25T15:00:00,254.0
2023-04-25T16:00:00,98.62
2023-04-25T17:00:00,7.72
2023-04-25T18:00:00,0.0
2023-04-25T19:00:00,0.0
2023-04-25T20:00:00,0.0
2023-04-25T21:00:00,0.0
2023-04-25T22:00:00,0.0
2023-04-25T23:00:00,0.0
2023-04-26T00:00:00,0.0
2023-04-26T01:00:00,0.0
2023-04-26T02:00:00,0.0
2023-04-26T03:00:00,0.0
2023-04-26T04:00:00,0.0
2023-04-26T05:00:00,0.0
2023-04-26T06:00:00,57.1
2023-04-26T07:00:00,239.4
2023-04-26T08:00:00,460.2
2023-04-26T09:00:00,596.33
2023-04-26T10:00:00,724.42
2023-04-26T11:00:00,629.65
2023-04-26T12:00:00,622.03
2023-04-26T13:00:00,472.75
2023-04-26T14:00:00,349.15
2023-04-26T15:00:00,198.38
2023-04-26T16:00:00,60.22
2023-04-26T17:00:00,3.88
2023-04-26T18:00:00,0.0
2023-04-26T19:00:00,0.0
2023-04-26T20:00:00,0.0
2023-04-26T21:00:00,0.0
2023-04-26T22:00:00,0.0
2023-04-26T23:00:00,0.0
2023-04-27T00:00:00,0.0
2023-04-27T01:00:00,0.0
2023-04-27T02:00:00,0.0
2023-04-27T03:00:00,0.0
2023-04-27T04:00:00,0.0
2023-04-27T05:00:00,0.0
2023-04-27T06:00:00,36.83
2023-04-27T07:00:00,146.82
2023-04-27T08:00:00,283.02
2023-04-27T09:00:00,327.3
2023-04-27T10:00:00,407.25
2023-04-27T11:00:00,379.08
2023-04-27T12:00:00,444.42
2023-04-27T13:00:00,510.6
2023-04-27T14:00:00,478.77
2023-04-27T15:00:00,316.23
2023-04-27T16:00:00,127.15
2023-04-27T17:00:00,8.23
2023-04-27T18:00:00,0.0
2023-04-27T19:00:00,0.0
2023-04-27T20:00:00,0.0
2023-04-27T21:00:00,0.0
2023-04-27T22:00:00,0.0
2023-04-27T23:00:00,0.0
2023-04-28T00:00:00,0.0
2023-04-28T01:00:00,0.0
2023-04-28T02:00:00,0.0
2023-04-28T03:00:00,0.0
2023-04-28T04:00:00,0.0
2023-04-28T05:00:00,0.0
2023-04-28T06:00:00,57.97
2023-04-28T07:00:00,255.9
2023-04-28T08:00:00,483.9
2023-04-28T09:00:00,664.88
2023-04-28T10:00:00,771.17
2023-04-28T11:00:00,787.42
2023-04-28T12:00:00,805.83
2023-04-28T13:00:00,721.5
2023-04-28T14:00:00,566.0
2023-04-28T15:00:00,369.9
2023-04-28T16:00:00,147.57
2023-04-28T17:00:00,7.97
2023-04-28T18:00:00,0.0
2023-04-28T19:00:00,0.0
2023-04-28T20:00:00,0.0
2023-04-28T21:00:00,0.0
2023-04-28T22:00:00,0.0
2023-04-28T23:00:00,0.0
2023-04-29T00:00:00,0.0
2023-04-29T01:00:00,0.0
2023-04-29T02:00:00,0.0
2023-04-29T03:00:00,0.0
2023-04-29T04:00:00,0.0
2023-04-29T05:00:00,0.0
2023-04-29T06:00:00,56.1
2023-04-29T07:00:00,244.82
2023-04-29T08:00:00,462.73
2023-04-29T09:00:00,633.03
2023-04-29T10:00:00,687.42
2023-04-29T11:00:00,746.67
2023-04-29T12:00:00,738.17
2023-04-29T13:00:00,644.25
2023-04-29T14:00:00,524.47
2023-04-29T15:00:00,333.02
2023-04-29T16:00:00,125.82
2023-04-29T17:00:00,6.95
2023-04-29T18:00:00,0.0
2023-04-29T19:00:00,0.0
2023-04-29T20:00:00,0.0
2023-04-29T21:00:00,0.0
2023-04-29T22:00:00,0.0
2023-04-29T23:00:00,0.0
2023-04-30T00:00:00,0.0
2023-04-30T01:00:00,0.0
2023-04-30T02:00:00,0.0
2023-04-30T03:00:00,0.0
2023-04-30T04:00:00,0.0
2023-04-30T05:00:00,0.0
2023-04-30T06:00:00,60.08
2023-04-30T07:00:00,265.85
2023-04-30T08:00:00,482.9
2023-04-30T09:00:00,651.1
2023-04-30T10:00:00,727.88
2023-04-30T11:00:00,751.58
2023-04-30T12:00:00,669.92
2023-04-30T13:00:00,600.0
2023-04-30T14:00:00,432.27
2023-04-30T15:00:00,264.33
2023-04-30T16:00:00,95.3
2023-04-30T17:00:00,6.2
2023-04-30T18:00:00,0.0
2023-04-30T19:00:00,0.0
2023-04-30T20:00:00,0.0
2023-04-30T21:00:00,0.0
2023-04-30T22:00:00,0.0
2023-04-30T23:00:00,0.0
2023-05-01T00:00:00,0.0
2023-05-01T01:00:00,0.0
2023-05-01T02:00:00,0.0
2023-05-01T03:00:00,0.0
2023-05-01T04:00:00,0.0
2023-05-01T05:00:00,0.0
2023-05-01T06:00:00,51.45
2023-05-01T07:00:00,218.7
2023-05-01T08:00:00,433.1
2023-05-01T09:00:00,530.7
2023-05-01T10:00:00,532.12
2023-05-01T11:00:00,602.75
2023-05-01T12:00:00,645.08
2023-05-01T13:00:00,582.65
2023-05-01T14:00:00,396.85
2023-05-01T15:00:00,237.9
2023-05-01T16:00:00,80.8
2023-05-01T17:00:00,4.62
2023-05-01T18:00:00,0.0
2023-05-01T19:00:00,0.0
2023-05-01T20:00:00,0.0
2023-05-01T21:00:00,0.0
2023-05-01T22:00:00,0.0
2023-05-01T23:00:00,0.0
2023-05-02T00:00:00,0.0
2023-05-02T01:00:00,0.0
2023-05-02T02:00:00,0.0
2023-05-02T03:00:00,0.0
2023-05-02T04:00:00,0.0
2023-05-02T05:00:00,0.0
2023-05-02T06:00:00,47.12
2023-05-02T07:00:00,237.3
2023-05-02T08:00:00,441.65
2023-05-02T09:00:00,641.42
2023-05-02T10:00:00,762.6
2023-05-02T11:00:00,809.67
2023-05-02T12:00:00,767.5
2023-05-02T13:00:00,658.53
2023-05-02T14:00:00,496.23
2023-05-02T15:00:00,307.58
2023-05-02T16:00:00,107.05
2023-05-02T17:00:00,4.88
2023-05-02T18:00:00,0.0
2023-05-02T19:00:00,0.0
2023-05-02T20:00:00,0.0
2023-05-02T21:00:00,0.0
2023-05-02T22:00:00,0.0
2023-05-02T23:00:00,0.0
2023-05-03T00:00:00,0.0
2023-05-03T01:00:00,0.0
2023-05-03T02:00:00,0.0
2023-05-03T03:00:00,0.0
2023-05-03T04:00:00,0.0
2023-05-03T05:00:00,0.0
2023-05-03T06:00:00,57.05
2023-05-03T07:00:00,253.43
2023-05-03T08:00:00,459.2
2023-05-03T09:00:00,628.1
2023-05-03T10:00:00,746.33
2023-05-03T11:00:00,791.78
2023-05-03T12:00:00,772.45
2023-05-03T13:00:00,675.65
2023-05-03T14:00:00,522.6
2023-05-03T15:00:00,324.98
2023-05-03T16:00:00,129.05
2023-05-03T17:00:00,6.0
2023-05-03T18:00:00,0.0
2023-05-03T19:00:00,0.0
2023-05-03T20:00:00,0.0
2023-05-03T21:00:00,0.0
2023-05-03T22:00:00,0.0
2023-05-03T23:00:00,0.0
2023-05-04T00:00:00,0.0
2023-05-04T01:00:00,0.0
2023-05-04T02:00:00,0.0
2023-05-04T03:00:00,0.0
2023-05-04T04:00:00,0.0
2023-05-04T05:00:00,0.0
2023-05-04T06:00:00,58.3
2023-05-04T07:00:00,260.73
2023-05-04T08:00:00,472.48
2023-05-04T09:00:00,645.08
2023-05-04T10:00:00,764.55
2023-05-04T11:00:00,804.58
2023-05-04T12:00:00,782.15
2023-05-04T13:00:00,684.0
2023-05-04T14:00:00,531.15
2023-05-04T15:00:00,345.12
2023-05-04T16:00:00,133.9
2023-05-04T17:00:00,5.85
2023-05-04T18:00:00,0.0
2023-05-04T19:00:00,0.0
2023-05-04T20:00:00,0.0
2023-05-04T21:00:00,0.0
2023-05-04T22:00:00,0.0
2023-05-04T23:00:00,0.0
2023-05-05T00:00:00,0.0
2023-05-05T01:00:00,0.0
2023-05-05T02:00:00,0.0
2023-05-05T03:00:00,0.0
2023-05-05T04:00:00,0.0
2023-05-05T05:00:00,0.0
2023-05-05T06:00:00,45.05
2023-05-05T07:00:00,213.98
2023-05-05T08:00:00,387.58
2023-05-05T09:00:00,528.62
2023-05-05T10:00:00,736.38
2023-05-05T11:00:00,793.67
2023-05-05T12:00:00,763.67
2023-05-05T13:00:00,614.88
2023-05-05T14:00:00,513.47
2023-05-05T15:00:00,313.1
2023-05-05T16:00:00,102.97
2023-05-05T17:00:00,4.6
2023-05-05T18:00:00,0.0
2023-05-05T19:00:00,0.0
2023-05-05T20:00:00,0.0
2023-05-05T21:00:00,0.0
2023-05-05T22:00:00,0.0
2023-05-05T23:00:00,0.0
2023-05-06T00:00:00,0.0
2023-05-06T01:00:00,0.0
2023-05-06T02:00:00,0.0
2023-05-06T03:00:00,0.0
2023-05-06T04:00:00,0.0
2023-05-06T05:00:00,0.0
2023-05-06T06:00:00,54.25
2023-05-06T07:00:00,246.9
2023-05-06T08:00:00,451.12
2023-05-06T09:00:00,625.38
2023-05-06T10:00:00,756.22
2023-05-06T11:00:00,805.1
2023-05-06T12:00:00,777.75
2023-05-06T13:00:00,690.38
2023-05-06T14:00:00,530.12
2023-05-06T15:00:00,331.92
2023-05-06T16:00:00,124.65
2023-05-06T17:00:00,5.0
2023-05-06T18:00:00,0.0
2023-05-06T19:00:00,0.0
2023-05-06T20:00:00,0.0
2023-05-06T21:00:00,0.0
2023-05-06T22:00:00,0.0
2023-05-06T23:00:00,0.0
2023-05-07T00:00:00,0.0
2023-05-07T01:00:00,0.0
2023-05-07T02:00:00,0.0
2023-05-07T03:00:00,0.0
2023-05-07T04:00:00,0.0
2023-05-07T05:00:00,0.0
2023-05-07T06:00:00,52.38
2023-05-07T07:00:00,239.95
2023-05-07T08:00:00,440.42
2023-05-07T09:00:00,635.4
2023-05-07T10:00:00,758.33
2023-05-07T11:00:00,785.58
2023-05-07T12:00:00,755.2
2023-05-07T13:00:00,655.22
2023-05-07T14:00:00,490.0
2023-05-07T15:00:00,282.55
2023-05-07T16:00:00,109.07
2023-05-07T17:00:00,4.38
2023-05-07T18:00:00,0.0
2023-05-07T19:00:00,0.0
2023-05-07T20:00:00,0.0
2023-05-07T21:00:00,0.0
2023-05-07T22:00:00,0.0
2023-05-07T23:00:00,0.0
2023-05-08T00:00:00,0.0
2023-05-08T01:00:00,0.0
2023-05-08T02:00:00,0.0
2023-05-08T03:00:00,0.0
2023-05-08T04:00:00,0.0
2023-05-08T05:00:00,0.0
2023-05-08T06:00:00,50.03
2023-05-08T07:00:00,227.93
2023-05-08T08:00:00,434.92
2023-05-08T09:00:00,610.28
2023-05-08T10:00:00,735.28
2023-05-08T11:00:00,783.2
2023-05-08T12:00:00,757.67
2023-05-08T13:00:00,669.85
2023-05-08T14:00:00,474.08
2023-05-08T15:00:00,300.77
2023-05-08T16:00:00,115.47
2023-05-08T17:00:00,4.78
2023-05-08T18:00:00,0.0
2023-05-08T19:00:00,0.0
2023-05-08T20:00:00,0.0
2023-05-08T21:00:00,0.0
2023-05-08T22:00:00,0.0
2023-05-08T23:00:00,0.0
2023-05-09T00:00:00,0.0
2023-05-09T01:00:00,0.0
2023-05-09T02:00:00,0.0
2023-05-09T03:00:00,0.0
2023-05-09T04:00:00,0.0
2023-05-09T05:00:00,0.0
2023-05-09T06:00:00,55.92
2023-05-09T07:00:00,257.67
2023-05-09T08:00:00,466.52
2023-05-09T09:00:00,660.35
2023-05-09T10:00:00,778.55
2023-05-09T11:00:00,829.45
2023-05-09T12:00:00,800.67
2023-05-09T13:00:00,703.1
2023-05-09T14:00:00,541.15
2023-05-09T15:00:00,326.62
2023-05-09T16:00:00,122.5
2023-05-09T17:00:00,4.72
2023-05-09T18:00:00,0.0
2023-05-09T19:00:00,0.0
2023-05-09T20:00:00,0.0
2023-05-09T21:00:00,0.0
2023-05-09T22:00:00,0.0
2023-05-09T23:00:00,0.0
2023-05-10T00:00:00,0.0
2023-05-10T01:00:00,0.0
2023-05-10T02:00:00,0.0
2023-05-10T03:00:00,0.0
2023-05-10T04:00:00,0.0
2023-05-10T05:00:00,0.0
2023-05-10T06:00:00,42.9
2023-05-10T07:00:00,217.25
2023-05-10T08:00:00,390.95
2023-05-10T09:00:00,573.83
2023-05-10T10:00:00,687.5
2023-05-10T11:00:00,707.8
2023-05-10T12:00:00,646.55
2023-05-10T13:00:00,597.78
2023-05-10T14:00:00,397.65
2023-05-10T15:00:00,253.35
2023-05-10T16:00:00,91.47
2023-05-10T17:00:00,3.5
2023-05-10T18:00:00,0.0
2023-05-10T19:00:00,0.0
2023-05-10T20:00:00,0.0
2023-05-10T21:00:00,0.0
2023-05-10T22:00:00,0.0
2023-05-10T23:00:00,0.0
2023-05-11T00:00:00,0.0
2023-05-11T01:00:00,0.0
2023-05-11T02:00:00,0.0
2023-05-11T03:00:00,0.0
2023-05-11T04:00:00,0.0
2023-05-11T05:00:00,0.0
2023-05-11T06:00:00,34.35
2023-05-11T07:00:00,170.57
2023-05-11T08:00:00,317.42
2023-05-11T09:00:00,427.02
2023-05-11T10:00:00,455.6
2023-05-11T11:00:00,542.17
2023-05-11T12:00:00,637.3
2023-05-11T13:00:00,518.85
2023-05-11T14:00:00,390.23
2023-05-11T15:00:00,239.07
2023-05-11T16:00:00,75.93
2023-05-11T17:00:00,2.8
2023-05-11T18:00:00,0.0
2023-05-11T19:00:00,0.0
2023-05-11T20:00:00,0.0
2023-05-11T21:00:00,0.0
2023-05-11T22:00:00,0.0
2023-05-11T23:00:00,0.0
2023-05-12T00:00:00,0.0
2023-05-12T01:00:00,0.0
2023-05-12T02:00:00,0.0
2023-05-12T03:00:00,0.0
2023-05-12T04:00:00,0.0
2023-05-12T05:00:00,0.0
2023-05-12T06:00:00,20.6
2023-05-12T07:00:00,111.28
2023-05-12T08:00:00,205.95
2023-05-12T09:00:00,348.75
2023-05-12T10:00:00,448.52
2023-05-12T11:00:00,544.4
2023-05-12T12:00:00,544.35
2023-05-12T13:00:00,438.3
2023-05-12T14:00:00,371.9
2023-05-12T15:00:00,222.07
2023-05-12T16:00:00,83.53
2023-05-12T17:00:00,3.0
2023-05-12T18:00:00,0.0
2023-05-12T19:00:00,0.0
2023-05-12T20:00:00,0.0
2023-05-12T21:00:00,0.0
2023-05-12T22:00:00,0.0
2023-05-12T23:00:00,0.0
2023-05-13T00:00:00,0.0
2023-05-13T01:00:00,0.0
2023-05-13T02:00:00,0.0
2023-05-13T03:00:00,0.0
2023-05-13T04:00:00,0.0
2023-05-13T05:00:00,0.0
2023-05-13T06:00:00,27.95
2023-05-13T07:00:00,146.43
2023-05-13T08:00:00,298.75
2023-05-13T09:00:00,430.45
2023-05-13T10:00:00,545.38
2023-05-13T11:00:00,631.67
2023-05-13T12:00:00,620.78
2023-05-13T13:00:00,550.08
2023-05-13T14:00:00,364.45
2023-05-13T15:00:00,216.1
2023-05-13T16:00:00,77.85
2023-05-13T17:00:00,2.33
2023-05-13T18:00:00,0.0
2023-05-13T19:00:00,0.0
2023-05-13T20:00:00,0.0
2023-05-13T21:00:00,0.0
2023-05-13T22:00:00,0.0
2023-05-13T23:00:00,0.0
2023-05-14T00:00:00,0.0
2023-05-14T01:00:00,0.0
2023-05-14T02:00:00,0.0
2023-05-14T03:00:00,0.0
2023-05-14T04:00:00,0.0
2023-05-14T05:00:00,0.0
2023-05-14T06:00:00,14.98
2023-05-14T07:00:00,89.05
2023-05-14T08:00:00,172.45
2023-05-14T09:00:00,247.95
2023-05-14T10:00:00,219.05
2023-05-14T11:00:00,201.6
2023-05-14T12:00:00,301.4
2023-05-14T13:00:00,184.12
2023-05-14T14:00:00,128.5
2023-05-14T15:00:00,89.05
2023-05-14T16:00:00,31.67
2023-05-14T17:00:00,1.6
2023-05-14T18:00:00,0.0
2023-05-14T19:00:00,0.0
2023-05-14T20:00:00,0.0
2023-05-14T21:00:00,0.0
2023-05-14T22:00:00,0.0
2023-05-14T23:00:00,0.0
2023-05-15T00:00:00,0.0
2023-05-15T01:00:00,0.0
2023-05-15T02:00:00,0.0
2023-05-15T03:00:00,0.0
2023-05-15T04:00:00,0.0
2023-05-15T05:00:00,0.0
2023-05-15T06:00:00,20.62
2023-05-15T07:00:00,108.03
2023-05-15T08:00:00,192.12
2023-05-15T09:00:00,271.02
2023-05-15T10:00:00,388.5
2023-05-15T11:00:00,418.9
2023-05-15T12:00:00,486.12
2023-05-15T13:00:00,441.6
2023-05-15T14:00:00,326.38
2023-05-15T15:00:00,199.8
2023-05-15T16:00:00,69.43
2023-05-15T17:00:00,2.53
2023-05-15T18:00:00,0.0
2023-05-15T19:00:00,0.0
2023-05-15T20:00:00,0.0
2023-05-15T21:00:00,0.0
2023-05-15T22:00:00,0.0
2023-05-15T23:00:00,0.0
2023-05-16T00:00:00,0.0
2023-05-16T01:00:00,0.0
2023-05-16T02:00:00,0.0
2023-05-16T03:00:00,0.0
2023-05-16T04:00:00,0.0
2023-05-16T05:00:00,0.0
2023-05-16T06:00:00,32.7
2023-05-16T07:00:00,166.45
2023-05-16T08:00:00,315.3
2023-05-16T09:00:00,536.33
2023-05-16T10:00:00,619.28
2023-05-16T11:00:00,681.4
2023-05-16T12:00:00,653.9
2023-05-16T13:00:00,586.83
2023-05-16T14:00:00,358.38
2023-05-16T15:00:00,195.23
2023-05-16T16:00:00,79.65
2023-05-16T17:00:00,0.0
2023-05-16T18:00:00,0.0
2023-05-16T19:00:00,0.0
2023-05-16T20:00:00,0.0
2023-05-16T21:00:00,0.0
2023-05-16T22:00:00,0.0
2023-05-16T23:00:00,0.0
2023-05-17T00:00:00,0.0
2023-05-17T01:00:00,0.0
2023-05-17T02:00:00,0.0
2023-05-17T03:00:00,0.0
2023-05-17T04:00:00,0.0
2023-05-17T05:00:00,0.0
2023-05-17T06:00:00,29.4
2023-05-17T07:00:00,159.25
2023-05-17T08:00:00,314.8
2023-05-17T09:00:00,438.58
2023-05-17T10:00:00,463.52
2023-05-17T11:00:00,573.33
2023-05-17T12:00:00,675.83
2023-05-17T13:00:00,507.83
2023-05-17T14:00:00,426.38
2023-05-17T15:00:00,260.2
2023-05-17T16:00:00,105.0
2023-05-17T17:00:00,0.0
2023-05-17T18:00:00,0.0
2023-05-17T19:00:00,0.0
2023-05-17T20:00:00,0.0
2023-05-17T21:00:00,0.0
2023-05-17T22:00:00,0.0
2023-05-17T23:00:00,0.0
2023-05-18T00:00:00,0.0
2023-05-18T01:00:00,0.0
2023-05-18T02:00:00,0.0
2023-05-18T03:00:00,0.0
2023-05-18T04:00:00,0.0
2023-05-18T05:00:00,0.0
2023-05-18T06:00:00,33.2
2023-05-18T07:00:00,174.77
2023-05-18T08:00:00,344.65
2023-05-18T09:00:00,519.97
2023-05-18T10:00:00,614.33
2023-05-18T11:00:00,649.15
2023-05-18T12:00:00,629.5
2023-05-18T13:00:00,572.05
2023-05-18T14:00:00,407.92
2023-05-18T15:00:00,227.95
2023-05-18T16:00:00,91.43
2023-05-18T17:00:00,0.0
2023-05-18T18:00:00,0.0
2023-05-18T19:00:00,0.0
2023-05-18T20:00:00,0.0
2023-05-18T21:00:00,0.0
2023-05-18T22:00:00,0.0
2023-05-18T23:00:00,0.0
2023-05-19T00:00:00,0.0
2023-05-19T01:00:00,0.0
2023-05-19T02:00:00,0.0
2023-05-19T03:00:00,0.0
2023-05-19T04:00:00,0.0
2023-05-19T05:00:00,0.0
2023-05-19T06:00:00,43.22
2023-05-19T07:00:00,224.3
2023-05-19T08:00:00,418.52
2023-05-19T09:00:00,581.4
2023-05-19T10:00:00,693.53
2023-05-19T11:00:00,717.03
2023-05-19T12:00:00,674.42
2023-05-19T13:00:00,581.33
2023-05-19T14:00:00,453.0
2023-05-19T15:00:00,261.8
2023-05-19T16:00:00,97.43
2023-05-19T17:00:00,0.0
2023-05-19T18:00:00,0.0
2023-05-19T19:00:00,0.0
2023-05-19T20:00:00,0.0
2023-05-19T21:00:00,0.0
2023-05-19T22:00:00,0.0
2023-05-19T23:00:00,0.0
2023-05-20T00:00:00,0.0
2023-05-20T01:00:00,0.0
2023-05-20T02:00:00,0.0
2023-05-20T03:00:00,0.0
2023-05-20T04:00:00,0.0
2023-05-20T05:00:00,0.0
2023-05-20T06:00:00,23.55
2023-05-20T07:00:00,126.9
2023-05-20T08:00:00,239.57
2023-05-20T09:00:00,342.0
2023-05-20T10:00:00,331.77
2023-05-20T11:00:00,324.15
2023-05-20T12:00:00,269.0
2023-05-20T13:00:00,177.6
2023-05-20T14:00:00,100.38
2023-05-20T15:00:00,102.05
2023-05-20T16:00:00,40.88
2023-05-20T17:00:00,0.0
2023-05-20T18:00:00,0.0
2023-05-20T19:00:00,0.0
2023-05-20T20:00:00,0.0
2023-05-20T21:00:00,0.0
2023-05-20T22:00:00,0.0
2023-05-20T23:00:00,0.0
2023-05-21T00:00:00,0.0
2023-05-21T01:00:00,0.0
2023-05-21T02:00:00,0.0
2023-05-21T03:00:00,0.0
2023-05-21T04:00:00,0.0
2023-05-21T05:00:00,0.0
2023-05-21T06:00:00,7.47
2023-05-21T07:00:00,75.03
2023-05-21T08:00:00,155.7
2023-05-21T09:00:00,139.2
2023-05-21T10:00:00,154.23
2023-05-21T11:00:00,201.82
2023-05-21T12:00:00,220.02
2023-05-21T13:00:00,160.73
2023-05-21T14:00:00,135.7
2023-05-21T15:00:00,78.1
2023-05-21T16:00:00,28.9
2023-05-21T17:00:00,0.0
2023-05-21T18:00:00,0.0
2023-05-21T19:00:00,0.0
2023-05-21T20:00:00,0.0
2023-05-21T21:00:00,0.0
2023-05-21T22:00:00,0.0
2023-05-21T23:00:00,0.0
2023-05-22T00:00:00,0.0
2023-05-22T01:00:00,0.0
2023-05-22T02:00:00,0.0
2023-05-22T03:00:00,0.0
2023-05-22T04:00:00,0.0
2023-05-22T05:00:00,0.0
2023-05-22T06:00:00,10.43
2023-05-22T07:00:00,52.7
2023-05-22T08:00:00,98.7
2023-05-22T09:00:00,113.8
2023-05-22T10:00:00,113.28
2023-05-22T11:00:00,176.7
2023-05-22T12:00:00,181.23
2023-05-22T13:00:00,95.12
2023-05-22T14:00:00,124.65
2023-05-22T15:00:00,79.4
2023-05-22T16:00:00,34.6
2023-05-22T17:00:00,0.0
2023-05-22T18:00:00,0.0
2023-05-22T19:00:00,0.0
2023-05-22T20:00:00,0.0
2023-05-22T21:00:00,0.0
2023-05-22T22:00:00,0.0
2023-05-22T23:00:00,0.0
2023-05-23T00:00:00,0.0
2023-05-23T01:00:00,0.0
2023-05-23T02:00:00,0.0
2023-05-23T03:00:00,0.0
2023-05-23T04:00:00,0.0
2023-05-23T05:00:00,0.0
2023-05-23T06:00:00,11.12
2023-05-23T07:00:00,59.58
2023-05-23T08:00:00,155.07
2023-05-23T09:00:00,125.3
2023-05-23T10:00:00,185.57
2023-05-23T11:00:00,170.82
2023-05-23T12:00:00,154.9
2023-05-23T13:00:00,134.02
2023-05-23T14:00:00,106.43
2023-05-23T15:00:00,68.7
2023-05-23T16:00:00,20.1
2023-05-23T17:00:00,0.0
2023-05-23T18:00:00,0.0
2023-05-23T19:00:00,0.0
2023-05-23T20:00:00,0.0
2023-05-23T21:00:00,0.0
2023-05-23T22:00:00,0.0
2023-05-23T23:00:00,0.0
2023-05-24T00:00:00,0.0
2023-05-24T01:00:00,0.0
2023-05-24T02:00:00,0.0
2023-05-24T03:00:00,0.0
2023-05-24T04:00:00,0.0
2023-05-24T05:00:00,0.0
2023-05-24T06:00:00,17.1
2023-05-24T07:00:00,107.4
2023-05-24T08:00:00,212.88
2023-05-24T09:00:00,321.8
2023-05-24T10:00:00,310.5
2023-05-24T11:00:00,261.33
2023-05-24T12:00:00,306.77
2023-05-24T13:00:00,254.88
2023-05-24T14:00:00,178.15
2023-05-24T15:00:00,139.57
2023-05-24T16:00:00,54.97
2023-05-24T17:00:00,0.0
2023-05-24T18:00:00,0.0
2023-05-24T19:00:00,0.0
2023-05-24T20:00:00,0.0
2023-05-24T21:00:00,0.0
2023-05-24T22:00:00,0.0
2023-05-24T23:00:00,0.0
2023-05-25T00:00:00,0.0
2023-05-25T01:00:00,0.0
2023-05-25T02:00:00,0.0
2023-05-25T03:00:00,0.0
2023-05-25T04:00:00,0.0
2023-05-25T05:00:00,0.0
2023-05-25T06:00:00,16.25
2023-05-25T07:00:00,106.0
2023-05-25T08:00:00,212.68
2023-05-25T09:00:00,360.92
2023-05-25T10:00:00,542.05
2023-05-25T11:00:00,635.08
2023-05-25T12:00:00,607.3
2023-05-25T13:00:00,554.12
2023-05-25T14:00:00,446.83
2023-05-25T15:00:00,265.42
2023-05-25T16:00:00,96.6
2023-05-25T17:00:00,0.0
2023-05-25T18:00:00,0.0
2023-05-25T19:00:00,0.0
2023-05-25T20:00:00,0.0
2023-05-25T21:00:00,0.0
2023-05-25T22:00:00,0.0
2023-05-25T23:00:00,0.0
2023-05-26T00:00:00,0.0
2023-05-26T01:00:00,0.0
2023-05-26T02:00:00,0.0
2023-05-26T03:00:00,0.0
2023-05-26T04:00:00,0.0
2023-05-26T05:00:00,0.0
2023-05-26T06:00:00,40.9
2023-05-26T07:00:00,229.18
2023-05-26T08:00:00,434.12
2023-05-26T09:00:00,611.45
2023-05-26T10:00:00,724.3
2023-05-26T11:00:00,765.03
2023-05-26T12:00:00,734.85
2023-05-26T13:00:00,640.05
2023-05-26T14:00:00,505.5
2023-05-26T15:00:00,287.92
2023-05-26T16:00:00,108.07
2023-05-26T17:00:00,0.0
2023-05-26T18:00:00,0.0
2023-05-26T19:00:00,0.0
2023-05-26T20:00:00,0.0
2023-05-26T21:00:00,0.0
2023-05-26T22:00:00,0.0
2023-05-26T23:00:00,0.0
2023-05-27T00:00:00,0.0
2023-05-27T01:00:00,0.0
2023-05-27T02:00:00,0.0
2023-05-27T03:00:00,0.0
2023-05-27T04:00:00,0.0
2023-05-27T05:00:00,0.0
2023-05-27T06:00:00,35.28
2023-05-27T07:00:00,220.77
2023-05-27T08:00:00,428.08
2023-05-27T09:00:00,616.05
2023-05-27T10:00:00,728.92
2023-05-27T11:00:00,771.22
2023-05-27T12:00:00,743.33
2023-05-27T13:00:00,656.85
2023-05-27T14:00:00,498.12
2023-05-27T15:00:00,312.05
2023-05-27T16:00:00,118.12
2023-05-27T17:00:00,0.0
2023-05-27T18:00:00,0.0
2023-05-27T19:00:00,0.0
2023-05-27T20:00:00,0.0
2023-05-27T21:00:00,0.0
2023-05-27T22:00:00,0.0
2023-05-27T23:00:00,0.0
2023-05-28T00:00:00,0.0
2023-05-28T01:00:00,0.0
2023-05-28T02:00:00,0.0
2023-05-28T03:00:00,0.0
2023-05-28T04:00:00,0.0
2023-05-28T05:00:00,0.0
2023-05-28T06:00:00,40.42
2023-05-28T07:00:00,234.05
2023-05-28T08:00:00,440.88
2023-05-28T09:00:00,613.08
2023-05-28T10:00:00,715.15
2023-05-28T11:00:00,740.4
2023-05-28T12:00:00,693.92
2023-05-28T13:00:00,609.5
2023-05-28T14:00:00,452.42
2023-05-28T15:00:00,265.05
2023-05-28T16:00:00,99.22
2023-05-28T17:00:00,0.0
2023-05-28T18:00:00,0.0
2023-05-28T19:00:00,0.0
2023-05-28T20:00:00,0.0
2023-05-28T21:00:00,0.0
2023-05-28T22:00:00,0.0
2023-05-28T23:00:00,0.0
2023-05-29T00:00:00,0.0
2023-05-29T01:00:00,0.0
2023-05-29T02:00:00,0.0
2023-05-29T03:00:00,0.0
2023-05-29T04:00:00,0.0
2023-05-29T05:00:00,0.0
2023-05-29T06:00:00,37.67
2023-05-29T07:00:00,216.2
2023-05-29T08:00:00,399.12
2023-05-29T09:00:00,580.17
2023-05-29T10:00:00,681.15
2023-05-29T11:00:00,720.08
2023-05-29T12:00:00,700.0
2023-05-29T13:00:00,621.33
2023-05-29T14:00:00,461.85
2023-05-29T15:00:00,270.45
2023-05-29T16:00:00,100.22
2023-05-29T17:00:00,0.0
2023-05-29T18:00:00,0.0
2023-05-29T19:00:00,0.0
2023-05-29T20:00:00,0.0
2023-05-29T21:00:00,0.0
2023-05-29T22:00:00,0.0
2023-05-29T23:00:00,0.0
2023-05-30T00:00:00,0.0
2023-05-30T01:00:00,0.0
2023-05-30T02:00:00,0.0
2023-05-30T03:00:00,0.0
2023-05-30T04:00:00,0.0
2023-05-30T05:00:00,0.0
2023-05-30T06:00:00,32.97
2023-05-30T07:00:00,191.05
2023-05-30T08:00:00,370.5
2023-05-30T09:00:00,524.2
2023-05-30T10:00:00,604.47
2023-05-30T11:00:00,615.42
2023-05-30T12:00:00,600.17
2023-05-30T13:00:00,573.78
2023-05-30T14:00:00,416.62
2023-05-30T15:00:00,258.73
2023-05-30T16:00:00,88.3
2023-05-30T17:00:00,0.0
2023-05-30T18:00:00,0.0
2023-05-30T19:00:00,0.0
2023-05-30T20:00:00,0.0
2023-05-30T21:00:00,0.0
2023-05-30T22:00:00,0.0
2023-05-30T23:00:00,0.0
2023-05-31T00:00:00,0.0
2023-05-31T01:00:00,0.0
2023-05-31T02:00:00,0.0
2023-05-31T03:00:00,0.0
2023-05-31T04:00:00,0.0
2023-05-31T05:00:00,0.0
2023-05-31T06:00:00,27.45
2023-05-31T07:00:00,180.07
2023-05-31T08:00:00,359.08
2023-05-31T09:00:00,519.05
2023-05-31T10:00:00,631.15
2023-05-31T11:00:00,707.33
2023-05-31T12:00:00,671.05
2023-05-31T13:00:00,469.77
2023-05-31T14:00:00,435.3
2023-05-31T15:00:00,244.8
2023-05-31T16:00:00,93.32
2023-05-31T17:00:00,0.0
2023-05-31T18:00:00,0.0
2023-05-31T19:00:00,0.0
2023-05-31T20:00:00,0.0
2023-05-31T21:00:00,0.0
2023-05-31T22:00:00,0.0
2023-05-31T23:00:00,0.0
2023-06-01T00:00:00,0.0
2023-06-01T01:00:00,0.0
2023-06-01T02:00:00,0.0
2023-06-01T03:00:00,0.0
2023-06-01T04:00:00,0.0
2023-06-01T05:00:00,0.0
2023-06-01T06:00:00,19.45
2023-06-01T07:00:00,136.7
2023-06-01T08:00:00,271.8
2023-06-01T09:00:00,430.45
2023-06-01T10:00:00,432.95
2023-06-01T11:00:00,469.75
2023-06-01T12:00:00,481.15
2023-06-01T13:00:00,367.5
2023-06-01T14:00:00,331.8
2023-06-01T15:00:00,168.6
2023-06-01T16:00:00,62.3
2023-06-01T17:00:00,0.0
2023-06-01T18:00:00,0.0
2023-06-01T19:00:00,0.0
2023-06-01T20:00:00,0.0
2023-06-01T21:00:00,0.0
2023-06-01T22:00:00,0.0
2023-06-01T23:00:00,0.0
2023-06-02T00:00:00,0.0
2023-06-02T01:00:00,0.0
2023-06-02T02:00:00,0.0
2023-06-02T03:00:00,0.0
2023-06-02T04:00:00,0.0
2023-06-02T05:00:00,0.0
2023-06-02T06:00:00,11.9
2023-06-02T07:00:00,86.18
2023-06-02T08:00:00,174.55
2023-06-02T09:00:00,262.3
2023-06-02T10:00:00,311.25
2023-06-02T11:00:00,344.42
2023-06-02T12:00:00,334.38
2023-06-02T13:00:00,215.35
2023-06-02T14:00:00,203.0
2023-06-02T15:00:00,123.18
2023-06-02T16:00:00,46.55
2023-06-02T17:00:00,0.0
2023-06-02T18:00:00,0.0
2023-06-02T19:00:00,0.0
2023-06-02T20:00:00,0.0
2023-06-02T21:00:00,0.0
2023-06-02T22:00:00,0.0
2023-06-02T23:00:00,0.0
2023-06-03T00:00:00,0.0
2023-06-03T01:00:00,0.0
2023-06-03T02:00:00,0.0
2023-06-03T03:00:00,0.0
2023-06-03T04:00:00,0.0
2023-06-03T05:00:00,0.0
2023-06-03T06:00:00,19.52
2023-06-03T07:00:00,135.48
2023-06-03T08:00:00,302.5
2023-06-03T09:00:00,441.83
2023-06-03T10:00:00,536.88
2023-06-03T11:00:00,585.25
2023-06-03T12:00:00,531.85
2023-06-03T13:00:00,480.25
2023-06-03T14:00:00,317.62
2023-06-03T15:00:00,186.1
2023-06-03T16:00:00,65.5
2023-06-03T17:00:00,0.0
2023-06-03T18:00:00,0.0
2023-06-03T19:00:00,0.0
2023-06-03T20:00:00,0.0
2023-06-03T21:00:00,0.0
2023-06-03T22:00:00,0.0
2023-06-03T23:00:00,0.0
2023-06-04T00:00:00,0.0
2023-06-04T01:00:00,0.0
2023-06-04T02:00:00,0.0
2023-06-04T03:00:00,0.0
2023-06-04T04:00:00,0.0
2023-06-04T05:00:00,0.0
2023-06-04T06:00:00,23.9
2023-06-04T07:00:00,158.45
2023-06-04T08:00:00,320.7
2023-06-04T09:00:00,474.15
2023-06-04T10:00:00,580.58
2023-06-04T11:00:00,630.92
2023-06-04T12:00:00,660.58
2023-06-04T13:00:00,540.05
2023-06-04T14:00:00,423.58
2023-06-04T15:00:00,262.12
2023-06-04T16:00:00,101.5
2023-06-04T17:00:00,0.0
2023-06-04T18:00:00,0.0
2023-06-04T19:00:00,0.0
2023-06-04T20:00:00,0.0
2023-06-04T21:00:00,0.0
2023-06-04T22:00:00,0.0
2023-06-04T23:00:00,0.0
2023-06-05T00:00:00,0.0
2023-06-05T01:00:00,0.0
2023-06-05T02:00:00,0.0
2023-06-05T03:00:00,0.0
2023-06-05T04:00:00,0.0
2023-06-05T05:00:00,0.0
2023-06-05T06:00:00,31.1
2023-06-05T07:00:00,197.93
2023-06-05T08:00:00,386.67
2023-06-05T09:00:00,545.75
2023-06-05T10:00:00,642.7
2023-06-05T11:00:00,658.28
2023-06-05T12:00:00,644.22
2023-06-05T13:00:00,523.38
2023-06-05T14:00:00,393.9
2023-06-05T15:00:00,212.25
2023-06-05T16:00:00,80.15
2023-06-05T17:00:00,0.0
2023-06-05T18:00:00,0.0
2023-06-05T19:00:00,0.0
2023-06-05T20:00:00,0.0
2023-06-05T21:00:00,0.0
2023-06-05T22:00:00,0.0
2023-06-05T23:00:00,0.0
2023-06-06T00:00:00,0.0
2023-06-06T01:00:00,0.0
2023-06-06T02:00:00,0.0
2023-06-06T03:00:00,0.0
2023-06-06T04:00:00,0.0
2023-06-06T05:00:00,0.0
2023-06-06T06:00:00,11.68
2023-06-06T07:00:00,81.1
2023-06-06T08:00:00,197.88
2023-06-06T09:00:00,311.02
2023-06-06T10:00:00,351.23
2023-06-06T11:00:00,421.08
2023-06-06T12:00:00,430.45
2023-06-06T13:00:00,318.0
2023-06-06T14:00:00,238.45
2023-06-06T15:00:00,147.32
2023-06-06T16:00:00,59.65
2023-06-06T17:00:00,0.0
2023-06-06T18:00:00,0.0
2023-06-06T19:00:00,0.0
2023-06-06T20:00:00,0.0
2023-06-06T21:00:00,0.0
2023-06-06T22:00:00,0.0
2023-06-06T23:00:00,0.0
2023-06-07T00:00:00,0.0
2023-06-07T01:00:00,0.0
2023-06-07T02:00:00,0.0
2023-06-07T03:00:00,0.0
2023-06-07T04:00:00,0.0
2023-06-07T05:00:00,0.0
2023-06-07T06:00:00,21.67
2023-06-07T07:00:00,165.95
2023-06-07T08:00:00,325.92
2023-06-07T09:00:00,471.0
2023-06-07T10:00:00,518.45
2023-06-07T11:00:00,635.83
2023-06-07T12:00:00,624.33
2023-06-07T13:00:00,411.58
2023-06-07T14:00:00,390.17
2023-06-07T15:00:00,229.0
2023-06-07T16:00:00,73.45
2023-06-07T17:00:00,0.0
2023-06-07T18:00:00,0.0
2023-06-07T19:00:00,0.0
2023-06-07T20:00:00,0.0
2023-06-07T21:00:00,0.0
2023-06-07T22:00:00,0.0
2023-06-07T23:00:00,0.0
2023-06-08T00:00:00,0.0
2023-06-08T01:00:00,0.0
2023-06-08T02:00:00,0.0
2023-06-08T03:00:00,0.0
2023-06-08T04:00:00,0.0
2023-06-08T05:00:00,0.0
2023-06-08T06:00:00,28.52
2023-06-08T07:00:00,188.62
2023-06-08T08:00:00,372.6
2023-06-08T09:00:00,532.85
2023-06-08T10:00:00,652.85
2023-06-08T11:00:00,690.5
2023-06-08T12:00:00,674.75
2023-06-08T13:00:00,612.22
2023-06-08T14:00:00,472.98
2023-06-08T15:00:00,293.17
2023-06-08T16:00:00,109.35
2023-06-08T17:00:00,0.0
2023-06-08T18:00:00,0.0
2023-06-08T19:00:00,0.0
2023-06-08T20:00:00,0.0
2023-06-08T21:00:00,0.0
2023-06-08T22:00:00,0.0
2023-06-08T23:00:00,0.0
2023-06-09T00:00:00,0.0
2023-06-09T01:00:00,0.0
2023-06-09T02:00:00,0.0
2023-06-09T03:00:00,0.0
2023-06-09T04:00:00,0.0
2023-06-09T05:00:00,0.0
2023-06-09T06:00:00,29.85
2023-06-09T07:00:00,205.27
2023-06-09T08:00:00,401.1
2023-06-09T09:00:00,579.8
2023-06-09T10:00:00,693.95
2023-06-09T11:00:00,703.33
2023-06-09T12:00:00,715.42
2023-06-09T13:00:00,622.4
2023-06-09T14:00:00,487.6
2023-06-09T15:00:00,301.73
2023-06-09T16:00:00,111.15
2023-06-09T17:00:00,0.0
2023-06-09T18:00:00,0.0
2023-06-09T19:00:00,0.0
2023-06-09T20:00:00,0.0
2023-06-09T21:00:00,0.0
2023-06-09T22:00:00,0.0
2023-06-09T23:00:00,0.0
2023-06-10T00:00:00,0.0
2023-06-10T01:00:00,0.0
2023-06-10T02:00:00,0.0
2023-06-10T03:00:00,0.0
2023-06-10T04:00:00,0.0
2023-06-10T05:00:00,0.0
2023-06-10T06:00:00,28.2
2023-06-10T07:00:00,196.38
2023-06-10T08:00:00,395.88
2023-06-10T09:00:00,563.12
2023-06-10T10:00:00,662.35
2023-06-10T11:00:00,582.5
2023-06-10T12:00:00,674.3
2023-06-10T13:00:00,464.2
2023-06-10T14:00:00,283.02
2023-06-10T15:00:00,175.15
2023-06-10T16:00:00,65.8
2023-06-10T17:00:00,0.0
2023-06-10T18:00:00,0.0
2023-06-10T19:00:00,0.0
2023-06-10T20:00:00,0.0
2023-06-10T21:00:00,0.0
2023-06-10T22:00:00,0.0
2023-06-10T23:00:00,0.0
2023-06-11T00:00:00,0.0
2023-06-11T01:00:00,0.0
2023-06-11T02:00:00,0.0
2023-06-11T03:00:00,0.0
2023-06-11T04:00:00,0.0
2023-06-11T05:00:00,0.0
2023-06-11T06:00:00,11.52
2023-06-11T07:00:00,100.2
2023-06-11T08:00:00,212.27
2023-06-11T09:00:00,313.25
2023-06-11T10:00:00,435.52
2023-06-11T11:00:00,525.45
2023-06-11T12:00:00,547.1
2023-06-11T13:00:00,446.85
2023-06-11T14:00:00,301.45
2023-06-11T15:00:00,187.32
2023-06-11T16:00:00,71.03
2023-06-11T17:00:00,0.0
2023-06-11T18:00:00,0.0
2023-06-11T19:00:00,0.0
2023-06-11T20:00:00,0.0
2023-06-11T21:00:00,0.0
2023-06-11T22:00:00,0.0
2023-06-11T23:00:00,0.0
2023-06-12T00:00:00,0.0
2023-06-12T01:00:00,0.0
2023-06-12T02:00:00,0.0
2023-06-12T03:00:00,0.0
2023-06-12T04:00:00,0.0
2023-06-12T05:00:00,0.0
2023-06-12T06:00:00,14.27
2023-06-12T07:00:00,95.68
2023-06-12T08:00:00,202.02
2023-06-12T09:00:00,356.95
2023-06-12T10:00:00,440.23
2023-06-12T11:00:00,434.08
2023-06-12T12:00:00,386.67
2023-06-12T13:00:00,352.5
2023-06-12T14:00:00,241.55
2023-06-12T15:00:00,151.62
2023-06-12T16:00:00,62.5
2023-06-12T17:00:00,0.0
2023-06-12T18:00:00,0.0
2023-06-12T19:00:00,0.0
2023-06-12T20:00:00,0.0
2023-06-12T21:00:00,0.0
2023-06-12T22:00:00,0.0
2023-06-12T23:00:00,0.0
2023-06-13T00:00:00,0.0
2023-06-13T01:00:00,0.0
2023-06-13T02:00:00,0.0
2023-06-13T03:00:00,0.0
2023-06-13T04:00:00,0.0
2023-06-13T05:00:00,0.0
2023-06-13T06:00:00,13.2
2023-06-13T07:00:00,89.3
2023-06-13T08:00:00,171.68
2023-06-13T09:00:00,247.1
2023-06-13T10:00:00,283.8
2023-06-13T11:00:00,291.3
2023-06-13T12:00:00,352.33
2023-06-13T13:00:00,381.6
2023-06-13T14:00:00,277.52
2023-06-13T15:00:00,158.48
2023-06-13T16:00:00,55.62
2023-06-13T17:00:00,0.0
2023-06-13T18:00:00,0.0
2023-06-13T19:00:00,0.0
2023-06-13T20:00:00,0.0
2023-06-13T21:00:00,0.0
2023-06-13T22:00:00,0.0
2023-06-13T23:00:00,0.0
2023-06-14T00:00:00,0.0
2023-06-14T01:00:00,0.0
2023-06-14T02:00:00,0.0
2023-06-14T03:00:00,0.0
2023-06-14T04:00:00,0.0
2023-06-14T05:00:00,0.0
2023-06-14T06:00:00,9.1
2023-06-14T07:00:00,67.68
2023-06-14T08:00:00,146.52
2023-06-14T09:00:00,217.75
2023-06-14T10:00:00,291.88
2023-06-14T11:00:00,330.95
2023-06-14T12:00:00,372.08
2023-06-14T13:00:00,285.23
2023-06-14T14:00:00,217.32
2023-06-14T15:00:00,135.48
2023-06-14T16:00:00,54.75
2023-06-14T17:00:00,0.0
2023-06-14T18:00:00,0.0
2023-06-14T19:00:00,0.0
2023-06-14T20:00:00,0.0
2023-06-14T21:00:00,0.0
2023-06-14T22:00:00,0.0
2023-06-14T23:00:00,0.0
2023-06-15T00:00:00,0.0
2023-06-15T01:00:00,0.0
2023-06-15T02:00:00,0.0
2023-06-15T03:00:00,0.0
2023-06-15T04:00:00,0.0
2023-06-15T05:00:00,0.0
2023-06-15T06:00:00,15.98
2023-06-15T07:00:00,105.6
2023-06-15T08:00:00,221.38
2023-06-15T09:00:00,325.95
2023-06-15T10:00:00,429.45
2023-06-15T11:00:00,408.55
2023-06-15T12:00:00,386.48
2023-06-15T13:00:00,362.3
2023-06-15T14:00:00,229.27
2023-06-15T15:00:00,134.7
2023-06-15T16:00:00,47.0
2023-06-15T17:00:00,0.0
2023-06-15T18:00:00,0.0
2023-06-15T19:00:00,0.0
2023-06-15T20:00:00,0.0
2023-06-15T21:00:00,0.0
2023-06-15T22:00:00,0.0
2023-06-15T23:00:00,0.0
2023-06-16T00:00:00,0.0
2023-06-16T01:00:00,0.0
2023-06-16T02:00:00,0.0
2023-06-16T03:00:00,0.0
2023-06-16T04:00:00,0.0
2023-06-16T05:00:00,0.0
2023-06-16T06:00:00,12.43
2023-06-16T07:00:00,92.0
2023-06-16T08:00:00,176.7
2023-06-16T09:00:00,272.77
2023-06-16T10:00:00,443.8
2023-06-16T11:00:00,628.65
2023-06-16T12:00:00,672.65
2023-06-16T13:00:00,584.42
2023-06-16T14:00:00,438.27
2023-06-16T15:00:00,269.35
2023-06-16T16:00:00,95.18
2023-06-16T17:00:00,0.0
2023-06-16T18:00:00,0.0
2023-06-16T19:00:00,0.0
2023-06-16T20:00:00,0.0
2023-06-16T21:00:00,0.0
2023-06-16T22:00:00,0.0
2023-06-16T23:00:00,0.0
2023-06-17T00:00:00,0.0
2023-06-17T01:00:00,0.0
2023-06-17T02:00:00,0.0
2023-06-17T03:00:00,0.0
2023-06-17T04:00:00,0.0
2023-06-17T05:00:00,0.0
2023-06-17T06:00:00,23.83
2023-06-17T07:00:00,184.98
2023-06-17T08:00:00,370.25
2023-06-17T09:00:00,542.38
2023-06-17T10:00:00,659.4
2023-06-17T11:00:00,722.58
2023-06-17T12:00:00,696.58
2023-06-17T13:00:00,576.08
2023-06-17T14:00:00,418.2
2023-06-17T15:00:00,256.8
2023-06-17T16:00:00,94.45
2023-06-17T17:00:00,0.0
2023-06-17T18:00:00,0.0
2023-06-17T19:00:00,0.0
2023-06-17T20:00:00,0.0
2023-06-17T21:00:00,0.0
2023-06-17T22:00:00,0.0
2023-06-17T23:00:00,0.0
2023-06-18T00:00:00,0.0
2023-06-18T01:00:00,0.0
2023-06-18T02:00:00,0.0
2023-06-18T03:00:00,0.0
2023-06-18T04:00:00,0.0
2023-06-18T05:00:00,0.0
2023-06-18T06:00:00,16.52
2023-06-18T07:00:00,154.43
2023-06-18T08:00:00,321.4
2023-06-18T09:00:00,484.33
2023-06-18T10:00:00,589.92
2023-06-18T11:00:00,627.08
2023-06-18T12:00:00,603.28
2023-06-18T13:00:00,466.88
2023-06-18T14:00:00,385.35
2023-06-18T15:00:00,209.5
2023-06-18T16:00:00,75.18
2023-06-18T17:00:00,0.0
2023-06-18T18:00:00,0.0
2023-06-18T19:00:00,0.0
2023-06-18T20:00:00,0.0
2023-06-18T21:00:00,0.0
2023-06-18T22:00:00,0.0
2023-06-18T23:00:00,0.0
2023-06-19T00:00:00,0.0
2023-06-19T01:00:00,0.0
2023-06-19T02:00:00,0.0
2023-06-19T03:00:00,0.0
2023-06-19T04:00:00,0.0
2023-06-19T05:00:00,0.0
2023-06-19T06:00:00,21.83
2023-06-19T07:00:00,156.93
2023-06-19T08:00:00,320.48
2023-06-19T09:00:00,457.45
2023-06-19T10:00:00,608.8
2023-06-19T11:00:00,713.47
2023-06-19T12:00:00,721.55
2023-06-19T13:00:00,633.22
2023-06-19T14:00:00,495.38
2023-06-19T15:00:00,305.23
2023-06-19T16:00:00,110.43
2023-06-19T17:00:00,0.0
2023-06-19T18:00:00,0.0
2023-06-19T19:00:00,0.0
2023-06-19T20:00:00,0.0
2023-06-19T21:00:00,0.0
2023-06-19T22:00:00,0.0
2023-06-19T23:00:00,0.0
2023-06-20T00:00:00,0.0
2023-06-20T01:00:00,0.0
2023-06-20T02:00:00,0.0
2023-06-20T03:00:00,0.0
2023-06-20T04:00:00,0.0
2023-06-20T05:00:00,0.0
2023-06-20T06:00:00,18.88
2023-06-20T07:00:00,139.43
2023-06-20T08:00:00,289.05
2023-06-20T09:00:00,408.98
2023-06-20T10:00:00,649.15
2023-06-20T11:00:00,679.22
2023-06-20T12:00:00,652.1
2023-06-20T13:00:00,468.52
2023-06-20T14:00:00,423.98
2023-06-20T15:00:00,247.38
2023-06-20T16:00:00,92.43
2023-06-20T17:00:00,0.0
2023-06-20T18:00:00,0.0
2023-06-20T19:00:00,0.0
2023-06-20T20:00:00,0.0
2023-06-20T21:00:00,0.0
2023-06-20T22:00:00,0.0
2023-06-20T23:00:00,0.0
2023-06-21T00:00:00,0.0
2023-06-21T01:00:00,0.0
2023-06-21T02:00:00,0.0
2023-06-21T03:00:00,0.0
2023-06-21T04:00:00,0.0
2023-06-21T05:00:00,0.0
2023-06-21T06:00:00,20.73
2023-06-21T07:00:00,159.38
2023-06-21T08:00:00,323.83
2023-06-21T09:00:00,488.88
2023-06-21T10:00:00,580.9
2023-06-21T11:00:00,628.2
2023-06-21T12:00:00,674.85
2023-06-21T13:00:00,593.33
2023-06-21T14:00:00,486.52
2023-06-21T15:00:00,296.33
2023-06-21T16:00:00,112.1
2023-06-21T17:00:00,0.0
2023-06-21T18:00:00,0.0
2023-06-21T19:00:00,0.0
2023-06-21T20:00:00,0.0
2023-06-21T21:00:00,0.0
2023-06-21T22:00:00,0.0
2023-06-21T23:00:00,0.0
2023-06-22T00:00:00,0.0
2023-06-22T01:00:00,0.0
2023-06-22T02:00:00,0.0
2023-06-22T03:00:00,0.0
2023-06-22T04:00:00,0.0
2023-06-22T05:00:00,0.0
2023-06-22T06:00:00,19.25
2023-06-22T07:00:00,138.93
2023-06-22T08:00:00,285.15
2023-06-22T09:00:00,462.45
2023-06-22T10:00:00,559.08
2023-06-22T11:00:00,642.9
2023-06-22T12:00:00,651.65
2023-06-22T13:00:00,567.0
2023-06-22T14:00:00,420.67
2023-06-22T15:00:00,218.18
2023-06-22T16:00:00,86.93
2023-06-22T17:00:00,0.0
2023-06-22T18:00:00,0.0
2023-06-22T19:00:00,0.0
2023-06-22T20:00:00,0.0
2023-06-22T21:00:00,0.0
2023-06-22T22:00:00,0.0
2023-06-22T23:00:00,0.0
2023-06-23T00:00:00,0.0
2023-06-23T01:00:00,0.0
2023-06-23T02:00:00,0.0
2023-06-23T03:00:00,0.0
2023-06-23T04:00:00,0.0
2023-06-23T05:00:00,0.0
2023-06-23T06:00:00,23.75
2023-06-23T07:00:00,183.95
2023-06-23T08:00:00,371.45
2023-06-23T09:00:00,535.97
2023-06-23T10:00:00,666.45
2023-06-23T11:00:00,692.17
2023-06-23T12:00:00,701.3
2023-06-23T13:00:00,629.7
2023-06-23T14:00:00,470.73
2023-06-23T15:00:00,291.73
2023-06-23T16:00:00,111.68
2023-06-23T17:00:00,0.0
2023-06-23T18:00:00,0.0
2023-06-23T19:00:00,0.0
2023-06-23T20:00:00,0.0
2023-06-23T21:00:00,0.0
2023-06-23T22:00:00,0.0
2023-06-23T23:00:00,0.0
2023-06-24T00:00:00,0.0
2023-06-24T01:00:00,0.0
2023-06-24T02:00:00,0.0
2023-06-24T03:00:00,0.0
2023-06-24T04:00:00,0.0
2023-06-24T05:00:00,0.0
2023-06-24T06:00:00,22.02
2023-06-24T07:00:00,166.68
2023-06-24T08:00:00,334.2
2023-06-24T09:00:00,520.85
2023-06-24T10:00:00,640.6
2023-06-24T11:00:00,691.88
2023-06-24T12:00:00,659.8
2023-06-24T13:00:00,575.35
2023-06-24T14:00:00,452.85
2023-06-24T15:00:00,263.65
2023-06-24T16:00:00,105.18
2023-06-24T17:00:00,0.0
2023-06-24T18:00:00,0.0
2023-06-24T19:00:00,0.0
2023-06-24T20:00:00,0.0
2023-06-24T21:00:00,0.0
2023-06-24T22:00:00,0.0
2023-06-24T23:00:00,0.0
2023-06-25T00:00:00,0.0
2023-06-25T01:00:00,0.0
2023-06-25T02:00:00,0.0
2023-06-25T03:00:00,0.0
2023-06-25T04:00:00,0.0
2023-06-25T05:00:00,0.0
2023-06-25T06:00:00,20.7
2023-06-25T07:00:00,158.55
2023-06-25T08:00:00,302.52
2023-06-25T09:00:00,531.8
2023-06-25T10:00:00,654.97
2023-06-25T11:00:00,722.97
2023-06-25T12:00:00,696.22
2023-06-25T13:00:00,580.55
2023-06-25T14:00:00,479.92
2023-06-25T15:00:00,280.67
2023-06-25T16:00:00,111.57
2023-06-25T17:00:00,0.0
2023-06-25T18:00:00,0.0
2023-06-25T19:00:00,0.0
2023-06-25T20:00:00,0.0
2023-06-25T21:00:00,0.0
2023-06-25T22:00:00,0.0
2023-06-25T23:00:00,0.0
2023-06-26T00:00:00,0.0
2023-06-26T01:00:00,0.0
2023-06-26T02:00:00,0.0
2023-06-26T03:00:00,0.0
2023-06-26T04:00:00,0.0
2023-06-26T05:00:00,0.0
2023-06-26T06:00:00,19.42
2023-06-26T07:00:00,183.4
2023-06-26T08:00:00,370.15
2023-06-26T09:00:00,538.33
2023-06-26T10:00:00,668.2
2023-06-26T11:00:00,732.85
2023-06-26T12:00:00,667.35
2023-06-26T13:00:00,625.72
2023-06-26T14:00:00,466.62
2023-06-26T15:00:00,287.83
2023-06-26T16:00:00,105.05
2023-06-26T17:00:00,0.0
2023-06-26T18:00:00,0.0
2023-06-26T19:00:00,0.0
2023-06-26T20:00:00,0.0
2023-06-26T21:00:00,0.0
2023-06-26T22:00:00,0.0
2023-06-26T23:00:00,0.0
2023-06-27T00:00:00,0.0
2023-06-27T01:00:00,0.0
2023-06-27T02:00:00,0.0
2023-06-27T03:00:00,0.0
2023-06-27T04:00:00,0.0
2023-06-27T05:00:00,0.0
2023-06-27T06:00:00,19.75
2023-06-27T07:00:00,183.43
2023-06-27T08:00:00,382.5
2023-06-27T09:00:00,577.28
2023-06-27T10:00:00,696.92
2023-06-27T11:00:00,745.97
2023-06-27T12:00:00,736.88
2023-06-27T13:00:00,655.72
2023-06-27T14:00:00,515.88
2023-06-27T15:00:00,318.15
2023-06-27T16:00:00,125.85
2023-06-27T17:00:00,0.0
2023-06-27T18:00:00,0.0
2023-06-27T19:00:00,0.0
2023-06-27T20:00:00,0.0
2023-06-27T21:00:00,0.0
2023-06-27T22:00:00,0.0
2023-06-27T23:00:00,0.0
2023-06-28T00:00:00,0.0
2023-06-28T01:00:00,0.0
2023-06-28T02:00:00,0.0
2023-06-28T03:00:00,0.0
2023-06-28T04:00:00,0.0
2023-06-28T05:00:00,0.0
2023-06-28T06:00:00,21.4
2023-06-28T07:00:00,186.38
2023-06-28T08:00:00,379.12
2023-06-28T09:00:00,565.17
2023-06-28T10:00:00,680.72
2023-06-28T11:00:00,687.7
2023-06-28T12:00:00,712.5
2023-06-28T13:00:00,619.17
2023-06-28T14:00:00,476.8
2023-06-28T15:00:00,285.65
2023-06-28T16:00:00,100.82
2023-06-28T17:00:00,3.25
2023-06-28T18:00:00,0.0
2023-06-28T19:00:00,0.0
2023-06-28T20:00:00,0.0
2023-06-28T21:00:00,0.0
2023-06-28T22:00:00,0.0
2023-06-28T23:00:00,0.0
2023-06-29T00:00:00,0.0
2023-06-29T01:00:00,0.0
2023-06-29T02:00:00,0.0
2023-06-29T03:00:00,0.0
2023-06-29T04:00:00,0.0
2023-06-29T05:00:00,0.0
2023-06-29T06:00:00,21.7
2023-06-29T07:00:00,185.52
2023-06-29T08:00:00,380.02
2023-06-29T09:00:00,549.1
2023-06-29T10:00:00,662.12
2023-06-29T11:00:00,722.83
2023-06-29T12:00:00,718.35
2023-06-29T13:00:00,638.88
2023-06-29T14:00:00,501.95
2023-06-29T15:00:00,315.92
2023-06-29T16:00:00,117.2
2023-06-29T17:00:00,3.8
2023-06-29T18:00:00,0.0
2023-06-29T19:00:00,0.0
2023-06-29T20:00:00,0.0
2023-06-29T21:00:00,0.0
2023-06-29T22:00:00,0.0
2023-06-29T23:00:00,0.0
2023-06-30T00:00:00,0.0
2023-06-30T01:00:00,0.0
2023-06-30T02:00:00,0.0
2023-06-30T03:00:00,0.0
2023-06-30T04:00:00,0.0
2023-06-30T05:00:00,0.0
2023-06-30T06:00:00,21.75
2023-06-30T07:00:00,183.9
2023-06-30T08:00:00,373.2
2023-06-30T09:00:00,549.65
2023-06-30T10:00:00,662.47
2023-06-30T11:00:00,716.33
2023-06-30T12:00:00,722.25
2023-06-30T13:00:00,646.7
2023-06-30T14:00:00,512.72
2023-06-30T15:00:00,319.12
2023-06-30T16:00:00,119.7
2023-06-30T17:00:00,3.92
2023-06-30T18:00:00,0.0
2023-06-30T19:00:00,0.0
2023-06-30T20:00:00,0.0
2023-06-30T21:00:00,0.0
2023-06-30T22:00:00,0.0
2023-06-30T23:00:00,0.0
2023-07-01T00:00:00,0.0
2023-07-01T01:00:00,0.0
2023-07-01T02:00:00,0.0
2023-07-01T03:00:00,0.0
2023-07-01T04:00:00,0.0
2023-07-01T05:00:00,0.0
2023-07-01T06:00:00,18.8
2023-07-01T07:00:00,166.35
2023-07-01T08:00:00,346.5
2023-07-01T09:00:00,512.33
2023-07-01T10:00:00,624.05
2023-07-01T11:00:00,679.2
2023-07-01T12:00:00,668.33
2023-07-01T13:00:00,591.47
2023-07-01T14:00:00,470.42
2023-07-01T15:00:00,278.4
2023-07-01T16:00:00,105.03
2023-07-01T17:00:00,3.67
2023-07-01T18:00:00,0.0
2023-07-01T19:00:00,0.0
2023-07-01T20:00:00,0.0
2023-07-01T21:00:00,0.0
2023-07-01T22:00:00,0.0
2023-07-01T23:00:00,0.0
2023-07-02T00:00:00,0.0
2023-07-02T01:00:00,0.0
2023-07-02T02:00:00,0.0
2023-07-02T03:00:00,0.0
2023-07-02T04:00:00,0.0
2023-07-02T05:00:00,0.0
2023-07-02T06:00:00,16.52
2023-07-02T07:00:00,131.1
2023-07-02T08:00:00,263.48
2023-07-02T09:00:00,420.02
2023-07-02T10:00:00,582.35
2023-07-02T11:00:00,689.1
2023-07-02T12:00:00,656.17
2023-07-02T13:00:00,558.55
2023-07-02T14:00:00,463.05
2023-07-02T15:00:00,269.48
2023-07-02T16:00:00,97.5
2023-07-02T17:00:00,3.25
2023-07-02T18:00:00,0.0
2023-07-02T19:00:00,0.0
2023-07-02T20:00:00,0.0
2023-07-02T21:00:00,0.0
2023-07-02T22:00:00,0.0
2023-07-02T23:00:00,0.0
2023-07-03T00:00:00,0.0
2023-07-03T01:00:00,0.0
2023-07-03T02:00:00,0.0
2023-07-03T03:00:00,0.0
2023-07-03T04:00:00,0.0
2023-07-03T05:00:00,0.0
2023-07-03T06:00:00,9.77
2023-07-03T07:00:00,73.75
2023-07-03T08:00:00,185.62
2023-07-03T09:00:00,309.75
2023-07-03T10:00:00,376.5
2023-07-03T11:00:00,453.42
2023-07-03T12:00:00,456.52
2023-07-03T13:00:00,359.05
2023-07-03T14:00:00,310.33
2023-07-03T15:00:00,181.77
2023-07-03T16:00:00,63.3
2023-07-03T17:00:00,3.62
2023-07-03T18:00:00,0.0
2023-07-03T19:00:00,0.0
2023-07-03T20:00:00,0.0
2023-07-03T21:00:00,0.0
2023-07-03T22:00:00,0.0
2023-07-03T23:00:00,0.0
2023-07-04T00:00:00,0.0
2023-07-04T01:00:00,0.0
2023-07-04T02:00:00,0.0
2023-07-04T03:00:00,0.0
2023-07-04T04:00:00,0.0
2023-07-04T05:00:00,0.0
2023-07-04T06:00:00,12.38
2023-07-04T07:00:00,90.1
2023-07-04T08:00:00,198.7
2023-07-04T09:00:00,291.65
2023-07-04T10:00:00,358.92
2023-07-04T11:00:00,468.05
2023-07-04T12:00:00,464.58
2023-07-04T13:00:00,442.8
2023-07-04T14:00:00,350.23
2023-07-04T15:00:00,216.82
2023-07-04T16:00:00,86.78
2023-07-04T17:00:00,3.72
2023-07-04T18:00:00,0.0
2023-07-04T19:00:00,0.0
2023-07-04T20:00:00,0.0
2023-07-04T21:00:00,0.0
2023-07-04T22:00:00,0.0
2023-07-04T23:00:00,0.0
2023-07-05T00:00:00,0.0
2023-07-05T01:00:00,0.0
2023-07-05T02:00:00,0.0
2023-07-05T03:00:00,0.0
2023-07-05T04:00:00,0.0
2023-07-05T05:00:00,0.0
2023-07-05T06:00:00,19.3
2023-07-05T07:00:00,163.88
2023-07-05T08:00:00,350.15
2023-07-05T09:00:00,514.78
2023-07-05T10:00:00,644.8
2023-07-05T11:00:00,695.05
2023-07-05T12:00:00,669.58
2023-07-05T13:00:00,565.92
2023-07-05T14:00:00,440.17
2023-07-05T15:00:00,274.0
2023-07-05T16:00:00,100.53
2023-07-05T17:00:00,4.2
2023-07-05T18:00:00,0.0
2023-07-05T19:00:00,0.0
2023-07-05T20:00:00,0.0
2023-07-05T21:00:00,0.0
2023-07-05T22:00:00,0.0
2023-07-05T23:00:00,0.0
2023-07-06T00:00:00,0.0
2023-07-06T01:00:00,0.0
2023-07-06T02:00:00,0.0
2023-07-06T03:00:00,0.0
2023-07-06T04:00:00,0.0
2023-07-06T05:00:00,0.0
2023-07-06T06:00:00,19.3
2023-07-06T07:00:00,167.82
2023-07-06T08:00:00,345.05
2023-07-06T09:00:00,503.23
2023-07-06T10:00:00,575.22
2023-07-06T11:00:00,569.65
2023-07-06T12:00:00,495.15
2023-07-06T13:00:00,386.6
2023-07-06T14:00:00,314.85
2023-07-06T15:00:00,192.2
2023-07-06T16:00:00,74.07
2023-07-06T17:00:00,3.78
2023-07-06T18:00:00,0.0
2023-07-06T19:00:00,0.0
2023-07-06T20:00:00,0.0
2023-07-06T21:00:00,0.0
2023-07-06T22:00:00,0.0
2023-07-06T23:00:00,0.0
2023-07-07T00:00:00,0.0
2023-07-07T01:00:00,0.0
2023-07-07T02:00:00,0.0
2023-07-07T03:00:00,0.0
2023-07-07T04:00:00,0.0
2023-07-07T05:00:00,0.0
2023-07-07T06:00:00,20.35
2023-07-07T07:00:00,158.38
2023-07-07T08:00:00,332.77
2023-07-07T09:00:00,490.77
2023-07-07T10:00:00,535.35
2023-07-07T11:00:00,492.08
2023-07-07T12:00:00,529.47
2023-07-07T13:00:00,488.48
2023-07-07T14:00:00,443.83
2023-07-07T15:00:00,280.17
2023-07-07T16:00:00,110.75
2023-07-07T17:00:00,4.45
2023-07-07T18:00:00,0.0
2023-07-07T19:00:00,0.0
2023-07-07T20:00:00,0.0
2023-07-07T21:00:00,0.0
2023-07-07T22:00:00,0.0
2023-07-07T23:00:00,0.0
2023-07-08T00:00:00,0.0
2023-07-08T01:00:00,0.0
2023-07-08T02:00:00,0.0
2023-07-08T03:00:00,0.0
2023-07-08T04:00:00,0.0
2023-07-08T05:00:00,0.0
2023-07-08T06:00:00,19.15
2023-07-08T07:00:00,185.7
2023-07-08T08:00:00,382.98
2023-07-08T09:00:00,558.3
2023-07-08T10:00:00,686.75
2023-07-08T11:00:00,747.85
2023-07-08T12:00:00,740.83
2023-07-08T13:00:00,662.7
2023-07-08T14:00:00,518.8
2023-07-08T15:00:00,334.55
2023-07-08T16:00:00,131.1
2023-07-08T17:00:00,5.28
2023-07-08T18:00:00,0.0
2023-07-08T19:00:00,0.0
2023-07-08T20:00:00,0.0
2023-07-08T21:00:00,0.0
2023-07-08T22:00:00,0.0
2023-07-08T23:00:00,0.0
2023-07-09T00:00:00,0.0
2023-07-09T01:00:00,0.0
2023-07-09T02:00:00,0.0
2023-07-09T03:00:00,0.0
2023-07-09T04:00:00,0.0
2023-07-09T05:00:00,0.0
2023-07-09T06:00:00,17.65
2023-07-09T07:00:00,163.45
2023-07-09T08:00:00,347.83
2023-07-09T09:00:00,511.8
2023-07-09T10:00:00,630.62
2023-07-09T11:00:00,674.78
2023-07-09T12:00:00,679.2
2023-07-09T13:00:00,615.25
2023-07-09T14:00:00,438.23
2023-07-09T15:00:00,242.38
2023-07-09T16:00:00,99.47
2023-07-09T17:00:00,4.12
2023-07-09T18:00:00,0.0
2023-07-09T19:00:00,0.0
2023-07-09T20:00:00,0.0
2023-07-09T21:00:00,0.0
2023-07-09T22:00:00,0.0
2023-07-09T23:00:00,0.0
2023-07-10T00:00:00,0.0
2023-07-10T01:00:00,0.0
2023-07-10T02:00:00,0.0
2023-07-10T03:00:00,0.0
2023-07-10T04:00:00,0.0
2023-07-10T05:00:00,0.0
2023-07-10T06:00:00,18.62
2023-07-10T07:00:00,149.73
2023-07-10T08:00:00,312.9
2023-07-10T09:00:00,459.42
2023-07-10T10:00:00,562.67
2023-07-10T11:00:00,579.05
2023-07-10T12:00:00,563.17
2023-07-10T13:00:00,481.05
2023-07-10T14:00:00,384.9
2023-07-10T15:00:00,207.9
2023-07-10T16:00:00,82.85
2023-07-10T17:00:00,4.1
2023-07-10T18:00:00,0.0
2023-07-10T19:00:00,0.0
2023-07-10T20:00:00,0.0
2023-07-10T21:00:00,0.0
2023-07-10T22:00:00,0.0
2023-07-10T23:00:00,0.0
2023-07-11T00:00:00,0.0
2023-07-11T01:00:00,0.0
2023-07-11T02:00:00,0.0
2023-07-11T03:00:00,0.0
2023-07-11T04:00:00,0.0
2023-07-11T05:00:00,0.0
2023-07-11T06:00:00,16.95
2023-07-11T07:00:00,159.18
2023-07-11T08:00:00,319.6
2023-07-11T09:00:00,536.03
2023-07-11T10:00:00,673.28
2023-07-11T11:00:00,742.3
2023-07-11T12:00:00,726.72
2023-07-11T13:00:00,649.03
2023-07-11T14:00:00,481.42
2023-07-11T15:00:00,304.92
2023-07-11T16:00:00,119.12
2023-07-11T17:00:00,5.4
2023-07-11T18:00:00,0.0
2023-07-11T19:00:00,0.0
2023-07-11T20:00:00,0.0
2023-07-11T21:00:00,0.0
2023-07-11T22:00:00,0.0
2023-07-11T23:00:00,0.0
2023-07-12T00:00:00,0.0
2023-07-12T01:00:00,0.0
2023-07-12T02:00:00,0.0
2023-07-12T03:00:00,0.0
2023-07-12T04:00:00,0.0
2023-07-12T05:00:00,0.0
2023-07-12T06:00:00,19.67
2023-07-12T07:00:00,148.52
2023-07-12T08:00:00,305.52
2023-07-12T09:00:00,450.7
2023-07-12T10:00:00,515.33
2023-07-12T11:00:00,528.3
2023-07-12T12:00:00,576.65
2023-07-12T13:00:00,483.98
2023-07-12T14:00:00,380.33
2023-07-12T15:00:00,239.43
2023-07-12T16:00:00,91.43
2023-07-12T17:00:00,5.25
2023-07-12T18:00:00,0.0
2023-07-12T19:00:00,0.0
2023-07-12T20:00:00,0.0
2023-07-12T21:00:00,0.0
2023-07-12T22:00:00,0.0
2023-07-12T23:00:00,0.0
2023-07-13T00:00:00,0.0
2023-07-13T01:00:00,0.0
2023-07-13T02:00:00,0.0
2023-07-13T03:00:00,0.0
2023-07-13T04:00:00,0.0
2023-07-13T05:00:00,0.0
2023-07-13T06:00:00,12.52
2023-07-13T07:00:00,97.85
2023-07-13T08:00:00,207.6
2023-07-13T09:00:00,365.67
2023-07-13T10:00:00,417.02
2023-07-13T11:00:00,462.65
2023-07-13T12:00:00,493.52
2023-07-13T13:00:00,406.6
2023-07-13T14:00:00,297.67
2023-07-13T15:00:00,189.0
2023-07-13T16:00:00,67.8
2023-07-13T17:00:00,4.07
2023-07-13T18:00:00,0.0
2023-07-13T19:00:00,0.0
2023-07-13T20:00:00,0.0
2023-07-13T21:00:00,0.0
2023-07-13T22:00:00,0.0
2023-07-13T23:00:00,0.0
2023-07-14T00:00:00,0.0
2023-07-14T01:00:00,0.0
2023-07-14T02:00:00,0.0
2023-07-14T03:00:00,0.0
2023-07-14T04:00:00,0.0
2023-07-14T05:00:00,0.0
2023-07-14T06:00:00,12.32
2023-07-14T07:00:00,99.62
2023-07-14T08:00:00,212.25
2023-07-14T09:00:00,372.3
2023-07-14T10:00:00,390.27
2023-07-14T11:00:00,287.65
2023-07-14T12:00:00,262.48
2023-07-14T13:00:00,215.02
2023-07-14T14:00:00,125.7
2023-07-14T15:00:00,100.4
2023-07-14T16:00:00,36.38
2023-07-14T17:00:00,2.47
2023-07-14T18:00:00,0.0
2023-07-14T19:00:00,0.0
2023-07-14T20:00:00,0.0
2023-07-14T21:00:00,0.0
2023-07-14T22:00:00,0.0
2023-07-14T23:00:00,0.0
2023-07-15T00:00:00,0.0
2023-07-15T01:00:00,0.0
2023-07-15T02:00:00,0.0
2023-07-15T03:00:00,0.0
2023-07-15T04:00:00,0.0
2023-07-15T05:00:00,0.0
2023-07-15T06:00:00,13.4
2023-07-15T07:00:00,119.75
2023-07-15T08:00:00,280.15
2023-07-15T09:00:00,437.75
2023-07-15T10:00:00,425.6
2023-07-15T11:00:00,417.35
2023-07-15T12:00:00,253.95
2023-07-15T13:00:00,261.08
2023-07-15T14:00:00,248.0
2023-07-15T15:00:00,159.4
2023-07-15T16:00:00,64.38
2023-07-15T17:00:00,3.7
2023-07-15T18:00:00,0.0
2023-07-15T19:00:00,0.0
2023-07-15T20:00:00,0.0
2023-07-15T21:00:00,0.0
2023-07-15T22:00:00,0.0
2023-07-15T23:00:00,0.0
2023-07-16T00:00:00,0.0
2023-07-16T01:00:00,0.0
2023-07-16T02:00:00,0.0
2023-07-16T03:00:00,0.0
2023-07-16T04:00:00,0.0
2023-07-16T05:00:00,0.0
2023-07-16T06:00:00,17.1
2023-07-16T07:00:00,138.82
2023-07-16T08:00:00,290.08
2023-07-16T09:00:00,431.62
2023-07-16T10:00:00,523.72
2023-07-16T11:00:00,571.88
2023-07-16T12:00:00,535.35
2023-07-16T13:00:00,509.0
2023-07-16T14:00:00,324.83
2023-07-16T15:00:00,175.52
2023-07-16T16:00:00,75.03
2023-07-16T17:00:00,4.18
2023-07-16T18:00:00,0.0
2023-07-16T19:00:00,0.0
2023-07-16T20:00:00,0.0
2023-07-16T21:00:00,0.0
2023-07-16T22:00:00,0.0
2023-07-16T23:00:00,0.0
2023-07-17T00:00:00,0.0
2023-07-17T01:00:00,0.0
2023-07-17T02:00:00,0.0
2023-07-17T03:00:00,0.0
2023-07-17T04:00:00,0.0
2023-07-17T05:00:00,0.0
2023-07-17T06:00:00,14.18
2023-07-17T07:00:00,133.43
2023-07-17T08:00:00,295.2
2023-07-17T09:00:00,456.6
2023-07-17T10:00:00,591.75
2023-07-17T11:00:00,657.3
2023-07-17T12:00:00,644.85
2023-07-17T13:00:00,490.23
2023-07-17T14:00:00,360.02
2023-07-17T15:00:00,220.73
2023-07-17T16:00:00,88.3
2023-07-17T17:00:00,5.28
2023-07-17T18:00:00,0.0
2023-07-17T19:00:00,0.0
2023-07-17T20:00:00,0.0
2023-07-17T21:00:00,0.0
2023-07-17T22:00:00,0.0
2023-07-17T23:00:00,0.0
2023-07-18T00:00:00,0.0
2023-07-18T01:00:00,0.0
2023-07-18T02:00:00,0.0
2023-07-18T03:00:00,0.0
2023-07-18T04:00:00,0.0
2023-07-18T05:00:00,0.0
2023-07-18T06:00:00,15.43
2023-07-18T07:00:00,125.65
2023-07-18T08:00:00,274.92
2023-07-18T09:00:00,420.85
2023-07-18T10:00:00,493.42
2023-07-18T11:00:00,553.95
2023-07-18T12:00:00,560.45
2023-07-18T13:00:00,490.42
2023-07-18T14:00:00,380.7
2023-07-18T15:00:00,234.77
2023-07-18T16:00:00,93.2
2023-07-18T17:00:00,5.7
2023-07-18T18:00:00,0.0
2023-07-18T19:00:00,0.0
2023-07-18T20:00:00,0.0
2023-07-18T21:00:00,0.0
2023-07-18T22:00:00,0.0
2023-07-18T23:00:00,0.0
2023-07-19T00:00:00,0.0
2023-07-19T01:00:00,0.0
2023-07-19T02:00:00,0.0
2023-07-19T03:00:00,0.0
2023-07-19T04:00:00,0.0
2023-07-19T05:00:00,0.0
2023-07-19T06:00:00,8.98
2023-07-19T07:00:00,94.12
2023-07-19T08:00:00,191.68
2023-07-19T09:00:00,324.45
2023-07-19T10:00:00,411.9
2023-07-19T11:00:00,363.17
2023-07-19T12:00:00,360.0
2023-07-19T13:00:00,255.62
2023-07-19T14:00:00,148.12
2023-07-19T15:00:00,110.22
2023-07-19T16:00:00,51.42
2023-07-19T17:00:00,2.15
2023-07-19T18:00:00,0.0
2023-07-19T19:00:00,0.0
2023-07-19T20:00:00,0.0
2023-07-19T21:00:00,0.0
2023-07-19T22:00:00,0.0
2023-07-19T23:00:00,0.0
2023-07-20T00:00:00,0.0
2023-07-20T01:00:00,0.0
2023-07-20T02:00:00,0.0
2023-07-20T03:00:00,0.0
2023-07-20T04:00:00,0.0
2023-07-20T05:00:00,0.0
2023-07-20T06:00:00,8.6
2023-07-20T07:00:00,81.6
2023-07-20T08:00:00,188.07
2023-07-20T09:00:00,280.83
2023-07-20T10:00:00,400.88
2023-07-20T11:00:00,485.12
2023-07-20T12:00:00,444.02
2023-07-20T13:00:00,360.58
2023-07-20T14:00:00,232.18
2023-07-20T15:00:00,149.12
2023-07-20T16:00:00,61.38
2023-07-20T17:00:00,4.4
2023-07-20T18:00:00,0.0
2023-07-20T19:00:00,0.0
2023-07-20T20:00:00,0.0
2023-07-20T21:00:00,0.0
2023-07-20T22:00:00,0.0
2023-07-20T23:00:00,0.0
2023-07-21T00:00:00,0.0
2023-07-21T01:00:00,0.0
2023-07-21T02:00:00,0.0
2023-07-21T03:00:00,0.0
2023-07-21T04:00:00,0.0
2023-07-21T05:00:00,0.0
2023-07-21T06:00:00,21.67
2023-07-21T07:00:00,174.43
2023-07-21T08:00:00,358.85
2023-07-21T09:00:00,527.1
2023-07-21T10:00:00,650.47
2023-07-21T11:00:00,685.83
2023-07-21T12:00:00,651.65
2023-07-21T13:00:00,554.2
2023-07-21T14:00:00,448.3
2023-07-21T15:00:00,287.3
2023-07-21T16:00:00,118.4
2023-07-21T17:00:00,7.25
2023-07-21T18:00:00,0.0
2023-07-21T19:00:00,0.0
2023-07-21T20:00:00,0.0
2023-07-21T21:00:00,0.0
2023-07-21T22:00:00,0.0
2023-07-21T23:00:00,0.0
2023-07-22T00:00:00,0.0
2023-07-22T01:00:00,0.0
2023-07-22T02:00:00,0.0
2023-07-22T03:00:00,0.0
2023-07-22T04:00:00,0.0
2023-07-22T05:00:00,0.0
2023-07-22T06:00:00,8.65
2023-07-22T07:00:00,67.62
2023-07-22T08:00:00,122.4
2023-07-22T09:00:00,186.43
2023-07-22T10:00:00,158.57
2023-07-22T11:00:00,180.07
2023-07-22T12:00:00,280.77
2023-07-22T13:00:00,255.7
2023-07-22T14:00:00,158.27
2023-07-22T15:00:00,111.4
2023-07-22T16:00:00,47.4
2023-07-22T17:00:00,3.92
2023-07-22T18:00:00,0.0
2023-07-22T19:00:00,0.0
2023-07-22T20:00:00,0.0
2023-07-22T21:00:00,0.0
2023-07-22T22:00:00,0.0
2023-07-22T23:00:00,0.0
2023-07-23T00:00:00,0.0
2023-07-23T01:00:00,0.0
2023-07-23T02:00:00,0.0
2023-07-23T03:00:00,0.0
2023-07-23T04:00:00,0.0
2023-07-23T05:00:00,0.0
2023-07-23T06:00:00,14.85
2023-07-23T07:00:00,110.75
2023-07-23T08:00:00,230.68
2023-07-23T09:00:00,352.23
2023-07-23T10:00:00,467.77
2023-07-23T11:00:00,409.55
2023-07-23T12:00:00,384.62
2023-07-23T13:00:00,366.1
2023-07-23T14:00:00,312.62
2023-07-23T15:00:00,202.48
2023-07-23T16:00:00,88.78
2023-07-23T17:00:00,5.18
2023-07-23T18:00:00,0.0
2023-07-23T19:00:00,0.0
2023-07-23T20:00:00,0.0
2023-07-23T21:00:00,0.0
2023-07-23T22:00:00,0.0
2023-07-23T23:00:00,0.0
2023-07-24T00:00:00,0.0
2023-07-24T01:00:00,0.0
2023-07-24T02:00:00,0.0
2023-07-24T03:00:00,0.0
2023-07-24T04:00:00,0.0
2023-07-24T05:00:00,0.0
2023-07-24T06:00:00,10.07
2023-07-24T07:00:00,69.4
2023-07-24T08:00:00,131.25
2023-07-24T09:00:00,191.15
2023-07-24T10:00:00,225.65
2023-07-24T11:00:00,211.82
2023-07-24T12:00:00,230.55
2023-07-24T13:00:00,179.95
2023-07-24T14:00:00,125.32
2023-07-24T15:00:00,92.3
2023-07-24T16:00:00,22.25
2023-07-24T17:00:00,2.05
2023-07-24T18:00:00,0.0
2023-07-24T19:00:00,0.0
2023-07-24T20:00:00,0.0
2023-07-24T21:00:00,0.0
2023-07-24T22:00:00,0.0
2023-07-24T23:00:00,0.0
2023-07-25T00:00:00,0.0
2023-07-25T01:00:00,0.0
2023-07-25T02:00:00,0.0
2023-07-25T03:00:00,0.0
2023-07-25T04:00:00,0.0
2023-07-25T05:00:00,0.0
2023-07-25T06:00:00,5.8
2023-07-25T07:00:00,47.67
2023-07-25T08:00:00,96.3
2023-07-25T09:00:00,157.18
2023-07-25T10:00:00,266.4
2023-07-25T11:00:00,316.67
2023-07-25T12:00:00,328.52
2023-07-25T13:00:00,269.7
2023-07-25T14:00:00,184.6
2023-07-25T15:00:00,126.62
2023-07-25T16:00:00,51.2
2023-07-25T17:00:00,3.72
2023-07-25T18:00:00,0.0
2023-07-25T19:00:00,0.0
2023-07-25T20:00:00,0.0
2023-07-25T21:00:00,0.0
2023-07-25T22:00:00,0.0
2023-07-25T23:00:00,0.0
2023-07-26T00:00:00,0.0
2023-07-26T01:00:00,0.0
2023-07-26T02:00:00,0.0
2023-07-26T03:00:00,0.0
2023-07-26T04:00:00,0.0
2023-07-26T05:00:00,0.0
2023-07-26T06:00:00,12.8
2023-07-26T07:00:00,101.82
2023-07-26T08:00:00,231.82
2023-07-26T09:00:00,370.02
2023-07-26T10:00:00,513.5
2023-07-26T11:00:00,547.4
2023-07-26T12:00:00,438.75
2023-07-26T13:00:00,420.15
2023-07-26T14:00:00,299.77
2023-07-26T15:00:00,174.68
2023-07-26T16:00:00,68.85
2023-07-26T17:00:00,4.9
2023-07-26T18:00:00,0.0
2023-07-26T19:00:00,0.0
2023-07-26T20:00:00,0.0
2023-07-26T21:00:00,0.0
2023-07-26T22:00:00,0.0
2023-07-26T23:00:00,0.0
2023-07-27T00:00:00,0.0
2023-07-27T01:00:00,0.0
2023-07-27T02:00:00,0.0
2023-07-27T03:00:00,0.0
2023-07-27T04:00:00,0.0
2023-07-27T05:00:00,0.0
2023-07-27T06:00:00,15.52
2023-07-27T07:00:00,107.22
2023-07-27T08:00:00,214.1
2023-07-27T09:00:00,316.42
2023-07-27T10:00:00,435.48
2023-07-27T11:00:00,498.73
2023-07-27T12:00:00,481.33
2023-07-27T13:00:00,385.75
2023-07-27T14:00:00,304.6
2023-07-27T15:00:00,182.18
2023-07-27T16:00:00,70.03
2023-07-27T17:00:00,5.78
2023-07-27T18:00:00,0.0
2023-07-27T19:00:00,0.0
2023-07-27T20:00:00,0.0
2023-07-27T21:00:00,0.0
2023-07-27T22:00:00,0.0
2023-07-27T23:00:00,0.0
2023-07-28T00:00:00,0.0
2023-07-28T01:00:00,0.0
2023-07-28T02:00:00,0.0
2023-07-28T03:00:00,0.0
2023-07-28T04:00:00,0.0
2023-07-28T05:00:00,0.0
2023-07-28T06:00:00,18.67
2023-07-28T07:00:00,155.8
2023-07-28T08:00:00,317.42
2023-07-28T09:00:00,468.2
2023-07-28T10:00:00,486.88
2023-07-28T11:00:00,458.23
2023-07-28T12:00:00,486.98
2023-07-28T13:00:00,397.27
2023-07-28T14:00:00,371.65
2023-07-28T15:00:00,197.93
2023-07-28T16:00:00,85.97
2023-07-28T17:00:00,6.68
2023-07-28T18:00:00,0.0
2023-07-28T19:00:00,0.0
2023-07-28T20:00:00,0.0
2023-07-28T21:00:00,0.0
2023-07-28T22:00:00,0.0
2023-07-28T23:00:00,0.0
2023-07-29T00:00:00,0.0
2023-07-29T01:00:00,0.0
2023-07-29T02:00:00,0.0
2023-07-29T03:00:00,0.0
2023-07-29T04:00:00,0.0
2023-07-29T05:00:00,0.0
2023-07-29T06:00:00,26.2
2023-07-29T07:00:00,198.55
2023-07-29T08:00:00,405.6
2023-07-29T09:00:00,584.58
2023-07-29T10:00:00,715.58
2023-07-29T11:00:00,758.12
2023-07-29T12:00:00,728.12
2023-07-29T13:00:00,623.4
2023-07-29T14:00:00,502.62
2023-07-29T15:00:00,319.27
2023-07-29T16:00:00,130.6
2023-07-29T17:00:00,7.07
2023-07-29T18:00:00,0.0
2023-07-29T19:00:00,0.0
2023-07-29T20:00:00,0.0
2023-07-29T21:00:00,0.0
2023-07-29T22:00:00,0.0
2023-07-29T23:00:00,0.0
2023-07-30T00:00:00,0.0
2023-07-30T01:00:00,0.0
2023-07-30T02:00:00,0.0
2023-07-30T03:00:00,0.0
2023-07-30T04:00:00,0.0
2023-07-30T05:00:00,0.0
2023-07-30T06:00:00,23.58
2023-07-30T07:00:00,167.77
2023-07-30T08:00:00,344.4
2023-07-30T09:00:00,522.08
2023-07-30T10:00:00,627.08
2023-07-30T11:00:00,671.75
2023-07-30T12:00:00,636.28
2023-07-30T13:00:00,569.38
2023-07-30T14:00:00,520.55
2023-07-30T15:00:00,278.98
2023-07-30T16:00:00,112.62
2023-07-30T17:00:00,7.28
2023-07-30T18:00:00,0.0
2023-07-30T19:00:00,0.0
2023-07-30T20:00:00,0.0
2023-07-30T21:00:00,0.0
2023-07-30T22:00:00,0.0
2023-07-30T23:00:00,0.0
2023-07-31T00:00:00,0.0
2023-07-31T01:00:00,0.0
2023-07-31T02:00:00,0.0
2023-07-31T03:00:00,0.0
2023-07-31T04:00:00,0.0
2023-07-31T05:00:00,0.0
2023-07-31T06:00:00,28.42
2023-07-31T07:00:00,189.02
2023-07-31T08:00:00,377.45
2023-07-31T09:00:00,544.95
2023-07-31T10:00:00,677.15
2023-07-31T11:00:00,727.0
2023-07-31T12:00:00,660.6
2023-07-31T13:00:00,587.7
2023-07-31T14:00:00,350.12
2023-07-31T15:00:00,221.6
2023-07-31T16:00:00,90.7
2023-07-31T17:00:00,8.55
2023-07-31T18:00:00,0.0
2023-07-31T19:00:00,0.0
2023-07-31T20:00:00,0.0
2023-07-31T21:00:00,0.0
2023-07-31T22:00:00,0.0
2023-07-31T23:00:00,0.0
2023-08-01T00:00:00,0.0
2023-08-01T01:00:00,0.0
2023-08-01T02:00:00,0.0
2023-08-01T03:00:00,0.0
2023-08-01T04:00:00,0.0
2023-08-01T05:00:00,0.0
2023-08-01T06:00:00,20.45
2023-08-01T07:00:00,137.68
2023-08-01T08:00:00,284.98
2023-08-01T09:00:00,542.33
2023-08-01T10:00:00,681.53
2023-08-01T11:00:00,738.88
2023-08-01T12:00:00,715.2
2023-08-01T13:00:00,580.1
2023-08-01T14:00:00,483.92
2023-08-01T15:00:00,262.15
2023-08-01T16:00:00,114.78
2023-08-01T17:00:00,8.0
2023-08-01T18:00:00,0.0
2023-08-01T19:00:00,0.0
2023-08-01T20:00:00,0.0
2023-08-01T21:00:00,0.0
2023-08-01T22:00:00,0.0
2023-08-01T23:00:00,0.0
2023-08-02T00:00:00,0.0
2023-08-02T01:00:00,0.0
2023-08-02T02:00:00,0.0
2023-08-02T03:00:00,0.0
2023-08-02T04:00:00,0.0
2023-08-02T05:00:00,0.0
2023-08-02T06:00:00,21.25
2023-08-02T07:00:00,149.68
2023-08-02T08:00:00,292.5
2023-08-02T09:00:00,466.05
2023-08-02T10:00:00,695.33
2023-08-02T11:00:00,793.3
2023-08-02T12:00:00,780.38
2023-08-02T13:00:00,705.38
2023-08-02T14:00:00,555.12
2023-08-02T15:00:00,368.25
2023-08-02T16:00:00,158.57
2023-08-02T17:00:00,11.0
2023-08-02T18:00:00,0.0
2023-08-02T19:00:00,0.0
2023-08-02T20:00:00,0.0
2023-08-02T21:00:00,0.0
2023-08-02T22:00:00,0.0
2023-08-02T23:00:00,0.0
2023-08-03T00:00:00,0.0
2023-08-03T01:00:00,0.0
2023-08-03T02:00:00,0.0
2023-08-03T03:00:00,0.0
2023-08-03T04:00:00,0.0
2023-08-03T05:00:00,0.0
2023-08-03T06:00:00,21.2
2023-08-03T07:00:00,136.65
2023-08-03T08:00:00,294.83
2023-08-03T09:00:00,480.12
2023-08-03T10:00:00,569.65
2023-08-03T11:00:00,586.85
2023-08-03T12:00:00,408.33
2023-08-03T13:00:00,236.62
2023-08-03T14:00:00,106.25
2023-08-03T15:00:00,84.82
2023-08-03T16:00:00,31.98
2023-08-03T17:00:00,3.65
2023-08-03T18:00:00,0.0
2023-08-03T19:00:00,0.0
2023-08-03T20:00:00,0.0
2023-08-03T21:00:00,0.0
2023-08-03T22:00:00,0.0
2023-08-03T23:00:00,0.0
2023-08-04T00:00:00,0.0
2023-08-04T01:00:00,0.0
2023-08-04T02:00:00,0.0
2023-08-04T03:00:00,0.0
2023-08-04T04:00:00,0.0
2023-08-04T05:00:00,0.0
2023-08-04T06:00:00,8.68
2023-08-04T07:00:00,36.0
2023-08-04T08:00:00,84.43
2023-08-04T09:00:00,91.97
2023-08-04T10:00:00,170.12
2023-08-04T11:00:00,112.72
2023-08-04T12:00:00,126.82
2023-08-04T13:00:00,70.28
2023-08-04T14:00:00,47.05
2023-08-04T15:00:00,74.47
2023-08-04T16:00:00,42.53
2023-08-04T17:00:00,3.67
2023-08-04T18:00:00,0.0
2023-08-04T19:00:00,0.0
2023-08-04T20:00:00,0.0
2023-08-04T21:00:00,0.0
2023-08-04T22:00:00,0.0
2023-08-04T23:00:00,0.0
2023-08-05T00:00:00,0.0
2023-08-05T01:00:00,0.0
2023-08-05T02:00:00,0.0
2023-08-05T03:00:00,0.0
2023-08-05T04:00:00,0.0
2023-08-05T05:00:00,0.0
2023-08-05T06:00:00,13.15
2023-08-05T07:00:00,94.72
2023-08-05T08:00:00,196.27
2023-08-05T09:00:00,311.65
2023-08-05T10:00:00,422.38
2023-08-05T11:00:00,428.73
2023-08-05T12:00:00,399.1
2023-08-05T13:00:00,351.85
2023-08-05T14:00:00,256.88
2023-08-05T15:00:00,166.75
2023-08-05T16:00:00,74.55
2023-08-05T17:00:00,5.7
2023-08-05T18:00:00,0.0
2023-08-05T19:00:00,0.0
2023-08-05T20:00:00,0.0
2023-08-05T21:00:00,0.0
2023-08-05T22:00:00,0.0
2023-08-05T23:00:00,0.0
2023-08-06T00:00:00,0.0
2023-08-06T01:00:00,0.0
2023-08-06T02:00:00,0.0
2023-08-06T03:00:00,0.0
2023-08-06T04:00:00,0.0
2023-08-06T05:00:00,0.0
2023-08-06T06:00:00,26.17
2023-08-06T07:00:00,161.4
2023-08-06T08:00:00,303.9
2023-08-06T09:00:00,498.48
2023-08-06T10:00:00,640.03
2023-08-06T11:00:00,702.78
2023-08-06T12:00:00,688.42
2023-08-06T13:00:00,622.22
2023-08-06T14:00:00,495.62
2023-08-06T15:00:00,299.52
2023-08-06T16:00:00,129.25
2023-08-06T17:00:00,9.38
2023-08-06T18:00:00,0.0
2023-08-06T19:00:00,0.0
2023-08-06T20:00:00,0.0
2023-08-06T21:00:00,0.0
2023-08-06T22:00:00,0.0
2023-08-06T23:00:00,0.0
2023-08-07T00:00:00,0.0
2023-08-07T01:00:00,0.0
2023-08-07T02:00:00,0.0
2023-08-07T03:00:00,0.0
2023-08-07T04:00:00,0.0
2023-08-07T05:00:00,0.0
2023-08-07T06:00:00,29.75
2023-08-07T07:00:00,188.02
2023-08-07T08:00:00,376.62
2023-08-07T09:00:00,557.97
2023-08-07T10:00:00,699.72
2023-08-07T11:00:00,754.22
2023-08-07T12:00:00,671.7
2023-08-07T13:00:00,586.58
2023-08-07T14:00:00,397.48
2023-08-07T15:00:00,272.85
2023-08-07T16:00:00,124.47
2023-08-07T17:00:00,7.53
2023-08-07T18:00:00,0.0
2023-08-07T19:00:00,0.0
2023-08-07T20:00:00,0.0
2023-08-07T21:00:00,0.0
2023-08-07T22:00:00,0.0
2023-08-07T23:00:00,0.0
2023-08-08T00:00:00,0.0
2023-08-08T01:00:00,0.0
2023-08-08T02:00:00,0.0
2023-08-08T03:00:00,0.0
2023-08-08T04:00:00,0.0
2023-08-08T05:00:00,0.0
2023-08-08T06:00:00,13.7
2023-08-08T07:00:00,97.3
2023-08-08T08:00:00,182.32
2023-08-08T09:00:00,300.5
2023-08-08T10:00:00,329.33
2023-08-08T11:00:00,236.0
2023-08-08T12:00:00,302.92
2023-08-08T13:00:00,219.57
2023-08-08T14:00:00,191.15
2023-08-08T15:00:00,114.62
2023-08-08T16:00:00,49.3
2023-08-08T17:00:00,4.85
2023-08-08T18:00:00,0.0
2023-08-08T19:00:00,0.0
2023-08-08T20:00:00,0.0
2023-08-08T21:00:00,0.0
2023-08-08T22:00:00,0.0
2023-08-08T23:00:00,0.0
2023-08-09T00:00:00,0.0
2023-08-09T01:00:00,0.0
2023-08-09T02:00:00,0.0
2023-08-09T03:00:00,0.0
2023-08-09T04:00:00,0.0
2023-08-09T05:00:00,0.0
2023-08-09T06:00:00,6.03
2023-08-09T07:00:00,57.2
2023-08-09T08:00:00,94.12
2023-08-09T09:00:00,138.65
2023-08-09T10:00:00,187.18
2023-08-09T11:00:00,110.3
2023-08-09T12:00:00,190.57
2023-08-09T13:00:00,179.82
2023-08-09T14:00:00,135.38
2023-08-09T15:00:00,94.43
2023-08-09T16:00:00,45.1
2023-08-09T17:00:00,3.7
2023-08-09T18:00:00,0.0
2023-08-09T19:00:00,0.0
2023-08-09T20:00:00,0.0
2023-08-09T21:00:00,0.0
2023-08-09T22:00:00,0.0
2023-08-09T23:00:00,0.0
2023-08-10T00:00:00,0.0
2023-08-10T01:00:00,0.0
2023-08-10T02:00:00,0.0
2023-08-10T03:00:00,0.0
2023-08-10T04:00:00,0.0
2023-08-10T05:00:00,0.0
2023-08-10T06:00:00,23.73
2023-08-10T07:00:00,167.98
2023-08-10T08:00:00,358.12
2023-08-10T09:00:00,469.67
2023-08-10T10:00:00,610.6
2023-08-10T11:00:00,635.97
2023-08-10T12:00:00,723.42
2023-08-10T13:00:00,514.12
2023-08-10T14:00:00,486.23
2023-08-10T15:00:00,318.85
2023-08-10T16:00:00,131.35
2023-08-10T17:00:00,11.35
2023-08-10T18:00:00,0.0
2023-08-10T19:00:00,0.0
2023-08-10T20:00:00,0.0
2023-08-10T21:00:00,0.0
2023-08-10T22:00:00,0.0
2023-08-10T23:00:00,0.0
2023-08-11T00:00:00,0.0
2023-08-11T01:00:00,0.0
2023-08-11T02:00:00,0.0
2023-08-11T03:00:00,0.0
2023-08-11T04:00:00,0.0
2023-08-11T05:00:00,0.0
2023-08-11T06:00:00,37.78
2023-08-11T07:00:00,219.32
2023-08-11T08:00:00,450.48
2023-08-11T09:00:00,652.08
2023-08-11T10:00:00,766.6
2023-08-11T11:00:00,823.62
2023-08-11T12:00:00,814.22
2023-08-11T13:00:00,727.72
2023-08-11T14:00:00,572.7
2023-08-11T15:00:00,341.45
2023-08-11T16:00:00,150.95
2023-08-11T17:00:00,10.4
2023-08-11T18:00:00,0.0
2023-08-11T19:00:00,0.0
2023-08-11T20:00:00,0.0
2023-08-11T21:00:00,0.0
2023-08-11T22:00:00,0.0
2023-08-11T23:00:00,0.0
2023-08-12T00:00:00,0.0
2023-08-12T01:00:00,0.0
2023-08-12T02:00:00,0.0
2023-08-12T03:00:00,0.0
2023-08-12T04:00:00,0.0
2023-08-12T05:00:00,0.0
2023-08-12T06:00:00,36.4
2023-08-12T07:00:00,212.93
2023-08-12T08:00:00,415.77
2023-08-12T09:00:00,612.17
2023-08-12T10:00:00,771.2
2023-08-12T11:00:00,833.62
2023-08-12T12:00:00,820.83
2023-08-12T13:00:00,729.12
2023-08-12T14:00:00,590.95
2023-08-12T15:00:00,392.15
2023-08-12T16:00:00,169.77
2023-08-12T17:00:00,12.8
2023-08-12T18:00:00,0.0
2023-08-12T19:00:00,0.0
2023-08-12T20:00:00,0.0
2023-08-12T21:00:00,0.0
2023-08-12T22:00:00,0.0
2023-08-12T23:00:00,0.0
2023-08-13T00:00:00,0.0
2023-08-13T01:00:00,0.0
2023-08-13T02:00:00,0.0
2023-08-13T03:00:00,0.0
2023-08-13T04:00:00,0.0
2023-08-13T05:00:00,0.0
2023-08-13T06:00:00,27.52
2023-08-13T07:00:00,158.85
2023-08-13T08:00:00,361.17
2023-08-13T09:00:00,579.12
2023-08-13T10:00:00,725.12
2023-08-13T11:00:00,786.85
2023-08-13T12:00:00,775.58
2023-08-13T13:00:00,653.7
2023-08-13T14:00:00,490.88
2023-08-13T15:00:00,256.55
2023-08-13T16:00:00,118.78
2023-08-13T17:00:00,9.7
2023-08-13T18:00:00,0.0
2023-08-13T19:00:00,0.0
2023-08-13T20:00:00,0.0
2023-08-13T21:00:00,0.0
2023-08-13T22:00:00,0.0
2023-08-13T23:00:00,0.0
2023-08-14T00:00:00,0.0
2023-08-14T01:00:00,0.0
2023-08-14T02:00:00,0.0
2023-08-14T03:00:00,0.0
2023-08-14T04:00:00,0.0
2023-08-14T05:00:00,0.0
2023-08-14T06:00:00,37.53
2023-08-14T07:00:00,218.73
2023-08-14T08:00:00,424.52
2023-08-14T09:00:00,634.9
2023-08-14T10:00:00,711.53
2023-08-14T11:00:00,776.08
2023-08-14T12:00:00,714.55
2023-08-14T13:00:00,646.6
2023-08-14T14:00:00,488.7
2023-08-14T15:00:00,305.42
2023-08-14T16:00:00,131.35
2023-08-14T17:00:00,9.62
2023-08-14T18:00:00,0.0
2023-08-14T19:00:00,0.0
2023-08-14T20:00:00,0.0
2023-08-14T21:00:00,0.0
2023-08-14T22:00:00,0.0
2023-08-14T23:00:00,0.0
2023-08-15T00:00:00,0.0
2023-08-15T01:00:00,0.0
2023-08-15T02:00:00,0.0
2023-08-15T03:00:00,0.0
2023-08-15T04:00:00,0.0
2023-08-15T05:00:00,0.0
2023-08-15T06:00:00,26.0
2023-08-15T07:00:00,128.18
2023-08-15T08:00:00,244.3
2023-08-15T09:00:00,392.65
2023-08-15T10:00:00,502.8
2023-08-15T11:00:00,506.5
2023-08-15T12:00:00,494.5
2023-08-15T13:00:00,469.7
2023-08-15T14:00:00,381.52
2023-08-15T15:00:00,228.8
2023-08-15T16:00:00,105.45
2023-08-15T17:00:00,9.82
2023-08-15T18:00:00,0.0
2023-08-15T19:00:00,0.0
2023-08-15T20:00:00,0.0
2023-08-15T21:00:00,0.0
2023-08-15T22:00:00,0.0
2023-08-15T23:00:00,0.0
2023-08-16T00:00:00,0.0
2023-08-16T01:00:00,0.0
2023-08-16T02:00:00,0.0
2023-08-16T03:00:00,0.0
2023-08-16T04:00:00,0.0
2023-08-16T05:00:00,0.0
2023-08-16T06:00:00,20.08
2023-08-16T07:00:00,107.25
2023-08-16T08:00:00,214.7
2023-08-16T09:00:00,273.88
2023-08-16T10:00:00,300.95
2023-08-16T11:00:00,344.27
2023-08-16T12:00:00,343.98
2023-08-16T13:00:00,315.5
2023-08-16T14:00:00,214.65
2023-08-16T15:00:00,138.32
2023-08-16T16:00:00,63.08
2023-08-16T17:00:00,5.43
2023-08-16T18:00:00,0.0
2023-08-16T19:00:00,0.0
2023-08-16T20:00:00,0.0
2023-08-16T21:00:00,0.0
2023-08-16T22:00:00,0.0
2023-08-16T23:00:00,0.0
2023-08-17T00:00:00,0.0
2023-08-17T01:00:00,0.0
2023-08-17T02:00:00,0.0
2023-08-17T03:00:00,0.0
2023-08-17T04:00:00,0.0
2023-08-17T05:00:00,0.0
2023-08-17T06:00:00,18.02
2023-08-17T07:00:00,93.65
2023-08-17T08:00:00,167.12
2023-08-17T09:00:00,293.95
2023-08-17T10:00:00,415.48
2023-08-17T11:00:00,338.23
2023-08-17T12:00:00,331.27
2023-08-17T13:00:00,287.2
2023-08-17T14:00:00,136.82
2023-08-17T15:00:00,91.45
2023-08-17T16:00:00,47.62
2023-08-17T17:00:00,5.22
2023-08-17T18:00:00,0.0
2023-08-17T19:00:00,0.0
2023-08-17T20:00:00,0.0
2023-08-17T21:00:00,0.0
2023-08-17T22:00:00,0.0
2023-08-17T23:00:00,0.0
2023-08-18T00:00:00,0.0
2023-08-18T01:00:00,0.0
2023-08-18T02:00:00,0.0
2023-08-18T03:00:00,0.0
2023-08-18T04:00:00,0.0
2023-08-18T05:00:00,0.0
2023-08-18T06:00:00,19.1
2023-08-18T07:00:00,101.53
2023-08-18T08:00:00,184.62
2023-08-18T09:00:00,318.1
2023-08-18T10:00:00,470.98
2023-08-18T11:00:00,531.38
2023-08-18T12:00:00,635.67
2023-08-18T13:00:00,577.35
2023-08-18T14:00:00,425.2
2023-08-18T15:00:00,261.05
2023-08-18T16:00:00,109.4
2023-08-18T17:00:00,8.85
2023-08-18T18:00:00,0.0
2023-08-18T19:00:00,0.0
2023-08-18T20:00:00,0.0
2023-08-18T21:00:00,0.0
2023-08-18T22:00:00,0.0
2023-08-18T23:00:00,0.0
2023-08-19T00:00:00,0.0
2023-08-19T01:00:00,0.0
2023-08-19T02:00:00,0.0
2023-08-19T03:00:00,0.0
2023-08-19T04:00:00,0.0
2023-08-19T05:00:00,0.0
2023-08-19T06:00:00,35.62
2023-08-19T07:00:00,184.15
2023-08-19T08:00:00,354.17
2023-08-19T09:00:00,558.45
2023-08-19T10:00:00,662.3
2023-08-19T11:00:00,605.53
2023-08-19T12:00:00,664.33
2023-08-19T13:00:00,579.28
2023-08-19T14:00:00,466.3
2023-08-19T15:00:00,296.85
2023-08-19T16:00:00,128.05
2023-08-19T17:00:00,10.6
2023-08-19T18:00:00,0.0
2023-08-19T19:00:00,0.0
2023-08-19T20:00:00,0.0
2023-08-19T21:00:00,0.0
2023-08-19T22:00:00,0.0
2023-08-19T23:00:00,0.0
2023-08-20T00:00:00,0.0
2023-08-20T01:00:00,0.0
2023-08-20T02:00:00,0.0
2023-08-20T03:00:00,0.0
2023-08-20T04:00:00,0.0
2023-08-20T05:00:00,0.0
2023-08-20T06:00:00,27.15
2023-08-20T07:00:00,137.48
2023-08-20T08:00:00,275.6
2023-08-20T09:00:00,459.73
2023-08-20T10:00:00,614.45
2023-08-20T11:00:00,633.1
2023-08-20T12:00:00,669.25
2023-08-20T13:00:00,474.42
2023-08-20T14:00:00,318.25
2023-08-20T15:00:00,197.57
2023-08-20T16:00:00,80.0
2023-08-20T17:00:00,7.28
2023-08-20T18:00:00,0.0
2023-08-20T19:00:00,0.0
2023-08-20T20:00:00,0.0
2023-08-20T21:00:00,0.0
2023-08-20T22:00:00,0.0
2023-08-20T23:00:00,0.0
2023-08-21T00:00:00,0.0
2023-08-21T01:00:00,0.0
2023-08-21T02:00:00,0.0
2023-08-21T03:00:00,0.0
2023-08-21T04:00:00,0.0
2023-08-21T05:00:00,0.0
2023-08-21T06:00:00,27.08
2023-08-21T07:00:00,130.15
2023-08-21T08:00:00,280.15
2023-08-21T09:00:00,446.45
2023-08-21T10:00:00,538.6
2023-08-21T11:00:00,495.52
2023-08-21T12:00:00,522.28
2023-08-21T13:00:00,427.92
2023-08-21T14:00:00,311.3
2023-08-21T15:00:00,191.48
2023-08-21T16:00:00,81.0
2023-08-21T17:00:00,7.75
2023-08-21T18:00:00,0.0
2023-08-21T19:00:00,0.0
2023-08-21T20:00:00,0.0
2023-08-21T21:00:00,0.0
2023-08-21T22:00:00,0.0
2023-08-21T23:00:00,0.0
2023-08-22T00:00:00,0.0
2023-08-22T01:00:00,0.0
2023-08-22T02:00:00,0.0
2023-08-22T03:00:00,0.0
2023-08-22T04:00:00,0.0
2023-08-22T05:00:00,0.0
2023-08-22T06:00:00,30.12
2023-08-22T07:00:00,138.52
2023-08-22T08:00:00,257.85
2023-08-22T09:00:00,426.4
2023-08-22T10:00:00,521.47
2023-08-22T11:00:00,603.7
2023-08-22T12:00:00,602.12
2023-08-22T13:00:00,529.25
2023-08-22T14:00:00,357.83
2023-08-22T15:00:00,235.2
2023-08-22T16:00:00,106.68
2023-08-22T17:00:00,11.07
2023-08-22T18:00:00,0.0
2023-08-22T19:00:00,0.0
2023-08-22T20:00:00,0.0
2023-08-22T21:00:00,0.0
2023-08-22T22:00:00,0.0
2023-08-22T23:00:00,0.0
2023-08-23T00:00:00,0.0
2023-08-23T01:00:00,0.0
2023-08-23T02:00:00,0.0
2023-08-23T03:00:00,0.0
2023-08-23T04:00:00,0.0
2023-08-23T05:00:00,0.0
2023-08-23T06:00:00,37.0
2023-08-23T07:00:00,185.2
2023-08-23T08:00:00,360.52
2023-08-23T09:00:00,548.85
2023-08-23T10:00:00,714.3
2023-08-23T11:00:00,739.6
2023-08-23T12:00:00,695.28
2023-08-23T13:00:00,473.7
2023-08-23T14:00:00,409.4
2023-08-23T15:00:00,245.57
2023-08-23T16:00:00,124.35
2023-08-23T17:00:00,13.5
2023-08-23T18:00:00,0.0
2023-08-23T19:00:00,0.0
2023-08-23T20:00:00,0.0
2023-08-23T21:00:00,0.0
2023-08-23T22:00:00,0.0
2023-08-23T23:00:00,0.0
2023-08-24T00:00:00,0.0
2023-08-24T01:00:00,0.0
2023-08-24T02:00:00,0.0
2023-08-24T03:00:00,0.0
2023-08-24T04:00:00,0.0
2023-08-24T05:00:00,0.0
2023-08-24T06:00:00,44.08
2023-08-24T07:00:00,204.75
2023-08-24T08:00:00,396.0
2023-08-24T09:00:00,631.15
2023-08-24T10:00:00,783.17
2023-08-24T11:00:00,828.03
2023-08-24T12:00:00,788.25
2023-08-24T13:00:00,667.35
2023-08-24T14:00:00,479.3
2023-08-24T15:00:00,316.33
2023-08-24T16:00:00,147.82
2023-08-24T17:00:00,13.55
2023-08-24T18:00:00,0.0
2023-08-24T19:00:00,0.0
2023-08-24T20:00:00,0.0
2023-08-24T21:00:00,0.0
2023-08-24T22:00:00,0.0
2023-08-24T23:00:00,0.0
2023-08-25T00:00:00,0.0
2023-08-25T01:00:00,0.0
2023-08-25T02:00:00,0.0
2023-08-25T03:00:00,0.0
2023-08-25T04:00:00,0.0
2023-08-25T05:00:00,0.0
2023-08-25T06:00:00,59.9
2023-08-25T07:00:00,255.45
2023-08-25T08:00:00,460.58
2023-08-25T09:00:00,664.1
2023-08-25T10:00:00,793.88
2023-08-25T11:00:00,830.92
2023-08-25T12:00:00,814.12
2023-08-25T13:00:00,757.08
2023-08-25T14:00:00,570.22
2023-08-25T15:00:00,359.0
2023-08-25T16:00:00,165.45
2023-08-25T17:00:00,15.93
2023-08-25T18:00:00,0.0
2023-08-25T19:00:00,0.0
2023-08-25T20:00:00,0.0
2023-08-25T21:00:00,0.0
2023-08-25T22:00:00,0.0
2023-08-25T23:00:00,0.0
2023-08-26T00:00:00,0.0
2023-08-26T01:00:00,0.0
2023-08-26T02:00:00,0.0
2023-08-26T03:00:00,0.0
2023-08-26T04:00:00,0.0
2023-08-26T05:00:00,0.0
2023-08-26T06:00:00,51.95
2023-08-26T07:00:00,237.38
2023-08-26T08:00:00,451.6
2023-08-26T09:00:00,597.38
2023-08-26T10:00:00,700.33
2023-08-26T11:00:00,761.67
2023-08-26T12:00:00,796.72
2023-08-26T13:00:00,749.62
2023-08-26T14:00:00,490.23
2023-08-26T15:00:00,321.4
2023-08-26T16:00:00,143.2
2023-08-26T17:00:00,16.0
2023-08-26T18:00:00,0.0
2023-08-26T19:00:00,0.0
2023-08-26T20:00:00,0.0
2023-08-26T21:00:00,0.0
2023-08-26T22:00:00,0.0
2023-08-26T23:00:00,0.0
2023-08-27T00:00:00,0.0
2023-08-27T01:00:00,0.0
2023-08-27T02:00:00,0.0
2023-08-27T03:00:00,0.0
2023-08-27T04:00:00,0.0
2023-08-27T05:00:00,0.0
2023-08-27T06:00:00,63.2
2023-08-27T07:00:00,265.35
2023-08-27T08:00:00,496.7
2023-08-27T09:00:00,689.03
2023-08-27T10:00:00,770.05
2023-08-27T11:00:00,866.28
2023-08-27T12:00:00,821.25
2023-08-27T13:00:00,695.33
2023-08-27T14:00:00,584.1
2023-08-27T15:00:00,374.25
2023-08-27T16:00:00,169.48
2023-08-27T17:00:00,12.27
2023-08-27T18:00:00,0.0
2023-08-27T19:00:00,0.0
2023-08-27T20:00:00,0.0
2023-08-27T21:00:00,0.0
2023-08-27T22:00:00,0.0
2023-08-27T23:00:00,0.0
2023-08-28T00:00:00,0.0
2023-08-28T01:00:00,0.0
2023-08-28T02:00:00,0.0
2023-08-28T03:00:00,0.0
2023-08-28T04:00:00,0.0
2023-08-28T05:00:00,0.0
2023-08-28T06:00:00,39.7
2023-08-28T07:00:00,162.52
2023-08-28T08:00:00,306.1
2023-08-28T09:00:00,430.3
2023-08-28T10:00:00,597.9
2023-08-28T11:00:00,535.78
2023-08-28T12:00:00,532.92
2023-08-28T13:00:00,484.15
2023-08-28T14:00:00,376.1
2023-08-28T15:00:00,239.93
2023-08-28T16:00:00,107.65
2023-08-28T17:00:00,8.3
2023-08-28T18:00:00,0.0
2023-08-28T19:00:00,0.0
2023-08-28T20:00:00,0.0
2023-08-28T21:00:00,0.0
2023-08-28T22:00:00,0.0
2023-08-28T23:00:00,0.0
2023-08-29T00:00:00,0.0
2023-08-29T01:00:00,0.0
2023-08-29T02:00:00,0.0
2023-08-29T03:00:00,0.0
2023-08-29T04:00:00,0.0
2023-08-29T05:00:00,0.0
2023-08-29T06:00:00,21.0
2023-08-29T07:00:00,84.03
2023-08-29T08:00:00,163.98
2023-08-29T09:00:00,235.77
2023-08-29T10:00:00,268.92
2023-08-29T11:00:00,351.1
2023-08-29T12:00:00,351.6
2023-08-29T13:00:00,257.98
2023-08-29T14:00:00,177.68
2023-08-29T15:00:00,112.78
2023-08-29T16:00:00,49.15
2023-08-29T17:00:00,5.68
2023-08-29T18:00:00,0.0
2023-08-29T19:00:00,0.0
2023-08-29T20:00:00,0.0
2023-08-29T21:00:00,0.0
2023-08-29T22:00:00,0.0
2023-08-29T23:00:00,0.0
2023-08-30T00:00:00,0.0
2023-08-30T01:00:00,0.0
2023-08-30T02:00:00,0.0
2023-08-30T03:00:00,0.0
2023-08-30T04:00:00,0.0
2023-08-30T05:00:00,0.0
2023-08-30T06:00:00,17.7
2023-08-30T07:00:00,69.5
2023-08-30T08:00:00,130.07
2023-08-30T09:00:00,180.7
2023-08-30T10:00:00,198.75
2023-08-30T11:00:00,196.23
2023-08-30T12:00:00,273.02
2023-08-30T13:00:00,260.55
2023-08-30T14:00:00,152.85
2023-08-30T15:00:00,99.8
2023-08-30T16:00:00,51.6
2023-08-30T17:00:00,5.38
2023-08-30T18:00:00,0.0
2023-08-30T19:00:00,0.0
2023-08-30T20:00:00,0.0
2023-08-30T21:00:00,0.0
2023-08-30T22:00:00,0.0
2023-08-30T23:00:00,0.0
2023-08-31T00:00:00,0.0
2023-08-31T01:00:00,0.0
2023-08-31T02:00:00,0.0
2023-08-31T03:00:00,0.0
2023-08-31T04:00:00,0.0
2023-08-31T05:00:00,0.0
2023-08-31T06:00:00,36.5
2023-08-31T07:00:00,143.1
2023-08-31T08:00:00,282.0
2023-08-31T09:00:00,405.2
2023-08-31T10:00:00,503.9
2023-08-31T11:00:00,499.02
2023-08-31T12:00:00,668.65
2023-08-31T13:00:00,512.75
2023-08-31T14:00:00,314.15
2023-08-31T15:00:00,193.5
2023-08-31T16:00:00,77.35
2023-08-31T17:00:00,7.25
2023-08-31T18:00:00,0.0
2023-08-31T19:00:00,0.0
2023-08-31T20:00:00,0.0
2023-08-31T21:00:00,0.0
2023-08-31T22:00:00,0.0
2023-08-31T23:00:00,0.0
2023-09-01T00:00:00,0.0
2023-09-01T01:00:00,0.0
2023-09-01T02:00:00,0.0
2023-09-01T03:00:00,0.0
2023-09-01T04:00:00,0.0
2023-09-01T05:00:00,0.0
2023-09-01T06:00:00,43.85
2023-09-01T07:00:00,187.32
2023-09-01T08:00:00,368.2
2023-09-01T09:00:00,632.38
2023-09-01T10:00:00,781.65
2023-09-01T11:00:00,853.35
2023-09-01T12:00:00,804.2
2023-09-01T13:00:00,632.28
2023-09-01T14:00:00,538.2
2023-09-01T15:00:00,343.0
2023-09-01T16:00:00,151.75
2023-09-01T17:00:00,14.98
2023-09-01T18:00:00,0.0
2023-09-01T19:00:00,0.0
2023-09-01T20:00:00,0.0
2023-09-01T21:00:00,0.0
2023-09-01T22:00:00,0.0
2023-09-01T23:00:00,0.0
2023-09-02T00:00:00,0.0
2023-09-02T01:00:00,0.0
2023-09-02T02:00:00,0.0
2023-09-02T03:00:00,0.0
2023-09-02T04:00:00,0.0
2023-09-02T05:00:00,0.0
2023-09-02T06:00:00,61.08
2023-09-02T07:00:00,212.52
2023-09-02T08:00:00,417.23
2023-09-02T09:00:00,650.1
2023-09-02T10:00:00,815.17
2023-09-02T11:00:00,842.42
2023-09-02T12:00:00,827.65
2023-09-02T13:00:00,732.3
2023-09-02T14:00:00,570.55
2023-09-02T15:00:00,377.8
2023-09-02T16:00:00,163.93
2023-09-02T17:00:00,14.2
2023-09-02T18:00:00,0.0
2023-09-02T19:00:00,0.0
2023-09-02T20:00:00,0.0
2023-09-02T21:00:00,0.0
2023-09-02T22:00:00,0.0
2023-09-02T23:00:00,0.0
2023-09-03T00:00:00,0.0
2023-09-03T01:00:00,0.0
2023-09-03T02:00:00,0.0
2023-09-03T03:00:00,0.0
2023-09-03T04:00:00,0.0
2023-09-03T05:00:00,0.0
2023-09-03T06:00:00,50.85
2023-09-03T07:00:00,184.57
2023-09-03T08:00:00,344.75
2023-09-03T09:00:00,542.95
2023-09-03T10:00:00,711.72
2023-09-03T11:00:00,764.22
2023-09-03T12:00:00,630.83
2023-09-03T13:00:00,598.12
2023-09-03T14:00:00,582.88
2023-09-03T15:00:00,322.42
2023-09-03T16:00:00,142.85
2023-09-03T17:00:00,12.98
2023-09-03T18:00:00,0.0
2023-09-03T19:00:00,0.0
2023-09-03T20:00:00,0.0
2023-09-03T21:00:00,0.0
2023-09-03T22:00:00,0.0
2023-09-03T23:00:00,0.0
2023-09-04T00:00:00,0.0
2023-09-04T01:00:00,0.0
2023-09-04T02:00:00,0.0
2023-09-04T03:00:00,0.0
2023-09-04T04:00:00,0.0
2023-09-04T05:00:00,0.0
2023-09-04T06:00:00,63.42
2023-09-04T07:00:00,225.45
2023-09-04T08:00:00,403.0
2023-09-04T09:00:00,646.9
2023-09-04T10:00:00,771.95
2023-09-04T11:00:00,842.22
2023-09-04T12:00:00,778.08
2023-09-04T13:00:00,598.05
2023-09-04T14:00:00,479.5
2023-09-04T15:00:00,273.02
2023-09-04T16:00:00,114.55
2023-09-04T17:00:00,12.73
2023-09-04T18:00:00,0.0
2023-09-04T19:00:00,0.0
2023-09-04T20:00:00,0.0
2023-09-04T21:00:00,0.0
2023-09-04T22:00:00,0.0
2023-09-04T23:00:00,0.0
2023-09-05T00:00:00,0.0
2023-09-05T01:00:00,0.0
2023-09-05T02:00:00,0.0
2023-09-05T03:00:00,0.0
2023-09-05T04:00:00,0.0
2023-09-05T05:00:00,0.0
2023-09-05T06:00:00,75.78
2023-09-05T07:00:00,247.1
2023-09-05T08:00:00,437.35
2023-09-05T09:00:00,433.4
2023-09-05T10:00:00,452.67
2023-09-05T11:00:00,511.2
2023-09-05T12:00:00,543.65
2023-09-05T13:00:00,536.15
2023-09-05T14:00:00,420.9
2023-09-05T15:00:00,276.45
2023-09-05T16:00:00,130.57
2023-09-05T17:00:00,10.65
2023-09-05T18:00:00,0.0
2023-09-05T19:00:00,0.0
2023-09-05T20:00:00,0.0
2023-09-05T21:00:00,0.0
2023-09-05T22:00:00,0.0
2023-09-05T23:00:00,0.0
2023-09-06T00:00:00,0.0
2023-09-06T01:00:00,0.0
2023-09-06T02:00:00,0.0
2023-09-06T03:00:00,0.0
2023-09-06T04:00:00,0.0
2023-09-06T05:00:00,0.0
2023-09-06T06:00:00,41.85
2023-09-06T07:00:00,150.98
2023-09-06T08:00:00,281.27
2023-09-06T09:00:00,348.92
2023-09-06T10:00:00,395.3
2023-09-06T11:00:00,456.98
2023-09-06T12:00:00,422.4
2023-09-06T13:00:00,446.8
2023-09-06T14:00:00,323.17
2023-09-06T15:00:00,214.02
2023-09-06T16:00:00,103.95
2023-09-06T17:00:00,9.62
2023-09-06T18:00:00,0.0
2023-09-06T19:00:00,0.0
2023-09-06T20:00:00,0.0
2023-09-06T21:00:00,0.0
2023-09-06T22:00:00,0.0
2023-09-06T23:00:00,0.0
2023-09-07T00:00:00,0.0
2023-09-07T01:00:00,0.0
2023-09-07T02:00:00,0.0
2023-09-07T03:00:00,0.0
2023-09-07T04:00:00,0.0
2023-09-07T05:00:00,0.0
2023-09-07T06:00:00,72.97
2023-09-07T07:00:00,236.8
2023-09-07T08:00:00,412.77
2023-09-07T09:00:00,673.58
2023-09-07T10:00:00,813.12
2023-09-07T11:00:00,869.85
2023-09-07T12:00:00,853.15
2023-09-07T13:00:00,754.28
2023-09-07T14:00:00,605.28
2023-09-07T15:00:00,404.1
2023-09-07T16:00:00,176.57
2023-09-07T17:00:00,17.15
2023-09-07T18:00:00,0.0
2023-09-07T19:00:00,0.0
2023-09-07T20:00:00,0.0
2023-09-07T21:00:00,0.0
2023-09-07T22:00:00,0.0
2023-09-07T23:00:00,0.0
2023-09-08T00:00:00,0.0
2023-09-08T01:00:00,0.0
2023-09-08T02:00:00,0.0
2023-09-08T03:00:00,0.0
2023-09-08T04:00:00,0.0
2023-09-08T05:00:00,0.0
2023-09-08T06:00:00,81.5
2023-09-08T07:00:00,267.23
2023-09-08T08:00:00,473.88
2023-09-08T09:00:00,684.55
2023-09-08T10:00:00,831.35
2023-09-08T11:00:00,882.75
2023-09-08T12:00:00,852.58
2023-09-08T13:00:00,688.12
2023-09-08T14:00:00,566.35
2023-09-08T15:00:00,343.92
2023-09-08T16:00:00,156.0
2023-09-08T17:00:00,16.67
2023-09-08T18:00:00,0.0
2023-09-08T19:00:00,0.0
2023-09-08T20:00:00,0.0
2023-09-08T21:00:00,0.0
2023-09-08T22:00:00,0.0
2023-09-08T23:00:00,0.0
2023-09-09T00:00:00,0.0
2023-09-09T01:00:00,0.0
2023-09-09T02:00:00,0.0
2023-09-09T03:00:00,0.0
2023-09-09T04:00:00,0.0
2023-09-09T05:00:00,0.0
2023-09-09T06:00:00,101.47
2023-09-09T07:00:00,316.0
2023-09-09T08:00:00,532.5
2023-09-09T09:00:00,736.33
2023-09-09T10:00:00,855.85
2023-09-09T11:00:00,893.58
2023-09-09T12:00:00,878.78
2023-09-09T13:00:00,665.17
2023-09-09T14:00:00,571.1
2023-09-09T15:00:00,368.35
2023-09-09T16:00:00,157.95
2023-09-09T17:00:00,13.77
2023-09-09T18:00:00,0.0
2023-09-09T19:00:00,0.0
2023-09-09T20:00:00,0.0
2023-09-09T21:00:00,0.0
2023-09-09T22:00:00,0.0
2023-09-09T23:00:00,0.0
2023-09-10T00:00:00,0.0
2023-09-10T01:00:00,0.0
2023-09-10T02:00:00,0.0
2023-09-10T03:00:00,0.0
2023-09-10T04:00:00,0.0
2023-09-10T05:00:00,0.0
2023-09-10T06:00:00,64.22
2023-09-10T07:00:00,177.65
2023-09-10T08:00:00,346.6
2023-09-10T09:00:00,505.2
2023-09-10T10:00:00,629.55
2023-09-10T11:00:00,757.78
2023-09-10T12:00:00,769.8
2023-09-10T13:00:00,698.05
2023-09-10T14:00:00,556.2
2023-09-10T15:00:00,348.27
2023-09-10T16:00:00,162.07
2023-09-10T17:00:00,16.0
2023-09-10T18:00:00,0.0
2023-09-10T19:00:00,0.0
2023-09-10T20:00:00,0.0
2023-09-10T21:00:00,0.0
2023-09-10T22:00:00,0.0
2023-09-10T23:00:00,0.0
2023-09-11T00:00:00,0.0
2023-09-11T01:00:00,0.0
2023-09-11T02:00:00,0.0
2023-09-11T03:00:00,0.0
2023-09-11T04:00:00,0.0
2023-09-11T05:00:00,0.0
2023-09-11T06:00:00,54.35
2023-09-11T07:00:00,182.82
2023-09-11T08:00:00,338.83
2023-09-11T09:00:00,473.58
2023-09-11T10:00:00,544.2
2023-09-11T11:00:00,545.45
2023-09-11T12:00:00,530.78
2023-09-11T13:00:00,406.67
2023-09-11T14:00:00,234.6
2023-09-11T15:00:00,146.9
2023-09-11T16:00:00,68.38
2023-09-11T17:00:00,6.88
2023-09-11T18:00:00,0.0
2023-09-11T19:00:00,0.0
2023-09-11T20:00:00,0.0
2023-09-11T21:00:00,0.0
2023-09-11T22:00:00,0.0
2023-09-11T23:00:00,0.0
2023-09-12T00:00:00,0.0
2023-09-12T01:00:00,0.0
2023-09-12T02:00:00,0.0
2023-09-12T03:00:00,0.0
2023-09-12T04:00:00,0.0
2023-09-12T05:00:00,0.0
2023-09-12T06:00:00,93.6
2023-09-12T07:00:00,294.0
2023-09-12T08:00:00,524.97
2023-09-12T09:00:00,714.1
2023-09-12T10:00:00,802.5
2023-09-12T11:00:00,860.6
2023-09-12T12:00:00,821.6
2023-09-12T13:00:00,762.38
2023-09-12T14:00:00,599.55
2023-09-12T15:00:00,344.4
2023-09-12T16:00:00,148.3
2023-09-12T17:00:00,12.75
2023-09-12T18:00:00,0.0
2023-09-12T19:00:00,0.0
2023-09-12T20:00:00,0.0
2023-09-12T21:00:00,0.0
2023-09-12T22:00:00,0.0
2023-09-12T23:00:00,0.0
2023-09-13T00:00:00,0.0
2023-09-13T01:00:00,0.0
2023-09-13T02:00:00,0.0
2023-09-13T03:00:00,0.0
2023-09-13T04:00:00,0.0
2023-09-13T05:00:00,0.0
2023-09-13T06:00:00,51.35
2023-09-13T07:00:00,172.62
2023-09-13T08:00:00,324.6
2023-09-13T09:00:00,426.17
2023-09-13T10:00:00,459.6
2023-09-13T11:00:00,470.8
2023-09-13T12:00:00,504.0
2023-09-13T13:00:00,398.8
2023-09-13T14:00:00,312.58
2023-09-13T15:00:00,203.35
2023-09-13T16:00:00,107.95
2023-09-13T17:00:00,9.52
2023-09-13T18:00:00,0.0
2023-09-13T19:00:00,0.0
2023-09-13T20:00:00,0.0
2023-09-13T21:00:00,0.0
2023-09-13T22:00:00,0.0
2023-09-13T23:00:00,0.0
2023-09-14T00:00:00,0.0
2023-09-14T01:00:00,0.0
2023-09-14T02:00:00,0.0
2023-09-14T03:00:00,0.0
2023-09-14T04:00:00,0.0
2023-09-14T05:00:00,0.0
2023-09-14T06:00:00,47.78
2023-09-14T07:00:00,128.05
2023-09-14T08:00:00,139.75
2023-09-14T09:00:00,326.5
2023-09-14T10:00:00,402.0
2023-09-14T11:00:00,339.33
2023-09-14T12:00:00,254.9
2023-09-14T13:00:00,180.55
2023-09-14T14:00:00,117.72
2023-09-14T15:00:00,64.38
2023-09-14T16:00:00,21.6
2023-09-14T17:00:00,6.05
2023-09-14T18:00:00,0.0
2023-09-14T19:00:00,0.0
2023-09-14T20:00:00,0.0
2023-09-14T21:00:00,0.0
2023-09-14T22:00:00,0.0
2023-09-14T23:00:00,0.0
2023-09-15T00:00:00,0.0
2023-09-15T01:00:00,0.0
2023-09-15T02:00:00,0.0
2023-09-15T03:00:00,0.0
2023-09-15T04:00:00,0.0
2023-09-15T05:00:00,0.0
2023-09-15T06:00:00,57.45
2023-09-15T07:00:00,153.9
2023-09-15T08:00:00,269.77
2023-09-15T09:00:00,448.33
2023-09-15T10:00:00,507.7
2023-09-15T11:00:00,554.47
2023-09-15T12:00:00,607.9
2023-09-15T13:00:00,513.55
2023-09-15T14:00:00,338.95
2023-09-15T15:00:00,215.98
2023-09-15T16:00:00,105.5
2023-09-15T17:00:00,9.68
2023-09-15T18:00:00,0.0
2023-09-15T19:00:00,0.0
2023-09-15T20:00:00,0.0
2023-09-15T21:00:00,0.0
2023-09-15T22:00:00,0.0
2023-09-15T23:00:00,0.0
2023-09-16T00:00:00,0.0
2023-09-16T01:00:00,0.0
2023-09-16T02:00:00,0.0
2023-09-16T03:00:00,0.0
2023-09-16T04:00:00,0.0
2023-09-16T05:00:00,0.0
2023-09-16T06:00:00,82.25
2023-09-16T07:00:00,218.23
2023-09-16T08:00:00,438.67
2023-09-16T09:00:00,648.28
2023-09-16T10:00:00,799.17
2023-09-16T11:00:00,806.08
2023-09-16T12:00:00,761.3
2023-09-16T13:00:00,600.78
2023-09-16T14:00:00,462.38
2023-09-16T15:00:00,288.67
2023-09-16T16:00:00,133.85
2023-09-16T17:00:00,11.7
2023-09-16T18:00:00,0.0
2023-09-16T19:00:00,0.0
2023-09-16T20:00:00,0.0
2023-09-16T21:00:00,0.0
2023-09-16T22:00:00,0.0
2023-09-16T23:00:00,0.0
2023-09-17T00:00:00,0.0
2023-09-17T01:00:00,0.0
2023-09-17T02:00:00,0.0
2023-09-17T03:00:00,0.0
2023-09-17T04:00:00,0.0
2023-09-17T05:00:00,0.0
2023-09-17T06:00:00,74.62
2023-09-17T07:00:00,189.62
2023-09-17T08:00:00,345.33
2023-09-17T09:00:00,521.5
2023-09-17T10:00:00,658.58
2023-09-17T11:00:00,789.65
2023-09-17T12:00:00,707.15
2023-09-17T13:00:00,608.88
2023-09-17T14:00:00,521.53
2023-09-17T15:00:00,325.25
2023-09-17T16:00:00,134.25
2023-09-17T17:00:00,15.93
2023-09-17T18:00:00,0.0
2023-09-17T19:00:00,0.0
2023-09-17T20:00:00,0.0
2023-09-17T21:00:00,0.0
2023-09-17T22:00:00,0.0
2023-09-17T23:00:00,0.0
2023-09-18T00:00:00,0.0
2023-09-18T01:00:00,0.0
2023-09-18T02:00:00,0.0
2023-09-18T03:00:00,0.0
2023-09-18T04:00:00,0.0
2023-09-18T05:00:00,0.0
2023-09-18T06:00:00,126.65
2023-09-18T07:00:00,322.02
2023-09-18T08:00:00,524.62
2023-09-18T09:00:00,705.67
2023-09-18T10:00:00,833.75
2023-09-18T11:00:00,865.47
2023-09-18T12:00:00,812.7
2023-09-18T13:00:00,713.67
2023-09-18T14:00:00,548.38
2023-09-18T15:00:00,354.25
2023-09-18T16:00:00,165.8
2023-09-18T17:00:00,20.02
2023-09-18T18:00:00,0.0
2023-09-18T19:00:00,0.0
2023-09-18T20:00:00,0.0
2023-09-18T21:00:00,0.0
2023-09-18T22:00:00,0.0
2023-09-18T23:00:00,0.0
2023-09-19T00:00:00,0.0
2023-09-19T01:00:00,0.0
2023-09-19T02:00:00,0.0
2023-09-19T03:00:00,0.0
2023-09-19T04:00:00,0.0
2023-09-19T05:00:00,3.5
2023-09-19T06:00:00,109.47
2023-09-19T07:00:00,304.5
2023-09-19T08:00:00,504.42
2023-09-19T09:00:00,646.2
2023-09-19T10:00:00,765.97
2023-09-19T11:00:00,833.78
2023-09-19T12:00:00,895.5
2023-09-19T13:00:00,780.85
2023-09-19T14:00:00,617.12
2023-09-19T15:00:00,406.58
2023-09-19T16:00:00,185.73
2023-09-19T17:00:00,19.92
2023-09-19T18:00:00,0.0
2023-09-19T19:00:00,0.0
2023-09-19T20:00:00,0.0
2023-09-19T21:00:00,0.0
2023-09-19T22:00:00,0.0
2023-09-19T23:00:00,0.0
2023-09-20T00:00:00,0.0
2023-09-20T01:00:00,0.0
2023-09-20T02:00:00,0.0
2023-09-20T03:00:00,0.0
2023-09-20T04:00:00,0.0
2023-09-20T05:00:00,3.65
2023-09-20T06:00:00,100.43
2023-09-20T07:00:00,280.58
2023-09-20T08:00:00,464.7
2023-09-20T09:00:00,653.53
2023-09-20T10:00:00,795.3
2023-09-20T11:00:00,870.03
2023-09-20T12:00:00,803.45
2023-09-20T13:00:00,696.9
2023-09-20T14:00:00,497.98
2023-09-20T15:00:00,311.33
2023-09-20T16:00:00,148.02
2023-09-20T17:00:00,14.75
2023-09-20T18:00:00,0.0
2023-09-20T19:00:00,0.0
2023-09-20T20:00:00,0.0
2023-09-20T21:00:00,0.0
2023-09-20T22:00:00,0.0
2023-09-20T23:00:00,0.0
2023-09-21T00:00:00,0.0
2023-09-21T01:00:00,0.0
2023-09-21T02:00:00,0.0
2023-09-21T03:00:00,0.0
2023-09-21T04:00:00,0.0
2023-09-21T05:00:00,4.2
2023-09-21T06:00:00,121.35
2023-09-21T07:00:00,316.0
2023-09-21T08:00:00,563.67
2023-09-21T09:00:00,745.53
2023-09-21T10:00:00,845.8
2023-09-21T11:00:00,914.38
2023-09-21T12:00:00,878.75
2023-09-21T13:00:00,756.03
2023-09-21T14:00:00,622.33
2023-09-21T15:00:00,417.98
2023-09-21T16:00:00,197.18
2023-09-21T17:00:00,21.83
2023-09-21T18:00:00,0.0
2023-09-21T19:00:00,0.0
2023-09-21T20:00:00,0.0
2023-09-21T21:00:00,0.0
2023-09-21T22:00:00,0.0
2023-09-21T23:00:00,0.0
2023-09-22T00:00:00,0.0
2023-09-22T01:00:00,0.0
2023-09-22T02:00:00,0.0
2023-09-22T03:00:00,0.0
2023-09-22T04:00:00,0.0
2023-09-22T05:00:00,4.8
2023-09-22T06:00:00,140.4
2023-09-22T07:00:00,362.15
2023-09-22T08:00:00,600.03
2023-09-22T09:00:00,797.25
2023-09-22T10:00:00,908.45
2023-09-22T11:00:00,954.12
2023-09-22T12:00:00,926.83
2023-09-22T13:00:00,811.3
2023-09-22T14:00:00,636.0
2023-09-22T15:00:00,421.38
2023-09-22T16:00:00,192.88
2023-09-22T17:00:00,21.75
2023-09-22T18:00:00,0.0
2023-09-22T19:00:00,0.0
2023-09-22T20:00:00,0.0
2023-09-22T21:00:00,0.0
2023-09-22T22:00:00,0.0
2023-09-22T23:00:00,0.0
2023-09-23T00:00:00,0.0
2023-09-23T01:00:00,0.0
2023-09-23T02:00:00,0.0
2023-09-23T03:00:00,0.0
2023-09-23T04:00:00,0.0
2023-09-23T05:00:00,5.47
2023-09-23T06:00:00,139.05
2023-09-23T07:00:00,351.48
2023-09-23T08:00:00,549.08
2023-09-23T09:00:00,786.42
2023-09-23T10:00:00,907.15
2023-09-23T11:00:00,942.83
2023-09-23T12:00:00,926.83
2023-09-23T13:00:00,827.88
2023-09-23T14:00:00,647.62
2023-09-23T15:00:00,432.08
2023-09-23T16:00:00,201.85
2023-09-23T17:00:00,22.38
2023-09-23T18:00:00,0.0
2023-09-23T19:00:00,0.0
2023-09-23T20:00:00,0.0
2023-09-23T21:00:00,0.0
2023-09-23T22:00:00,0.0
2023-09-23T23:00:00,0.0
2023-09-24T00:00:00,0.0
2023-09-24T01:00:00,0.0
2023-09-24T02:00:00,0.0
2023-09-24T03:00:00,0.0
2023-09-24T04:00:00,0.0
2023-09-24T05:00:00,6.15
2023-09-24T06:00:00,145.57
2023-09-24T07:00:00,371.62
2023-09-24T08:00:00,587.35
2023-09-24T09:00:00,765.35
2023-09-24T10:00:00,873.5
2023-09-24T11:00:00,921.22
2023-09-24T12:00:00,823.78
2023-09-24T13:00:00,762.45
2023-09-24T14:00:00,587.08
2023-09-24T15:00:00,378.3
2023-09-24T16:00:00,161.93
2023-09-24T17:00:00,18.75
2023-09-24T18:00:00,0.0
2023-09-24T19:00:00,0.0
2023-09-24T20:00:00,0.0
2023-09-24T21:00:00,0.0
2023-09-24T22:00:00,0.0
2023-09-24T23:00:00,0.0
2023-09-25T00:00:00,0.0
2023-09-25T01:00:00,0.0
2023-09-25T02:00:00,0.0
2023-09-25T03:00:00,0.0
2023-09-25T04:00:00,0.0
2023-09-25T05:00:00,6.6
2023-09-25T06:00:00,152.77
2023-09-25T07:00:00,394.12
2023-09-25T08:00:00,623.4
2023-09-25T09:00:00,816.7
2023-09-25T10:00:00,937.62
2023-09-25T11:00:00,993.12
2023-09-25T12:00:00,961.53
2023-09-25T13:00:00,856.5
2023-09-25T14:00:00,693.62
2023-09-25T15:00:00,467.25
2023-09-25T16:00:00,223.15
2023-09-25T17:00:00,25.1
2023-09-25T18:00:00,0.0
2023-09-25T19:00:00,0.0
2023-09-25T20:00:00,0.0
2023-09-25T21:00:00,0.0
2023-09-25T22:00:00,0.0
2023-09-25T23:00:00,0.0
2023-09-26T00:00:00,0.0
2023-09-26T01:00:00,0.0
2023-09-26T02:00:00,0.0
2023-09-26T03:00:00,0.0
2023-09-26T04:00:00,0.0
2023-09-26T05:00:00,5.95
2023-09-26T06:00:00,132.05
2023-09-26T07:00:00,334.35
2023-09-26T08:00:00,552.3
2023-09-26T09:00:00,702.7
2023-09-26T10:00:00,815.75
2023-09-26T11:00:00,853.9
2023-09-26T12:00:00,820.22
2023-09-26T13:00:00,645.25
2023-09-26T14:00:00,527.42
2023-09-26T15:00:00,320.42
2023-09-26T16:00:00,136.4
2023-09-26T17:00:00,16.48
2023-09-26T18:00:00,0.0
2023-09-26T19:00:00,0.0
2023-09-26T20:00:00,0.0
2023-09-26T21:00:00,0.0
2023-09-26T22:00:00,0.0
2023-09-26T23:00:00,0.0
2023-09-27T00:00:00,0.0
2023-09-27T01:00:00,0.0
2023-09-27T02:00:00,0.0
2023-09-27T03:00:00,0.0
2023-09-27T04:00:00,0.0
2023-09-27T05:00:00,6.93
2023-09-27T06:00:00,139.88
2023-09-27T07:00:00,355.0
2023-09-27T08:00:00,584.03
2023-09-27T09:00:00,762.28
2023-09-27T10:00:00,889.9
2023-09-27T11:00:00,888.1
2023-09-27T12:00:00,888.65
2023-09-27T13:00:00,788.88
2023-09-27T14:00:00,615.67
2023-09-27T15:00:00,428.0
2023-09-27T16:00:00,197.12
2023-09-27T17:00:00,21.75
2023-09-27T18:00:00,0.0
2023-09-27T19:00:00,0.0
2023-09-27T20:00:00,0.0
2023-09-27T21:00:00,0.0
2023-09-27T22:00:00,0.0
2023-09-27T23:00:00,0.0
2023-09-28T00:00:00,0.0
2023-09-28T01:00:00,0.0
2023-09-28T02:00:00,0.0
2023-09-28T03:00:00,0.0
2023-09-28T04:00:00,0.0
2023-09-28T05:00:00,6.53
2023-09-28T06:00:00,121.85
2023-09-28T07:00:00,319.8
2023-09-28T08:00:00,522.95
2023-09-28T09:00:00,715.6
2023-09-28T10:00:00,862.22
2023-09-28T11:00:00,910.72
2023-09-28T12:00:00,843.7
2023-09-28T13:00:00,615.95
2023-09-28T14:00:00,508.52
2023-09-28T15:00:00,329.67
2023-09-28T16:00:00,140.5
2023-09-28T17:00:00,17.12
2023-09-28T18:00:00,0.0
2023-09-28T19:00:00,0.0
2023-09-28T20:00:00,0.0
2023-09-28T21:00:00,0.0
2023-09-28T22:00:00,0.0
2023-09-28T23:00:00,0.0
2023-09-29T00:00:00,0.0
2023-09-29T01:00:00,0.0
2023-09-29T02:00:00,0.0
2023-09-29T03:00:00,0.0
2023-09-29T04:00:00,0.0
2023-09-29T05:00:00,7.07
2023-09-29T06:00:00,121.22
2023-09-29T07:00:00,329.55
2023-09-29T08:00:00,553.9
2023-09-29T09:00:00,756.97
2023-09-29T10:00:00,886.78
2023-09-29T11:00:00,936.65
2023-09-29T12:00:00,896.03
2023-09-29T13:00:00,790.9
2023-09-29T14:00:00,527.1
2023-09-29T15:00:00,393.12
2023-09-29T16:00:00,155.65
2023-09-29T17:00:00,19.15
2023-09-29T18:00:00,0.0
2023-09-29T19:00:00,0.0
2023-09-29T20:00:00,0.0
2023-09-29T21:00:00,0.0
2023-09-29T22:00:00,0.0
2023-09-29T23:00:00,0.0
2023-09-30T00:00:00,0.0
2023-09-30T01:00:00,0.0
2023-09-30T02:00:00,0.0
2023-09-30T03:00:00,0.0
2023-09-30T04:00:00,0.0
2023-09-30T05:00:00,7.62
2023-09-30T06:00:00,125.1
2023-09-30T07:00:00,308.05
2023-09-30T08:00:00,566.28
2023-09-30T09:00:00,768.17
2023-09-30T10:00:00,905.55
2023-09-30T11:00:00,939.22
2023-09-30T12:00:00,906.17
2023-09-30T13:00:00,831.47
2023-09-30T14:00:00,689.08
2023-09-30T15:00:00,466.85
2023-09-30T16:00:00,210.73
2023-09-30T17:00:00,23.83
2023-09-30T18:00:00,0.0
2023-09-30T19:00:00,0.0
2023-09-30T20:00:00,0.0
2023-09-30T21:00:00,0.0
2023-09-30T22:00:00,0.0
2023-09-30T23:00:00,0.0
2023-10-01T00:00:00,0.0
2023-10-01T01:00:00,0.0
2023-10-01T02:00:00,0.0
2023-10-01T03:00:00,0.0
2023-10-01T04:00:00,0.0
2023-10-01T05:00:00,6.93
2023-10-01T06:00:00,113.88
2023-10-01T07:00:00,281.17
2023-10-01T08:00:00,466.15
2023-10-01T09:00:00,650.9
2023-10-01T10:00:00,759.35
2023-10-01T11:00:00,847.0
2023-10-01T12:00:00,834.5
2023-10-01T13:00:00,746.33
2023-10-01T14:00:00,510.1
2023-10-01T15:00:00,351.5
2023-10-01T16:00:00,152.0
2023-10-01T17:00:00,17.75
2023-10-01T18:00:00,0.0
2023-10-01T19:00:00,0.0
2023-10-01T20:00:00,0.0
2023-10-01T21:00:00,0.0
2023-10-01T22:00:00,0.0
2023-10-01T23:00:00,0.0
2023-10-02T00:00:00,0.0
2023-10-02T01:00:00,0.0
2023-10-02T02:00:00,0.0
2023-10-02T03:00:00,0.0
2023-10-02T04:00:00,0.0
2023-10-02T05:00:00,8.7
2023-10-02T06:00:00,124.38
2023-10-02T07:00:00,303.7
2023-10-02T08:00:00,493.77
2023-10-02T09:00:00,648.0
2023-10-02T10:00:00,740.17
2023-10-02T11:00:00,594.5
2023-10-02T12:00:00,506.23
2023-10-02T13:00:00,367.9
2023-10-02T14:00:00,256.35
2023-10-02T15:00:00,148.4
2023-10-02T16:00:00,67.93
2023-10-02T17:00:00,7.38
2023-10-02T18:00:00,0.0
2023-10-02T19:00:00,0.0
2023-10-02T20:00:00,0.0
2023-10-02T21:00:00,0.0
2023-10-02T22:00:00,0.0
2023-10-02T23:00:00,0.0
2023-10-03T00:00:00,0.0
2023-10-03T01:00:00,0.0
2023-10-03T02:00:00,0.0
2023-10-03T03:00:00,0.0
2023-10-03T04:00:00,0.0
2023-10-03T05:00:00,7.0
2023-10-03T06:00:00,104.62
2023-10-03T07:00:00,261.75
2023-10-03T08:00:00,425.52
2023-10-03T09:00:00,553.58
2023-10-03T10:00:00,660.88
2023-10-03T11:00:00,742.83
2023-10-03T12:00:00,616.95
2023-10-03T13:00:00,381.8
2023-10-03T14:00:00,205.68
2023-10-03T15:00:00,147.52
2023-10-03T16:00:00,77.78
2023-10-03T17:00:00,8.1
2023-10-03T18:00:00,0.0
2023-10-03T19:00:00,0.0
2023-10-03T20:00:00,0.0
2023-10-03T21:00:00,0.0
2023-10-03T22:00:00,0.0
2023-10-03T23:00:00,0.0
2023-10-04T00:00:00,0.0
2023-10-04T01:00:00,0.0
2023-10-04T02:00:00,0.0
2023-10-04T03:00:00,0.0
2023-10-04T04:00:00,0.0
2023-10-04T05:00:00,8.15
2023-10-04T06:00:00,118.4
2023-10-04T07:00:00,285.55
2023-10-04T08:00:00,583.58
2023-10-04T09:00:00,797.35
2023-10-04T10:00:00,896.1
2023-10-04T11:00:00,931.8
2023-10-04T12:00:00,893.53
2023-10-04T13:00:00,791.03
2023-10-04T14:00:00,561.33
2023-10-04T15:00:00,356.95
2023-10-04T16:00:00,164.62
2023-10-04T17:00:00,20.75
2023-10-04T18:00:00,0.0
2023-10-04T19:00:00,0.0
2023-10-04T20:00:00,0.0
2023-10-04T21:00:00,0.0
2023-10-04T22:00:00,0.0
2023-10-04T23:00:00,0.0
2023-10-05T00:00:00,0.0
2023-10-05T01:00:00,0.0
2023-10-05T02:00:00,0.0
2023-10-05T03:00:00,0.0
2023-10-05T04:00:00,0.0
2023-10-05T05:00:00,12.12
2023-10-05T06:00:00,157.4
2023-10-05T07:00:00,378.5
2023-10-05T08:00:00,590.78
2023-10-05T09:00:00,801.42
2023-10-05T10:00:00,840.65
2023-10-05T11:00:00,895.97
2023-10-05T12:00:00,795.6
2023-10-05T13:00:00,567.38
2023-10-05T14:00:00,421.75
2023-10-05T15:00:00,311.67
2023-10-05T16:00:00,133.55
2023-10-05T17:00:00,14.98
2023-10-05T18:00:00,0.0
2023-10-05T19:00:00,0.0
2023-10-05T20:00:00,0.0
2023-10-05T21:00:00,0.0
2023-10-05T22:00:00,0.0
2023-10-05T23:00:00,0.0
2023-10-06T00:00:00,0.0
2023-10-06T01:00:00,0.0
2023-10-06T02:00:00,0.0
2023-10-06T03:00:00,0.0
2023-10-06T04:00:00,0.0
2023-10-06T05:00:00,8.9
2023-10-06T06:00:00,102.57
2023-10-06T07:00:00,231.25
2023-10-06T08:00:00,379.27
2023-10-06T09:00:00,506.77
2023-10-06T10:00:00,782.33
2023-10-06T11:00:00,923.38
2023-10-06T12:00:00,836.47
2023-10-06T13:00:00,757.78
2023-10-06T14:00:00,585.33
2023-10-06T15:00:00,355.8
2023-10-06T16:00:00,132.85
2023-10-06T17:00:00,14.12
2023-10-06T18:00:00,0.0
2023-10-06T19:00:00,0.0
2023-10-06T20:00:00,0.0
2023-10-06T21:00:00,0.0
2023-10-06T22:00:00,0.0
2023-10-06T23:00:00,0.0
2023-10-07T00:00:00,0.0
2023-10-07T01:00:00,0.0
2023-10-07T02:00:00,0.0
2023-10-07T03:00:00,0.0
2023-10-07T04:00:00,0.0
2023-10-07T05:00:00,7.82
2023-10-07T06:00:00,86.12
2023-10-07T07:00:00,196.3
2023-10-07T08:00:00,343.4
2023-10-07T09:00:00,550.65
2023-10-07T10:00:00,681.53
2023-10-07T11:00:00,776.62
2023-10-07T12:00:00,756.67
2023-10-07T13:00:00,634.5
2023-10-07T14:00:00,511.75
2023-10-07T15:00:00,331.02
2023-10-07T16:00:00,139.62
2023-10-07T17:00:00,16.98
2023-10-07T18:00:00,0.0
2023-10-07T19:00:00,0.0
2023-10-07T20:00:00,0.0
2023-10-07T21:00:00,0.0
2023-10-07T22:00:00,0.0
2023-10-07T23:00:00,0.0
2023-10-08T00:00:00,0.0
2023-10-08T01:00:00,0.0
2023-10-08T02:00:00,0.0
2023-10-08T03:00:00,0.0
2023-10-08T04:00:00,0.0
2023-10-08T05:00:00,8.82
2023-10-08T06:00:00,105.88
2023-10-08T07:00:00,260.42
2023-10-08T08:00:00,430.77
2023-10-08T09:00:00,597.65
2023-10-08T10:00:00,771.58
2023-10-08T11:00:00,826.33
2023-10-08T12:00:00,833.78
2023-10-08T13:00:00,661.17
2023-10-08T14:00:00,506.58
2023-10-08T15:00:00,314.95
2023-10-08T16:00:00,140.02
2023-10-08T17:00:00,15.6
2023-10-08T18:00:00,0.0
2023-10-08T19:00:00,0.0
2023-10-08T20:00:00,0.0
2023-10-08T21:00:00,0.0
2023-10-08T22:00:00,0.0
2023-10-08T23:00:00,0.0
2023-10-09T00:00:00,0.0
2023-10-09T01:00:00,0.0
2023-10-09T02:00:00,0.0
2023-10-09T03:00:00,0.0
2023-10-09T04:00:00,0.0
2023-10-09T05:00:00,8.73
2023-10-09T06:00:00,82.93
2023-10-09T07:00:00,185.68
2023-10-09T08:00:00,299.8
2023-10-09T09:00:00,424.85
2023-10-09T10:00:00,567.25
2023-10-09T11:00:00,583.4
2023-10-09T12:00:00,521.3
2023-10-09T13:00:00,408.75
2023-10-09T14:00:00,338.9
2023-10-09T15:00:00,207.3
2023-10-09T16:00:00,95.78
2023-10-09T17:00:00,12.15
2023-10-09T18:00:00,0.0
2023-10-09T19:00:00,0.0
2023-10-09T20:00:00,0.0
2023-10-09T21:00:00,0.0
2023-10-09T22:00:00,0.0
2023-10-09T23:00:00,0.0
2023-10-10T00:00:00,0.0
2023-10-10T01:00:00,0.0
2023-10-10T02:00:00,0.0
2023-10-10T03:00:00,0.0
2023-10-10T04:00:00,0.0
2023-10-10T05:00:00,10.98
2023-10-10T06:00:00,138.25
2023-10-10T07:00:00,314.15
2023-10-10T08:00:00,559.05
2023-10-10T09:00:00,808.03
2023-10-10T10:00:00,904.83
2023-10-10T11:00:00,901.35
2023-10-10T12:00:00,910.85
2023-10-10T13:00:00,608.75
2023-10-10T14:00:00,602.88
2023-10-10T15:00:00,396.08
2023-10-10T16:00:00,149.48
2023-10-10T17:00:00,19.4
2023-10-10T18:00:00,0.0
2023-10-10T19:00:00,0.0
2023-10-10T20:00:00,0.0
2023-10-10T21:00:00,0.0
2023-10-10T22:00:00,0.0
2023-10-10T23:00:00,0.0
2023-10-11T00:00:00,0.0
2023-10-11T01:00:00,0.0
2023-10-11T02:00:00,0.0
2023-10-11T03:00:00,0.0
2023-10-11T04:00:00,0.0
2023-10-11T05:00:00,12.02
2023-10-11T06:00:00,143.1
2023-10-11T07:00:00,349.3
2023-10-11T08:00:00,566.83
2023-10-11T09:00:00,760.85
2023-10-11T10:00:00,885.28
2023-10-11T11:00:00,936.47
2023-10-11T12:00:00,936.75
2023-10-11T13:00:00,805.75
2023-10-11T14:00:00,583.6
2023-10-11T15:00:00,388.38
2023-10-11T16:00:00,192.95
2023-10-11T17:00:00,18.73
2023-10-11T18:00:00,0.0
2023-10-11T19:00:00,0.0
2023-10-11T20:00:00,0.0
2023-10-11T21:00:00,0.0
2023-10-11T22:00:00,0.0
2023-10-11T23:00:00,0.0
2023-10-12T00:00:00,0.0
2023-10-12T01:00:00,0.0
2023-10-12T02:00:00,0.0
2023-10-12T03:00:00,0.0
2023-10-12T04:00:00,0.0
2023-10-12T05:00:00,12.77
2023-10-12T06:00:00,111.5
2023-10-12T07:00:00,247.45
2023-10-12T08:00:00,385.15
2023-10-12T09:00:00,552.22
2023-10-12T10:00:00,744.33
2023-10-12T11:00:00,830.92
2023-10-12T12:00:00,790.05
2023-10-12T13:00:00,788.5
2023-10-12T14:00:00,593.42
2023-10-12T15:00:00,388.23
2023-10-12T16:00:00,174.4
2023-10-12T17:00:00,19.45
2023-10-12T18:00:00,0.0
2023-10-12T19:00:00,0.0
2023-10-12T20:00:00,0.0
2023-10-12T21:00:00,0.0
2023-10-12T22:00:00,0.0
2023-10-12T23:00:00,0.0
2023-10-13T00:00:00,0.0
2023-10-13T01:00:00,0.0
2023-10-13T02:00:00,0.0
2023-10-13T03:00:00,0.0
2023-10-13T04:00:00,0.0
2023-10-13T05:00:00,12.85
2023-10-13T06:00:00,142.18
2023-10-13T07:00:00,323.8
2023-10-13T08:00:00,651.28
2023-10-13T09:00:00,811.25
2023-10-13T10:00:00,903.85
2023-10-13T11:00:00,907.85
2023-10-13T12:00:00,726.17
2023-10-13T13:00:00,801.42
2023-10-13T14:00:00,554.75
2023-10-13T15:00:00,348.38
2023-10-13T16:00:00,151.52
2023-10-13T17:00:00,16.5
2023-10-13T18:00:00,0.0
2023-10-13T19:00:00,0.0
2023-10-13T20:00:00,0.0
2023-10-13T21:00:00,0.0
2023-10-13T22:00:00,0.0
2023-10-13T23:00:00,0.0
2023-10-14T00:00:00,0.0
2023-10-14T01:00:00,0.0
2023-10-14T02:00:00,0.0
2023-10-14T03:00:00,0.0
2023-10-14T04:00:00,0.0
2023-10-14T05:00:00,10.05
2023-10-14T06:00:00,87.7
2023-10-14T07:00:00,191.15
2023-10-14T08:00:00,299.98
2023-10-14T09:00:00,477.42
2023-10-14T10:00:00,552.53
2023-10-14T11:00:00,575.88
2023-10-14T12:00:00,553.58
2023-10-14T13:00:00,510.52
2023-10-14T14:00:00,469.15
2023-10-14T15:00:00,293.25
2023-10-14T16:00:00,129.6
2023-10-14T17:00:00,14.3
2023-10-14T18:00:00,0.0
2023-10-14T19:00:00,0.0
2023-10-14T20:00:00,0.0
2023-10-14T21:00:00,0.0
2023-10-14T22:00:00,0.0
2023-10-14T23:00:00,0.0
2023-10-15T00:00:00,0.0
2023-10-15T01:00:00,0.0
2023-10-15T02:00:00,0.0
2023-10-15T03:00:00,0.0
2023-10-15T04:00:00,0.0
2023-10-15T05:00:00,12.43
2023-10-15T06:00:00,120.7
2023-10-15T07:00:00,292.92
2023-10-15T08:00:00,473.95
2023-10-15T09:00:00,666.1
2023-10-15T10:00:00,796.97
2023-10-15T11:00:00,817.7
2023-10-15T12:00:00,859.92
2023-10-15T13:00:00,678.85
2023-10-15T14:00:00,616.42
2023-10-15T15:00:00,391.58
2023-10-15T16:00:00,167.48
2023-10-15T17:00:00,22.42
2023-10-15T18:00:00,0.0
2023-10-15T19:00:00,0.0
2023-10-15T20:00:00,0.0
2023-10-15T21:00:00,0.0
2023-10-15T22:00:00,0.0
2023-10-15T23:00:00,0.0
2023-10-16T00:00:00,0.0
2023-10-16T01:00:00,0.0
2023-10-16T02:00:00,0.0
2023-10-16T03:00:00,0.0
2023-10-16T04:00:00,0.0
2023-10-16T05:00:00,13.02
2023-10-16T06:00:00,101.75
2023-10-16T07:00:00,253.5
2023-10-16T08:00:00,481.27
2023-10-16T09:00:00,653.58
2023-10-16T10:00:00,792.0
2023-10-16T11:00:00,848.3
2023-10-16T12:00:00,883.0
2023-10-16T13:00:00,732.62
2023-10-16T14:00:00,562.53
2023-10-16T15:00:00,364.25
2023-10-16T16:00:00,155.65
2023-10-16T17:00:00,20.88
2023-10-16T18:00:00,0.0
2023-10-16T19:00:00,0.0
2023-10-16T20:00:00,0.0
2023-10-16T21:00:00,0.0
2023-10-16T22:00:00,0.0
2023-10-16T23:00:00,0.0
2023-10-17T00:00:00,0.0
2023-10-17T01:00:00,0.0
2023-10-17T02:00:00,0.0
2023-10-17T03:00:00,0.0
2023-10-17T04:00:00,0.0
2023-10-17T05:00:00,21.52
2023-10-17T06:00:00,206.15
2023-10-17T07:00:00,452.67
2023-10-17T08:00:00,680.33
2023-10-17T09:00:00,849.5
2023-10-17T10:00:00,955.17
2023-10-17T11:00:00,988.78
2023-10-17T12:00:00,947.95
2023-10-17T13:00:00,828.9
2023-10-17T14:00:00,654.3
2023-10-17T15:00:00,424.48
2023-10-17T16:00:00,200.35
2023-10-17T17:00:00,26.35
2023-10-17T18:00:00,0.0
2023-10-17T19:00:00,0.0
2023-10-17T20:00:00,0.0
2023-10-17T21:00:00,0.0
2023-10-17T22:00:00,0.0
2023-10-17T23:00:00,0.0
2023-10-18T00:00:00,0.0
2023-10-18T01:00:00,0.0
2023-10-18T02:00:00,0.0
2023-10-18T03:00:00,0.0
2023-10-18T04:00:00,0.0
2023-10-18T05:00:00,22.58
2023-10-18T06:00:00,195.6
2023-10-18T07:00:00,424.15
2023-10-18T08:00:00,640.62
2023-10-18T09:00:00,816.95
2023-10-18T10:00:00,944.88
2023-10-18T11:00:00,988.62
2023-10-18T12:00:00,946.17
2023-10-18T13:00:00,800.85
2023-10-18T14:00:00,620.65
2023-10-18T15:00:00,413.3
2023-10-18T16:00:00,192.98
2023-10-18T17:00:00,25.35
2023-10-18T18:00:00,0.0
2023-10-18T19:00:00,0.0
2023-10-18T20:00:00,0.0
2023-10-18T21:00:00,0.0
2023-10-18T22:00:00,0.0
2023-10-18T23:00:00,0.0
2023-10-19T00:00:00,0.0
2023-10-19T01:00:00,0.0
2023-10-19T02:00:00,0.0
2023-10-19T03:00:00,0.0
2023-10-19T04:00:00,0.0
2023-10-19T05:00:00,18.33
2023-10-19T06:00:00,137.88
2023-10-19T07:00:00,277.83
2023-10-19T08:00:00,401.35
2023-10-19T09:00:00,630.7
2023-10-19T10:00:00,591.5
2023-10-19T11:00:00,588.0
2023-10-19T12:00:00,529.08
2023-10-19T13:00:00,464.6
2023-10-19T14:00:00,305.85
2023-10-19T15:00:00,202.68
2023-10-19T16:00:00,98.4
2023-10-19T17:00:00,12.7
2023-10-19T18:00:00,0.0
2023-10-19T19:00:00,0.0
2023-10-19T20:00:00,0.0
2023-10-19T21:00:00,0.0
2023-10-19T22:00:00,0.0
2023-10-19T23:00:00,0.0
2023-10-20T00:00:00,0.0
2023-10-20T01:00:00,0.0
2023-10-20T02:00:00,0.0
2023-10-20T03:00:00,0.0
2023-10-20T04:00:00,0.0
2023-10-20T05:00:00,17.6
2023-10-20T06:00:00,117.62
2023-10-20T07:00:00,264.02
2023-10-20T08:00:00,385.5
2023-10-20T09:00:00,526.62
2023-10-20T10:00:00,733.3
2023-10-20T11:00:00,746.2
2023-10-20T12:00:00,683.97
2023-10-20T13:00:00,602.25
2023-10-20T14:00:00,371.45
2023-10-20T15:00:00,263.75
2023-10-20T16:00:00,112.7
2023-10-20T17:00:00,13.57
2023-10-20T18:00:00,0.0
2023-10-20T19:00:00,0.0
2023-10-20T20:00:00,0.0
2023-10-20T21:00:00,0.0
2023-10-20T22:00:00,0.0
2023-10-20T23:00:00,0.0
2023-10-21T00:00:00,0.0
2023-10-21T01:00:00,0.0
2023-10-21T02:00:00,0.0
2023-10-21T03:00:00,0.0
2023-10-21T04:00:00,0.0
2023-10-21T05:00:00,16.8
2023-10-21T06:00:00,125.3
2023-10-21T07:00:00,300.08
2023-10-21T08:00:00,530.6
2023-10-21T09:00:00,651.4
2023-10-21T10:00:00,761.38
2023-10-21T11:00:00,820.92
2023-10-21T12:00:00,589.03
2023-10-21T13:00:00,488.33
2023-10-21T14:00:00,355.55
2023-10-21T15:00:00,249.0
2023-10-21T16:00:00,115.35
2023-10-21T17:00:00,13.95
2023-10-21T18:00:00,0.0
2023-10-21T19:00:00,0.0
2023-10-21T20:00:00,0.0
2023-10-21T21:00:00,0.0
2023-10-21T22:00:00,0.0
2023-10-21T23:00:00,0.0
2023-10-22T00:00:00,0.0
2023-10-22T01:00:00,0.0
2023-10-22T02:00:00,0.0
2023-10-22T03:00:00,0.0
2023-10-22T04:00:00,0.0
2023-10-22T05:00:00,15.8
2023-10-22T06:00:00,99.05
2023-10-22T07:00:00,234.45
2023-10-22T08:00:00,413.73
2023-10-22T09:00:00,529.2
2023-10-22T10:00:00,716.88
2023-10-22T11:00:00,781.58
2023-10-22T12:00:00,775.92
2023-10-22T13:00:00,658.0
2023-10-22T14:00:00,531.08
2023-10-22T15:00:00,297.67
2023-10-22T16:00:00,131.9
2023-10-22T17:00:00,16.33
2023-10-22T18:00:00,0.0
2023-10-22T19:00:00,0.0
2023-10-22T20:00:00,0.0
2023-10-22T21:00:00,0.0
2023-10-22T22:00:00,0.0
2023-10-22T23:00:00,0.0
2023-10-23T00:00:00,0.0
2023-10-23T01:00:00,0.0
2023-10-23T02:00:00,0.0
2023-10-23T03:00:00,0.0
2023-10-23T04:00:00,0.0
2023-10-23T05:00:00,19.8
2023-10-23T06:00:00,131.43
2023-10-23T07:00:00,287.77
2023-10-23T08:00:00,473.9
2023-10-23T09:00:00,650.3
2023-10-23T10:00:00,696.55
2023-10-23T11:00:00,596.65
2023-10-23T12:00:00,509.2
2023-10-23T13:00:00,478.62
2023-10-23T14:00:00,259.33
2023-10-23T15:00:00,136.62
2023-10-23T16:00:00,61.28
2023-10-23T17:00:00,8.25
2023-10-23T18:00:00,0.0
2023-10-23T19:00:00,0.0
2023-10-23T20:00:00,0.0
2023-10-23T21:00:00,0.0
2023-10-23T22:00:00,0.0
2023-10-23T23:00:00,0.0
2023-10-24T00:00:00,0.0
2023-10-24T01:00:00,0.0
2023-10-24T02:00:00,0.0
2023-10-24T03:00:00,0.0
2023-10-24T04:00:00,0.0
2023-10-24T05:00:00,10.88
2023-10-24T06:00:00,107.9
2023-10-24T07:00:00,217.7
2023-10-24T08:00:00,313.38
2023-10-24T09:00:00,400.8
2023-10-24T10:00:00,594.53
2023-10-24T11:00:00,613.4
2023-10-24T12:00:00,485.35
2023-10-24T13:00:00,407.0
2023-10-24T14:00:00,274.77
2023-10-24T15:00:00,116.7
2023-10-24T16:00:00,52.8
2023-10-24T17:00:00,6.5
2023-10-24T18:00:00,0.0
2023-10-24T19:00:00,0.0
2023-10-24T20:00:00,0.0
2023-10-24T21:00:00,0.0
2023-10-24T22:00:00,0.0
2023-10-24T23:00:00,0.0
2023-10-25T00:00:00,0.0
2023-10-25T01:00:00,0.0
2023-10-25T02:00:00,0.0
2023-10-25T03:00:00,0.0
2023-10-25T04:00:00,0.0
2023-10-25T05:00:00,2.9
2023-10-25T06:00:00,15.9
2023-10-25T07:00:00,32.8
2023-10-25T08:00:00,41.95
2023-10-25T09:00:00,55.3
2023-10-25T10:00:00,69.25
2023-10-25T11:00:00,73.6
2023-10-25T12:00:00,79.57
2023-10-25T13:00:00,82.28
2023-10-25T14:00:00,66.9
2023-10-25T15:00:00,40.4
2023-10-25T16:00:00,19.3
2023-10-25T17:00:00,2.72
2023-10-25T18:00:00,0.0
2023-10-25T19:00:00,0.0
2023-10-25T20:00:00,0.0
2023-10-25T21:00:00,0.0
2023-10-25T22:00:00,0.0
2023-10-25T23:00:00,0.0
2023-10-26T00:00:00,0.0
2023-10-26T01:00:00,0.0
2023-10-26T02:00:00,0.0
2023-10-26T03:00:00,0.0
2023-10-26T04:00:00,0.0
2023-10-26T05:00:00,16.98
2023-10-26T06:00:00,128.07
2023-10-26T07:00:00,307.7
2023-10-26T08:00:00,407.23
2023-10-26T09:00:00,604.95
2023-10-26T10:00:00,778.03
2023-10-26T11:00:00,839.12
2023-10-26T12:00:00,731.22
2023-10-26T13:00:00,735.45
2023-10-26T14:00:00,545.6
2023-10-26T15:00:00,342.77
2023-10-26T16:00:00,148.57
2023-10-26T17:00:00,18.8
2023-10-26T18:00:00,0.0
2023-10-26T19:00:00,0.0
2023-10-26T20:00:00,0.0
2023-10-26T21:00:00,0.0
2023-10-26T22:00:00,0.0
2023-10-26T23:00:00,0.0
2023-10-27T00:00:00,0.0
2023-10-27T01:00:00,0.0
2023-10-27T02:00:00,0.0
2023-10-27T03:00:00,0.0
2023-10-27T04:00:00,0.0
2023-10-27T05:00:00,31.62
2023-10-27T06:00:00,202.1
2023-10-27T07:00:00,438.92
2023-10-27T08:00:00,669.62
2023-10-27T09:00:00,845.0
2023-10-27T10:00:00,966.53
2023-10-27T11:00:00,1022.12
2023-10-27T12:00:00,982.7
2023-10-27T13:00:00,873.83
2023-10-27T14:00:00,701.25
2023-10-27T15:00:00,443.42
2023-10-27T16:00:00,205.48
2023-10-27T17:00:00,29.42
2023-10-27T18:00:00,0.0
2023-10-27T19:00:00,0.0
2023-10-27T20:00:00,0.0
2023-10-27T21:00:00,0.0
2023-10-27T22:00:00,0.0
2023-10-27T23:00:00,0.0
2023-10-28T00:00:00,0.0
2023-10-28T01:00:00,0.0
2023-10-28T02:00:00,0.0
2023-10-28T03:00:00,0.0
2023-10-28T04:00:00,0.0
2023-10-28T05:00:00,31.05
2023-10-28T06:00:00,209.02
2023-10-28T07:00:00,451.1
2023-10-28T08:00:00,693.33
2023-10-28T09:00:00,867.85
2023-10-28T10:00:00,988.35
2023-10-28T11:00:00,1030.68
2023-10-28T12:00:00,980.75
2023-10-28T13:00:00,878.25
2023-10-28T14:00:00,698.38
2023-10-28T15:00:00,488.0
2023-10-28T16:00:00,244.88
2023-10-28T17:00:00,37.25
2023-10-28T18:00:00,0.0
2023-10-28T19:00:00,0.0
2023-10-28T20:00:00,0.0
2023-10-28T21:00:00,0.0
2023-10-28T22:00:00,0.0
2023-10-28T23:00:00,0.0
2023-10-29T00:00:00,0.0
2023-10-29T01:00:00,0.0
2023-10-29T02:00:00,0.0
2023-10-29T03:00:00,0.0
2023-10-29T04:00:00,0.0
2023-10-29T05:00:00,37.15
2023-10-29T06:00:00,247.43
2023-10-29T07:00:00,502.42
2023-10-29T08:00:00,728.85
2023-10-29T09:00:00,900.45
2023-10-29T10:00:00,1012.75
2023-10-29T11:00:00,1043.22
2023-10-29T12:00:00,1003.55
2023-10-29T13:00:00,881.08
2023-10-29T14:00:00,717.55
2023-10-29T15:00:00,466.7
2023-10-29T16:00:00,230.12
2023-10-29T17:00:00,34.97
2023-10-29T18:00:00,0.0
2023-10-29T19:00:00,0.0
2023-10-29T20:00:00,0.0
2023-10-29T21:00:00,0.0
2023-10-29T22:00:00,0.0
2023-10-29T23:00:00,0.0
2023-10-30T00:00:00,0.0
2023-10-30T01:00:00,0.0
2023-10-30T02:00:00,0.0
2023-10-30T03:00:00,0.0
2023-10-30T04:00:00,0.0
2023-10-30T05:00:00,38.5
2023-10-30T06:00:00,231.57
2023-10-30T07:00:00,460.95
2023-10-30T08:00:00,667.03
2023-10-30T09:00:00,829.53
2023-10-30T10:00:00,925.6
2023-10-30T11:00:00,880.12
2023-10-30T12:00:00,830.72
2023-10-30T13:00:00,724.7
2023-10-30T14:00:00,593.97
2023-10-30T15:00:00,372.73
2023-10-30T16:00:00,175.38
2023-10-30T17:00:00,23.7
2023-10-30T18:00:00,0.0
2023-10-30T19:00:00,0.0
2023-10-30T20:00:00,0.0
2023-10-30T21:00:00,0.0
2023-10-30T22:00:00,0.0
2023-10-30T23:00:00,0.0
2023-10-31T00:00:00,0.0
2023-10-31T01:00:00,0.0
2023-10-31T02:00:00,0.0
2023-10-31T03:00:00,0.0
2023-10-31T04:00:00,0.0
2023-10-31T05:00:00,14.12
2023-10-31T06:00:00,83.62
2023-10-31T07:00:00,154.95
2023-10-31T08:00:00,257.52
2023-10-31T09:00:00,363.45
2023-10-31T10:00:00,516.85
2023-10-31T11:00:00,545.6
2023-10-31T12:00:00,422.98
2023-10-31T13:00:00,380.27
2023-10-31T14:00:00,267.52
2023-10-31T15:00:00,192.38
2023-10-31T16:00:00,95.43
2023-10-31T17:00:00,14.12
2023-10-31T18:00:00,0.0
2023-10-31T19:00:00,0.0
2023-10-31T20:00:00,0.0
2023-10-31T21:00:00,0.0
2023-10-31T22:00:00,0.0
2023-10-31T23:00:00,0.0
2023-11-01T00:00:00,0.0
2023-11-01T01:00:00,0.0
2023-11-01T02:00:00,0.0
2023-11-01T03:00:00,0.0
2023-11-01T04:00:00,0.0
2023-11-01T05:00:00,16.58
2023-11-01T06:00:00,93.32
2023-11-01T07:00:00,211.68
2023-11-01T08:00:00,317.23
2023-11-01T09:00:00,577.95
2023-11-01T10:00:00,675.25
2023-11-01T11:00:00,719.1
2023-11-01T12:00:00,679.42
2023-11-01T13:00:00,639.83
2023-11-01T14:00:00,554.97
2023-11-01T15:00:00,354.0
2023-11-01T16:00:00,152.05
2023-11-01T17:00:00,23.25
2023-11-01T18:00:00,0.0
2023-11-01T19:00:00,0.0
2023-11-01T20:00:00,0.0
2023-11-01T21:00:00,0.0
2023-11-01T22:00:00,0.0
2023-11-01T23:00:00,0.0
2023-11-02T00:00:00,0.0
2023-11-02T01:00:00,0.0
2023-11-02T02:00:00,0.0
2023-11-02T03:00:00,0.0
2023-11-02T04:00:00,0.0
2023-11-02T05:00:00,19.17
2023-11-02T06:00:00,123.8
2023-11-02T07:00:00,260.0
2023-11-02T08:00:00,513.9
2023-11-02T09:00:00,751.42
2023-11-02T10:00:00,899.03
2023-11-02T11:00:00,915.42
2023-11-02T12:00:00,873.1
2023-11-02T13:00:00,787.67
2023-11-02T14:00:00,645.35
2023-11-02T15:00:00,416.62
2023-11-02T16:00:00,199.73
2023-11-02T17:00:00,31.75
2023-11-02T18:00:00,0.0
2023-11-02T19:00:00,0.0
2023-11-02T20:00:00,0.0
2023-11-02T21:00:00,0.0
2023-11-02T22:00:00,0.0
2023-11-02T23:00:00,0.0
2023-11-03T00:00:00,0.0
2023-11-03T01:00:00,0.0
2023-11-03T02:00:00,0.0
2023-11-03T03:00:00,0.0
2023-11-03T04:00:00,0.0
2023-11-03T05:00:00,33.17
2023-11-03T06:00:00,216.45
2023-11-03T07:00:00,453.73
2023-11-03T08:00:00,684.45
2023-11-03T09:00:00,862.1
2023-11-03T10:00:00,967.9
2023-11-03T11:00:00,962.62
2023-11-03T12:00:00,883.67
2023-11-03T13:00:00,860.17
2023-11-03T14:00:00,666.4
2023-11-03T15:00:00,467.88
2023-11-03T16:00:00,229.48
2023-11-03T17:00:00,34.75
2023-11-03T18:00:00,0.0
2023-11-03T19:00:00,0.0
2023-11-03T20:00:00,0.0
2023-11-03T21:00:00,0.0
2023-11-03T22:00:00,0.0
2023-11-03T23:00:00,0.0
2023-11-04T00:00:00,0.0
2023-11-04T01:00:00,0.0
2023-11-04T02:00:00,0.0
2023-11-04T03:00:00,0.0
2023-11-04T04:00:00,0.0
2023-11-04T05:00:00,22.1
2023-11-04T06:00:00,138.62
2023-11-04T07:00:00,309.12
2023-11-04T08:00:00,484.17
2023-11-04T09:00:00,693.3
2023-11-04T10:00:00,775.7
2023-11-04T11:00:00,776.8
2023-11-04T12:00:00,757.22
2023-11-04T13:00:00,618.72
2023-11-04T14:00:00,403.6
2023-11-04T15:00:00,280.65
2023-11-04T16:00:00,125.03
2023-11-04T17:00:00,20.52
2023-11-04T18:00:00,0.0
2023-11-04T19:00:00,0.0
2023-11-04T20:00:00,0.0
2023-11-04T21:00:00,0.0
2023-11-04T22:00:00,0.0
2023-11-04T23:00:00,0.0
2023-11-05T00:00:00,0.0
2023-11-05T01:00:00,0.0
2023-11-05T02:00:00,0.0
2023-11-05T03:00:00,0.0
2023-11-05T04:00:00,0.0
2023-11-05T05:00:00,17.23
2023-11-05T06:00:00,109.78
2023-11-05T07:00:00,258.73
2023-11-05T08:00:00,496.33
2023-11-05T09:00:00,724.03
2023-11-05T10:00:00,872.95
2023-11-05T11:00:00,908.45
2023-11-05T12:00:00,808.12
2023-11-05T13:00:00,692.58
2023-11-05T14:00:00,433.17
2023-11-05T15:00:00,258.92
2023-11-05T16:00:00,116.38
2023-11-05T17:00:00,15.68
2023-11-05T18:00:00,0.0
2023-11-05T19:00:00,0.0
2023-11-05T20:00:00,0.0
2023-11-05T21:00:00,0.0
2023-11-05T22:00:00,0.0
2023-11-05T23:00:00,0.0
2023-11-06T00:00:00,0.0
2023-11-06T01:00:00,0.0
2023-11-06T02:00:00,0.0
2023-11-06T03:00:00,0.0
2023-11-06T04:00:00,0.0
2023-11-06T05:00:00,18.5
2023-11-06T06:00:00,124.43
2023-11-06T07:00:00,281.88
2023-11-06T08:00:00,502.4
2023-11-06T09:00:00,660.78
2023-11-06T10:00:00,760.88
2023-11-06T11:00:00,771.78
2023-11-06T12:00:00,692.85
2023-11-06T13:00:00,614.22
2023-11-06T14:00:00,480.83
2023-11-06T15:00:00,315.85
2023-11-06T16:00:00,154.18
2023-11-06T17:00:00,25.88
2023-11-06T18:00:00,0.0
2023-11-06T19:00:00,0.0
2023-11-06T20:00:00,0.0
2023-11-06T21:00:00,0.0
2023-11-06T22:00:00,0.0
2023-11-06T23:00:00,0.0
2023-11-07T00:00:00,0.0
2023-11-07T01:00:00,0.0
2023-11-07T02:00:00,0.0
2023-11-07T03:00:00,0.0
2023-11-07T04:00:00,0.0
2023-11-07T05:00:00,31.9
2023-11-07T06:00:00,197.98
2023-11-07T07:00:00,425.3
2023-11-07T08:00:00,603.28
2023-11-07T09:00:00,789.03
2023-11-07T10:00:00,857.53
2023-11-07T11:00:00,883.67
2023-11-07T12:00:00,853.47
2023-11-07T13:00:00,677.65
2023-11-07T14:00:00,558.33
2023-11-07T15:00:00,374.85
2023-11-07T16:00:00,170.62
2023-11-07T17:00:00,31.2
2023-11-07T18:00:00,0.0
2023-11-07T19:00:00,0.0
2023-11-07T20:00:00,0.0
2023-11-07T21:00:00,0.0
2023-11-07T22:00:00,0.0
2023-11-07T23:00:00,0.0
2023-11-08T00:00:00,0.0
2023-11-08T01:00:00,0.0
2023-11-08T02:00:00,0.0
2023-11-08T03:00:00,0.0
2023-11-08T04:00:00,0.0
2023-11-08T05:00:00,26.9
2023-11-08T06:00:00,163.0
2023-11-08T07:00:00,349.88
2023-11-08T08:00:00,572.17
2023-11-08T09:00:00,717.03
2023-11-08T10:00:00,795.33
2023-11-08T11:00:00,756.85
2023-11-08T12:00:00,651.65
2023-11-08T13:00:00,613.12
2023-11-08T14:00:00,482.67
2023-11-08T15:00:00,299.55
2023-11-08T16:00:00,144.68
2023-11-08T17:00:00,23.08
2023-11-08T18:00:00,0.0
2023-11-08T19:00:00,0.0
2023-11-08T20:00:00,0.0
2023-11-08T21:00:00,0.0
2023-11-08T22:00:00,0.0
2023-11-08T23:00:00,0.0
2023-11-09T00:00:00,0.0
2023-11-09T01:00:00,0.0
2023-11-09T02:00:00,0.0
2023-11-09T03:00:00,0.0
2023-11-09T04:00:00,0.0
2023-11-09T05:00:00,33.15
2023-11-09T06:00:00,191.48
2023-11-09T07:00:00,409.27
2023-11-09T08:00:00,624.5
2023-11-09T09:00:00,752.53
2023-11-09T10:00:00,904.53
2023-11-09T11:00:00,910.0
2023-11-09T12:00:00,671.92
2023-11-09T13:00:00,557.12
2023-11-09T14:00:00,444.48
2023-11-09T15:00:00,299.17
2023-11-09T16:00:00,136.12
2023-11-09T17:00:00,23.75
2023-11-09T18:00:00,0.0
2023-11-09T19:00:00,0.0
2023-11-09T20:00:00,0.0
2023-11-09T21:00:00,0.0
2023-11-09T22:00:00,0.0
2023-11-09T23:00:00,0.0
2023-11-10T00:00:00,0.0
2023-11-10T01:00:00,0.0
2023-11-10T02:00:00,0.0
2023-11-10T03:00:00,0.0
2023-11-10T04:00:00,0.0
2023-11-10T05:00:00,29.23
2023-11-10T06:00:00,159.38
2023-11-10T07:00:00,347.05
2023-11-10T08:00:00,515.97
2023-11-10T09:00:00,621.62
2023-11-10T10:00:00,808.08
2023-11-10T11:00:00,820.6
2023-11-10T12:00:00,771.1
2023-11-10T13:00:00,500.17
2023-11-10T14:00:00,473.23
2023-11-10T15:00:00,304.58
2023-11-10T16:00:00,138.2
2023-11-10T17:00:00,24.33
2023-11-10T18:00:00,0.0
2023-11-10T19:00:00,0.0
2023-11-10T20:00:00,0.0
2023-11-10T21:00:00,0.0
2023-11-10T22:00:00,0.0
2023-11-10T23:00:00,0.0
2023-11-11T00:00:00,0.0
2023-11-11T01:00:00,0.0
2023-11-11T02:00:00,0.0
2023-11-11T03:00:00,0.0
2023-11-11T04:00:00,0.0
2023-11-11T05:00:00,23.9
2023-11-11T06:00:00,163.85
2023-11-11T07:00:00,361.62
2023-11-11T08:00:00,515.45
2023-11-11T09:00:00,633.95
2023-11-11T10:00:00,705.92
2023-11-11T11:00:00,769.53
2023-11-11T12:00:00,642.08
2023-11-11T13:00:00,554.38
2023-11-11T14:00:00,423.33
2023-11-11T15:00:00,234.15
2023-11-11T16:00:00,109.05
2023-11-11T17:00:00,13.62
2023-11-11T18:00:00,0.0
2023-11-11T19:00:00,0.0
2023-11-11T20:00:00,0.0
2023-11-11T21:00:00,0.0
2023-11-11T22:00:00,0.0
2023-11-11T23:00:00,0.0
2023-11-12T00:00:00,0.0
2023-11-12T01:00:00,0.0
2023-11-12T02:00:00,0.0
2023-11-12T03:00:00,0.0
2023-11-12T04:00:00,0.0
2023-11-12T05:00:00,24.35
2023-11-12T06:00:00,127.62
2023-11-12T07:00:00,295.67
2023-11-12T08:00:00,500.67
2023-11-12T09:00:00,623.42
2023-11-12T10:00:00,759.22
2023-11-12T11:00:00,844.28
2023-11-12T12:00:00,953.55
2023-11-12T13:00:00,818.45
2023-11-12T14:00:00,649.25
2023-11-12T15:00:00,434.8
2023-11-12T16:00:00,218.55
2023-11-12T17:00:00,39.97
2023-11-12T18:00:00,0.0
2023-11-12T19:00:00,0.0
2023-11-12T20:00:00,0.0
2023-11-12T21:00:00,0.0
2023-11-12T22:00:00,0.0
2023-11-12T23:00:00,0.0
2023-11-13T00:00:00,0.0
2023-11-13T01:00:00,0.0
2023-11-13T02:00:00,0.0
2023-11-13T03:00:00,0.0
2023-11-13T04:00:00,0.0
2023-11-13T05:00:00,24.7
2023-11-13T06:00:00,143.5
2023-11-13T07:00:00,308.33
2023-11-13T08:00:00,480.77
2023-11-13T09:00:00,640.15
2023-11-13T10:00:00,725.78
2023-11-13T11:00:00,786.45
2023-11-13T12:00:00,743.6
2023-11-13T13:00:00,597.0
2023-11-13T14:00:00,489.38
2023-11-13T15:00:00,333.48
2023-11-13T16:00:00,142.6
2023-11-13T17:00:00,27.35
2023-11-13T18:00:00,0.0
2023-11-13T19:00:00,0.0
2023-11-13T20:00:00,0.0
2023-11-13T21:00:00,0.0
2023-11-13T22:00:00,0.0
2023-11-13T23:00:00,0.0
2023-11-14T00:00:00,0.0
2023-11-14T01:00:00,0.0
2023-11-14T02:00:00,0.0
2023-11-14T03:00:00,0.0
2023-11-14T04:00:00,0.0
2023-11-14T05:00:00,31.5
2023-11-14T06:00:00,160.93
2023-11-14T07:00:00,339.25
2023-11-14T08:00:00,522.67
2023-11-14T09:00:00,672.45
2023-11-14T10:00:00,743.22
2023-11-14T11:00:00,796.55
2023-11-14T12:00:00,809.67
2023-11-14T13:00:00,764.58
2023-11-14T14:00:00,577.38
2023-11-14T15:00:00,394.3
2023-11-14T16:00:00,189.68
2023-11-14T17:00:00,32.78
2023-11-14T18:00:00,0.0
2023-11-14T19:00:00,0.0
2023-11-14T20:00:00,0.0
2023-11-14T21:00:00,0.0
2023-11-14T22:00:00,0.0
2023-11-14T23:00:00,0.0
2023-11-15T00:00:00,0.0
2023-11-15T01:00:00,0.0
2023-11-15T02:00:00,0.0
2023-11-15T03:00:00,0.0
2023-11-15T04:00:00,0.0
2023-11-15T05:00:00,46.62
2023-11-15T06:00:00,249.0
2023-11-15T07:00:00,504.58
2023-11-15T08:00:00,723.67
2023-11-15T09:00:00,905.15
2023-11-15T10:00:00,1022.58
2023-11-15T11:00:00,1048.75
2023-11-15T12:00:00,1013.88
2023-11-15T13:00:00,891.03
2023-11-15T14:00:00,723.42
2023-11-15T15:00:00,494.3
2023-11-15T16:00:00,258.23
2023-11-15T17:00:00,48.25
2023-11-15T18:00:00,0.0
2023-11-15T19:00:00,0.0
2023-11-15T20:00:00,0.0
2023-11-15T21:00:00,0.0
2023-11-15T22:00:00,0.0
2023-11-15T23:00:00,0.0
2023-11-16T00:00:00,0.0
2023-11-16T01:00:00,0.0
2023-11-16T02:00:00,0.0
2023-11-16T03:00:00,0.0
2023-11-16T04:00:00,0.0
2023-11-16T05:00:00,54.78
2023-11-16T06:00:00,280.55
2023-11-16T07:00:00,535.28
2023-11-16T08:00:00,761.35
2023-11-16T09:00:00,922.35
2023-11-16T10:00:00,1037.65
2023-11-16T11:00:00,1071.9
2023-11-16T12:00:00,1029.78
2023-11-16T13:00:00,913.5
2023-11-16T14:00:00,742.4
2023-11-16T15:00:00,506.7
2023-11-16T16:00:00,269.17
2023-11-16T17:00:00,57.65
2023-11-16T18:00:00,0.0
2023-11-16T19:00:00,0.0
2023-11-16T20:00:00,0.0
2023-11-16T21:00:00,0.0
2023-11-16T22:00:00,0.0
2023-11-16T23:00:00,0.0
2023-11-17T00:00:00,0.0
2023-11-17T01:00:00,0.0
2023-11-17T02:00:00,0.0
2023-11-17T03:00:00,0.0
2023-11-17T04:00:00,0.0
2023-11-17T05:00:00,52.08
2023-11-17T06:00:00,260.08
2023-11-17T07:00:00,509.25
2023-11-17T08:00:00,737.9
2023-11-17T09:00:00,903.75
2023-11-17T10:00:00,1011.0
2023-11-17T11:00:00,1049.38
2023-11-17T12:00:00,1013.03
2023-11-17T13:00:00,901.88
2023-11-17T14:00:00,738.47
2023-11-17T15:00:00,505.17
2023-11-17T16:00:00,268.75
2023-11-17T17:00:00,57.03
2023-11-17T18:00:00,0.0
2023-11-17T19:00:00,0.0
2023-11-17T20:00:00,0.0
2023-11-17T21:00:00,0.0
2023-11-17T22:00:00,0.0
2023-11-17T23:00:00,0.0
2023-11-18T00:00:00,0.0
2023-11-18T01:00:00,0.0
2023-11-18T02:00:00,0.0
2023-11-18T03:00:00,0.0
2023-11-18T04:00:00,0.0
2023-11-18T05:00:00,35.22
2023-11-18T06:00:00,199.4
2023-11-18T07:00:00,440.45
2023-11-18T08:00:00,655.92
2023-11-18T09:00:00,800.47
2023-11-18T10:00:00,878.5
2023-11-18T11:00:00,856.65
2023-11-18T12:00:00,736.9
2023-11-18T13:00:00,638.53
2023-11-18T14:00:00,375.9
2023-11-18T15:00:00,419.4
2023-11-18T16:00:00,202.0
2023-11-18T17:00:00,41.7
2023-11-18T18:00:00,0.0
2023-11-18T19:00:00,0.0
2023-11-18T20:00:00,0.0
2023-11-18T21:00:00,0.0
2023-11-18T22:00:00,0.0
2023-11-18T23:00:00,0.0
2023-11-19T00:00:00,0.0
2023-11-19T01:00:00,0.0
2023-11-19T02:00:00,0.0
2023-11-19T03:00:00,0.0
2023-11-19T04:00:00,0.0
2023-11-19T05:00:00,40.28
2023-11-19T06:00:00,200.18
2023-11-19T07:00:00,408.98
2023-11-19T08:00:00,586.42
2023-11-19T09:00:00,694.83
2023-11-19T10:00:00,753.88
2023-11-19T11:00:00,759.28
2023-11-19T12:00:00,792.9
2023-11-19T13:00:00,654.65
2023-11-19T14:00:00,494.52
2023-11-19T15:00:00,330.98
2023-11-19T16:00:00,162.85
2023-11-19T17:00:00,33.83
2023-11-19T18:00:00,0.0
2023-11-19T19:00:00,0.0
2023-11-19T20:00:00,0.0
2023-11-19T21:00:00,0.0
2023-11-19T22:00:00,0.0
2023-11-19T23:00:00,0.0
2023-11-20T00:00:00,0.0
2023-11-20T01:00:00,0.0
2023-11-20T02:00:00,0.0
2023-11-20T03:00:00,0.0
2023-11-20T04:00:00,0.0
2023-11-20T05:00:00,46.95
2023-11-20T06:00:00,221.98
2023-11-20T07:00:00,432.05
2023-11-20T08:00:00,678.28
2023-11-20T09:00:00,852.45
2023-11-20T10:00:00,967.83
2023-11-20T11:00:00,1013.0
2023-11-20T12:00:00,995.42
2023-11-20T13:00:00,888.28
2023-11-20T14:00:00,702.78
2023-11-20T15:00:00,470.42
2023-11-20T16:00:00,245.25
2023-11-20T17:00:00,54.72
2023-11-20T18:00:00,0.0
2023-11-20T19:00:00,0.0
2023-11-20T20:00:00,0.0
2023-11-20T21:00:00,0.0
2023-11-20T22:00:00,0.0
2023-11-20T23:00:00,0.0
2023-11-21T00:00:00,0.0
2023-11-21T01:00:00,0.0
2023-11-21T02:00:00,0.0
2023-11-21T03:00:00,0.0
2023-11-21T04:00:00,0.0
2023-11-21T05:00:00,44.67
2023-11-21T06:00:00,214.55
2023-11-21T07:00:00,426.92
2023-11-21T08:00:00,620.65
2023-11-21T09:00:00,759.47
2023-11-21T10:00:00,841.0
2023-11-21T11:00:00,875.4
2023-11-21T12:00:00,832.35
2023-11-21T13:00:00,703.97
2023-11-21T14:00:00,606.25
2023-11-21T15:00:00,375.42
2023-11-21T16:00:00,194.82
2023-11-21T17:00:00,44.17
2023-11-21T18:00:00,0.0
2023-11-21T19:00:00,0.0
2023-11-21T20:00:00,0.0
2023-11-21T21:00:00,0.0
2023-11-21T22:00:00,0.0
2023-11-21T23:00:00,0.0
2023-11-22T00:00:00,0.0
2023-11-22T01:00:00,0.0
2023-11-22T02:00:00,0.0
2023-11-22T03:00:00,0.0
2023-11-22T04:00:00,0.0
2023-11-22T05:00:00,34.28
2023-11-22T06:00:00,175.75
2023-11-22T07:00:00,402.0
2023-11-22T08:00:00,612.33
2023-11-22T09:00:00,765.92
2023-11-22T10:00:00,861.67
2023-11-22T11:00:00,864.67
2023-11-22T12:00:00,807.17
2023-11-22T13:00:00,690.1
2023-11-22T14:00:00,511.38
2023-11-22T15:00:00,343.8
2023-11-22T16:00:00,158.23
2023-11-22T17:00:00,37.05
2023-11-22T18:00:00,0.0
2023-11-22T19:00:00,0.0
2023-11-22T20:00:00,0.0
2023-11-22T21:00:00,0.0
2023-11-22T22:00:00,0.0
2023-11-22T23:00:00,0.0
2023-11-23T00:00:00,0.0
2023-11-23T01:00:00,0.0
2023-11-23T02:00:00,0.0
2023-11-23T03:00:00,0.0
2023-11-23T04:00:00,0.0
2023-11-23T05:00:00,40.62
2023-11-23T06:00:00,246.98
2023-11-23T07:00:00,452.62
2023-11-23T08:00:00,662.05
2023-11-23T09:00:00,870.08
2023-11-23T10:00:00,1009.1
2023-11-23T11:00:00,1065.47
2023-11-23T12:00:00,1024.78
2023-11-23T13:00:00,899.67
2023-11-23T14:00:00,714.95
2023-11-23T15:00:00,524.0
2023-11-23T16:00:00,282.55
2023-11-23T17:00:00,65.78
2023-11-23T18:00:00,0.0
2023-11-23T19:00:00,0.0
2023-11-23T20:00:00,0.0
2023-11-23T21:00:00,0.0
2023-11-23T22:00:00,0.0
2023-11-23T23:00:00,0.0
2023-11-24T00:00:00,0.0
2023-11-24T01:00:00,0.0
2023-11-24T02:00:00,0.0
2023-11-24T03:00:00,0.0
2023-11-24T04:00:00,0.0
2023-11-24T05:00:00,46.25
2023-11-24T06:00:00,242.82
2023-11-24T07:00:00,495.05
2023-11-24T08:00:00,719.22
2023-11-24T09:00:00,866.53
2023-11-24T10:00:00,948.95
2023-11-24T11:00:00,1009.5
2023-11-24T12:00:00,942.08
2023-11-24T13:00:00,883.83
2023-11-24T14:00:00,730.67
2023-11-24T15:00:00,523.15
2023-11-24T16:00:00,277.27
2023-11-24T17:00:00,64.0
2023-11-24T18:00:00,0.0
2023-11-24T19:00:00,0.0
2023-11-24T20:00:00,0.0
2023-11-24T21:00:00,0.0
2023-11-24T22:00:00,0.0
2023-11-24T23:00:00,0.0
2023-11-25T00:00:00,0.0
2023-11-25T01:00:00,0.0
2023-11-25T02:00:00,0.0
2023-11-25T03:00:00,0.0
2023-11-25T04:00:00,0.0
2023-11-25T05:00:00,39.42
2023-11-25T06:00:00,219.35
2023-11-25T07:00:00,472.73
2023-11-25T08:00:00,701.83
2023-11-25T09:00:00,881.47
2023-11-25T10:00:00,987.45
2023-11-25T11:00:00,1022.55
2023-11-25T12:00:00,993.05
2023-11-25T13:00:00,909.3
2023-11-25T14:00:00,722.17
2023-11-25T15:00:00,505.15
2023-11-25T16:00:00,273.88
2023-11-25T17:00:00,67.2
2023-11-25T18:00:00,0.0
2023-11-25T19:00:00,0.0
2023-11-25T20:00:00,0.0
2023-11-25T21:00:00,0.0
2023-11-25T22:00:00,0.0
2023-11-25T23:00:00,0.0
2023-11-26T00:00:00,0.0
2023-11-26T01:00:00,0.0
2023-11-26T02:00:00,0.0
2023-11-26T03:00:00,0.0
2023-11-26T04:00:00,0.0
2023-11-26T05:00:00,47.88
2023-11-26T06:00:00,242.6
2023-11-26T07:00:00,474.08
2023-11-26T08:00:00,718.12
2023-11-26T09:00:00,887.25
2023-11-26T10:00:00,986.2
2023-11-26T11:00:00,1020.62
2023-11-26T12:00:00,986.92
2023-11-26T13:00:00,860.72
2023-11-26T14:00:00,687.97
2023-11-26T15:00:00,500.33
2023-11-26T16:00:00,257.77
2023-11-26T17:00:00,54.35
2023-11-26T18:00:00,0.0
2023-11-26T19:00:00,0.0
2023-11-26T20:00:00,0.0
2023-11-26T21:00:00,0.0
2023-11-26T22:00:00,0.0
2023-11-26T23:00:00,0.0
2023-11-27T00:00:00,0.0
2023-11-27T01:00:00,0.0
2023-11-27T02:00:00,0.0
2023-11-27T03:00:00,0.0
2023-11-27T04:00:00,0.0
2023-11-27T05:00:00,33.53
2023-11-27T06:00:00,170.77
2023-11-27T07:00:00,373.62
2023-11-27T08:00:00,509.85
2023-11-27T09:00:00,646.35
2023-11-27T10:00:00,745.4
2023-11-27T11:00:00,776.33
2023-11-27T12:00:00,745.03
2023-11-27T13:00:00,612.67
2023-11-27T14:00:00,436.98
2023-11-27T15:00:00,259.05
2023-11-27T16:00:00,138.62
2023-11-27T17:00:00,33.4
2023-11-27T18:00:00,0.0
2023-11-27T19:00:00,0.0
2023-11-27T20:00:00,0.0
2023-11-27T21:00:00,0.0
2023-11-27T22:00:00,0.0
2023-11-27T23:00:00,0.0
2023-11-28T00:00:00,0.0
2023-11-28T01:00:00,0.0
2023-11-28T02:00:00,0.0
2023-11-28T03:00:00,0.0
2023-11-28T04:00:00,0.0
2023-11-28T05:00:00,44.88
2023-11-28T06:00:00,230.88
2023-11-28T07:00:00,456.35
2023-11-28T08:00:00,679.5
2023-11-28T09:00:00,843.78
2023-11-28T10:00:00,936.45
2023-11-28T11:00:00,967.15
2023-11-28T12:00:00,951.83
2023-11-28T13:00:00,784.58
2023-11-28T14:00:00,639.17
2023-11-28T15:00:00,411.48
2023-11-28T16:00:00,216.3
2023-11-28T17:00:00,52.38
2023-11-28T18:00:00,0.0
2023-11-28T19:00:00,0.0
2023-11-28T20:00:00,0.0
2023-11-28T21:00:00,0.0
2023-11-28T22:00:00,0.0
2023-11-28T23:00:00,0.0
2023-11-29T00:00:00,0.0
2023-11-29T01:00:00,0.0
2023-11-29T02:00:00,0.0
2023-11-29T03:00:00,0.0
2023-11-29T04:00:00,0.0
2023-11-29T05:00:00,33.72
2023-11-29T06:00:00,179.82
2023-11-29T07:00:00,411.85
2023-11-29T08:00:00,618.15
2023-11-29T09:00:00,808.03
2023-11-29T10:00:00,927.05
2023-11-29T11:00:00,923.58
2023-11-29T12:00:00,854.55
2023-11-29T13:00:00,687.78
2023-11-29T14:00:00,523.08
2023-11-29T15:00:00,362.15
2023-11-29T16:00:00,207.93
2023-11-29T17:00:00,51.75
2023-11-29T18:00:00,0.0
2023-11-29T19:00:00,0.0
2023-11-29T20:00:00,0.0
2023-11-29T21:00:00,0.0
2023-11-29T22:00:00,0.0
2023-11-29T23:00:00,0.0
2023-11-30T00:00:00,0.0
2023-11-30T01:00:00,0.0
2023-11-30T02:00:00,0.0
2023-11-30T03:00:00,0.0
2023-11-30T04:00:00,0.0
2023-11-30T05:00:00,38.72
2023-11-30T06:00:00,222.73
2023-11-30T07:00:00,472.88
2023-11-30T08:00:00,691.15
2023-11-30T09:00:00,838.95
2023-11-30T10:00:00,955.6
2023-11-30T11:00:00,1013.12
2023-11-30T12:00:00,994.75
2023-11-30T13:00:00,830.08
2023-11-30T14:00:00,682.67
2023-11-30T15:00:00,459.05
2023-11-30T16:00:00,246.38
2023-11-30T17:00:00,62.17
2023-11-30T18:00:00,0.0
2023-11-30T19:00:00,0.0
2023-11-30T20:00:00,0.0
2023-11-30T21:00:00,0.0
2023-11-30T22:00:00,0.0
2023-11-30T23:00:00,0.0
2023-12-01T00:00:00,0.0
2023-12-01T01:00:00,0.0
2023-12-01T02:00:00,0.0
2023-12-01T03:00:00,0.0
2023-12-01T04:00:00,0.0
2023-12-01T05:00:00,49.78
2023-12-01T06:00:00,251.7
2023-12-01T07:00:00,486.27
2023-12-01T08:00:00,699.7
2023-12-01T09:00:00,858.85
2023-12-01T10:00:00,992.85
2023-12-01T11:00:00,987.9
2023-12-01T12:00:00,968.78
2023-12-01T13:00:00,860.92
2023-12-01T14:00:00,698.47
2023-12-01T15:00:00,487.6
2023-12-01T16:00:00,270.38
2023-12-01T17:00:00,72.97
2023-12-01T18:00:00,0.0
2023-12-01T19:00:00,0.0
2023-12-01T20:00:00,0.0
2023-12-01T21:00:00,0.0
2023-12-01T22:00:00,0.0
2023-12-01T23:00:00,0.0
2023-12-02T00:00:00,0.0
2023-12-02T01:00:00,0.0
2023-12-02T02:00:00,0.0
2023-12-02T03:00:00,0.0
2023-12-02T04:00:00,0.0
2023-12-02T05:00:00,41.67
2023-12-02T06:00:00,196.27
2023-12-02T07:00:00,389.1
2023-12-02T08:00:00,619.45
2023-12-02T09:00:00,801.58
2023-12-02T10:00:00,930.05
2023-12-02T11:00:00,999.95
2023-12-02T12:00:00,970.95
2023-12-02T13:00:00,854.45
2023-12-02T14:00:00,680.72
2023-12-02T15:00:00,453.88
2023-12-02T16:00:00,254.3
2023-12-02T17:00:00,61.3
2023-12-02T18:00:00,0.0
2023-12-02T19:00:00,0.0
2023-12-02T20:00:00,0.0
2023-12-02T21:00:00,0.0
2023-12-02T22:00:00,0.0
2023-12-02T23:00:00,0.0
2023-12-03T00:00:00,0.0
2023-12-03T01:00:00,0.0
2023-12-03T02:00:00,0.0
2023-12-03T03:00:00,0.0
2023-12-03T04:00:00,0.0
2023-12-03T05:00:00,35.2
2023-12-03T06:00:00,182.02
2023-12-03T07:00:00,412.5
2023-12-03T08:00:00,635.83
2023-12-03T09:00:00,812.67
2023-12-03T10:00:00,922.75
2023-12-03T11:00:00,938.92
2023-12-03T12:00:00,972.62
2023-12-03T13:00:00,776.28
2023-12-03T14:00:00,672.65
2023-12-03T15:00:00,443.58
2023-12-03T16:00:00,253.25
2023-12-03T17:00:00,62.58
2023-12-03T18:00:00,0.0
2023-12-03T19:00:00,0.0
2023-12-03T20:00:00,0.0
2023-12-03T21:00:00,0.0
2023-12-03T22:00:00,0.0
2023-12-03T23:00:00,0.0
2023-12-04T00:00:00,0.0
2023-12-04T01:00:00,0.0
2023-12-04T02:00:00,0.0
2023-12-04T03:00:00,0.0
2023-12-04T04:00:00,0.0
2023-12-04T05:00:00,38.58
2023-12-04T06:00:00,185.3
2023-12-04T07:00:00,364.73
2023-12-04T08:00:00,578.83
2023-12-04T09:00:00,708.78
2023-12-04T10:00:00,811.62
2023-12-04T11:00:00,815.15
2023-12-04T12:00:00,825.2
2023-12-04T13:00:00,764.97
2023-12-04T14:00:00,691.6
2023-12-04T15:00:00,471.92
2023-12-04T16:00:00,244.5
2023-12-04T17:00:00,64.68
2023-12-04T18:00:00,0.0
2023-12-04T19:00:00,0.0
2023-12-04T20:00:00,0.0
2023-12-04T21:00:00,0.0
2023-12-04T22:00:00,0.0
2023-12-04T23:00:00,0.0
2023-12-05T00:00:00,0.0
2023-12-05T01:00:00,0.0
2023-12-05T02:00:00,0.0
2023-12-05T03:00:00,0.0
2023-12-05T04:00:00,0.0
2023-12-05T05:00:00,20.85
2023-12-05T06:00:00,107.28
2023-12-05T07:00:00,216.57
2023-12-05T08:00:00,400.1
2023-12-05T09:00:00,535.4
2023-12-05T10:00:00,642.17
2023-12-05T11:00:00,554.03
2023-12-05T12:00:00,317.08
2023-12-05T13:00:00,265.8
2023-12-05T14:00:00,126.35
2023-12-05T15:00:00,83.53
2023-12-05T16:00:00,49.83
2023-12-05T17:00:00,15.75
2023-12-05T18:00:00,0.0
2023-12-05T19:00:00,0.0
2023-12-05T20:00:00,0.0
2023-12-05T21:00:00,0.0
2023-12-05T22:00:00,0.0
2023-12-05T23:00:00,0.0
2023-12-06T00:00:00,0.0
2023-12-06T01:00:00,0.0
2023-12-06T02:00:00,0.0
2023-12-06T03:00:00,0.0
2023-12-06T04:00:00,0.0
2023-12-06T05:00:00,20.25
2023-12-06T06:00:00,123.75
2023-12-06T07:00:00,254.48
2023-12-06T08:00:00,393.0
2023-12-06T09:00:00,521.25
2023-12-06T10:00:00,611.78
2023-12-06T11:00:00,565.1
2023-12-06T12:00:00,502.0
2023-12-06T13:00:00,525.78
2023-12-06T14:00:00,435.98
2023-12-06T15:00:00,304.12
2023-12-06T16:00:00,161.23
2023-12-06T17:00:00,38.97
2023-12-06T18:00:00,0.0
2023-12-06T19:00:00,0.0
2023-12-06T20:00:00,0.0
2023-12-06T21:00:00,0.0
2023-12-06T22:00:00,0.0
2023-12-06T23:00:00,0.0
2023-12-07T00:00:00,0.0
2023-12-07T01:00:00,0.0
2023-12-07T02:00:00,0.0
2023-12-07T03:00:00,0.0
2023-12-07T04:00:00,0.0
2023-12-07T05:00:00,26.02
2023-12-07T06:00:00,137.23
2023-12-07T07:00:00,296.12
2023-12-07T08:00:00,463.42
2023-12-07T09:00:00,608.03
2023-12-07T10:00:00,677.95
2023-12-07T11:00:00,638.72
2023-12-07T12:00:00,644.65
2023-12-07T13:00:00,589.38
2023-12-07T14:00:00,450.48
2023-12-07T15:00:00,297.75
2023-12-07T16:00:00,155.77
2023-12-07T17:00:00,40.28
2023-12-07T18:00:00,0.0
2023-12-07T19:00:00,0.0
2023-12-07T20:00:00,0.0
2023-12-07T21:00:00,0.0
2023-12-07T22:00:00,0.0
2023-12-07T23:00:00,0.0
2023-12-08T00:00:00,0.0
2023-12-08T01:00:00,0.0
2023-12-08T02:00:00,0.0
2023-12-08T03:00:00,0.0
2023-12-08T04:00:00,0.0
2023-12-08T05:00:00,20.77
2023-12-08T06:00:00,124.07
2023-12-08T07:00:00,296.5
2023-12-08T08:00:00,471.5
2023-12-08T09:00:00,602.58
2023-12-08T10:00:00,715.4
2023-12-08T11:00:00,606.7
2023-12-08T12:00:00,569.55
2023-12-08T13:00:00,570.33
2023-12-08T14:00:00,343.45
2023-12-08T15:00:00,215.95
2023-12-08T16:00:00,96.3
2023-12-08T17:00:00,22.4
2023-12-08T18:00:00,0.0
2023-12-08T19:00:00,0.0
2023-12-08T20:00:00,0.0
2023-12-08T21:00:00,0.0
2023-12-08T22:00:00,0.0
2023-12-08T23:00:00,0.0
2023-12-09T00:00:00,0.0
2023-12-09T01:00:00,0.0
2023-12-09T02:00:00,0.0
2023-12-09T03:00:00,0.0
2023-12-09T04:00:00,0.0
2023-12-09T05:00:00,20.58
2023-12-09T06:00:00,135.18
2023-12-09T07:00:00,267.5
2023-12-09T08:00:00,437.55
2023-12-09T09:00:00,585.78
2023-12-09T10:00:00,701.72
2023-12-09T11:00:00,625.0
2023-12-09T12:00:00,602.12
2023-12-09T13:00:00,513.8
2023-12-09T14:00:00,499.7
2023-12-09T15:00:00,297.0
2023-12-09T16:00:00,160.35
2023-12-09T17:00:00,50.08
2023-12-09T18:00:00,0.0
2023-12-09T19:00:00,0.0
2023-12-09T20:00:00,0.0
2023-12-09T21:00:00,0.0
2023-12-09T22:00:00,0.0
2023-12-09T23:00:00,0.0
2023-12-10T00:00:00,0.0
2023-12-10T01:00:00,0.0
2023-12-10T02:00:00,0.0
2023-12-10T03:00:00,0.0
2023-12-10T04:00:00,0.0
2023-12-10T05:00:00,23.7
2023-12-10T06:00:00,140.1
2023-12-10T07:00:00,317.62
2023-12-10T08:00:00,429.73
2023-12-10T09:00:00,520.15
2023-12-10T10:00:00,638.67
2023-12-10T11:00:00,761.5
2023-12-10T12:00:00,726.88
2023-12-10T13:00:00,748.5
2023-12-10T14:00:00,571.58
2023-12-10T15:00:00,415.33
2023-12-10T16:00:00,220.12
2023-12-10T17:00:00,61.9
2023-12-10T18:00:00,0.0
2023-12-10T19:00:00,0.0
2023-12-10T20:00:00,0.0
2023-12-10T21:00:00,0.0
2023-12-10T22:00:00,0.0
2023-12-10T23:00:00,0.0
2023-12-11T00:00:00,0.0
2023-12-11T01:00:00,0.0
2023-12-11T02:00:00,0.0
2023-12-11T03:00:00,0.0
2023-12-11T04:00:00,0.0
2023-12-11T05:00:00,33.75
2023-12-11T06:00:00,209.0
2023-12-11T07:00:00,426.85
2023-12-11T08:00:00,635.95
2023-12-11T09:00:00,791.38
2023-12-11T10:00:00,888.35
2023-12-11T11:00:00,924.85
2023-12-11T12:00:00,871.65
2023-12-11T13:00:00,728.62
2023-12-11T14:00:00,547.42
2023-12-11T15:00:00,393.92
2023-12-11T16:00:00,205.07
2023-12-11T17:00:00,63.03
2023-12-11T18:00:00,0.0
2023-12-11T19:00:00,0.0
2023-12-11T20:00:00,0.0
2023-12-11T21:00:00,0.0
2023-12-11T22:00:00,0.0
2023-12-11T23:00:00,0.0
2023-12-12T00:00:00,0.0
2023-12-12T01:00:00,0.0
2023-12-12T02:00:00,0.0
2023-12-12T03:00:00,0.0
2023-12-12T04:00:00,0.0
2023-12-12T05:00:00,35.2
2023-12-12T06:00:00,199.32
2023-12-12T07:00:00,409.65
2023-12-12T08:00:00,614.62
2023-12-12T09:00:00,797.85
2023-12-12T10:00:00,950.92
2023-12-12T11:00:00,1023.2
2023-12-12T12:00:00,998.75
2023-12-12T13:00:00,897.0
2023-12-12T14:00:00,738.1
2023-12-12T15:00:00,540.95
2023-12-12T16:00:00,306.02
2023-12-12T17:00:00,96.75
2023-12-12T18:00:00,0.0
2023-12-12T19:00:00,0.0
2023-12-12T20:00:00,0.0
2023-12-12T21:00:00,0.0
2023-12-12T22:00:00,0.0
2023-12-12T23:00:00,0.0
2023-12-13T00:00:00,0.0
2023-12-13T01:00:00,0.0
2023-12-13T02:00:00,0.0
2023-12-13T03:00:00,0.0
2023-12-13T04:00:00,0.0
2023-12-13T05:00:00,35.17
2023-12-13T06:00:00,185.38
2023-12-13T07:00:00,368.02
2023-12-13T08:00:00,583.85
2023-12-13T09:00:00,766.65
2023-12-13T10:00:00,881.05
2023-12-13T11:00:00,954.47
2023-12-13T12:00:00,941.72
2023-12-13T13:00:00,846.95
2023-12-13T14:00:00,644.17
2023-12-13T15:00:00,418.05
2023-12-13T16:00:00,237.62
2023-12-13T17:00:00,75.25
2023-12-13T18:00:00,0.0
2023-12-13T19:00:00,0.0
2023-12-13T20:00:00,0.0
2023-12-13T21:00:00,0.0
2023-12-13T22:00:00,0.0
2023-12-13T23:00:00,0.0
2023-12-14T00:00:00,0.0
2023-12-14T01:00:00,0.0
2023-12-14T02:00:00,0.0
2023-12-14T03:00:00,0.0
2023-12-14T04:00:00,0.0
2023-12-14T05:00:00,31.52
2023-12-14T06:00:00,182.55
2023-12-14T07:00:00,385.67
2023-12-14T08:00:00,629.03
2023-12-14T09:00:00,835.9
2023-12-14T10:00:00,981.62
2023-12-14T11:00:00,1030.22
2023-12-14T12:00:00,978.5
2023-12-14T13:00:00,929.58
2023-12-14T14:00:00,775.95
2023-12-14T15:00:00,518.28
2023-12-14T16:00:00,309.2
2023-12-14T17:00:00,107.15
2023-12-14T18:00:00,0.0
2023-12-14T19:00:00,0.0
2023-12-14T20:00:00,0.0
2023-12-14T21:00:00,0.0
2023-12-14T22:00:00,0.0
2023-12-14T23:00:00,0.0
2023-12-15T00:00:00,0.0
2023-12-15T01:00:00,0.0
2023-12-15T02:00:00,0.0
2023-12-15T03:00:00,0.0
2023-12-15T04:00:00,0.0
2023-12-15T05:00:00,45.1
2023-12-15T06:00:00,250.52
2023-12-15T07:00:00,487.95
2023-12-15T08:00:00,708.88
2023-12-15T09:00:00,878.9
2023-12-15T10:00:00,988.0
2023-12-15T11:00:00,1034.12
2023-12-15T12:00:00,992.55
2023-12-15T13:00:00,860.65
2023-12-15T14:00:00,711.05
2023-12-15T15:00:00,528.5
2023-12-15T16:00:00,302.48
2023-12-15T17:00:00,98.6
2023-12-15T18:00:00,0.0
2023-12-15T19:00:00,0.0
2023-12-15T20:00:00,0.0
2023-12-15T21:00:00,0.0
2023-12-15T22:00:00,0.0
2023-12-15T23:00:00,0.0
2023-12-16T00:00:00,0.0
2023-12-16T01:00:00,0.0
2023-12-16T02:00:00,0.0
2023-12-16T03:00:00,0.0
2023-12-16T04:00:00,0.0
2023-12-16T05:00:00,38.3
2023-12-16T06:00:00,217.1
2023-12-16T07:00:00,449.02
2023-12-16T08:00:00,680.2
2023-12-16T09:00:00,829.95
2023-12-16T10:00:00,928.67
2023-12-16T11:00:00,944.2
2023-12-16T12:00:00,895.3
2023-12-16T13:00:00,843.72
2023-12-16T14:00:00,718.42
2023-12-16T15:00:00,524.35
2023-12-16T16:00:00,291.17
2023-12-16T17:00:00,98.75
2023-12-16T18:00:00,0.0
2023-12-16T19:00:00,0.0
2023-12-16T20:00:00,0.0
2023-12-16T21:00:00,0.0
2023-12-16T22:00:00,0.0
2023-12-16T23:00:00,0.0
2023-12-17T00:00:00,0.0
2023-12-17T01:00:00,0.0
2023-12-17T02:00:00,0.0
2023-12-17T03:00:00,0.0
2023-12-17T04:00:00,0.0
2023-12-17T05:00:00,32.83
2023-12-17T06:00:00,183.6
2023-12-17T07:00:00,406.65
2023-12-17T08:00:00,637.22
2023-12-17T09:00:00,815.92
2023-12-17T10:00:00,944.28
2023-12-17T11:00:00,995.03
2023-12-17T12:00:00,971.53
2023-12-17T13:00:00,857.17
2023-12-17T14:00:00,717.65
2023-12-17T15:00:00,514.53
2023-12-17T16:00:00,301.6
2023-12-17T17:00:00,105.53
2023-12-17T18:00:00,0.0
2023-12-17T19:00:00,0.0
2023-12-17T20:00:00,0.0
2023-12-17T21:00:00,0.0
2023-12-17T22:00:00,0.0
2023-12-17T23:00:00,0.0
2023-12-18T00:00:00,0.0
2023-12-18T01:00:00,0.0
2023-12-18T02:00:00,0.0
2023-12-18T03:00:00,0.0
2023-12-18T04:00:00,0.0
2023-12-18T05:00:00,24.12
2023-12-18T06:00:00,137.75
2023-12-18T07:00:00,308.02
2023-12-18T08:00:00,474.58
2023-12-18T09:00:00,606.3
2023-12-18T10:00:00,739.88
2023-12-18T11:00:00,666.0
2023-12-18T12:00:00,676.38
2023-12-18T13:00:00,763.45
2023-12-18T14:00:00,589.67
2023-12-18T15:00:00,445.35
2023-12-18T16:00:00,203.15
2023-12-18T17:00:00,71.2
2023-12-18T18:00:00,0.0
2023-12-18T19:00:00,0.0
2023-12-18T20:00:00,0.0
2023-12-18T21:00:00,0.0
2023-12-18T22:00:00,0.0
2023-12-18T23:00:00,0.0
2023-12-19T00:00:00,0.0
2023-12-19T01:00:00,0.0
2023-12-19T02:00:00,0.0
2023-12-19T03:00:00,0.0
2023-12-19T04:00:00,0.0
2023-12-19T05:00:00,28.7
2023-12-19T06:00:00,173.9
2023-12-19T07:00:00,368.9
2023-12-19T08:00:00,562.78
2023-12-19T09:00:00,777.75
2023-12-19T10:00:00,906.85
2023-12-19T11:00:00,930.55
2023-12-19T12:00:00,978.35
2023-12-19T13:00:00,841.97
2023-12-19T14:00:00,679.75
2023-12-19T15:00:00,481.95
2023-12-19T16:00:00,266.65
2023-12-19T17:00:00,84.72
2023-12-19T18:00:00,0.0
2023-12-19T19:00:00,0.0
2023-12-19T20:00:00,0.0
2023-12-19T21:00:00,0.0
2023-12-19T22:00:00,0.0
2023-12-19T23:00:00,0.0
2023-12-20T00:00:00,0.0
2023-12-20T01:00:00,0.0
2023-12-20T02:00:00,0.0
2023-12-20T03:00:00,0.0
2023-12-20T04:00:00,0.0
2023-12-20T05:00:00,33.42
2023-12-20T06:00:00,212.0
2023-12-20T07:00:00,434.17
2023-12-20T08:00:00,636.55
2023-12-20T09:00:00,827.85
2023-12-20T10:00:00,945.45
2023-12-20T11:00:00,917.4
2023-12-20T12:00:00,870.2
2023-12-20T13:00:00,838.22
2023-12-20T14:00:00,699.45
2023-12-20T15:00:00,463.88
2023-12-20T16:00:00,242.88
2023-12-20T17:00:00,77.9
2023-12-20T18:00:00,0.0
2023-12-20T19:00:00,0.0
2023-12-20T20:00:00,0.0
2023-12-20T21:00:00,0.0
2023-12-20T22:00:00,0.0
2023-12-20T23:00:00,0.0
2023-12-21T00:00:00,0.0
2023-12-21T01:00:00,0.0
2023-12-21T02:00:00,0.0
2023-12-21T03:00:00,0.0
2023-12-21T04:00:00,0.0
2023-12-21T05:00:00,34.67
2023-12-21T06:00:00,210.32
2023-12-21T07:00:00,432.85
2023-12-21T08:00:00,651.97
2023-12-21T09:00:00,834.17
2023-12-21T10:00:00,926.53
2023-12-21T11:00:00,1008.65
2023-12-21T12:00:00,951.9
2023-12-21T13:00:00,849.88
2023-12-21T14:00:00,750.15
2023-12-21T15:00:00,495.52
2023-12-21T16:00:00,282.98
2023-12-21T17:00:00,105.45
2023-12-21T18:00:00,0.0
2023-12-21T19:00:00,0.0
2023-12-21T20:00:00,0.0
2023-12-21T21:00:00,0.0
2023-12-21T22:00:00,0.0
2023-12-21T23:00:00,0.0
2023-12-22T00:00:00,0.0
2023-12-22T01:00:00,0.0
2023-12-22T02:00:00,0.0
2023-12-22T03:00:00,0.0
2023-12-22T04:00:00,0.0
2023-12-22T05:00:00,37.5
2023-12-22T06:00:00,229.6
2023-12-22T07:00:00,477.42
2023-12-22T08:00:00,700.47
2023-12-22T09:00:00,874.25
2023-12-22T10:00:00,992.88
2023-12-22T11:00:00,1030.75
2023-12-22T12:00:00,1005.9
2023-12-22T13:00:00,851.97
2023-12-22T14:00:00,729.03
2023-12-22T15:00:00,535.55
2023-12-22T16:00:00,315.27
2023-12-22T17:00:00,116.78
2023-12-22T18:00:00,0.0
2023-12-22T19:00:00,0.0
2023-12-22T20:00:00,0.0
2023-12-22T21:00:00,0.0
2023-12-22T22:00:00,0.0
2023-12-22T23:00:00,0.0
2023-12-23T00:00:00,0.0
2023-12-23T01:00:00,0.0
2023-12-23T02:00:00,0.0
2023-12-23T03:00:00,0.0
2023-12-23T04:00:00,0.0
2023-12-23T05:00:00,17.92
2023-12-23T06:00:00,115.65
2023-12-23T07:00:00,266.25
2023-12-23T08:00:00,394.4
2023-12-23T09:00:00,495.5
2023-12-23T10:00:00,553.95
2023-12-23T11:00:00,446.25
2023-12-23T12:00:00,566.97
2023-12-23T13:00:00,652.0
2023-12-23T14:00:00,684.95
2023-12-23T15:00:00,486.4
2023-12-23T16:00:00,278.8
2023-12-23T17:00:00,102.8
2023-12-23T18:00:00,0.0
2023-12-23T19:00:00,0.0
2023-12-23T20:00:00,0.0
2023-12-23T21:00:00,0.0
2023-12-23T22:00:00,0.0
2023-12-23T23:00:00,0.0
2023-12-24T00:00:00,0.0
2023-12-24T01:00:00,0.0
2023-12-24T02:00:00,0.0
2023-12-24T03:00:00,0.0
2023-12-24T04:00:00,0.0
2023-12-24T05:00:00,27.2
2023-12-24T06:00:00,193.73
2023-12-24T07:00:00,412.4
2023-12-24T08:00:00,640.83
2023-12-24T09:00:00,817.22
2023-12-24T10:00:00,935.95
2023-12-24T11:00:00,966.12
2023-12-24T12:00:00,930.78
2023-12-24T13:00:00,874.38
2023-12-24T14:00:00,755.7
2023-12-24T15:00:00,550.95
2023-12-24T16:00:00,328.15
2023-12-24T17:00:00,121.85
2023-12-24T18:00:00,0.0
2023-12-24T19:00:00,0.0
2023-12-24T20:00:00,0.0
2023-12-24T21:00:00,0.0
2023-12-24T22:00:00,0.0
2023-12-24T23:00:00,0.0
2023-12-25T00:00:00,0.0
2023-12-25T01:00:00,0.0
2023-12-25T02:00:00,0.0
2023-12-25T03:00:00,0.0
2023-12-25T04:00:00,0.0
2023-12-25T05:00:00,33.53
2023-12-25T06:00:00,224.82
2023-12-25T07:00:00,452.05
2023-12-25T08:00:00,677.83
2023-12-25T09:00:00,870.95
2023-12-25T10:00:00,993.88
2023-12-25T11:00:00,1065.47
2023-12-25T12:00:00,1041.9
2023-12-25T13:00:00,952.8
2023-12-25T14:00:00,780.55
2023-12-25T15:00:00,578.7
2023-12-25T16:00:00,347.75
2023-12-25T17:00:00,130.3
2023-12-25T18:00:00,0.0
2023-12-25T19:00:00,0.0
2023-12-25T20:00:00,0.0
2023-12-25T21:00:00,0.0
2023-12-25T22:00:00,0.0
2023-12-25T23:00:00,0.0
2023-12-26T00:00:00,0.0
2023-12-26T01:00:00,0.0
2023-12-26T02:00:00,0.0
2023-12-26T03:00:00,0.0
2023-12-26T04:00:00,0.0
2023-12-26T05:00:00,30.65
2023-12-26T06:00:00,202.55
2023-12-26T07:00:00,419.12
2023-12-26T08:00:00,664.92
2023-12-26T09:00:00,842.03
2023-12-26T10:00:00,964.1
2023-12-26T11:00:00,1018.53
2023-12-26T12:00:00,997.7
2023-12-26T13:00:00,920.6
2023-12-26T14:00:00,772.58
2023-12-26T15:00:00,576.28
2023-12-26T16:00:00,348.73
2023-12-26T17:00:00,134.05
2023-12-26T18:00:00,0.0
2023-12-26T19:00:00,0.0
2023-12-26T20:00:00,0.0
2023-12-26T21:00:00,0.0
2023-12-26T22:00:00,0.0
2023-12-26T23:00:00,0.0
2023-12-27T00:00:00,0.0
2023-12-27T01:00:00,0.0
2023-12-27T02:00:00,0.0
2023-12-27T03:00:00,0.0
2023-12-27T04:00:00,0.0
2023-12-27T05:00:00,32.67
2023-12-27T06:00:00,228.48
2023-12-27T07:00:00,414.17
2023-12-27T08:00:00,676.58
2023-12-27T09:00:00,882.28
2023-12-27T10:00:00,1013.58
2023-12-27T11:00:00,1064.25
2023-12-27T12:00:00,1047.15
2023-12-27T13:00:00,956.7
2023-12-27T14:00:00,799.0
2023-12-27T15:00:00,582.6
2023-12-27T16:00:00,345.1
2023-12-27T17:00:00,116.53
2023-12-27T18:00:00,3.6
2023-12-27T19:00:00,0.0
2023-12-27T20:00:00,0.0
2023-12-27T21:00:00,0.0
2023-12-27T22:00:00,0.0
2023-12-27T23:00:00,0.0
2023-12-28T00:00:00,0.0
2023-12-28T01:00:00,0.0
2023-12-28T02:00:00,0.0
2023-12-28T03:00:00,0.0
2023-12-28T04:00:00,0.0
2023-12-28T05:00:00,29.92
2023-12-28T06:00:00,219.4
2023-12-28T07:00:00,430.73
2023-12-28T08:00:00,642.88
2023-12-28T09:00:00,813.35
2023-12-28T10:00:00,935.95
2023-12-28T11:00:00,997.2
2023-12-28T12:00:00,1001.4
2023-12-28T13:00:00,897.22
2023-12-28T14:00:00,757.72
2023-12-28T15:00:00,553.83
2023-12-28T16:00:00,309.35
2023-12-28T17:00:00,110.93
2023-12-28T18:00:00,3.75
2023-12-28T19:00:00,0.0
2023-12-28T20:00:00,0.0
2023-12-28T21:00:00,0.0
2023-12-28T22:00:00,0.0
2023-12-28T23:00:00,0.0
2023-12-29T00:00:00,0.0
2023-12-29T01:00:00,0.0
2023-12-29T02:00:00,0.0
2023-12-29T03:00:00,0.0
2023-12-29T04:00:00,0.0
2023-12-29T05:00:00,23.27
2023-12-29T06:00:00,157.1
2023-12-29T07:00:00,315.9
2023-12-29T08:00:00,505.05
2023-12-29T09:00:00,646.4
2023-12-29T10:00:00,740.33
2023-12-29T11:00:00,759.35
2023-12-29T12:00:00,620.15
2023-12-29T13:00:00,560.8
2023-12-29T14:00:00,484.1
2023-12-29T15:00:00,313.77
2023-12-29T16:00:00,165.45
2023-12-29T17:00:00,45.17
2023-12-29T18:00:00,1.83
2023-12-29T19:00:00,0.0
2023-12-29T20:00:00,0.0
2023-12-29T21:00:00,0.0
2023-12-29T22:00:00,0.0
2023-12-29T23:00:00,0.0
2023-12-30T00:00:00,0.0
2023-12-30T01:00:00,0.0
2023-12-30T02:00:00,0.0
2023-12-30T03:00:00,0.0
2023-12-30T04:00:00,0.0
2023-12-30T05:00:00,13.6
2023-12-30T06:00:00,118.43
2023-12-30T07:00:00,256.85
2023-12-30T08:00:00,443.5
2023-12-30T09:00:00,633.92
2023-12-30T10:00:00,794.88
2023-12-30T11:00:00,856.25
2023-12-30T12:00:00,766.33
2023-12-30T13:00:00,711.72
2023-12-30T14:00:00,535.08
2023-12-30T15:00:00,428.58
2023-12-30T16:00:00,239.1
2023-12-30T17:00:00,89.05
2023-12-30T18:00:00,3.9
2023-12-30T19:00:00,0.0
2023-12-30T20:00:00,0.0
2023-12-30T21:00:00,0.0
2023-12-30T22:00:00,0.0
2023-12-30T23:00:00,0.0
2023-12-31T00:00:00,0.0
2023-12-31T01:00:00,0.0
2023-12-31T02:00:00,0.0
2023-12-31T03:00:00,0.0
2023-12-31T04:00:00,0.0
2023-12-31T05:00:00,25.85
2023-12-31T06:00:00,189.48
2023-12-31T07:00:00,387.05
2023-12-31T08:00:00,600.75
2023-12-31T09:00:00,778.97
2023-12-31T10:00:00,893.47
2023-12-31T11:00:00,975.42
2023-12-31T12:00:00,934.47
2023-12-31T13:00:00,765.62
2023-12-31T14:00:00,632.5
2023-12-31T15:00:00,459.85
2023-12-31T16:00:00,250.27
2023-12-31T17:00:00,81.1
2023-12-31T18:00:00,3.12
2023-12-31T19:00:00,0.0
2023-12-31T20:00:00,0.0
2023-12-31T21:00:00,0.0
2023-12-31T22:00:00,0.0
2023-12-31T23:00:00,0.0
2024-01-01T00:00:00,0.0
2024-01-01T01:00:00,0.0
2024-01-01T02:00:00,0.0
2024-01-01T03:00:00,0.0
2024-01-01T04:00:00,0.0
2024-01-01T05:00:00,25.75
2024-01-01T06:00:00,197.32
2024-01-01T07:00:00,401.8
2024-01-01T08:00:00,590.35
2024-01-01T09:00:00,741.75
2024-01-01T10:00:00,916.47
2024-01-01T11:00:00,945.83
2024-01-01T12:00:00,883.25
2024-01-01T13:00:00,661.38
2024-01-01T14:00:00,552.6
2024-01-01T15:00:00,424.38
2024-01-01T16:00:00,233.32
2024-01-01T17:00:00,68.57
2024-01-01T18:00:00,3.83
2024-01-01T19:00:00,0.0
2024-01-01T20:00:00,0.0
2024-01-01T21:00:00,0.0
2024-01-01T22:00:00,0.0
2024-01-01T23:00:00,0.0
2024-01-02T00:00:00,0.0
2024-01-02T01:00:00,0.0
2024-01-02T02:00:00,0.0
2024-01-02T03:00:00,0.0
2024-01-02T04:00:00,0.0
2024-01-02T05:00:00,23.25
2024-01-02T06:00:00,188.85
2024-01-02T07:00:00,410.2
2024-01-02T08:00:00,621.33
2024-01-02T09:00:00,790.7
2024-01-02T10:00:00,909.08
2024-01-02T11:00:00,943.42
2024-01-02T12:00:00,930.28
2024-01-02T13:00:00,802.42
2024-01-02T14:00:00,602.05
2024-01-02T15:00:00,413.17
2024-01-02T16:00:00,228.43
2024-01-02T17:00:00,76.72
2024-01-02T18:00:00,3.53
2024-01-02T19:00:00,0.0
2024-01-02T20:00:00,0.0
2024-01-02T21:00:00,0.0
2024-01-02T22:00:00,0.0
2024-01-02T23:00:00,0.0
2024-01-03T00:00:00,0.0
2024-01-03T01:00:00,0.0
2024-01-03T02:00:00,0.0
2024-01-03T03:00:00,0.0
2024-01-03T04:00:00,0.0
2024-01-03T05:00:00,13.95
2024-01-03T06:00:00,117.45
2024-01-03T07:00:00,279.95
2024-01-03T08:00:00,411.95
2024-01-03T09:00:00,541.62
2024-01-03T10:00:00,643.03
2024-01-03T11:00:00,618.03
2024-01-03T12:00:00,585.55
2024-01-03T13:00:00,568.78
2024-01-03T14:00:00,604.2
2024-01-03T15:00:00,451.83
2024-01-03T16:00:00,258.2
2024-01-03T17:00:00,85.7
2024-01-03T18:00:00,4.45
2024-01-03T19:00:00,0.0
2024-01-03T20:00:00,0.0
2024-01-03T21:00:00,0.0
2024-01-03T22:00:00,0.0
2024-01-03T23:00:00,0.0
2024-01-04T00:00:00,0.0
2024-01-04T01:00:00,0.0
2024-01-04T02:00:00,0.0
2024-01-04T03:00:00,0.0
2024-01-04T04:00:00,0.0
2024-01-04T05:00:00,12.93
2024-01-04T06:00:00,105.57
2024-01-04T07:00:00,266.1
2024-01-04T08:00:00,412.62
2024-01-04T09:00:00,533.62
2024-01-04T10:00:00,570.2
2024-01-04T11:00:00,522.97
2024-01-04T12:00:00,483.2
2024-01-04T13:00:00,456.83
2024-01-04T14:00:00,407.12
2024-01-04T15:00:00,345.77
2024-01-04T16:00:00,186.23
2024-01-04T17:00:00,66.85
2024-01-04T18:00:00,2.92
2024-01-04T19:00:00,0.0
2024-01-04T20:00:00,0.0
2024-01-04T21:00:00,0.0
2024-01-04T22:00:00,0.0
2024-01-04T23:00:00,0.0
2024-01-05T00:00:00,0.0
2024-01-05T01:00:00,0.0
2024-01-05T02:00:00,0.0
2024-01-05T03:00:00,0.0
2024-01-05T04:00:00,0.0
2024-01-05T05:00:00,6.22
2024-01-05T06:00:00,70.43
2024-01-05T07:00:00,158.3
2024-01-05T08:00:00,288.55
2024-01-05T09:00:00,429.2
2024-01-05T10:00:00,529.8
2024-01-05T11:00:00,531.8
2024-01-05T12:00:00,541.65
2024-01-05T13:00:00,504.33
2024-01-05T14:00:00,438.27
2024-01-05T15:00:00,338.77
2024-01-05T16:00:00,181.85
2024-01-05T17:00:00,59.53
2024-01-05T18:00:00,2.75
2024-01-05T19:00:00,0.0
2024-01-05T20:00:00,0.0
2024-01-05T21:00:00,0.0
2024-01-05T22:00:00,0.0
2024-01-05T23:00:00,0.0
2024-01-06T00:00:00,0.0
2024-01-06T01:00:00,0.0
2024-01-06T02:00:00,0.0
2024-01-06T03:00:00,0.0
2024-01-06T04:00:00,0.0
2024-01-06T05:00:00,18.52
2024-01-06T06:00:00,163.0
2024-01-06T07:00:00,375.55
2024-01-06T08:00:00,582.72
2024-01-06T09:00:00,724.97
2024-01-06T10:00:00,814.5
2024-01-06T11:00:00,891.78
2024-01-06T12:00:00,834.8
2024-01-06T13:00:00,729.2
2024-01-06T14:00:00,581.33
2024-01-06T15:00:00,352.02
2024-01-06T16:00:00,189.75
2024-01-06T17:00:00,69.4
2024-01-06T18:00:00,3.78
2024-01-06T19:00:00,0.0
2024-01-06T20:00:00,0.0
2024-01-06T21:00:00,0.0
2024-01-06T22:00:00,0.0
2024-01-06T23:00:00,0.0
2024-01-07T00:00:00,0.0
2024-01-07T01:00:00,0.0
2024-01-07T02:00:00,0.0
2024-01-07T03:00:00,0.0
2024-01-07T04:00:00,0.0
2024-01-07T05:00:00,20.85
2024-01-07T06:00:00,194.3
2024-01-07T07:00:00,423.17
2024-01-07T08:00:00,637.72
2024-01-07T09:00:00,806.0
2024-01-07T10:00:00,918.45
2024-01-07T11:00:00,953.67
2024-01-07T12:00:00,963.08
2024-01-07T13:00:00,878.92
2024-01-07T14:00:00,678.9
2024-01-07T15:00:00,462.92
2024-01-07T16:00:00,240.88
2024-01-07T17:00:00,89.65
2024-01-07T18:00:00,4.1
2024-01-07T19:00:00,0.0
2024-01-07T20:00:00,0.0
2024-01-07T21:00:00,0.0
2024-01-07T22:00:00,0.0
2024-01-07T23:00:00,0.0
2024-01-08T00:00:00,0.0
2024-01-08T01:00:00,0.0
2024-01-08T02:00:00,0.0
2024-01-08T03:00:00,0.0
2024-01-08T04:00:00,0.0
2024-01-08T05:00:00,18.98
2024-01-08T06:00:00,161.82
2024-01-08T07:00:00,343.2
2024-01-08T08:00:00,536.67
2024-01-08T09:00:00,714.25
2024-01-08T10:00:00,851.78
2024-01-08T11:00:00,856.0
2024-01-08T12:00:00,890.85
2024-01-08T13:00:00,788.75
2024-01-08T14:00:00,577.62
2024-01-08T15:00:00,416.38
2024-01-08T16:00:00,232.07
2024-01-08T17:00:00,93.32
2024-01-08T18:00:00,3.0
2024-01-08T19:00:00,0.0
2024-01-08T20:00:00,0.0
2024-01-08T21:00:00,0.0
2024-01-08T22:00:00,0.0
2024-01-08T23:00:00,0.0
2024-01-09T00:00:00,0.0
2024-01-09T01:00:00,0.0
2024-01-09T02:00:00,0.0
2024-01-09T03:00:00,0.0
2024-01-09T04:00:00,0.0
2024-01-09T05:00:00,13.23
2024-01-09T06:00:00,133.3
2024-01-09T07:00:00,298.73
2024-01-09T08:00:00,499.08
2024-01-09T09:00:00,672.2
2024-01-09T10:00:00,758.7
2024-01-09T11:00:00,767.83
2024-01-09T12:00:00,911.4
2024-01-09T13:00:00,847.85
2024-01-09T14:00:00,630.25
2024-01-09T15:00:00,412.88
2024-01-09T16:00:00,248.43
2024-01-09T17:00:00,93.15
2024-01-09T18:00:00,5.43
2024-01-09T19:00:00,0.0
2024-01-09T20:00:00,0.0
2024-01-09T21:00:00,0.0
2024-01-09T22:00:00,0.0
2024-01-09T23:00:00,0.0
2024-01-10T00:00:00,0.0
2024-01-10T01:00:00,0.0
2024-01-10T02:00:00,0.0
2024-01-10T03:00:00,0.0
2024-01-10T04:00:00,0.0
2024-01-10T05:00:00,17.58
2024-01-10T06:00:00,182.85
2024-01-10T07:00:00,411.3
2024-01-10T08:00:00,640.2
2024-01-10T09:00:00,827.3
2024-01-10T10:00:00,956.62
2024-01-10T11:00:00,987.92
2024-01-10T12:00:00,951.12
2024-01-10T13:00:00,850.35
2024-01-10T14:00:00,719.8
2024-01-10T15:00:00,558.05
2024-01-10T16:00:00,337.35
2024-01-10T17:00:00,117.0
2024-01-10T18:00:00,5.35
2024-01-10T19:00:00,0.0
2024-01-10T20:00:00,0.0
2024-01-10T21:00:00,0.0
2024-01-10T22:00:00,0.0
2024-01-10T23:00:00,0.0
2024-01-11T00:00:00,0.0
2024-01-11T01:00:00,0.0
2024-01-11T02:00:00,0.0
2024-01-11T03:00:00,0.0
2024-01-11T04:00:00,0.0
2024-01-11T05:00:00,16.35
2024-01-11T06:00:00,141.75
2024-01-11T07:00:00,327.35
2024-01-11T08:00:00,484.3
2024-01-11T09:00:00,611.8
2024-01-11T10:00:00,705.5
2024-01-11T11:00:00,818.15
2024-01-11T12:00:00,816.22
2024-01-11T13:00:00,801.05
2024-01-11T14:00:00,675.0
2024-01-11T15:00:00,455.65
2024-01-11T16:00:00,257.95
2024-01-11T17:00:00,86.15
2024-01-11T18:00:00,3.65
2024-01-11T19:00:00,0.0
2024-01-11T20:00:00,0.0
2024-01-11T21:00:00,0.0
2024-01-11T22:00:00,0.0
2024-01-11T23:00:00,0.0
2024-01-12T00:00:00,0.0
2024-01-12T01:00:00,0.0
2024-01-12T02:00:00,0.0
2024-01-12T03:00:00,0.0
2024-01-12T04:00:00,0.0
2024-01-12T05:00:00,12.57
2024-01-12T06:00:00,160.73
2024-01-12T07:00:00,377.65
2024-01-12T08:00:00,590.8
2024-01-12T09:00:00,803.5
2024-01-12T10:00:00,913.8
2024-01-12T11:00:00,929.72
2024-01-12T12:00:00,922.0
2024-01-12T13:00:00,698.22
2024-01-12T14:00:00,637.95
2024-01-12T15:00:00,546.4
2024-01-12T16:00:00,327.62
2024-01-12T17:00:00,121.12
2024-01-12T18:00:00,6.15
2024-01-12T19:00:00,0.0
2024-01-12T20:00:00,0.0
2024-01-12T21:00:00,0.0
2024-01-12T22:00:00,0.0
2024-01-12T23:00:00,0.0
2024-01-13T00:00:00,0.0
2024-01-13T01:00:00,0.0
2024-01-13T02:00:00,0.0
2024-01-13T03:00:00,0.0
2024-01-13T04:00:00,0.0
2024-01-13T05:00:00,13.48
2024-01-13T06:00:00,136.55
2024-01-13T07:00:00,329.9
2024-01-13T08:00:00,530.9
2024-01-13T09:00:00,704.03
2024-01-13T10:00:00,863.6
2024-01-13T11:00:00,874.67
2024-01-13T12:00:00,762.15
2024-01-13T13:00:00,784.53
2024-01-13T14:00:00,590.05
2024-01-13T15:00:00,357.55
2024-01-13T16:00:00,194.85
2024-01-13T17:00:00,76.88
2024-01-13T18:00:00,2.83
2024-01-13T19:00:00,0.0
2024-01-13T20:00:00,0.0
2024-01-13T21:00:00,0.0
2024-01-13T22:00:00,0.0
2024-01-13T23:00:00,0.0
2024-01-14T00:00:00,0.0
2024-01-14T01:00:00,0.0
2024-01-14T02:00:00,0.0
2024-01-14T03:00:00,0.0
2024-01-14T04:00:00,0.0
2024-01-14T05:00:00,4.43
2024-01-14T06:00:00,53.95
2024-01-14T07:00:00,117.05
2024-01-14T08:00:00,205.77
2024-01-14T09:00:00,258.45
2024-01-14T10:00:00,334.52
2024-01-14T11:00:00,311.27
2024-01-14T12:00:00,398.05
2024-01-14T13:00:00,480.23
2024-01-14T14:00:00,418.77
2024-01-14T15:00:00,262.83
2024-01-14T16:00:00,153.95
2024-01-14T17:00:00,50.75
2024-01-14T18:00:00,3.3
2024-01-14T19:00:00,0.0
2024-01-14T20:00:00,0.0
2024-01-14T21:00:00,0.0
2024-01-14T22:00:00,0.0
2024-01-14T23:00:00,0.0
2024-01-15T00:00:00,0.0
2024-01-15T01:00:00,0.0
2024-01-15T02:00:00,0.0
2024-01-15T03:00:00,0.0
2024-01-15T04:00:00,0.0
2024-01-15T05:00:00,11.6
2024-01-15T06:00:00,145.0
2024-01-15T07:00:00,347.83
2024-01-15T08:00:00,572.15
2024-01-15T09:00:00,703.75
2024-01-15T10:00:00,837.4
2024-01-15T11:00:00,785.9
2024-01-15T12:00:00,779.97
2024-01-15T13:00:00,673.42
2024-01-15T14:00:00,533.7
2024-01-15T15:00:00,457.6
2024-01-15T16:00:00,268.73
2024-01-15T17:00:00,97.53
2024-01-15T18:00:00,5.47
2024-01-15T19:00:00,0.0
2024-01-15T20:00:00,0.0
2024-01-15T21:00:00,0.0
2024-01-15T22:00:00,0.0
2024-01-15T23:00:00,0.0
2024-01-16T00:00:00,0.0
2024-01-16T01:00:00,0.0
2024-01-16T02:00:00,0.0
2024-01-16T03:00:00,0.0
2024-01-16T04:00:00,0.0
2024-01-16T05:00:00,12.2
2024-01-16T06:00:00,148.9
2024-01-16T07:00:00,375.25
2024-01-16T08:00:00,596.47
2024-01-16T09:00:00,778.25
2024-01-16T10:00:00,936.08
2024-01-16T11:00:00,997.65
2024-01-16T12:00:00,942.12
2024-01-16T13:00:00,929.28
2024-01-16T14:00:00,779.8
2024-01-16T15:00:00,582.78
2024-01-16T16:00:00,355.3
2024-01-16T17:00:00,128.93
2024-01-16T18:00:00,5.9
2024-01-16T19:00:00,0.0
2024-01-16T20:00:00,0.0
2024-01-16T21:00:00,0.0
2024-01-16T22:00:00,0.0
2024-01-16T23:00:00,0.0
2024-01-17T00:00:00,0.0
2024-01-17T01:00:00,0.0
2024-01-17T02:00:00,0.0
2024-01-17T03:00:00,0.0
2024-01-17T04:00:00,0.0
2024-01-17T05:00:00,10.62
2024-01-17T06:00:00,127.75
2024-01-17T07:00:00,328.92
2024-01-17T08:00:00,539.58
2024-01-17T09:00:00,724.38
2024-01-17T10:00:00,802.4
2024-01-17T11:00:00,893.67
2024-01-17T12:00:00,759.47
2024-01-17T13:00:00,488.55
2024-01-17T14:00:00,265.83
2024-01-17T15:00:00,226.02
2024-01-17T16:00:00,142.18
2024-01-17T17:00:00,58.05
2024-01-17T18:00:00,3.5
2024-01-17T19:00:00,0.0
2024-01-17T20:00:00,0.0
2024-01-17T21:00:00,0.0
2024-01-17T22:00:00,0.0
2024-01-17T23:00:00,0.0
2024-01-18T00:00:00,0.0
2024-01-18T01:00:00,0.0
2024-01-18T02:00:00,0.0
2024-01-18T03:00:00,0.0
2024-01-18T04:00:00,0.0
2024-01-18T05:00:00,5.93
2024-01-18T06:00:00,116.5
2024-01-18T07:00:00,242.2
2024-01-18T08:00:00,418.92
2024-01-18T09:00:00,605.28
2024-01-18T10:00:00,730.15
2024-01-18T11:00:00,818.2
2024-01-18T12:00:00,788.35
2024-01-18T13:00:00,680.53
2024-01-18T14:00:00,617.0
2024-01-18T15:00:00,468.1
2024-01-18T16:00:00,289.62
2024-01-18T17:00:00,110.88
2024-01-18T18:00:00,6.03
2024-01-18T19:00:00,0.0
2024-01-18T20:00:00,0.0
2024-01-18T21:00:00,0.0
2024-01-18T22:00:00,0.0
2024-01-18T23:00:00,0.0
2024-01-19T00:00:00,0.0
2024-01-19T01:00:00,0.0
2024-01-19T02:00:00,0.0
2024-01-19T03:00:00,0.0
2024-01-19T04:00:00,0.0
2024-01-19T05:00:00,11.82
2024-01-19T06:00:00,164.82
2024-01-19T07:00:00,403.33
2024-01-19T08:00:00,626.45
2024-01-19T09:00:00,822.95
2024-01-19T10:00:00,952.4
2024-01-19T11:00:00,1019.88
2024-01-19T12:00:00,1010.17
2024-01-19T13:00:00,919.17
2024-01-19T14:00:00,742.88
2024-01-19T15:00:00,559.33
2024-01-19T16:00:00,335.42
2024-01-19T17:00:00,121.6
2024-01-19T18:00:00,6.15
2024-01-19T19:00:00,0.0
2024-01-19T20:00:00,0.0
2024-01-19T21:00:00,0.0
2024-01-19T22:00:00,0.0
2024-01-19T23:00:00,0.0
2024-01-20T00:00:00,0.0
2024-01-20T01:00:00,0.0
2024-01-20T02:00:00,0.0
2024-01-20T03:00:00,0.0
2024-01-20T04:00:00,0.0
2024-01-20T05:00:00,10.98
2024-01-20T06:00:00,162.2
2024-01-20T07:00:00,392.1
2024-01-20T08:00:00,616.95
2024-01-20T09:00:00,795.75
2024-01-20T10:00:00,931.2
2024-01-20T11:00:00,962.28
2024-01-20T12:00:00,992.78
2024-01-20T13:00:00,889.65
2024-01-20T14:00:00,761.33
2024-01-20T15:00:00,572.33
2024-01-20T16:00:00,338.38
2024-01-20T17:00:00,122.1
2024-01-20T18:00:00,5.68
2024-01-20T19:00:00,0.0
2024-01-20T20:00:00,0.0
2024-01-20T21:00:00,0.0
2024-01-20T22:00:00,0.0
2024-01-20T23:00:00,0.0
2024-01-21T00:00:00,0.0
2024-01-21T01:00:00,0.0
2024-01-21T02:00:00,0.0
2024-01-21T03:00:00,0.0
2024-01-21T04:00:00,0.0
2024-01-21T05:00:00,7.9
2024-01-21T06:00:00,121.35
2024-01-21T07:00:00,313.65
2024-01-21T08:00:00,514.22
2024-01-21T09:00:00,697.4
2024-01-21T10:00:00,847.3
2024-01-21T11:00:00,850.45
2024-01-21T12:00:00,744.35
2024-01-21T13:00:00,660.17
2024-01-21T14:00:00,634.47
2024-01-21T15:00:00,328.3
2024-01-21T16:00:00,195.4
2024-01-21T17:00:00,80.85
2024-01-21T18:00:00,3.67
2024-01-21T19:00:00,0.0
2024-01-21T20:00:00,0.0
2024-01-21T21:00:00,0.0
2024-01-21T22:00:00,0.0
2024-01-21T23:00:00,0.0
2024-01-22T00:00:00,0.0
2024-01-22T01:00:00,0.0
2024-01-22T02:00:00,0.0
2024-01-22T03:00:00,0.0
2024-01-22T04:00:00,0.0
2024-01-22T05:00:00,7.8
2024-01-22T06:00:00,84.82
2024-01-22T07:00:00,224.75
2024-01-22T08:00:00,399.5
2024-01-22T09:00:00,554.6
2024-01-22T10:00:00,697.5
2024-01-22T11:00:00,599.4
2024-01-22T12:00:00,623.97
2024-01-22T13:00:00,631.9
2024-01-22T14:00:00,554.22
2024-01-22T15:00:00,356.05
2024-01-22T16:00:00,199.82
2024-01-22T17:00:00,76.6
2024-01-22T18:00:00,3.1
2024-01-22T19:00:00,0.0
2024-01-22T20:00:00,0.0
2024-01-22T21:00:00,0.0
2024-01-22T22:00:00,0.0
2024-01-22T23:00:00,0.0
2024-01-23T00:00:00,0.0
2024-01-23T01:00:00,0.0
2024-01-23T02:00:00,0.0
2024-01-23T03:00:00,0.0
2024-01-23T04:00:00,0.0
2024-01-23T05:00:00,2.42
2024-01-23T06:00:00,73.82
2024-01-23T07:00:00,190.6
2024-01-23T08:00:00,299.2
2024-01-23T09:00:00,474.65
2024-01-23T10:00:00,586.25
2024-01-23T11:00:00,533.53
2024-01-23T12:00:00,435.33
2024-01-23T13:00:00,509.35
2024-01-23T14:00:00,398.88
2024-01-23T15:00:00,298.35
2024-01-23T16:00:00,166.48
2024-01-23T17:00:00,60.05
2024-01-23T18:00:00,3.25
2024-01-23T19:00:00,0.0
2024-01-23T20:00:00,0.0
2024-01-23T21:00:00,0.0
2024-01-23T22:00:00,0.0
2024-01-23T23:00:00,0.0
2024-01-24T00:00:00,0.0
2024-01-24T01:00:00,0.0
2024-01-24T02:00:00,0.0
2024-01-24T03:00:00,0.0
2024-01-24T04:00:00,0.0
2024-01-24T05:00:00,6.45
2024-01-24T06:00:00,104.38
2024-01-24T07:00:00,257.58
2024-01-24T08:00:00,442.7
2024-01-24T09:00:00,629.62
2024-01-24T10:00:00,746.25
2024-01-24T11:00:00,704.6
2024-01-24T12:00:00,647.97
2024-01-24T13:00:00,602.35
2024-01-24T14:00:00,537.38
2024-01-24T15:00:00,355.33
2024-01-24T16:00:00,206.75
2024-01-24T17:00:00,75.43
2024-01-24T18:00:00,4.47
2024-01-24T19:00:00,0.0
2024-01-24T20:00:00,0.0
2024-01-24T21:00:00,0.0
2024-01-24T22:00:00,0.0
2024-01-24T23:00:00,0.0
2024-01-25T00:00:00,0.0
2024-01-25T01:00:00,0.0
2024-01-25T02:00:00,0.0
2024-01-25T03:00:00,0.0
2024-01-25T04:00:00,0.0
2024-01-25T05:00:00,8.52
2024-01-25T06:00:00,141.27
2024-01-25T07:00:00,358.92
2024-01-25T08:00:00,569.85
2024-01-25T09:00:00,776.33
2024-01-25T10:00:00,913.58
2024-01-25T11:00:00,933.97
2024-01-25T12:00:00,959.42
2024-01-25T13:00:00,805.7
2024-01-25T14:00:00,692.15
2024-01-25T15:00:00,472.92
2024-01-25T16:00:00,269.45
2024-01-25T17:00:00,88.15
2024-01-25T18:00:00,4.95
2024-01-25T19:00:00,0.0
2024-01-25T20:00:00,0.0
2024-01-25T21:00:00,0.0
2024-01-25T22:00:00,0.0
2024-01-25T23:00:00,0.0
2024-01-26T00:00:00,0.0
2024-01-26T01:00:00,0.0
2024-01-26T02:00:00,0.0
2024-01-26T03:00:00,0.0
2024-01-26T04:00:00,0.0
2024-01-26T05:00:00,8.7
2024-01-26T06:00:00,135.52
2024-01-26T07:00:00,316.65
2024-01-26T08:00:00,582.17
2024-01-26T09:00:00,785.0
2024-01-26T10:00:00,935.05
2024-01-26T11:00:00,997.17
2024-01-26T12:00:00,998.92
2024-01-26T13:00:00,786.05
2024-01-26T14:00:00,691.62
2024-01-26T15:00:00,524.72
2024-01-26T16:00:00,308.4
2024-01-26T17:00:00,115.75
2024-01-26T18:00:00,5.62
2024-01-26T19:00:00,0.0
2024-01-26T20:00:00,0.0
2024-01-26T21:00:00,0.0
2024-01-26T22:00:00,0.0
2024-01-26T23:00:00,0.0
2024-01-27T00:00:00,0.0
2024-01-27T01:00:00,0.0
2024-01-27T02:00:00,0.0
2024-01-27T03:00:00,0.0
2024-01-27T04:00:00,0.0
2024-01-27T05:00:00,8.57
2024-01-27T06:00:00,160.1
2024-01-27T07:00:00,394.98
2024-01-27T08:00:00,641.42
2024-01-27T09:00:00,836.75
2024-01-27T10:00:00,987.45
2024-01-27T11:00:00,1065.7
2024-01-27T12:00:00,1060.78
2024-01-27T13:00:00,978.78
2024-01-27T14:00:00,816.22
2024-01-27T15:00:00,578.25
2024-01-27T16:00:00,297.1
2024-01-27T17:00:00,122.2
2024-01-27T18:00:00,5.75
2024-01-27T19:00:00,0.0
2024-01-27T20:00:00,0.0
2024-01-27T21:00:00,0.0
2024-01-27T22:00:00,0.0
2024-01-27T23:00:00,0.0
2024-01-28T00:00:00,0.0
2024-01-28T01:00:00,0.0
2024-01-28T02:00:00,0.0
2024-01-28T03:00:00,0.0
2024-01-28T04:00:00,0.0
2024-01-28T05:00:00,7.8
2024-01-28T06:00:00,142.8
2024-01-28T07:00:00,352.83
2024-01-28T08:00:00,600.0
2024-01-28T09:00:00,813.53
2024-01-28T10:00:00,961.25
2024-01-28T11:00:00,1054.25
2024-01-28T12:00:00,1053.65
2024-01-28T13:00:00,901.35
2024-01-28T14:00:00,802.0
2024-01-28T15:00:00,590.58
2024-01-28T16:00:00,306.75
2024-01-28T17:00:00,119.72
2024-01-28T18:00:00,5.57
2024-01-28T19:00:00,0.0
2024-01-28T20:00:00,0.0
2024-01-28T21:00:00,0.0
2024-01-28T22:00:00,0.0
2024-01-28T23:00:00,0.0
2024-01-29T00:00:00,0.0
2024-01-29T01:00:00,0.0
2024-01-29T02:00:00,0.0
2024-01-29T03:00:00,0.0
2024-01-29T04:00:00,0.0
2024-01-29T05:00:00,7.45
2024-01-29T06:00:00,129.77
2024-01-29T07:00:00,331.25
2024-01-29T08:00:00,576.25
2024-01-29T09:00:00,784.28
2024-01-29T10:00:00,948.33
2024-01-29T11:00:00,958.9
2024-01-29T12:00:00,982.12
2024-01-29T13:00:00,721.03
2024-01-29T14:00:00,732.22
2024-01-29T15:00:00,578.75
2024-01-29T16:00:00,350.48
2024-01-29T17:00:00,127.15
2024-01-29T18:00:00,5.88
2024-01-29T19:00:00,0.0
2024-01-29T20:00:00,0.0
2024-01-29T21:00:00,0.0
2024-01-29T22:00:00,0.0
2024-01-29T23:00:00,0.0
2024-01-30T00:00:00,0.0
2024-01-30T01:00:00,0.0
2024-01-30T02:00:00,0.0
2024-01-30T03:00:00,0.0
2024-01-30T04:00:00,0.0
2024-01-30T05:00:00,6.43
2024-01-30T06:00:00,93.07
2024-01-30T07:00:00,225.2
2024-01-30T08:00:00,419.85
2024-01-30T09:00:00,595.5
2024-01-30T10:00:00,713.35
2024-01-30T11:00:00,795.55
2024-01-30T12:00:00,841.6
2024-01-30T13:00:00,796.97
2024-01-30T14:00:00,526.45
2024-01-30T15:00:00,484.33
2024-01-30T16:00:00,235.98
2024-01-30T17:00:00,98.7
2024-01-30T18:00:00,4.53
2024-01-30T19:00:00,0.0
2024-01-30T20:00:00,0.0
2024-01-30T21:00:00,0.0
2024-01-30T22:00:00,0.0
2024-01-30T23:00:00,0.0
2024-01-31T00:00:00,0.0
2024-01-31T01:00:00,0.0
2024-01-31T02:00:00,0.0
2024-01-31T03:00:00,0.0
2024-01-31T04:00:00,0.0
2024-01-31T05:00:00,5.62
2024-01-31T06:00:00,99.6
2024-01-31T07:00:00,238.5
2024-01-31T08:00:00,454.77
2024-01-31T09:00:00,637.53
2024-01-31T10:00:00,772.4
2024-01-31T11:00:00,851.1
2024-01-31T12:00:00,931.6
2024-01-31T13:00:00,747.83
2024-01-31T14:00:00,618.95
2024-01-31T15:00:00,542.55
2024-01-31T16:00:00,275.62
2024-01-31T17:00:00,108.93
2024-01-31T18:00:00,4.8
2024-01-31T19:00:00,0.0
2024-01-31T20:00:00,0.0
2024-01-31T21:00:00,0.0
2024-01-31T22:00:00,0.0
2024-01-31T23:00:00,0.0
2024-02-01T00:00:00,0.0
2024-02-01T01:00:00,0.0
2024-02-01T02:00:00,0.0
2024-02-01T03:00:00,0.0
2024-02-01T04:00:00,0.0
2024-02-01T05:00:00,5.68
2024-02-01T06:00:00,119.3
2024-02-01T07:00:00,310.25
2024-02-01T08:00:00,523.62
2024-02-01T09:00:00,694.4
2024-02-01T10:00:00,869.65
2024-02-01T11:00:00,915.3
2024-02-01T12:00:00,897.12
2024-02-01T13:00:00,805.35
2024-02-01T14:00:00,722.62
2024-02-01T15:00:00,548.35
2024-02-01T16:00:00,294.5
2024-02-01T17:00:00,97.32
2024-02-01T18:00:00,4.03
2024-02-01T19:00:00,0.0
2024-02-01T20:00:00,0.0
2024-02-01T21:00:00,0.0
2024-02-01T22:00:00,0.0
2024-02-01T23:00:00,0.0
2024-02-02T00:00:00,0.0
2024-02-02T01:00:00,0.0
2024-02-02T02:00:00,0.0
2024-02-02T03:00:00,0.0
2024-02-02T04:00:00,0.0
2024-02-02T05:00:00,6.18
2024-02-02T06:00:00,140.12
2024-02-02T07:00:00,377.2
2024-02-02T08:00:00,611.75
2024-02-02T09:00:00,805.53
2024-02-02T10:00:00,946.05
2024-02-02T11:00:00,1017.05
2024-02-02T12:00:00,966.83
2024-02-02T13:00:00,765.7
2024-02-02T14:00:00,662.85
2024-02-02T15:00:00,512.45
2024-02-02T16:00:00,288.62
2024-02-02T17:00:00,87.5
2024-02-02T18:00:00,3.78
2024-02-02T19:00:00,0.0
2024-02-02T20:00:00,0.0
2024-02-02T21:00:00,0.0
2024-02-02T22:00:00,0.0
2024-02-02T23:00:00,0.0
2024-02-03T00:00:00,0.0
2024-02-03T01:00:00,0.0
2024-02-03T02:00:00,0.0
2024-02-03T03:00:00,0.0
2024-02-03T04:00:00,0.0
2024-02-03T05:00:00,4.22
2024-02-03T06:00:00,66.12
2024-02-03T07:00:00,197.05
2024-02-03T08:00:00,371.2
2024-02-03T09:00:00,525.83
2024-02-03T10:00:00,632.8
2024-02-03T11:00:00,773.38
2024-02-03T12:00:00,878.83
2024-02-03T13:00:00,800.2
2024-02-03T14:00:00,730.17
2024-02-03T15:00:00,504.45
2024-02-03T16:00:00,314.67
2024-02-03T17:00:00,109.05
2024-02-03T18:00:00,4.43
2024-02-03T19:00:00,0.0
2024-02-03T20:00:00,0.0
2024-02-03T21:00:00,0.0
2024-02-03T22:00:00,0.0
2024-02-03T23:00:00,0.0
2024-02-04T00:00:00,0.0
2024-02-04T01:00:00,0.0
2024-02-04T02:00:00,0.0
2024-02-04T03:00:00,0.0
2024-02-04T04:00:00,0.0
2024-02-04T05:00:00,4.4
2024-02-04T06:00:00,112.9
2024-02-04T07:00:00,326.85
2024-02-04T08:00:00,548.5
2024-02-04T09:00:00,730.97
2024-02-04T10:00:00,866.17
2024-02-04T11:00:00,937.55
2024-02-04T12:00:00,913.25
2024-02-04T13:00:00,776.58
2024-02-04T14:00:00,644.05
2024-02-04T15:00:00,461.52
2024-02-04T16:00:00,274.67
2024-02-04T17:00:00,96.0
2024-02-04T18:00:00,4.28
2024-02-04T19:00:00,0.0
2024-02-04T20:00:00,0.0
2024-02-04T21:00:00,0.0
2024-02-04T22:00:00,0.0
2024-02-04T23:00:00,0.0
2024-02-05T00:00:00,0.0
2024-02-05T01:00:00,0.0
2024-02-05T02:00:00,0.0
2024-02-05T03:00:00,0.0
2024-02-05T04:00:00,0.0
2024-02-05T05:00:00,4.47
2024-02-05T06:00:00,86.18
2024-02-05T07:00:00,267.7
2024-02-05T08:00:00,471.45
2024-02-05T09:00:00,627.15
2024-02-05T10:00:00,755.85
2024-02-05T11:00:00,805.58
2024-02-05T12:00:00,853.45
2024-02-05T13:00:00,760.6
2024-02-05T14:00:00,580.03
2024-02-05T15:00:00,369.9
2024-02-05T16:00:00,226.5
2024-02-05T17:00:00,85.22
2024-02-05T18:00:00,2.8
2024-02-05T19:00:00,0.0
2024-02-05T20:00:00,0.0
2024-02-05T21:00:00,0.0
2024-02-05T22:00:00,0.0
2024-02-05T23:00:00,0.0
2024-02-06T00:00:00,0.0
2024-02-06T01:00:00,0.0
2024-02-06T02:00:00,0.0
2024-02-06T03:00:00,0.0
2024-02-06T04:00:00,0.0
2024-02-06T05:00:00,3.9
2024-02-06T06:00:00,58.3
2024-02-06T07:00:00,114.88
2024-02-06T08:00:00,283.52
2024-02-06T09:00:00,368.12
2024-02-06T10:00:00,524.0
2024-02-06T11:00:00,488.98
2024-02-06T12:00:00,547.33
2024-02-06T13:00:00,535.5
2024-02-06T14:00:00,446.55
2024-02-06T15:00:00,377.7
2024-02-06T16:00:00,202.52
2024-02-06T17:00:00,77.25
2024-02-06T18:00:00,3.17
2024-02-06T19:00:00,0.0
2024-02-06T20:00:00,0.0
2024-02-06T21:00:00,0.0
2024-02-06T22:00:00,0.0
2024-02-06T23:00:00,0.0
2024-02-07T00:00:00,0.0
2024-02-07T01:00:00,0.0
2024-02-07T02:00:00,0.0
2024-02-07T03:00:00,0.0
2024-02-07T04:00:00,0.0
2024-02-07T05:00:00,3.88
2024-02-07T06:00:00,90.62
2024-02-07T07:00:00,232.57
2024-02-07T08:00:00,434.85
2024-02-07T09:00:00,609.03
2024-02-07T10:00:00,748.28
2024-02-07T11:00:00,806.85
2024-02-07T12:00:00,759.85
2024-02-07T13:00:00,807.08
2024-02-07T14:00:00,686.95
2024-02-07T15:00:00,451.38
2024-02-07T16:00:00,263.8
2024-02-07T17:00:00,86.55
2024-02-07T18:00:00,3.75
2024-02-07T19:00:00,0.0
2024-02-07T20:00:00,0.0
2024-02-07T21:00:00,0.0
2024-02-07T22:00:00,0.0
2024-02-07T23:00:00,0.0
2024-02-08T00:00:00,0.0
2024-02-08T01:00:00,0.0
2024-02-08T02:00:00,0.0
2024-02-08T03:00:00,0.0
2024-02-08T04:00:00,0.0
2024-02-08T05:00:00,3.45
2024-02-08T06:00:00,77.9
2024-02-08T07:00:00,214.02
2024-02-08T08:00:00,406.98
2024-02-08T09:00:00,572.33
2024-02-08T10:00:00,734.05
2024-02-08T11:00:00,824.97
2024-02-08T12:00:00,789.35
2024-02-08T13:00:00,604.67
2024-02-08T14:00:00,596.08
2024-02-08T15:00:00,390.98
2024-02-08T16:00:00,209.43
2024-02-08T17:00:00,70.5
2024-02-08T18:00:00,2.3
2024-02-08T19:00:00,0.0
2024-02-08T20:00:00,0.0
2024-02-08T21:00:00,0.0
2024-02-08T22:00:00,0.0
2024-02-08T23:00:00,0.0
2024-02-09T00:00:00,0.0
2024-02-09T01:00:00,0.0
2024-02-09T02:00:00,0.0
2024-02-09T03:00:00,0.0
2024-02-09T04:00:00,0.0
2024-02-09T05:00:00,0.38
2024-02-09T06:00:00,7.4
2024-02-09T07:00:00,20.3
2024-02-09T08:00:00,28.8
2024-02-09T09:00:00,45.72
2024-02-09T10:00:00,47.55
2024-02-09T11:00:00,41.4
2024-02-09T12:00:00,46.88
2024-02-09T13:00:00,49.62
2024-02-09T14:00:00,98.18
2024-02-09T15:00:00,89.2
2024-02-09T16:00:00,59.75
2024-02-09T17:00:00,27.67
2024-02-09T18:00:00,1.45
2024-02-09T19:00:00,0.0
2024-02-09T20:00:00,0.0
2024-02-09T21:00:00,0.0
2024-02-09T22:00:00,0.0
2024-02-09T23:00:00,0.0
2024-02-10T00:00:00,0.0
2024-02-10T01:00:00,0.0
2024-02-10T02:00:00,0.0
2024-02-10T03:00:00,0.0
2024-02-10T04:00:00,0.0
2024-02-10T05:00:00,0.52
2024-02-10T06:00:00,9.88
2024-02-10T07:00:00,24.52
2024-02-10T08:00:00,37.55
2024-02-10T09:00:00,98.78
2024-02-10T10:00:00,239.35
2024-02-10T11:00:00,348.67
2024-02-10T12:00:00,355.02
2024-02-10T13:00:00,363.02
2024-02-10T14:00:00,324.73
2024-02-10T15:00:00,205.38
2024-02-10T16:00:00,129.15
2024-02-10T17:00:00,46.58
2024-02-10T18:00:00,2.1
2024-02-10T19:00:00,0.0
2024-02-10T20:00:00,0.0
2024-02-10T21:00:00,0.0
2024-02-10T22:00:00,0.0
2024-02-10T23:00:00,0.0
2024-02-11T00:00:00,0.0
2024-02-11T01:00:00,0.0
2024-02-11T02:00:00,0.0
2024-02-11T03:00:00,0.0
2024-02-11T04:00:00,0.0
2024-02-11T05:00:00,3.05
2024-02-11T06:00:00,103.05
2024-02-11T07:00:00,293.15
2024-02-11T08:00:00,554.28
2024-02-11T09:00:00,735.6
2024-02-11T10:00:00,851.3
2024-02-11T11:00:00,942.35
2024-02-11T12:00:00,803.72
2024-02-11T13:00:00,696.2
2024-02-11T14:00:00,641.08
2024-02-11T15:00:00,493.52
2024-02-11T16:00:00,282.7
2024-02-11T17:00:00,90.78
2024-02-11T18:00:00,3.25
2024-02-11T19:00:00,0.0
2024-02-11T20:00:00,0.0
2024-02-11T21:00:00,0.0
2024-02-11T22:00:00,0.0
2024-02-11T23:00:00,0.0
2024-02-12T00:00:00,0.0
2024-02-12T01:00:00,0.0
2024-02-12T02:00:00,0.0
2024-02-12T03:00:00,0.0
2024-02-12T04:00:00,0.0
2024-02-12T05:00:00,3.45
2024-02-12T06:00:00,91.12
2024-02-12T07:00:00,266.88
2024-02-12T08:00:00,448.83
2024-02-12T09:00:00,709.4
2024-02-12T10:00:00,841.45
2024-02-12T11:00:00,999.08
2024-02-12T12:00:00,1013.45
2024-02-12T13:00:00,923.72
2024-02-12T14:00:00,798.97
2024-02-12T15:00:00,558.58
2024-02-12T16:00:00,329.17
2024-02-12T17:00:00,117.47
2024-02-12T18:00:00,3.67
2024-02-12T19:00:00,0.0
2024-02-12T20:00:00,0.0
2024-02-12T21:00:00,0.0
2024-02-12T22:00:00,0.0
2024-02-12T23:00:00,0.0
2024-02-13T00:00:00,0.0
2024-02-13T01:00:00,0.0
2024-02-13T02:00:00,0.0
2024-02-13T03:00:00,0.0
2024-02-13T04:00:00,0.0
2024-02-13T05:00:00,2.83
2024-02-13T06:00:00,89.6
2024-02-13T07:00:00,251.75
2024-02-13T08:00:00,477.95
2024-02-13T09:00:00,671.6
2024-02-13T10:00:00,800.75
2024-02-13T11:00:00,900.0
2024-02-13T12:00:00,882.2
2024-02-13T13:00:00,810.9
2024-02-13T14:00:00,639.47
2024-02-13T15:00:00,445.0
2024-02-13T16:00:00,251.98
2024-02-13T17:00:00,87.32
2024-02-13T18:00:00,3.17
2024-02-13T19:00:00,0.0
2024-02-13T20:00:00,0.0
2024-02-13T21:00:00,0.0
2024-02-13T22:00:00,0.0
2024-02-13T23:00:00,0.0
2024-02-14T00:00:00,0.0
2024-02-14T01:00:00,0.0
2024-02-14T02:00:00,0.0
2024-02-14T03:00:00,0.0
2024-02-14T04:00:00,0.0
2024-02-14T05:00:00,0.0
2024-02-14T06:00:00,96.62
2024-02-14T07:00:00,259.67
2024-02-14T08:00:00,479.25
2024-02-14T09:00:00,679.8
2024-02-14T10:00:00,827.2
2024-02-14T11:00:00,864.6
2024-02-14T12:00:00,818.4
2024-02-14T13:00:00,829.6
2024-02-14T14:00:00,716.72
2024-02-14T15:00:00,517.58
2024-02-14T16:00:00,304.17
2024-02-14T17:00:00,116.82
2024-02-14T18:00:00,0.0
2024-02-14T19:00:00,0.0
2024-02-14T20:00:00,0.0
2024-02-14T21:00:00,0.0
2024-02-14T22:00:00,0.0
2024-02-14T23:00:00,0.0
2024-02-15T00:00:00,0.0
2024-02-15T01:00:00,0.0
2024-02-15T02:00:00,0.0
2024-02-15T03:00:00,0.0
2024-02-15T04:00:00,0.0
2024-02-15T05:00:00,0.0
2024-02-15T06:00:00,82.97
2024-02-15T07:00:00,228.5
2024-02-15T08:00:00,423.6
2024-02-15T09:00:00,623.75
2024-02-15T10:00:00,808.7
2024-02-15T11:00:00,788.3
2024-02-15T12:00:00,761.15
2024-02-15T13:00:00,668.9
2024-02-15T14:00:00,598.75
2024-02-15T15:00:00,417.92
2024-02-15T16:00:00,235.07
2024-02-15T17:00:00,83.43
2024-02-15T18:00:00,0.0
2024-02-15T19:00:00,0.0
2024-02-15T20:00:00,0.0
2024-02-15T21:00:00,0.0
2024-02-15T22:00:00,0.0
2024-02-15T23:00:00,0.0
2024-02-16T00:00:00,0.0
2024-02-16T01:00:00,0.0
2024-02-16T02:00:00,0.0
2024-02-16T03:00:00,0.0
2024-02-16T04:00:00,0.0
2024-02-16T05:00:00,0.0
2024-02-16T06:00:00,85.85
2024-02-16T07:00:00,238.88
2024-02-16T08:00:00,448.05
2024-02-16T09:00:00,610.65
2024-02-16T10:00:00,775.0
2024-02-16T11:00:00,751.92
2024-02-16T12:00:00,973.6
2024-02-16T13:00:00,906.8
2024-02-16T14:00:00,794.38
2024-02-16T15:00:00,517.55
2024-02-16T16:00:00,302.62
2024-02-16T17:00:00,111.3
2024-02-16T18:00:00,0.0
2024-02-16T19:00:00,0.0
2024-02-16T20:00:00,0.0
2024-02-16T21:00:00,0.0
2024-02-16T22:00:00,0.0
2024-02-16T23:00:00,0.0
2024-02-17T00:00:00,0.0
2024-02-17T01:00:00,0.0
2024-02-17T02:00:00,0.0
2024-02-17T03:00:00,0.0
2024-02-17T04:00:00,0.0
2024-02-17T05:00:00,0.0
2024-02-17T06:00:00,96.95
2024-02-17T07:00:00,272.05
2024-02-17T08:00:00,472.88
2024-02-17T09:00:00,615.6
2024-02-17T10:00:00,727.22
2024-02-17T11:00:00,754.83
2024-02-17T12:00:00,735.38
2024-02-17T13:00:00,697.62
2024-02-17T14:00:00,588.05
2024-02-17T15:00:00,429.27
2024-02-17T16:00:00,238.68
2024-02-17T17:00:00,72.68
2024-02-17T18:00:00,0.0
2024-02-17T19:00:00,0.0
2024-02-17T20:00:00,0.0
2024-02-17T21:00:00,0.0
2024-02-17T22:00:00,0.0
2024-02-17T23:00:00,0.0
2024-02-18T00:00:00,0.0
2024-02-18T01:00:00,0.0
2024-02-18T02:00:00,0.0
2024-02-18T03:00:00,0.0
2024-02-18T04:00:00,0.0
2024-02-18T05:00:00,0.0
2024-02-18T06:00:00,120.9
2024-02-18T07:00:00,316.45
2024-02-18T08:00:00,511.2
2024-02-18T09:00:00,681.6
2024-02-18T10:00:00,807.12
2024-02-18T11:00:00,882.97
2024-02-18T12:00:00,918.1
2024-02-18T13:00:00,799.95
2024-02-18T14:00:00,632.33
2024-02-18T15:00:00,476.17
2024-02-18T16:00:00,269.95
2024-02-18T17:00:00,96.5
2024-02-18T18:00:00,0.0
2024-02-18T19:00:00,0.0
2024-02-18T20:00:00,0.0
2024-02-18T21:00:00,0.0
2024-02-18T22:00:00,0.0
2024-02-18T23:00:00,0.0
2024-02-19T00:00:00,0.0
2024-02-19T01:00:00,0.0
2024-02-19T02:00:00,0.0
2024-02-19T03:00:00,0.0
2024-02-19T04:00:00,0.0
2024-02-19T05:00:00,0.0
2024-02-19T06:00:00,93.4
2024-02-19T07:00:00,260.88
2024-02-19T08:00:00,453.58
2024-02-19T09:00:00,579.05
2024-02-19T10:00:00,685.08
2024-02-19T11:00:00,775.72
2024-02-19T12:00:00,829.1
2024-02-19T13:00:00,768.62
2024-02-19T14:00:00,663.22
2024-02-19T15:00:00,461.3
2024-02-19T16:00:00,255.45
2024-02-19T17:00:00,99.07
2024-02-19T18:00:00,0.0
2024-02-19T19:00:00,0.0
2024-02-19T20:00:00,0.0
2024-02-19T21:00:00,0.0
2024-02-19T22:00:00,0.0
2024-02-19T23:00:00,0.0
2024-02-20T00:00:00,0.0
2024-02-20T01:00:00,0.0
2024-02-20T02:00:00,0.0
2024-02-20T03:00:00,0.0
2024-02-20T04:00:00,0.0
2024-02-20T05:00:00,0.0
2024-02-20T06:00:00,134.1
2024-02-20T07:00:00,374.5
2024-02-20T08:00:00,617.62
2024-02-20T09:00:00,822.83
2024-02-20T10:00:00,959.55
2024-02-20T11:00:00,1005.2
2024-02-20T12:00:00,985.08
2024-02-20T13:00:00,929.95
2024-02-20T14:00:00,775.53
2024-02-20T15:00:00,569.72
2024-02-20T16:00:00,327.38
2024-02-20T17:00:00,115.88
2024-02-20T18:00:00,0.0
2024-02-20T19:00:00,0.0
2024-02-20T20:00:00,0.0
2024-02-20T21:00:00,0.0
2024-02-20T22:00:00,0.0
2024-02-20T23:00:00,0.0
2024-02-21T00:00:00,0.0
2024-02-21T01:00:00,0.0
2024-02-21T02:00:00,0.0
2024-02-21T03:00:00,0.0
2024-02-21T04:00:00,0.0
2024-02-21T05:00:00,0.0
2024-02-21T06:00:00,135.0
2024-02-21T07:00:00,369.15
2024-02-21T08:00:00,611.03
2024-02-21T09:00:00,820.67
2024-02-21T10:00:00,960.0
2024-02-21T11:00:00,1008.05
2024-02-21T12:00:00,1014.38
2024-02-21T13:00:00,896.78
2024-02-21T14:00:00,730.05
2024-02-21T15:00:00,530.28
2024-02-21T16:00:00,308.73
2024-02-21T17:00:00,107.4
2024-02-21T18:00:00,0.0
2024-02-21T19:00:00,0.0
2024-02-21T20:00:00,0.0
2024-02-21T21:00:00,0.0
2024-02-21T22:00:00,0.0
2024-02-21T23:00:00,0.0
2024-02-22T00:00:00,0.0
2024-02-22T01:00:00,0.0
2024-02-22T02:00:00,0.0
2024-02-22T03:00:00,0.0
2024-02-22T04:00:00,0.0
2024-02-22T05:00:00,0.0
2024-02-22T06:00:00,128.23
2024-02-22T07:00:00,359.73
2024-02-22T08:00:00,601.78
2024-02-22T09:00:00,802.83
2024-02-22T10:00:00,945.08
2024-02-22T11:00:00,977.38
2024-02-22T12:00:00,967.75
2024-02-22T13:00:00,884.72
2024-02-22T14:00:00,750.7
2024-02-22T15:00:00,548.58
2024-02-22T16:00:00,326.23
2024-02-22T17:00:00,115.18
2024-02-22T18:00:00,0.0
2024-02-22T19:00:00,0.0
2024-02-22T20:00:00,0.0
2024-02-22T21:00:00,0.0
2024-02-22T22:00:00,0.0
2024-02-22T23:00:00,0.0
2024-02-23T00:00:00,0.0
2024-02-23T01:00:00,0.0
2024-02-23T02:00:00,0.0
2024-02-23T03:00:00,0.0
2024-02-23T04:00:00,0.0
2024-02-23T05:00:00,0.0
2024-02-23T06:00:00,119.1
2024-02-23T07:00:00,343.67
2024-02-23T08:00:00,583.0
2024-02-23T09:00:00,783.6
2024-02-23T10:00:00,935.28
2024-02-23T11:00:00,1018.08
2024-02-23T12:00:00,978.2
2024-02-23T13:00:00,920.83
2024-02-23T14:00:00,768.28
2024-02-23T15:00:00,568.5
2024-02-23T16:00:00,341.65
2024-02-23T17:00:00,117.53
2024-02-23T18:00:00,0.0
2024-02-23T19:00:00,0.0
2024-02-23T20:00:00,0.0
2024-02-23T21:00:00,0.0
2024-02-23T22:00:00,0.0
2024-02-23T23:00:00,0.0
2024-02-24T00:00:00,0.0
2024-02-24T01:00:00,0.0
2024-02-24T02:00:00,0.0
2024-02-24T03:00:00,0.0
2024-02-24T04:00:00,0.0
2024-02-24T05:00:00,0.0
2024-02-24T06:00:00,102.68
2024-02-24T07:00:00,280.6
2024-02-24T08:00:00,511.15
2024-02-24T09:00:00,668.4
2024-02-24T10:00:00,812.75
2024-02-24T11:00:00,912.4
2024-02-24T12:00:00,803.62
2024-02-24T13:00:00,766.55
2024-02-24T14:00:00,621.17
2024-02-24T15:00:00,440.55
2024-02-24T16:00:00,244.9
2024-02-24T17:00:00,85.75
2024-02-24T18:00:00,0.0
2024-02-24T19:00:00,0.0
2024-02-24T20:00:00,0.0
2024-02-24T21:00:00,0.0
2024-02-24T22:00:00,0.0
2024-02-24T23:00:00,0.0
2024-02-25T00:00:00,0.0
2024-02-25T01:00:00,0.0
2024-02-25T02:00:00,0.0
2024-02-25T03:00:00,0.0
2024-02-25T04:00:00,0.0
2024-02-25T05:00:00,0.0
2024-02-25T06:00:00,95.6
2024-02-25T07:00:00,307.33
2024-02-25T08:00:00,489.35
2024-02-25T09:00:00,775.7
2024-02-25T10:00:00,913.62
2024-02-25T11:00:00,978.25
2024-02-25T12:00:00,976.6
2024-02-25T13:00:00,910.45
2024-02-25T14:00:00,753.88
2024-02-25T15:00:00,546.03
2024-02-25T16:00:00,321.6
2024-02-25T17:00:00,105.35
2024-02-25T18:00:00,0.0
2024-02-25T19:00:00,0.0
2024-02-25T20:00:00,0.0
2024-02-25T21:00:00,0.0
2024-02-25T22:00:00,0.0
2024-02-25T23:00:00,0.0
2024-02-26T00:00:00,0.0
2024-02-26T01:00:00,0.0
2024-02-26T02:00:00,0.0
2024-02-26T03:00:00,0.0
2024-02-26T04:00:00,0.0
2024-02-26T05:00:00,0.0
2024-02-26T06:00:00,82.45
2024-02-26T07:00:00,230.55
2024-02-26T08:00:00,409.23
2024-02-26T09:00:00,560.15
2024-02-26T10:00:00,667.55
2024-02-26T11:00:00,717.42
2024-02-26T12:00:00,813.4
2024-02-26T13:00:00,641.95
2024-02-26T14:00:00,510.85
2024-02-26T15:00:00,374.08
2024-02-26T16:00:00,192.4
2024-02-26T17:00:00,52.4
2024-02-26T18:00:00,0.0
2024-02-26T19:00:00,0.0
2024-02-26T20:00:00,0.0
2024-02-26T21:00:00,0.0
2024-02-26T22:00:00,0.0
2024-02-26T23:00:00,0.0
2024-02-27T00:00:00,0.0
2024-02-27T01:00:00,0.0
2024-02-27T02:00:00,0.0
2024-02-27T03:00:00,0.0
2024-02-27T04:00:00,0.0
2024-02-27T05:00:00,0.0
2024-02-27T06:00:00,43.0
2024-02-27T07:00:00,123.43
2024-02-27T08:00:00,213.7
2024-02-27T09:00:00,322.9
2024-02-27T10:00:00,527.03
2024-02-27T11:00:00,619.45
2024-02-27T12:00:00,592.88
2024-02-27T13:00:00,498.7
2024-02-27T14:00:00,324.5
2024-02-27T15:00:00,204.02
2024-02-27T16:00:00,104.35
2024-02-27T17:00:00,27.25
2024-02-27T18:00:00,0.0
2024-02-27T19:00:00,0.0
2024-02-27T20:00:00,0.0
2024-02-27T21:00:00,0.0
2024-02-27T22:00:00,0.0
2024-02-27T23:00:00,0.0
2024-02-28T00:00:00,0.0
2024-02-28T01:00:00,0.0
2024-02-28T02:00:00,0.0
2024-02-28T03:00:00,0.0
2024-02-28T04:00:00,0.0
2024-02-28T05:00:00,0.0
2024-02-28T06:00:00,103.6
2024-02-28T07:00:00,332.77
2024-02-28T08:00:00,572.38
2024-02-28T09:00:00,774.08
2024-02-28T10:00:00,889.83
2024-02-28T11:00:00,951.95
2024-02-28T12:00:00,941.67
2024-02-28T13:00:00,893.83
2024-02-28T14:00:00,769.22
2024-02-28T15:00:00,554.33
2024-02-28T16:00:00,322.1
2024-02-28T17:00:00,96.75
2024-02-28T18:00:00,0.0
2024-02-28T19:00:00,0.0
2024-02-28T20:00:00,0.0
2024-02-28T21:00:00,0.0
2024-02-28T22:00:00,0.0
2024-02-28T23:00:00,0.0
2024-02-29T00:00:00,0.0
2024-02-29T01:00:00,0.0
2024-02-29T02:00:00,0.0
2024-02-29T03:00:00,0.0
2024-02-29T04:00:00,0.0
2024-02-29T05:00:00,0.0
2024-02-29T06:00:00,103.62
2024-02-29T07:00:00,318.42
2024-02-29T08:00:00,566.17
2024-02-29T09:00:00,764.65
2024-02-29T10:00:00,905.42
2024-02-29T11:00:00,972.03
2024-02-29T12:00:00,947.2
2024-02-29T13:00:00,816.38
2024-02-29T14:00:00,768.95
2024-02-29T15:00:00,563.8
2024-02-29T16:00:00,304.8
2024-02-29T17:00:00,88.57
2024-02-29T18:00:00,0.0
2024-02-29T19:00:00,0.0
2024-02-29T20:00:00,0.0
2024-02-29T21:00:00,0.0
2024-02-29T22:00:00,0.0
2024-02-29T23:00:00,0.0
2024-03-01T00:00:00,0.0
2024-03-01T01:00:00,0.0
2024-03-01T02:00:00,0.0
2024-03-01T03:00:00,0.0
2024-03-01T04:00:00,0.0
2024-03-01T05:00:00,0.0
2024-03-01T06:00:00,80.5
2024-03-01T07:00:00,264.12
2024-03-01T08:00:00,591.55
2024-03-01T09:00:00,777.45
2024-03-01T10:00:00,918.9
2024-03-01T11:00:00,960.92
2024-03-01T12:00:00,934.95
2024-03-01T13:00:00,835.7
2024-03-01T14:00:00,713.25
2024-03-01T15:00:00,496.02
2024-03-01T16:00:00,275.52
2024-03-01T17:00:00,81.1
2024-03-01T18:00:00,0.0
2024-03-01T19:00:00,0.0
2024-03-01T20:00:00,0.0
2024-03-01T21:00:00,0.0
2024-03-01T22:00:00,0.0
2024-03-01T23:00:00,0.0
2024-03-02T00:00:00,0.0
2024-03-02T01:00:00,0.0
2024-03-02T02:00:00,0.0
2024-03-02T03:00:00,0.0
2024-03-02T04:00:00,0.0
2024-03-02T05:00:00,0.0
2024-03-02T06:00:00,83.07
2024-03-02T07:00:00,287.17
2024-03-02T08:00:00,517.55
2024-03-02T09:00:00,710.7
2024-03-02T10:00:00,872.0
2024-03-02T11:00:00,924.6
2024-03-02T12:00:00,970.75
2024-03-02T13:00:00,885.8
2024-03-02T14:00:00,729.05
2024-03-02T15:00:00,512.97
2024-03-02T16:00:00,279.12
2024-03-02T17:00:00,74.62
2024-03-02T18:00:00,0.0
2024-03-02T19:00:00,0.0
2024-03-02T20:00:00,0.0
2024-03-02T21:00:00,0.0
2024-03-02T22:00:00,0.0
2024-03-02T23:00:00,0.0
2024-03-03T00:00:00,0.0
2024-03-03T01:00:00,0.0
2024-03-03T02:00:00,0.0
2024-03-03T03:00:00,0.0
2024-03-03T04:00:00,0.0
2024-03-03T05:00:00,0.0
2024-03-03T06:00:00,79.22
2024-03-03T07:00:00,237.88
2024-03-03T08:00:00,443.27
2024-03-03T09:00:00,655.08
2024-03-03T10:00:00,807.1
2024-03-03T11:00:00,885.45
2024-03-03T12:00:00,924.67
2024-03-03T13:00:00,836.12
2024-03-03T14:00:00,702.3
2024-03-03T15:00:00,427.67
2024-03-03T16:00:00,218.4
2024-03-03T17:00:00,52.22
2024-03-03T18:00:00,0.0
2024-03-03T19:00:00,0.0
2024-03-03T20:00:00,0.0
2024-03-03T21:00:00,0.0
2024-03-03T22:00:00,0.0
2024-03-03T23:00:00,0.0
2024-03-04T00:00:00,0.0
2024-03-04T01:00:00,0.0
2024-03-04T02:00:00,0.0
2024-03-04T03:00:00,0.0
2024-03-04T04:00:00,0.0
2024-03-04T05:00:00,0.0
2024-03-04T06:00:00,31.7
2024-03-04T07:00:00,88.03
2024-03-04T08:00:00,190.9
2024-03-04T09:00:00,385.02
2024-03-04T10:00:00,706.2
2024-03-04T11:00:00,803.15
2024-03-04T12:00:00,862.7
2024-03-04T13:00:00,831.28
2024-03-04T14:00:00,561.65
2024-03-04T15:00:00,453.02
2024-03-04T16:00:00,244.45
2024-03-04T17:00:00,59.83
2024-03-04T18:00:00,0.0
2024-03-04T19:00:00,0.0
2024-03-04T20:00:00,0.0
2024-03-04T21:00:00,0.0
2024-03-04T22:00:00,0.0
2024-03-04T23:00:00,0.0
2024-03-05T00:00:00,0.0
2024-03-05T01:00:00,0.0
2024-03-05T02:00:00,0.0
2024-03-05T03:00:00,0.0
2024-03-05T04:00:00,0.0
2024-03-05T05:00:00,0.0
2024-03-05T06:00:00,83.28
2024-03-05T07:00:00,291.42
2024-03-05T08:00:00,529.53
2024-03-05T09:00:00,673.45
2024-03-05T10:00:00,836.0
2024-03-05T11:00:00,903.42
2024-03-05T12:00:00,873.47
2024-03-05T13:00:00,748.4
2024-03-05T14:00:00,509.55
2024-03-05T15:00:00,316.08
2024-03-05T16:00:00,175.0
2024-03-05T17:00:00,42.35
2024-03-05T18:00:00,0.0
2024-03-05T19:00:00,0.0
2024-03-05T20:00:00,0.0
2024-03-05T21:00:00,0.0
2024-03-05T22:00:00,0.0
2024-03-05T23:00:00,0.0
2024-03-06T00:00:00,0.0
2024-03-06T01:00:00,0.0
2024-03-06T02:00:00,0.0
2024-03-06T03:00:00,0.0
2024-03-06T04:00:00,0.0
2024-03-06T05:00:00,0.0
2024-03-06T06:00:00,67.03
2024-03-06T07:00:00,212.07
2024-03-06T08:00:00,408.77
2024-03-06T09:00:00,581.17
2024-03-06T10:00:00,749.65
2024-03-06T11:00:00,791.17
2024-03-06T12:00:00,756.92
2024-03-06T13:00:00,667.28
2024-03-06T14:00:00,483.65
2024-03-06T15:00:00,328.52
2024-03-06T16:00:00,167.15
2024-03-06T17:00:00,32.1
2024-03-06T18:00:00,0.0
2024-03-06T19:00:00,0.0
2024-03-06T20:00:00,0.0
2024-03-06T21:00:00,0.0
2024-03-06T22:00:00,0.0
2024-03-06T23:00:00,0.0
2024-03-07T00:00:00,0.0
2024-03-07T01:00:00,0.0
2024-03-07T02:00:00,0.0
2024-03-07T03:00:00,0.0
2024-03-07T04:00:00,0.0
2024-03-07T05:00:00,0.0
2024-03-07T06:00:00,29.8
2024-03-07T07:00:00,98.0
2024-03-07T08:00:00,186.52
2024-03-07T09:00:00,320.65
2024-03-07T10:00:00,387.8
2024-03-07T11:00:00,338.05
2024-03-07T12:00:00,322.15
2024-03-07T13:00:00,245.45
2024-03-07T14:00:00,215.45
2024-03-07T15:00:00,146.5
2024-03-07T16:00:00,82.72
2024-03-07T17:00:00,20.38
2024-03-07T18:00:00,0.0
2024-03-07T19:00:00,0.0
2024-03-07T20:00:00,0.0
2024-03-07T21:00:00,0.0
2024-03-07T22:00:00,0.0
2024-03-07T23:00:00,0.0
2024-03-08T00:00:00,0.0
2024-03-08T01:00:00,0.0
2024-03-08T02:00:00,0.0
2024-03-08T03:00:00,0.0
2024-03-08T04:00:00,0.0
2024-03-08T05:00:00,0.0
2024-03-08T06:00:00,26.48
2024-03-08T07:00:00,73.85
2024-03-08T08:00:00,81.12
2024-03-08T09:00:00,241.07
2024-03-08T10:00:00,254.82
2024-03-08T11:00:00,247.38
2024-03-08T12:00:00,185.2
2024-03-08T13:00:00,239.07
2024-03-08T14:00:00,232.88
2024-03-08T15:00:00,141.82
2024-03-08T16:00:00,82.82
2024-03-08T17:00:00,22.38
2024-03-08T18:00:00,0.0
2024-03-08T19:00:00,0.0
2024-03-08T20:00:00,0.0
2024-03-08T21:00:00,0.0
2024-03-08T22:00:00,0.0
2024-03-08T23:00:00,0.0
2024-03-09T00:00:00,0.0
2024-03-09T01:00:00,0.0
2024-03-09T02:00:00,0.0
2024-03-09T03:00:00,0.0
2024-03-09T04:00:00,0.0
2024-03-09T05:00:00,0.0
2024-03-09T06:00:00,20.17
2024-03-09T07:00:00,57.88
2024-03-09T08:00:00,100.35
2024-03-09T09:00:00,145.9
2024-03-09T10:00:00,191.65
2024-03-09T11:00:00,193.95
2024-03-09T12:00:00,237.73
2024-03-09T13:00:00,238.8
2024-03-09T14:00:00,219.4
2024-03-09T15:00:00,194.18
2024-03-09T16:00:00,101.32
2024-03-09T17:00:00,22.95
2024-03-09T18:00:00,0.0
2024-03-09T19:00:00,0.0
2024-03-09T20:00:00,0.0
2024-03-09T21:00:00,0.0
2024-03-09T22:00:00,0.0
2024-03-09T23:00:00,0.0
2024-03-10T00:00:00,0.0
2024-03-10T01:00:00,0.0
2024-03-10T02:00:00,0.0
2024-03-10T03:00:00,0.0
2024-03-10T04:00:00,0.0
2024-03-10T05:00:00,0.0
2024-03-10T06:00:00,63.25
2024-03-10T07:00:00,210.15
2024-03-10T08:00:00,399.67
2024-03-10T09:00:00,576.38
2024-03-10T10:00:00,705.97
2024-03-10T11:00:00,778.83
2024-03-10T12:00:00,777.0
2024-03-10T13:00:00,766.3
2024-03-10T14:00:00,568.72
2024-03-10T15:00:00,433.77
2024-03-10T16:00:00,224.73
2024-03-10T17:00:00,55.7
2024-03-10T18:00:00,0.0
2024-03-10T19:00:00,0.0
2024-03-10T20:00:00,0.0
2024-03-10T21:00:00,0.0
2024-03-10T22:00:00,0.0
2024-03-10T23:00:00,0.0
2024-03-11T00:00:00,0.0
2024-03-11T01:00:00,0.0
2024-03-11T02:00:00,0.0
2024-03-11T03:00:00,0.0
2024-03-11T04:00:00,0.0
2024-03-11T05:00:00,0.0
2024-03-11T06:00:00,67.43
2024-03-11T07:00:00,234.5
2024-03-11T08:00:00,440.52
2024-03-11T09:00:00,572.95
2024-03-11T10:00:00,721.5
2024-03-11T11:00:00,836.0
2024-03-11T12:00:00,842.88
2024-03-11T13:00:00,762.17
2024-03-11T14:00:00,657.2
2024-03-11T15:00:00,401.23
2024-03-11T16:00:00,194.2
2024-03-11T17:00:00,41.55
2024-03-11T18:00:00,0.0
2024-03-11T19:00:00,0.0
2024-03-11T20:00:00,0.0
2024-03-11T21:00:00,0.0
2024-03-11T22:00:00,0.0
2024-03-11T23:00:00,0.0
2024-03-12T00:00:00,0.0
2024-03-12T01:00:00,0.0
2024-03-12T02:00:00,0.0
2024-03-12T03:00:00,0.0
2024-03-12T04:00:00,0.0
2024-03-12T05:00:00,0.0
2024-03-12T06:00:00,94.1
2024-03-12T07:00:00,317.7
2024-03-12T08:00:00,534.45
2024-03-12T09:00:00,725.67
2024-03-12T10:00:00,870.62
2024-03-12T11:00:00,871.62
2024-03-12T12:00:00,818.4
2024-03-12T13:00:00,747.6
2024-03-12T14:00:00,440.25
2024-03-12T15:00:00,117.6
2024-03-12T16:00:00,62.9
2024-03-12T17:00:00,14.68
2024-03-12T18:00:00,0.0
2024-03-12T19:00:00,0.0
2024-03-12T20:00:00,0.0
2024-03-12T21:00:00,0.0
2024-03-12T22:00:00,0.0
2024-03-12T23:00:00,0.0
2024-03-13T00:00:00,0.0
2024-03-13T01:00:00,0.0
2024-03-13T02:00:00,0.0
2024-03-13T03:00:00,0.0
2024-03-13T04:00:00,0.0
2024-03-13T05:00:00,0.0
2024-03-13T06:00:00,7.72
2024-03-13T07:00:00,21.42
2024-03-13T08:00:00,34.53
2024-03-13T09:00:00,69.6
2024-03-13T10:00:00,121.45
2024-03-13T11:00:00,172.32
2024-03-13T12:00:00,375.38
2024-03-13T13:00:00,376.77
2024-03-13T14:00:00,409.4
2024-03-13T15:00:00,327.83
2024-03-13T16:00:00,160.82
2024-03-13T17:00:00,29.5
2024-03-13T18:00:00,0.0
2024-03-13T19:00:00,0.0
2024-03-13T20:00:00,0.0
2024-03-13T21:00:00,0.0
2024-03-13T22:00:00,0.0
2024-03-13T23:00:00,0.0
2024-03-14T00:00:00,0.0
2024-03-14T01:00:00,0.0
2024-03-14T02:00:00,0.0
2024-03-14T03:00:00,0.0
2024-03-14T04:00:00,0.0
2024-03-14T05:00:00,0.0
2024-03-14T06:00:00,53.55
2024-03-14T07:00:00,165.88
2024-03-14T08:00:00,299.12
2024-03-14T09:00:00,382.45
2024-03-14T10:00:00,533.62
2024-03-14T11:00:00,723.15
2024-03-14T12:00:00,768.17
2024-03-14T13:00:00,644.72
2024-03-14T14:00:00,538.47
2024-03-14T15:00:00,196.15
2024-03-14T16:00:00,104.62
2024-03-14T17:00:00,22.75
2024-03-14T18:00:00,0.0
2024-03-14T19:00:00,0.0
2024-03-14T20:00:00,0.0
2024-03-14T21:00:00,0.0
2024-03-14T22:00:00,0.0
2024-03-14T23:00:00,0.0
2024-03-15T00:00:00,0.0
2024-03-15T01:00:00,0.0
2024-03-15T02:00:00,0.0
2024-03-15T03:00:00,0.0
2024-03-15T04:00:00,0.0
2024-03-15T05:00:00,0.0
2024-03-15T06:00:00,54.08
2024-03-15T07:00:00,197.45
2024-03-15T08:00:00,376.55
2024-03-15T09:00:00,612.47
2024-03-15T10:00:00,654.33
2024-03-15T11:00:00,697.0
2024-03-15T12:00:00,620.55
2024-03-15T13:00:00,574.1
2024-03-15T14:00:00,447.4
2024-03-15T15:00:00,305.2
2024-03-15T16:00:00,163.82
2024-03-15T17:00:00,31.12
2024-03-15T18:00:00,0.0
2024-03-15T19:00:00,0.0
2024-03-15T20:00:00,0.0
2024-03-15T21:00:00,0.0
2024-03-15T22:00:00,0.0
2024-03-15T23:00:00,0.0
2024-03-16T00:00:00,0.0
2024-03-16T01:00:00,0.0
2024-03-16T02:00:00,0.0
2024-03-16T03:00:00,0.0
2024-03-16T04:00:00,0.0
2024-03-16T05:00:00,0.0
2024-03-16T06:00:00,19.3
2024-03-16T07:00:00,63.17
2024-03-16T08:00:00,122.57
2024-03-16T09:00:00,72.0
2024-03-16T10:00:00,178.77
2024-03-16T11:00:00,621.33
2024-03-16T12:00:00,763.72
2024-03-16T13:00:00,618.8
2024-03-16T14:00:00,524.92
2024-03-16T15:00:00,291.08
2024-03-16T16:00:00,137.05
2024-03-16T17:00:00,20.12
2024-03-16T18:00:00,0.0
2024-03-16T19:00:00,0.0
2024-03-16T20:00:00,0.0
2024-03-16T21:00:00,0.0
2024-03-16T22:00:00,0.0
2024-03-16T23:00:00,0.0
2024-03-17T00:00:00,0.0
2024-03-17T01:00:00,0.0
2024-03-17T02:00:00,0.0
2024-03-17T03:00:00,0.0
2024-03-17T04:00:00,0.0
2024-03-17T05:00:00,0.0
2024-03-17T06:00:00,50.55
2024-03-17T07:00:00,165.05
2024-03-17T08:00:00,315.83
2024-03-17T09:00:00,438.12
2024-03-17T10:00:00,544.38
2024-03-17T11:00:00,656.38
2024-03-17T12:00:00,689.03
2024-03-17T13:00:00,632.62
2024-03-17T14:00:00,411.48
2024-03-17T15:00:00,240.62
2024-03-17T16:00:00,139.38
2024-03-17T17:00:00,21.73
2024-03-17T18:00:00,0.0
2024-03-17T19:00:00,0.0
2024-03-17T20:00:00,0.0
2024-03-17T21:00:00,0.0
2024-03-17T22:00:00,0.0
2024-03-17T23:00:00,0.0
2024-03-18T00:00:00,0.0
2024-03-18T01:00:00,0.0
2024-03-18T02:00:00,0.0
2024-03-18T03:00:00,0.0
2024-03-18T04:00:00,0.0
2024-03-18T05:00:00,0.0
2024-03-18T06:00:00,59.28
2024-03-18T07:00:00,233.6
2024-03-18T08:00:00,445.75
2024-03-18T09:00:00,565.22
2024-03-18T10:00:00,617.08
2024-03-18T11:00:00,644.97
2024-03-18T12:00:00,730.45
2024-03-18T13:00:00,323.3
2024-03-18T14:00:00,147.07
2024-03-18T15:00:00,91.12
2024-03-18T16:00:00,47.47
2024-03-18T17:00:00,9.48
2024-03-18T18:00:00,0.0
2024-03-18T19:00:00,0.0
2024-03-18T20:00:00,0.0
2024-03-18T21:00:00,0.0
2024-03-18T22:00:00,0.0
2024-03-18T23:00:00,0.0
2024-03-19T00:00:00,0.0
2024-03-19T01:00:00,0.0
2024-03-19T02:00:00,0.0
2024-03-19T03:00:00,0.0
2024-03-19T04:00:00,0.0
2024-03-19T05:00:00,0.0
2024-03-19T06:00:00,33.75
2024-03-19T07:00:00,88.15
2024-03-19T08:00:00,148.43
2024-03-19T09:00:00,127.25
2024-03-19T10:00:00,223.88
2024-03-19T11:00:00,252.27
2024-03-19T12:00:00,283.73
2024-03-19T13:00:00,393.12
2024-03-19T14:00:00,157.73
2024-03-19T15:00:00,206.9
2024-03-19T16:00:00,91.72
2024-03-19T17:00:00,21.17
2024-03-19T18:00:00,0.0
2024-03-19T19:00:00,0.0
2024-03-19T20:00:00,0.0
2024-03-19T21:00:00,0.0
2024-03-19T22:00:00,0.0
2024-03-19T23:00:00,0.0
2024-03-20T00:00:00,0.0
2024-03-20T01:00:00,0.0
2024-03-20T02:00:00,0.0
2024-03-20T03:00:00,0.0
2024-03-20T04:00:00,0.0
2024-03-20T05:00:00,0.0
2024-03-20T06:00:00,37.2
2024-03-20T07:00:00,131.82
2024-03-20T08:00:00,50.08
2024-03-20T09:00:00,50.2
2024-03-20T10:00:00,43.28
2024-03-20T11:00:00,52.47
2024-03-20T12:00:00,56.83
2024-03-20T13:00:00,54.0
2024-03-20T14:00:00,53.78
2024-03-20T15:00:00,58.35
2024-03-20T16:00:00,27.73
2024-03-20T17:00:00,5.15
2024-03-20T18:00:00,0.0
2024-03-20T19:00:00,0.0
2024-03-20T20:00:00,0.0
2024-03-20T21:00:00,0.0
2024-03-20T22:00:00,0.0
2024-03-20T23:00:00,0.0
2024-03-21T00:00:00,0.0
2024-03-21T01:00:00,0.0
2024-03-21T02:00:00,0.0
2024-03-21T03:00:00,0.0
2024-03-21T04:00:00,0.0
2024-03-21T05:00:00,0.0
2024-03-21T06:00:00,40.03
2024-03-21T07:00:00,122.6
2024-03-21T08:00:00,252.5
2024-03-21T09:00:00,449.08
2024-03-21T10:00:00,508.62
2024-03-21T11:00:00,523.47
2024-03-21T12:00:00,413.38
2024-03-21T13:00:00,376.52
2024-03-21T14:00:00,262.02
2024-03-21T15:00:00,109.93
2024-03-21T16:00:00,54.15
2024-03-21T17:00:00,9.23
2024-03-21T18:00:00,0.0
2024-03-21T19:00:00,0.0
2024-03-21T20:00:00,0.0
2024-03-21T21:00:00,0.0
2024-03-21T22:00:00,0.0
2024-03-21T23:00:00,0.0
2024-03-22T00:00:00,0.0
2024-03-22T01:00:00,0.0
2024-03-22T02:00:00,0.0
2024-03-22T03:00:00,0.0
2024-03-22T04:00:00,0.0
2024-03-22T05:00:00,0.0
2024-03-22T06:00:00,16.25
2024-03-22T07:00:00,42.12
2024-03-22T08:00:00,61.17
2024-03-22T09:00:00,121.5
2024-03-22T10:00:00,275.88
2024-03-22T11:00:00,577.88
2024-03-22T12:00:00,657.58
2024-03-22T13:00:00,670.15
2024-03-22T14:00:00,504.55
2024-03-22T15:00:00,350.98
2024-03-22T16:00:00,169.25
2024-03-22T17:00:00,28.7
2024-03-22T18:00:00,0.0
2024-03-22T19:00:00,0.0
2024-03-22T20:00:00,0.0
2024-03-22T21:00:00,0.0
2024-03-22T22:00:00,0.0
2024-03-22T23:00:00,0.0
2024-03-23T00:00:00,0.0
2024-03-23T01:00:00,0.0
2024-03-23T02:00:00,0.0
2024-03-23T03:00:00,0.0
2024-03-23T04:00:00,0.0
2024-03-23T05:00:00,0.0
2024-03-23T06:00:00,68.07
2024-03-23T07:00:00,228.05
2024-03-23T08:00:00,431.58
2024-03-23T09:00:00,524.45
2024-03-23T10:00:00,625.7
2024-03-23T11:00:00,669.15
2024-03-23T12:00:00,621.33
2024-03-23T13:00:00,519.7
2024-03-23T14:00:00,400.27
2024-03-23T15:00:00,271.05
2024-03-23T16:00:00,126.68
2024-03-23T17:00:00,17.95
2024-03-23T18:00:00,0.0
2024-03-23T19:00:00,0.0
2024-03-23T20:00:00,0.0
2024-03-23T21:00:00,0.0
2024-03-23T22:00:00,0.0
2024-03-23T23:00:00,0.0
2024-03-24T00:00:00,0.0
2024-03-24T01:00:00,0.0
2024-03-24T02:00:00,0.0
2024-03-24T03:00:00,0.0
2024-03-24T04:00:00,0.0
2024-03-24T05:00:00,0.0
2024-03-24T06:00:00,55.28
2024-03-24T07:00:00,210.82
2024-03-24T08:00:00,407.45
2024-03-24T09:00:00,539.12
2024-03-24T10:00:00,649.7
2024-03-24T11:00:00,656.33
2024-03-24T12:00:00,719.95
2024-03-24T13:00:00,610.47
2024-03-24T14:00:00,450.7
2024-03-24T15:00:00,307.55
2024-03-24T16:00:00,131.15
2024-03-24T17:00:00,24.5
2024-03-24T18:00:00,0.0
2024-03-24T19:00:00,0.0
2024-03-24T20:00:00,0.0
2024-03-24T21:00:00,0.0
2024-03-24T22:00:00,0.0
2024-03-24T23:00:00,0.0
2024-03-25T00:00:00,0.0
2024-03-25T01:00:00,0.0
2024-03-25T02:00:00,0.0
2024-03-25T03:00:00,0.0
2024-03-25T04:00:00,0.0
2024-03-25T05:00:00,0.0
2024-03-25T06:00:00,58.5
2024-03-25T07:00:00,192.07
2024-03-25T08:00:00,342.95
2024-03-25T09:00:00,471.9
2024-03-25T10:00:00,699.42
2024-03-25T11:00:00,670.5
2024-03-25T12:00:00,589.58
2024-03-25T13:00:00,456.33
2024-03-25T14:00:00,356.45
2024-03-25T15:00:00,250.07
2024-03-25T16:00:00,114.62
2024-03-25T17:00:00,19.85
2024-03-25T18:00:00,0.0
2024-03-25T19:00:00,0.0
2024-03-25T20:00:00,0.0
2024-03-25T21:00:00,0.0
2024-03-25T22:00:00,0.0
2024-03-25T23:00:00,0.0
2024-03-26T00:00:00,0.0
2024-03-26T01:00:00,0.0
2024-03-26T02:00:00,0.0
2024-03-26T03:00:00,0.0
2024-03-26T04:00:00,0.0
2024-03-26T05:00:00,0.0
2024-03-26T06:00:00,62.4
2024-03-26T07:00:00,213.75
2024-03-26T08:00:00,484.95
2024-03-26T09:00:00,534.5
2024-03-26T10:00:00,613.8
2024-03-26T11:00:00,692.22
2024-03-26T12:00:00,709.75
2024-03-26T13:00:00,506.3
2024-03-26T14:00:00,392.4
2024-03-26T15:00:00,248.27
2024-03-26T16:00:00,140.5
2024-03-26T17:00:00,17.95
2024-03-26T18:00:00,0.0
2024-03-26T19:00:00,0.0
2024-03-26T20:00:00,0.0
2024-03-26T21:00:00,0.0
2024-03-26T22:00:00,0.0
2024-03-26T23:00:00,0.0
2024-03-27T00:00:00,0.0
2024-03-27T01:00:00,0.0
2024-03-27T02:00:00,0.0
2024-03-27T03:00:00,0.0
2024-03-27T04:00:00,0.0
2024-03-27T05:00:00,0.0
2024-03-27T06:00:00,72.2
2024-03-27T07:00:00,266.83
2024-03-27T08:00:00,477.15
2024-03-27T09:00:00,662.5
2024-03-27T10:00:00,701.08
2024-03-27T11:00:00,738.42
2024-03-27T12:00:00,780.38
2024-03-27T13:00:00,745.0
2024-03-27T14:00:00,608.95
2024-03-27T15:00:00,431.7
2024-03-27T16:00:00,198.0
2024-03-27T17:00:00,31.02
2024-03-27T18:00:00,0.0
2024-03-27T19:00:00,0.0
2024-03-27T20:00:00,0.0
2024-03-27T21:00:00,0.0
2024-03-27T22:00:00,0.0
2024-03-27T23:00:00,0.0
2024-03-28T00:00:00,0.0
2024-03-28T01:00:00,0.0
2024-03-28T02:00:00,0.0
2024-03-28T03:00:00,0.0
2024-03-28T04:00:00,0.0
2024-03-28T05:00:00,0.0
2024-03-28T06:00:00,61.28
2024-03-28T07:00:00,235.3
2024-03-28T08:00:00,410.6
2024-03-28T09:00:00,499.73
2024-03-28T10:00:00,611.4
2024-03-28T11:00:00,725.38
2024-03-28T12:00:00,655.28
2024-03-28T13:00:00,579.03
2024-03-28T14:00:00,464.83
2024-03-28T15:00:00,248.62
2024-03-28T16:00:00,114.12
2024-03-28T17:00:00,16.62
2024-03-28T18:00:00,0.0
2024-03-28T19:00:00,0.0
2024-03-28T20:00:00,0.0
2024-03-28T21:00:00,0.0
2024-03-28T22:00:00,0.0
2024-03-28T23:00:00,0.0
2024-03-29T00:00:00,0.0
2024-03-29T01:00:00,0.0
2024-03-29T02:00:00,0.0
2024-03-29T03:00:00,0.0
2024-03-29T04:00:00,0.0
2024-03-29T05:00:00,0.0
2024-03-29T06:00:00,48.17
2024-03-29T07:00:00,194.3
2024-03-29T08:00:00,388.9
2024-03-29T09:00:00,565.38
2024-03-29T10:00:00,641.62
2024-03-29T11:00:00,651.3
2024-03-29T12:00:00,663.25
2024-03-29T13:00:00,569.85
2024-03-29T14:00:00,367.73
2024-03-29T15:00:00,224.18
2024-03-29T16:00:00,103.43
2024-03-29T17:00:00,14.12
2024-03-29T18:00:00,0.0
2024-03-29T19:00:00,0.0
2024-03-29T20:00:00,0.0
2024-03-29T21:00:00,0.0
2024-03-29T22:00:00,0.0
2024-03-29T23:00:00,0.0
2024-03-30T00:00:00,0.0
2024-03-30T01:00:00,0.0
2024-03-30T02:00:00,0.0
2024-03-30T03:00:00,0.0
2024-03-30T04:00:00,0.0
2024-03-30T05:00:00,0.0
2024-03-30T06:00:00,60.6
2024-03-30T07:00:00,234.73
2024-03-30T08:00:00,479.48
2024-03-30T09:00:00,692.4
2024-03-30T10:00:00,834.28
2024-03-30T11:00:00,867.72
2024-03-30T12:00:00,864.55
2024-03-30T13:00:00,807.72
2024-03-30T14:00:00,651.0
2024-03-30T15:00:00,439.52
2024-03-30T16:00:00,205.7
2024-03-30T17:00:00,31.0
2024-03-30T18:00:00,0.0
2024-03-30T19:00:00,0.0
2024-03-30T20:00:00,0.0
2024-03-30T21:00:00,0.0
2024-03-30T22:00:00,0.0
2024-03-30T23:00:00,0.0
2024-03-31T00:00:00,0.0
2024-03-31T01:00:00,0.0
2024-03-31T02:00:00,0.0
2024-03-31T03:00:00,0.0
2024-03-31T04:00:00,0.0
2024-03-31T05:00:00,0.0
2024-03-31T06:00:00,82.03
2024-03-31T07:00:00,272.52
2024-03-31T08:00:00,478.55
2024-03-31T09:00:00,700.22
2024-03-31T10:00:00,853.75
2024-03-31T11:00:00,964.08
2024-03-31T12:00:00,948.15
2024-03-31T13:00:00,871.62
2024-03-31T14:00:00,703.17
2024-03-31T15:00:00,467.85
2024-03-31T16:00:00,235.68
2024-03-31T17:00:00,31.65
2024-03-31T18:00:00,0.0
2024-03-31T19:00:00,0.0
2024-03-31T20:00:00,0.0
2024-03-31T21:00:00,0.0
2024-03-31T22:00:00,0.0
2024-03-31T23:00:00,0.0
2024-04-01T00:00:00,0.0
2024-04-01T01:00:00,0.0
2024-04-01T02:00:00,0.0
2024-04-01T03:00:00,0.0
2024-04-01T04:00:00,0.0
2024-04-01T05:00:00,0.0
2024-04-01T06:00:00,86.47
2024-04-01T07:00:00,311.52
2024-04-01T08:00:00,537.78
2024-04-01T09:00:00,744.08
2024-04-01T10:00:00,873.15
2024-04-01T11:00:00,948.15
2024-04-01T12:00:00,924.35
2024-04-01T13:00:00,832.75
2024-04-01T14:00:00,661.12
2024-04-01T15:00:00,453.12
2024-04-01T16:00:00,224.95
2024-04-01T17:00:00,31.45
2024-04-01T18:00:00,0.0
2024-04-01T19:00:00,0.0
2024-04-01T20:00:00,0.0
2024-04-01T21:00:00,0.0
2024-04-01T22:00:00,0.0
2024-04-01T23:00:00,0.0
2024-04-02T00:00:00,0.0
2024-04-02T01:00:00,0.0
2024-04-02T02:00:00,0.0
2024-04-02T03:00:00,0.0
2024-04-02T04:00:00,0.0
2024-04-02T05:00:00,0.0
2024-04-02T06:00:00,80.03
2024-04-02T07:00:00,278.35
2024-04-02T08:00:00,489.1
2024-04-02T09:00:00,675.1
2024-04-02T10:00:00,826.4
2024-04-02T11:00:00,872.03
2024-04-02T12:00:00,851.38
2024-04-02T13:00:00,764.17
2024-04-02T14:00:00,636.6
2024-04-02T15:00:00,416.95
2024-04-02T16:00:00,205.43
2024-04-02T17:00:00,23.55
2024-04-02T18:00:00,0.0
2024-04-02T19:00:00,0.0
2024-04-02T20:00:00,0.0
2024-04-02T21:00:00,0.0
2024-04-02T22:00:00,0.0
2024-04-02T23:00:00,0.0
2024-04-03T00:00:00,0.0
2024-04-03T01:00:00,0.0
2024-04-03T02:00:00,0.0
2024-04-03T03:00:00,0.0
2024-04-03T04:00:00,0.0
2024-04-03T05:00:00,0.0
2024-04-03T06:00:00,57.85
2024-04-03T07:00:00,213.62
2024-04-03T08:00:00,398.2
2024-04-03T09:00:00,592.45
2024-04-03T10:00:00,688.85
2024-04-03T11:00:00,711.2
2024-04-03T12:00:00,700.53
2024-04-03T13:00:00,550.22
2024-04-03T14:00:00,399.83
2024-04-03T15:00:00,249.35
2024-04-03T16:00:00,122.68
2024-04-03T17:00:00,13.98
2024-04-03T18:00:00,0.0
2024-04-03T19:00:00,0.0
2024-04-03T20:00:00,0.0
2024-04-03T21:00:00,0.0
2024-04-03T22:00:00,0.0
2024-04-03T23:00:00,0.0
2024-04-04T00:00:00,0.0
2024-04-04T01:00:00,0.0
2024-04-04T02:00:00,0.0
2024-04-04T03:00:00,0.0
2024-04-04T04:00:00,0.0
2024-04-04T05:00:00,0.0
2024-04-04T06:00:00,73.95
2024-04-04T07:00:00,287.1
2024-04-04T08:00:00,513.45
2024-04-04T09:00:00,715.4
2024-04-04T10:00:00,832.2
2024-04-04T11:00:00,880.65
2024-04-04T12:00:00,859.3
2024-04-04T13:00:00,774.45
2024-04-04T14:00:00,630.5
2024-04-04T15:00:00,425.15
2024-04-04T16:00:00,199.0
2024-04-04T17:00:00,25.33
2024-04-04T18:00:00,0.0
2024-04-04T19:00:00,0.0
2024-04-04T20:00:00,0.0
2024-04-04T21:00:00,0.0
2024-04-04T22:00:00,0.0
2024-04-04T23:00:00,0.0
2024-04-05T00:00:00,0.0
2024-04-05T01:00:00,0.0
2024-04-05T02:00:00,0.0
2024-04-05T03:00:00,0.0
2024-04-05T04:00:00,0.0
2024-04-05T05:00:00,0.0
2024-04-05T06:00:00,66.75
2024-04-05T07:00:00,240.48
2024-04-05T08:00:00,432.25
2024-04-05T09:00:00,626.88
2024-04-05T10:00:00,727.5
2024-04-05T11:00:00,725.7
2024-04-05T12:00:00,749.08
2024-04-05T13:00:00,554.65
2024-04-05T14:00:00,481.52
2024-04-05T15:00:00,284.75
2024-04-05T16:00:00,129.3
2024-04-05T17:00:00,13.52
2024-04-05T18:00:00,0.0
2024-04-05T19:00:00,0.0
2024-04-05T20:00:00,0.0
2024-04-05T21:00:00,0.0
2024-04-05T22:00:00,0.0
2024-04-05T23:00:00,0.0
2024-04-06T00:00:00,0.0
2024-04-06T01:00:00,0.0
2024-04-06T02:00:00,0.0
2024-04-06T03:00:00,0.0
2024-04-06T04:00:00,0.0
2024-04-06T05:00:00,0.0
2024-04-06T06:00:00,65.28
2024-04-06T07:00:00,241.57
2024-04-06T08:00:00,491.1
2024-04-06T09:00:00,648.7
2024-04-06T10:00:00,813.5
2024-04-06T11:00:00,880.65
2024-04-06T12:00:00,850.72
2024-04-06T13:00:00,786.3
2024-04-06T14:00:00,624.38
2024-04-06T15:00:00,408.83
2024-04-06T16:00:00,169.6
2024-04-06T17:00:00,19.42
2024-04-06T18:00:00,0.0
2024-04-06T19:00:00,0.0
2024-04-06T20:00:00,0.0
2024-04-06T21:00:00,0.0
2024-04-06T22:00:00,0.0
2024-04-06T23:00:00,0.0
2024-04-07T00:00:00,0.0
2024-04-07T01:00:00,0.0
2024-04-07T02:00:00,0.0
2024-04-07T03:00:00,0.0
2024-04-07T04:00:00,0.0
2024-04-07T05:00:00,0.0
2024-04-07T06:00:00,69.3
2024-04-07T07:00:00,247.62
2024-04-07T08:00:00,438.9
2024-04-07T09:00:00,651.03
2024-04-07T10:00:00,768.33
2024-04-07T11:00:00,815.15
2024-04-07T12:00:00,786.58
2024-04-07T13:00:00,715.17
2024-04-07T14:00:00,556.67
2024-04-07T15:00:00,363.3
2024-04-07T16:00:00,159.27
2024-04-07T17:00:00,17.52
2024-04-07T18:00:00,0.0
2024-04-07T19:00:00,0.0
2024-04-07T20:00:00,0.0
2024-04-07T21:00:00,0.0
2024-04-07T22:00:00,0.0
2024-04-07T23:00:00,0.0
2024-04-08T00:00:00,0.0
2024-04-08T01:00:00,0.0
2024-04-08T02:00:00,0.0
2024-04-08T03:00:00,0.0
2024-04-08T04:00:00,0.0
2024-04-08T05:00:00,0.0
2024-04-08T06:00:00,66.7
2024-04-08T07:00:00,254.77
2024-04-08T08:00:00,479.7
2024-04-08T09:00:00,647.97
2024-04-08T10:00:00,786.08
2024-04-08T11:00:00,881.75
2024-04-08T12:00:00,870.45
2024-04-08T13:00:00,769.72
2024-04-08T14:00:00,494.85
2024-04-08T15:00:00,299.98
2024-04-08T16:00:00,128.48
2024-04-08T17:00:00,11.65
2024-04-08T18:00:00,0.0
2024-04-08T19:00:00,0.0
2024-04-08T20:00:00,0.0
2024-04-08T21:00:00,0.0
2024-04-08T22:00:00,0.0
2024-04-08T23:00:00,0.0
2024-04-09T00:00:00,0.0
2024-04-09T01:00:00,0.0
2024-04-09T02:00:00,0.0
2024-04-09T03:00:00,0.0
2024-04-09T04:00:00,0.0
2024-04-09T05:00:00,0.0
2024-04-09T06:00:00,59.6
2024-04-09T07:00:00,234.25
2024-04-09T08:00:00,445.27
2024-04-09T09:00:00,613.38
2024-04-09T10:00:00,615.55
2024-04-09T11:00:00,792.72
2024-04-09T12:00:00,789.2
2024-04-09T13:00:00,698.78
2024-04-09T14:00:00,498.9
2024-04-09T15:00:00,310.6
2024-04-09T16:00:00,146.35
2024-04-09T17:00:00,16.95
2024-04-09T18:00:00,0.0
2024-04-09T19:00:00,0.0
2024-04-09T20:00:00,0.0
2024-04-09T21:00:00,0.0
2024-04-09T22:00:00,0.0
2024-04-09T23:00:00,0.0
2024-04-10T00:00:00,0.0
2024-04-10T01:00:00,0.0
2024-04-10T02:00:00,0.0
2024-04-10T03:00:00,0.0
2024-04-10T04:00:00,0.0
2024-04-10T05:00:00,0.0
2024-04-10T06:00:00,69.43
2024-04-10T07:00:00,270.7
2024-04-10T08:00:00,505.42
2024-04-10T09:00:00,699.85
2024-04-10T10:00:00,796.12
2024-04-10T11:00:00,861.45
2024-04-10T12:00:00,844.03
2024-04-10T13:00:00,763.25
2024-04-10T14:00:00,616.92
2024-04-10T15:00:00,409.55
2024-04-10T16:00:00,184.85
2024-04-10T17:00:00,18.35
2024-04-10T18:00:00,0.0
2024-04-10T19:00:00,0.0
2024-04-10T20:00:00,0.0
2024-04-10T21:00:00,0.0
2024-04-10T22:00:00,0.0
2024-04-10T23:00:00,0.0
2024-04-11T00:00:00,0.0
2024-04-11T01:00:00,0.0
2024-04-11T02:00:00,0.0
2024-04-11T03:00:00,0.0
2024-04-11T04:00:00,0.0
2024-04-11T05:00:00,0.0
2024-04-11T06:00:00,80.6
2024-04-11T07:00:00,300.58
2024-04-11T08:00:00,521.62
2024-04-11T09:00:00,707.15
2024-04-11T10:00:00,831.17
2024-04-11T11:00:00,875.7
2024-04-11T12:00:00,856.3
2024-04-11T13:00:00,756.55
2024-04-11T14:00:00,570.88
2024-04-11T15:00:00,381.7
2024-04-11T16:00:00,172.65
2024-04-11T17:00:00,17.88
2024-04-11T18:00:00,0.0
2024-04-11T19:00:00,0.0
2024-04-11T20:00:00,0.0
2024-04-11T21:00:00,0.0
2024-04-11T22:00:00,0.0
2024-04-11T23:00:00,0.0
2024-04-12T00:00:00,0.0
2024-04-12T01:00:00,0.0
2024-04-12T02:00:00,0.0
2024-04-12T03:00:00,0.0
2024-04-12T04:00:00,0.0
2024-04-12T05:00:00,0.0
2024-04-12T06:00:00,78.72
2024-04-12T07:00:00,302.08
2024-04-12T08:00:00,527.55
2024-04-12T09:00:00,714.08
2024-04-12T10:00:00,831.6
2024-04-12T11:00:00,881.7
2024-04-12T12:00:00,858.7
2024-04-12T13:00:00,766.0
2024-04-12T14:00:00,596.33
2024-04-12T15:00:00,384.27
2024-04-12T16:00:00,182.8
2024-04-12T17:00:00,17.92
2024-04-12T18:00:00,0.0
2024-04-12T19:00:00,0.0
2024-04-12T20:00:00,0.0
2024-04-12T21:00:00,0.0
2024-04-12T22:00:00,0.0
2024-04-12T23:00:00,0.0
2024-04-13T00:00:00,0.0
2024-04-13T01:00:00,0.0
2024-04-13T02:00:00,0.0
2024-04-13T03:00:00,0.0
2024-04-13T04:00:00,0.0
2024-04-13T05:00:00,0.0
2024-04-13T06:00:00,40.42
2024-04-13T07:00:00,158.1
2024-04-13T08:00:00,312.75
2024-04-13T09:00:00,434.23
2024-04-13T10:00:00,497.85
2024-04-13T11:00:00,470.4
2024-04-13T12:00:00,483.12
2024-04-13T13:00:00,363.05
2024-04-13T14:00:00,263.45
2024-04-13T15:00:00,153.3
2024-04-13T16:00:00,61.83
2024-04-13T17:00:00,6.78
2024-04-13T18:00:00,0.0
2024-04-13T19:00:00,0.0
2024-04-13T20:00:00,0.0
2024-04-13T21:00:00,0.0
2024-04-13T22:00:00,0.0
2024-04-13T23:00:00,0.0
2024-04-14T00:00:00,0.0
2024-04-14T01:00:00,0.0
2024-04-14T02:00:00,0.0
2024-04-14T03:00:00,0.0
2024-04-14T04:00:00,0.0
2024-04-14T05:00:00,0.0
2024-04-14T06:00:00,54.35
2024-04-14T07:00:00,211.3
2024-04-14T08:00:00,372.33
2024-04-14T09:00:00,605.47
2024-04-14T10:00:00,727.58
2024-04-14T11:00:00,777.0
2024-04-14T12:00:00,723.9
2024-04-14T13:00:00,578.12
2024-04-14T14:00:00,504.92
2024-04-14T15:00:00,328.85
2024-04-14T16:00:00,137.62
2024-04-14T17:00:00,12.45
2024-04-14T18:00:00,0.0
2024-04-14T19:00:00,0.0
2024-04-14T20:00:00,0.0
2024-04-14T21:00:00,0.0
2024-04-14T22:00:00,0.0
2024-04-14T23:00:00,0.0
2024-04-15T00:00:00,0.0
2024-04-15T01:00:00,0.0
2024-04-15T02:00:00,0.0
2024-04-15T03:00:00,0.0
2024-04-15T04:00:00,0.0
2024-04-15T05:00:00,0.0
2024-04-15T06:00:00,58.55
2024-04-15T07:00:00,221.3
2024-04-15T08:00:00,398.62
2024-04-15T09:00:00,607.75
2024-04-15T10:00:00,746.95
2024-04-15T11:00:00,770.5
2024-04-15T12:00:00,601.17
2024-04-15T13:00:00,685.28
2024-04-15T14:00:00,507.58
2024-04-15T15:00:00,282.17
2024-04-15T16:00:00,122.43
2024-04-15T17:00:00,10.52
2024-04-15T18:00:00,0.0
2024-04-15T19:00:00,0.0
2024-04-15T20:00:00,0.0
2024-04-15T21:00:00,0.0
2024-04-15T22:00:00,0.0
2024-04-15T23:00:00,0.0
2024-04-16T00:00:00,0.0
2024-04-16T01:00:00,0.0
2024-04-16T02:00:00,0.0
2024-04-16T03:00:00,0.0
2024-04-16T04:00:00,0.0
2024-04-16T05:00:00,0.0
2024-04-16T06:00:00,41.03
2024-04-16T07:00:00,159.45
2024-04-16T08:00:00,297.75
2024-04-16T09:00:00,482.9
2024-04-16T10:00:00,604.45
2024-04-16T11:00:00,527.67
2024-04-16T12:00:00,500.02
2024-04-16T13:00:00,456.98
2024-04-16T14:00:00,352.58
2024-04-16T15:00:00,231.98
2024-04-16T16:00:00,109.05
2024-04-16T17:00:00,10.1
2024-04-16T18:00:00,0.0
2024-04-16T19:00:00,0.0
2024-04-16T20:00:00,0.0
2024-04-16T21:00:00,0.0
2024-04-16T22:00:00,0.0
2024-04-16T23:00:00,0.0
2024-04-17T00:00:00,0.0
2024-04-17T01:00:00,0.0
2024-04-17T02:00:00,0.0
2024-04-17T03:00:00,0.0
2024-04-17T04:00:00,0.0
2024-04-17T05:00:00,0.0
2024-04-17T06:00:00,39.67
2024-04-17T07:00:00,177.23
2024-04-17T08:00:00,325.0
2024-04-17T09:00:00,473.27
2024-04-17T10:00:00,567.35
2024-04-17T11:00:00,609.55
2024-04-17T12:00:00,542.97
2024-04-17T13:00:00,468.88
2024-04-17T14:00:00,389.45
2024-04-17T15:00:00,254.5
2024-04-17T16:00:00,102.45
2024-04-17T17:00:00,9.93
2024-04-17T18:00:00,0.0
2024-04-17T19:00:00,0.0
2024-04-17T20:00:00,0.0
2024-04-17T21:00:00,0.0
2024-04-17T22:00:00,0.0
2024-04-17T23:00:00,0.0
2024-04-18T00:00:00,0.0
2024-04-18T01:00:00,0.0
2024-04-18T02:00:00,0.0
2024-04-18T03:00:00,0.0
2024-04-18T04:00:00,0.0
2024-04-18T05:00:00,0.0
2024-04-18T06:00:00,59.72
2024-04-18T07:00:00,240.0
2024-04-18T08:00:00,442.02
2024-04-18T09:00:00,611.05
2024-04-18T10:00:00,747.72
2024-04-18T11:00:00,810.22
2024-04-18T12:00:00,816.58
2024-04-18T13:00:00,717.55
2024-04-18T14:00:00,549.6
2024-04-18T15:00:00,339.9
2024-04-18T16:00:00,143.73
2024-04-18T17:00:00,10.95
2024-04-18T18:00:00,0.0
2024-04-18T19:00:00,0.0
2024-04-18T20:00:00,0.0
2024-04-18T21:00:00,0.0
2024-04-18T22:00:00,0.0
2024-04-18T23:00:00,0.0
2024-04-19T00:00:00,0.0
2024-04-19T01:00:00,0.0
2024-04-19T02:00:00,0.0
2024-04-19T03:00:00,0.0
2024-04-19T04:00:00,0.0
2024-04-19T05:00:00,0.0
2024-04-19T06:00:00,54.65
2024-04-19T07:00:00,229.15
2024-04-19T08:00:00,427.9
2024-04-19T09:00:00,586.12
2024-04-19T10:00:00,705.35
2024-04-19T11:00:00,725.33
2024-04-19T12:00:00,601.4
2024-04-19T13:00:00,553.9
2024-04-19T14:00:00,421.25
2024-04-19T15:00:00,261.4
2024-04-19T16:00:00,105.0
2024-04-19T17:00:00,8.5
2024-04-19T18:00:00,0.0
2024-04-19T19:00:00,0.0
2024-04-19T20:00:00,0.0
2024-04-19T21:00:00,0.0
2024-04-19T22:00:00,0.0
2024-04-19T23:00:00,0.0
2024-04-20T00:00:00,0.0
2024-04-20T01:00:00,0.0
2024-04-20T02:00:00,0.0
2024-04-20T03:00:00,0.0
2024-04-20T04:00:00,0.0
2024-04-20T05:00:00,0.0
2024-04-20T06:00:00,45.35
2024-04-20T07:00:00,182.27
2024-04-20T08:00:00,359.83
2024-04-20T09:00:00,416.38
2024-04-20T10:00:00,493.62
2024-04-20T11:00:00,494.27
2024-04-20T12:00:00,434.35
2024-04-20T13:00:00,440.95
2024-04-20T14:00:00,346.02
2024-04-20T15:00:00,220.0
2024-04-20T16:00:00,79.15
2024-04-20T17:00:00,5.43
2024-04-20T18:00:00,0.0
2024-04-20T19:00:00,0.0
2024-04-20T20:00:00,0.0
2024-04-20T21:00:00,0.0
2024-04-20T22:00:00,0.0
2024-04-20T23:00:00,0.0
2024-04-21T00:00:00,0.0
2024-04-21T01:00:00,0.0
2024-04-21T02:00:00,0.0
2024-04-21T03:00:00,0.0
2024-04-21T04:00:00,0.0
2024-04-21T05:00:00,0.0
2024-04-21T06:00:00,32.53
2024-04-21T07:00:00,138.88
2024-04-21T08:00:00,253.38
2024-04-21T09:00:00,369.4
2024-04-21T10:00:00,542.3
2024-04-21T11:00:00,669.97
2024-04-21T12:00:00,742.92
2024-04-21T13:00:00,612.35
2024-04-21T14:00:00,442.55
2024-04-21T15:00:00,289.12
2024-04-21T16:00:00,125.12
2024-04-21T17:00:00,6.45
2024-04-21T18:00:00,0.0
2024-04-21T19:00:00,0.0
2024-04-21T20:00:00,0.0
2024-04-21T21:00:00,0.0
2024-04-21T22:00:00,0.0
2024-04-21T23:00:00,0.0
2024-04-22T00:00:00,0.0
2024-04-22T01:00:00,0.0
2024-04-22T02:00:00,0.0
2024-04-22T03:00:00,0.0
2024-04-22T04:00:00,0.0
2024-04-22T05:00:00,0.0
2024-04-22T06:00:00,59.95
2024-04-22T07:00:00,260.98
2024-04-22T08:00:00,460.9
2024-04-22T09:00:00,622.33
2024-04-22T10:00:00,694.5
2024-04-22T11:00:00,764.6
2024-04-22T12:00:00,747.95
2024-04-22T13:00:00,635.83
2024-04-22T14:00:00,521.08
2024-04-22T15:00:00,339.77
2024-04-22T16:00:00,139.27
2024-04-22T17:00:00,9.65
2024-04-22T18:00:00,0.0
2024-04-22T19:00:00,0.0
2024-04-22T20:00:00,0.0
2024-04-22T21:00:00,0.0
2024-04-22T22:00:00,0.0
2024-04-22T23:00:00,0.0
2024-04-23T00:00:00,0.0
2024-04-23T01:00:00,0.0
2024-04-23T02:00:00,0.0
2024-04-23T03:00:00,0.0
2024-04-23T04:00:00,0.0
2024-04-23T05:00:00,0.0
2024-04-23T06:00:00,44.53
2024-04-23T07:00:00,174.93
2024-04-23T08:00:00,336.45
2024-04-23T09:00:00,452.17
2024-04-23T10:00:00,592.62
2024-04-23T11:00:00,660.5
2024-04-23T12:00:00,721.45
2024-04-23T13:00:00,673.3
2024-04-23T14:00:00,545.72
2024-04-23T15:00:00,339.02
2024-04-23T16:00:00,141.85
2024-04-23T17:00:00,9.6
2024-04-23T18:00:00,0.0
2024-04-23T19:00:00,0.0
2024-04-23T20:00:00,0.0
2024-04-23T21:00:00,0.0
2024-04-23T22:00:00,0.0
2024-04-23T23:00:00,0.0
2024-04-24T00:00:00,0.0
2024-04-24T01:00:00,0.0
2024-04-24T02:00:00,0.0
2024-04-24T03:00:00,0.0
2024-04-24T04:00:00,0.0
2024-04-24T05:00:00,0.0
2024-04-24T06:00:00,56.03
2024-04-24T07:00:00,231.95
2024-04-24T08:00:00,418.92
2024-04-24T09:00:00,613.92
2024-04-24T10:00:00,714.9
2024-04-24T11:00:00,775.67
2024-04-24T12:00:00,743.88
2024-04-24T13:00:00,693.47
2024-04-24T14:00:00,530.42
2024-04-24T15:00:00,337.25
2024-04-24T16:00:00,131.62
2024-04-24T17:00:00,8.48
2024-04-24T18:00:00,0.0
2024-04-24T19:00:00,0.0
2024-04-24T20:00:00,0.0
2024-04-24T21:00:00,0.0
2024-04-24T22:00:00,0.0
2024-04-24T23:00:00,0.0
2024-04-25T00:00:00,0.0
2024-04-25T01:00:00,0.0
2024-04-25T02:00:00,0.0
2024-04-25T03:00:00,0.0
2024-04-25T04:00:00,0.0
2024-04-25T05:00:00,0.0
2024-04-25T06:00:00,58.88
2024-04-25T07:00:00,250.68
2024-04-25T08:00:00,475.05
2024-04-25T09:00:00,658.88
2024-04-25T10:00:00,741.85
2024-04-25T11:00:00,771.2
2024-04-25T12:00:00,753.22
2024-04-25T13:00:00,631.72
2024-04-25T14:00:00,518.75
2024-04-25T15:00:00,337.67
2024-04-25T16:00:00,129.4
2024-04-25T17:00:00,8.15
2024-04-25T18:00:00,0.0
2024-04-25T19:00:00,0.0
2024-04-25T20:00:00,0.0
2024-04-25T21:00:00,0.0
2024-04-25T22:00:00,0.0
2024-04-25T23:00:00,0.0
2024-04-26T00:00:00,0.0
2024-04-26T01:00:00,0.0
2024-04-26T02:00:00,0.0
2024-04-26T03:00:00,0.0
2024-04-26T04:00:00,0.0
2024-04-26T05:00:00,0.0
2024-04-26T06:00:00,55.12
2024-04-26T07:00:00,228.93
2024-04-26T08:00:00,424.15
2024-04-26T09:00:00,575.58
2024-04-26T10:00:00,668.72
2024-04-26T11:00:00,709.65
2024-04-26T12:00:00,707.88
2024-04-26T13:00:00,551.92
2024-04-26T14:00:00,404.77
2024-04-26T15:00:00,260.33
2024-04-26T16:00:00,109.07
2024-04-26T17:00:00,7.4
2024-04-26T18:00:00,0.0
2024-04-26T19:00:00,0.0
2024-04-26T20:00:00,0.0
2024-04-26T21:00:00,0.0
2024-04-26T22:00:00,0.0
2024-04-26T23:00:00,0.0
2024-04-27T00:00:00,0.0
2024-04-27T01:00:00,0.0
2024-04-27T02:00:00,0.0
2024-04-27T03:00:00,0.0
2024-04-27T04:00:00,0.0
2024-04-27T05:00:00,0.0
2024-04-27T06:00:00,52.6
2024-04-27T07:00:00,240.32
2024-04-27T08:00:00,444.1
2024-04-27T09:00:00,637.58
2024-04-27T10:00:00,753.95
2024-04-27T11:00:00,781.62
2024-04-27T12:00:00,746.9
2024-04-27T13:00:00,635.2
2024-04-27T14:00:00,359.75
2024-04-27T15:00:00,219.95
2024-04-27T16:00:00,89.72
2024-04-27T17:00:00,4.93
2024-04-27T18:00:00,0.0
2024-04-27T19:00:00,0.0
2024-04-27T20:00:00,0.0
2024-04-27T21:00:00,0.0
2024-04-27T22:00:00,0.0
2024-04-27T23:00:00,0.0
2024-04-28T00:00:00,0.0
2024-04-28T01:00:00,0.0
2024-04-28T02:00:00,0.0
2024-04-28T03:00:00,0.0
2024-04-28T04:00:00,0.0
2024-04-28T05:00:00,0.0
2024-04-28T06:00:00,42.95
2024-04-28T07:00:00,191.1
2024-04-28T08:00:00,372.8
2024-04-28T09:00:00,615.88
2024-04-28T10:00:00,729.33
2024-04-28T11:00:00,621.08
2024-04-28T12:00:00,597.92
2024-04-28T13:00:00,527.53
2024-04-28T14:00:00,331.08
2024-04-28T15:00:00,187.85
2024-04-28T16:00:00,80.55
2024-04-28T17:00:00,5.05
2024-04-28T18:00:00,0.0
2024-04-28T19:00:00,0.0
2024-04-28T20:00:00,0.0
2024-04-28T21:00:00,0.0
2024-04-28T22:00:00,0.0
2024-04-28T23:00:00,0.0
2024-04-29T00:00:00,0.0
2024-04-29T01:00:00,0.0
2024-04-29T02:00:00,0.0
2024-04-29T03:00:00,0.0
2024-04-29T04:00:00,0.0
2024-04-29T05:00:00,0.0
2024-04-29T06:00:00,30.7
2024-04-29T07:00:00,157.23
2024-04-29T08:00:00,290.48
2024-04-29T09:00:00,398.12
2024-04-29T10:00:00,594.17
2024-04-29T11:00:00,667.08
2024-04-29T12:00:00,694.88
2024-04-29T13:00:00,581.17
2024-04-29T14:00:00,440.73
2024-04-29T15:00:00,296.9
2024-04-29T16:00:00,106.1
2024-04-29T17:00:00,5.43
2024-04-29T18:00:00,0.0
2024-04-29T19:00:00,0.0
2024-04-29T20:00:00,0.0
2024-04-29T21:00:00,0.0
2024-04-29T22:00:00,0.0
2024-04-29T23:00:00,0.0
2024-04-30T00:00:00,0.0
2024-04-30T01:00:00,0.0
2024-04-30T02:00:00,0.0
2024-04-30T03:00:00,0.0
2024-04-30T04:00:00,0.0
2024-04-30T05:00:00,0.0
2024-04-30T06:00:00,34.85
2024-04-30T07:00:00,163.68
2024-04-30T08:00:00,343.0
2024-04-30T09:00:00,480.42
2024-04-30T10:00:00,637.55
2024-04-30T11:00:00,703.05
2024-04-30T12:00:00,683.45
2024-04-30T13:00:00,542.33
2024-04-30T14:00:00,380.6
2024-04-30T15:00:00,208.9
2024-04-30T16:00:00,78.05
2024-04-30T17:00:00,4.38
2024-04-30T18:00:00,0.0
2024-04-30T19:00:00,0.0
2024-04-30T20:00:00,0.0
2024-04-30T21:00:00,0.0
2024-04-30T22:00:00,0.0
2024-04-30T23:00:00,0.0
2024-05-01T00:00:00,0.0
2024-05-01T01:00:00,0.0
2024-05-01T02:00:00,0.0
2024-05-01T03:00:00,0.0
2024-05-01T04:00:00,0.0
2024-05-01T05:00:00,0.0
2024-05-01T06:00:00,38.03
2024-05-01T07:00:00,169.57
2024-05-01T08:00:00,322.62
2024-05-01T09:00:00,581.17
2024-05-01T10:00:00,735.88
2024-05-01T11:00:00,733.83
2024-05-01T12:00:00,678.17
2024-05-01T13:00:00,611.8
2024-05-01T14:00:00,475.4
2024-05-01T15:00:00,294.6
2024-05-01T16:00:00,111.25
2024-05-01T17:00:00,5.93
2024-05-01T18:00:00,0.0
2024-05-01T19:00:00,0.0
2024-05-01T20:00:00,0.0
2024-05-01T21:00:00,0.0
2024-05-01T22:00:00,0.0
2024-05-01T23:00:00,0.0
2024-05-02T00:00:00,0.0
2024-05-02T01:00:00,0.0
2024-05-02T02:00:00,0.0
2024-05-02T03:00:00,0.0
2024-05-02T04:00:00,0.0
2024-05-02T05:00:00,0.0
2024-05-02T06:00:00,37.8
2024-05-02T07:00:00,176.05
2024-05-02T08:00:00,325.35
2024-05-02T09:00:00,520.65
2024-05-02T10:00:00,584.15
2024-05-02T11:00:00,582.15
2024-05-02T12:00:00,677.55
2024-05-02T13:00:00,438.3
2024-05-02T14:00:00,321.0
2024-05-02T15:00:00,195.38
2024-05-02T16:00:00,67.12
2024-05-02T17:00:00,4.25
2024-05-02T18:00:00,0.0
2024-05-02T19:00:00,0.0
2024-05-02T20:00:00,0.0
2024-05-02T21:00:00,0.0
2024-05-02T22:00:00,0.0
2024-05-02T23:00:00,0.0
2024-05-03T00:00:00,0.0
2024-05-03T01:00:00,0.0
2024-05-03T02:00:00,0.0
2024-05-03T03:00:00,0.0
2024-05-03T04:00:00,0.0
2024-05-03T05:00:00,0.0
2024-05-03T06:00:00,53.58
2024-05-03T07:00:00,230.73
2024-05-03T08:00:00,417.98
2024-05-03T09:00:00,598.92
2024-05-03T10:00:00,699.0
2024-05-03T11:00:00,757.83
2024-05-03T12:00:00,700.12
2024-05-03T13:00:00,566.4
2024-05-03T14:00:00,415.9
2024-05-03T15:00:00,244.15
2024-05-03T16:00:00,85.18
2024-05-03T17:00:00,4.25
2024-05-03T18:00:00,0.0
2024-05-03T19:00:00,0.0
2024-05-03T20:00:00,0.0
2024-05-03T21:00:00,0.0
2024-05-03T22:00:00,0.0
2024-05-03T23:00:00,0.0
2024-05-04T00:00:00,0.0
2024-05-04T01:00:00,0.0
2024-05-04T02:00:00,0.0
2024-05-04T03:00:00,0.0
2024-05-04T04:00:00,0.0
2024-05-04T05:00:00,0.0
2024-05-04T06:00:00,32.75
2024-05-04T07:00:00,163.77
2024-05-04T08:00:00,329.83
2024-05-04T09:00:00,506.98
2024-05-04T10:00:00,658.92
2024-05-04T11:00:00,693.78
2024-05-04T12:00:00,641.6
2024-05-04T13:00:00,487.12
2024-05-04T14:00:00,335.9
2024-05-04T15:00:00,203.95
2024-05-04T16:00:00,76.88
2024-05-04T17:00:00,3.8
2024-05-04T18:00:00,0.0
2024-05-04T19:00:00,0.0
2024-05-04T20:00:00,0.0
2024-05-04T21:00:00,0.0
2024-05-04T22:00:00,0.0
2024-05-04T23:00:00,0.0
2024-05-05T00:00:00,0.0
2024-05-05T01:00:00,0.0
2024-05-05T02:00:00,0.0
2024-05-05T03:00:00,0.0
2024-05-05T04:00:00,0.0
2024-05-05T05:00:00,0.0
2024-05-05T06:00:00,30.73
2024-05-05T07:00:00,162.07
2024-05-05T08:00:00,313.7
2024-05-05T09:00:00,478.77
2024-05-05T10:00:00,541.15
2024-05-05T11:00:00,565.95
2024-05-05T12:00:00,498.3
2024-05-05T13:00:00,439.65
2024-05-05T14:00:00,284.12
2024-05-05T15:00:00,161.9
2024-05-05T16:00:00,47.05
2024-05-05T17:00:00,3.72
2024-05-05T18:00:00,0.0
2024-05-05T19:00:00,0.0
2024-05-05T20:00:00,0.0
2024-05-05T21:00:00,0.0
2024-05-05T22:00:00,0.0
2024-05-05T23:00:00,0.0
2024-05-06T00:00:00,0.0
2024-05-06T01:00:00,0.0
2024-05-06T02:00:00,0.0
2024-05-06T03:00:00,0.0
2024-05-06T04:00:00,0.0
2024-05-06T05:00:00,0.0
2024-05-06T06:00:00,38.28
2024-05-06T07:00:00,196.98
2024-05-06T08:00:00,374.5
2024-05-06T09:00:00,544.03
2024-05-06T10:00:00,689.67
2024-05-06T11:00:00,742.0
2024-05-06T12:00:00,741.53
2024-05-06T13:00:00,635.92
2024-05-06T14:00:00,491.42
2024-05-06T15:00:00,305.02
2024-05-06T16:00:00,113.4
2024-05-06T17:00:00,4.93
2024-05-06T18:00:00,0.0
2024-05-06T19:00:00,0.0
2024-05-06T20:00:00,0.0
2024-05-06T21:00:00,0.0
2024-05-06T22:00:00,0.0
2024-05-06T23:00:00,0.0
2024-05-07T00:00:00,0.0
2024-05-07T01:00:00,0.0
2024-05-07T02:00:00,0.0
2024-05-07T03:00:00,0.0
2024-05-07T04:00:00,0.0
2024-05-07T05:00:00,0.0
2024-05-07T06:00:00,52.25
2024-05-07T07:00:00,244.55
2024-05-07T08:00:00,456.0
2024-05-07T09:00:00,635.1
2024-05-07T10:00:00,750.38
2024-05-07T11:00:00,778.67
2024-05-07T12:00:00,776.15
2024-05-07T13:00:00,658.47
2024-05-07T14:00:00,522.92
2024-05-07T15:00:00,279.1
2024-05-07T16:00:00,112.18
2024-05-07T17:00:00,4.43
2024-05-07T18:00:00,0.0
2024-05-07T19:00:00,0.0
2024-05-07T20:00:00,0.0
2024-05-07T21:00:00,0.0
2024-05-07T22:00:00,0.0
2024-05-07T23:00:00,0.0
2024-05-08T00:00:00,0.0
2024-05-08T01:00:00,0.0
2024-05-08T02:00:00,0.0
2024-05-08T03:00:00,0.0
2024-05-08T04:00:00,0.0
2024-05-08T05:00:00,0.0
2024-05-08T06:00:00,53.05
2024-05-08T07:00:00,245.32
2024-05-08T08:00:00,450.98
2024-05-08T09:00:00,640.4
2024-05-08T10:00:00,763.9
2024-05-08T11:00:00,766.08
2024-05-08T12:00:00,676.08
2024-05-08T13:00:00,618.03
2024-05-08T14:00:00,452.75
2024-05-08T15:00:00,274.77
2024-05-08T16:00:00,93.75
2024-05-08T17:00:00,4.03
2024-05-08T18:00:00,0.0
2024-05-08T19:00:00,0.0
2024-05-08T20:00:00,0.0
2024-05-08T21:00:00,0.0
2024-05-08T22:00:00,0.0
2024-05-08T23:00:00,0.0
2024-05-09T00:00:00,0.0
2024-05-09T01:00:00,0.0
2024-05-09T02:00:00,0.0
2024-05-09T03:00:00,0.0
2024-05-09T04:00:00,0.0
2024-05-09T05:00:00,0.0
2024-05-09T06:00:00,52.88
2024-05-09T07:00:00,242.2
2024-05-09T08:00:00,462.88
2024-05-09T09:00:00,630.3
2024-05-09T10:00:00,741.15
2024-05-09T11:00:00,762.3
2024-05-09T12:00:00,736.97
2024-05-09T13:00:00,688.92
2024-05-09T14:00:00,512.05
2024-05-09T15:00:00,295.58
2024-05-09T16:00:00,112.12
2024-05-09T17:00:00,4.1
2024-05-09T18:00:00,0.0
2024-05-09T19:00:00,0.0
2024-05-09T20:00:00,0.0
2024-05-09T21:00:00,0.0
2024-05-09T22:00:00,0.0
2024-05-09T23:00:00,0.0
2024-05-10T00:00:00,0.0
2024-05-10T01:00:00,0.0
2024-05-10T02:00:00,0.0
2024-05-10T03:00:00,0.0
2024-05-10T04:00:00,0.0
2024-05-10T05:00:00,0.0
2024-05-10T06:00:00,46.12
2024-05-10T07:00:00,195.62
2024-05-10T08:00:00,388.73
2024-05-10T09:00:00,536.53
2024-05-10T10:00:00,563.67
2024-05-10T11:00:00,593.45
2024-05-10T12:00:00,648.92
2024-05-10T13:00:00,583.0
2024-05-10T14:00:00,418.25
2024-05-10T15:00:00,250.12
2024-05-10T16:00:00,88.43
2024-05-10T17:00:00,3.47
2024-05-10T18:00:00,0.0
2024-05-10T19:00:00,0.0
2024-05-10T20:00:00,0.0
2024-05-10T21:00:00,0.0
2024-05-10T22:00:00,0.0
2024-05-10T23:00:00,0.0
2024-05-11T00:00:00,0.0
2024-05-11T01:00:00,0.0
2024-05-11T02:00:00,0.0
2024-05-11T03:00:00,0.0
2024-05-11T04:00:00,0.0
2024-05-11T05:00:00,0.0
2024-05-11T06:00:00,36.03
2024-05-11T07:00:00,183.12
2024-05-11T08:00:00,365.77
2024-05-11T09:00:00,486.77
2024-05-11T10:00:00,533.6
2024-05-11T11:00:00,583.6
2024-05-11T12:00:00,556.85
2024-05-11T13:00:00,467.73
2024-05-11T14:00:00,337.7
2024-05-11T15:00:00,193.77
2024-05-11T16:00:00,59.4
2024-05-11T17:00:00,3.03
2024-05-11T18:00:00,0.0
2024-05-11T19:00:00,0.0
2024-05-11T20:00:00,0.0
2024-05-11T21:00:00,0.0
2024-05-11T22:00:00,0.0
2024-05-11T23:00:00,0.0
2024-05-12T00:00:00,0.0
2024-05-12T01:00:00,0.0
2024-05-12T02:00:00,0.0
2024-05-12T03:00:00,0.0
2024-05-12T04:00:00,0.0
2024-05-12T05:00:00,0.0
2024-05-12T06:00:00,28.0
2024-05-12T07:00:00,141.7
2024-05-12T08:00:00,292.05
2024-05-12T09:00:00,488.85
2024-05-12T10:00:00,586.7
2024-05-12T11:00:00,539.72
2024-05-12T12:00:00,604.85
2024-05-12T13:00:00,558.1
2024-05-12T14:00:00,374.88
2024-05-12T15:00:00,228.27
2024-05-12T16:00:00,84.93
2024-05-12T17:00:00,3.15
2024-05-12T18:00:00,0.0
2024-05-12T19:00:00,0.0
2024-05-12T20:00:00,0.0
2024-05-12T21:00:00,0.0
2024-05-12T22:00:00,0.0
2024-05-12T23:00:00,0.0
2024-05-13T00:00:00,0.0
2024-05-13T01:00:00,0.0
2024-05-13T02:00:00,0.0
2024-05-13T03:00:00,0.0
2024-05-13T04:00:00,0.0
2024-05-13T05:00:00,0.0
2024-05-13T06:00:00,47.08
2024-05-13T07:00:00,216.48
2024-05-13T08:00:00,426.42
2024-05-13T09:00:00,600.5
2024-05-13T10:00:00,709.55
2024-05-13T11:00:00,708.92
2024-05-13T12:00:00,680.72
2024-05-13T13:00:00,637.3
2024-05-13T14:00:00,447.9
2024-05-13T15:00:00,265.15
2024-05-13T16:00:00,94.15
2024-05-13T17:00:00,3.4
2024-05-13T18:00:00,0.0
2024-05-13T19:00:00,0.0
2024-05-13T20:00:00,0.0
2024-05-13T21:00:00,0.0
2024-05-13T22:00:00,0.0
2024-05-13T23:00:00,0.0
2024-05-14T00:00:00,0.0
2024-05-14T01:00:00,0.0
2024-05-14T02:00:00,0.0
2024-05-14T03:00:00,0.0
2024-05-14T04:00:00,0.0
2024-05-14T05:00:00,0.0
2024-05-14T06:00:00,32.42
2024-05-14T07:00:00,161.0
2024-05-14T08:00:00,342.08
2024-05-14T09:00:00,494.83
2024-05-14T10:00:00,618.15
2024-05-14T11:00:00,660.08
2024-05-14T12:00:00,658.42
2024-05-14T13:00:00,579.83
2024-05-14T14:00:00,424.48
2024-05-14T15:00:00,256.8
2024-05-14T16:00:00,90.22
2024-05-14T17:00:00,2.9
2024-05-14T18:00:00,0.0
2024-05-14T19:00:00,0.0
2024-05-14T20:00:00,0.0
2024-05-14T21:00:00,0.0
2024-05-14T22:00:00,0.0
2024-05-14T23:00:00,0.0
2024-05-15T00:00:00,0.0
2024-05-15T01:00:00,0.0
2024-05-15T02:00:00,0.0
2024-05-15T03:00:00,0.0
2024-05-15T04:00:00,0.0
2024-05-15T05:00:00,0.0
2024-05-15T06:00:00,27.88
2024-05-15T07:00:00,134.62
2024-05-15T08:00:00,275.88
2024-05-15T09:00:00,409.62
2024-05-15T10:00:00,524.55
2024-05-15T11:00:00,627.05
2024-05-15T12:00:00,548.45
2024-05-15T13:00:00,529.6
2024-05-15T14:00:00,417.15
2024-05-15T15:00:00,264.67
2024-05-15T16:00:00,113.0
2024-05-15T17:00:00,0.0
2024-05-15T18:00:00,0.0
2024-05-15T19:00:00,0.0
2024-05-15T20:00:00,0.0
2024-05-15T21:00:00,0.0
2024-05-15T22:00:00,0.0
2024-05-15T23:00:00,0.0
2024-05-16T00:00:00,0.0
2024-05-16T01:00:00,0.0
2024-05-16T02:00:00,0.0
2024-05-16T03:00:00,0.0
2024-05-16T04:00:00,0.0
2024-05-16T05:00:00,0.0
2024-05-16T06:00:00,41.53
2024-05-16T07:00:00,184.77
2024-05-16T08:00:00,350.38
2024-05-16T09:00:00,430.83
2024-05-16T10:00:00,603.6
2024-05-16T11:00:00,550.28
2024-05-16T12:00:00,603.0
2024-05-16T13:00:00,492.0
2024-05-16T14:00:00,403.83
2024-05-16T15:00:00,253.95
2024-05-16T16:00:00,93.78
2024-05-16T17:00:00,0.0
2024-05-16T18:00:00,0.0
2024-05-16T19:00:00,0.0
2024-05-16T20:00:00,0.0
2024-05-16T21:00:00,0.0
2024-05-16T22:00:00,0.0
2024-05-16T23:00:00,0.0
2024-05-17T00:00:00,0.0
2024-05-17T01:00:00,0.0
2024-05-17T02:00:00,0.0
2024-05-17T03:00:00,0.0
2024-05-17T04:00:00,0.0
2024-05-17T05:00:00,0.0
2024-05-17T06:00:00,28.2
2024-05-17T07:00:00,145.4
2024-05-17T08:00:00,267.17
2024-05-17T09:00:00,449.75
2024-05-17T10:00:00,526.9
2024-05-17T11:00:00,533.65
2024-05-17T12:00:00,441.1
2024-05-17T13:00:00,335.23
2024-05-17T14:00:00,251.8
2024-05-17T15:00:00,165.2
2024-05-17T16:00:00,66.78
2024-05-17T17:00:00,0.0
2024-05-17T18:00:00,0.0
2024-05-17T19:00:00,0.0
2024-05-17T20:00:00,0.0
2024-05-17T21:00:00,0.0
2024-05-17T22:00:00,0.0
2024-05-17T23:00:00,0.0
2024-05-18T00:00:00,0.0
2024-05-18T01:00:00,0.0
2024-05-18T02:00:00,0.0
2024-05-18T03:00:00,0.0
2024-05-18T04:00:00,0.0
2024-05-18T05:00:00,0.0
2024-05-18T06:00:00,23.48
2024-05-18T07:00:00,121.9
2024-05-18T08:00:00,231.32
2024-05-18T09:00:00,373.85
2024-05-18T10:00:00,451.38
2024-05-18T11:00:00,439.02
2024-05-18T12:00:00,376.65
2024-05-18T13:00:00,300.95
2024-05-18T14:00:00,182.23
2024-05-18T15:00:00,110.65
2024-05-18T16:00:00,45.95
2024-05-18T17:00:00,0.0
2024-05-18T18:00:00,0.0
2024-05-18T19:00:00,0.0
2024-05-18T20:00:00,0.0
2024-05-18T21:00:00,0.0
2024-05-18T22:00:00,0.0
2024-05-18T23:00:00,0.0
2024-05-19T00:00:00,0.0
2024-05-19T01:00:00,0.0
2024-05-19T02:00:00,0.0
2024-05-19T03:00:00,0.0
2024-05-19T04:00:00,0.0
2024-05-19T05:00:00,0.0
2024-05-19T06:00:00,28.83
2024-05-19T07:00:00,158.18
2024-05-19T08:00:00,321.23
2024-05-19T09:00:00,409.3
2024-05-19T10:00:00,596.72
2024-05-19T11:00:00,628.45
2024-05-19T12:00:00,593.65
2024-05-19T13:00:00,581.65
2024-05-19T14:00:00,423.12
2024-05-19T15:00:00,259.17
2024-05-19T16:00:00,97.3
2024-05-19T17:00:00,0.0
2024-05-19T18:00:00,0.0
2024-05-19T19:00:00,0.0
2024-05-19T20:00:00,0.0
2024-05-19T21:00:00,0.0
2024-05-19T22:00:00,0.0
2024-05-19T23:00:00,0.0
2024-05-20T00:00:00,0.0
2024-05-20T01:00:00,0.0
2024-05-20T02:00:00,0.0
2024-05-20T03:00:00,0.0
2024-05-20T04:00:00,0.0
2024-05-20T05:00:00,0.0
2024-05-20T06:00:00,16.5
2024-05-20T07:00:00,94.5
2024-05-20T08:00:00,223.98
2024-05-20T09:00:00,288.12
2024-05-20T10:00:00,381.75
2024-05-20T11:00:00,500.12
2024-05-20T12:00:00,527.97
2024-05-20T13:00:00,434.88
2024-05-20T14:00:00,303.65
2024-05-20T15:00:00,172.82
2024-05-20T16:00:00,57.28
2024-05-20T17:00:00,0.0
2024-05-20T18:00:00,0.0
2024-05-20T19:00:00,0.0
2024-05-20T20:00:00,0.0
2024-05-20T21:00:00,0.0
2024-05-20T22:00:00,0.0
2024-05-20T23:00:00,0.0
2024-05-21T00:00:00,0.0
2024-05-21T01:00:00,0.0
2024-05-21T02:00:00,0.0
2024-05-21T03:00:00,0.0
2024-05-21T04:00:00,0.0
2024-05-21T05:00:00,0.0
2024-05-21T06:00:00,22.48
2024-05-21T07:00:00,114.88
2024-05-21T08:00:00,214.2
2024-05-21T09:00:00,344.65
2024-05-21T10:00:00,422.85
2024-05-21T11:00:00,434.92
2024-05-21T12:00:00,384.58
2024-05-21T13:00:00,265.7
2024-05-21T14:00:00,167.75
2024-05-21T15:00:00,112.2
2024-05-21T16:00:00,37.28
2024-05-21T17:00:00,0.0
2024-05-21T18:00:00,0.0
2024-05-21T19:00:00,0.0
2024-05-21T20:00:00,0.0
2024-05-21T21:00:00,0.0
2024-05-21T22:00:00,0.0
2024-05-21T23:00:00,0.0
2024-05-22T00:00:00,0.0
2024-05-22T01:00:00,0.0
2024-05-22T02:00:00,0.0
2024-05-22T03:00:00,0.0
2024-05-22T04:00:00,0.0
2024-05-22T05:00:00,0.0
2024-05-22T06:00:00,8.98
2024-05-22T07:00:00,65.1
2024-05-22T08:00:00,163.0
2024-05-22T09:00:00,272.45
2024-05-22T10:00:00,371.33
2024-05-22T11:00:00,537.8
2024-05-22T12:00:00,577.85
2024-05-22T13:00:00,386.15
2024-05-22T14:00:00,242.32
2024-05-22T15:00:00,130.02
2024-05-22T16:00:00,54.2
2024-05-22T17:00:00,0.0
2024-05-22T18:00:00,0.0
2024-05-22T19:00:00,0.0
2024-05-22T20:00:00,0.0
2024-05-22T21:00:00,0.0
2024-05-22T22:00:00,0.0
2024-05-22T23:00:00,0.0
2024-05-23T00:00:00,0.0
2024-05-23T01:00:00,0.0
2024-05-23T02:00:00,0.0
2024-05-23T03:00:00,0.0
2024-05-23T04:00:00,0.0
2024-05-23T05:00:00,0.0
2024-05-23T06:00:00,15.8
2024-05-23T07:00:00,104.03
2024-05-23T08:00:00,201.32
2024-05-23T09:00:00,328.15
2024-05-23T10:00:00,355.55
2024-05-23T11:00:00,299.65
2024-05-23T12:00:00,241.57
2024-05-23T13:00:00,172.57
2024-05-23T14:00:00,164.55
2024-05-23T15:00:00,87.8
2024-05-23T16:00:00,21.73
2024-05-23T17:00:00,0.0
2024-05-23T18:00:00,0.0
2024-05-23T19:00:00,0.0
2024-05-23T20:00:00,0.0
2024-05-23T21:00:00,0.0
2024-05-23T22:00:00,0.0
2024-05-23T23:00:00,0.0
2024-05-24T00:00:00,0.0
2024-05-24T01:00:00,0.0
2024-05-24T02:00:00,0.0
2024-05-24T03:00:00,0.0
2024-05-24T04:00:00,0.0
2024-05-24T05:00:00,0.0
2024-05-24T06:00:00,15.48
2024-05-24T07:00:00,99.0
2024-05-24T08:00:00,205.62
2024-05-24T09:00:00,334.85
2024-05-24T10:00:00,437.55
2024-05-24T11:00:00,399.95
2024-05-24T12:00:00,318.45
2024-05-24T13:00:00,232.4
2024-05-24T14:00:00,183.88
2024-05-24T15:00:00,109.97
2024-05-24T16:00:00,46.0
2024-05-24T17:00:00,0.0
2024-05-24T18:00:00,0.0
2024-05-24T19:00:00,0.0
2024-05-24T20:00:00,0.0
2024-05-24T21:00:00,0.0
2024-05-24T22:00:00,0.0
2024-05-24T23:00:00,0.0
2024-05-25T00:00:00,0.0
2024-05-25T01:00:00,0.0
2024-05-25T02:00:00,0.0
2024-05-25T03:00:00,0.0
2024-05-25T04:00:00,0.0
2024-05-25T05:00:00,0.0
2024-05-25T06:00:00,25.75
2024-05-25T07:00:00,141.55
2024-05-25T08:00:00,263.25
2024-05-25T09:00:00,376.77
2024-05-25T10:00:00,424.83
2024-05-25T11:00:00,422.2
2024-05-25T12:00:00,388.02
2024-05-25T13:00:00,320.98
2024-05-25T14:00:00,280.02
2024-05-25T15:00:00,163.5
2024-05-25T16:00:00,61.45
2024-05-25T17:00:00,0.0
2024-05-25T18:00:00,0.0
2024-05-25T19:00:00,0.0
2024-05-25T20:00:00,0.0
2024-05-25T21:00:00,0.0
2024-05-25T22:00:00,0.0
2024-05-25T23:00:00,0.0
2024-05-26T00:00:00,0.0
2024-05-26T01:00:00,0.0
2024-05-26T02:00:00,0.0
2024-05-26T03:00:00,0.0
2024-05-26T04:00:00,0.0
2024-05-26T05:00:00,0.0
2024-05-26T06:00:00,18.15
2024-05-26T07:00:00,109.97
2024-05-26T08:00:00,213.9
2024-05-26T09:00:00,328.8
2024-05-26T10:00:00,388.92
2024-05-26T11:00:00,485.3
2024-05-26T12:00:00,443.85
2024-05-26T13:00:00,307.3
2024-05-26T14:00:00,169.43
2024-05-26T15:00:00,102.22
2024-05-26T16:00:00,38.05
2024-05-26T17:00:00,0.0
2024-05-26T18:00:00,0.0
2024-05-26T19:00:00,0.0
2024-05-26T20:00:00,0.0
2024-05-26T21:00:00,0.0
2024-05-26T22:00:00,0.0
2024-05-26T23:00:00,0.0
2024-05-27T00:00:00,0.0
2024-05-27T01:00:00,0.0
2024-05-27T02:00:00,0.0
2024-05-27T03:00:00,0.0
2024-05-27T04:00:00,0.0
2024-05-27T05:00:00,0.0
2024-05-27T06:00:00,18.8
2024-05-27T07:00:00,131.25
2024-05-27T08:00:00,267.83
2024-05-27T09:00:00,421.58
2024-05-27T10:00:00,528.92
2024-05-27T11:00:00,615.85
2024-05-27T12:00:00,639.4
2024-05-27T13:00:00,473.77
2024-05-27T14:00:00,270.77
2024-05-27T15:00:00,153.3
2024-05-27T16:00:00,47.62
2024-05-27T17:00:00,0.0
2024-05-27T18:00:00,0.0
2024-05-27T19:00:00,0.0
2024-05-27T20:00:00,0.0
2024-05-27T21:00:00,0.0
2024-05-27T22:00:00,0.0
2024-05-27T23:00:00,0.0
2024-05-28T00:00:00,0.0
2024-05-28T01:00:00,0.0
2024-05-28T02:00:00,0.0
2024-05-28T03:00:00,0.0
2024-05-28T04:00:00,0.0
2024-05-28T05:00:00,0.0
2024-05-28T06:00:00,28.0
2024-05-28T07:00:00,171.65
2024-05-28T08:00:00,322.52
2024-05-28T09:00:00,465.45
2024-05-28T10:00:00,585.42
2024-05-28T11:00:00,685.72
2024-05-28T12:00:00,675.4
2024-05-28T13:00:00,541.15
2024-05-28T14:00:00,396.2
2024-05-28T15:00:00,223.98
2024-05-28T16:00:00,79.07
2024-05-28T17:00:00,0.0
2024-05-28T18:00:00,0.0
2024-05-28T19:00:00,0.0
2024-05-28T20:00:00,0.0
2024-05-28T21:00:00,0.0
2024-05-28T22:00:00,0.0
2024-05-28T23:00:00,0.0
2024-05-29T00:00:00,0.0
2024-05-29T01:00:00,0.0
2024-05-29T02:00:00,0.0
2024-05-29T03:00:00,0.0
2024-05-29T04:00:00,0.0
2024-05-29T05:00:00,0.0
2024-05-29T06:00:00,19.9
2024-05-29T07:00:00,118.55
2024-05-29T08:00:00,245.95
2024-05-29T09:00:00,368.83
2024-05-29T10:00:00,521.47
2024-05-29T11:00:00,647.45
2024-05-29T12:00:00,616.4
2024-05-29T13:00:00,452.48
2024-05-29T14:00:00,331.3
2024-05-29T15:00:00,212.6
2024-05-29T16:00:00,87.3
2024-05-29T17:00:00,0.0
2024-05-29T18:00:00,0.0
2024-05-29T19:00:00,0.0
2024-05-29T20:00:00,0.0
2024-05-29T21:00:00,0.0
2024-05-29T22:00:00,0.0
2024-05-29T23:00:00,0.0
2024-05-30T00:00:00,0.0
2024-05-30T01:00:00,0.0
2024-05-30T02:00:00,0.0
2024-05-30T03:00:00,0.0
2024-05-30T04:00:00,0.0
2024-05-30T05:00:00,0.0
2024-05-30T06:00:00,25.92
2024-05-30T07:00:00,152.98
2024-05-30T08:00:00,297.45
2024-05-30T09:00:00,420.62
2024-05-30T10:00:00,544.03
2024-05-30T11:00:00,663.45
2024-05-30T12:00:00,669.2
2024-05-30T13:00:00,605.15
2024-05-30T14:00:00,414.15
2024-05-30T15:00:00,247.8
2024-05-30T16:00:00,86.97
2024-05-30T17:00:00,0.0
2024-05-30T18:00:00,0.0
2024-05-30T19:00:00,0.0
2024-05-30T20:00:00,0.0
2024-05-30T21:00:00,0.0
2024-05-30T22:00:00,0.0
2024-05-30T23:00:00,0.0
2024-05-31T00:00:00,0.0
2024-05-31T01:00:00,0.0
2024-05-31T02:00:00,0.0
2024-05-31T03:00:00,0.0
2024-05-31T04:00:00,0.0
2024-05-31T05:00:00,0.0
2024-05-31T06:00:00,22.23
2024-05-31T07:00:00,133.43
2024-05-31T08:00:00,246.7
2024-05-31T09:00:00,412.3
2024-05-31T10:00:00,520.58
2024-05-31T11:00:00,544.5
2024-05-31T12:00:00,509.17
2024-05-31T13:00:00,447.02
2024-05-31T14:00:00,311.35
2024-05-31T15:00:00,186.25
2024-05-31T16:00:00,71.45
2024-05-31T17:00:00,0.0
2024-05-31T18:00:00,0.0
2024-05-31T19:00:00,0.0
2024-05-31T20:00:00,0.0
2024-05-31T21:00:00,0.0
2024-05-31T22:00:00,0.0
2024-05-31T23:00:00,0.0
2024-06-01T00:00:00,0.0
2024-06-01T01:00:00,0.0
2024-06-01T02:00:00,0.0
2024-06-01T03:00:00,0.0
2024-06-01T04:00:00,0.0
2024-06-01T05:00:00,0.0
2024-06-01T06:00:00,26.35
2024-06-01T07:00:00,139.25
2024-06-01T08:00:00,270.9
2024-06-01T09:00:00,413.35
2024-06-01T10:00:00,513.97
2024-06-01T11:00:00,588.03
2024-06-01T12:00:00,584.88
2024-06-01T13:00:00,513.0
2024-06-01T14:00:00,372.52
2024-06-01T15:00:00,227.65
2024-06-01T16:00:00,80.22
2024-06-01T17:00:00,0.0
2024-06-01T18:00:00,0.0
2024-06-01T19:00:00,0.0
2024-06-01T20:00:00,0.0
2024-06-01T21:00:00,0.0
2024-06-01T22:00:00,0.0
2024-06-01T23:00:00,0.0
2024-06-02T00:00:00,0.0
2024-06-02T01:00:00,0.0
2024-06-02T02:00:00,0.0
2024-06-02T03:00:00,0.0
2024-06-02T04:00:00,0.0
2024-06-02T05:00:00,0.0
2024-06-02T06:00:00,16.1
2024-06-02T07:00:00,117.0
2024-06-02T08:00:00,244.55
2024-06-02T09:00:00,365.0
2024-06-02T10:00:00,422.25
2024-06-02T11:00:00,388.45
2024-06-02T12:00:00,346.45
2024-06-02T13:00:00,291.98
2024-06-02T14:00:00,232.88
2024-06-02T15:00:00,133.93
2024-06-02T16:00:00,43.38
2024-06-02T17:00:00,0.0
2024-06-02T18:00:00,0.0
2024-06-02T19:00:00,0.0
2024-06-02T20:00:00,0.0
2024-06-02T21:00:00,0.0
2024-06-02T22:00:00,0.0
2024-06-02T23:00:00,0.0
2024-06-03T00:00:00,0.0
2024-06-03T01:00:00,0.0
2024-06-03T02:00:00,0.0
2024-06-03T03:00:00,0.0
2024-06-03T04:00:00,0.0
2024-06-03T05:00:00,0.0
2024-06-03T06:00:00,6.57
2024-06-03T07:00:00,56.85
2024-06-03T08:00:00,129.68
2024-06-03T09:00:00,242.95
2024-06-03T10:00:00,335.65
2024-06-03T11:00:00,405.67
2024-06-03T12:00:00,441.58
2024-06-03T13:00:00,310.55
2024-06-03T14:00:00,250.5
2024-06-03T15:00:00,145.25
2024-06-03T16:00:00,59.7
2024-06-03T17:00:00,0.0
2024-06-03T18:00:00,0.0
2024-06-03T19:00:00,0.0
2024-06-03T20:00:00,0.0
2024-06-03T21:00:00,0.0
2024-06-03T22:00:00,0.0
2024-06-03T23:00:00,0.0
2024-06-04T00:00:00,0.0
2024-06-04T01:00:00,0.0
2024-06-04T02:00:00,0.0
2024-06-04T03:00:00,0.0
2024-06-04T04:00:00,0.0
2024-06-04T05:00:00,0.0
2024-06-04T06:00:00,22.42
2024-06-04T07:00:00,163.27
2024-06-04T08:00:00,338.95
2024-06-04T09:00:00,527.38
2024-06-04T10:00:00,652.1
2024-06-04T11:00:00,651.97
2024-06-04T12:00:00,629.72
2024-06-04T13:00:00,551.2
2024-06-04T14:00:00,383.35
2024-06-04T15:00:00,235.57
2024-06-04T16:00:00,90.05
2024-06-04T17:00:00,0.0
2024-06-04T18:00:00,0.0
2024-06-04T19:00:00,0.0
2024-06-04T20:00:00,0.0
2024-06-04T21:00:00,0.0
2024-06-04T22:00:00,0.0
2024-06-04T23:00:00,0.0
2024-06-05T00:00:00,0.0
2024-06-05T01:00:00,0.0
2024-06-05T02:00:00,0.0
2024-06-05T03:00:00,0.0
2024-06-05T04:00:00,0.0
2024-06-05T05:00:00,0.0
2024-06-05T06:00:00,29.8
2024-06-05T07:00:00,199.62
2024-06-05T08:00:00,391.05
2024-06-05T09:00:00,553.97
2024-06-05T10:00:00,670.53
2024-06-05T11:00:00,722.47
2024-06-05T12:00:00,679.12
2024-06-05T13:00:00,623.85
2024-06-05T14:00:00,481.15
2024-06-05T15:00:00,300.08
2024-06-05T16:00:00,112.53
2024-06-05T17:00:00,0.0
2024-06-05T18:00:00,0.0
2024-06-05T19:00:00,0.0
2024-06-05T20:00:00,0.0
2024-06-05T21:00:00,0.0
2024-06-05T22:00:00,0.0
2024-06-05T23:00:00,0.0
2024-06-06T00:00:00,0.0
2024-06-06T01:00:00,0.0
2024-06-06T02:00:00,0.0
2024-06-06T03:00:00,0.0
2024-06-06T04:00:00,0.0
2024-06-06T05:00:00,0.0
2024-06-06T06:00:00,29.8
2024-06-06T07:00:00,195.3
2024-06-06T08:00:00,387.75
2024-06-06T09:00:00,551.9
2024-06-06T10:00:00,660.83
2024-06-06T11:00:00,707.25
2024-06-06T12:00:00,699.38
2024-06-06T13:00:00,606.6
2024-06-06T14:00:00,456.1
2024-06-06T15:00:00,284.85
2024-06-06T16:00:00,107.18
2024-06-06T17:00:00,0.0
2024-06-06T18:00:00,0.0
2024-06-06T19:00:00,0.0
2024-06-06T20:00:00,0.0
2024-06-06T21:00:00,0.0
2024-06-06T22:00:00,0.0
2024-06-06T23:00:00,0.0
2024-06-07T00:00:00,0.0
2024-06-07T01:00:00,0.0
2024-06-07T02:00:00,0.0
2024-06-07T03:00:00,0.0
2024-06-07T04:00:00,0.0
2024-06-07T05:00:00,0.0
2024-06-07T06:00:00,27.33
2024-06-07T07:00:00,160.77
2024-06-07T08:00:00,301.23
2024-06-07T09:00:00,462.27
2024-06-07T10:00:00,508.3
2024-06-07T11:00:00,547.47
2024-06-07T12:00:00,589.7
2024-06-07T13:00:00,619.45
2024-06-07T14:00:00,478.35
2024-06-07T15:00:00,295.0
2024-06-07T16:00:00,109.57
2024-06-07T17:00:00,0.0
2024-06-07T18:00:00,0.0
2024-06-07T19:00:00,0.0
2024-06-07T20:00:00,0.0
2024-06-07T21:00:00,0.0
2024-06-07T22:00:00,0.0
2024-06-07T23:00:00,0.0
2024-06-08T00:00:00,0.0
2024-06-08T01:00:00,0.0
2024-06-08T02:00:00,0.0
2024-06-08T03:00:00,0.0
2024-06-08T04:00:00,0.0
2024-06-08T05:00:00,0.0
2024-06-08T06:00:00,20.75
2024-06-08T07:00:00,136.73
2024-06-08T08:00:00,313.8
2024-06-08T09:00:00,461.3
2024-06-08T10:00:00,636.55
2024-06-08T11:00:00,686.42
2024-06-08T12:00:00,657.58
2024-06-08T13:00:00,559.25
2024-06-08T14:00:00,440.02
2024-06-08T15:00:00,257.95
2024-06-08T16:00:00,86.85
2024-06-08T17:00:00,0.0
2024-06-08T18:00:00,0.0
2024-06-08T19:00:00,0.0
2024-06-08T20:00:00,0.0
2024-06-08T21:00:00,0.0
2024-06-08T22:00:00,0.0
2024-06-08T23:00:00,0.0
2024-06-09T00:00:00,0.0
2024-06-09T01:00:00,0.0
2024-06-09T02:00:00,0.0
2024-06-09T03:00:00,0.0
2024-06-09T04:00:00,0.0
2024-06-09T05:00:00,0.0
2024-06-09T06:00:00,23.95
2024-06-09T07:00:00,172.82
2024-06-09T08:00:00,355.9
2024-06-09T09:00:00,516.33
2024-06-09T10:00:00,582.75
2024-06-09T11:00:00,535.28
2024-06-09T12:00:00,637.83
2024-06-09T13:00:00,555.22
2024-06-09T14:00:00,434.75
2024-06-09T15:00:00,257.1
2024-06-09T16:00:00,81.5
2024-06-09T17:00:00,0.0
2024-06-09T18:00:00,0.0
2024-06-09T19:00:00,0.0
2024-06-09T20:00:00,0.0
2024-06-09T21:00:00,0.0
2024-06-09T22:00:00,0.0
2024-06-09T23:00:00,0.0
2024-06-10T00:00:00,0.0
2024-06-10T01:00:00,0.0
2024-06-10T02:00:00,0.0
2024-06-10T03:00:00,0.0
2024-06-10T04:00:00,0.0
2024-06-10T05:00:00,0.0
2024-06-10T06:00:00,25.33
2024-06-10T07:00:00,170.18
2024-06-10T08:00:00,339.08
2024-06-10T09:00:00,509.95
2024-06-10T10:00:00,635.0
2024-06-10T11:00:00,694.45
2024-06-10T12:00:00,689.92
2024-06-10T13:00:00,574.47
2024-06-10T14:00:00,429.8
2024-06-10T15:00:00,240.57
2024-06-10T16:00:00,87.7
2024-06-10T17:00:00,0.0
2024-06-10T18:00:00,0.0
2024-06-10T19:00:00,0.0
2024-06-10T20:00:00,0.0
2024-06-10T21:00:00,0.0
2024-06-10T22:00:00,0.0
2024-06-10T23:00:00,0.0
2024-06-11T00:00:00,0.0
2024-06-11T01:00:00,0.0
2024-06-11T02:00:00,0.0
2024-06-11T03:00:00,0.0
2024-06-11T04:00:00,0.0
2024-06-11T05:00:00,0.0
2024-06-11T06:00:00,10.5
2024-06-11T07:00:00,76.82
2024-06-11T08:00:00,185.25
2024-06-11T09:00:00,287.48
2024-06-11T10:00:00,374.58
2024-06-11T11:00:00,374.08
2024-06-11T12:00:00,464.9
2024-06-11T13:00:00,360.65
2024-06-11T14:00:00,276.52
2024-06-11T15:00:00,169.45
2024-06-11T16:00:00,68.43
2024-06-11T17:00:00,0.0
2024-06-11T18:00:00,0.0
2024-06-11T19:00:00,0.0
2024-06-11T20:00:00,0.0
2024-06-11T21:00:00,0.0
2024-06-11T22:00:00,0.0
2024-06-11T23:00:00,0.0
2024-06-12T00:00:00,0.0
2024-06-12T01:00:00,0.0
2024-06-12T02:00:00,0.0
2024-06-12T03:00:00,0.0
2024-06-12T04:00:00,0.0
2024-06-12T05:00:00,0.0
2024-06-12T06:00:00,25.02
2024-06-12T07:00:00,179.98
2024-06-12T08:00:00,357.48
2024-06-12T09:00:00,514.22
2024-06-12T10:00:00,597.5
2024-06-12T11:00:00,610.9
2024-06-12T12:00:00,541.6
2024-06-12T13:00:00,322.17
2024-06-12T14:00:00,207.85
2024-06-12T15:00:00,131.0
2024-06-12T16:00:00,55.0
2024-06-12T17:00:00,0.0
2024-06-12T18:00:00,0.0
2024-06-12T19:00:00,0.0
2024-06-12T20:00:00,0.0
2024-06-12T21:00:00,0.0
2024-06-12T22:00:00,0.0
2024-06-12T23:00:00,0.0
2024-06-13T00:00:00,0.0
2024-06-13T01:00:00,0.0
2024-06-13T02:00:00,0.0
2024-06-13T03:00:00,0.0
2024-06-13T04:00:00,0.0
2024-06-13T05:00:00,0.0
2024-06-13T06:00:00,24.27
2024-06-13T07:00:00,149.6
2024-06-13T08:00:00,298.95
2024-06-13T09:00:00,441.02
2024-06-13T10:00:00,609.1
2024-06-13T11:00:00,669.58
2024-06-13T12:00:00,677.12
2024-06-13T13:00:00,548.12
2024-06-13T14:00:00,378.62
2024-06-13T15:00:00,231.65
2024-06-13T16:00:00,84.75
2024-06-13T17:00:00,0.0
2024-06-13T18:00:00,0.0
2024-06-13T19:00:00,0.0
2024-06-13T20:00:00,0.0
2024-06-13T21:00:00,0.0
2024-06-13T22:00:00,0.0
2024-06-13T23:00:00,0.0
2024-06-14T00:00:00,0.0
2024-06-14T01:00:00,0.0
2024-06-14T02:00:00,0.0
2024-06-14T03:00:00,0.0
2024-06-14T04:00:00,0.0
2024-06-14T05:00:00,0.0
2024-06-14T06:00:00,28.98
2024-06-14T07:00:00,204.4
2024-06-14T08:00:00,402.12
2024-06-14T09:00:00,570.5
2024-06-14T10:00:00,690.0
2024-06-14T11:00:00,738.62
2024-06-14T12:00:00,717.5
2024-06-14T13:00:00,636.92
2024-06-14T14:00:00,505.2
2024-06-14T15:00:00,315.55
2024-06-14T16:00:00,118.57
2024-06-14T17:00:00,0.0
2024-06-14T18:00:00,0.0
2024-06-14T19:00:00,0.0
2024-06-14T20:00:00,0.0
2024-06-14T21:00:00,0.0
2024-06-14T22:00:00,0.0
2024-06-14T23:00:00,0.0
2024-06-15T00:00:00,0.0
2024-06-15T01:00:00,0.0
2024-06-15T02:00:00,0.0
2024-06-15T03:00:00,0.0
2024-06-15T04:00:00,0.0
2024-06-15T05:00:00,0.0
2024-06-15T06:00:00,18.98
2024-06-15T07:00:00,160.3
2024-06-15T08:00:00,340.15
2024-06-15T09:00:00,501.27
2024-06-15T10:00:00,603.12
2024-06-15T11:00:00,639.3
2024-06-15T12:00:00,636.0
2024-06-15T13:00:00,539.05
2024-06-15T14:00:00,401.48
2024-06-15T15:00:00,240.05
2024-06-15T16:00:00,93.5
2024-06-15T17:00:00,0.0
2024-06-15T18:00:00,0.0
2024-06-15T19:00:00,0.0
2024-06-15T20:00:00,0.0
2024-06-15T21:00:00,0.0
2024-06-15T22:00:00,0.0
2024-06-15T23:00:00,0.0
2024-06-16T00:00:00,0.0
2024-06-16T01:00:00,0.0
2024-06-16T02:00:00,0.0
2024-06-16T03:00:00,0.0
2024-06-16T04:00:00,0.0
2024-06-16T05:00:00,0.0
2024-06-16T06:00:00,17.52
2024-06-16T07:00:00,112.45
2024-06-16T08:00:00,242.52
2024-06-16T09:00:00,378.3
2024-06-16T10:00:00,483.77
2024-06-16T11:00:00,479.42
2024-06-16T12:00:00,488.9
2024-06-16T13:00:00,556.38
2024-06-16T14:00:00,424.12
2024-06-16T15:00:00,247.75
2024-06-16T16:00:00,96.2
2024-06-16T17:00:00,0.0
2024-06-16T18:00:00,0.0
2024-06-16T19:00:00,0.0
2024-06-16T20:00:00,0.0
2024-06-16T21:00:00,0.0
2024-06-16T22:00:00,0.0
2024-06-16T23:00:00,0.0
2024-06-17T00:00:00,0.0
2024-06-17T01:00:00,0.0
2024-06-17T02:00:00,0.0
2024-06-17T03:00:00,0.0
2024-06-17T04:00:00,0.0
2024-06-17T05:00:00,0.0
2024-06-17T06:00:00,16.2
2024-06-17T07:00:00,119.4
2024-06-17T08:00:00,225.15
2024-06-17T09:00:00,372.9
2024-06-17T10:00:00,581.33
2024-06-17T11:00:00,636.75
2024-06-17T12:00:00,621.83
2024-06-17T13:00:00,492.65
2024-06-17T14:00:00,364.25
2024-06-17T15:00:00,198.38
2024-06-17T16:00:00,73.7
2024-06-17T17:00:00,0.0
2024-06-17T18:00:00,0.0
2024-06-17T19:00:00,0.0
2024-06-17T20:00:00,0.0
2024-06-17T21:00:00,0.0
2024-06-17T22:00:00,0.0
2024-06-17T23:00:00,0.0
2024-06-18T00:00:00,0.0
2024-06-18T01:00:00,0.0
2024-06-18T02:00:00,0.0
2024-06-18T03:00:00,0.0
2024-06-18T04:00:00,0.0
2024-06-18T05:00:00,0.0
2024-06-18T06:00:00,15.98
2024-06-18T07:00:00,99.95
2024-06-18T08:00:00,192.35
2024-06-18T09:00:00,256.75
2024-06-18T10:00:00,409.9
2024-06-18T11:00:00,434.75
2024-06-18T12:00:00,439.52
2024-06-18T13:00:00,463.23
2024-06-18T14:00:00,374.98
2024-06-18T15:00:00,225.07
2024-06-18T16:00:00,82.95
2024-06-18T17:00:00,0.0
2024-06-18T18:00:00,0.0
2024-06-18T19:00:00,0.0
2024-06-18T20:00:00,0.0
2024-06-18T21:00:00,0.0
2024-06-18T22:00:00,0.0
2024-06-18T23:00:00,0.0
2024-06-19T00:00:00,0.0
2024-06-19T01:00:00,0.0
2024-06-19T02:00:00,0.0
2024-06-19T03:00:00,0.0
2024-06-19T04:00:00,0.0
2024-06-19T05:00:00,0.0
2024-06-19T06:00:00,13.38
2024-06-19T07:00:00,110.82
2024-06-19T08:00:00,224.5
2024-06-19T09:00:00,386.73
2024-06-19T10:00:00,484.08
2024-06-19T11:00:00,505.92
2024-06-19T12:00:00,530.12
2024-06-19T13:00:00,444.42
2024-06-19T14:00:00,290.1
2024-06-19T15:00:00,180.9
2024-06-19T16:00:00,63.45
2024-06-19T17:00:00,0.0
2024-06-19T18:00:00,0.0
2024-06-19T19:00:00,0.0
2024-06-19T20:00:00,0.0
2024-06-19T21:00:00,0.0
2024-06-19T22:00:00,0.0
2024-06-19T23:00:00,0.0
2024-06-20T00:00:00,0.0
2024-06-20T01:00:00,0.0
2024-06-20T02:00:00,0.0
2024-06-20T03:00:00,0.0
2024-06-20T04:00:00,0.0
2024-06-20T05:00:00,0.0
2024-06-20T06:00:00,11.85
2024-06-20T07:00:00,80.07
2024-06-20T08:00:00,158.02
2024-06-20T09:00:00,229.23
2024-06-20T10:00:00,332.33
2024-06-20T11:00:00,349.52
2024-06-20T12:00:00,371.42
2024-06-20T13:00:00,320.62
2024-06-20T14:00:00,261.27
2024-06-20T15:00:00,162.55
2024-06-20T16:00:00,68.82
2024-06-20T17:00:00,0.0
2024-06-20T18:00:00,0.0
2024-06-20T19:00:00,0.0
2024-06-20T20:00:00,0.0
2024-06-20T21:00:00,0.0
2024-06-20T22:00:00,0.0
2024-06-20T23:00:00,0.0
2024-06-21T00:00:00,0.0
2024-06-21T01:00:00,0.0
2024-06-21T02:00:00,0.0
2024-06-21T03:00:00,0.0
2024-06-21T04:00:00,0.0
2024-06-21T05:00:00,0.0
2024-06-21T06:00:00,14.15
2024-06-21T07:00:00,96.88
2024-06-21T08:00:00,197.35
2024-06-21T09:00:00,285.08
2024-06-21T10:00:00,407.73
2024-06-21T11:00:00,456.95
2024-06-21T12:00:00,446.38
2024-06-21T13:00:00,338.7
2024-06-21T14:00:00,276.35
2024-06-21T15:00:00,167.18
2024-06-21T16:00:00,63.0
2024-06-21T17:00:00,0.0
2024-06-21T18:00:00,0.0
2024-06-21T19:00:00,0.0
2024-06-21T20:00:00,0.0
2024-06-21T21:00:00,0.0
2024-06-21T22:00:00,0.0
2024-06-21T23:00:00,0.0
2024-06-22T00:00:00,0.0
2024-06-22T01:00:00,0.0
2024-06-22T02:00:00,0.0
2024-06-22T03:00:00,0.0
2024-06-22T04:00:00,0.0
2024-06-22T05:00:00,0.0
2024-06-22T06:00:00,18.17
2024-06-22T07:00:00,132.75
2024-06-22T08:00:00,289.05
2024-06-22T09:00:00,452.5
2024-06-22T10:00:00,484.2
2024-06-22T11:00:00,517.1
2024-06-22T12:00:00,615.2
2024-06-22T13:00:00,586.42
2024-06-22T14:00:00,355.9
2024-06-22T15:00:00,239.88
2024-06-22T16:00:00,92.43
2024-06-22T17:00:00,0.0
2024-06-22T18:00:00,0.0
2024-06-22T19:00:00,0.0
2024-06-22T20:00:00,0.0
2024-06-22T21:00:00,0.0
2024-06-22T22:00:00,0.0
2024-06-22T23:00:00,0.0
2024-06-23T00:00:00,0.0
2024-06-23T01:00:00,0.0
2024-06-23T02:00:00,0.0
2024-06-23T03:00:00,0.0
2024-06-23T04:00:00,0.0
2024-06-23T05:00:00,0.0
2024-06-23T06:00:00,17.52
2024-06-23T07:00:00,141.93
2024-06-23T08:00:00,296.2
2024-06-23T09:00:00,458.73
2024-06-23T10:00:00,617.67
2024-06-23T11:00:00,675.38
2024-06-23T12:00:00,640.0
2024-06-23T13:00:00,497.23
2024-06-23T14:00:00,366.48
2024-06-23T15:00:00,215.8
2024-06-23T16:00:00,74.3
2024-06-23T17:00:00,0.0
2024-06-23T18:00:00,0.0
2024-06-23T19:00:00,0.0
2024-06-23T20:00:00,0.0
2024-06-23T21:00:00,0.0
2024-06-23T22:00:00,0.0
2024-06-23T23:00:00,0.0
2024-06-24T00:00:00,0.0
2024-06-24T01:00:00,0.0
2024-06-24T02:00:00,0.0
2024-06-24T03:00:00,0.0
2024-06-24T04:00:00,0.0
2024-06-24T05:00:00,0.0
2024-06-24T06:00:00,12.23
2024-06-24T07:00:00,108.47
2024-06-24T08:00:00,216.65
2024-06-24T09:00:00,324.75
2024-06-24T10:00:00,393.0
2024-06-24T11:00:00,408.6
2024-06-24T12:00:00,349.9
2024-06-24T13:00:00,222.25
2024-06-24T14:00:00,220.85
2024-06-24T15:00:00,133.3
2024-06-24T16:00:00,47.65
2024-06-24T17:00:00,0.0
2024-06-24T18:00:00,0.0
2024-06-24T19:00:00,0.0
2024-06-24T20:00:00,0.0
2024-06-24T21:00:00,0.0
2024-06-24T22:00:00,0.0
2024-06-24T23:00:00,0.0
2024-06-25T00:00:00,0.0
2024-06-25T01:00:00,0.0
2024-06-25T02:00:00,0.0
2024-06-25T03:00:00,0.0
2024-06-25T04:00:00,0.0
2024-06-25T05:00:00,0.0
2024-06-25T06:00:00,14.07
2024-06-25T07:00:00,107.5
2024-06-25T08:00:00,231.68
2024-06-25T09:00:00,339.15
2024-06-25T10:00:00,457.3
2024-06-25T11:00:00,452.2
2024-06-25T12:00:00,530.25
2024-06-25T13:00:00,488.3
2024-06-25T14:00:00,376.58
2024-06-25T15:00:00,234.68
2024-06-25T16:00:00,95.47
2024-06-25T17:00:00,0.0
2024-06-25T18:00:00,0.0
2024-06-25T19:00:00,0.0
2024-06-25T20:00:00,0.0
2024-06-25T21:00:00,0.0
2024-06-25T22:00:00,0.0
2024-06-25T23:00:00,0.0
2024-06-26T00:00:00,0.0
2024-06-26T01:00:00,0.0
2024-06-26T02:00:00,0.0
2024-06-26T03:00:00,0.0
2024-06-26T04:00:00,0.0
2024-06-26T05:00:00,0.0
2024-06-26T06:00:00,20.17
2024-06-26T07:00:00,157.45
2024-06-26T08:00:00,325.15
2024-06-26T09:00:00,476.4
2024-06-26T10:00:00,592.15
2024-06-26T11:00:00,635.78
2024-06-26T12:00:00,614.85
2024-06-26T13:00:00,532.42
2024-06-26T14:00:00,390.25
2024-06-26T15:00:00,213.52
2024-06-26T16:00:00,83.18
2024-06-26T17:00:00,0.0
2024-06-26T18:00:00,0.0
2024-06-26T19:00:00,0.0
2024-06-26T20:00:00,0.0
2024-06-26T21:00:00,0.0
2024-06-26T22:00:00,0.0
2024-06-26T23:00:00,0.0
2024-06-27T00:00:00,0.0
2024-06-27T01:00:00,0.0
2024-06-27T02:00:00,0.0
2024-06-27T03:00:00,0.0
2024-06-27T04:00:00,0.0
2024-06-27T05:00:00,0.0
2024-06-27T06:00:00,15.8
2024-06-27T07:00:00,117.47
2024-06-27T08:00:00,224.25
2024-06-27T09:00:00,369.4
2024-06-27T10:00:00,475.0
2024-06-27T11:00:00,517.95
2024-06-27T12:00:00,519.92
2024-06-27T13:00:00,409.0
2024-06-27T14:00:00,311.12
2024-06-27T15:00:00,186.77
2024-06-27T16:00:00,62.1
2024-06-27T17:00:00,2.53
2024-06-27T18:00:00,0.0
2024-06-27T19:00:00,0.0
2024-06-27T20:00:00,0.0
2024-06-27T21:00:00,0.0
2024-06-27T22:00:00,0.0
2024-06-27T23:00:00,0.0
2024-06-28T00:00:00,0.0
2024-06-28T01:00:00,0.0
2024-06-28T02:00:00,0.0
2024-06-28T03:00:00,0.0
2024-06-28T04:00:00,0.0
2024-06-28T05:00:00,0.0
2024-06-28T06:00:00,19.55
2024-06-28T07:00:00,169.45
2024-06-28T08:00:00,356.77
2024-06-28T09:00:00,523.97
2024-06-28T10:00:00,641.28
2024-06-28T11:00:00,677.67
2024-06-28T12:00:00,655.97
2024-06-28T13:00:00,578.5
2024-06-28T14:00:00,438.95
2024-06-28T15:00:00,237.52
2024-06-28T16:00:00,89.2
2024-06-28T17:00:00,3.1
2024-06-28T18:00:00,0.0
2024-06-28T19:00:00,0.0
2024-06-28T20:00:00,0.0
2024-06-28T21:00:00,0.0
2024-06-28T22:00:00,0.0
2024-06-28T23:00:00,0.0
2024-06-29T00:00:00,0.0
2024-06-29T01:00:00,0.0
2024-06-29T02:00:00,0.0
2024-06-29T03:00:00,0.0
2024-06-29T04:00:00,0.0
2024-06-29T05:00:00,0.0
2024-06-29T06:00:00,19.58
2024-06-29T07:00:00,169.6
2024-06-29T08:00:00,356.42
2024-06-29T09:00:00,522.78
2024-06-29T10:00:00,637.15
2024-06-29T11:00:00,665.85
2024-06-29T12:00:00,626.42
2024-06-29T13:00:00,530.6
2024-06-29T14:00:00,384.85
2024-06-29T15:00:00,238.9
2024-06-29T16:00:00,89.4
2024-06-29T17:00:00,3.4
2024-06-29T18:00:00,0.0
2024-06-29T19:00:00,0.0
2024-06-29T20:00:00,0.0
2024-06-29T21:00:00,0.0
2024-06-29T22:00:00,0.0
2024-06-29T23:00:00,0.0
2024-06-30T00:00:00,0.0
2024-06-30T01:00:00,0.0
2024-06-30T02:00:00,0.0
2024-06-30T03:00:00,0.0
2024-06-30T04:00:00,0.0
2024-06-30T05:00:00,0.0
2024-06-30T06:00:00,19.92
2024-06-30T07:00:00,158.88
2024-06-30T08:00:00,333.3
2024-06-30T09:00:00,489.05
2024-06-30T10:00:00,615.8
2024-06-30T11:00:00,682.1
2024-06-30T12:00:00,695.9
2024-06-30T13:00:00,586.78
2024-06-30T14:00:00,467.38
2024-06-30T15:00:00,292.67
2024-06-30T16:00:00,108.43
2024-06-30T17:00:00,3.92
2024-06-30T18:00:00,0.0
2024-06-30T19:00:00,0.0
2024-06-30T20:00:00,0.0
2024-06-30T21:00:00,0.0
2024-06-30T22:00:00,0.0
2024-06-30T23:00:00,0.0
2024-07-01T00:00:00,0.0
2024-07-01T01:00:00,0.0
2024-07-01T02:00:00,0.0
2024-07-01T03:00:00,0.0
2024-07-01T04:00:00,0.0
2024-07-01T05:00:00,0.0
2024-07-01T06:00:00,17.67
2024-07-01T07:00:00,152.62
2024-07-01T08:00:00,328.83
2024-07-01T09:00:00,393.1
2024-07-01T10:00:00,448.67
2024-07-01T11:00:00,470.75
2024-07-01T12:00:00,544.97
2024-07-01T13:00:00,467.4
2024-07-01T14:00:00,366.02
2024-07-01T15:00:00,223.45
2024-07-01T16:00:00,84.88
2024-07-01T17:00:00,3.33
2024-07-01T18:00:00,0.0
2024-07-01T19:00:00,0.0
2024-07-01T20:00:00,0.0
2024-07-01T21:00:00,0.0
2024-07-01T22:00:00,0.0
2024-07-01T23:00:00,0.0
2024-07-02T00:00:00,0.0
2024-07-02T01:00:00,0.0
2024-07-02T02:00:00,0.0
2024-07-02T03:00:00,0.0
2024-07-02T04:00:00,0.0
2024-07-02T05:00:00,0.0
2024-07-02T06:00:00,19.27
2024-07-02T07:00:00,169.0
2024-07-02T08:00:00,355.45
2024-07-02T09:00:00,523.47
2024-07-02T10:00:00,644.3
2024-07-02T11:00:00,707.33
2024-07-02T12:00:00,716.62
2024-07-02T13:00:00,632.83
2024-07-02T14:00:00,499.95
2024-07-02T15:00:00,319.35
2024-07-02T16:00:00,122.12
2024-07-02T17:00:00,4.43
2024-07-02T18:00:00,0.0
2024-07-02T19:00:00,0.0
2024-07-02T20:00:00,0.0
2024-07-02T21:00:00,0.0
2024-07-02T22:00:00,0.0
2024-07-02T23:00:00,0.0
2024-07-03T00:00:00,0.0
2024-07-03T01:00:00,0.0
2024-07-03T02:00:00,0.0
2024-07-03T03:00:00,0.0
2024-07-03T04:00:00,0.0
2024-07-03T05:00:00,0.0
2024-07-03T06:00:00,21.75
2024-07-03T07:00:00,193.35
2024-07-03T08:00:00,397.33
2024-07-03T09:00:00,568.67
2024-07-03T10:00:00,687.42
2024-07-03T11:00:00,741.72
2024-07-03T12:00:00,722.17
2024-07-03T13:00:00,608.38
2024-07-03T14:00:00,500.3
2024-07-03T15:00:00,319.65
2024-07-03T16:00:00,119.12
2024-07-03T17:00:00,4.53
2024-07-03T18:00:00,0.0
2024-07-03T19:00:00,0.0
2024-07-03T20:00:00,0.0
2024-07-03T21:00:00,0.0
2024-07-03T22:00:00,0.0
2024-07-03T23:00:00,0.0
2024-07-04T00:00:00,0.0
2024-07-04T01:00:00,0.0
2024-07-04T02:00:00,0.0
2024-07-04T03:00:00,0.0
2024-07-04T04:00:00,0.0
2024-07-04T05:00:00,0.0
2024-07-04T06:00:00,21.5
2024-07-04T07:00:00,188.65
2024-07-04T08:00:00,387.15
2024-07-04T09:00:00,557.08
2024-07-04T10:00:00,680.62
2024-07-04T11:00:00,736.03
2024-07-04T12:00:00,723.15
2024-07-04T13:00:00,645.78
2024-07-04T14:00:00,494.73
2024-07-04T15:00:00,317.05
2024-07-04T16:00:00,122.3
2024-07-04T17:00:00,4.7
2024-07-04T18:00:00,0.0
2024-07-04T19:00:00,0.0
2024-07-04T20:00:00,0.0
2024-07-04T21:00:00,0.0
2024-07-04T22:00:00,0.0
2024-07-04T23:00:00,0.0
2024-07-05T00:00:00,0.0
2024-07-05T01:00:00,0.0
2024-07-05T02:00:00,0.0
2024-07-05T03:00:00,0.0
2024-07-05T04:00:00,0.0
2024-07-05T05:00:00,0.0
2024-07-05T06:00:00,20.65
2024-07-05T07:00:00,168.55
2024-07-05T08:00:00,340.12
2024-07-05T09:00:00,477.48
2024-07-05T10:00:00,635.03
2024-07-05T11:00:00,657.47
2024-07-05T12:00:00,671.2
2024-07-05T13:00:00,585.28
2024-07-05T14:00:00,366.33
2024-07-05T15:00:00,206.35
2024-07-05T16:00:00,77.43
2024-07-05T17:00:00,3.42
2024-07-05T18:00:00,0.0
2024-07-05T19:00:00,0.0
2024-07-05T20:00:00,0.0
2024-07-05T21:00:00,0.0
2024-07-05T22:00:00,0.0
2024-07-05T23:00:00,0.0
2024-07-06T00:00:00,0.0
2024-07-06T01:00:00,0.0
2024-07-06T02:00:00,0.0
2024-07-06T03:00:00,0.0
2024-07-06T04:00:00,0.0
2024-07-06T05:00:00,0.0
2024-07-06T06:00:00,13.52
2024-07-06T07:00:00,108.18
2024-07-06T08:00:00,219.77
2024-07-06T09:00:00,374.77
2024-07-06T10:00:00,462.45
2024-07-06T11:00:00,475.5
2024-07-06T12:00:00,531.03
2024-07-06T13:00:00,527.78
2024-07-06T14:00:00,356.73
2024-07-06T15:00:00,187.25
2024-07-06T16:00:00,70.43
2024-07-06T17:00:00,3.08
2024-07-06T18:00:00,0.0
2024-07-06T19:00:00,0.0
2024-07-06T20:00:00,0.0
2024-07-06T21:00:00,0.0
2024-07-06T22:00:00,0.0
2024-07-06T23:00:00,0.0
2024-07-07T00:00:00,0.0
2024-07-07T01:00:00,0.0
2024-07-07T02:00:00,0.0
2024-07-07T03:00:00,0.0
2024-07-07T04:00:00,0.0
2024-07-07T05:00:00,0.0
2024-07-07T06:00:00,12.62
2024-07-07T07:00:00,106.8
2024-07-07T08:00:00,232.23
2024-07-07T09:00:00,355.85
2024-07-07T10:00:00,438.45
2024-07-07T11:00:00,439.33
2024-07-07T12:00:00,462.6
2024-07-07T13:00:00,443.48
2024-07-07T14:00:00,321.12
2024-07-07T15:00:00,202.32
2024-07-07T16:00:00,79.35
2024-07-07T17:00:00,3.83
2024-07-07T18:00:00,0.0
2024-07-07T19:00:00,0.0
2024-07-07T20:00:00,0.0
2024-07-07T21:00:00,0.0
2024-07-07T22:00:00,0.0
2024-07-07T23:00:00,0.0
2024-07-08T00:00:00,0.0
2024-07-08T01:00:00,0.0
2024-07-08T02:00:00,0.0
2024-07-08T03:00:00,0.0
2024-07-08T04:00:00,0.0
2024-07-08T05:00:00,0.0
2024-07-08T06:00:00,13.43
2024-07-08T07:00:00,114.47
2024-07-08T08:00:00,285.4
2024-07-08T09:00:00,437.23
2024-07-08T10:00:00,527.6
2024-07-08T11:00:00,425.48
2024-07-08T12:00:00,395.3
2024-07-08T13:00:00,290.7
2024-07-08T14:00:00,158.4
2024-07-08T15:00:00,103.3
2024-07-08T16:00:00,37.47
2024-07-08T17:00:00,1.58
2024-07-08T18:00:00,0.0
2024-07-08T19:00:00,0.0
2024-07-08T20:00:00,0.0
2024-07-08T21:00:00,0.0
2024-07-08T22:00:00,0.0
2024-07-08T23:00:00,0.0
2024-07-09T00:00:00,0.0
2024-07-09T01:00:00,0.0
2024-07-09T02:00:00,0.0
2024-07-09T03:00:00,0.0
2024-07-09T04:00:00,0.0
2024-07-09T05:00:00,0.0
2024-07-09T06:00:00,7.85
2024-07-09T07:00:00,71.53
2024-07-09T08:00:00,147.4
2024-07-09T09:00:00,230.95
2024-07-09T10:00:00,296.85
2024-07-09T11:00:00,244.5
2024-07-09T12:00:00,273.7
2024-07-09T13:00:00,285.05
2024-07-09T14:00:00,236.48
2024-07-09T15:00:00,139.35
2024-07-09T16:00:00,49.8
2024-07-09T17:00:00,3.17
2024-07-09T18:00:00,0.0
2024-07-09T19:00:00,0.0
2024-07-09T20:00:00,0.0
2024-07-09T21:00:00,0.0
2024-07-09T22:00:00,0.0
2024-07-09T23:00:00,0.0
2024-07-10T00:00:00,0.0
2024-07-10T01:00:00,0.0
2024-07-10T02:00:00,0.0
2024-07-10T03:00:00,0.0
2024-07-10T04:00:00,0.0
2024-07-10T05:00:00,0.0
2024-07-10T06:00:00,20.08
2024-07-10T07:00:00,172.88
2024-07-10T08:00:00,355.52
2024-07-10T09:00:00,517.53
2024-07-10T10:00:00,624.42
2024-07-10T11:00:00,666.75
2024-07-10T12:00:00,645.67
2024-07-10T13:00:00,509.15
2024-07-10T14:00:00,381.42
2024-07-10T15:00:00,247.98
2024-07-10T16:00:00,91.88
2024-07-10T17:00:00,4.3
2024-07-10T18:00:00,0.0
2024-07-10T19:00:00,0.0
2024-07-10T20:00:00,0.0
2024-07-10T21:00:00,0.0
2024-07-10T22:00:00,0.0
2024-07-10T23:00:00,0.0
2024-07-11T00:00:00,0.0
2024-07-11T01:00:00,0.0
2024-07-11T02:00:00,0.0
2024-07-11T03:00:00,0.0
2024-07-11T04:00:00,0.0
2024-07-11T05:00:00,0.0
2024-07-11T06:00:00,12.55
2024-07-11T07:00:00,98.55
2024-07-11T08:00:00,214.77
2024-07-11T09:00:00,337.48
2024-07-11T10:00:00,374.23
2024-07-11T11:00:00,371.05
2024-07-11T12:00:00,370.83
2024-07-11T13:00:00,322.95
2024-07-11T14:00:00,245.52
2024-07-11T15:00:00,151.25
2024-07-11T16:00:00,60.78
2024-07-11T17:00:00,2.97
2024-07-11T18:00:00,0.0
2024-07-11T19:00:00,0.0
2024-07-11T20:00:00,0.0
2024-07-11T21:00:00,0.0
2024-07-11T22:00:00,0.0
2024-07-11T23:00:00,0.0
2024-07-12T00:00:00,0.0
2024-07-12T01:00:00,0.0
2024-07-12T02:00:00,0.0
2024-07-12T03:00:00,0.0
2024-07-12T04:00:00,0.0
2024-07-12T05:00:00,0.0
2024-07-12T06:00:00,10.27
2024-07-12T07:00:00,102.25
2024-07-12T08:00:00,227.55
2024-07-12T09:00:00,349.25
2024-07-12T10:00:00,461.75
2024-07-12T11:00:00,579.03
2024-07-12T12:00:00,577.78
2024-07-12T13:00:00,435.27
2024-07-12T14:00:00,240.9
2024-07-12T15:00:00,154.52
2024-07-12T16:00:00,60.03
2024-07-12T17:00:00,4.28
2024-07-12T18:00:00,0.0
2024-07-12T19:00:00,0.0
2024-07-12T20:00:00,0.0
2024-07-12T21:00:00,0.0
2024-07-12T22:00:00,0.0
2024-07-12T23:00:00,0.0
2024-07-13T00:00:00,0.0
2024-07-13T01:00:00,0.0
2024-07-13T02:00:00,0.0
2024-07-13T03:00:00,0.0
2024-07-13T04:00:00,0.0
2024-07-13T05:00:00,0.0
2024-07-13T06:00:00,12.1
2024-07-13T07:00:00,97.4
2024-07-13T08:00:00,226.3
2024-07-13T09:00:00,348.8
2024-07-13T10:00:00,488.8
2024-07-13T11:00:00,589.22
2024-07-13T12:00:00,633.1
2024-07-13T13:00:00,591.92
2024-07-13T14:00:00,495.8
2024-07-13T15:00:00,318.3
2024-07-13T16:00:00,120.18
2024-07-13T17:00:00,5.4
2024-07-13T18:00:00,0.0
2024-07-13T19:00:00,0.0
2024-07-13T20:00:00,0.0
2024-07-13T21:00:00,0.0
2024-07-13T22:00:00,0.0
2024-07-13T23:00:00,0.0
2024-07-14T00:00:00,0.0
2024-07-14T01:00:00,0.0
2024-07-14T02:00:00,0.0
2024-07-14T03:00:00,0.0
2024-07-14T04:00:00,0.0
2024-07-14T05:00:00,0.0
2024-07-14T06:00:00,18.08
2024-07-14T07:00:00,129.62
2024-07-14T08:00:00,273.08
2024-07-14T09:00:00,406.67
2024-07-14T10:00:00,467.12
2024-07-14T11:00:00,468.2
2024-07-14T12:00:00,446.33
2024-07-14T13:00:00,391.23
2024-07-14T14:00:00,329.25
2024-07-14T15:00:00,185.65
2024-07-14T16:00:00,64.38
2024-07-14T17:00:00,3.75
2024-07-14T18:00:00,0.0
2024-07-14T19:00:00,0.0
2024-07-14T20:00:00,0.0
2024-07-14T21:00:00,0.0
2024-07-14T22:00:00,0.0
2024-07-14T23:00:00,0.0
2024-07-15T00:00:00,0.0
2024-07-15T01:00:00,0.0
2024-07-15T02:00:00,0.0
2024-07-15T03:00:00,0.0
2024-07-15T04:00:00,0.0
2024-07-15T05:00:00,0.0
2024-07-15T06:00:00,13.45
2024-07-15T07:00:00,136.3
2024-07-15T08:00:00,297.42
2024-07-15T09:00:00,447.77
2024-07-15T10:00:00,476.58
2024-07-15T11:00:00,519.88
2024-07-15T12:00:00,538.12
2024-07-15T13:00:00,454.7
2024-07-15T14:00:00,309.4
2024-07-15T15:00:00,172.82
2024-07-15T16:00:00,63.55
2024-07-15T17:00:00,4.4
2024-07-15T18:00:00,0.0
2024-07-15T19:00:00,0.0
2024-07-15T20:00:00,0.0
2024-07-15T21:00:00,0.0
2024-07-15T22:00:00,0.0
2024-07-15T23:00:00,0.0
2024-07-16T00:00:00,0.0
2024-07-16T01:00:00,0.0
2024-07-16T02:00:00,0.0
2024-07-16T03:00:00,0.0
2024-07-16T04:00:00,0.0
2024-07-16T05:00:00,0.0
2024-07-16T06:00:00,13.88
2024-07-16T07:00:00,117.95
2024-07-16T08:00:00,266.05
2024-07-16T09:00:00,414.23
2024-07-16T10:00:00,520.42
2024-07-16T11:00:00,530.08
2024-07-16T12:00:00,560.03
2024-07-16T13:00:00,497.65
2024-07-16T14:00:00,280.1
2024-07-16T15:00:00,183.12
2024-07-16T16:00:00,74.12
2024-07-16T17:00:00,4.6
2024-07-16T18:00:00,0.0
2024-07-16T19:00:00,0.0
2024-07-16T20:00:00,0.0
2024-07-16T21:00:00,0.0
2024-07-16T22:00:00,0.0
2024-07-16T23:00:00,0.0
2024-07-17T00:00:00,0.0
2024-07-17T01:00:00,0.0
2024-07-17T02:00:00,0.0
2024-07-17T03:00:00,0.0
2024-07-17T04:00:00,0.0
2024-07-17T05:00:00,0.0
2024-07-17T06:00:00,10.9
2024-07-17T07:00:00,104.35
2024-07-17T08:00:00,230.9
2024-07-17T09:00:00,341.83
2024-07-17T10:00:00,427.9
2024-07-17T11:00:00,549.65
2024-07-17T12:00:00,542.85
2024-07-17T13:00:00,411.17
2024-07-17T14:00:00,258.15
2024-07-17T15:00:00,156.6
2024-07-17T16:00:00,62.67
2024-07-17T17:00:00,4.05
2024-07-17T18:00:00,0.0
2024-07-17T19:00:00,0.0
2024-07-17T20:00:00,0.0
2024-07-17T21:00:00,0.0
2024-07-17T22:00:00,0.0
2024-07-17T23:00:00,0.0
2024-07-18T00:00:00,0.0
2024-07-18T01:00:00,0.0
2024-07-18T02:00:00,0.0
2024-07-18T03:00:00,0.0
2024-07-18T04:00:00,0.0
2024-07-18T05:00:00,0.0
2024-07-18T06:00:00,15.93
2024-07-18T07:00:00,130.95
2024-07-18T08:00:00,284.88
2024-07-18T09:00:00,459.02
2024-07-18T10:00:00,580.17
2024-07-18T11:00:00,680.05
2024-07-18T12:00:00,612.3
2024-07-18T13:00:00,577.3
2024-07-18T14:00:00,424.95
2024-07-18T15:00:00,239.12
2024-07-18T16:00:00,89.75
2024-07-18T17:00:00,6.1
2024-07-18T18:00:00,0.0
2024-07-18T19:00:00,0.0
2024-07-18T20:00:00,0.0
2024-07-18T21:00:00,0.0
2024-07-18T22:00:00,0.0
2024-07-18T23:00:00,0.0
2024-07-19T00:00:00,0.0
2024-07-19T01:00:00,0.0
2024-07-19T02:00:00,0.0
2024-07-19T03:00:00,0.0
2024-07-19T04:00:00,0.0
2024-07-19T05:00:00,0.0
2024-07-19T06:00:00,13.68
2024-07-19T07:00:00,117.93
2024-07-19T08:00:00,243.75
2024-07-19T09:00:00,406.67
2024-07-19T10:00:00,491.38
2024-07-19T11:00:00,465.02
2024-07-19T12:00:00,402.67
2024-07-19T13:00:00,178.15
2024-07-19T14:00:00,167.88
2024-07-19T15:00:00,115.18
2024-07-19T16:00:00,46.1
2024-07-19T17:00:00,2.78
2024-07-19T18:00:00,0.0
2024-07-19T19:00:00,0.0
2024-07-19T20:00:00,0.0
2024-07-19T21:00:00,0.0
2024-07-19T22:00:00,0.0
2024-07-19T23:00:00,0.0
2024-07-20T00:00:00,0.0
2024-07-20T01:00:00,0.0
2024-07-20T02:00:00,0.0
2024-07-20T03:00:00,0.0
2024-07-20T04:00:00,0.0
2024-07-20T05:00:00,0.0
2024-07-20T06:00:00,17.83
2024-07-20T07:00:00,144.85
2024-07-20T08:00:00,286.75
2024-07-20T09:00:00,507.42
2024-07-20T10:00:00,579.62
2024-07-20T11:00:00,590.15
2024-07-20T12:00:00,654.47
2024-07-20T13:00:00,631.1
2024-07-20T14:00:00,472.58
2024-07-20T15:00:00,289.17
2024-07-20T16:00:00,115.1
2024-07-20T17:00:00,5.18
2024-07-20T18:00:00,0.0
2024-07-20T19:00:00,0.0
2024-07-20T20:00:00,0.0
2024-07-20T21:00:00,0.0
2024-07-20T22:00:00,0.0
2024-07-20T23:00:00,0.0
2024-07-21T00:00:00,0.0
2024-07-21T01:00:00,0.0
2024-07-21T02:00:00,0.0
2024-07-21T03:00:00,0.0
2024-07-21T04:00:00,0.0
2024-07-21T05:00:00,0.0
2024-07-21T06:00:00,14.27
2024-07-21T07:00:00,108.9
2024-07-21T08:00:00,203.62
2024-07-21T09:00:00,298.98
2024-07-21T10:00:00,419.95
2024-07-21T11:00:00,385.95
2024-07-21T12:00:00,316.5
2024-07-21T13:00:00,262.1
2024-07-21T14:00:00,234.73
2024-07-21T15:00:00,156.2
2024-07-21T16:00:00,67.75
2024-07-21T17:00:00,5.62
2024-07-21T18:00:00,0.0
2024-07-21T19:00:00,0.0
2024-07-21T20:00:00,0.0
2024-07-21T21:00:00,0.0
2024-07-21T22:00:00,0.0
2024-07-21T23:00:00,0.0
2024-07-22T00:00:00,0.0
2024-07-22T01:00:00,0.0
2024-07-22T02:00:00,0.0
2024-07-22T03:00:00,0.0
2024-07-22T04:00:00,0.0
2024-07-22T05:00:00,0.0
2024-07-22T06:00:00,18.98
2024-07-22T07:00:00,150.55
2024-07-22T08:00:00,308.77
2024-07-22T09:00:00,453.77
2024-07-22T10:00:00,555.38
2024-07-22T11:00:00,585.35
2024-07-22T12:00:00,582.67
2024-07-22T13:00:00,499.75
2024-07-22T14:00:00,353.23
2024-07-22T15:00:00,219.7
2024-07-22T16:00:00,90.8
2024-07-22T17:00:00,6.35
2024-07-22T18:00:00,0.0
2024-07-22T19:00:00,0.0
2024-07-22T20:00:00,0.0
2024-07-22T21:00:00,0.0
2024-07-22T22:00:00,0.0
2024-07-22T23:00:00,0.0
2024-07-23T00:00:00,0.0
2024-07-23T01:00:00,0.0
2024-07-23T02:00:00,0.0
2024-07-23T03:00:00,0.0
2024-07-23T04:00:00,0.0
2024-07-23T05:00:00,0.0
2024-07-23T06:00:00,15.8
2024-07-23T07:00:00,125.43
2024-07-23T08:00:00,252.6
2024-07-23T09:00:00,379.02
2024-07-23T10:00:00,503.45
2024-07-23T11:00:00,547.17
2024-07-23T12:00:00,479.88
2024-07-23T13:00:00,437.02
2024-07-23T14:00:00,385.83
2024-07-23T15:00:00,237.57
2024-07-23T16:00:00,94.62
2024-07-23T17:00:00,6.82
2024-07-23T18:00:00,0.0
2024-07-23T19:00:00,0.0
2024-07-23T20:00:00,0.0
2024-07-23T21:00:00,0.0
2024-07-23T22:00:00,0.0
2024-07-23T23:00:00,0.0
2024-07-24T00:00:00,0.0
2024-07-24T01:00:00,0.0
2024-07-24T02:00:00,0.0
2024-07-24T03:00:00,0.0
2024-07-24T04:00:00,0.0
2024-07-24T05:00:00,0.0
2024-07-24T06:00:00,10.32
2024-07-24T07:00:00,91.82
2024-07-24T08:00:00,202.12
2024-07-24T09:00:00,305.62
2024-07-24T10:00:00,426.02
2024-07-24T11:00:00,507.52
2024-07-24T12:00:00,394.8
2024-07-24T13:00:00,276.8
2024-07-24T14:00:00,119.22
2024-07-24T15:00:00,85.25
2024-07-24T16:00:00,37.62
2024-07-24T17:00:00,2.12
2024-07-24T18:00:00,0.0
2024-07-24T19:00:00,0.0
2024-07-24T20:00:00,0.0
2024-07-24T21:00:00,0.0
2024-07-24T22:00:00,0.0
2024-07-24T23:00:00,0.0
2024-07-25T00:00:00,0.0
2024-07-25T01:00:00,0.0
2024-07-25T02:00:00,0.0
2024-07-25T03:00:00,0.0
2024-07-25T04:00:00,0.0
2024-07-25T05:00:00,0.0
2024-07-25T06:00:00,14.35
2024-07-25T07:00:00,108.65
2024-07-25T08:00:00,206.8
2024-07-25T09:00:00,337.9
2024-07-25T10:00:00,391.83
2024-07-25T11:00:00,436.98
2024-07-25T12:00:00,481.0
2024-07-25T13:00:00,354.08
2024-07-25T14:00:00,339.5
2024-07-25T15:00:00,209.3
2024-07-25T16:00:00,84.62
2024-07-25T17:00:00,7.0
2024-07-25T18:00:00,0.0
2024-07-25T19:00:00,0.0
2024-07-25T20:00:00,0.0
2024-07-25T21:00:00,0.0
2024-07-25T22:00:00,0.0
2024-07-25T23:00:00,0.0
2024-07-26T00:00:00,0.0
2024-07-26T01:00:00,0.0
2024-07-26T02:00:00,0.0
2024-07-26T03:00:00,0.0
2024-07-26T04:00:00,0.0
2024-07-26T05:00:00,0.0
2024-07-26T06:00:00,27.5
2024-07-26T07:00:00,205.45
2024-07-26T08:00:00,413.48
2024-07-26T09:00:00,595.95
2024-07-26T10:00:00,715.85
2024-07-26T11:00:00,769.62
2024-07-26T12:00:00,740.1
2024-07-26T13:00:00,607.97
2024-07-26T14:00:00,498.38
2024-07-26T15:00:00,324.4
2024-07-26T16:00:00,138.15
2024-07-26T17:00:00,9.4
2024-07-26T18:00:00,0.0
2024-07-26T19:00:00,0.0
2024-07-26T20:00:00,0.0
2024-07-26T21:00:00,0.0
2024-07-26T22:00:00,0.0
2024-07-26T23:00:00,0.0
2024-07-27T00:00:00,0.0
2024-07-27T01:00:00,0.0
2024-07-27T02:00:00,0.0
2024-07-27T03:00:00,0.0
2024-07-27T04:00:00,0.0
2024-07-27T05:00:00,0.0
2024-07-27T06:00:00,25.9
2024-07-27T07:00:00,204.52
2024-07-27T08:00:00,411.95
2024-07-27T09:00:00,595.33
2024-07-27T10:00:00,719.38
2024-07-27T11:00:00,763.75
2024-07-27T12:00:00,747.7
2024-07-27T13:00:00,683.62
2024-07-27T14:00:00,546.67
2024-07-27T15:00:00,361.62
2024-07-27T16:00:00,152.25
2024-07-27T17:00:00,9.9
2024-07-27T18:00:00,0.0
2024-07-27T19:00:00,0.0
2024-07-27T20:00:00,0.0
2024-07-27T21:00:00,0.0
2024-07-27T22:00:00,0.0
2024-07-27T23:00:00,0.0
2024-07-28T00:00:00,0.0
2024-07-28T01:00:00,0.0
2024-07-28T02:00:00,0.0
2024-07-28T03:00:00,0.0
2024-07-28T04:00:00,0.0
2024-07-28T05:00:00,0.0
2024-07-28T06:00:00,24.5
2024-07-28T07:00:00,207.88
2024-07-28T08:00:00,412.55
2024-07-28T09:00:00,595.35
2024-07-28T10:00:00,737.03
2024-07-28T11:00:00,791.22
2024-07-28T12:00:00,773.47
2024-07-28T13:00:00,677.55
2024-07-28T14:00:00,500.2
2024-07-28T15:00:00,326.0
2024-07-28T16:00:00,138.7
2024-07-28T17:00:00,9.55
2024-07-28T18:00:00,0.0
2024-07-28T19:00:00,0.0
2024-07-28T20:00:00,0.0
2024-07-28T21:00:00,0.0
2024-07-28T22:00:00,0.0
2024-07-28T23:00:00,0.0
2024-07-29T00:00:00,0.0
2024-07-29T01:00:00,0.0
2024-07-29T02:00:00,0.0
2024-07-29T03:00:00,0.0
2024-07-29T04:00:00,0.0
2024-07-29T05:00:00,0.0
2024-07-29T06:00:00,22.77
2024-07-29T07:00:00,170.1
2024-07-29T08:00:00,330.58
2024-07-29T09:00:00,486.2
2024-07-29T10:00:00,666.58
2024-07-29T11:00:00,706.7
2024-07-29T12:00:00,733.78
2024-07-29T13:00:00,602.5
2024-07-29T14:00:00,491.0
2024-07-29T15:00:00,310.92
2024-07-29T16:00:00,124.57
2024-07-29T17:00:00,8.8
2024-07-29T18:00:00,0.0
2024-07-29T19:00:00,0.0
2024-07-29T20:00:00,0.0
2024-07-29T21:00:00,0.0
2024-07-29T22:00:00,0.0
2024-07-29T23:00:00,0.0
2024-07-30T00:00:00,0.0
2024-07-30T01:00:00,0.0
2024-07-30T02:00:00,0.0
2024-07-30T03:00:00,0.0
2024-07-30T04:00:00,0.0
2024-07-30T05:00:00,0.0
2024-07-30T06:00:00,23.95
2024-07-30T07:00:00,183.48
2024-07-30T08:00:00,379.23
2024-07-30T09:00:00,554.97
2024-07-30T10:00:00,682.1
2024-07-30T11:00:00,742.78
2024-07-30T12:00:00,755.53
2024-07-30T13:00:00,640.6
2024-07-30T14:00:00,541.65
2024-07-30T15:00:00,358.48
2024-07-30T16:00:00,154.25
2024-07-30T17:00:00,10.55
2024-07-30T18:00:00,0.0
2024-07-30T19:00:00,0.0
2024-07-30T20:00:00,0.0
2024-07-30T21:00:00,0.0
2024-07-30T22:00:00,0.0
2024-07-30T23:00:00,0.0
2024-07-31T00:00:00,0.0
2024-07-31T01:00:00,0.0
2024-07-31T02:00:00,0.0
2024-07-31T03:00:00,0.0
2024-07-31T04:00:00,0.0
2024-07-31T05:00:00,0.0
2024-07-31T06:00:00,20.48
2024-07-31T07:00:00,129.88
2024-07-31T08:00:00,248.4
2024-07-31T09:00:00,429.02
2024-07-31T10:00:00,536.28
2024-07-31T11:00:00,582.67
2024-07-31T12:00:00,592.6
2024-07-31T13:00:00,458.45
2024-07-31T14:00:00,328.17
2024-07-31T15:00:00,225.95
2024-07-31T16:00:00,93.5
2024-07-31T17:00:00,7.57
2024-07-31T18:00:00,0.0
2024-07-31T19:00:00,0.0
2024-07-31T20:00:00,0.0
2024-07-31T21:00:00,0.0
2024-07-31T22:00:00,0.0
2024-07-31T23:00:00,0.0
2024-08-01T00:00:00,0.0
2024-08-01T01:00:00,0.0
2024-08-01T02:00:00,0.0
2024-08-01T03:00:00,0.0
2024-08-01T04:00:00,0.0
2024-08-01T05:00:00,0.0
2024-08-01T06:00:00,22.5
2024-08-01T07:00:00,152.25
2024-08-01T08:00:00,287.42
2024-08-01T09:00:00,421.67
2024-08-01T10:00:00,517.45
2024-08-01T11:00:00,569.88
2024-08-01T12:00:00,549.53
2024-08-01T13:00:00,482.08
2024-08-01T14:00:00,274.88
2024-08-01T15:00:00,172.1
2024-08-01T16:00:00,69.95
2024-08-01T17:00:00,4.9
2024-08-01T18:00:00,0.0
2024-08-01T19:00:00,0.0
2024-08-01T20:00:00,0.0
2024-08-01T21:00:00,0.0
2024-08-01T22:00:00,0.0
2024-08-01T23:00:00,0.0
2024-08-02T00:00:00,0.0
2024-08-02T01:00:00,0.0
2024-08-02T02:00:00,0.0
2024-08-02T03:00:00,0.0
2024-08-02T04:00:00,0.0
2024-08-02T05:00:00,0.0
2024-08-02T06:00:00,20.2
2024-08-02T07:00:00,147.05
2024-08-02T08:00:00,297.58
2024-08-02T09:00:00,481.3
2024-08-02T10:00:00,644.78
2024-08-02T11:00:00,667.62
2024-08-02T12:00:00,576.28
2024-08-02T13:00:00,606.33
2024-08-02T14:00:00,456.1
2024-08-02T15:00:00,284.9
2024-08-02T16:00:00,111.9
2024-08-02T17:00:00,7.57
2024-08-02T18:00:00,0.0
2024-08-02T19:00:00,0.0
2024-08-02T20:00:00,0.0
2024-08-02T21:00:00,0.0
2024-08-02T22:00:00,0.0
2024-08-02T23:00:00,0.0
2024-08-03T00:00:00,0.0
2024-08-03T01:00:00,0.0
2024-08-03T02:00:00,0.0
2024-08-03T03:00:00,0.0
2024-08-03T04:00:00,0.0
2024-08-03T05:00:00,0.0
2024-08-03T06:00:00,14.4
2024-08-03T07:00:00,83.85
2024-08-03T08:00:00,151.6
2024-08-03T09:00:00,238.0
2024-08-03T10:00:00,368.8
2024-08-03T11:00:00,301.98
2024-08-03T12:00:00,267.88
2024-08-03T13:00:00,269.65
2024-08-03T14:00:00,198.27
2024-08-03T15:00:00,120.55
2024-08-03T16:00:00,51.8
2024-08-03T17:00:00,4.18
2024-08-03T18:00:00,0.0
2024-08-03T19:00:00,0.0
2024-08-03T20:00:00,0.0
2024-08-03T21:00:00,0.0
2024-08-03T22:00:00,0.0
2024-08-03T23:00:00,0.0
2024-08-04T00:00:00,0.0
2024-08-04T01:00:00,0.0
2024-08-04T02:00:00,0.0
2024-08-04T03:00:00,0.0
2024-08-04T04:00:00,0.0
2024-08-04T05:00:00,0.0
2024-08-04T06:00:00,14.98
2024-08-04T07:00:00,103.62
2024-08-04T08:00:00,208.4
2024-08-04T09:00:00,342.65
2024-08-04T10:00:00,478.75
2024-08-04T11:00:00,566.22
2024-08-04T12:00:00,518.47
2024-08-04T13:00:00,533.88
2024-08-04T14:00:00,440.62
2024-08-04T15:00:00,290.2
2024-08-04T16:00:00,124.9
2024-08-04T17:00:00,11.43
2024-08-04T18:00:00,0.0
2024-08-04T19:00:00,0.0
2024-08-04T20:00:00,0.0
2024-08-04T21:00:00,0.0
2024-08-04T22:00:00,0.0
2024-08-04T23:00:00,0.0
2024-08-05T00:00:00,0.0
2024-08-05T01:00:00,0.0
2024-08-05T02:00:00,0.0
2024-08-05T03:00:00,0.0
2024-08-05T04:00:00,0.0
2024-08-05T05:00:00,0.0
2024-08-05T06:00:00,31.08
2024-08-05T07:00:00,194.77
2024-08-05T08:00:00,373.02
2024-08-05T09:00:00,592.22
2024-08-05T10:00:00,715.78
2024-08-05T11:00:00,756.2
2024-08-05T12:00:00,729.88
2024-08-05T13:00:00,540.45
2024-08-05T14:00:00,478.9
2024-08-05T15:00:00,305.12
2024-08-05T16:00:00,124.25
2024-08-05T17:00:00,9.52
2024-08-05T18:00:00,0.0
2024-08-05T19:00:00,0.0
2024-08-05T20:00:00,0.0
2024-08-05T21:00:00,0.0
2024-08-05T22:00:00,0.0
2024-08-05T23:00:00,0.0
2024-08-06T00:00:00,0.0
2024-08-06T01:00:00,0.0
2024-08-06T02:00:00,0.0
2024-08-06T03:00:00,0.0
2024-08-06T04:00:00,0.0
2024-08-06T05:00:00,0.0
2024-08-06T06:00:00,19.95
2024-08-06T07:00:00,122.07
2024-08-06T08:00:00,232.3
2024-08-06T09:00:00,390.77
2024-08-06T10:00:00,513.58
2024-08-06T11:00:00,474.25
2024-08-06T12:00:00,603.12
2024-08-06T13:00:00,439.88
2024-08-06T14:00:00,440.62
2024-08-06T15:00:00,284.42
2024-08-06T16:00:00,127.45
2024-08-06T17:00:00,9.4
2024-08-06T18:00:00,0.0
2024-08-06T19:00:00,0.0
2024-08-06T20:00:00,0.0
2024-08-06T21:00:00,0.0
2024-08-06T22:00:00,0.0
2024-08-06T23:00:00,0.0
2024-08-07T00:00:00,0.0
2024-08-07T01:00:00,0.0
2024-08-07T02:00:00,0.0
2024-08-07T03:00:00,0.0
2024-08-07T04:00:00,0.0
2024-08-07T05:00:00,0.0
2024-08-07T06:00:00,25.92
2024-08-07T07:00:00,164.82
2024-08-07T08:00:00,332.7
2024-08-07T09:00:00,484.27
2024-08-07T10:00:00,639.03
2024-08-07T11:00:00,677.58
2024-08-07T12:00:00,684.1
2024-08-07T13:00:00,636.65
2024-08-07T14:00:00,475.4
2024-08-07T15:00:00,312.73
2024-08-07T16:00:00,135.0
2024-08-07T17:00:00,9.93
2024-08-07T18:00:00,0.0
2024-08-07T19:00:00,0.0
2024-08-07T20:00:00,0.0
2024-08-07T21:00:00,0.0
2024-08-07T22:00:00,0.0
2024-08-07T23:00:00,0.0
2024-08-08T00:00:00,0.0
2024-08-08T01:00:00,0.0
2024-08-08T02:00:00,0.0
2024-08-08T03:00:00,0.0
2024-08-08T04:00:00,0.0
2024-08-08T05:00:00,0.0
2024-08-08T06:00:00,16.3
2024-08-08T07:00:00,105.43
2024-08-08T08:00:00,211.43
2024-08-08T09:00:00,313.85
2024-08-08T10:00:00,450.3
2024-08-08T11:00:00,417.88
2024-08-08T12:00:00,436.17
2024-08-08T13:00:00,341.9
2024-08-08T14:00:00,295.2
2024-08-08T15:00:00,182.88
2024-08-08T16:00:00,78.57
2024-08-08T17:00:00,6.57
2024-08-08T18:00:00,0.0
2024-08-08T19:00:00,0.0
2024-08-08T20:00:00,0.0
2024-08-08T21:00:00,0.0
2024-08-08T22:00:00,0.0
2024-08-08T23:00:00,0.0
2024-08-09T00:00:00,0.0
2024-08-09T01:00:00,0.0
2024-08-09T02:00:00,0.0
2024-08-09T03:00:00,0.0
2024-08-09T04:00:00,0.0
2024-08-09T05:00:00,0.0
2024-08-09T06:00:00,33.85
2024-08-09T07:00:00,204.07
2024-08-09T08:00:00,399.0
2024-08-09T09:00:00,597.05
2024-08-09T10:00:00,722.9
2024-08-09T11:00:00,767.78
2024-08-09T12:00:00,753.35
2024-08-09T13:00:00,673.22
2024-08-09T14:00:00,557.55
2024-08-09T15:00:00,366.27
2024-08-09T16:00:00,154.15
2024-08-09T17:00:00,11.82
2024-08-09T18:00:00,0.0
2024-08-09T19:00:00,0.0
2024-08-09T20:00:00,0.0
2024-08-09T21:00:00,0.0
2024-08-09T22:00:00,0.0
2024-08-09T23:00:00,0.0
2024-08-10T00:00:00,0.0
2024-08-10T01:00:00,0.0
2024-08-10T02:00:00,0.0
2024-08-10T03:00:00,0.0
2024-08-10T04:00:00,0.0
2024-08-10T05:00:00,0.0
2024-08-10T06:00:00,21.23
2024-08-10T07:00:00,136.07
2024-08-10T08:00:00,268.15
2024-08-10T09:00:00,456.4
2024-08-10T10:00:00,513.72
2024-08-10T11:00:00,651.22
2024-08-10T12:00:00,702.38
2024-08-10T13:00:00,517.83
2024-08-10T14:00:00,381.3
2024-08-10T15:00:00,262.4
2024-08-10T16:00:00,118.82
2024-08-10T17:00:00,10.27
2024-08-10T18:00:00,0.0
2024-08-10T19:00:00,0.0
2024-08-10T20:00:00,0.0
2024-08-10T21:00:00,0.0
2024-08-10T22:00:00,0.0
2024-08-10T23:00:00,0.0
2024-08-11T00:00:00,0.0
2024-08-11T01:00:00,0.0
2024-08-11T02:00:00,0.0
2024-08-11T03:00:00,0.0
2024-08-11T04:00:00,0.0
2024-08-11T05:00:00,0.0
2024-08-11T06:00:00,30.58
2024-08-11T07:00:00,172.93
2024-08-11T08:00:00,353.0
2024-08-11T09:00:00,567.65
2024-08-11T10:00:00,696.25
2024-08-11T11:00:00,759.53
2024-08-11T12:00:00,745.38
2024-08-11T13:00:00,657.22
2024-08-11T14:00:00,477.0
2024-08-11T15:00:00,320.12
2024-08-11T16:00:00,139.7
2024-08-11T17:00:00,11.62
2024-08-11T18:00:00,0.0
2024-08-11T19:00:00,0.0
2024-08-11T20:00:00,0.0
2024-08-11T21:00:00,0.0
2024-08-11T22:00:00,0.0
2024-08-11T23:00:00,0.0
2024-08-12T00:00:00,0.0
2024-08-12T01:00:00,0.0
2024-08-12T02:00:00,0.0
2024-08-12T03:00:00,0.0
2024-08-12T04:00:00,0.0
2024-08-12T05:00:00,0.0
2024-08-12T06:00:00,21.33
2024-08-12T07:00:00,117.53
2024-08-12T08:00:00,211.02
2024-08-12T09:00:00,288.15
2024-08-12T10:00:00,338.92
2024-08-12T11:00:00,296.23
2024-08-12T12:00:00,411.5
2024-08-12T13:00:00,420.92
2024-08-12T14:00:00,265.02
2024-08-12T15:00:00,165.4
2024-08-12T16:00:00,78.4
2024-08-12T17:00:00,6.07
2024-08-12T18:00:00,0.0
2024-08-12T19:00:00,0.0
2024-08-12T20:00:00,0.0
2024-08-12T21:00:00,0.0
2024-08-12T22:00:00,0.0
2024-08-12T23:00:00,0.0
2024-08-13T00:00:00,0.0
2024-08-13T01:00:00,0.0
2024-08-13T02:00:00,0.0
2024-08-13T03:00:00,0.0
2024-08-13T04:00:00,0.0
2024-08-13T05:00:00,0.0
2024-08-13T06:00:00,10.25
2024-08-13T07:00:00,82.18
2024-08-13T08:00:00,199.02
2024-08-13T09:00:00,265.62
2024-08-13T10:00:00,235.73
2024-08-13T11:00:00,336.48
2024-08-13T12:00:00,349.02
2024-08-13T13:00:00,388.0
2024-08-13T14:00:00,267.33
2024-08-13T15:00:00,174.23
2024-08-13T16:00:00,76.07
2024-08-13T17:00:00,5.32
2024-08-13T18:00:00,0.0
2024-08-13T19:00:00,0.0
2024-08-13T20:00:00,0.0
2024-08-13T21:00:00,0.0
2024-08-13T22:00:00,0.0
2024-08-13T23:00:00,0.0
2024-08-14T00:00:00,0.0
2024-08-14T01:00:00,0.0
2024-08-14T02:00:00,0.0
2024-08-14T03:00:00,0.0
2024-08-14T04:00:00,0.0
2024-08-14T05:00:00,0.0
2024-08-14T06:00:00,15.2
2024-08-14T07:00:00,103.12
2024-08-14T08:00:00,209.18
2024-08-14T09:00:00,352.0
2024-08-14T10:00:00,449.05
2024-08-14T11:00:00,474.85
2024-08-14T12:00:00,560.35
2024-08-14T13:00:00,479.4
2024-08-14T14:00:00,337.15
2024-08-14T15:00:00,213.45
2024-08-14T16:00:00,86.6
2024-08-14T17:00:00,7.47
2024-08-14T18:00:00,0.0
2024-08-14T19:00:00,0.0
2024-08-14T20:00:00,0.0
2024-08-14T21:00:00,0.0
2024-08-14T22:00:00,0.0
2024-08-14T23:00:00,0.0
2024-08-15T00:00:00,0.0
2024-08-15T01:00:00,0.0
2024-08-15T02:00:00,0.0
2024-08-15T03:00:00,0.0
2024-08-15T04:00:00,0.0
2024-08-15T05:00:00,0.0
2024-08-15T06:00:00,28.62
2024-08-15T07:00:00,176.98
2024-08-15T08:00:00,360.33
2024-08-15T09:00:00,511.33
2024-08-15T10:00:00,695.53
2024-08-15T11:00:00,783.6
2024-08-15T12:00:00,718.72
2024-08-15T13:00:00,717.33
2024-08-15T14:00:00,546.95
2024-08-15T15:00:00,363.77
2024-08-15T16:00:00,159.18
2024-08-15T17:00:00,13.62
2024-08-15T18:00:00,0.0
2024-08-15T19:00:00,0.0
2024-08-15T20:00:00,0.0
2024-08-15T21:00:00,0.0
2024-08-15T22:00:00,0.0
2024-08-15T23:00:00,0.0
2024-08-16T00:00:00,0.0
2024-08-16T01:00:00,0.0
2024-08-16T02:00:00,0.0
2024-08-16T03:00:00,0.0
2024-08-16T04:00:00,0.0
2024-08-16T05:00:00,0.0
2024-08-16T06:00:00,40.83
2024-08-16T07:00:00,218.95
2024-08-16T08:00:00,421.85
2024-08-16T09:00:00,610.6
2024-08-16T10:00:00,739.95
2024-08-16T11:00:00,780.65
2024-08-16T12:00:00,742.35
2024-08-16T13:00:00,652.9
2024-08-16T14:00:00,509.12
2024-08-16T15:00:00,333.08
2024-08-16T16:00:00,147.02
2024-08-16T17:00:00,13.32
2024-08-16T18:00:00,0.0
2024-08-16T19:00:00,0.0
2024-08-16T20:00:00,0.0
2024-08-16T21:00:00,0.0
2024-08-16T22:00:00,0.0
2024-08-16T23:00:00,0.0
2024-08-17T00:00:00,0.0
2024-08-17T01:00:00,0.0
2024-08-17T02:00:00,0.0
2024-08-17T03:00:00,0.0
2024-08-17T04:00:00,0.0
2024-08-17T05:00:00,0.0
2024-08-17T06:00:00,47.58
2024-08-17T07:00:00,230.1
2024-08-17T08:00:00,430.92
2024-08-17T09:00:00,621.1
2024-08-17T10:00:00,765.9
2024-08-17T11:00:00,816.72
2024-08-17T12:00:00,805.3
2024-08-17T13:00:00,688.47
2024-08-17T14:00:00,584.2
2024-08-17T15:00:00,390.2
2024-08-17T16:00:00,175.52
2024-08-17T17:00:00,14.8
2024-08-17T18:00:00,0.0
2024-08-17T19:00:00,0.0
2024-08-17T20:00:00,0.0
2024-08-17T21:00:00,0.0
2024-08-17T22:00:00,0.0
2024-08-17T23:00:00,0.0
2024-08-18T00:00:00,0.0
2024-08-18T01:00:00,0.0
2024-08-18T02:00:00,0.0
2024-08-18T03:00:00,0.0
2024-08-18T04:00:00,0.0
2024-08-18T05:00:00,0.0
2024-08-18T06:00:00,35.92
2024-08-18T07:00:00,185.2
2024-08-18T08:00:00,399.05
2024-08-18T09:00:00,601.9
2024-08-18T10:00:00,734.65
2024-08-18T11:00:00,789.75
2024-08-18T12:00:00,786.17
2024-08-18T13:00:00,683.08
2024-08-18T14:00:00,409.55
2024-08-18T15:00:00,282.1
2024-08-18T16:00:00,134.45
2024-08-18T17:00:00,11.45
2024-08-18T18:00:00,0.0
2024-08-18T19:00:00,0.0
2024-08-18T20:00:00,0.0
2024-08-18T21:00:00,0.0
2024-08-18T22:00:00,0.0
2024-08-18T23:00:00,0.0
2024-08-19T00:00:00,0.0
2024-08-19T01:00:00,0.0
2024-08-19T02:00:00,0.0
2024-08-19T03:00:00,0.0
2024-08-19T04:00:00,0.0
2024-08-19T05:00:00,0.0
2024-08-19T06:00:00,25.6
2024-08-19T07:00:00,122.65
2024-08-19T08:00:00,264.08
2024-08-19T09:00:00,353.92
2024-08-19T10:00:00,482.45
2024-08-19T11:00:00,523.25
2024-08-19T12:00:00,466.98
2024-08-19T13:00:00,393.77
2024-08-19T14:00:00,256.83
2024-08-19T15:00:00,157.85
2024-08-19T16:00:00,63.85
2024-08-19T17:00:00,6.72
2024-08-19T18:00:00,0.0
2024-08-19T19:00:00,0.0
2024-08-19T20:00:00,0.0
2024-08-19T21:00:00,0.0
2024-08-19T22:00:00,0.0
2024-08-19T23:00:00,0.0
2024-08-20T00:00:00,0.0
2024-08-20T01:00:00,0.0
2024-08-20T02:00:00,0.0
2024-08-20T03:00:00,0.0
2024-08-20T04:00:00,0.0
2024-08-20T05:00:00,0.0
2024-08-20T06:00:00,22.2
2024-08-20T07:00:00,124.2
2024-08-20T08:00:00,249.55
2024-08-20T09:00:00,359.58
2024-08-20T10:00:00,435.75
2024-08-20T11:00:00,446.98
2024-08-20T12:00:00,434.6
2024-08-20T13:00:00,368.12
2024-08-20T14:00:00,255.88
2024-08-20T15:00:00,167.8
2024-08-20T16:00:00,70.1
2024-08-20T17:00:00,6.93
2024-08-20T18:00:00,0.0
2024-08-20T19:00:00,0.0
2024-08-20T20:00:00,0.0
2024-08-20T21:00:00,0.0
2024-08-20T22:00:00,0.0
2024-08-20T23:00:00,0.0
2024-08-21T00:00:00,0.0
2024-08-21T01:00:00,0.0
2024-08-21T02:00:00,0.0
2024-08-21T03:00:00,0.0
2024-08-21T04:00:00,0.0
2024-08-21T05:00:00,0.0
2024-08-21T06:00:00,36.4
2024-08-21T07:00:00,168.68
2024-08-21T08:00:00,316.3
2024-08-21T09:00:00,488.38
2024-08-21T10:00:00,561.78
2024-08-21T11:00:00,599.4
2024-08-21T12:00:00,543.9
2024-08-21T13:00:00,460.38
2024-08-21T14:00:00,348.27
2024-08-21T15:00:00,205.98
2024-08-21T16:00:00,93.22
2024-08-21T17:00:00,9.85
2024-08-21T18:00:00,0.0
2024-08-21T19:00:00,0.0
2024-08-21T20:00:00,0.0
2024-08-21T21:00:00,0.0
2024-08-21T22:00:00,0.0
2024-08-21T23:00:00,0.0
2024-08-22T00:00:00,0.0
2024-08-22T01:00:00,0.0
2024-08-22T02:00:00,0.0
2024-08-22T03:00:00,0.0
2024-08-22T04:00:00,0.0
2024-08-22T05:00:00,0.0
2024-08-22T06:00:00,44.58
2024-08-22T07:00:00,189.88
2024-08-22T08:00:00,355.2
2024-08-22T09:00:00,489.12
2024-08-22T10:00:00,698.3
2024-08-22T11:00:00,778.78
2024-08-22T12:00:00,723.47
2024-08-22T13:00:00,624.08
2024-08-22T14:00:00,534.3
2024-08-22T15:00:00,319.8
2024-08-22T16:00:00,147.35
2024-08-22T17:00:00,13.52
2024-08-22T18:00:00,0.0
2024-08-22T19:00:00,0.0
2024-08-22T20:00:00,0.0
2024-08-22T21:00:00,0.0
2024-08-22T22:00:00,0.0
2024-08-22T23:00:00,0.0
2024-08-23T00:00:00,0.0
2024-08-23T01:00:00,0.0
2024-08-23T02:00:00,0.0
2024-08-23T03:00:00,0.0
2024-08-23T04:00:00,0.0
2024-08-23T05:00:00,0.0
2024-08-23T06:00:00,50.78
2024-08-23T07:00:00,236.48
2024-08-23T08:00:00,469.4
2024-08-23T09:00:00,676.65
2024-08-23T10:00:00,789.6
2024-08-23T11:00:00,821.05
2024-08-23T12:00:00,824.12
2024-08-23T13:00:00,756.2
2024-08-23T14:00:00,591.72
2024-08-23T15:00:00,396.4
2024-08-23T16:00:00,182.38
2024-08-23T17:00:00,16.7
2024-08-23T18:00:00,0.0
2024-08-23T19:00:00,0.0
2024-08-23T20:00:00,0.0
2024-08-23T21:00:00,0.0
2024-08-23T22:00:00,0.0
2024-08-23T23:00:00,0.0
2024-08-24T00:00:00,0.0
2024-08-24T01:00:00,0.0
2024-08-24T02:00:00,0.0
2024-08-24T03:00:00,0.0
2024-08-24T04:00:00,0.0
2024-08-24T05:00:00,0.0
2024-08-24T06:00:00,60.7
2024-08-24T07:00:00,273.1
2024-08-24T08:00:00,496.42
2024-08-24T09:00:00,686.83
2024-08-24T10:00:00,810.92
2024-08-24T11:00:00,857.75
2024-08-24T12:00:00,829.75
2024-08-24T13:00:00,738.65
2024-08-24T14:00:00,572.35
2024-08-24T15:00:00,372.55
2024-08-24T16:00:00,170.45
2024-08-24T17:00:00,13.27
2024-08-24T18:00:00,0.0
2024-08-24T19:00:00,0.0
2024-08-24T20:00:00,0.0
2024-08-24T21:00:00,0.0
2024-08-24T22:00:00,0.0
2024-08-24T23:00:00,0.0
2024-08-25T00:00:00,0.0
2024-08-25T01:00:00,0.0
2024-08-25T02:00:00,0.0
2024-08-25T03:00:00,0.0
2024-08-25T04:00:00,0.0
2024-08-25T05:00:00,0.0
2024-08-25T06:00:00,60.78
2024-08-25T07:00:00,256.85
2024-08-25T08:00:00,469.15
2024-08-25T09:00:00,676.65
2024-08-25T10:00:00,815.33
2024-08-25T11:00:00,878.0
2024-08-25T12:00:00,870.0
2024-08-25T13:00:00,779.42
2024-08-25T14:00:00,629.62
2024-08-25T15:00:00,426.65
2024-08-25T16:00:00,197.45
2024-08-25T17:00:00,18.15
2024-08-25T18:00:00,0.0
2024-08-25T19:00:00,0.0
2024-08-25T20:00:00,0.0
2024-08-25T21:00:00,0.0
2024-08-25T22:00:00,0.0
2024-08-25T23:00:00,0.0
2024-08-26T00:00:00,0.0
2024-08-26T01:00:00,0.0
2024-08-26T02:00:00,0.0
2024-08-26T03:00:00,0.0
2024-08-26T04:00:00,0.0
2024-08-26T05:00:00,0.0
2024-08-26T06:00:00,70.2
2024-08-26T07:00:00,281.23
2024-08-26T08:00:00,498.17
2024-08-26T09:00:00,696.25
2024-08-26T10:00:00,817.72
2024-08-26T11:00:00,884.45
2024-08-26T12:00:00,873.05
2024-08-26T13:00:00,777.53
2024-08-26T14:00:00,619.03
2024-08-26T15:00:00,416.12
2024-08-26T16:00:00,190.12
2024-08-26T17:00:00,17.35
2024-08-26T18:00:00,0.0
2024-08-26T19:00:00,0.0
2024-08-26T20:00:00,0.0
2024-08-26T21:00:00,0.0
2024-08-26T22:00:00,0.0
2024-08-26T23:00:00,0.0
2024-08-27T00:00:00,0.0
2024-08-27T01:00:00,0.0
2024-08-27T02:00:00,0.0
2024-08-27T03:00:00,0.0
2024-08-27T04:00:00,0.0
2024-08-27T05:00:00,0.0
2024-08-27T06:00:00,56.47
2024-08-27T07:00:00,244.77
2024-08-27T08:00:00,485.58
2024-08-27T09:00:00,685.4
2024-08-27T10:00:00,808.3
2024-08-27T11:00:00,855.9
2024-08-27T12:00:00,827.47
2024-08-27T13:00:00,706.0
2024-08-27T14:00:00,582.55
2024-08-27T15:00:00,389.12
2024-08-27T16:00:00,178.88
2024-08-27T17:00:00,18.0
2024-08-27T18:00:00,0.0
2024-08-27T19:00:00,0.0
2024-08-27T20:00:00,0.0
2024-08-27T21:00:00,0.0
2024-08-27T22:00:00,0.0
2024-08-27T23:00:00,0.0
2024-08-28T00:00:00,0.0
2024-08-28T01:00:00,0.0
2024-08-28T02:00:00,0.0
2024-08-28T03:00:00,0.0
2024-08-28T04:00:00,0.0
2024-08-28T05:00:00,0.0
2024-08-28T06:00:00,56.28
2024-08-28T07:00:00,215.85
2024-08-28T08:00:00,429.77
2024-08-28T09:00:00,623.12
2024-08-28T10:00:00,791.95
2024-08-28T11:00:00,849.17
2024-08-28T12:00:00,842.05
2024-08-28T13:00:00,756.55
2024-08-28T14:00:00,581.8
2024-08-28T15:00:00,319.38
2024-08-28T16:00:00,151.25
2024-08-28T17:00:00,14.8
2024-08-28T18:00:00,0.0
2024-08-28T19:00:00,0.0
2024-08-28T20:00:00,0.0
2024-08-28T21:00:00,0.0
2024-08-28T22:00:00,0.0
2024-08-28T23:00:00,0.0
2024-08-29T00:00:00,0.0
2024-08-29T01:00:00,0.0
2024-08-29T02:00:00,0.0
2024-08-29T03:00:00,0.0
2024-08-29T04:00:00,0.0
2024-08-29T05:00:00,0.0
2024-08-29T06:00:00,62.78
2024-08-29T07:00:00,248.82
2024-08-29T08:00:00,449.02
2024-08-29T09:00:00,662.35
2024-08-29T10:00:00,794.17
2024-08-29T11:00:00,870.62
2024-08-29T12:00:00,849.38
2024-08-29T13:00:00,757.7
2024-08-29T14:00:00,592.45
2024-08-29T15:00:00,395.83
2024-08-29T16:00:00,181.73
2024-08-29T17:00:00,18.52
2024-08-29T18:00:00,0.0
2024-08-29T19:00:00,0.0
2024-08-29T20:00:00,0.0
2024-08-29T21:00:00,0.0
2024-08-29T22:00:00,0.0
2024-08-29T23:00:00,0.0
2024-08-30T00:00:00,0.0
2024-08-30T01:00:00,0.0
2024-08-30T02:00:00,0.0
2024-08-30T03:00:00,0.0
2024-08-30T04:00:00,0.0
2024-08-30T05:00:00,0.0
2024-08-30T06:00:00,68.72
2024-08-30T07:00:00,254.3
2024-08-30T08:00:00,460.4
2024-08-30T09:00:00,658.9
2024-08-30T10:00:00,771.83
2024-08-30T11:00:00,820.35
2024-08-30T12:00:00,804.67
2024-08-30T13:00:00,731.92
2024-08-30T14:00:00,634.03
2024-08-30T15:00:00,427.35
2024-08-30T16:00:00,197.0
2024-08-30T17:00:00,18.05
2024-08-30T18:00:00,0.0
2024-08-30T19:00:00,0.0
2024-08-30T20:00:00,0.0
2024-08-30T21:00:00,0.0
2024-08-30T22:00:00,0.0
2024-08-30T23:00:00,0.0
2024-08-31T00:00:00,0.0
2024-08-31T01:00:00,0.0
2024-08-31T02:00:00,0.0
2024-08-31T03:00:00,0.0
2024-08-31T04:00:00,0.0
2024-08-31T05:00:00,0.0
2024-08-31T06:00:00,80.6
2024-08-31T07:00:00,294.95
2024-08-31T08:00:00,516.53
2024-08-31T09:00:00,721.05
2024-08-31T10:00:00,851.5
2024-08-31T11:00:00,912.6
2024-08-31T12:00:00,887.72
2024-08-31T13:00:00,790.2
2024-08-31T14:00:00,608.8
2024-08-31T15:00:00,406.6
2024-08-31T16:00:00,187.9
2024-08-31T17:00:00,19.23
2024-08-31T18:00:00,0.0
2024-08-31T19:00:00,0.0
2024-08-31T20:00:00,0.0
2024-08-31T21:00:00,0.0
2024-08-31T22:00:00,0.0
2024-08-31T23:00:00,0.0
2024-09-01T00:00:00,0.0
2024-09-01T01:00:00,0.0
2024-09-01T02:00:00,0.0
2024-09-01T03:00:00,0.0
2024-09-01T04:00:00,0.0
2024-09-01T05:00:00,0.0
2024-09-01T06:00:00,80.72
2024-09-01T07:00:00,300.85
2024-09-01T08:00:00,532.88
2024-09-01T09:00:00,729.53
2024-09-01T10:00:00,847.67
2024-09-01T11:00:00,912.65
2024-09-01T12:00:00,892.65
2024-09-01T13:00:00,800.45
2024-09-01T14:00:00,640.58
2024-09-01T15:00:00,409.45
2024-09-01T16:00:00,192.88
2024-09-01T17:00:00,19.15
2024-09-01T18:00:00,0.0
2024-09-01T19:00:00,0.0
2024-09-01T20:00:00,0.0
2024-09-01T21:00:00,0.0
2024-09-01T22:00:00,0.0
2024-09-01T23:00:00,0.0
2024-09-02T00:00:00,0.0
2024-09-02T01:00:00,0.0
2024-09-02T02:00:00,0.0
2024-09-02T03:00:00,0.0
2024-09-02T04:00:00,0.0
2024-09-02T05:00:00,0.0
2024-09-02T06:00:00,74.15
2024-09-02T07:00:00,245.25
2024-09-02T08:00:00,476.15
2024-09-02T09:00:00,697.12
2024-09-02T10:00:00,848.15
2024-09-02T11:00:00,886.85
2024-09-02T12:00:00,854.72
2024-09-02T13:00:00,727.25
2024-09-02T14:00:00,634.58
2024-09-02T15:00:00,428.67
2024-09-02T16:00:00,200.25
2024-09-02T17:00:00,20.45
2024-09-02T18:00:00,0.0
2024-09-02T19:00:00,0.0
2024-09-02T20:00:00,0.0
2024-09-02T21:00:00,0.0
2024-09-02T22:00:00,0.0
2024-09-02T23:00:00,0.0
2024-09-03T00:00:00,0.0
2024-09-03T01:00:00,0.0
2024-09-03T02:00:00,0.0
2024-09-03T03:00:00,0.0
2024-09-03T04:00:00,0.0
2024-09-03T05:00:00,0.0
2024-09-03T06:00:00,86.93
2024-09-03T07:00:00,301.52
2024-09-03T08:00:00,521.78
2024-09-03T09:00:00,712.65
2024-09-03T10:00:00,860.53
2024-09-03T11:00:00,911.8
2024-09-03T12:00:00,888.03
2024-09-03T13:00:00,784.38
2024-09-03T14:00:00,627.22
2024-09-03T15:00:00,420.45
2024-09-03T16:00:00,194.75
2024-09-03T17:00:00,19.15
2024-09-03T18:00:00,0.0
2024-09-03T19:00:00,0.0
2024-09-03T20:00:00,0.0
2024-09-03T21:00:00,0.0
2024-09-03T22:00:00,0.0
2024-09-03T23:00:00,0.0
2024-09-04T00:00:00,0.0
2024-09-04T01:00:00,0.0
2024-09-04T02:00:00,0.0
2024-09-04T03:00:00,0.0
2024-09-04T04:00:00,0.0
2024-09-04T05:00:00,0.0
2024-09-04T06:00:00,87.6
2024-09-04T07:00:00,295.6
2024-09-04T08:00:00,509.5
2024-09-04T09:00:00,710.4
2024-09-04T10:00:00,832.83
2024-09-04T11:00:00,883.65
2024-09-04T12:00:00,865.65
2024-09-04T13:00:00,752.28
2024-09-04T14:00:00,509.15
2024-09-04T15:00:00,338.08
2024-09-04T16:00:00,152.62
2024-09-04T17:00:00,16.15
2024-09-04T18:00:00,0.0
2024-09-04T19:00:00,0.0
2024-09-04T20:00:00,0.0
2024-09-04T21:00:00,0.0
2024-09-04T22:00:00,0.0
2024-09-04T23:00:00,0.0
2024-09-05T00:00:00,0.0
2024-09-05T01:00:00,0.0
2024-09-05T02:00:00,0.0
2024-09-05T03:00:00,0.0
2024-09-05T04:00:00,0.0
2024-09-05T05:00:00,0.0
2024-09-05T06:00:00,72.5
2024-09-05T07:00:00,213.68
2024-09-05T08:00:00,400.0
2024-09-05T09:00:00,532.78
2024-09-05T10:00:00,620.38
2024-09-05T11:00:00,620.6
2024-09-05T12:00:00,633.4
2024-09-05T13:00:00,564.75
2024-09-05T14:00:00,472.23
2024-09-05T15:00:00,293.85
2024-09-05T16:00:00,125.45
2024-09-05T17:00:00,12.8
2024-09-05T18:00:00,0.0
2024-09-05T19:00:00,0.0
2024-09-05T20:00:00,0.0
2024-09-05T21:00:00,0.0
2024-09-05T22:00:00,0.0
2024-09-05T23:00:00,0.0
2024-09-06T00:00:00,0.0
2024-09-06T01:00:00,0.0
2024-09-06T02:00:00,0.0
2024-09-06T03:00:00,0.0
2024-09-06T04:00:00,0.0
2024-09-06T05:00:00,0.0
2024-09-06T06:00:00,78.1
2024-09-06T07:00:00,278.25
2024-09-06T08:00:00,497.65
2024-09-06T09:00:00,671.0
2024-09-06T10:00:00,791.97
2024-09-06T11:00:00,847.17
2024-09-06T12:00:00,823.08
2024-09-06T13:00:00,673.12
2024-09-06T14:00:00,593.38
2024-09-06T15:00:00,383.88
2024-09-06T16:00:00,173.8
2024-09-06T17:00:00,17.83
2024-09-06T18:00:00,0.0
2024-09-06T19:00:00,0.0
2024-09-06T20:00:00,0.0
2024-09-06T21:00:00,0.0
2024-09-06T22:00:00,0.0
2024-09-06T23:00:00,0.0
2024-09-07T00:00:00,0.0
2024-09-07T01:00:00,0.0
2024-09-07T02:00:00,0.0
2024-09-07T03:00:00,0.0
2024-09-07T04:00:00,0.0
2024-09-07T05:00:00,0.0
2024-09-07T06:00:00,85.22
2024-09-07T07:00:00,264.35
2024-09-07T08:00:00,503.9
2024-09-07T09:00:00,690.28
2024-09-07T10:00:00,806.38
2024-09-07T11:00:00,898.62
2024-09-07T12:00:00,848.1
2024-09-07T13:00:00,768.72
2024-09-07T14:00:00,583.95
2024-09-07T15:00:00,308.02
2024-09-07T16:00:00,145.38
2024-09-07T17:00:00,15.48
2024-09-07T18:00:00,0.0
2024-09-07T19:00:00,0.0
2024-09-07T20:00:00,0.0
2024-09-07T21:00:00,0.0
2024-09-07T22:00:00,0.0
2024-09-07T23:00:00,0.0
2024-09-08T00:00:00,0.0
2024-09-08T01:00:00,0.0
2024-09-08T02:00:00,0.0
2024-09-08T03:00:00,0.0
2024-09-08T04:00:00,0.0
2024-09-08T05:00:00,0.0
2024-09-08T06:00:00,75.78
2024-09-08T07:00:00,227.75
2024-09-08T08:00:00,404.55
2024-09-08T09:00:00,615.75
2024-09-08T10:00:00,721.17
2024-09-08T11:00:00,834.7
2024-09-08T12:00:00,829.22
2024-09-08T13:00:00,710.45
2024-09-08T14:00:00,558.33
2024-09-08T15:00:00,303.2
2024-09-08T16:00:00,138.05
2024-09-08T17:00:00,14.02
2024-09-08T18:00:00,0.0
2024-09-08T19:00:00,0.0
2024-09-08T20:00:00,0.0
2024-09-08T21:00:00,0.0
2024-09-08T22:00:00,0.0
2024-09-08T23:00:00,0.0
2024-09-09T00:00:00,0.0
2024-09-09T01:00:00,0.0
2024-09-09T02:00:00,0.0
2024-09-09T03:00:00,0.0
2024-09-09T04:00:00,0.0
2024-09-09T05:00:00,0.0
2024-09-09T06:00:00,105.53
2024-09-09T07:00:00,339.2
2024-09-09T08:00:00,575.4
2024-09-09T09:00:00,774.0
2024-09-09T10:00:00,885.65
2024-09-09T11:00:00,897.8
2024-09-09T12:00:00,846.88
2024-09-09T13:00:00,754.42
2024-09-09T14:00:00,603.3
2024-09-09T15:00:00,351.83
2024-09-09T16:00:00,167.93
2024-09-09T17:00:00,17.62
2024-09-09T18:00:00,0.0
2024-09-09T19:00:00,0.0
2024-09-09T20:00:00,0.0
2024-09-09T21:00:00,0.0
2024-09-09T22:00:00,0.0
2024-09-09T23:00:00,0.0
2024-09-10T00:00:00,0.0
2024-09-10T01:00:00,0.0
2024-09-10T02:00:00,0.0
2024-09-10T03:00:00,0.0
2024-09-10T04:00:00,0.0
2024-09-10T05:00:00,0.0
2024-09-10T06:00:00,74.72
2024-09-10T07:00:00,225.73
2024-09-10T08:00:00,447.23
2024-09-10T09:00:00,648.75
2024-09-10T10:00:00,760.78
2024-09-10T11:00:00,777.97
2024-09-10T12:00:00,692.83
2024-09-10T13:00:00,502.6
2024-09-10T14:00:00,345.42
2024-09-10T15:00:00,233.2
2024-09-10T16:00:00,111.43
2024-09-10T17:00:00,12.07
2024-09-10T18:00:00,0.0
2024-09-10T19:00:00,0.0
2024-09-10T20:00:00,0.0
2024-09-10T21:00:00,0.0
2024-09-10T22:00:00,0.0
2024-09-10T23:00:00,0.0
2024-09-11T00:00:00,0.0
2024-09-11T01:00:00,0.0
2024-09-11T02:00:00,0.0
2024-09-11T03:00:00,0.0
2024-09-11T04:00:00,0.0
2024-09-11T05:00:00,0.0
2024-09-11T06:00:00,85.1
2024-09-11T07:00:00,276.42
2024-09-11T08:00:00,488.33
2024-09-11T09:00:00,668.03
2024-09-11T10:00:00,829.95
2024-09-11T11:00:00,854.62
2024-09-11T12:00:00,823.12
2024-09-11T13:00:00,685.33
2024-09-11T14:00:00,505.15
2024-09-11T15:00:00,322.23
2024-09-11T16:00:00,148.65
2024-09-11T17:00:00,14.77
2024-09-11T18:00:00,0.0
2024-09-11T19:00:00,0.0
2024-09-11T20:00:00,0.0
2024-09-11T21:00:00,0.0
2024-09-11T22:00:00,0.0
2024-09-11T23:00:00,0.0
2024-09-12T00:00:00,0.0
2024-09-12T01:00:00,0.0
2024-09-12T02:00:00,0.0
2024-09-12T03:00:00,0.0
2024-09-12T04:00:00,0.0
2024-09-12T05:00:00,0.0
2024-09-12T06:00:00,85.1
2024-09-12T07:00:00,242.55
2024-09-12T08:00:00,497.48
2024-09-12T09:00:00,694.62
2024-09-12T10:00:00,828.9
2024-09-12T11:00:00,868.92
2024-09-12T12:00:00,836.7
2024-09-12T13:00:00,784.65
2024-09-12T14:00:00,614.95
2024-09-12T15:00:00,381.0
2024-09-12T16:00:00,183.75
2024-09-12T17:00:00,20.1
2024-09-12T18:00:00,0.0
2024-09-12T19:00:00,0.0
2024-09-12T20:00:00,0.0
2024-09-12T21:00:00,0.0
2024-09-12T22:00:00,0.0
2024-09-12T23:00:00,0.0
2024-09-13T00:00:00,0.0
2024-09-13T01:00:00,0.0
2024-09-13T02:00:00,0.0
2024-09-13T03:00:00,0.0
2024-09-13T04:00:00,0.0
2024-09-13T05:00:00,0.0
2024-09-13T06:00:00,123.07
2024-09-13T07:00:00,338.08
2024-09-13T08:00:00,564.4
2024-09-13T09:00:00,754.08
2024-09-13T10:00:00,858.97
2024-09-13T11:00:00,876.2
2024-09-13T12:00:00,864.33
2024-09-13T13:00:00,739.53
2024-09-13T14:00:00,581.17
2024-09-13T15:00:00,374.67
2024-09-13T16:00:00,163.48
2024-09-13T17:00:00,17.48
2024-09-13T18:00:00,0.0
2024-09-13T19:00:00,0.0
2024-09-13T20:00:00,0.0
2024-09-13T21:00:00,0.0
2024-09-13T22:00:00,0.0
2024-09-13T23:00:00,0.0
2024-09-14T00:00:00,0.0
2024-09-14T01:00:00,0.0
2024-09-14T02:00:00,0.0
2024-09-14T03:00:00,0.0
2024-09-14T04:00:00,0.0
2024-09-14T05:00:00,0.0
2024-09-14T06:00:00,50.75
2024-09-14T07:00:00,151.12
2024-09-14T08:00:00,273.65
2024-09-14T09:00:00,440.0
2024-09-14T10:00:00,494.38
2024-09-14T11:00:00,566.72
2024-09-14T12:00:00,563.53
2024-09-14T13:00:00,413.65
2024-09-14T14:00:00,284.75
2024-09-14T15:00:00,182.85
2024-09-14T16:00:00,85.3
2024-09-14T17:00:00,8.43
2024-09-14T18:00:00,0.0
2024-09-14T19:00:00,0.0
2024-09-14T20:00:00,0.0
2024-09-14T21:00:00,0.0
2024-09-14T22:00:00,0.0
2024-09-14T23:00:00,0.0
2024-09-15T00:00:00,0.0
2024-09-15T01:00:00,0.0
2024-09-15T02:00:00,0.0
2024-09-15T03:00:00,0.0
2024-09-15T04:00:00,0.0
2024-09-15T05:00:00,0.0
2024-09-15T06:00:00,76.43
2024-09-15T07:00:00,199.27
2024-09-15T08:00:00,331.12
2024-09-15T09:00:00,599.78
2024-09-15T10:00:00,602.1
2024-09-15T11:00:00,601.12
2024-09-15T12:00:00,635.53
2024-09-15T13:00:00,468.73
2024-09-15T14:00:00,405.05
2024-09-15T15:00:00,230.12
2024-09-15T16:00:00,108.88
2024-09-15T17:00:00,10.07
2024-09-15T18:00:00,0.0
2024-09-15T19:00:00,0.0
2024-09-15T20:00:00,0.0
2024-09-15T21:00:00,0.0
2024-09-15T22:00:00,0.0
2024-09-15T23:00:00,0.0
2024-09-16T00:00:00,0.0
2024-09-16T01:00:00,0.0
2024-09-16T02:00:00,0.0
2024-09-16T03:00:00,0.0
2024-09-16T04:00:00,0.0
2024-09-16T05:00:00,0.0
2024-09-16T06:00:00,53.47
2024-09-16T07:00:00,138.1
2024-09-16T08:00:00,242.88
2024-09-16T09:00:00,299.27
2024-09-16T10:00:00,384.02
2024-09-16T11:00:00,469.6
2024-09-16T12:00:00,398.73
2024-09-16T13:00:00,450.88
2024-09-16T14:00:00,384.73
2024-09-16T15:00:00,240.0
2024-09-16T16:00:00,111.0
2024-09-16T17:00:00,6.5
2024-09-16T18:00:00,0.0
2024-09-16T19:00:00,0.0
2024-09-16T20:00:00,0.0
2024-09-16T21:00:00,0.0
2024-09-16T22:00:00,0.0
2024-09-16T23:00:00,0.0
2024-09-17T00:00:00,0.0
2024-09-17T01:00:00,0.0
2024-09-17T02:00:00,0.0
2024-09-17T03:00:00,0.0
2024-09-17T04:00:00,0.0
2024-09-17T05:00:00,0.0
2024-09-17T06:00:00,103.55
2024-09-17T07:00:00,275.33
2024-09-17T08:00:00,417.0
2024-09-17T09:00:00,596.92
2024-09-17T10:00:00,698.9
2024-09-17T11:00:00,668.28
2024-09-17T12:00:00,644.0
2024-09-17T13:00:00,502.05
2024-09-17T14:00:00,297.08
2024-09-17T15:00:00,173.23
2024-09-17T16:00:00,84.85
2024-09-17T17:00:00,8.23
2024-09-17T18:00:00,0.0
2024-09-17T19:00:00,0.0
2024-09-17T20:00:00,0.0
2024-09-17T21:00:00,0.0
2024-09-17T22:00:00,0.0
2024-09-17T23:00:00,0.0
2024-09-18T00:00:00,0.0
2024-09-18T01:00:00,0.0
2024-09-18T02:00:00,0.0
2024-09-18T03:00:00,0.0
2024-09-18T04:00:00,0.0
2024-09-18T05:00:00,2.88
2024-09-18T06:00:00,88.05
2024-09-18T07:00:00,261.88
2024-09-18T08:00:00,424.12
2024-09-18T09:00:00,552.12
2024-09-18T10:00:00,691.72
2024-09-18T11:00:00,837.4
2024-09-18T12:00:00,834.38
2024-09-18T13:00:00,654.3
2024-09-18T14:00:00,563.9
2024-09-18T15:00:00,391.35
2024-09-18T16:00:00,141.93
2024-09-18T17:00:00,16.2
2024-09-18T18:00:00,0.0
2024-09-18T19:00:00,0.0
2024-09-18T20:00:00,0.0
2024-09-18T21:00:00,0.0
2024-09-18T22:00:00,0.0
2024-09-18T23:00:00,0.0
2024-09-19T00:00:00,0.0
2024-09-19T01:00:00,0.0
2024-09-19T02:00:00,0.0
2024-09-19T03:00:00,0.0
2024-09-19T04:00:00,0.0
2024-09-19T05:00:00,2.9
2024-09-19T06:00:00,72.25
2024-09-19T07:00:00,251.68
2024-09-19T08:00:00,408.8
2024-09-19T09:00:00,560.0
2024-09-19T10:00:00,612.7
2024-09-19T11:00:00,731.15
2024-09-19T12:00:00,818.6
2024-09-19T13:00:00,666.38
2024-09-19T14:00:00,602.3
2024-09-19T15:00:00,383.12
2024-09-19T16:00:00,156.05
2024-09-19T17:00:00,18.42
2024-09-19T18:00:00,0.0
2024-09-19T19:00:00,0.0
2024-09-19T20:00:00,0.0
2024-09-19T21:00:00,0.0
2024-09-19T22:00:00,0.0
2024-09-19T23:00:00,0.0
2024-09-20T00:00:00,0.0
2024-09-20T01:00:00,0.0
2024-09-20T02:00:00,0.0
2024-09-20T03:00:00,0.0
2024-09-20T04:00:00,0.0
2024-09-20T05:00:00,3.25
2024-09-20T06:00:00,87.4
2024-09-20T07:00:00,273.0
2024-09-20T08:00:00,442.42
2024-09-20T09:00:00,733.88
2024-09-20T10:00:00,883.38
2024-09-20T11:00:00,912.97
2024-09-20T12:00:00,907.88
2024-09-20T13:00:00,772.75
2024-09-20T14:00:00,601.45
2024-09-20T15:00:00,396.77
2024-09-20T16:00:00,180.62
2024-09-20T17:00:00,20.35
2024-09-20T18:00:00,0.0
2024-09-20T19:00:00,0.0
2024-09-20T20:00:00,0.0
2024-09-20T21:00:00,0.0
2024-09-20T22:00:00,0.0
2024-09-20T23:00:00,0.0
2024-09-21T00:00:00,0.0
2024-09-21T01:00:00,0.0
2024-09-21T02:00:00,0.0
2024-09-21T03:00:00,0.0
2024-09-21T04:00:00,0.0
2024-09-21T05:00:00,4.57
2024-09-21T06:00:00,124.88
2024-09-21T07:00:00,329.2
2024-09-21T08:00:00,568.05
2024-09-21T09:00:00,748.65
2024-09-21T10:00:00,864.08
2024-09-21T11:00:00,902.62
2024-09-21T12:00:00,847.8
2024-09-21T13:00:00,735.72
2024-09-21T14:00:00,590.6
2024-09-21T15:00:00,382.25
2024-09-21T16:00:00,173.4
2024-09-21T17:00:00,18.98
2024-09-21T18:00:00,0.0
2024-09-21T19:00:00,0.0
2024-09-21T20:00:00,0.0
2024-09-21T21:00:00,0.0
2024-09-21T22:00:00,0.0
2024-09-21T23:00:00,0.0
2024-09-22T00:00:00,0.0
2024-09-22T01:00:00,0.0
2024-09-22T02:00:00,0.0
2024-09-22T03:00:00,0.0
2024-09-22T04:00:00,0.0
2024-09-22T05:00:00,4.15
2024-09-22T06:00:00,95.72
2024-09-22T07:00:00,249.02
2024-09-22T08:00:00,398.92
2024-09-22T09:00:00,620.08
2024-09-22T10:00:00,779.45
2024-09-22T11:00:00,846.5
2024-09-22T12:00:00,828.3
2024-09-22T13:00:00,632.65
2024-09-22T14:00:00,515.9
2024-09-22T15:00:00,331.42
2024-09-22T16:00:00,142.18
2024-09-22T17:00:00,16.42
2024-09-22T18:00:00,0.0
2024-09-22T19:00:00,0.0
2024-09-22T20:00:00,0.0
2024-09-22T21:00:00,0.0
2024-09-22T22:00:00,0.0
2024-09-22T23:00:00,0.0
2024-09-23T00:00:00,0.0
2024-09-23T01:00:00,0.0
2024-09-23T02:00:00,0.0
2024-09-23T03:00:00,0.0
2024-09-23T04:00:00,0.0
2024-09-23T05:00:00,4.28
2024-09-23T06:00:00,101.53
2024-09-23T07:00:00,280.6
2024-09-23T08:00:00,466.7
2024-09-23T09:00:00,673.95
2024-09-23T10:00:00,791.85
2024-09-23T11:00:00,810.38
2024-09-23T12:00:00,791.67
2024-09-23T13:00:00,665.67
2024-09-23T14:00:00,467.25
2024-09-23T15:00:00,281.5
2024-09-23T16:00:00,141.8
2024-09-23T17:00:00,13.1
2024-09-23T18:00:00,0.0
2024-09-23T19:00:00,0.0
2024-09-23T20:00:00,0.0
2024-09-23T21:00:00,0.0
2024-09-23T22:00:00,0.0
2024-09-23T23:00:00,0.0
2024-09-24T00:00:00,0.0
2024-09-24T01:00:00,0.0
2024-09-24T02:00:00,0.0
2024-09-24T03:00:00,0.0
2024-09-24T04:00:00,0.0
2024-09-24T05:00:00,2.35
2024-09-24T06:00:00,44.35
2024-09-24T07:00:00,123.43
2024-09-24T08:00:00,210.0
2024-09-24T09:00:00,345.1
2024-09-24T10:00:00,377.98
2024-09-24T11:00:00,388.55
2024-09-24T12:00:00,241.25
2024-09-24T13:00:00,165.82
2024-09-24T14:00:00,246.3
2024-09-24T15:00:00,112.68
2024-09-24T16:00:00,70.9
2024-09-24T17:00:00,9.2
2024-09-24T18:00:00,0.0
2024-09-24T19:00:00,0.0
2024-09-24T20:00:00,0.0
2024-09-24T21:00:00,0.0
2024-09-24T22:00:00,0.0
2024-09-24T23:00:00,0.0
2024-09-25T00:00:00,0.0
2024-09-25T01:00:00,0.0
2024-09-25T02:00:00,0.0
2024-09-25T03:00:00,0.0
2024-09-25T04:00:00,0.0
2024-09-25T05:00:00,5.03
2024-09-25T06:00:00,93.22
2024-09-25T07:00:00,234.75
2024-09-25T08:00:00,429.02
2024-09-25T09:00:00,567.75
2024-09-25T10:00:00,610.2
2024-09-25T11:00:00,766.08
2024-09-25T12:00:00,807.85
2024-09-25T13:00:00,718.05
2024-09-25T14:00:00,588.45
2024-09-25T15:00:00,374.23
2024-09-25T16:00:00,172.6
2024-09-25T17:00:00,17.2
2024-09-25T18:00:00,0.0
2024-09-25T19:00:00,0.0
2024-09-25T20:00:00,0.0
2024-09-25T21:00:00,0.0
2024-09-25T22:00:00,0.0
2024-09-25T23:00:00,0.0
2024-09-26T00:00:00,0.0
2024-09-26T01:00:00,0.0
2024-09-26T02:00:00,0.0
2024-09-26T03:00:00,0.0
2024-09-26T04:00:00,0.0
2024-09-26T05:00:00,6.6
2024-09-26T06:00:00,129.02
2024-09-26T07:00:00,344.65
2024-09-26T08:00:00,567.85
2024-09-26T09:00:00,736.75
2024-09-26T10:00:00,864.6
2024-09-26T11:00:00,913.15
2024-09-26T12:00:00,890.15
2024-09-26T13:00:00,795.12
2024-09-26T14:00:00,623.38
2024-09-26T15:00:00,417.05
2024-09-26T16:00:00,194.5
2024-09-26T17:00:00,22.8
2024-09-26T18:00:00,0.0
2024-09-26T19:00:00,0.0
2024-09-26T20:00:00,0.0
2024-09-26T21:00:00,0.0
2024-09-26T22:00:00,0.0
2024-09-26T23:00:00,0.0
2024-09-27T00:00:00,0.0
2024-09-27T01:00:00,0.0
2024-09-27T02:00:00,0.0
2024-09-27T03:00:00,0.0
2024-09-27T04:00:00,0.0
2024-09-27T05:00:00,8.4
2024-09-27T06:00:00,165.85
2024-09-27T07:00:00,405.9
2024-09-27T08:00:00,636.55
2024-09-27T09:00:00,831.25
2024-09-27T10:00:00,944.33
2024-09-27T11:00:00,971.42
2024-09-27T12:00:00,923.1
2024-09-27T13:00:00,836.8
2024-09-27T14:00:00,653.53
2024-09-27T15:00:00,432.7
2024-09-27T16:00:00,201.98
2024-09-27T17:00:00,23.95
2024-09-27T18:00:00,0.0
2024-09-27T19:00:00,0.0
2024-09-27T20:00:00,0.0
2024-09-27T21:00:00,0.0
2024-09-27T22:00:00,0.0
2024-09-27T23:00:00,0.0
2024-09-28T00:00:00,0.0
2024-09-28T01:00:00,0.0
2024-09-28T02:00:00,0.0
2024-09-28T03:00:00,0.0
2024-09-28T04:00:00,0.0
2024-09-28T05:00:00,8.73
2024-09-28T06:00:00,164.8
2024-09-28T07:00:00,401.48
2024-09-28T08:00:00,628.08
2024-09-28T09:00:00,815.53
2024-09-28T10:00:00,927.12
2024-09-28T11:00:00,938.28
2024-09-28T12:00:00,825.75
2024-09-28T13:00:00,695.83
2024-09-28T14:00:00,540.8
2024-09-28T15:00:00,284.35
2024-09-28T16:00:00,141.18
2024-09-28T17:00:00,15.93
2024-09-28T18:00:00,0.0
2024-09-28T19:00:00,0.0
2024-09-28T20:00:00,0.0
2024-09-28T21:00:00,0.0
2024-09-28T22:00:00,0.0
2024-09-28T23:00:00,0.0
2024-09-29T00:00:00,0.0
2024-09-29T01:00:00,0.0
2024-09-29T02:00:00,0.0
2024-09-29T03:00:00,0.0
2024-09-29T04:00:00,0.0
2024-09-29T05:00:00,5.43
2024-09-29T06:00:00,70.9
2024-09-29T07:00:00,188.9
2024-09-29T08:00:00,324.95
2024-09-29T09:00:00,454.75
2024-09-29T10:00:00,491.62
2024-09-29T11:00:00,608.4
2024-09-29T12:00:00,599.2
2024-09-29T13:00:00,629.0
2024-09-29T14:00:00,515.9
2024-09-29T15:00:00,328.23
2024-09-29T16:00:00,133.23
2024-09-29T17:00:00,16.52
2024-09-29T18:00:00,0.0
2024-09-29T19:00:00,0.0
2024-09-29T20:00:00,0.0
2024-09-29T21:00:00,0.0
2024-09-29T22:00:00,0.0
2024-09-29T23:00:00,0.0
2024-09-30T00:00:00,0.0
2024-09-30T01:00:00,0.0
2024-09-30T02:00:00,0.0
2024-09-30T03:00:00,0.0
2024-09-30T04:00:00,0.0
2024-09-30T05:00:00,8.65
2024-09-30T06:00:00,120.78
2024-09-30T07:00:00,312.02
2024-09-30T08:00:00,506.3
2024-09-30T09:00:00,704.33
2024-09-30T10:00:00,792.47
2024-09-30T11:00:00,774.22
2024-09-30T12:00:00,742.7
2024-09-30T13:00:00,669.83
2024-09-30T14:00:00,562.38
2024-09-30T15:00:00,357.95
2024-09-30T16:00:00,163.73
2024-09-30T17:00:00,19.65
2024-09-30T18:00:00,0.0
2024-09-30T19:00:00,0.0
2024-09-30T20:00:00,0.0
2024-09-30T21:00:00,0.0
2024-09-30T22:00:00,0.0
2024-09-30T23:00:00,0.0
2024-10-01T00:00:00,0.0
2024-10-01T01:00:00,0.0
2024-10-01T02:00:00,0.0
2024-10-01T03:00:00,0.0
2024-10-01T04:00:00,0.0
2024-10-01T05:00:00,10.18
2024-10-01T06:00:00,163.18
2024-10-01T07:00:00,390.15
2024-10-01T08:00:00,646.67
2024-10-01T09:00:00,828.45
2024-10-01T10:00:00,942.35
2024-10-01T11:00:00,982.58
2024-10-01T12:00:00,951.2
2024-10-01T13:00:00,846.22
2024-10-01T14:00:00,675.7
2024-10-01T15:00:00,462.6
2024-10-01T16:00:00,221.32
2024-10-01T17:00:00,24.98
2024-10-01T18:00:00,0.0
2024-10-01T19:00:00,0.0
2024-10-01T20:00:00,0.0
2024-10-01T21:00:00,0.0
2024-10-01T22:00:00,0.0
2024-10-01T23:00:00,0.0
2024-10-02T00:00:00,0.0
2024-10-02T01:00:00,0.0
2024-10-02T02:00:00,0.0
2024-10-02T03:00:00,0.0
2024-10-02T04:00:00,0.0
2024-10-02T05:00:00,12.02
2024-10-02T06:00:00,186.45
2024-10-02T07:00:00,428.27
2024-10-02T08:00:00,664.2
2024-10-02T09:00:00,849.5
2024-10-02T10:00:00,958.65
2024-10-02T11:00:00,1002.3
2024-10-02T12:00:00,962.6
2024-10-02T13:00:00,871.95
2024-10-02T14:00:00,694.28
2024-10-02T15:00:00,469.0
2024-10-02T16:00:00,225.5
2024-10-02T17:00:00,26.6
2024-10-02T18:00:00,0.0
2024-10-02T19:00:00,0.0
2024-10-02T20:00:00,0.0
2024-10-02T21:00:00,0.0
2024-10-02T22:00:00,0.0
2024-10-02T23:00:00,0.0
2024-10-03T00:00:00,0.0
2024-10-03T01:00:00,0.0
2024-10-03T02:00:00,0.0
2024-10-03T03:00:00,0.0
2024-10-03T04:00:00,0.0
2024-10-03T05:00:00,12.27
2024-10-03T06:00:00,173.95
2024-10-03T07:00:00,411.83
2024-10-03T08:00:00,629.7
2024-10-03T09:00:00,817.97
2024-10-03T10:00:00,932.62
2024-10-03T11:00:00,940.65
2024-10-03T12:00:00,912.95
2024-10-03T13:00:00,808.7
2024-10-03T14:00:00,679.5
2024-10-03T15:00:00,453.83
2024-10-03T16:00:00,216.55
2024-10-03T17:00:00,25.83
2024-10-03T18:00:00,0.0
2024-10-03T19:00:00,0.0
2024-10-03T20:00:00,0.0
2024-10-03T21:00:00,0.0
2024-10-03T22:00:00,0.0
2024-10-03T23:00:00,0.0
2024-10-04T00:00:00,0.0
2024-10-04T01:00:00,0.0
2024-10-04T02:00:00,0.0
2024-10-04T03:00:00,0.0
2024-10-04T04:00:00,0.0
2024-10-04T05:00:00,12.7
2024-10-04T06:00:00,163.98
2024-10-04T07:00:00,382.27
2024-10-04T08:00:00,584.55
2024-10-04T09:00:00,762.55
2024-10-04T10:00:00,846.7
2024-10-04T11:00:00,886.65
2024-10-04T12:00:00,860.03
2024-10-04T13:00:00,721.3
2024-10-04T14:00:00,568.9
2024-10-04T15:00:00,363.48
2024-10-04T16:00:00,166.12
2024-10-04T17:00:00,21.58
2024-10-04T18:00:00,0.0
2024-10-04T19:00:00,0.0
2024-10-04T20:00:00,0.0
2024-10-04T21:00:00,0.0
2024-10-04T22:00:00,0.0
2024-10-04T23:00:00,0.0
2024-10-05T00:00:00,0.0
2024-10-05T01:00:00,0.0
2024-10-05T02:00:00,0.0
2024-10-05T03:00:00,0.0
2024-10-05T04:00:00,0.0
2024-10-05T05:00:00,13.15
2024-10-05T06:00:00,148.43
2024-10-05T07:00:00,341.7
2024-10-05T08:00:00,509.8
2024-10-05T09:00:00,655.53
2024-10-05T10:00:00,817.47
2024-10-05T11:00:00,911.92
2024-10-05T12:00:00,895.1
2024-10-05T13:00:00,785.08
2024-10-05T14:00:00,618.3
2024-10-05T15:00:00,412.2
2024-10-05T16:00:00,191.68
2024-10-05T17:00:00,23.0
2024-10-05T18:00:00,0.0
2024-10-05T19:00:00,0.0
2024-10-05T20:00:00,0.0
2024-10-05T21:00:00,0.0
2024-10-05T22:00:00,0.0
2024-10-05T23:00:00,0.0
2024-10-06T00:00:00,0.0
2024-10-06T01:00:00,0.0
2024-10-06T02:00:00,0.0
2024-10-06T03:00:00,0.0
2024-10-06T04:00:00,0.0
2024-10-06T05:00:00,13.32
2024-10-06T06:00:00,164.07
2024-10-06T07:00:00,387.27
2024-10-06T08:00:00,593.15
2024-10-06T09:00:00,769.03
2024-10-06T10:00:00,880.8
2024-10-06T11:00:00,900.05
2024-10-06T12:00:00,803.65
2024-10-06T13:00:00,632.5
2024-10-06T14:00:00,427.58
2024-10-06T15:00:00,265.77
2024-10-06T16:00:00,120.18
2024-10-06T17:00:00,16.75
2024-10-06T18:00:00,0.0
2024-10-06T19:00:00,0.0
2024-10-06T20:00:00,0.0
2024-10-06T21:00:00,0.0
2024-10-06T22:00:00,0.0
2024-10-06T23:00:00,0.0
2024-10-07T00:00:00,0.0
2024-10-07T01:00:00,0.0
2024-10-07T02:00:00,0.0
2024-10-07T03:00:00,0.0
2024-10-07T04:00:00,0.0
2024-10-07T05:00:00,13.07
2024-10-07T06:00:00,157.62
2024-10-07T07:00:00,362.2
2024-10-07T08:00:00,596.72
2024-10-07T09:00:00,753.28
2024-10-07T10:00:00,846.0
2024-10-07T11:00:00,837.62
2024-10-07T12:00:00,807.0
2024-10-07T13:00:00,706.0
2024-10-07T14:00:00,559.9
2024-10-07T15:00:00,362.17
2024-10-07T16:00:00,169.2
2024-10-07T17:00:00,22.75
2024-10-07T18:00:00,0.0
2024-10-07T19:00:00,0.0
2024-10-07T20:00:00,0.0
2024-10-07T21:00:00,0.0
2024-10-07T22:00:00,0.0
2024-10-07T23:00:00,0.0
2024-10-08T00:00:00,0.0
2024-10-08T01:00:00,0.0
2024-10-08T02:00:00,0.0
2024-10-08T03:00:00,0.0
2024-10-08T04:00:00,0.0
2024-10-08T05:00:00,14.18
2024-10-08T06:00:00,155.75
2024-10-08T07:00:00,334.12
2024-10-08T08:00:00,552.3
2024-10-08T09:00:00,749.17
2024-10-08T10:00:00,847.25
2024-10-08T11:00:00,944.88
2024-10-08T12:00:00,903.67
2024-10-08T13:00:00,813.12
2024-10-08T14:00:00,634.42
2024-10-08T15:00:00,417.75
2024-10-08T16:00:00,184.2
2024-10-08T17:00:00,23.7
2024-10-08T18:00:00,0.0
2024-10-08T19:00:00,0.0
2024-10-08T20:00:00,0.0
2024-10-08T21:00:00,0.0
2024-10-08T22:00:00,0.0
2024-10-08T23:00:00,0.0
2024-10-09T00:00:00,0.0
2024-10-09T01:00:00,0.0
2024-10-09T02:00:00,0.0
2024-10-09T03:00:00,0.0
2024-10-09T04:00:00,0.0
2024-10-09T05:00:00,15.4
2024-10-09T06:00:00,175.57
2024-10-09T07:00:00,388.08
2024-10-09T08:00:00,563.47
2024-10-09T09:00:00,665.92
2024-10-09T10:00:00,750.53
2024-10-09T11:00:00,689.7
2024-10-09T12:00:00,698.65
2024-10-09T13:00:00,480.77
2024-10-09T14:00:00,479.2
2024-10-09T15:00:00,302.08
2024-10-09T16:00:00,143.0
2024-10-09T17:00:00,19.9
2024-10-09T18:00:00,0.0
2024-10-09T19:00:00,0.0
2024-10-09T20:00:00,0.0
2024-10-09T21:00:00,0.0
2024-10-09T22:00:00,0.0
2024-10-09T23:00:00,0.0
2024-10-10T00:00:00,0.0
2024-10-10T01:00:00,0.0
2024-10-10T02:00:00,0.0
2024-10-10T03:00:00,0.0
2024-10-10T04:00:00,0.0
2024-10-10T05:00:00,16.67
2024-10-10T06:00:00,166.23
2024-10-10T07:00:00,378.08
2024-10-10T08:00:00,577.42
2024-10-10T09:00:00,681.45
2024-10-10T10:00:00,840.05
2024-10-10T11:00:00,922.47
2024-10-10T12:00:00,747.88
2024-10-10T13:00:00,737.9
2024-10-10T14:00:00,629.5
2024-10-10T15:00:00,359.2
2024-10-10T16:00:00,164.82
2024-10-10T17:00:00,21.33
2024-10-10T18:00:00,0.0
2024-10-10T19:00:00,0.0
2024-10-10T20:00:00,0.0
2024-10-10T21:00:00,0.0
2024-10-10T22:00:00,0.0
2024-10-10T23:00:00,0.0
2024-10-11T00:00:00,0.0
2024-10-11T01:00:00,0.0
2024-10-11T02:00:00,0.0
2024-10-11T03:00:00,0.0
2024-10-11T04:00:00,0.0
2024-10-11T05:00:00,16.67
2024-10-11T06:00:00,171.45
2024-10-11T07:00:00,376.6
2024-10-11T08:00:00,618.22
2024-10-11T09:00:00,816.08
2024-10-11T10:00:00,895.0
2024-10-11T11:00:00,898.8
2024-10-11T12:00:00,832.0
2024-10-11T13:00:00,666.0
2024-10-11T14:00:00,494.5
2024-10-11T15:00:00,351.58
2024-10-11T16:00:00,140.8
2024-10-11T17:00:00,19.15
2024-10-11T18:00:00,0.0
2024-10-11T19:00:00,0.0
2024-10-11T20:00:00,0.0
2024-10-11T21:00:00,0.0
2024-10-11T22:00:00,0.0
2024-10-11T23:00:00,0.0
2024-10-12T00:00:00,0.0
2024-10-12T01:00:00,0.0
2024-10-12T02:00:00,0.0
2024-10-12T03:00:00,0.0
2024-10-12T04:00:00,0.0
2024-10-12T05:00:00,12.77
2024-10-12T06:00:00,150.4
2024-10-12T07:00:00,338.08
2024-10-12T08:00:00,479.58
2024-10-12T09:00:00,584.55
2024-10-12T10:00:00,772.35
2024-10-12T11:00:00,806.08
2024-10-12T12:00:00,702.45
2024-10-12T13:00:00,656.0
2024-10-12T14:00:00,508.92
2024-10-12T15:00:00,291.85
2024-10-12T16:00:00,134.48
2024-10-12T17:00:00,17.98
2024-10-12T18:00:00,0.0
2024-10-12T19:00:00,0.0
2024-10-12T20:00:00,0.0
2024-10-12T21:00:00,0.0
2024-10-12T22:00:00,0.0
2024-10-12T23:00:00,0.0
2024-10-13T00:00:00,0.0
2024-10-13T01:00:00,0.0
2024-10-13T02:00:00,0.0
2024-10-13T03:00:00,0.0
2024-10-13T04:00:00,0.0
2024-10-13T05:00:00,16.02
2024-10-13T06:00:00,160.15
2024-10-13T07:00:00,390.8
2024-10-13T08:00:00,597.42
2024-10-13T09:00:00,711.3
2024-10-13T10:00:00,767.83
2024-10-13T11:00:00,801.15
2024-10-13T12:00:00,694.7
2024-10-13T13:00:00,620.97
2024-10-13T14:00:00,427.0
2024-10-13T15:00:00,274.33
2024-10-13T16:00:00,114.38
2024-10-13T17:00:00,15.57
2024-10-13T18:00:00,0.0
2024-10-13T19:00:00,0.0
2024-10-13T20:00:00,0.0
2024-10-13T21:00:00,0.0
2024-10-13T22:00:00,0.0
2024-10-13T23:00:00,0.0
2024-10-14T00:00:00,0.0
2024-10-14T01:00:00,0.0
2024-10-14T02:00:00,0.0
2024-10-14T03:00:00,0.0
2024-10-14T04:00:00,0.0
2024-10-14T05:00:00,11.45
2024-10-14T06:00:00,105.45
2024-10-14T07:00:00,260.0
2024-10-14T08:00:00,484.83
2024-10-14T09:00:00,559.4
2024-10-14T10:00:00,616.83
2024-10-14T11:00:00,520.88
2024-10-14T12:00:00,559.55
2024-10-14T13:00:00,544.53
2024-10-14T14:00:00,376.2
2024-10-14T15:00:00,225.4
2024-10-14T16:00:00,119.28
2024-10-14T17:00:00,11.18
2024-10-14T18:00:00,0.0
2024-10-14T19:00:00,0.0
2024-10-14T20:00:00,0.0
2024-10-14T21:00:00,0.0
2024-10-14T22:00:00,0.0
2024-10-14T23:00:00,0.0
2024-10-15T00:00:00,0.0
2024-10-15T01:00:00,0.0
2024-10-15T02:00:00,0.0
2024-10-15T03:00:00,0.0
2024-10-15T04:00:00,0.0
2024-10-15T05:00:00,6.8
2024-10-15T06:00:00,52.72
2024-10-15T07:00:00,132.82
2024-10-15T08:00:00,252.32
2024-10-15T09:00:00,432.4
2024-10-15T10:00:00,591.47
2024-10-15T11:00:00,575.92
2024-10-15T12:00:00,490.02
2024-10-15T13:00:00,249.9
2024-10-15T14:00:00,187.27
2024-10-15T15:00:00,153.77
2024-10-15T16:00:00,78.47
2024-10-15T17:00:00,11.55
2024-10-15T18:00:00,0.0
2024-10-15T19:00:00,0.0
2024-10-15T20:00:00,0.0
2024-10-15T21:00:00,0.0
2024-10-15T22:00:00,0.0
2024-10-15T23:00:00,0.0
2024-10-16T00:00:00,0.0
2024-10-16T01:00:00,0.0
2024-10-16T02:00:00,0.0
2024-10-16T03:00:00,0.0
2024-10-16T04:00:00,0.0
2024-10-16T05:00:00,12.62
2024-10-16T06:00:00,106.8
2024-10-16T07:00:00,243.77
2024-10-16T08:00:00,423.1
2024-10-16T09:00:00,535.78
2024-10-16T10:00:00,696.2
2024-10-16T11:00:00,662.42
2024-10-16T12:00:00,656.67
2024-10-16T13:00:00,576.0
2024-10-16T14:00:00,397.7
2024-10-16T15:00:00,229.8
2024-10-16T16:00:00,111.28
2024-10-16T17:00:00,12.3
2024-10-16T18:00:00,0.0
2024-10-16T19:00:00,0.0
2024-10-16T20:00:00,0.0
2024-10-16T21:00:00,0.0
2024-10-16T22:00:00,0.0
2024-10-16T23:00:00,0.0
2024-10-17T00:00:00,0.0
2024-10-17T01:00:00,0.0
2024-10-17T02:00:00,0.0
2024-10-17T03:00:00,0.0
2024-10-17T04:00:00,0.0
2024-10-17T05:00:00,13.02
2024-10-17T06:00:00,107.75
2024-10-17T07:00:00,287.3
2024-10-17T08:00:00,426.4
2024-10-17T09:00:00,542.42
2024-10-17T10:00:00,606.35
2024-10-17T11:00:00,683.38
2024-10-17T12:00:00,702.75
2024-10-17T13:00:00,517.65
2024-10-17T14:00:00,539.3
2024-10-17T15:00:00,438.92
2024-10-17T16:00:00,202.43
2024-10-17T17:00:00,25.52
2024-10-17T18:00:00,0.0
2024-10-17T19:00:00,0.0
2024-10-17T20:00:00,0.0
2024-10-17T21:00:00,0.0
2024-10-17T22:00:00,0.0
2024-10-17T23:00:00,0.0
2024-10-18T00:00:00,0.0
2024-10-18T01:00:00,0.0
2024-10-18T02:00:00,0.0
2024-10-18T03:00:00,0.0
2024-10-18T04:00:00,0.0
2024-10-18T05:00:00,25.73
2024-10-18T06:00:00,222.43
2024-10-18T07:00:00,474.17
2024-10-18T08:00:00,702.72
2024-10-18T09:00:00,868.5
2024-10-18T10:00:00,973.58
2024-10-18T11:00:00,1007.0
2024-10-18T12:00:00,940.38
2024-10-18T13:00:00,813.2
2024-10-18T14:00:00,624.17
2024-10-18T15:00:00,407.33
2024-10-18T16:00:00,199.7
2024-10-18T17:00:00,30.65
2024-10-18T18:00:00,0.0
2024-10-18T19:00:00,0.0
2024-10-18T20:00:00,0.0
2024-10-18T21:00:00,0.0
2024-10-18T22:00:00,0.0
2024-10-18T23:00:00,0.0
2024-10-19T00:00:00,0.0
2024-10-19T01:00:00,0.0
2024-10-19T02:00:00,0.0
2024-10-19T03:00:00,0.0
2024-10-19T04:00:00,0.0
2024-10-19T05:00:00,28.95
2024-10-19T06:00:00,230.77
2024-10-19T07:00:00,482.58
2024-10-19T08:00:00,711.45
2024-10-19T09:00:00,893.8
2024-10-19T10:00:00,1002.9
2024-10-19T11:00:00,1046.18
2024-10-19T12:00:00,1005.45
2024-10-19T13:00:00,890.28
2024-10-19T14:00:00,711.75
2024-10-19T15:00:00,476.83
2024-10-19T16:00:00,234.5
2024-10-19T17:00:00,33.38
2024-10-19T18:00:00,0.0
2024-10-19T19:00:00,0.0
2024-10-19T20:00:00,0.0
2024-10-19T21:00:00,0.0
2024-10-19T22:00:00,0.0
2024-10-19T23:00:00,0.0
2024-10-20T00:00:00,0.0
2024-10-20T01:00:00,0.0
2024-10-20T02:00:00,0.0
2024-10-20T03:00:00,0.0
2024-10-20T04:00:00,0.0
2024-10-20T05:00:00,28.52
2024-10-20T06:00:00,225.27
2024-10-20T07:00:00,474.08
2024-10-20T08:00:00,724.22
2024-10-20T09:00:00,902.22
2024-10-20T10:00:00,1014.55
2024-10-20T11:00:00,1044.65
2024-10-20T12:00:00,996.2
2024-10-20T13:00:00,869.38
2024-10-20T14:00:00,687.4
2024-10-20T15:00:00,457.4
2024-10-20T16:00:00,221.45
2024-10-20T17:00:00,31.4
2024-10-20T18:00:00,0.0
2024-10-20T19:00:00,0.0
2024-10-20T20:00:00,0.0
2024-10-20T21:00:00,0.0
2024-10-20T22:00:00,0.0
2024-10-20T23:00:00,0.0
2024-10-21T00:00:00,0.0
2024-10-21T01:00:00,0.0
2024-10-21T02:00:00,0.0
2024-10-21T03:00:00,0.0
2024-10-21T04:00:00,0.0
2024-10-21T05:00:00,27.27
2024-10-21T06:00:00,199.65
2024-10-21T07:00:00,422.62
2024-10-21T08:00:00,619.92
2024-10-21T09:00:00,813.38
2024-10-21T10:00:00,937.1
2024-10-21T11:00:00,959.67
2024-10-21T12:00:00,896.8
2024-10-21T13:00:00,789.7
2024-10-21T14:00:00,624.62
2024-10-21T15:00:00,442.23
2024-10-21T16:00:00,207.18
2024-10-21T17:00:00,27.9
2024-10-21T18:00:00,0.0
2024-10-21T19:00:00,0.0
2024-10-21T20:00:00,0.0
2024-10-21T21:00:00,0.0
2024-10-21T22:00:00,0.0
2024-10-21T23:00:00,0.0
2024-10-22T00:00:00,0.0
2024-10-22T01:00:00,0.0
2024-10-22T02:00:00,0.0
2024-10-22T03:00:00,0.0
2024-10-22T04:00:00,0.0
2024-10-22T05:00:00,25.23
2024-10-22T06:00:00,190.35
2024-10-22T07:00:00,420.15
2024-10-22T08:00:00,646.88
2024-10-22T09:00:00,829.25
2024-10-22T10:00:00,933.22
2024-10-22T11:00:00,777.78
2024-10-22T12:00:00,730.38
2024-10-22T13:00:00,649.92
2024-10-22T14:00:00,521.5
2024-10-22T15:00:00,297.27
2024-10-22T16:00:00,124.82
2024-10-22T17:00:00,19.0
2024-10-22T18:00:00,0.0
2024-10-22T19:00:00,0.0
2024-10-22T20:00:00,0.0
2024-10-22T21:00:00,0.0
2024-10-22T22:00:00,0.0
2024-10-22T23:00:00,0.0
2024-10-23T00:00:00,0.0
2024-10-23T01:00:00,0.0
2024-10-23T02:00:00,0.0
2024-10-23T03:00:00,0.0
2024-10-23T04:00:00,0.0
2024-10-23T05:00:00,12.55
2024-10-23T06:00:00,100.85
2024-10-23T07:00:00,238.05
2024-10-23T08:00:00,382.42
2024-10-23T09:00:00,476.67
2024-10-23T10:00:00,572.72
2024-10-23T11:00:00,643.62
2024-10-23T12:00:00,653.5
2024-10-23T13:00:00,606.47
2024-10-23T14:00:00,449.73
2024-10-23T15:00:00,283.85
2024-10-23T16:00:00,133.95
2024-10-23T17:00:00,16.7
2024-10-23T18:00:00,0.0
2024-10-23T19:00:00,0.0
2024-10-23T20:00:00,0.0
2024-10-23T21:00:00,0.0
2024-10-23T22:00:00,0.0
2024-10-23T23:00:00,0.0
2024-10-24T00:00:00,0.0
2024-10-24T01:00:00,0.0
2024-10-24T02:00:00,0.0
2024-10-24T03:00:00,0.0
2024-10-24T04:00:00,0.0
2024-10-24T05:00:00,16.65
2024-10-24T06:00:00,143.68
2024-10-24T07:00:00,351.15
2024-10-24T08:00:00,558.28
2024-10-24T09:00:00,648.05
2024-10-24T10:00:00,841.35
2024-10-24T11:00:00,826.58
2024-10-24T12:00:00,710.58
2024-10-24T13:00:00,563.08
2024-10-24T14:00:00,501.8
2024-10-24T15:00:00,333.77
2024-10-24T16:00:00,146.25
2024-10-24T17:00:00,17.83
2024-10-24T18:00:00,0.0
2024-10-24T19:00:00,0.0
2024-10-24T20:00:00,0.0
2024-10-24T21:00:00,0.0
2024-10-24T22:00:00,0.0
2024-10-24T23:00:00,0.0
2024-10-25T00:00:00,0.0
2024-10-25T01:00:00,0.0
2024-10-25T02:00:00,0.0
2024-10-25T03:00:00,0.0
2024-10-25T04:00:00,0.0
2024-10-25T05:00:00,32.45
2024-10-25T06:00:00,222.15
2024-10-25T07:00:00,462.33
2024-10-25T08:00:00,686.95
2024-10-25T09:00:00,872.03
2024-10-25T10:00:00,982.42
2024-10-25T11:00:00,1017.3
2024-10-25T12:00:00,958.55
2024-10-25T13:00:00,848.47
2024-10-25T14:00:00,661.92
2024-10-25T15:00:00,457.52
2024-10-25T16:00:00,227.4
2024-10-25T17:00:00,34.67
2024-10-25T18:00:00,0.0
2024-10-25T19:00:00,0.0
2024-10-25T20:00:00,0.0
2024-10-25T21:00:00,0.0
2024-10-25T22:00:00,0.0
2024-10-25T23:00:00,0.0
2024-10-26T00:00:00,0.0
2024-10-26T01:00:00,0.0
2024-10-26T02:00:00,0.0
2024-10-26T03:00:00,0.0
2024-10-26T04:00:00,0.0
2024-10-26T05:00:00,29.17
2024-10-26T06:00:00,196.38
2024-10-26T07:00:00,418.27
2024-10-26T08:00:00,655.53
2024-10-26T09:00:00,827.62
2024-10-26T10:00:00,962.7
2024-10-26T11:00:00,997.9
2024-10-26T12:00:00,947.15
2024-10-26T13:00:00,761.85
2024-10-26T14:00:00,642.83
2024-10-26T15:00:00,423.35
2024-10-26T16:00:00,201.93
2024-10-26T17:00:00,30.73
2024-10-26T18:00:00,0.0
2024-10-26T19:00:00,0.0
2024-10-26T20:00:00,0.0
2024-10-26T21:00:00,0.0
2024-10-26T22:00:00,0.0
2024-10-26T23:00:00,0.0
2024-10-27T00:00:00,0.0
2024-10-27T01:00:00,0.0
2024-10-27T02:00:00,0.0
2024-10-27T03:00:00,0.0
2024-10-27T04:00:00,0.0
2024-10-27T05:00:00,27.9
2024-10-27T06:00:00,175.65
2024-10-27T07:00:00,398.8
2024-10-27T08:00:00,596.47
2024-10-27T09:00:00,747.33
2024-10-27T10:00:00,878.6
2024-10-27T11:00:00,947.78
2024-10-27T12:00:00,765.15
2024-10-27T13:00:00,764.3
2024-10-27T14:00:00,561.2
2024-10-27T15:00:00,385.77
2024-10-27T16:00:00,172.48
2024-10-27T17:00:00,21.58
2024-10-27T18:00:00,0.0
2024-10-27T19:00:00,0.0
2024-10-27T20:00:00,0.0
2024-10-27T21:00:00,0.0
2024-10-27T22:00:00,0.0
2024-10-27T23:00:00,0.0
2024-10-28T00:00:00,0.0
2024-10-28T01:00:00,0.0
2024-10-28T02:00:00,0.0
2024-10-28T03:00:00,0.0
2024-10-28T04:00:00,0.0
2024-10-28T05:00:00,21.33
2024-10-28T06:00:00,129.0
2024-10-28T07:00:00,275.7
2024-10-28T08:00:00,399.12
2024-10-28T09:00:00,476.88
2024-10-28T10:00:00,663.53
2024-10-28T11:00:00,688.4
2024-10-28T12:00:00,715.35
2024-10-28T13:00:00,549.12
2024-10-28T14:00:00,374.9
2024-10-28T15:00:00,320.85
2024-10-28T16:00:00,131.62
2024-10-28T17:00:00,17.62
2024-10-28T18:00:00,0.0
2024-10-28T19:00:00,0.0
2024-10-28T20:00:00,0.0
2024-10-28T21:00:00,0.0
2024-10-28T22:00:00,0.0
2024-10-28T23:00:00,0.0
2024-10-29T00:00:00,0.0
2024-10-29T01:00:00,0.0
2024-10-29T02:00:00,0.0
2024-10-29T03:00:00,0.0
2024-10-29T04:00:00,0.0
2024-10-29T05:00:00,19.35
2024-10-29T06:00:00,109.53
2024-10-29T07:00:00,232.5
2024-10-29T08:00:00,289.45
2024-10-29T09:00:00,194.23
2024-10-29T10:00:00,189.43
2024-10-29T11:00:00,190.32
2024-10-29T12:00:00,161.4
2024-10-29T13:00:00,87.97
2024-10-29T14:00:00,60.15
2024-10-29T15:00:00,38.75
2024-10-29T16:00:00,20.77
2024-10-29T17:00:00,3.92
2024-10-29T18:00:00,0.0
2024-10-29T19:00:00,0.0
2024-10-29T20:00:00,0.0
2024-10-29T21:00:00,0.0
2024-10-29T22:00:00,0.0
2024-10-29T23:00:00,0.0
2024-10-30T00:00:00,0.0
2024-10-30T01:00:00,0.0
2024-10-30T02:00:00,0.0
2024-10-30T03:00:00,0.0
2024-10-30T04:00:00,0.0
2024-10-30T05:00:00,16.88
2024-10-30T06:00:00,118.75
2024-10-30T07:00:00,248.18
2024-10-30T08:00:00,384.58
2024-10-30T09:00:00,477.0
2024-10-30T10:00:00,367.52
2024-10-30T11:00:00,214.0
2024-10-30T12:00:00,338.88
2024-10-30T13:00:00,250.38
2024-10-30T14:00:00,252.85
2024-10-30T15:00:00,118.5
2024-10-30T16:00:00,85.38
2024-10-30T17:00:00,13.15
2024-10-30T18:00:00,0.0
2024-10-30T19:00:00,0.0
2024-10-30T20:00:00,0.0
2024-10-30T21:00:00,0.0
2024-10-30T22:00:00,0.0
2024-10-30T23:00:00,0.0
2024-10-31T00:00:00,0.0
2024-10-31T01:00:00,0.0
2024-10-31T02:00:00,0.0
2024-10-31T03:00:00,0.0
2024-10-31T04:00:00,0.0
2024-10-31T05:00:00,30.55
2024-10-31T06:00:00,190.32
2024-10-31T07:00:00,436.42
2024-10-31T08:00:00,621.5
2024-10-31T09:00:00,693.92
2024-10-31T10:00:00,858.5
2024-10-31T11:00:00,864.03
2024-10-31T12:00:00,794.5
2024-10-31T13:00:00,635.85
2024-10-31T14:00:00,509.65
2024-10-31T15:00:00,300.58
2024-10-31T16:00:00,138.5
2024-10-31T17:00:00,25.73
2024-10-31T18:00:00,0.0
2024-10-31T19:00:00,0.0
2024-10-31T20:00:00,0.0
2024-10-31T21:00:00,0.0
2024-10-31T22:00:00,0.0
2024-10-31T23:00:00,0.0
2024-11-01T00:00:00,0.0
2024-11-01T01:00:00,0.0
2024-11-01T02:00:00,0.0
2024-11-01T03:00:00,0.0
2024-11-01T04:00:00,0.0
2024-11-01T05:00:00,24.6
2024-11-01T06:00:00,146.27
2024-11-01T07:00:00,271.0
2024-11-01T08:00:00,519.1
2024-11-01T09:00:00,680.25
2024-11-01T10:00:00,832.67
2024-11-01T11:00:00,883.38
2024-11-01T12:00:00,835.03
2024-11-01T13:00:00,764.97
2024-11-01T14:00:00,630.28
2024-11-01T15:00:00,434.9
2024-11-01T16:00:00,206.82
2024-11-01T17:00:00,32.65
2024-11-01T18:00:00,0.0
2024-11-01T19:00:00,0.0
2024-11-01T20:00:00,0.0
2024-11-01T21:00:00,0.0
2024-11-01T22:00:00,0.0
2024-11-01T23:00:00,0.0
2024-11-02T00:00:00,0.0
2024-11-02T01:00:00,0.0
2024-11-02T02:00:00,0.0
2024-11-02T03:00:00,0.0
2024-11-02T04:00:00,0.0
2024-11-02T05:00:00,26.65
2024-11-02T06:00:00,170.8
2024-11-02T07:00:00,376.85
2024-11-02T08:00:00,565.83
2024-11-02T09:00:00,685.72
2024-11-02T10:00:00,785.17
2024-11-02T11:00:00,733.53
2024-11-02T12:00:00,797.03
2024-11-02T13:00:00,689.5
2024-11-02T14:00:00,521.47
2024-11-02T15:00:00,349.88
2024-11-02T16:00:00,158.43
2024-11-02T17:00:00,27.65
2024-11-02T18:00:00,0.0
2024-11-02T19:00:00,0.0
2024-11-02T20:00:00,0.0
2024-11-02T21:00:00,0.0
2024-11-02T22:00:00,0.0
2024-11-02T23:00:00,0.0
2024-11-03T00:00:00,0.0
2024-11-03T01:00:00,0.0
2024-11-03T02:00:00,0.0
2024-11-03T03:00:00,0.0
2024-11-03T04:00:00,0.0
2024-11-03T05:00:00,25.27
2024-11-03T06:00:00,150.18
2024-11-03T07:00:00,308.17
2024-11-03T08:00:00,506.38
2024-11-03T09:00:00,762.55
2024-11-03T10:00:00,758.67
2024-11-03T11:00:00,948.5
2024-11-03T12:00:00,884.17
2024-11-03T13:00:00,740.3
2024-11-03T14:00:00,531.0
2024-11-03T15:00:00,299.17
2024-11-03T16:00:00,133.23
2024-11-03T17:00:00,17.1
2024-11-03T18:00:00,0.0
2024-11-03T19:00:00,0.0
2024-11-03T20:00:00,0.0
2024-11-03T21:00:00,0.0
2024-11-03T22:00:00,0.0
2024-11-03T23:00:00,0.0
2024-11-04T00:00:00,0.0
2024-11-04T01:00:00,0.0
2024-11-04T02:00:00,0.0
2024-11-04T03:00:00,0.0
2024-11-04T04:00:00,0.0
2024-11-04T05:00:00,36.53
2024-11-04T06:00:00,209.73
2024-11-04T07:00:00,441.88
2024-11-04T08:00:00,691.55
2024-11-04T09:00:00,852.38
2024-11-04T10:00:00,993.12
2024-11-04T11:00:00,1043.0
2024-11-04T12:00:00,997.6
2024-11-04T13:00:00,886.83
2024-11-04T14:00:00,707.22
2024-11-04T15:00:00,487.8
2024-11-04T16:00:00,220.25
2024-11-04T17:00:00,37.22
2024-11-04T18:00:00,0.0
2024-11-04T19:00:00,0.0
2024-11-04T20:00:00,0.0
2024-11-04T21:00:00,0.0
2024-11-04T22:00:00,0.0
2024-11-04T23:00:00,0.0
2024-11-05T00:00:00,0.0
2024-11-05T01:00:00,0.0
2024-11-05T02:00:00,0.0
2024-11-05T03:00:00,0.0
2024-11-05T04:00:00,0.0
2024-11-05T05:00:00,39.1
2024-11-05T06:00:00,199.18
2024-11-05T07:00:00,408.9
2024-11-05T08:00:00,573.55
2024-11-05T09:00:00,682.35
2024-11-05T10:00:00,733.78
2024-11-05T11:00:00,724.53
2024-11-05T12:00:00,759.92
2024-11-05T13:00:00,702.75
2024-11-05T14:00:00,555.3
2024-11-05T15:00:00,329.9
2024-11-05T16:00:00,146.48
2024-11-05T17:00:00,25.23
2024-11-05T18:00:00,0.0
2024-11-05T19:00:00,0.0
2024-11-05T20:00:00,0.0
2024-11-05T21:00:00,0.0
2024-11-05T22:00:00,0.0
2024-11-05T23:00:00,0.0
2024-11-06T00:00:00,0.0
2024-11-06T01:00:00,0.0
2024-11-06T02:00:00,0.0
2024-11-06T03:00:00,0.0
2024-11-06T04:00:00,0.0
2024-11-06T05:00:00,22.2
2024-11-06T06:00:00,151.62
2024-11-06T07:00:00,345.15
2024-11-06T08:00:00,551.38
2024-11-06T09:00:00,703.6
2024-11-06T10:00:00,807.6
2024-11-06T11:00:00,845.53
2024-11-06T12:00:00,854.45
2024-11-06T13:00:00,727.28
2024-11-06T14:00:00,564.5
2024-11-06T15:00:00,333.62
2024-11-06T16:00:00,162.98
2024-11-06T17:00:00,25.27
2024-11-06T18:00:00,0.0
2024-11-06T19:00:00,0.0
2024-11-06T20:00:00,0.0
2024-11-06T21:00:00,0.0
2024-11-06T22:00:00,0.0
2024-11-06T23:00:00,0.0
2024-11-07T00:00:00,0.0
2024-11-07T01:00:00,0.0
2024-11-07T02:00:00,0.0
2024-11-07T03:00:00,0.0
2024-11-07T04:00:00,0.0
2024-11-07T05:00:00,42.03
2024-11-07T06:00:00,243.8
2024-11-07T07:00:00,493.92
2024-11-07T08:00:00,709.88
2024-11-07T09:00:00,878.95
2024-11-07T10:00:00,973.78
2024-11-07T11:00:00,1005.4
2024-11-07T12:00:00,973.15
2024-11-07T13:00:00,848.92
2024-11-07T14:00:00,603.72
2024-11-07T15:00:00,446.95
2024-11-07T16:00:00,217.57
2024-11-07T17:00:00,34.38
2024-11-07T18:00:00,0.0
2024-11-07T19:00:00,0.0
2024-11-07T20:00:00,0.0
2024-11-07T21:00:00,0.0
2024-11-07T22:00:00,0.0
2024-11-07T23:00:00,0.0
2024-11-08T00:00:00,0.0
2024-11-08T01:00:00,0.0
2024-11-08T02:00:00,0.0
2024-11-08T03:00:00,0.0
2024-11-08T04:00:00,0.0
2024-11-08T05:00:00,43.45
2024-11-08T06:00:00,244.75
2024-11-08T07:00:00,490.77
2024-11-08T08:00:00,726.83
2024-11-08T09:00:00,899.92
2024-11-08T10:00:00,988.88
2024-11-08T11:00:00,1007.95
2024-11-08T12:00:00,966.92
2024-11-08T13:00:00,869.28
2024-11-08T14:00:00,706.8
2024-11-08T15:00:00,488.08
2024-11-08T16:00:00,252.05
2024-11-08T17:00:00,46.4
2024-11-08T18:00:00,0.0
2024-11-08T19:00:00,0.0
2024-11-08T20:00:00,0.0
2024-11-08T21:00:00,0.0
2024-11-08T22:00:00,0.0
2024-11-08T23:00:00,0.0
2024-11-09T00:00:00,0.0
2024-11-09T01:00:00,0.0
2024-11-09T02:00:00,0.0
2024-11-09T03:00:00,0.0
2024-11-09T04:00:00,0.0
2024-11-09T05:00:00,49.8
2024-11-09T06:00:00,260.27
2024-11-09T07:00:00,498.33
2024-11-09T08:00:00,725.05
2024-11-09T09:00:00,892.05
2024-11-09T10:00:00,993.8
2024-11-09T11:00:00,1030.45
2024-11-09T12:00:00,1000.7
2024-11-09T13:00:00,903.35
2024-11-09T14:00:00,722.2
2024-11-09T15:00:00,499.88
2024-11-09T16:00:00,258.17
2024-11-09T17:00:00,48.55
2024-11-09T18:00:00,0.0
2024-11-09T19:00:00,0.0
2024-11-09T20:00:00,0.0
2024-11-09T21:00:00,0.0
2024-11-09T22:00:00,0.0
2024-11-09T23:00:00,0.0
2024-11-10T00:00:00,0.0
2024-11-10T01:00:00,0.0
2024-11-10T02:00:00,0.0
2024-11-10T03:00:00,0.0
2024-11-10T04:00:00,0.0
2024-11-10T05:00:00,50.53
2024-11-10T06:00:00,258.42
2024-11-10T07:00:00,498.48
2024-11-10T08:00:00,723.45
2024-11-10T09:00:00,891.42
2024-11-10T10:00:00,985.5
2024-11-10T11:00:00,1029.22
2024-11-10T12:00:00,992.5
2024-11-10T13:00:00,864.6
2024-11-10T14:00:00,741.05
2024-11-10T15:00:00,466.88
2024-11-10T16:00:00,247.07
2024-11-10T17:00:00,49.03
2024-11-10T18:00:00,0.0
2024-11-10T19:00:00,0.0
2024-11-10T20:00:00,0.0
2024-11-10T21:00:00,0.0
2024-11-10T22:00:00,0.0
2024-11-10T23:00:00,0.0
2024-11-11T00:00:00,0.0
2024-11-11T01:00:00,0.0
2024-11-11T02:00:00,0.0
2024-11-11T03:00:00,0.0
2024-11-11T04:00:00,0.0
2024-11-11T05:00:00,51.78
2024-11-11T06:00:00,255.05
2024-11-11T07:00:00,500.65
2024-11-11T08:00:00,712.12
2024-11-11T09:00:00,874.62
2024-11-11T10:00:00,973.6
2024-11-11T11:00:00,995.5
2024-11-11T12:00:00,952.95
2024-11-11T13:00:00,843.5
2024-11-11T14:00:00,720.78
2024-11-11T15:00:00,495.48
2024-11-11T16:00:00,238.2
2024-11-11T17:00:00,45.88
2024-11-11T18:00:00,0.0
2024-11-11T19:00:00,0.0
2024-11-11T20:00:00,0.0
2024-11-11T21:00:00,0.0
2024-11-11T22:00:00,0.0
2024-11-11T23:00:00,0.0
2024-11-12T00:00:00,0.0
2024-11-12T01:00:00,0.0
2024-11-12T02:00:00,0.0
2024-11-12T03:00:00,0.0
2024-11-12T04:00:00,0.0
2024-11-12T05:00:00,51.75
2024-11-12T06:00:00,261.08
2024-11-12T07:00:00,500.62
2024-11-12T08:00:00,713.78
2024-11-12T09:00:00,875.92
2024-11-12T10:00:00,979.9
2024-11-12T11:00:00,1007.05
2024-11-12T12:00:00,1001.83
2024-11-12T13:00:00,886.0
2024-11-12T14:00:00,738.1
2024-11-12T15:00:00,506.05
2024-11-12T16:00:00,267.35
2024-11-12T17:00:00,53.88
2024-11-12T18:00:00,0.0
2024-11-12T19:00:00,0.0
2024-11-12T20:00:00,0.0
2024-11-12T21:00:00,0.0
2024-11-12T22:00:00,0.0
2024-11-12T23:00:00,0.0
2024-11-13T00:00:00,0.0
2024-11-13T01:00:00,0.0
2024-11-13T02:00:00,0.0
2024-11-13T03:00:00,0.0
2024-11-13T04:00:00,0.0
2024-11-13T05:00:00,53.47
2024-11-13T06:00:00,260.8
2024-11-13T07:00:00,490.12
2024-11-13T08:00:00,720.8
2024-11-13T09:00:00,887.0
2024-11-13T10:00:00,985.72
2024-11-13T11:00:00,1015.15
2024-11-13T12:00:00,991.25
2024-11-13T13:00:00,886.95
2024-11-13T14:00:00,719.55
2024-11-13T15:00:00,478.75
2024-11-13T16:00:00,218.38
2024-11-13T17:00:00,35.53
2024-11-13T18:00:00,0.0
2024-11-13T19:00:00,0.0
2024-11-13T20:00:00,0.0
2024-11-13T21:00:00,0.0
2024-11-13T22:00:00,0.0
2024-11-13T23:00:00,0.0
2024-11-14T00:00:00,0.0
2024-11-14T01:00:00,0.0
2024-11-14T02:00:00,0.0
2024-11-14T03:00:00,0.0
2024-11-14T04:00:00,0.0
2024-11-14T05:00:00,44.42
2024-11-14T06:00:00,215.25
2024-11-14T07:00:00,414.5
2024-11-14T08:00:00,597.92
2024-11-14T09:00:00,696.8
2024-11-14T10:00:00,742.12
2024-11-14T11:00:00,679.45
2024-11-14T12:00:00,660.2
2024-11-14T13:00:00,361.52
2024-11-14T14:00:00,247.3
2024-11-14T15:00:00,175.23
2024-11-14T16:00:00,73.3
2024-11-14T17:00:00,8.98
2024-11-14T18:00:00,0.0
2024-11-14T19:00:00,0.0
2024-11-14T20:00:00,0.0
2024-11-14T21:00:00,0.0
2024-11-14T22:00:00,0.0
2024-11-14T23:00:00,0.0
2024-11-15T00:00:00,0.0
2024-11-15T01:00:00,0.0
2024-11-15T02:00:00,0.0
2024-11-15T03:00:00,0.0
2024-11-15T04:00:00,0.0
2024-11-15T05:00:00,29.8
2024-11-15T06:00:00,163.8
2024-11-15T07:00:00,356.88
2024-11-15T08:00:00,581.08
2024-11-15T09:00:00,775.9
2024-11-15T10:00:00,915.47
2024-11-15T11:00:00,943.78
2024-11-15T12:00:00,937.45
2024-11-15T13:00:00,843.95
2024-11-15T14:00:00,600.0
2024-11-15T15:00:00,385.88
2024-11-15T16:00:00,190.12
2024-11-15T17:00:00,40.45
2024-11-15T18:00:00,0.0
2024-11-15T19:00:00,0.0
2024-11-15T20:00:00,0.0
2024-11-15T21:00:00,0.0
2024-11-15T22:00:00,0.0
2024-11-15T23:00:00,0.0
2024-11-16T00:00:00,0.0
2024-11-16T01:00:00,0.0
2024-11-16T02:00:00,0.0
2024-11-16T03:00:00,0.0
2024-11-16T04:00:00,0.0
2024-11-16T05:00:00,32.45
2024-11-16T06:00:00,200.95
2024-11-16T07:00:00,435.55
2024-11-16T08:00:00,652.2
2024-11-16T09:00:00,823.58
2024-11-16T10:00:00,930.05
2024-11-16T11:00:00,959.78
2024-11-16T12:00:00,933.83
2024-11-16T13:00:00,796.58
2024-11-16T14:00:00,691.35
2024-11-16T15:00:00,466.77
2024-11-16T16:00:00,218.55
2024-11-16T17:00:00,35.67
2024-11-16T18:00:00,0.0
2024-11-16T19:00:00,0.0
2024-11-16T20:00:00,0.0
2024-11-16T21:00:00,0.0
2024-11-16T22:00:00,0.0
2024-11-16T23:00:00,0.0
2024-11-17T00:00:00,0.0
2024-11-17T01:00:00,0.0
2024-11-17T02:00:00,0.0
2024-11-17T03:00:00,0.0
2024-11-17T04:00:00,0.0
2024-11-17T05:00:00,43.55
2024-11-17T06:00:00,235.1
2024-11-17T07:00:00,468.55
2024-11-17T08:00:00,665.7
2024-11-17T09:00:00,821.65
2024-11-17T10:00:00,891.97
2024-11-17T11:00:00,990.17
2024-11-17T12:00:00,847.47
2024-11-17T13:00:00,650.03
2024-11-17T14:00:00,481.02
2024-11-17T15:00:00,328.48
2024-11-17T16:00:00,161.77
2024-11-17T17:00:00,27.6
2024-11-17T18:00:00,0.0
2024-11-17T19:00:00,0.0
2024-11-17T20:00:00,0.0
2024-11-17T21:00:00,0.0
2024-11-17T22:00:00,0.0
2024-11-17T23:00:00,0.0
2024-11-18T00:00:00,0.0
2024-11-18T01:00:00,0.0
2024-11-18T02:00:00,0.0
2024-11-18T03:00:00,0.0
2024-11-18T04:00:00,0.0
2024-11-18T05:00:00,32.1
2024-11-18T06:00:00,164.43
2024-11-18T07:00:00,348.12
2024-11-18T08:00:00,528.8
2024-11-18T09:00:00,694.1
2024-11-18T10:00:00,767.53
2024-11-18T11:00:00,832.95
2024-11-18T12:00:00,897.88
2024-11-18T13:00:00,763.53
2024-11-18T14:00:00,677.22
2024-11-18T15:00:00,449.1
2024-11-18T16:00:00,230.77
2024-11-18T17:00:00,51.1
2024-11-18T18:00:00,0.0
2024-11-18T19:00:00,0.0
2024-11-18T20:00:00,0.0
2024-11-18T21:00:00,0.0
2024-11-18T22:00:00,0.0
2024-11-18T23:00:00,0.0
2024-11-19T00:00:00,0.0
2024-11-19T01:00:00,0.0
2024-11-19T02:00:00,0.0
2024-11-19T03:00:00,0.0
2024-11-19T04:00:00,0.0
2024-11-19T05:00:00,44.83
2024-11-19T06:00:00,217.82
2024-11-19T07:00:00,433.83
2024-11-19T08:00:00,656.3
2024-11-19T09:00:00,853.35
2024-11-19T10:00:00,945.42
2024-11-19T11:00:00,978.08
2024-11-19T12:00:00,967.35
2024-11-19T13:00:00,749.12
2024-11-19T14:00:00,597.08
2024-11-19T15:00:00,409.17
2024-11-19T16:00:00,204.52
2024-11-19T17:00:00,50.45
2024-11-19T18:00:00,0.0
2024-11-19T19:00:00,0.0
2024-11-19T20:00:00,0.0
2024-11-19T21:00:00,0.0
2024-11-19T22:00:00,0.0
2024-11-19T23:00:00,0.0
2024-11-20T00:00:00,0.0
2024-11-20T01:00:00,0.0
2024-11-20T02:00:00,0.0
2024-11-20T03:00:00,0.0
2024-11-20T04:00:00,0.0
2024-11-20T05:00:00,35.22
2024-11-20T06:00:00,183.15
2024-11-20T07:00:00,380.2
2024-11-20T08:00:00,610.25
2024-11-20T09:00:00,794.9
2024-11-20T10:00:00,928.88
2024-11-20T11:00:00,937.35
2024-11-20T12:00:00,884.88
2024-11-20T13:00:00,711.95
2024-11-20T14:00:00,564.83
2024-11-20T15:00:00,375.35
2024-11-20T16:00:00,192.98
2024-11-20T17:00:00,44.33
2024-11-20T18:00:00,0.0
2024-11-20T19:00:00,0.0
2024-11-20T20:00:00,0.0
2024-11-20T21:00:00,0.0
2024-11-20T22:00:00,0.0
2024-11-20T23:00:00,0.0
2024-11-21T00:00:00,0.0
2024-11-21T01:00:00,0.0
2024-11-21T02:00:00,0.0
2024-11-21T03:00:00,0.0
2024-11-21T04:00:00,0.0
2024-11-21T05:00:00,35.67
2024-11-21T06:00:00,177.9
2024-11-21T07:00:00,371.7
2024-11-21T08:00:00,609.83
2024-11-21T09:00:00,822.38
2024-11-21T10:00:00,977.15
2024-11-21T11:00:00,957.33
2024-11-21T12:00:00,854.95
2024-11-21T13:00:00,728.22
2024-11-21T14:00:00,615.3
2024-11-21T15:00:00,440.45
2024-11-21T16:00:00,194.43
2024-11-21T17:00:00,41.33
2024-11-21T18:00:00,0.0
2024-11-21T19:00:00,0.0
2024-11-21T20:00:00,0.0
2024-11-21T21:00:00,0.0
2024-11-21T22:00:00,0.0
2024-11-21T23:00:00,0.0
2024-11-22T00:00:00,0.0
2024-11-22T01:00:00,0.0
2024-11-22T02:00:00,0.0
2024-11-22T03:00:00,0.0
2024-11-22T04:00:00,0.0
2024-11-22T05:00:00,23.23
2024-11-22T06:00:00,133.6
2024-11-22T07:00:00,272.05
2024-11-22T08:00:00,394.75
2024-11-22T09:00:00,510.0
2024-11-22T10:00:00,565.97
2024-11-22T11:00:00,474.2
2024-11-22T12:00:00,409.23
2024-11-22T13:00:00,363.42
2024-11-22T14:00:00,238.65
2024-11-22T15:00:00,139.9
2024-11-22T16:00:00,67.9
2024-11-22T17:00:00,17.67
2024-11-22T18:00:00,0.0
2024-11-22T19:00:00,0.0
2024-11-22T20:00:00,0.0
2024-11-22T21:00:00,0.0
2024-11-22T22:00:00,0.0
2024-11-22T23:00:00,0.0
2024-11-23T00:00:00,0.0
2024-11-23T01:00:00,0.0
2024-11-23T02:00:00,0.0
2024-11-23T03:00:00,0.0
2024-11-23T04:00:00,0.0
2024-11-23T05:00:00,21.75
2024-11-23T06:00:00,56.0
2024-11-23T07:00:00,87.72
2024-11-23T08:00:00,141.65
2024-11-23T09:00:00,198.27
2024-11-23T10:00:00,237.43
2024-11-23T11:00:00,164.95
2024-11-23T12:00:00,201.82
2024-11-23T13:00:00,279.92
2024-11-23T14:00:00,265.7
2024-11-23T15:00:00,182.38
2024-11-23T16:00:00,102.15
2024-11-23T17:00:00,25.5
2024-11-23T18:00:00,0.0
2024-11-23T19:00:00,0.0
2024-11-23T20:00:00,0.0
2024-11-23T21:00:00,0.0
2024-11-23T22:00:00,0.0
2024-11-23T23:00:00,0.0
2024-11-24T00:00:00,0.0
2024-11-24T01:00:00,0.0
2024-11-24T02:00:00,0.0
2024-11-24T03:00:00,0.0
2024-11-24T04:00:00,0.0
2024-11-24T05:00:00,22.8
2024-11-24T06:00:00,90.72
2024-11-24T07:00:00,145.18
2024-11-24T08:00:00,256.33
2024-11-24T09:00:00,426.1
2024-11-24T10:00:00,542.08
2024-11-24T11:00:00,565.25
2024-11-24T12:00:00,605.03
2024-11-24T13:00:00,604.45
2024-11-24T14:00:00,500.58
2024-11-24T15:00:00,398.92
2024-11-24T16:00:00,192.95
2024-11-24T17:00:00,44.12
2024-11-24T18:00:00,0.0
2024-11-24T19:00:00,0.0
2024-11-24T20:00:00,0.0
2024-11-24T21:00:00,0.0
2024-11-24T22:00:00,0.0
2024-11-24T23:00:00,0.0
2024-11-25T00:00:00,0.0
2024-11-25T01:00:00,0.0
2024-11-25T02:00:00,0.0
2024-11-25T03:00:00,0.0
2024-11-25T04:00:00,0.0
2024-11-25T05:00:00,30.25
2024-11-25T06:00:00,168.77
2024-11-25T07:00:00,370.05
2024-11-25T08:00:00,533.92
2024-11-25T09:00:00,729.92
2024-11-25T10:00:00,827.85
2024-11-25T11:00:00,780.55
2024-11-25T12:00:00,877.85
2024-11-25T13:00:00,659.2
2024-11-25T14:00:00,567.62
2024-11-25T15:00:00,382.98
2024-11-25T16:00:00,198.12
2024-11-25T17:00:00,51.88
2024-11-25T18:00:00,0.0
2024-11-25T19:00:00,0.0
2024-11-25T20:00:00,0.0
2024-11-25T21:00:00,0.0
2024-11-25T22:00:00,0.0
2024-11-25T23:00:00,0.0
2024-11-26T00:00:00,0.0
2024-11-26T01:00:00,0.0
2024-11-26T02:00:00,0.0
2024-11-26T03:00:00,0.0
2024-11-26T04:00:00,0.0
2024-11-26T05:00:00,44.05
2024-11-26T06:00:00,238.43
2024-11-26T07:00:00,461.77
2024-11-26T08:00:00,693.85
2024-11-26T09:00:00,837.55
2024-11-26T10:00:00,922.03
2024-11-26T11:00:00,924.25
2024-11-26T12:00:00,901.45
2024-11-26T13:00:00,763.22
2024-11-26T14:00:00,621.9
2024-11-26T15:00:00,400.3
2024-11-26T16:00:00,199.12
2024-11-26T17:00:00,47.35
2024-11-26T18:00:00,0.0
2024-11-26T19:00:00,0.0
2024-11-26T20:00:00,0.0
2024-11-26T21:00:00,0.0
2024-11-26T22:00:00,0.0
2024-11-26T23:00:00,0.0
2024-11-27T00:00:00,0.0
2024-11-27T01:00:00,0.0
2024-11-27T02:00:00,0.0
2024-11-27T03:00:00,0.0
2024-11-27T04:00:00,0.0
2024-11-27T05:00:00,46.25
2024-11-27T06:00:00,250.68
2024-11-27T07:00:00,499.35
2024-11-27T08:00:00,682.3
2024-11-27T09:00:00,842.83
2024-11-27T10:00:00,910.47
2024-11-27T11:00:00,896.85
2024-11-27T12:00:00,855.4
2024-11-27T13:00:00,780.2
2024-11-27T14:00:00,492.0
2024-11-27T15:00:00,348.0
2024-11-27T16:00:00,171.48
2024-11-27T17:00:00,41.78
2024-11-27T18:00:00,0.0
2024-11-27T19:00:00,0.0
2024-11-27T20:00:00,0.0
2024-11-27T21:00:00,0.0
2024-11-27T22:00:00,0.0
2024-11-27T23:00:00,0.0
2024-11-28T00:00:00,0.0
2024-11-28T01:00:00,0.0
2024-11-28T02:00:00,0.0
2024-11-28T03:00:00,0.0
2024-11-28T04:00:00,0.0
2024-11-28T05:00:00,31.77
2024-11-28T06:00:00,159.2
2024-11-28T07:00:00,356.65
2024-11-28T08:00:00,549.78
2024-11-28T09:00:00,695.6
2024-11-28T10:00:00,820.7
2024-11-28T11:00:00,798.75
2024-11-28T12:00:00,686.55
2024-11-28T13:00:00,552.45
2024-11-28T14:00:00,458.02
2024-11-28T15:00:00,263.55
2024-11-28T16:00:00,140.25
2024-11-28T17:00:00,29.6
2024-11-28T18:00:00,0.0
2024-11-28T19:00:00,0.0
2024-11-28T20:00:00,0.0
2024-11-28T21:00:00,0.0
2024-11-28T22:00:00,0.0
2024-11-28T23:00:00,0.0
2024-11-29T00:00:00,0.0
2024-11-29T01:00:00,0.0
2024-11-29T02:00:00,0.0
2024-11-29T03:00:00,0.0
2024-11-29T04:00:00,0.0
2024-11-29T05:00:00,36.53
2024-11-29T06:00:00,192.18
2024-11-29T07:00:00,413.52
2024-11-29T08:00:00,652.45
2024-11-29T09:00:00,835.28
2024-11-29T10:00:00,947.75
2024-11-29T11:00:00,947.45
2024-11-29T12:00:00,917.62
2024-11-29T13:00:00,842.4
2024-11-29T14:00:00,671.33
2024-11-29T15:00:00,429.48
2024-11-29T16:00:00,210.75
2024-11-29T17:00:00,57.4
2024-11-29T18:00:00,0.0
2024-11-29T19:00:00,0.0
2024-11-29T20:00:00,0.0
2024-11-29T21:00:00,0.0
2024-11-29T22:00:00,0.0
2024-11-29T23:00:00,0.0
2024-11-30T00:00:00,0.0
2024-11-30T01:00:00,0.0
2024-11-30T02:00:00,0.0
2024-11-30T03:00:00,0.0
2024-11-30T04:00:00,0.0
2024-11-30T05:00:00,47.5
2024-11-30T06:00:00,244.05
2024-11-30T07:00:00,481.23
2024-11-30T08:00:00,707.12
2024-11-30T09:00:00,871.3
2024-11-30T10:00:00,975.12
2024-11-30T11:00:00,988.15
2024-11-30T12:00:00,974.33
2024-11-30T13:00:00,850.83
2024-11-30T14:00:00,685.45
2024-11-30T15:00:00,465.67
2024-11-30T16:00:00,256.38
2024-11-30T17:00:00,71.7
2024-11-30T18:00:00,0.0
2024-11-30T19:00:00,0.0
2024-11-30T20:00:00,0.0
2024-11-30T21:00:00,0.0
2024-11-30T22:00:00,0.0
2024-11-30T23:00:00,0.0
2024-12-01T00:00:00,0.0
2024-12-01T01:00:00,0.0
2024-12-01T02:00:00,0.0
2024-12-01T03:00:00,0.0
2024-12-01T04:00:00,0.0
2024-12-01T05:00:00,47.3
2024-12-01T06:00:00,239.38
2024-12-01T07:00:00,489.33
2024-12-01T08:00:00,697.85
2024-12-01T09:00:00,861.72
2024-12-01T10:00:00,993.7
2024-12-01T11:00:00,980.03
2024-12-01T12:00:00,980.1
2024-12-01T13:00:00,907.33
2024-12-01T14:00:00,729.8
2024-12-01T15:00:00,513.97
2024-12-01T16:00:00,288.85
2024-12-01T17:00:00,78.97
2024-12-01T18:00:00,0.0
2024-12-01T19:00:00,0.0
2024-12-01T20:00:00,0.0
2024-12-01T21:00:00,0.0
2024-12-01T22:00:00,0.0
2024-12-01T23:00:00,0.0
2024-12-02T00:00:00,0.0
2024-12-02T01:00:00,0.0
2024-12-02T02:00:00,0.0
2024-12-02T03:00:00,0.0
2024-12-02T04:00:00,0.0
2024-12-02T05:00:00,46.0
2024-12-02T06:00:00,229.7
2024-12-02T07:00:00,453.48
2024-12-02T08:00:00,690.47
2024-12-02T09:00:00,855.38
2024-12-02T10:00:00,970.03
2024-12-02T11:00:00,982.1
2024-12-02T12:00:00,968.85
2024-12-02T13:00:00,808.75
2024-12-02T14:00:00,684.83
2024-12-02T15:00:00,500.02
2024-12-02T16:00:00,273.12
2024-12-02T17:00:00,75.05
2024-12-02T18:00:00,0.0
2024-12-02T19:00:00,0.0
2024-12-02T20:00:00,0.0
2024-12-02T21:00:00,0.0
2024-12-02T22:00:00,0.0
2024-12-02T23:00:00,0.0
2024-12-03T00:00:00,0.0
2024-12-03T01:00:00,0.0
2024-12-03T02:00:00,0.0
2024-12-03T03:00:00,0.0
2024-12-03T04:00:00,0.0
2024-12-03T05:00:00,51.2
2024-12-03T06:00:00,250.02
2024-12-03T07:00:00,477.08
2024-12-03T08:00:00,680.55
2024-12-03T09:00:00,825.17
2024-12-03T10:00:00,925.72
2024-12-03T11:00:00,865.08
2024-12-03T12:00:00,820.17
2024-12-03T13:00:00,708.6
2024-12-03T14:00:00,578.45
2024-12-03T15:00:00,379.8
2024-12-03T16:00:00,189.48
2024-12-03T17:00:00,46.88
2024-12-03T18:00:00,0.0
2024-12-03T19:00:00,0.0
2024-12-03T20:00:00,0.0
2024-12-03T21:00:00,0.0
2024-12-03T22:00:00,0.0
2024-12-03T23:00:00,0.0
2024-12-04T00:00:00,0.0
2024-12-04T01:00:00,0.0
2024-12-04T02:00:00,0.0
2024-12-04T03:00:00,0.0
2024-12-04T04:00:00,0.0
2024-12-04T05:00:00,21.05
2024-12-04T06:00:00,124.82
2024-12-04T07:00:00,278.52
2024-12-04T08:00:00,459.9
2024-12-04T09:00:00,605.0
2024-12-04T10:00:00,723.08
2024-12-04T11:00:00,759.67
2024-12-04T12:00:00,835.72
2024-12-04T13:00:00,691.17
2024-12-04T14:00:00,604.25
2024-12-04T15:00:00,399.48
2024-12-04T16:00:00,205.77
2024-12-04T17:00:00,49.3
2024-12-04T18:00:00,0.0
2024-12-04T19:00:00,0.0
2024-12-04T20:00:00,0.0
2024-12-04T21:00:00,0.0
2024-12-04T22:00:00,0.0
2024-12-04T23:00:00,0.0
2024-12-05T00:00:00,0.0
2024-12-05T01:00:00,0.0
2024-12-05T02:00:00,0.0
2024-12-05T03:00:00,0.0
2024-12-05T04:00:00,0.0
2024-12-05T05:00:00,43.6
2024-12-05T06:00:00,218.95
2024-12-05T07:00:00,450.38
2024-12-05T08:00:00,665.55
2024-12-05T09:00:00,812.7
2024-12-05T10:00:00,906.38
2024-12-05T11:00:00,978.2
2024-12-05T12:00:00,946.33
2024-12-05T13:00:00,849.85
2024-12-05T14:00:00,661.4
2024-12-05T15:00:00,481.92
2024-12-05T16:00:00,267.33
2024-12-05T17:00:00,71.65
2024-12-05T18:00:00,0.0
2024-12-05T19:00:00,0.0
2024-12-05T20:00:00,0.0
2024-12-05T21:00:00,0.0
2024-12-05T22:00:00,0.0
2024-12-05T23:00:00,0.0
2024-12-06T00:00:00,0.0
2024-12-06T01:00:00,0.0
2024-12-06T02:00:00,0.0
2024-12-06T03:00:00,0.0
2024-12-06T04:00:00,0.0
2024-12-06T05:00:00,19.27
2024-12-06T06:00:00,116.68
2024-12-06T07:00:00,252.55
2024-12-06T08:00:00,421.12
2024-12-06T09:00:00,561.12
2024-12-06T10:00:00,657.62
2024-12-06T11:00:00,748.4
2024-12-06T12:00:00,816.0
2024-12-06T13:00:00,830.03
2024-12-06T14:00:00,612.42
2024-12-06T15:00:00,388.25
2024-12-06T16:00:00,203.55
2024-12-06T17:00:00,59.1
2024-12-06T18:00:00,0.0
2024-12-06T19:00:00,0.0
2024-12-06T20:00:00,0.0
2024-12-06T21:00:00,0.0
2024-12-06T22:00:00,0.0
2024-12-06T23:00:00,0.0
2024-12-07T00:00:00,0.0
2024-12-07T01:00:00,0.0
2024-12-07T02:00:00,0.0
2024-12-07T03:00:00,0.0
2024-12-07T04:00:00,0.0
2024-12-07T05:00:00,15.3
2024-12-07T06:00:00,73.72
2024-12-07T07:00:00,163.18
2024-12-07T08:00:00,183.27
2024-12-07T09:00:00,215.3
2024-12-07T10:00:00,217.35
2024-12-07T11:00:00,292.58
2024-12-07T12:00:00,321.7
2024-12-07T13:00:00,248.57
2024-12-07T14:00:00,353.25
2024-12-07T15:00:00,252.07
2024-12-07T16:00:00,130.82
2024-12-07T17:00:00,35.97
2024-12-07T18:00:00,0.0
2024-12-07T19:00:00,0.0
2024-12-07T20:00:00,0.0
2024-12-07T21:00:00,0.0
2024-12-07T22:00:00,0.0
2024-12-07T23:00:00,0.0
2024-12-08T00:00:00,0.0
2024-12-08T01:00:00,0.0
2024-12-08T02:00:00,0.0
2024-12-08T03:00:00,0.0
2024-12-08T04:00:00,0.0
2024-12-08T05:00:00,32.22
2024-12-08T06:00:00,181.38
2024-12-08T07:00:00,382.2
2024-12-08T08:00:00,583.75
2024-12-08T09:00:00,731.47
2024-12-08T10:00:00,823.03
2024-12-08T11:00:00,894.35
2024-12-08T12:00:00,868.78
2024-12-08T13:00:00,754.1
2024-12-08T14:00:00,582.85
2024-12-08T15:00:00,373.95
2024-12-08T16:00:00,200.95
2024-12-08T17:00:00,49.4
2024-12-08T18:00:00,0.0
2024-12-08T19:00:00,0.0
2024-12-08T20:00:00,0.0
2024-12-08T21:00:00,0.0
2024-12-08T22:00:00,0.0
2024-12-08T23:00:00,0.0
2024-12-09T00:00:00,0.0
2024-12-09T01:00:00,0.0
2024-12-09T02:00:00,0.0
2024-12-09T03:00:00,0.0
2024-12-09T04:00:00,0.0
2024-12-09T05:00:00,23.88
2024-12-09T06:00:00,137.75
2024-12-09T07:00:00,306.3
2024-12-09T08:00:00,452.0
2024-12-09T09:00:00,560.42
2024-12-09T10:00:00,681.05
2024-12-09T11:00:00,651.88
2024-12-09T12:00:00,499.0
2024-12-09T13:00:00,428.2
2024-12-09T14:00:00,302.88
2024-12-09T15:00:00,169.9
2024-12-09T16:00:00,79.6
2024-12-09T17:00:00,26.15
2024-12-09T18:00:00,0.0
2024-12-09T19:00:00,0.0
2024-12-09T20:00:00,0.0
2024-12-09T21:00:00,0.0
2024-12-09T22:00:00,0.0
2024-12-09T23:00:00,0.0
2024-12-10T00:00:00,0.0
2024-12-10T01:00:00,0.0
2024-12-10T02:00:00,0.0
2024-12-10T03:00:00,0.0
2024-12-10T04:00:00,0.0
2024-12-10T05:00:00,36.75
2024-12-10T06:00:00,222.57
2024-12-10T07:00:00,446.52
2024-12-10T08:00:00,648.5
2024-12-10T09:00:00,803.08
2024-12-10T10:00:00,897.95
2024-12-10T11:00:00,896.25
2024-12-10T12:00:00,764.25
2024-12-10T13:00:00,658.97
2024-12-10T14:00:00,507.38
2024-12-10T15:00:00,397.2
2024-12-10T16:00:00,199.73
2024-12-10T17:00:00,54.42
2024-12-10T18:00:00,0.0
2024-12-10T19:00:00,0.0
2024-12-10T20:00:00,0.0
2024-12-10T21:00:00,0.0
2024-12-10T22:00:00,0.0
2024-12-10T23:00:00,0.0
2024-12-11T00:00:00,0.0
2024-12-11T01:00:00,0.0
2024-12-11T02:00:00,0.0
2024-12-11T03:00:00,0.0
2024-12-11T04:00:00,0.0
2024-12-11T05:00:00,31.45
2024-12-11T06:00:00,160.23
2024-12-11T07:00:00,327.35
2024-12-11T08:00:00,545.2
2024-12-11T09:00:00,690.0
2024-12-11T10:00:00,790.2
2024-12-11T11:00:00,874.6
2024-12-11T12:00:00,817.22
2024-12-11T13:00:00,697.58
2024-12-11T14:00:00,619.03
2024-12-11T15:00:00,427.42
2024-12-11T16:00:00,226.77
2024-12-11T17:00:00,62.35
2024-12-11T18:00:00,0.0
2024-12-11T19:00:00,0.0
2024-12-11T20:00:00,0.0
2024-12-11T21:00:00,0.0
2024-12-11T22:00:00,0.0
2024-12-11T23:00:00,0.0
2024-12-12T00:00:00,0.0
2024-12-12T01:00:00,0.0
2024-12-12T02:00:00,0.0
2024-12-12T03:00:00,0.0
2024-12-12T04:00:00,0.0
2024-12-12T05:00:00,12.6
2024-12-12T06:00:00,85.45
2024-12-12T07:00:00,175.35
2024-12-12T08:00:00,329.12
2024-12-12T09:00:00,496.83
2024-12-12T10:00:00,598.55
2024-12-12T11:00:00,708.53
2024-12-12T12:00:00,835.3
2024-12-12T13:00:00,796.15
2024-12-12T14:00:00,643.88
2024-12-12T15:00:00,435.02
2024-12-12T16:00:00,246.9
2024-12-12T17:00:00,83.38
2024-12-12T18:00:00,0.0
2024-12-12T19:00:00,0.0
2024-12-12T20:00:00,0.0
2024-12-12T21:00:00,0.0
2024-12-12T22:00:00,0.0
2024-12-12T23:00:00,0.0
2024-12-13T00:00:00,0.0
2024-12-13T01:00:00,0.0
2024-12-13T02:00:00,0.0
2024-12-13T03:00:00,0.0
2024-12-13T04:00:00,0.0
2024-12-13T05:00:00,41.4
2024-12-13T06:00:00,238.25
2024-12-13T07:00:00,461.12
2024-12-13T08:00:00,680.1
2024-12-13T09:00:00,859.9
2024-12-13T10:00:00,958.38
2024-12-13T11:00:00,973.42
2024-12-13T12:00:00,964.92
2024-12-13T13:00:00,808.25
2024-12-13T14:00:00,692.83
2024-12-13T15:00:00,487.05
2024-12-13T16:00:00,272.38
2024-12-13T17:00:00,90.2
2024-12-13T18:00:00,0.0
2024-12-13T19:00:00,0.0
2024-12-13T20:00:00,0.0
2024-12-13T21:00:00,0.0
2024-12-13T22:00:00,0.0
2024-12-13T23:00:00,0.0
2024-12-14T00:00:00,0.0
2024-12-14T01:00:00,0.0
2024-12-14T02:00:00,0.0
2024-12-14T03:00:00,0.0
2024-12-14T04:00:00,0.0
2024-12-14T05:00:00,37.08
2024-12-14T06:00:00,206.8
2024-12-14T07:00:00,428.88
2024-12-14T08:00:00,655.45
2024-12-14T09:00:00,820.78
2024-12-14T10:00:00,935.88
2024-12-14T11:00:00,948.85
2024-12-14T12:00:00,991.7
2024-12-14T13:00:00,885.58
2024-12-14T14:00:00,615.3
2024-12-14T15:00:00,492.9
2024-12-14T16:00:00,285.7
2024-12-14T17:00:00,91.18
2024-12-14T18:00:00,0.0
2024-12-14T19:00:00,0.0
2024-12-14T20:00:00,0.0
2024-12-14T21:00:00,0.0
2024-12-14T22:00:00,0.0
2024-12-14T23:00:00,0.0
2024-12-15T00:00:00,0.0
2024-12-15T01:00:00,0.0
2024-12-15T02:00:00,0.0
2024-12-15T03:00:00,0.0
2024-12-15T04:00:00,0.0
2024-12-15T05:00:00,36.85
2024-12-15T06:00:00,224.15
2024-12-15T07:00:00,454.12
2024-12-15T08:00:00,668.47
2024-12-15T09:00:00,835.25
2024-12-15T10:00:00,930.67
2024-12-15T11:00:00,923.97
2024-12-15T12:00:00,807.9
2024-12-15T13:00:00,676.2
2024-12-15T14:00:00,663.9
2024-12-15T15:00:00,496.8
2024-12-15T16:00:00,272.55
2024-12-15T17:00:00,88.72
2024-12-15T18:00:00,0.0
2024-12-15T19:00:00,0.0
2024-12-15T20:00:00,0.0
2024-12-15T21:00:00,0.0
2024-12-15T22:00:00,0.0
2024-12-15T23:00:00,0.0
2024-12-16T00:00:00,0.0
2024-12-16T01:00:00,0.0
2024-12-16T02:00:00,0.0
2024-12-16T03:00:00,0.0
2024-12-16T04:00:00,0.0
2024-12-16T05:00:00,36.65
2024-12-16T06:00:00,209.07
2024-12-16T07:00:00,434.0
2024-12-16T08:00:00,672.3
2024-12-16T09:00:00,842.97
2024-12-16T10:00:00,958.85
2024-12-16T11:00:00,987.67
2024-12-16T12:00:00,878.55
2024-12-16T13:00:00,821.92
2024-12-16T14:00:00,661.45
2024-12-16T15:00:00,478.33
2024-12-16T16:00:00,257.42
2024-12-16T17:00:00,76.88
2024-12-16T18:00:00,0.0
2024-12-16T19:00:00,0.0
2024-12-16T20:00:00,0.0
2024-12-16T21:00:00,0.0
2024-12-16T22:00:00,0.0
2024-12-16T23:00:00,0.0
2024-12-17T00:00:00,0.0
2024-12-17T01:00:00,0.0
2024-12-17T02:00:00,0.0
2024-12-17T03:00:00,0.0
2024-12-17T04:00:00,0.0
2024-12-17T05:00:00,34.12
2024-12-17T06:00:00,204.57
2024-12-17T07:00:00,433.48
2024-12-17T08:00:00,649.65
2024-12-17T09:00:00,791.8
2024-12-17T10:00:00,927.83
2024-12-17T11:00:00,958.03
2024-12-17T12:00:00,965.8
2024-12-17T13:00:00,886.12
2024-12-17T14:00:00,733.3
2024-12-17T15:00:00,538.65
2024-12-17T16:00:00,310.65
2024-12-17T17:00:00,99.6
2024-12-17T18:00:00,0.0
2024-12-17T19:00:00,0.0
2024-12-17T20:00:00,0.0
2024-12-17T21:00:00,0.0
2024-12-17T22:00:00,0.0
2024-12-17T23:00:00,0.0
2024-12-18T00:00:00,0.0
2024-12-18T01:00:00,0.0
2024-12-18T02:00:00,0.0
2024-12-18T03:00:00,0.0
2024-12-18T04:00:00,0.0
2024-12-18T05:00:00,30.75
2024-12-18T06:00:00,179.35
2024-12-18T07:00:00,378.45
2024-12-18T08:00:00,515.28
2024-12-18T09:00:00,697.47
2024-12-18T10:00:00,851.12
2024-12-18T11:00:00,865.03
2024-12-18T12:00:00,877.15
2024-12-18T13:00:00,712.72
2024-12-18T14:00:00,575.2
2024-12-18T15:00:00,375.83
2024-12-18T16:00:00,199.55
2024-12-18T17:00:00,76.03
2024-12-18T18:00:00,0.0
2024-12-18T19:00:00,0.0
2024-12-18T20:00:00,0.0
2024-12-18T21:00:00,0.0
2024-12-18T22:00:00,0.0
2024-12-18T23:00:00,0.0
2024-12-19T00:00:00,0.0
2024-12-19T01:00:00,0.0
2024-12-19T02:00:00,0.0
2024-12-19T03:00:00,0.0
2024-12-19T04:00:00,0.0
2024-12-19T05:00:00,33.3
2024-12-19T06:00:00,218.88
2024-12-19T07:00:00,455.92
2024-12-19T08:00:00,653.33
2024-12-19T09:00:00,773.12
2024-12-19T10:00:00,849.67
2024-12-19T11:00:00,905.15
2024-12-19T12:00:00,868.03
2024-12-19T13:00:00,727.12
2024-12-19T14:00:00,517.6
2024-12-19T15:00:00,336.45
2024-12-19T16:00:00,179.85
2024-12-19T17:00:00,69.47
2024-12-19T18:00:00,0.0
2024-12-19T19:00:00,0.0
2024-12-19T20:00:00,0.0
2024-12-19T21:00:00,0.0
2024-12-19T22:00:00,0.0
2024-12-19T23:00:00,0.0
2024-12-20T00:00:00,0.0
2024-12-20T01:00:00,0.0
2024-12-20T02:00:00,0.0
2024-12-20T03:00:00,0.0
2024-12-20T04:00:00,0.0
2024-12-20T05:00:00,30.62
2024-12-20T06:00:00,214.05
2024-12-20T07:00:00,451.25
2024-12-20T08:00:00,647.6
2024-12-20T09:00:00,776.33
2024-12-20T10:00:00,838.97
2024-12-20T11:00:00,838.83
2024-12-20T12:00:00,777.17
2024-12-20T13:00:00,676.72
2024-12-20T14:00:00,584.1
2024-12-20T15:00:00,413.23
2024-12-20T16:00:00,243.23
2024-12-20T17:00:00,78.6
2024-12-20T18:00:00,0.0
2024-12-20T19:00:00,0.0
2024-12-20T20:00:00,0.0
2024-12-20T21:00:00,0.0
2024-12-20T22:00:00,0.0
2024-12-20T23:00:00,0.0
2024-12-21T00:00:00,0.0
2024-12-21T01:00:00,0.0
2024-12-21T02:00:00,0.0
2024-12-21T03:00:00,0.0
2024-12-21T04:00:00,0.0
2024-12-21T05:00:00,23.65
2024-12-21T06:00:00,162.73
2024-12-21T07:00:00,358.3
2024-12-21T08:00:00,553.9
2024-12-21T09:00:00,685.08
2024-12-21T10:00:00,805.95
2024-12-21T11:00:00,830.25
2024-12-21T12:00:00,900.67
2024-12-21T13:00:00,815.4
2024-12-21T14:00:00,643.12
2024-12-21T15:00:00,439.25
2024-12-21T16:00:00,244.05
2024-12-21T17:00:00,79.53
2024-12-21T18:00:00,0.0
2024-12-21T19:00:00,0.0
2024-12-21T20:00:00,0.0
2024-12-21T21:00:00,0.0
2024-12-21T22:00:00,0.0
2024-12-21T23:00:00,0.0
2024-12-22T00:00:00,0.0
2024-12-22T01:00:00,0.0
2024-12-22T02:00:00,0.0
2024-12-22T03:00:00,0.0
2024-12-22T04:00:00,0.0
2024-12-22T05:00:00,25.7
2024-12-22T06:00:00,172.93
2024-12-22T07:00:00,377.98
2024-12-22T08:00:00,559.03
2024-12-22T09:00:00,716.65
2024-12-22T10:00:00,803.83
2024-12-22T11:00:00,845.53
2024-12-22T12:00:00,843.2
2024-12-22T13:00:00,788.47
2024-12-22T14:00:00,605.55
2024-12-22T15:00:00,405.02
2024-12-22T16:00:00,221.3
2024-12-22T17:00:00,77.03
2024-12-22T18:00:00,0.0
2024-12-22T19:00:00,0.0
2024-12-22T20:00:00,0.0
2024-12-22T21:00:00,0.0
2024-12-22T22:00:00,0.0
2024-12-22T23:00:00,0.0
2024-12-23T00:00:00,0.0
2024-12-23T01:00:00,0.0
2024-12-23T02:00:00,0.0
2024-12-23T03:00:00,0.0
2024-12-23T04:00:00,0.0
2024-12-23T05:00:00,14.9
2024-12-23T06:00:00,107.62
2024-12-23T07:00:00,230.23
2024-12-23T08:00:00,309.65
2024-12-23T09:00:00,441.58
2024-12-23T10:00:00,573.42
2024-12-23T11:00:00,711.38
2024-12-23T12:00:00,779.42
2024-12-23T13:00:00,655.92
2024-12-23T14:00:00,518.67
2024-12-23T15:00:00,336.27
2024-12-23T16:00:00,177.88
2024-12-23T17:00:00,68.12
2024-12-23T18:00:00,0.0
2024-12-23T19:00:00,0.0
2024-12-23T20:00:00,0.0
2024-12-23T21:00:00,0.0
2024-12-23T22:00:00,0.0
2024-12-23T23:00:00,0.0
2024-12-24T00:00:00,0.0
2024-12-24T01:00:00,0.0
2024-12-24T02:00:00,0.0
2024-12-24T03:00:00,0.0
2024-12-24T04:00:00,0.0
2024-12-24T05:00:00,10.6
2024-12-24T06:00:00,62.38
2024-12-24T07:00:00,137.8
2024-12-24T08:00:00,235.23
2024-12-24T09:00:00,374.38
2024-12-24T10:00:00,316.55
2024-12-24T11:00:00,363.8
2024-12-24T12:00:00,602.28
2024-12-24T13:00:00,567.88
2024-12-24T14:00:00,503.05
2024-12-24T15:00:00,377.38
2024-12-24T16:00:00,202.62
2024-12-24T17:00:00,74.9
2024-12-24T18:00:00,0.0
2024-12-24T19:00:00,0.0
2024-12-24T20:00:00,0.0
2024-12-24T21:00:00,0.0
2024-12-24T22:00:00,0.0
2024-12-24T23:00:00,0.0
2024-12-25T00:00:00,0.0
2024-12-25T01:00:00,0.0
2024-12-25T02:00:00,0.0
2024-12-25T03:00:00,0.0
2024-12-25T04:00:00,0.0
2024-12-25T05:00:00,10.95
2024-12-25T06:00:00,86.47
2024-12-25T07:00:00,232.25
2024-12-25T08:00:00,300.58
2024-12-25T09:00:00,359.75
2024-12-25T10:00:00,423.65
2024-12-25T11:00:00,464.73
2024-12-25T12:00:00,513.12
2024-12-25T13:00:00,495.95
2024-12-25T14:00:00,374.88
2024-12-25T15:00:00,218.93
2024-12-25T16:00:00,106.82
2024-12-25T17:00:00,36.42
2024-12-25T18:00:00,0.0
2024-12-25T19:00:00,0.0
2024-12-25T20:00:00,0.0
2024-12-25T21:00:00,0.0
2024-12-25T22:00:00,0.0
2024-12-25T23:00:00,0.0
2024-12-26T00:00:00,0.0
2024-12-26T01:00:00,0.0
2024-12-26T02:00:00,0.0
2024-12-26T03:00:00,0.0
2024-12-26T04:00:00,0.0
2024-12-26T05:00:00,14.75
2024-12-26T06:00:00,96.07
2024-12-26T07:00:00,218.95
2024-12-26T08:00:00,358.23
2024-12-26T09:00:00,476.73
2024-12-26T10:00:00,538.05
2024-12-26T11:00:00,452.98
2024-12-26T12:00:00,487.42
2024-12-26T13:00:00,377.73
2024-12-26T14:00:00,372.27
2024-12-26T15:00:00,260.9
2024-12-26T16:00:00,129.98
2024-12-26T17:00:00,48.85
2024-12-26T18:00:00,2.72
2024-12-26T19:00:00,0.0
2024-12-26T20:00:00,0.0
2024-12-26T21:00:00,0.0
2024-12-26T22:00:00,0.0
2024-12-26T23:00:00,0.0
2024-12-27T00:00:00,0.0
2024-12-27T01:00:00,0.0
2024-12-27T02:00:00,0.0
2024-12-27T03:00:00,0.0
2024-12-27T04:00:00,0.0
2024-12-27T05:00:00,26.02
2024-12-27T06:00:00,190.0
2024-12-27T07:00:00,411.85
2024-12-27T08:00:00,596.78
2024-12-27T09:00:00,685.05
2024-12-27T10:00:00,736.2
2024-12-27T11:00:00,849.97
2024-12-27T12:00:00,797.6
2024-12-27T13:00:00,851.15
2024-12-27T14:00:00,658.92
2024-12-27T15:00:00,494.88
2024-12-27T16:00:00,283.05
2024-12-27T17:00:00,95.22
2024-12-27T18:00:00,3.53
2024-12-27T19:00:00,0.0
2024-12-27T20:00:00,0.0
2024-12-27T21:00:00,0.0
2024-12-27T22:00:00,0.0
2024-12-27T23:00:00,0.0
2024-12-28T00:00:00,0.0
2024-12-28T01:00:00,0.0
2024-12-28T02:00:00,0.0
2024-12-28T03:00:00,0.0
2024-12-28T04:00:00,0.0
2024-12-28T05:00:00,21.52
2024-12-28T06:00:00,153.02
2024-12-28T07:00:00,343.67
2024-12-28T08:00:00,548.1
2024-12-28T09:00:00,722.62
2024-12-28T10:00:00,816.53
2024-12-28T11:00:00,891.42
2024-12-28T12:00:00,929.4
2024-12-28T13:00:00,836.6
2024-12-28T14:00:00,586.53
2024-12-28T15:00:00,414.42
2024-12-28T16:00:00,244.6
2024-12-28T17:00:00,90.68
2024-12-28T18:00:00,3.65
2024-12-28T19:00:00,0.0
2024-12-28T20:00:00,0.0
2024-12-28T21:00:00,0.0
2024-12-28T22:00:00,0.0
2024-12-28T23:00:00,0.0
2024-12-29T00:00:00,0.0
2024-12-29T01:00:00,0.0
2024-12-29T02:00:00,0.0
2024-12-29T03:00:00,0.0
2024-12-29T04:00:00,0.0
2024-12-29T05:00:00,25.05
2024-12-29T06:00:00,195.0
2024-12-29T07:00:00,414.15
2024-12-29T08:00:00,587.58
2024-12-29T09:00:00,694.83
2024-12-29T10:00:00,744.4
2024-12-29T11:00:00,701.58
2024-12-29T12:00:00,713.7
2024-12-29T13:00:00,680.45
2024-12-29T14:00:00,516.4
2024-12-29T15:00:00,392.12
2024-12-29T16:00:00,217.75
2024-12-29T17:00:00,79.78
2024-12-29T18:00:00,2.6
2024-12-29T19:00:00,0.0
2024-12-29T20:00:00,0.0
2024-12-29T21:00:00,0.0
2024-12-29T22:00:00,0.0
2024-12-29T23:00:00,0.0
2024-12-30T00:00:00,0.0
2024-12-30T01:00:00,0.0
2024-12-30T02:00:00,0.0
2024-12-30T03:00:00,0.0
2024-12-30T04:00:00,0.0
2024-12-30T05:00:00,11.38
2024-12-30T06:00:00,85.97
2024-12-30T07:00:00,198.25
2024-12-30T08:00:00,331.8
2024-12-30T09:00:00,479.55
2024-12-30T10:00:00,541.4
2024-12-30T11:00:00,649.65
2024-12-30T12:00:00,612.58
2024-12-30T13:00:00,569.05
2024-12-30T14:00:00,384.6
2024-12-30T15:00:00,324.7
2024-12-30T16:00:00,176.25
2024-12-30T17:00:00,49.2
2024-12-30T18:00:00,2.83
2024-12-30T19:00:00,0.0
2024-12-30T20:00:00,0.0
2024-12-30T21:00:00,0.0
2024-12-30T22:00:00,0.0
2024-12-30T23:00:00,0.0
2024-12-31T00:00:00,0.0
2024-12-31T01:00:00,0.0
2024-12-31T02:00:00,0.0
2024-12-31T03:00:00,0.0
2024-12-31T04:00:00,0.0
2024-12-31T05:00:00,7.5
2024-12-31T06:00:00,36.08
2024-12-31T07:00:00,124.15
2024-12-31T08:00:00,179.62
2024-12-31T09:00:00,252.77
2024-12-31T10:00:00,244.1
2024-12-31T11:00:00,312.3
2024-12-31T12:00:00,362.98
2024-12-31T13:00:00,386.92
2024-12-31T14:00:00,260.5
2024-12-31T15:00:00,140.65
2024-12-31T16:00:00,123.62
2024-12-31T17:00:00,41.38
2024-12-31T18:00:00,2.17
2024-12-31T19:00:00,0.0
2024-12-31T20:00:00,0.0
2024-12-31T21:00:00,0.0
2024-12-31T22:00:00,0.0
2024-12-31T23:00:00,0.0
