timestamp,ghi_wm2
2023-01-01T00:00:00,0.0
2023-01-01T01:00:00,0.0
2023-01-01T02:00:00,0.0
2023-01-01T03:00:00,0.0
2023-01-01T04:00:00,0.0
2023-01-01T05:00:00,2.25
2023-01-01T06:00:00,31.8
2023-01-01T07:00:00,67.62
2023-01-01T08:00:00,125.88
2023-01-01T09:00:00,218.48
2023-01-01T10:00:00,424.58
2023-01-01T11:00:00,606.05
2023-01-01T12:00:00,487.83
2023-01-01T13:00:00,541.55
2023-01-01T14:00:00,439.0
2023-01-01T15:00:00,255.85
2023-01-01T16:00:00,162.32
2023-01-01T17:00:00,71.47
2023-01-01T18:00:00,9.88
2023-01-01T19:00:00,0.0
2023-01-01T20:00:00,0.0
2023-01-01T21:00:00,0.0
2023-01-01T22:00:00,0.0
2023-01-01T23:00:00,0.0
2023-01-02T00:00:00,0.0
2023-01-02T01:00:00,0.0
2023-01-02T02:00:00,0.0
2023-01-02T03:00:00,0.0
2023-01-02T04:00:00,0.0
2023-01-02T05:00:00,3.7
2023-01-02T06:00:00,92.55
2023-01-02T07:00:00,213.57
2023-01-02T08:00:00,367.25
2023-01-02T09:00:00,553.95
2023-01-02T10:00:00,602.92
2023-01-02T11:00:00,812.28
2023-01-02T12:00:00,934.72
2023-01-02T13:00:00,899.75
2023-01-02T14:00:00,681.2
2023-01-02T15:00:00,425.3
2023-01-02T16:00:00,257.08
2023-01-02T17:00:00,131.02
2023-01-02T18:00:00,11.8
2023-01-02T19:00:00,0.0
2023-01-02T20:00:00,0.0
2023-01-02T21:00:00,0.0
2023-01-02T22:00:00,0.0
2023-01-02T23:00:00,0.0
2023-01-03T00:00:00,0.0
2023-01-03T01:00:00,0.0
2023-01-03T02:00:00,0.0
2023-01-03T03:00:00,0.0
2023-01-03T04:00:00,0.0
2023-01-03T05:00:00,2.0
2023-01-03T06:00:00,42.47
2023-01-03T07:00:00,116.15
2023-01-03T08:00:00,212.88
2023-01-03T09:00:00,293.83
2023-01-03T10:00:00,343.4
2023-01-03T11:00:00,312.12
2023-01-03T12:00:00,291.38
2023-01-03T13:00:00,400.83
2023-01-03T14:00:00,350.2
2023-01-03T15:00:00,277.73
2023-01-03T16:00:00,183.12
2023-01-03T17:00:00,83.18
2023-01-03T18:00:00,11.18
2023-01-03T19:00:00,0.0
2023-01-03T20:00:00,0.0
2023-01-03T21:00:00,0.0
2023-01-03T22:00:00,0.0
2023-01-03T23:00:00,0.0
2023-01-04T00:00:00,0.0
2023-01-04T01:00:00,0.0
2023-01-04T02:00:00,0.0
2023-01-04T03:00:00,0.0
2023-01-04T04:00:00,0.0
2023-01-04T05:00:00,3.45
2023-01-04T06:00:00,69.9
2023-01-04T07:00:00,195.05
2023-01-04T08:00:00,326.73
2023-01-04T09:00:00,445.35
2023-01-04T10:00:00,590.72
2023-01-04T11:00:00,580.97
2023-01-04T12:00:00,393.25
2023-01-04T13:00:00,389.25
2023-01-04T14:00:00,466.08
2023-01-04T15:00:00,299.83
2023-01-04T16:00:00,183.9
2023-01-04T17:00:00,76.65
2023-01-04T18:00:00,9.82
2023-01-04T19:00:00,0.0
2023-01-04T20:00:00,0.0
2023-01-04T21:00:00,0.0
2023-01-04T22:00:00,0.0
2023-01-04T23:00:00,0.0
2023-01-05T00:00:00,0.0
2023-01-05T01:00:00,0.0
2023-01-05T02:00:00,0.0
2023-01-05T03:00:00,0.0
2023-01-05T04:00:00,0.0
2023-01-05T05:00:00,0.85
2023-01-05T06:00:00,12.68
2023-01-05T07:00:00,30.0
2023-01-05T08:00:00,48.75
2023-01-05T09:00:00,64.2
2023-01-05T10:00:00,73.18
2023-01-05T11:00:00,84.4
2023-01-05T12:00:00,91.03
2023-01-05T13:00:00,92.85
2023-01-05T14:00:00,71.72
2023-01-05T15:00:00,89.72
2023-01-05T16:00:00,96.43
2023-01-05T17:00:00,57.28
2023-01-05T18:00:00,9.9
2023-01-05T19:00:00,0.0
2023-01-05T20:00:00,0.0
2023-01-05T21:00:00,0.0
2023-01-05T22:00:00,0.0
2023-01-05T23:00:00,0.0
2023-01-06T00:00:00,0.0
2023-01-06T01:00:00,0.0
2023-01-06T02:00:00,0.0
2023-01-06T03:00:00,0.0
2023-01-06T04:00:00,0.0
2023-01-06T05:00:00,3.22
2023-01-06T06:00:00,90.97
2023-01-06T07:00:00,220.02
2023-01-06T08:00:00,395.95
2023-01-06T09:00:00,505.73
2023-01-06T10:00:00,623.08
2023-01-06T11:00:00,579.33
2023-01-06T12:00:00,561.22
2023-01-06T13:00:00,470.52
2023-01-06T14:00:00,445.4
2023-01-06T15:00:00,355.5
2023-01-06T16:00:00,211.6
2023-01-06T17:00:00,89.6
2023-01-06T18:00:00,12.98
2023-01-06T19:00:00,0.0
2023-01-06T20:00:00,0.0
2023-01-06T21:00:00,0.0
2023-01-06T22:00:00,0.0
2023-01-06T23:00:00,0.0
2023-01-07T00:00:00,0.0
2023-01-07T01:00:00,0.0
2023-01-07T02:00:00,0.0
2023-01-07T03:00:00,0.0
2023-01-07T04:00:00,0.0
2023-01-07T05:00:00,3.62
2023-01-07T06:00:00,94.1
2023-01-07T07:00:00,276.02
2023-01-07T08:00:00,468.1
2023-01-07T09:00:00,636.62
2023-01-07T10:00:00,797.67
2023-01-07T11:00:00,894.78
2023-01-07T12:00:00,907.47
2023-01-07T13:00:00,834.92
2023-01-07T14:00:00,724.3
2023-01-07T15:00:00,580.67
2023-01-07T16:00:00,375.8
2023-01-07T17:00:00,166.98
2023-01-07T18:00:00,22.1
2023-01-07T19:00:00,0.0
2023-01-07T20:00:00,0.0
2023-01-07T21:00:00,0.0
2023-01-07T22:00:00,0.0
2023-01-07T23:00:00,0.0
2023-01-08T00:00:00,0.0
2023-01-08T01:00:00,0.0
2023-01-08T02:00:00,0.0
2023-01-08T03:00:00,0.0
2023-01-08T04:00:00,0.0
2023-01-08T05:00:00,3.55
2023-01-08T06:00:00,87.22
2023-01-08T07:00:00,238.57
2023-01-08T08:00:00,414.27
2023-01-08T09:00:00,602.55
2023-01-08T10:00:00,747.72
2023-01-08T11:00:00,851.4
2023-01-08T12:00:00,883.33
2023-01-08T13:00:00,832.2
2023-01-08T14:00:00,712.05
2023-01-08T15:00:00,564.95
2023-01-08T16:00:00,361.5
2023-01-08T17:00:00,167.65
2023-01-08T18:00:00,19.1
2023-01-08T19:00:00,0.0
2023-01-08T20:00:00,0.0
2023-01-08T21:00:00,0.0
2023-01-08T22:00:00,0.0
2023-01-08T23:00:00,0.0
2023-01-09T00:00:00,0.0
2023-01-09T01:00:00,0.0
2023-01-09T02:00:00,0.0
2023-01-09T03:00:00,0.0
2023-01-09T04:00:00,0.0
2023-01-09T05:00:00,2.85
2023-01-09T06:00:00,71.38
2023-01-09T07:00:00,252.88
2023-01-09T08:00:00,446.62
2023-01-09T09:00:00,647.22
2023-01-09T10:00:00,773.6
2023-01-09T11:00:00,818.33
2023-01-09T12:00:00,908.97
2023-01-09T13:00:00,733.1
2023-01-09T14:00:00,664.28
2023-01-09T15:00:00,441.08
2023-01-09T16:00:00,279.17
2023-01-09T17:00:00,129.38
2023-01-09T18:00:00,15.48
2023-01-09T19:00:00,0.0
2023-01-09T20:00:00,0.0
2023-01-09T21:00:00,0.0
2023-01-09T22:00:00,0.0
2023-01-09T23:00:00,0.0
2023-01-10T00:00:00,0.0
2023-01-10T01:00:00,0.0
2023-01-10T02:00:00,0.0
2023-01-10T03:00:00,0.0
2023-01-10T04:00:00,0.0
2023-01-10T05:00:00,3.17
2023-01-10T06:00:00,89.88
2023-01-10T07:00:00,284.4
2023-01-10T08:00:00,485.88
2023-01-10T09:00:00,659.25
2023-01-10T10:00:00,819.72
2023-01-10T11:00:00,894.78
2023-01-10T12:00:00,911.25
2023-01-10T13:00:00,854.8
2023-01-10T14:00:00,773.05
2023-01-10T15:00:00,533.0
2023-01-10T16:00:00,327.12
2023-01-10T17:00:00,161.23
2023-01-10T18:00:00,18.5
2023-01-10T19:00:00,0.0
2023-01-10T20:00:00,0.0
2023-01-10T21:00:00,0.0
2023-01-10T22:00:00,0.0
2023-01-10T23:00:00,0.0
2023-01-11T00:00:00,0.0
2023-01-11T01:00:00,0.0
2023-01-11T02:00:00,0.0
2023-01-11T03:00:00,0.0
2023-01-11T04:00:00,0.0
2023-01-11T05:00:00,0.0
2023-01-11T06:00:00,80.05
2023-01-11T07:00:00,248.5
2023-01-11T08:00:00,436.3
2023-01-11T09:00:00,640.22
2023-01-11T10:00:00,785.53
2023-01-11T11:00:00,862.5
2023-01-11T12:00:00,751.6
2023-01-11T13:00:00,556.2
2023-01-11T14:00:00,266.52
2023-01-11T15:00:00,121.62
2023-01-11T16:00:00,91.38
2023-01-11T17:00:00,59.85
2023-01-11T18:00:00,10.82
2023-01-11T19:00:00,0.0
2023-01-11T20:00:00,0.0
2023-01-11T21:00:00,0.0
2023-01-11T22:00:00,0.0
2023-01-11T23:00:00,0.0
2023-01-12T00:00:00,0.0
2023-01-12T01:00:00,0.0
2023-01-12T02:00:00,0.0
2023-01-12T03:00:00,0.0
2023-01-12T04:00:00,0.0
2023-01-12T05:00:00,0.0
2023-01-12T06:00:00,92.03
2023-01-12T07:00:00,267.02
2023-01-12T08:00:00,448.75
2023-01-12T09:00:00,625.08
2023-01-12T10:00:00,804.95
2023-01-12T11:00:00,809.7
2023-01-12T12:00:00,712.15
2023-01-12T13:00:00,695.08
2023-01-12T14:00:00,537.0
2023-01-12T15:00:00,373.83
2023-01-12T16:00:00,249.73
2023-01-12T17:00:00,126.43
2023-01-12T18:00:00,14.55
2023-01-12T19:00:00,0.0
2023-01-12T20:00:00,0.0
2023-01-12T21:00:00,0.0
2023-01-12T22:00:00,0.0
2023-01-12T23:00:00,0.0
2023-01-13T00:00:00,0.0
2023-01-13T01:00:00,0.0
2023-01-13T02:00:00,0.0
2023-01-13T03:00:00,0.0
2023-01-13T04:00:00,0.0
2023-01-13T05:00:00,0.0
2023-01-13T06:00:00,98.78
2023-01-13T07:00:00,240.6
2023-01-13T08:00:00,364.15
2023-01-13T09:00:00,498.3
2023-01-13T10:00:00,640.5
2023-01-13T11:00:00,715.85
2023-01-13T12:00:00,684.75
2023-01-13T13:00:00,710.35
2023-01-13T14:00:00,473.08
2023-01-13T15:00:00,230.23
2023-01-13T16:00:00,119.28
2023-01-13T17:00:00,97.55
2023-01-13T18:00:00,8.48
2023-01-13T19:00:00,0.0
2023-01-13T20:00:00,0.0
2023-01-13T21:00:00,0.0
2023-01-13T22:00:00,0.0
2023-01-13T23:00:00,0.0
2023-01-14T00:00:00,0.0
2023-01-14T01:00:00,0.0
2023-01-14T02:00:00,0.0
2023-01-14T03:00:00,0.0
2023-01-14T04:00:00,0.0
2023-01-14T05:00:00,0.0
2023-01-14T06:00:00,91.38
2023-01-14T07:00:00,263.9
2023-01-14T08:00:00,473.33
2023-01-14T09:00:00,679.6
2023-01-14T10:00:00,844.17
2023-01-14T11:00:00,903.35
2023-01-14T12:00:00,873.58
2023-01-14T13:00:00,802.78
2023-01-14T14:00:00,692.35
2023-01-14T15:00:00,469.8
2023-01-14T16:00:00,291.38
2023-01-14T17:00:00,142.35
2023-01-14T18:00:00,18.9
2023-01-14T19:00:00,0.0
2023-01-14T20:00:00,0.0
2023-01-14T21:00:00,0.0
2023-01-14T22:00:00,0.0
2023-01-14T23:00:00,0.0
2023-01-15T00:00:00,0.0
2023-01-15T01:00:00,0.0
2023-01-15T02:00:00,0.0
2023-01-15T03:00:00,0.0
2023-01-15T04:00:00,0.0
2023-01-15T05:00:00,0.0
2023-01-15T06:00:00,96.7
2023-01-15T07:00:00,283.3
2023-01-15T08:00:00,495.62
2023-01-15T09:00:00,688.03
2023-01-15T10:00:00,857.97
2023-01-15T11:00:00,941.2
2023-01-15T12:00:00,946.03
2023-01-15T13:00:00,871.47
2023-01-15T14:00:00,664.88
2023-01-15T15:00:00,574.47
2023-01-15T16:00:00,365.92
2023-01-15T17:00:00,163.02
2023-01-15T18:00:00,21.73
2023-01-15T19:00:00,0.0
2023-01-15T20:00:00,0.0
2023-01-15T21:00:00,0.0
2023-01-15T22:00:00,0.0
2023-01-15T23:00:00,0.0
2023-01-16T00:00:00,0.0
2023-01-16T01:00:00,0.0
2023-01-16T02:00:00,0.0
2023-01-16T03:00:00,0.0
2023-01-16T04:00:00,0.0
2023-01-16T05:00:00,0.0
2023-01-16T06:00:00,61.2
2023-01-16T07:00:00,179.68
2023-01-16T08:00:00,324.95
2023-01-16T09:00:00,450.08
2023-01-16T10:00:00,561.3
2023-01-16T11:00:00,580.83
2023-01-16T12:00:00,662.17
2023-01-16T13:00:00,692.7
2023-01-16T14:00:00,581.0
2023-01-16T15:00:00,442.83
2023-01-16T16:00:00,268.8
2023-01-16T17:00:00,114.0
2023-01-16T18:00:00,14.8
2023-01-16T19:00:00,0.0
2023-01-16T20:00:00,0.0
2023-01-16T21:00:00,0.0
2023-01-16T22:00:00,0.0
2023-01-16T23:00:00,0.0
2023-01-17T00:00:00,0.0
2023-01-17T01:00:00,0.0
2023-01-17T02:00:00,0.0
2023-01-17T03:00:00,0.0
2023-01-17T04:00:00,0.0
2023-01-17T05:00:00,0.0
2023-01-17T06:00:00,82.03
2023-01-17T07:00:00,259.33
2023-01-17T08:00:00,465.1
2023-01-17T09:00:00,641.08
2023-01-17T10:00:00,808.62
2023-01-17T11:00:00,869.88
2023-01-17T12:00:00,899.72
2023-01-17T13:00:00,920.15
2023-01-17T14:00:00,827.3
2023-01-17T15:00:00,650.08
2023-01-17T16:00:00,437.08
2023-01-17T17:00:00,209.4
2023-01-17T18:00:00,28.3
2023-01-17T19:00:00,0.0
2023-01-17T20:00:00,0.0
2023-01-17T21:00:00,0.0
2023-01-17T22:00:00,0.0
2023-01-17T23:00:00,0.0
2023-01-18T00:00:00,0.0
2023-01-18T01:00:00,0.0
2023-01-18T02:00:00,0.0
2023-01-18T03:00:00,0.0
2023-01-18T04:00:00,0.0
2023-01-18T05:00:00,0.0
2023-01-18T06:00:00,85.15
2023-01-18T07:00:00,251.98
2023-01-18T08:00:00,447.75
2023-01-18T09:00:00,637.15
2023-01-18T10:00:00,790.9
2023-01-18T11:00:00,856.12
2023-01-18T12:00:00,842.78
2023-01-18T13:00:00,801.88
2023-01-18T14:00:00,505.8
2023-01-18T15:00:00,275.75
2023-01-18T16:00:00,168.35
2023-01-18T17:00:00,76.15
2023-01-18T18:00:00,10.18
2023-01-18T19:00:00,0.0
2023-01-18T20:00:00,0.0
2023-01-18T21:00:00,0.0
2023-01-18T22:00:00,0.0
2023-01-18T23:00:00,0.0
2023-01-19T00:00:00,0.0
2023-01-19T01:00:00,0.0
2023-01-19T02:00:00,0.0
2023-01-19T03:00:00,0.0
2023-01-19T04:00:00,0.0
2023-01-19T05:00:00,0.0
2023-01-19T06:00:00,82.85
2023-01-19T07:00:00,247.9
2023-01-19T08:00:00,426.45
2023-01-19T09:00:00,553.72
2023-01-19T10:00:00,730.78
2023-01-19T11:00:00,804.33
2023-01-19T12:00:00,809.17
2023-01-19T13:00:00,812.9
2023-01-19T14:00:00,638.85
2023-01-19T15:00:00,364.9
2023-01-19T16:00:00,189.38
2023-01-19T17:00:00,101.82
2023-01-19T18:00:00,15.62
2023-01-19T19:00:00,0.0
2023-01-19T20:00:00,0.0
2023-01-19T21:00:00,0.0
2023-01-19T22:00:00,0.0
2023-01-19T23:00:00,0.0
2023-01-20T00:00:00,0.0
2023-01-20T01:00:00,0.0
2023-01-20T02:00:00,0.0
2023-01-20T03:00:00,0.0
2023-01-20T04:00:00,0.0
2023-01-20T05:00:00,0.0
2023-01-20T06:00:00,54.28
2023-01-20T07:00:00,158.15
2023-01-20T08:00:00,261.1
2023-01-20T09:00:00,368.73
2023-01-20T10:00:00,515.35
2023-01-20T11:00:00,561.9
2023-01-20T12:00:00,608.88
2023-01-20T13:00:00,616.83
2023-01-20T14:00:00,516.85
2023-01-20T15:00:00,431.85
2023-01-20T16:00:00,264.65
2023-01-20T17:00:00,122.32
2023-01-20T18:00:00,15.9
2023-01-20T19:00:00,0.0
2023-01-20T20:00:00,0.0
2023-01-20T21:00:00,0.0
2023-01-20T22:00:00,0.0
2023-01-20T23:00:00,0.0
2023-01-21T00:00:00,0.0
2023-01-21T01:00:00,0.0
2023-01-21T02:00:00,0.0
2023-01-21T03:00:00,0.0
2023-01-21T04:00:00,0.0
2023-01-21T05:00:00,0.0
2023-01-21T06:00:00,64.57
2023-01-21T07:00:00,205.95
2023-01-21T08:00:00,371.62
2023-01-21T09:00:00,508.6
2023-01-21T10:00:00,634.72
2023-01-21T11:00:00,801.35
2023-01-21T12:00:00,722.67
2023-01-21T13:00:00,756.65
2023-01-21T14:00:00,624.53
2023-01-21T15:00:00,421.17
2023-01-21T16:00:00,250.07
2023-01-21T17:00:00,110.55
2023-01-21T18:00:00,15.5
2023-01-21T19:00:00,0.0
2023-01-21T20:00:00,0.0
2023-01-21T21:00:00,0.0
2023-01-21T22:00:00,0.0
2023-01-21T23:00:00,0.0
2023-01-22T00:00:00,0.0
2023-01-22T01:00:00,0.0
2023-01-22T02:00:00,0.0
2023-01-22T03:00:00,0.0
2023-01-22T04:00:00,0.0
2023-01-22T05:00:00,0.0
2023-01-22T06:00:00,78.1
2023-01-22T07:00:00,239.75
2023-01-22T08:00:00,440.88
2023-01-22T09:00:00,642.85
2023-01-22T10:00:00,798.22
2023-01-22T11:00:00,896.85
2023-01-22T12:00:00,869.33
2023-01-22T13:00:00,881.35
2023-01-22T14:00:00,791.42
2023-01-22T15:00:00,645.55
2023-01-22T16:00:00,452.92
2023-01-22T17:00:00,210.7
2023-01-22T18:00:00,29.08
2023-01-22T19:00:00,0.0
2023-01-22T20:00:00,0.0
2023-01-22T21:00:00,0.0
2023-01-22T22:00:00,0.0
2023-01-22T23:00:00,0.0
2023-01-23T00:00:00,0.0
2023-01-23T01:00:00,0.0
2023-01-23T02:00:00,0.0
2023-01-23T03:00:00,0.0
2023-01-23T04:00:00,0.0
2023-01-23T05:00:00,0.0
2023-01-23T06:00:00,70.55
2023-01-23T07:00:00,244.75
2023-01-23T08:00:00,464.88
2023-01-23T09:00:00,664.38
2023-01-23T10:00:00,822.75
2023-01-23T11:00:00,885.75
2023-01-23T12:00:00,868.53
2023-01-23T13:00:00,857.05
2023-01-23T14:00:00,777.7
2023-01-23T15:00:00,631.5
2023-01-23T16:00:00,420.55
2023-01-23T17:00:00,196.85
2023-01-23T18:00:00,26.85
2023-01-23T19:00:00,0.0
2023-01-23T20:00:00,0.0
2023-01-23T21:00:00,0.0
2023-01-23T22:00:00,0.0
2023-01-23T23:00:00,0.0
2023-01-24T00:00:00,0.0
2023-01-24T01:00:00,0.0
2023-01-24T02:00:00,0.0
2023-01-24T03:00:00,0.0
2023-01-24T04:00:00,0.0
2023-01-24T05:00:00,0.0
2023-01-24T06:00:00,77.4
2023-01-24T07:00:00,272.23
2023-01-24T08:00:00,489.17
2023-01-24T09:00:00,698.62
2023-01-24T10:00:00,870.85
2023-01-24T11:00:00,974.88
2023-01-24T12:00:00,987.97
2023-01-24T13:00:00,953.47
2023-01-24T14:00:00,823.2
2023-01-24T15:00:00,647.83
2023-01-24T16:00:00,427.83
2023-01-24T17:00:00,204.43
2023-01-24T18:00:00,28.38
2023-01-24T19:00:00,0.0
2023-01-24T20:00:00,0.0
2023-01-24T21:00:00,0.0
2023-01-24T22:00:00,0.0
2023-01-24T23:00:00,0.0
2023-01-25T00:00:00,0.0
2023-01-25T01:00:00,0.0
2023-01-25T02:00:00,0.0
2023-01-25T03:00:00,0.0
2023-01-25T04:00:00,0.0
2023-01-25T05:00:00,0.0
2023-01-25T06:00:00,88.15
2023-01-25T07:00:00,291.92
2023-01-25T08:00:00,510.48
2023-01-25T09:00:00,718.55
2023-01-25T10:00:00,890.03
2023-01-25T11:00:00,984.38
2023-01-25T12:00:00,1032.47
2023-01-25T13:00:00,956.83
2023-01-25T14:00:00,846.5
2023-01-25T15:00:00,650.95
2023-01-25T16:00:00,436.17
2023-01-25T17:00:00,217.88
2023-01-25T18:00:00,30.8
2023-01-25T19:00:00,0.0
2023-01-25T20:00:00,0.0
2023-01-25T21:00:00,0.0
2023-01-25T22:00:00,0.0
2023-01-25T23:00:00,0.0
2023-01-26T00:00:00,0.0
2023-01-26T01:00:00,0.0
2023-01-26T02:00:00,0.0
2023-01-26T03:00:00,0.0
2023-01-26T04:00:00,0.0
2023-01-26T05:00:00,0.0
2023-01-26T06:00:00,79.05
2023-01-26T07:00:00,257.58
2023-01-26T08:00:00,441.08
2023-01-26T09:00:00,643.12
2023-01-26T10:00:00,812.5
2023-01-26T11:00:00,910.9
2023-01-26T12:00:00,919.4
2023-01-26T13:00:00,863.25
2023-01-26T14:00:00,764.92
2023-01-26T15:00:00,584.55
2023-01-26T16:00:00,380.6
2023-01-26T17:00:00,186.05
2023-01-26T18:00:00,26.92
2023-01-26T19:00:00,0.0
2023-01-26T20:00:00,0.0
2023-01-26T21:00:00,0.0
2023-01-26T22:00:00,0.0
2023-01-26T23:00:00,0.0
2023-01-27T00:00:00,0.0
2023-01-27T01:00:00,0.0
2023-01-27T02:00:00,0.0
2023-01-27T03:00:00,0.0
2023-01-27T04:00:00,0.0
2023-01-27T05:00:00,0.0
2023-01-27T06:00:00,85.28
2023-01-27T07:00:00,306.17
2023-01-27T08:00:00,524.08
2023-01-27T09:00:00,731.25
2023-01-27T10:00:00,915.58
2023-01-27T11:00:00,983.8
2023-01-27T12:00:00,989.4
2023-01-27T13:00:00,920.25
2023-01-27T14:00:00,785.05
2023-01-27T15:00:00,612.97
2023-01-27T16:00:00,409.75
2023-01-27T17:00:00,196.12
2023-01-27T18:00:00,25.23
2023-01-27T19:00:00,0.0
2023-01-27T20:00:00,0.0
2023-01-27T21:00:00,0.0
2023-01-27T22:00:00,0.0
2023-01-27T23:00:00,0.0
2023-01-28T00:00:00,0.0
2023-01-28T01:00:00,0.0
2023-01-28T02:00:00,0.0
2023-01-28T03:00:00,0.0
2023-01-28T04:00:00,0.0
2023-01-28T05:00:00,0.0
2023-01-28T06:00:00,84.0
2023-01-28T07:00:00,308.35
2023-01-28T08:00:00,533.8
2023-01-28T09:00:00,751.53
2023-01-28T10:00:00,923.9
2023-01-28T11:00:00,1006.03
2023-01-28T12:00:00,984.65
2023-01-28T13:00:00,912.67
2023-01-28T14:00:00,726.72
2023-01-28T15:00:00,484.95
2023-01-28T16:00:00,328.62
2023-01-28T17:00:00,163.8
2023-01-28T18:00:00,22.58
2023-01-28T19:00:00,0.0
2023-01-28T20:00:00,0.0
2023-01-28T21:00:00,0.0
2023-01-28T22:00:00,0.0
2023-01-28T23:00:00,0.0
2023-01-29T00:00:00,0.0
2023-01-29T01:00:00,0.0
2023-01-29T02:00:00,0.0
2023-01-29T03:00:00,0.0
2023-01-29T04:00:00,0.0
2023-01-29T05:00:00,0.0
2023-01-29T06:00:00,89.5
2023-01-29T07:00:00,317.6
2023-01-29T08:00:00,544.17
2023-01-29T09:00:00,759.0
2023-01-29T10:00:00,926.8
2023-01-29T11:00:00,1011.78
2023-01-29T12:00:00,1005.15
2023-01-29T13:00:00,966.88
2023-01-29T14:00:00,771.92
2023-01-29T15:00:00,575.72
2023-01-29T16:00:00,367.83
2023-01-29T17:00:00,179.15
2023-01-29T18:00:00,23.08
2023-01-29T19:00:00,0.0
2023-01-29T20:00:00,0.0
2023-01-29T21:00:00,0.0
2023-01-29T22:00:00,0.0
2023-01-29T23:00:00,0.0
2023-01-30T00:00:00,0.0
2023-01-30T01:00:00,0.0
2023-01-30T02:00:00,0.0
2023-01-30T03:00:00,0.0
2023-01-30T04:00:00,0.0
2023-01-30T05:00:00,0.0
2023-01-30T06:00:00,82.07
2023-01-30T07:00:00,307.38
2023-01-30T08:00:00,535.83
2023-01-30T09:00:00,742.08
2023-01-30T10:00:00,919.97
2023-01-30T11:00:00,979.53
2023-01-30T12:00:00,977.1
2023-01-30T13:00:00,775.55
2023-01-30T14:00:00,760.12
2023-01-30T15:00:00,450.15
2023-01-30T16:00:00,282.3
2023-01-30T17:00:00,140.98
2023-01-30T18:00:00,17.48
2023-01-30T19:00:00,0.0
2023-01-30T20:00:00,0.0
2023-01-30T21:00:00,0.0
2023-01-30T22:00:00,0.0
2023-01-30T23:00:00,0.0
2023-01-31T00:00:00,0.0
2023-01-31T01:00:00,0.0
2023-01-31T02:00:00,0.0
2023-01-31T03:00:00,0.0
2023-01-31T04:00:00,0.0
2023-01-31T05:00:00,0.0
2023-01-31T06:00:00,69.38
2023-01-31T07:00:00,229.6
2023-01-31T08:00:00,429.67
2023-01-31T09:00:00,613.05
2023-01-31T10:00:00,761.45
2023-01-31T11:00:00,776.45
2023-01-31T12:00:00,800.97
2023-01-31T13:00:00,737.88
2023-01-31T14:00:00,535.92
2023-01-31T15:00:00,237.02
2023-01-31T16:00:00,165.25
2023-01-31T17:00:00,86.55
2023-01-31T18:00:00,11.25
2023-01-31T19:00:00,0.0
2023-01-31T20:00:00,0.0
2023-01-31T21:00:00,0.0
2023-01-31T22:00:00,0.0
2023-01-31T23:00:00,0.0
2023-02-01T00:00:00,0.0
2023-02-01T01:00:00,0.0
2023-02-01T02:00:00,0.0
2023-02-01T03:00:00,0.0
2023-02-01T04:00:00,0.0
2023-02-01T05:00:00,0.0
2023-02-01T06:00:00,70.15
2023-02-01T07:00:00,211.73
2023-02-01T08:00:00,354.25
2023-02-01T09:00:00,494.95
2023-02-01T10:00:00,780.08
2023-02-01T11:00:00,812.95
2023-02-01T12:00:00,752.83
2023-02-01T13:00:00,774.25
2023-02-01T14:00:00,513.33
2023-02-01T15:00:00,294.38
2023-02-01T16:00:00,169.35
2023-02-01T17:00:00,90.72
2023-02-01T18:00:00,11.35
2023-02-01T19:00:00,0.0
2023-02-01T20:00:00,0.0
2023-02-01T21:00:00,0.0
2023-02-01T22:00:00,0.0
2023-02-01T23:00:00,0.0
2023-02-02T00:00:00,0.0
2023-02-02T01:00:00,0.0
2023-02-02T02:00:00,0.0
2023-02-02T03:00:00,0.0
2023-02-02T04:00:00,0.0
2023-02-02T05:00:00,0.0
2023-02-02T06:00:00,55.6
2023-02-02T07:00:00,200.98
2023-02-02T08:00:00,385.38
2023-02-02T09:00:00,559.72
2023-02-02T10:00:00,710.75
2023-02-02T11:00:00,833.72
2023-02-02T12:00:00,709.35
2023-02-02T13:00:00,561.6
2023-02-02T14:00:00,367.67
2023-02-02T15:00:00,209.68
2023-02-02T16:00:00,123.12
2023-02-02T17:00:00,70.8
2023-02-02T18:00:00,10.68
2023-02-02T19:00:00,0.0
2023-02-02T20:00:00,0.0
2023-02-02T21:00:00,0.0
2023-02-02T22:00:00,0.0
2023-02-02T23:00:00,0.0
2023-02-03T00:00:00,0.0
2023-02-03T01:00:00,0.0
2023-02-03T02:00:00,0.0
2023-02-03T03:00:00,0.0
2023-02-03T04:00:00,0.0
2023-02-03T05:00:00,0.0
2023-02-03T06:00:00,61.9
2023-02-03T07:00:00,260.52
2023-02-03T08:00:00,480.27
2023-02-03T09:00:00,657.88
2023-02-03T10:00:00,846.6
2023-02-03T11:00:00,917.5
2023-02-03T12:00:00,879.38
2023-02-03T13:00:00,774.12
2023-02-03T14:00:00,686.45
2023-02-03T15:00:00,473.1
2023-02-03T16:00:00,292.88
2023-02-03T17:00:00,137.75
2023-02-03T18:00:00,14.1
2023-02-03T19:00:00,0.0
2023-02-03T20:00:00,0.0
2023-02-03T21:00:00,0.0
2023-02-03T22:00:00,0.0
2023-02-03T23:00:00,0.0
2023-02-04T00:00:00,0.0
2023-02-04T01:00:00,0.0
2023-02-04T02:00:00,0.0
2023-02-04T03:00:00,0.0
2023-02-04T04:00:00,0.0
2023-02-04T05:00:00,0.0
2023-02-04T06:00:00,55.75
2023-02-04T07:00:00,234.6
2023-02-04T08:00:00,438.77
2023-02-04T09:00:00,634.5
2023-02-04T10:00:00,783.62
2023-02-04T11:00:00,856.17
2023-02-04T12:00:00,846.45
2023-02-04T13:00:00,839.95
2023-02-04T14:00:00,474.42
2023-02-04T15:00:00,268.2
2023-02-04T16:00:00,130.25
2023-02-04T17:00:00,58.17
2023-02-04T18:00:00,6.1
2023-02-04T19:00:00,0.0
2023-02-04T20:00:00,0.0
2023-02-04T21:00:00,0.0
2023-02-04T22:00:00,0.0
2023-02-04T23:00:00,0.0
2023-02-05T00:00:00,0.0
2023-02-05T01:00:00,0.0
2023-02-05T02:00:00,0.0
2023-02-05T03:00:00,0.0
2023-02-05T04:00:00,0.0
2023-02-05T05:00:00,0.0
2023-02-05T06:00:00,51.55
2023-02-05T07:00:00,189.32
2023-02-05T08:00:00,392.98
2023-02-05T09:00:00,574.55
2023-02-05T10:00:00,704.65
2023-02-05T11:00:00,804.97
2023-02-05T12:00:00,765.28
2023-02-05T13:00:00,843.03
2023-02-05T14:00:00,713.38
2023-02-05T15:00:00,461.52
2023-02-05T16:00:00,285.17
2023-02-05T17:00:00,144.52
2023-02-05T18:00:00,12.98
2023-02-05T19:00:00,0.0
2023-02-05T20:00:00,0.0
2023-02-05T21:00:00,0.0
2023-02-05T22:00:00,0.0
2023-02-05T23:00:00,0.0
2023-02-06T00:00:00,0.0
2023-02-06T01:00:00,0.0
2023-02-06T02:00:00,0.0
2023-02-06T03:00:00,0.0
2023-02-06T04:00:00,0.0
2023-02-06T05:00:00,0.0
2023-02-06T06:00:00,51.6
2023-02-06T07:00:00,211.07
2023-02-06T08:00:00,412.08
2023-02-06T09:00:00,580.92
2023-02-06T10:00:00,728.58
2023-02-06T11:00:00,822.58
2023-02-06T12:00:00,829.78
2023-02-06T13:00:00,721.35
2023-02-06T14:00:00,560.55
2023-02-06T15:00:00,515.28
2023-02-06T16:00:00,304.35
2023-02-06T17:00:00,143.43
2023-02-06T18:00:00,13.23
2023-02-06T19:00:00,0.0
2023-02-06T20:00:00,0.0
2023-02-06T21:00:00,0.0
2023-02-06T22:00:00,0.0
2023-02-06T23:00:00,0.0
2023-02-07T00:00:00,0.0
2023-02-07T01:00:00,0.0
2023-02-07T02:00:00,0.0
2023-02-07T03:00:00,0.0
2023-02-07T04:00:00,0.0
2023-02-07T05:00:00,0.0
2023-02-07T06:00:00,58.0
2023-02-07T07:00:00,246.6
2023-02-07T08:00:00,486.52
2023-02-07T09:00:00,718.8
2023-02-07T10:00:00,881.53
2023-02-07T11:00:00,968.58
2023-02-07T12:00:00,881.38
2023-02-07T13:00:00,891.08
2023-02-07T14:00:00,700.8
2023-02-07T15:00:00,496.92
2023-02-07T16:00:00,277.35
2023-02-07T17:00:00,98.03
2023-02-07T18:00:00,11.3
2023-02-07T19:00:00,0.0
2023-02-07T20:00:00,0.0
2023-02-07T21:00:00,0.0
2023-02-07T22:00:00,0.0
2023-02-07T23:00:00,0.0
2023-02-08T00:00:00,0.0
2023-02-08T01:00:00,0.0
2023-02-08T02:00:00,0.0
2023-02-08T03:00:00,0.0
2023-02-08T04:00:00,0.0
2023-02-08T05:00:00,0.0
2023-02-08T06:00:00,37.88
2023-02-08T07:00:00,112.47
2023-02-08T08:00:00,252.57
2023-02-08T09:00:00,402.8
2023-02-08T10:00:00,503.15
2023-02-08T11:00:00,518.88
2023-02-08T12:00:00,490.8
2023-02-08T13:00:00,464.77
2023-02-08T14:00:00,294.92
2023-02-08T15:00:00,302.95
2023-02-08T16:00:00,185.9
2023-02-08T17:00:00,79.3
2023-02-08T18:00:00,11.0
2023-02-08T19:00:00,0.0
2023-02-08T20:00:00,0.0
2023-02-08T21:00:00,0.0
2023-02-08T22:00:00,0.0
2023-02-08T23:00:00,0.0
2023-02-09T00:00:00,0.0
2023-02-09T01:00:00,0.0
2023-02-09T02:00:00,0.0
2023-02-09T03:00:00,0.0
2023-02-09T04:00:00,0.0
2023-02-09T05:00:00,0.0
2023-02-09T06:00:00,25.9
2023-02-09T07:00:00,86.4
2023-02-09T08:00:00,200.55
2023-02-09T09:00:00,348.5
2023-02-09T10:00:00,302.85
2023-02-09T11:00:00,514.42
2023-02-09T12:00:00,670.45
2023-02-09T13:00:00,606.5
2023-02-09T14:00:00,270.15
2023-02-09T15:00:00,174.15
2023-02-09T16:00:00,93.72
2023-02-09T17:00:00,40.85
2023-02-09T18:00:00,4.05
2023-02-09T19:00:00,0.0
2023-02-09T20:00:00,0.0
2023-02-09T21:00:00,0.0
2023-02-09T22:00:00,0.0
2023-02-09T23:00:00,0.0
2023-02-10T00:00:00,0.0
2023-02-10T01:00:00,0.0
2023-02-10T02:00:00,0.0
2023-02-10T03:00:00,0.0
2023-02-10T04:00:00,0.0
2023-02-10T05:00:00,0.0
2023-02-10T06:00:00,21.5
2023-02-10T07:00:00,60.05
2023-02-10T08:00:00,175.5
2023-02-10T09:00:00,318.27
2023-02-10T10:00:00,387.42
2023-02-10T11:00:00,442.73
2023-02-10T12:00:00,633.22
2023-02-10T13:00:00,514.35
2023-02-10T14:00:00,303.38
2023-02-10T15:00:00,157.35
2023-02-10T16:00:00,82.45
2023-02-10T17:00:00,63.88
2023-02-10T18:00:00,7.72
2023-02-10T19:00:00,0.0
2023-02-10T20:00:00,0.0
2023-02-10T21:00:00,0.0
2023-02-10T22:00:00,0.0
2023-02-10T23:00:00,0.0
2023-02-11T00:00:00,0.0
2023-02-11T01:00:00,0.0
2023-02-11T02:00:00,0.0
2023-02-11T03:00:00,0.0
2023-02-11T04:00:00,0.0
2023-02-11T05:00:00,0.0
2023-02-11T06:00:00,53.75
2023-02-11T07:00:00,230.1
2023-02-11T08:00:00,404.05
2023-02-11T09:00:00,626.9
2023-02-11T10:00:00,795.9
2023-02-11T11:00:00,862.42
2023-02-11T12:00:00,908.1
2023-02-11T13:00:00,808.5
2023-02-11T14:00:00,707.3
2023-02-11T15:00:00,428.17
2023-02-11T16:00:00,248.55
2023-02-11T17:00:00,120.18
2023-02-11T18:00:00,13.1
2023-02-11T19:00:00,0.0
2023-02-11T20:00:00,0.0
2023-02-11T21:00:00,0.0
2023-02-11T22:00:00,0.0
2023-02-11T23:00:00,0.0
2023-02-12T00:00:00,0.0
2023-02-12T01:00:00,0.0
2023-02-12T02:00:00,0.0
2023-02-12T03:00:00,0.0
2023-02-12T04:00:00,0.0
2023-02-12T05:00:00,0.0
2023-02-12T06:00:00,48.58
2023-02-12T07:00:00,193.85
2023-02-12T08:00:00,386.48
2023-02-12T09:00:00,578.53
2023-02-12T10:00:00,747.55
2023-02-12T11:00:00,851.5
2023-02-12T12:00:00,843.38
2023-02-12T13:00:00,711.92
2023-02-12T14:00:00,544.4
2023-02-12T15:00:00,373.3
2023-02-12T16:00:00,232.5
2023-02-12T17:00:00,95.2
2023-02-12T18:00:00,10.82
2023-02-12T19:00:00,0.0
2023-02-12T20:00:00,0.0
2023-02-12T21:00:00,0.0
2023-02-12T22:00:00,0.0
2023-02-12T23:00:00,0.0
2023-02-13T00:00:00,0.0
2023-02-13T01:00:00,0.0
2023-02-13T02:00:00,0.0
2023-02-13T03:00:00,0.0
2023-02-13T04:00:00,0.0
2023-02-13T05:00:00,0.0
2023-02-13T06:00:00,41.62
2023-02-13T07:00:00,183.4
2023-02-13T08:00:00,291.08
2023-02-13T09:00:00,455.33
2023-02-13T10:00:00,606.55
2023-02-13T11:00:00,602.55
2023-02-13T12:00:00,634.53
2023-02-13T13:00:00,649.78
2023-02-13T14:00:00,547.45
2023-02-13T15:00:00,413.45
2023-02-13T16:00:00,254.9
2023-02-13T17:00:00,114.47
2023-02-13T18:00:00,11.0
2023-02-13T19:00:00,0.0
2023-02-13T20:00:00,0.0
2023-02-13T21:00:00,0.0
2023-02-13T22:00:00,0.0
2023-02-13T23:00:00,0.0
2023-02-14T00:00:00,0.0
2023-02-14T01:00:00,0.0
2023-02-14T02:00:00,0.0
2023-02-14T03:00:00,0.0
2023-02-14T04:00:00,0.0
2023-02-14T05:00:00,0.0
2023-02-14T06:00:00,41.42
2023-02-14T07:00:00,149.82
2023-02-14T08:00:00,293.85
2023-02-14T09:00:00,401.35
2023-02-14T10:00:00,371.12
2023-02-14T11:00:00,568.0
2023-02-14T12:00:00,492.55
2023-02-14T13:00:00,516.5
2023-02-14T14:00:00,453.8
2023-02-14T15:00:00,362.23
2023-02-14T16:00:00,205.98
2023-02-14T17:00:00,96.4
2023-02-14T18:00:00,7.82
2023-02-14T19:00:00,0.0
2023-02-14T20:00:00,0.0
2023-02-14T21:00:00,0.0
2023-02-14T22:00:00,0.0
2023-02-14T23:00:00,0.0
2023-02-15T00:00:00,0.0
2023-02-15T01:00:00,0.0
2023-02-15T02:00:00,0.0
2023-02-15T03:00:00,0.0
2023-02-15T04:00:00,0.0
2023-02-15T05:00:00,0.0
2023-02-15T06:00:00,34.6
2023-02-15T07:00:00,181.6
2023-02-15T08:00:00,364.6
2023-02-15T09:00:00,573.95
2023-02-15T10:00:00,620.08
2023-02-15T11:00:00,615.47
2023-02-15T12:00:00,716.5
2023-02-15T13:00:00,682.5
2023-02-15T14:00:00,774.08
2023-02-15T15:00:00,421.4
2023-02-15T16:00:00,261.98
2023-02-15T17:00:00,111.85
2023-02-15T18:00:00,10.93
2023-02-15T19:00:00,0.0
2023-02-15T20:00:00,0.0
2023-02-15T21:00:00,0.0
2023-02-15T22:00:00,0.0
2023-02-15T23:00:00,0.0
2023-02-16T00:00:00,0.0
2023-02-16T01:00:00,0.0
2023-02-16T02:00:00,0.0
2023-02-16T03:00:00,0.0
2023-02-16T04:00:00,0.0
2023-02-16T05:00:00,0.0
2023-02-16T06:00:00,28.38
2023-02-16T07:00:00,157.65
2023-02-16T08:00:00,287.7
2023-02-16T09:00:00,426.55
2023-02-16T10:00:00,549.03
2023-02-16T11:00:00,652.12
2023-02-16T12:00:00,584.67
2023-02-16T13:00:00,452.77
2023-02-16T14:00:00,368.02
2023-02-16T15:00:00,231.25
2023-02-16T16:00:00,172.4
2023-02-16T17:00:00,80.53
2023-02-16T18:00:00,9.52
2023-02-16T19:00:00,0.0
2023-02-16T20:00:00,0.0
2023-02-16T21:00:00,0.0
2023-02-16T22:00:00,0.0
2023-02-16T23:00:00,0.0
2023-02-17T00:00:00,0.0
2023-02-17T01:00:00,0.0
2023-02-17T02:00:00,0.0
2023-02-17T03:00:00,0.0
2023-02-17T04:00:00,0.0
2023-02-17T05:00:00,0.0
2023-02-17T06:00:00,11.07
2023-02-17T07:00:00,54.42
2023-02-17T08:00:00,100.1
2023-02-17T09:00:00,89.9
2023-02-17T10:00:00,145.77
2023-02-17T11:00:00,247.43
2023-02-17T12:00:00,287.2
2023-02-17T13:00:00,446.65
2023-02-17T14:00:00,484.25
2023-02-17T15:00:00,350.27
2023-02-17T16:00:00,188.3
2023-02-17T17:00:00,84.6
2023-02-17T18:00:00,6.57
2023-02-17T19:00:00,0.0
2023-02-17T20:00:00,0.0
2023-02-17T21:00:00,0.0
2023-02-17T22:00:00,0.0
2023-02-17T23:00:00,0.0
2023-02-18T00:00:00,0.0
2023-02-18T01:00:00,0.0
2023-02-18T02:00:00,0.0
2023-02-18T03:00:00,0.0
2023-02-18T04:00:00,0.0
2023-02-18T05:00:00,0.0
2023-02-18T06:00:00,11.05
2023-02-18T07:00:00,58.55
2023-02-18T08:00:00,115.5
2023-02-18T09:00:00,210.57
2023-02-18T10:00:00,285.35
2023-02-18T11:00:00,315.3
2023-02-18T12:00:00,211.15
2023-02-18T13:00:00,202.38
2023-02-18T14:00:00,260.65
2023-02-18T15:00:00,255.38
2023-02-18T16:00:00,130.07
2023-02-18T17:00:00,65.78
2023-02-18T18:00:00,6.95
2023-02-18T19:00:00,0.0
2023-02-18T20:00:00,0.0
2023-02-18T21:00:00,0.0
2023-02-18T22:00:00,0.0
2023-02-18T23:00:00,0.0
2023-02-19T00:00:00,0.0
2023-02-19T01:00:00,0.0
2023-02-19T02:00:00,0.0
2023-02-19T03:00:00,0.0
2023-02-19T04:00:00,0.0
2023-02-19T05:00:00,0.0
2023-02-19T06:00:00,37.67
2023-02-19T07:00:00,193.43
2023-02-19T08:00:00,387.88
2023-02-19T09:00:00,555.2
2023-02-19T10:00:00,750.97
2023-02-19T11:00:00,878.1
2023-02-19T12:00:00,863.47
2023-02-19T13:00:00,826.62
2023-02-19T14:00:00,533.83
2023-02-19T15:00:00,332.25
2023-02-19T16:00:00,216.02
2023-02-19T17:00:00,97.05
2023-02-19T18:00:00,8.0
2023-02-19T19:00:00,0.0
2023-02-19T20:00:00,0.0
2023-02-19T21:00:00,0.0
2023-02-19T22:00:00,0.0
2023-02-19T23:00:00,0.0
2023-02-20T00:00:00,0.0
2023-02-20T01:00:00,0.0
2023-02-20T02:00:00,0.0
2023-02-20T03:00:00,0.0
2023-02-20T04:00:00,0.0
2023-02-20T05:00:00,0.0
2023-02-20T06:00:00,41.12
2023-02-20T07:00:00,202.23
2023-02-20T08:00:00,391.85
2023-02-20T09:00:00,580.62
2023-02-20T10:00:00,836.65
2023-02-20T11:00:00,916.4
2023-02-20T12:00:00,943.03
2023-02-20T13:00:00,946.0
2023-02-20T14:00:00,670.78
2023-02-20T15:00:00,382.83
2023-02-20T16:00:00,253.65
2023-02-20T17:00:00,112.4
2023-02-20T18:00:00,8.88
2023-02-20T19:00:00,0.0
2023-02-20T20:00:00,0.0
2023-02-20T21:00:00,0.0
2023-02-20T22:00:00,0.0
2023-02-20T23:00:00,0.0
2023-02-21T00:00:00,0.0
2023-02-21T01:00:00,0.0
2023-02-21T02:00:00,0.0
2023-02-21T03:00:00,0.0
2023-02-21T04:00:00,0.0
2023-02-21T05:00:00,0.0
2023-02-21T06:00:00,37.0
2023-02-21T07:00:00,195.65
2023-02-21T08:00:00,393.27
2023-02-21T09:00:00,578.22
2023-02-21T10:00:00,686.15
2023-02-21T11:00:00,743.95
2023-02-21T12:00:00,709.2
2023-02-21T13:00:00,741.05
2023-02-21T14:00:00,685.42
2023-02-21T15:00:00,422.17
2023-02-21T16:00:00,268.0
2023-02-21T17:00:00,120.82
2023-02-21T18:00:00,9.55
2023-02-21T19:00:00,0.0
2023-02-21T20:00:00,0.0
2023-02-21T21:00:00,0.0
2023-02-21T22:00:00,0.0
2023-02-21T23:00:00,0.0
2023-02-22T00:00:00,0.0
2023-02-22T01:00:00,0.0
2023-02-22T02:00:00,0.0
2023-02-22T03:00:00,0.0
2023-02-22T04:00:00,0.0
2023-02-22T05:00:00,0.0
2023-02-22T06:00:00,37.35
2023-02-22T07:00:00,206.55
2023-02-22T08:00:00,434.9
2023-02-22T09:00:00,569.9
2023-02-22T10:00:00,722.08
2023-02-22T11:00:00,818.95
2023-02-22T12:00:00,872.17
2023-02-22T13:00:00,779.62
2023-02-22T14:00:00,683.6
2023-02-22T15:00:00,491.52
2023-02-22T16:00:00,308.48
2023-02-22T17:00:00,135.88
2023-02-22T18:00:00,12.38
2023-02-22T19:00:00,0.0
2023-02-22T20:00:00,0.0
2023-02-22T21:00:00,0.0
2023-02-22T22:00:00,0.0
2023-02-22T23:00:00,0.0
2023-02-23T00:00:00,0.0
2023-02-23T01:00:00,0.0
2023-02-23T02:00:00,0.0
2023-02-23T03:00:00,0.0
2023-02-23T04:00:00,0.0
2023-02-23T05:00:00,0.0
2023-02-23T06:00:00,39.22
2023-02-23T07:00:00,192.1
2023-02-23T08:00:00,388.35
2023-02-23T09:00:00,573.88
2023-02-23T10:00:00,712.12
2023-02-23T11:00:00,776.35
2023-02-23T12:00:00,777.38
2023-02-23T13:00:00,809.9
2023-02-23T14:00:00,580.5
2023-02-23T15:00:00,352.35
2023-02-23T16:00:00,206.45
2023-02-23T17:00:00,92.03
2023-02-23T18:00:00,8.68
2023-02-23T19:00:00,0.0
2023-02-23T20:00:00,0.0
2023-02-23T21:00:00,0.0
2023-02-23T22:00:00,0.0
2023-02-23T23:00:00,0.0
2023-02-24T00:00:00,0.0
2023-02-24T01:00:00,0.0
2023-02-24T02:00:00,0.0
2023-02-24T03:00:00,0.0
2023-02-24T04:00:00,0.0
2023-02-24T05:00:00,0.0
2023-02-24T06:00:00,38.33
2023-02-24T07:00:00,200.95
2023-02-24T08:00:00,424.0
2023-02-24T09:00:00,628.35
2023-02-24T10:00:00,734.33
2023-02-24T11:00:00,815.65
2023-02-24T12:00:00,789.08
2023-02-24T13:00:00,822.12
2023-02-24T14:00:00,673.38
2023-02-24T15:00:00,496.38
2023-02-24T16:00:00,302.98
2023-02-24T17:00:00,130.25
2023-02-24T18:00:00,11.25
2023-02-24T19:00:00,0.0
2023-02-24T20:00:00,0.0
2023-02-24T21:00:00,0.0
2023-02-24T22:00:00,0.0
2023-02-24T23:00:00,0.0
2023-02-25T00:00:00,0.0
2023-02-25T01:00:00,0.0
2023-02-25T02:00:00,0.0
2023-02-25T03:00:00,0.0
2023-02-25T04:00:00,0.0
2023-02-25T05:00:00,0.0
2023-02-25T06:00:00,35.8
2023-02-25T07:00:00,213.1
2023-02-25T08:00:00,423.45
2023-02-25T09:00:00,630.1
2023-02-25T10:00:00,828.22
2023-02-25T11:00:00,951.62
2023-02-25T12:00:00,856.78
2023-02-25T13:00:00,894.2
2023-02-25T14:00:00,700.88
2023-02-25T15:00:00,543.12
2023-02-25T16:00:00,334.1
2023-02-25T17:00:00,141.88
2023-02-25T18:00:00,9.98
2023-02-25T19:00:00,0.0
2023-02-25T20:00:00,0.0
2023-02-25T21:00:00,0.0
2023-02-25T22:00:00,0.0
2023-02-25T23:00:00,0.0
2023-02-26T00:00:00,0.0
2023-02-26T01:00:00,0.0
2023-02-26T02:00:00,0.0
2023-02-26T03:00:00,0.0
2023-02-26T04:00:00,0.0
2023-02-26T05:00:00,0.0
2023-02-26T06:00:00,32.03
2023-02-26T07:00:00,195.62
2023-02-26T08:00:00,399.6
2023-02-26T09:00:00,593.6
2023-02-26T10:00:00,735.47
2023-02-26T11:00:00,748.33
2023-02-26T12:00:00,893.25
2023-02-26T13:00:00,826.35
2023-02-26T14:00:00,785.65
2023-02-26T15:00:00,579.47
2023-02-26T16:00:00,357.1
2023-02-26T17:00:00,142.65
2023-02-26T18:00:00,10.02
2023-02-26T19:00:00,0.0
2023-02-26T20:00:00,0.0
2023-02-26T21:00:00,0.0
2023-02-26T22:00:00,0.0
2023-02-26T23:00:00,0.0
2023-02-27T00:00:00,0.0
2023-02-27T01:00:00,0.0
2023-02-27T02:00:00,0.0
2023-02-27T03:00:00,0.0
2023-02-27T04:00:00,0.0
2023-02-27T05:00:00,0.0
2023-02-27T06:00:00,43.67
2023-02-27T07:00:00,216.32
2023-02-27T08:00:00,447.17
2023-02-27T09:00:00,582.58
2023-02-27T10:00:00,781.67
2023-02-27T11:00:00,843.85
2023-02-27T12:00:00,863.47
2023-02-27T13:00:00,814.25
2023-02-27T14:00:00,723.2
2023-02-27T15:00:00,542.05
2023-02-27T16:00:00,334.73
2023-02-27T17:00:00,135.45
2023-02-27T18:00:00,9.38
2023-02-27T19:00:00,0.0
2023-02-27T20:00:00,0.0
2023-02-27T21:00:00,0.0
2023-02-27T22:00:00,0.0
2023-02-27T23:00:00,0.0
2023-02-28T00:00:00,0.0
2023-02-28T01:00:00,0.0
2023-02-28T02:00:00,0.0
2023-02-28T03:00:00,0.0
2023-02-28T04:00:00,0.0
2023-02-28T05:00:00,0.0
2023-02-28T06:00:00,42.75
2023-02-28T07:00:00,242.77
2023-02-28T08:00:00,471.33
2023-02-28T09:00:00,700.78
2023-02-28T10:00:00,868.0
2023-02-28T11:00:00,959.55
2023-02-28T12:00:00,970.1
2023-02-28T13:00:00,900.25
2023-02-28T14:00:00,788.12
2023-02-28T15:00:00,628.8
2023-02-28T16:00:00,407.48
2023-02-28T17:00:00,171.32
2023-02-28T18:00:00,11.68
2023-02-28T19:00:00,0.0
2023-02-28T20:00:00,0.0
2023-02-28T21:00:00,0.0
2023-02-28T22:00:00,0.0
2023-02-28T23:00:00,0.0
2023-03-01T00:00:00,0.0
2023-03-01T01:00:00,0.0
2023-03-01T02:00:00,0.0
2023-03-01T03:00:00,0.0
2023-03-01T04:00:00,0.0
2023-03-01T05:00:00,0.0
2023-03-01T06:00:00,43.08
2023-03-01T07:00:00,243.62
2023-03-01T08:00:00,440.92
2023-03-01T09:00:00,639.4
2023-03-01T10:00:00,774.47
2023-03-01T11:00:00,834.15
2023-03-01T12:00:00,826.03
2023-03-01T13:00:00,794.53
2023-03-01T14:00:00,632.6
2023-03-01T15:00:00,468.58
2023-03-01T16:00:00,269.0
2023-03-01T17:00:00,103.85
2023-03-01T18:00:00,6.2
2023-03-01T19:00:00,0.0
2023-03-01T20:00:00,0.0
2023-03-01T21:00:00,0.0
2023-03-01T22:00:00,0.0
2023-03-01T23:00:00,0.0
2023-03-02T00:00:00,0.0
2023-03-02T01:00:00,0.0
2023-03-02T02:00:00,0.0
2023-03-02T03:00:00,0.0
2023-03-02T04:00:00,0.0
2023-03-02T05:00:00,0.0
2023-03-02T06:00:00,23.33
2023-03-02T07:00:00,143.5
2023-03-02T08:00:00,303.17
2023-03-02T09:00:00,505.38
2023-03-02T10:00:00,715.97
2023-03-02T11:00:00,782.58
2023-03-02T12:00:00,661.6
2023-03-02T13:00:00,685.4
2023-03-02T14:00:00,328.83
2023-03-02T15:00:00,243.1
2023-03-02T16:00:00,164.07
2023-03-02T17:00:00,78.45
2023-03-02T18:00:00,5.75
2023-03-02T19:00:00,0.0
2023-03-02T20:00:00,0.0
2023-03-02T21:00:00,0.0
2023-03-02T22:00:00,0.0
2023-03-02T23:00:00,0.0
2023-03-03T00:00:00,0.0
2023-03-03T01:00:00,0.0
2023-03-03T02:00:00,0.0
2023-03-03T03:00:00,0.0
2023-03-03T04:00:00,0.0
2023-03-03T05:00:00,0.0
2023-03-03T06:00:00,15.57
2023-03-03T07:00:00,91.82
2023-03-03T08:00:00,166.02
2023-03-03T09:00:00,326.88
2023-03-03T10:00:00,433.42
2023-03-03T11:00:00,515.85
2023-03-03T12:00:00,637.92
2023-03-03T13:00:00,638.05
2023-03-03T14:00:00,332.85
2023-03-03T15:00:00,406.62
2023-03-03T16:00:00,246.4
2023-03-03T17:00:00,111.28
2023-03-03T18:00:00,5.75
2023-03-03T19:00:00,0.0
2023-03-03T20:00:00,0.0
2023-03-03T21:00:00,0.0
2023-03-03T22:00:00,0.0
2023-03-03T23:00:00,0.0
2023-03-04T00:00:00,0.0
2023-03-04T01:00:00,0.0
2023-03-04T02:00:00,0.0
2023-03-04T03:00:00,0.0
2023-03-04T04:00:00,0.0
2023-03-04T05:00:00,0.0
2023-03-04T06:00:00,31.5
2023-03-04T07:00:00,185.0
2023-03-04T08:00:00,380.85
2023-03-04T09:00:00,540.15
2023-03-04T10:00:00,793.1
2023-03-04T11:00:00,799.65
2023-03-04T12:00:00,764.08
2023-03-04T13:00:00,660.15
2023-03-04T14:00:00,573.22
2023-03-04T15:00:00,465.08
2023-03-04T16:00:00,262.2
2023-03-04T17:00:00,117.93
2023-03-04T18:00:00,5.15
2023-03-04T19:00:00,0.0
2023-03-04T20:00:00,0.0
2023-03-04T21:00:00,0.0
2023-03-04T22:00:00,0.0
2023-03-04T23:00:00,0.0
2023-03-05T00:00:00,0.0
2023-03-05T01:00:00,0.0
2023-03-05T02:00:00,0.0
2023-03-05T03:00:00,0.0
2023-03-05T04:00:00,0.0
2023-03-05T05:00:00,0.0
2023-03-05T06:00:00,18.05
2023-03-05T07:00:00,129.05
2023-03-05T08:00:00,279.58
2023-03-05T09:00:00,417.75
2023-03-05T10:00:00,415.55
2023-03-05T11:00:00,236.52
2023-03-05T12:00:00,254.9
2023-03-05T13:00:00,246.35
2023-03-05T14:00:00,212.73
2023-03-05T15:00:00,109.53
2023-03-05T16:00:00,81.8
2023-03-05T17:00:00,37.8
2023-03-05T18:00:00,2.92
2023-03-05T19:00:00,0.0
2023-03-05T20:00:00,0.0
2023-03-05T21:00:00,0.0
2023-03-05T22:00:00,0.0
2023-03-05T23:00:00,0.0
2023-03-06T00:00:00,0.0
2023-03-06T01:00:00,0.0
2023-03-06T02:00:00,0.0
2023-03-06T03:00:00,0.0
2023-03-06T04:00:00,0.0
2023-03-06T05:00:00,0.0
2023-03-06T06:00:00,13.07
2023-03-06T07:00:00,113.88
2023-03-06T08:00:00,217.82
2023-03-06T09:00:00,374.67
2023-03-06T10:00:00,370.4
2023-03-06T11:00:00,506.05
2023-03-06T12:00:00,508.55
2023-03-06T13:00:00,429.15
2023-03-06T14:00:00,253.32
2023-03-06T15:00:00,185.9
2023-03-06T16:00:00,112.1
2023-03-06T17:00:00,40.08
2023-03-06T18:00:00,3.58
2023-03-06T19:00:00,0.0
2023-03-06T20:00:00,0.0
2023-03-06T21:00:00,0.0
2023-03-06T22:00:00,0.0
2023-03-06T23:00:00,0.0
2023-03-07T00:00:00,0.0
2023-03-07T01:00:00,0.0
2023-03-07T02:00:00,0.0
2023-03-07T03:00:00,0.0
2023-03-07T04:00:00,0.0
2023-03-07T05:00:00,0.0
2023-03-07T06:00:00,20.77
2023-03-07T07:00:00,156.38
2023-03-07T08:00:00,336.52
2023-03-07T09:00:00,506.88
2023-03-07T10:00:00,697.5
2023-03-07T11:00:00,732.95
2023-03-07T12:00:00,746.12
2023-03-07T13:00:00,790.22
2023-03-07T14:00:00,702.38
2023-03-07T15:00:00,510.95
2023-03-07T16:00:00,309.23
2023-03-07T17:00:00,118.68
2023-03-07T18:00:00,5.65
2023-03-07T19:00:00,0.0
2023-03-07T20:00:00,0.0
2023-03-07T21:00:00,0.0
2023-03-07T22:00:00,0.0
2023-03-07T23:00:00,0.0
2023-03-08T00:00:00,0.0
2023-03-08T01:00:00,0.0
2023-03-08T02:00:00,0.0
2023-03-08T03:00:00,0.0
2023-03-08T04:00:00,0.0
2023-03-08T05:00:00,0.0
2023-03-08T06:00:00,27.33
2023-03-08T07:00:00,149.38
2023-03-08T08:00:00,298.35
2023-03-08T09:00:00,457.73
2023-03-08T10:00:00,567.35
2023-03-08T11:00:00,702.33
2023-03-08T12:00:00,728.67
2023-03-08T13:00:00,767.53
2023-03-08T14:00:00,575.85
2023-03-08T15:00:00,443.55
2023-03-08T16:00:00,265.88
2023-03-08T17:00:00,106.05
2023-03-08T18:00:00,5.45
2023-03-08T19:00:00,0.0
2023-03-08T20:00:00,0.0
2023-03-08T21:00:00,0.0
2023-03-08T22:00:00,0.0
2023-03-08T23:00:00,0.0
2023-03-09T00:00:00,0.0
2023-03-09T01:00:00,0.0
2023-03-09T02:00:00,0.0
2023-03-09T03:00:00,0.0
2023-03-09T04:00:00,0.0
2023-03-09T05:00:00,0.0
2023-03-09T06:00:00,42.97
2023-03-09T07:00:00,267.08
2023-03-09T08:00:00,520.78
2023-03-09T09:00:00,711.55
2023-03-09T10:00:00,853.1
2023-03-09T11:00:00,910.47
2023-03-09T12:00:00,913.75
2023-03-09T13:00:00,875.78
2023-03-09T14:00:00,805.45
2023-03-09T15:00:00,606.03
2023-03-09T16:00:00,387.65
2023-03-09T17:00:00,150.62
2023-03-09T18:00:00,6.62
2023-03-09T19:00:00,0.0
2023-03-09T20:00:00,0.0
2023-03-09T21:00:00,0.0
2023-03-09T22:00:00,0.0
2023-03-09T23:00:00,0.0
2023-03-10T00:00:00,0.0
2023-03-10T01:00:00,0.0
2023-03-10T02:00:00,0.0
2023-03-10T03:00:00,0.0
2023-03-10T04:00:00,0.0
2023-03-10T05:00:00,0.0
2023-03-10T06:00:00,45.78
2023-03-10T07:00:00,263.67
2023-03-10T08:00:00,498.2
2023-03-10T09:00:00,690.85
2023-03-10T10:00:00,858.42
2023-03-10T11:00:00,948.1
2023-03-10T12:00:00,953.78
2023-03-10T13:00:00,906.9
2023-03-10T14:00:00,808.25
2023-03-10T15:00:00,592.72
2023-03-10T16:00:00,372.7
2023-03-10T17:00:00,142.6
2023-03-10T18:00:00,6.05
2023-03-10T19:00:00,0.0
2023-03-10T20:00:00,0.0
2023-03-10T21:00:00,0.0
2023-03-10T22:00:00,0.0
2023-03-10T23:00:00,0.0
2023-03-11T00:00:00,0.0
2023-03-11T01:00:00,0.0
2023-03-11T02:00:00,0.0
2023-03-11T03:00:00,0.0
2023-03-11T04:00:00,0.0
2023-03-11T05:00:00,0.0
2023-03-11T06:00:00,36.78
2023-03-11T07:00:00,226.12
2023-03-11T08:00:00,486.3
2023-03-11T09:00:00,710.92
2023-03-11T10:00:00,852.55
2023-03-11T11:00:00,944.5
2023-03-11T12:00:00,974.95
2023-03-11T13:00:00,909.55
2023-03-11T14:00:00,800.67
2023-03-11T15:00:00,613.53
2023-03-11T16:00:00,386.95
2023-03-11T17:00:00,145.73
2023-03-11T18:00:00,5.62
2023-03-11T19:00:00,0.0
2023-03-11T20:00:00,0.0
2023-03-11T21:00:00,0.0
2023-03-11T22:00:00,0.0
2023-03-11T23:00:00,0.0
2023-03-12T00:00:00,0.0
2023-03-12T01:00:00,0.0
2023-03-12T02:00:00,0.0
2023-03-12T03:00:00,0.0
2023-03-12T04:00:00,0.0
2023-03-12T05:00:00,0.0
2023-03-12T06:00:00,39.7
2023-03-12T07:00:00,231.32
2023-03-12T08:00:00,449.88
2023-03-12T09:00:00,629.6
2023-03-12T10:00:00,765.08
2023-03-12T11:00:00,838.35
2023-03-12T12:00:00,759.17
2023-03-12T13:00:00,763.58
2023-03-12T14:00:00,638.08
2023-03-12T15:00:00,489.8
2023-03-12T16:00:00,285.48
2023-03-12T17:00:00,98.43
2023-03-12T18:00:00,3.83
2023-03-12T19:00:00,0.0
2023-03-12T20:00:00,0.0
2023-03-12T21:00:00,0.0
2023-03-12T22:00:00,0.0
2023-03-12T23:00:00,0.0
2023-03-13T00:00:00,0.0
2023-03-13T01:00:00,0.0
2023-03-13T02:00:00,0.0
2023-03-13T03:00:00,0.0
2023-03-13T04:00:00,0.0
2023-03-13T05:00:00,0.0
2023-03-13T06:00:00,33.08
2023-03-13T07:00:00,199.05
2023-03-13T08:00:00,424.05
2023-03-13T09:00:00,592.85
2023-03-13T10:00:00,733.58
2023-03-13T11:00:00,834.6
2023-03-13T12:00:00,837.97
2023-03-13T13:00:00,754.83
2023-03-13T14:00:00,650.72
2023-03-13T15:00:00,468.23
2023-03-13T16:00:00,268.62
2023-03-13T17:00:00,85.55
2023-03-13T18:00:00,3.55
2023-03-13T19:00:00,0.0
2023-03-13T20:00:00,0.0
2023-03-13T21:00:00,0.0
2023-03-13T22:00:00,0.0
2023-03-13T23:00:00,0.0
2023-03-14T00:00:00,0.0
2023-03-14T01:00:00,0.0
2023-03-14T02:00:00,0.0
2023-03-14T03:00:00,0.0
2023-03-14T04:00:00,0.0
2023-03-14T05:00:00,0.0
2023-03-14T06:00:00,24.1
2023-03-14T07:00:00,149.02
2023-03-14T08:00:00,320.8
2023-03-14T09:00:00,510.4
2023-03-14T10:00:00,622.1
2023-03-14T11:00:00,701.6
2023-03-14T12:00:00,758.1
2023-03-14T13:00:00,524.47
2023-03-14T14:00:00,403.77
2023-03-14T15:00:00,298.8
2023-03-14T16:00:00,190.95
2023-03-14T17:00:00,72.72
2023-03-14T18:00:00,2.58
2023-03-14T19:00:00,0.0
2023-03-14T20:00:00,0.0
2023-03-14T21:00:00,0.0
2023-03-14T22:00:00,0.0
2023-03-14T23:00:00,0.0
2023-03-15T00:00:00,0.0
2023-03-15T01:00:00,0.0
2023-03-15T02:00:00,0.0
2023-03-15T03:00:00,0.0
2023-03-15T04:00:00,0.0
2023-03-15T05:00:00,0.0
2023-03-15T06:00:00,35.9
2023-03-15T07:00:00,212.8
2023-03-15T08:00:00,435.65
2023-03-15T09:00:00,601.45
2023-03-15T10:00:00,735.78
2023-03-15T11:00:00,801.47
2023-03-15T12:00:00,860.67
2023-03-15T13:00:00,822.33
2023-03-15T14:00:00,712.53
2023-03-15T15:00:00,475.62
2023-03-15T16:00:00,302.2
2023-03-15T17:00:00,97.75
2023-03-15T18:00:00,3.1
2023-03-15T19:00:00,0.0
2023-03-15T20:00:00,0.0
2023-03-15T21:00:00,0.0
2023-03-15T22:00:00,0.0
2023-03-15T23:00:00,0.0
2023-03-16T00:00:00,0.0
2023-03-16T01:00:00,0.0
2023-03-16T02:00:00,0.0
2023-03-16T03:00:00,0.0
2023-03-16T04:00:00,0.0
2023-03-16T05:00:00,0.0
2023-03-16T06:00:00,36.42
2023-03-16T07:00:00,231.7
2023-03-16T08:00:00,464.52
2023-03-16T09:00:00,669.95
2023-03-16T10:00:00,827.45
2023-03-16T11:00:00,852.67
2023-03-16T12:00:00,904.8
2023-03-16T13:00:00,887.42
2023-03-16T14:00:00,757.15
2023-03-16T15:00:00,586.38
2023-03-16T16:00:00,366.4
2023-03-16T17:00:00,130.62
2023-03-16T18:00:00,3.58
2023-03-16T19:00:00,0.0
2023-03-16T20:00:00,0.0
2023-03-16T21:00:00,0.0
2023-03-16T22:00:00,0.0
2023-03-16T23:00:00,0.0
2023-03-17T00:00:00,0.0
2023-03-17T01:00:00,0.0
2023-03-17T02:00:00,0.0
2023-03-17T03:00:00,0.0
2023-03-17T04:00:00,0.0
2023-03-17T05:00:00,0.0
2023-03-17T06:00:00,36.22
2023-03-17T07:00:00,220.55
2023-03-17T08:00:00,446.08
2023-03-17T09:00:00,638.38
2023-03-17T10:00:00,787.38
2023-03-17T11:00:00,887.17
2023-03-17T12:00:00,932.12
2023-03-17T13:00:00,865.15
2023-03-17T14:00:00,737.5
2023-03-17T15:00:00,538.6
2023-03-17T16:00:00,325.2
2023-03-17T17:00:00,130.07
2023-03-17T18:00:00,0.0
2023-03-17T19:00:00,0.0
2023-03-17T20:00:00,0.0
2023-03-17T21:00:00,0.0
2023-03-17T22:00:00,0.0
2023-03-17T23:00:00,0.0
2023-03-18T00:00:00,0.0
2023-03-18T01:00:00,0.0
2023-03-18T02:00:00,0.0
2023-03-18T03:00:00,0.0
2023-03-18T04:00:00,0.0
2023-03-18T05:00:00,0.0
2023-03-18T06:00:00,34.28
2023-03-18T07:00:00,242.05
2023-03-18T08:00:00,473.55
2023-03-18T09:00:00,696.85
2023-03-18T10:00:00,849.2
2023-03-18T11:00:00,943.75
2023-03-18T12:00:00,929.97
2023-03-18T13:00:00,856.4
2023-03-18T14:00:00,743.25
2023-03-18T15:00:00,511.0
2023-03-18T16:00:00,298.02
2023-03-18T17:00:00,102.95
2023-03-18T18:00:00,0.0
2023-03-18T19:00:00,0.0
2023-03-18T20:00:00,0.0
2023-03-18T21:00:00,0.0
2023-03-18T22:00:00,0.0
2023-03-18T23:00:00,0.0
2023-03-19T00:00:00,0.0
2023-03-19T01:00:00,0.0
2023-03-19T02:00:00,0.0
2023-03-19T03:00:00,0.0
2023-03-19T04:00:00,0.0
2023-03-19T05:00:00,0.0
2023-03-19T06:00:00,32.28
2023-03-19T07:00:00,204.12
2023-03-19T08:00:00,420.98
2023-03-19T09:00:00,645.7
2023-03-19T10:00:00,748.3
2023-03-19T11:00:00,711.85
2023-03-19T12:00:00,652.05
2023-03-19T13:00:00,396.05
2023-03-19T14:00:00,295.35
2023-03-19T15:00:00,142.02
2023-03-19T16:00:00,128.05
2023-03-19T17:00:00,53.17
2023-03-19T18:00:00,0.0
2023-03-19T19:00:00,0.0
2023-03-19T20:00:00,0.0
2023-03-19T21:00:00,0.0
2023-03-19T22:00:00,0.0
2023-03-19T23:00:00,0.0
2023-03-20T00:00:00,0.0
2023-03-20T01:00:00,0.0
2023-03-20T02:00:00,0.0
2023-03-20T03:00:00,0.0
2023-03-20T04:00:00,0.0
2023-03-20T05:00:00,0.0
2023-03-20T06:00:00,30.48
2023-03-20T07:00:00,223.6
2023-03-20T08:00:00,452.35
2023-03-20T09:00:00,601.03
2023-03-20T10:00:00,685.88
2023-03-20T11:00:00,809.2
2023-03-20T12:00:00,815.17
2023-03-20T13:00:00,740.42
2023-03-20T14:00:00,579.25
2023-03-20T15:00:00,361.52
2023-03-20T16:00:00,198.32
2023-03-20T17:00:00,67.03
2023-03-20T18:00:00,0.0
2023-03-20T19:00:00,0.0
2023-03-20T20:00:00,0.0
2023-03-20T21:00:00,0.0
2023-03-20T22:00:00,0.0
2023-03-20T23:00:00,0.0
2023-03-21T00:00:00,0.0
2023-03-21T01:00:00,0.0
2023-03-21T02:00:00,0.0
2023-03-21T03:00:00,0.0
2023-03-21T04:00:00,0.0
2023-03-21T05:00:00,0.0
2023-03-21T06:00:00,11.35
2023-03-21T07:00:00,93.28
2023-03-21T08:00:00,166.57
2023-03-21T09:00:00,439.55
2023-03-21T10:00:00,629.65
2023-03-21T11:00:00,769.2
2023-03-21T12:00:00,809.08
2023-03-21T13:00:00,748.95
2023-03-21T14:00:00,414.23
2023-03-21T15:00:00,246.88
2023-03-21T16:00:00,91.03
2023-03-21T17:00:00,40.33
2023-03-21T18:00:00,0.0
2023-03-21T19:00:00,0.0
2023-03-21T20:00:00,0.0
2023-03-21T21:00:00,0.0
2023-03-21T22:00:00,0.0
2023-03-21T23:00:00,0.0
2023-03-22T00:00:00,0.0
2023-03-22T01:00:00,0.0
2023-03-22T02:00:00,0.0
2023-03-22T03:00:00,0.0
2023-03-22T04:00:00,0.0
2023-03-22T05:00:00,0.0
2023-03-22T06:00:00,6.47
2023-03-22T07:00:00,56.88
2023-03-22T08:00:00,189.15
2023-03-22T09:00:00,252.52
2023-03-22T10:00:00,367.45
2023-03-22T11:00:00,430.6
2023-03-22T12:00:00,428.58
2023-03-22T13:00:00,548.78
2023-03-22T14:00:00,586.35
2023-03-22T15:00:00,462.38
2023-03-22T16:00:00,250.27
2023-03-22T17:00:00,84.2
2023-03-22T18:00:00,0.0
2023-03-22T19:00:00,0.0
2023-03-22T20:00:00,0.0
2023-03-22T21:00:00,0.0
2023-03-22T22:00:00,0.0
2023-03-22T23:00:00,0.0
2023-03-23T00:00:00,0.0
2023-03-23T01:00:00,0.0
2023-03-23T02:00:00,0.0
2023-03-23T03:00:00,0.0
2023-03-23T04:00:00,0.0
2023-03-23T05:00:00,0.0
2023-03-23T06:00:00,23.45
2023-03-23T07:00:00,171.23
2023-03-23T08:00:00,368.05
2023-03-23T09:00:00,605.85
2023-03-23T10:00:00,770.65
2023-03-23T11:00:00,833.17
2023-03-23T12:00:00,846.65
2023-03-23T13:00:00,761.92
2023-03-23T14:00:00,600.5
2023-03-23T15:00:00,398.73
2023-03-23T16:00:00,232.43
2023-03-23T17:00:00,78.43
2023-03-23T18:00:00,0.0
2023-03-23T19:00:00,0.0
2023-03-23T20:00:00,0.0
2023-03-23T21:00:00,0.0
2023-03-23T22:00:00,0.0
2023-03-23T23:00:00,0.0
2023-03-24T00:00:00,0.0
2023-03-24T01:00:00,0.0
2023-03-24T02:00:00,0.0
2023-03-24T03:00:00,0.0
2023-03-24T04:00:00,0.0
2023-03-24T05:00:00,0.0
2023-03-24T06:00:00,24.98
2023-03-24T07:00:00,197.32
2023-03-24T08:00:00,412.4
2023-03-24T09:00:00,644.17
2023-03-24T10:00:00,752.92
2023-03-24T11:00:00,724.9
2023-03-24T12:00:00,764.58
2023-03-24T13:00:00,733.55
2023-03-24T14:00:00,511.4
2023-03-24T15:00:00,362.2
2023-03-24T16:00:00,218.88
2023-03-24T17:00:00,61.97
2023-03-24T18:00:00,0.0
2023-03-24T19:00:00,0.0
2023-03-24T20:00:00,0.0
2023-03-24T21:00:00,0.0
2023-03-24T22:00:00,0.0
2023-03-24T23:00:00,0.0
2023-03-25T00:00:00,0.0
2023-03-25T01:00:00,0.0
2023-03-25T02:00:00,0.0
2023-03-25T03:00:00,0.0
2023-03-25T04:00:00,0.0
2023-03-25T05:00:00,0.0
2023-03-25T06:00:00,14.73
2023-03-25T07:00:00,102.25
2023-03-25T08:00:00,203.1
2023-03-25T09:00:00,455.8
2023-03-25T10:00:00,699.1
2023-03-25T11:00:00,738.08
2023-03-25T12:00:00,727.78
2023-03-25T13:00:00,645.88
2023-03-25T14:00:00,588.67
2023-03-25T15:00:00,386.02
2023-03-25T16:00:00,224.62
2023-03-25T17:00:00,64.38
2023-03-25T18:00:00,0.0
2023-03-25T19:00:00,0.0
2023-03-25T20:00:00,0.0
2023-03-25T21:00:00,0.0
2023-03-25T22:00:00,0.0
2023-03-25T23:00:00,0.0
2023-03-26T00:00:00,0.0
2023-03-26T01:00:00,0.0
2023-03-26T02:00:00,0.0
2023-03-26T03:00:00,0.0
2023-03-26T04:00:00,0.0
2023-03-26T05:00:00,0.0
2023-03-26T06:00:00,31.4
2023-03-26T07:00:00,212.25
2023-03-26T08:00:00,408.25
2023-03-26T09:00:00,558.95
2023-03-26T10:00:00,633.15
2023-03-26T11:00:00,692.72
2023-03-26T12:00:00,689.97
2023-03-26T13:00:00,674.9
2023-03-26T14:00:00,567.38
2023-03-26T15:00:00,416.77
2023-03-26T16:00:00,217.88
2023-03-26T17:00:00,57.08
2023-03-26T18:00:00,0.0
2023-03-26T19:00:00,0.0
2023-03-26T20:00:00,0.0
2023-03-26T21:00:00,0.0
2023-03-26T22:00:00,0.0
2023-03-26T23:00:00,0.0
2023-03-27T00:00:00,0.0
2023-03-27T01:00:00,0.0
2023-03-27T02:00:00,0.0
2023-03-27T03:00:00,0.0
2023-03-27T04:00:00,0.0
2023-03-27T05:00:00,0.0
2023-03-27T06:00:00,18.95
2023-03-27T07:00:00,148.8
2023-03-27T08:00:00,302.05
2023-03-27T09:00:00,455.98
2023-03-27T10:00:00,632.75
2023-03-27T11:00:00,778.2
2023-03-27T12:00:00,824.95
2023-03-27T13:00:00,798.62
2023-03-27T14:00:00,647.83
2023-03-27T15:00:00,491.62
2023-03-27T16:00:00,284.55
2023-03-27T17:00:00,78.2
2023-03-27T18:00:00,0.0
2023-03-27T19:00:00,0.0
2023-03-27T20:00:00,0.0
2023-03-27T21:00:00,0.0
2023-03-27T22:00:00,0.0
2023-03-27T23:00:00,0.0
2023-03-28T00:00:00,0.0
2023-03-28T01:00:00,0.0
2023-03-28T02:00:00,0.0
2023-03-28T03:00:00,0.0
2023-03-28T04:00:00,0.0
2023-03-28T05:00:00,0.0
2023-03-28T06:00:00,32.08
2023-03-28T07:00:00,241.5
2023-03-28T08:00:00,470.83
2023-03-28T09:00:00,681.5
2023-03-28T10:00:00,829.42
2023-03-28T11:00:00,891.7
2023-03-28T12:00:00,889.72
2023-03-28T13:00:00,841.5
2023-03-28T14:00:00,677.72
2023-03-28T15:00:00,483.52
2023-03-28T16:00:00,275.17
2023-03-28T17:00:00,78.35
2023-03-28T18:00:00,0.0
2023-03-28T19:00:00,0.0
2023-03-28T20:00:00,0.0
2023-03-28T21:00:00,0.0
2023-03-28T22:00:00,0.0
2023-03-28T23:00:00,0.0
2023-03-29T00:00:00,0.0
2023-03-29T01:00:00,0.0
2023-03-29T02:00:00,0.0
2023-03-29T03:00:00,0.0
2023-03-29T04:00:00,0.0
2023-03-29T05:00:00,0.0
2023-03-29T06:00:00,24.52
2023-03-29T07:00:00,185.7
2023-03-29T08:00:00,401.6
2023-03-29T09:00:00,611.25
2023-03-29T10:00:00,745.47
2023-03-29T11:00:00,813.33
2023-03-29T12:00:00,824.45
2023-03-29T13:00:00,805.08
2023-03-29T14:00:00,633.88
2023-03-29T15:00:00,459.33
2023-03-29T16:00:00,256.98
2023-03-29T17:00:00,76.38
2023-03-29T18:00:00,0.0
2023-03-29T19:00:00,0.0
2023-03-29T20:00:00,0.0
2023-03-29T21:00:00,0.0
2023-03-29T22:00:00,0.0
2023-03-29T23:00:00,0.0
2023-03-30T00:00:00,0.0
2023-03-30T01:00:00,0.0
2023-03-30T02:00:00,0.0
2023-03-30T03:00:00,0.0
2023-03-30T04:00:00,0.0
2023-03-30T05:00:00,0.0
2023-03-30T06:00:00,32.0
2023-03-30T07:00:00,238.38
2023-03-30T08:00:00,475.62
2023-03-30T09:00:00,683.47
2023-03-30T10:00:00,815.62
2023-03-30T11:00:00,887.7
2023-03-30T12:00:00,890.33
2023-03-30T13:00:00,836.67
2023-03-30T14:00:00,703.0
2023-03-30T15:00:00,525.53
2023-03-30T16:00:00,306.88
2023-03-30T17:00:00,80.05
2023-03-30T18:00:00,0.0
2023-03-30T19:00:00,0.0
2023-03-30T20:00:00,0.0
2023-03-30T21:00:00,0.0
2023-03-30T22:00:00,0.0
2023-03-30T23:00:00,0.0
2023-03-31T00:00:00,0.0
2023-03-31T01:00:00,0.0
2023-03-31T02:00:00,0.0
2023-03-31T03:00:00,0.0
2023-03-31T04:00:00,0.0
2023-03-31T05:00:00,0.0
2023-03-31T06:00:00,30.45
2023-03-31T07:00:00,229.02
2023-03-31T08:00:00,452.52
2023-03-31T09:00:00,642.8
2023-03-31T10:00:00,794.4
2023-03-31T11:00:00,862.83
2023-03-31T12:00:00,840.22
2023-03-31T13:00:00,759.65
2023-03-31T14:00:00,656.28
2023-03-31T15:00:00,438.27
2023-03-31T16:00:00,226.85
2023-03-31T17:00:00,56.7
2023-03-31T18:00:00,0.0
2023-03-31T19:00:00,0.0
2023-03-31T20:00:00,0.0
2023-03-31T21:00:00,0.0
2023-03-31T22:00:00,0.0
2023-03-31T23:00:00,0.0
2023-04-01T00:00:00,0.0
2023-04-01T01:00:00,0.0
2023-04-01T02:00:00,0.0
2023-04-01T03:00:00,0.0
2023-04-01T04:00:00,0.0
2023-04-01T05:00:00,0.0
2023-04-01T06:00:00,26.38
2023-04-01T07:00:00,202.98
2023-04-01T08:00:00,440.2
2023-04-01T09:00:00,662.8
2023-04-01T10:00:00,767.25
2023-04-01T11:00:00,846.35
2023-04-01T12:00:00,840.03
2023-04-01T13:00:00,781.72
2023-04-01T14:00:00,661.47
2023-04-01T15:00:00,492.83
2023-04-01T16:00:00,284.1
2023-04-01T17:00:00,74.97
2023-04-01T18:00:00,0.0
2023-04-01T19:00:00,0.0
2023-04-01T20:00:00,0.0
2023-04-01T21:00:00,0.0
2023-04-01T22:00:00,0.0
2023-04-01T23:00:00,0.0
2023-04-02T00:00:00,0.0
2023-04-02T01:00:00,0.0
2023-04-02T02:00:00,0.0
2023-04-02T03:00:00,0.0
2023-04-02T04:00:00,0.0
2023-04-02T05:00:00,0.0
2023-04-02T06:00:00,30.25
2023-04-02T07:00:00,223.32
2023-04-02T08:00:00,456.77
2023-04-02T09:00:00,652.05
2023-04-02T10:00:00,812.12
2023-04-02T11:00:00,911.17
2023-04-02T12:00:00,922.62
2023-04-02T13:00:00,849.12
2023-04-02T14:00:00,712.6
2023-04-02T15:00:00,526.25
2023-04-02T16:00:00,306.88
2023-04-02T17:00:00,84.38
2023-04-02T18:00:00,0.0
2023-04-02T19:00:00,0.0
2023-04-02T20:00:00,0.0
2023-04-02T21:00:00,0.0
2023-04-02T22:00:00,0.0
2023-04-02T23:00:00,0.0
2023-04-03T00:00:00,0.0
2023-04-03T01:00:00,0.0
2023-04-03T02:00:00,0.0
2023-04-03T03:00:00,0.0
2023-04-03T04:00:00,0.0
2023-04-03T05:00:00,0.0
2023-04-03T06:00:00,35.42
2023-04-03T07:00:00,253.15
2023-04-03T08:00:00,486.92
2023-04-03T09:00:00,684.92
2023-04-03T10:00:00,824.55
2023-04-03T11:00:00,908.15
2023-04-03T12:00:00,910.75
2023-04-03T13:00:00,863.1
2023-04-03T14:00:00,727.3
2023-04-03T15:00:00,547.15
2023-04-03T16:00:00,320.17
2023-04-03T17:00:00,86.22
2023-04-03T18:00:00,0.0
2023-04-03T19:00:00,0.0
2023-04-03T20:00:00,0.0
2023-04-03T21:00:00,0.0
2023-04-03T22:00:00,0.0
2023-04-03T23:00:00,0.0
2023-04-04T00:00:00,0.0
2023-04-04T01:00:00,0.0
2023-04-04T02:00:00,0.0
2023-04-04T03:00:00,0.0
2023-04-04T04:00:00,0.0
2023-04-04T05:00:00,0.0
2023-04-04T06:00:00,31.65
2023-04-04T07:00:00,219.85
2023-04-04T08:00:00,431.45
2023-04-04T09:00:00,626.28
2023-04-04T10:00:00,787.53
2023-04-04T11:00:00,850.92
2023-04-04T12:00:00,861.75
2023-04-04T13:00:00,743.5
2023-04-04T14:00:00,663.5
2023-04-04T15:00:00,436.92
2023-04-04T16:00:00,254.3
2023-04-04T17:00:00,70.18
2023-04-04T18:00:00,0.0
2023-04-04T19:00:00,0.0
2023-04-04T20:00:00,0.0
2023-04-04T21:00:00,0.0
2023-04-04T22:00:00,0.0
2023-04-04T23:00:00,0.0
2023-04-05T00:00:00,0.0
2023-04-05T01:00:00,0.0
2023-04-05T02:00:00,0.0
2023-04-05T03:00:00,0.0
2023-04-05T04:00:00,0.0
2023-04-05T05:00:00,0.0
2023-04-05T06:00:00,32.8
2023-04-05T07:00:00,245.15
2023-04-05T08:00:00,480.23
2023-04-05T09:00:00,681.38
2023-04-05T10:00:00,828.53
2023-04-05T11:00:00,908.42
2023-04-05T12:00:00,906.05
2023-04-05T13:00:00,838.65
2023-04-05T14:00:00,719.88
2023-04-05T15:00:00,530.67
2023-04-05T16:00:00,296.23
2023-04-05T17:00:00,72.8
2023-04-05T18:00:00,0.0
2023-04-05T19:00:00,0.0
2023-04-05T20:00:00,0.0
2023-04-05T21:00:00,0.0
2023-04-05T22:00:00,0.0
2023-04-05T23:00:00,0.0
2023-04-06T00:00:00,0.0
2023-04-06T01:00:00,0.0
2023-04-06T02:00:00,0.0
2023-04-06T03:00:00,0.0
2023-04-06T04:00:00,0.0
2023-04-06T05:00:00,0.0
2023-04-06T06:00:00,31.27
2023-04-06T07:00:00,238.68
2023-04-06T08:00:00,477.85
2023-04-06T09:00:00,674.78
2023-04-06T10:00:00,758.78
2023-04-06T11:00:00,866.3
2023-04-06T12:00:00,920.92
2023-04-06T13:00:00,852.47
2023-04-06T14:00:00,703.53
2023-04-06T15:00:00,529.6
2023-04-06T16:00:00,299.52
2023-04-06T17:00:00,73.35
2023-04-06T18:00:00,0.0
2023-04-06T19:00:00,0.0
2023-04-06T20:00:00,0.0
2023-04-06T21:00:00,0.0
2023-04-06T22:00:00,0.0
2023-04-06T23:00:00,0.0
2023-04-07T00:00:00,0.0
2023-04-07T01:00:00,0.0
2023-04-07T02:00:00,0.0
2023-04-07T03:00:00,0.0
2023-04-07T04:00:00,0.0
2023-04-07T05:00:00,0.0
2023-04-07T06:00:00,18.4
2023-04-07T07:00:00,161.7
2023-04-07T08:00:00,362.75
2023-04-07T09:00:00,550.4
2023-04-07T10:00:00,567.85
2023-04-07T11:00:00,398.12
2023-04-07T12:00:00,358.55
2023-04-07T13:00:00,428.4
2023-04-07T14:00:00,359.5
2023-04-07T15:00:00,302.12
2023-04-07T16:00:00,171.68
2023-04-07T17:00:00,45.15
2023-04-07T18:00:00,0.0
2023-04-07T19:00:00,0.0
2023-04-07T20:00:00,0.0
2023-04-07T21:00:00,0.0
2023-04-07T22:00:00,0.0
2023-04-07T23:00:00,0.0
2023-04-08T00:00:00,0.0
2023-04-08T01:00:00,0.0
2023-04-08T02:00:00,0.0
2023-04-08T03:00:00,0.0
2023-04-08T04:00:00,0.0
2023-04-08T05:00:00,0.0
2023-04-08T06:00:00,24.75
2023-04-08T07:00:00,199.32
2023-04-08T08:00:00,420.62
2023-04-08T09:00:00,579.97
2023-04-08T10:00:00,740.58
2023-04-08T11:00:00,857.7
2023-04-08T12:00:00,838.7
2023-04-08T13:00:00,741.12
2023-04-08T14:00:00,650.53
2023-04-08T15:00:00,406.62
2023-04-08T16:00:00,218.48
2023-04-08T17:00:00,44.62
2023-04-08T18:00:00,0.0
2023-04-08T19:00:00,0.0
2023-04-08T20:00:00,0.0
2023-04-08T21:00:00,0.0
2023-04-08T22:00:00,0.0
2023-04-08T23:00:00,0.0
2023-04-09T00:00:00,0.0
2023-04-09T01:00:00,0.0
2023-04-09T02:00:00,0.0
2023-04-09T03:00:00,0.0
2023-04-09T04:00:00,0.0
2023-04-09T05:00:00,0.0
2023-04-09T06:00:00,29.52
2023-04-09T07:00:00,234.73
2023-04-09T08:00:00,470.17
2023-04-09T09:00:00,668.25
2023-04-09T10:00:00,807.9
2023-04-09T11:00:00,873.8
2023-04-09T12:00:00,871.62
2023-04-09T13:00:00,795.33
2023-04-09T14:00:00,663.5
2023-04-09T15:00:00,488.42
2023-04-09T16:00:00,274.33
2023-04-09T17:00:00,63.4
2023-04-09T18:00:00,0.0
2023-04-09T19:00:00,0.0
2023-04-09T20:00:00,0.0
2023-04-09T21:00:00,0.0
2023-04-09T22:00:00,0.0
2023-04-09T23:00:00,0.0
2023-04-10T00:00:00,0.0
2023-04-10T01:00:00,0.0
2023-04-10T02:00:00,0.0
2023-04-10T03:00:00,0.0
2023-04-10T04:00:00,0.0
2023-04-10T05:00:00,0.0
2023-04-10T06:00:00,27.58
2023-04-10T07:00:00,219.95
2023-04-10T08:00:00,440.92
2023-04-10T09:00:00,625.35
2023-04-10T10:00:00,771.83
2023-04-10T11:00:00,873.72
2023-04-10T12:00:00,884.5
2023-04-10T13:00:00,810.62
2023-04-10T14:00:00,682.9
2023-04-10T15:00:00,505.05
2023-04-10T16:00:00,280.65
2023-04-10T17:00:00,63.78
2023-04-10T18:00:00,0.0
2023-04-10T19:00:00,0.0
2023-04-10T20:00:00,0.0
2023-04-10T21:00:00,0.0
2023-04-10T22:00:00,0.0
2023-04-10T23:00:00,0.0
2023-04-11T00:00:00,0.0
2023-04-11T01:00:00,0.0
2023-04-11T02:00:00,0.0
2023-04-11T03:00:00,0.0
2023-04-11T04:00:00,0.0
2023-04-11T05:00:00,0.0
2023-04-11T06:00:00,24.12
2023-04-11T07:00:00,171.0
2023-04-11T08:00:00,400.3
2023-04-11T09:00:00,588.95
2023-04-11T10:00:00,747.75
2023-04-11T11:00:00,852.95
2023-04-11T12:00:00,867.55
2023-04-11T13:00:00,810.78
2023-04-11T14:00:00,667.97
2023-04-11T15:00:00,502.77
2023-04-11T16:00:00,285.42
2023-04-11T17:00:00,53.95
2023-04-11T18:00:00,0.0
2023-04-11T19:00:00,0.0
2023-04-11T20:00:00,0.0
2023-04-11T21:00:00,0.0
2023-04-11T22:00:00,0.0
2023-04-11T23:00:00,0.0
2023-04-12T00:00:00,0.0
2023-04-12T01:00:00,0.0
2023-04-12T02:00:00,0.0
2023-04-12T03:00:00,0.0
2023-04-12T04:00:00,0.0
2023-04-12T05:00:00,0.0
2023-04-12T06:00:00,25.67
2023-04-12T07:00:00,206.4
2023-04-12T08:00:00,424.92
2023-04-12T09:00:00,619.6
2023-04-12T10:00:00,776.88
2023-04-12T11:00:00,858.38
2023-04-12T12:00:00,852.88
2023-04-12T13:00:00,788.17
2023-04-12T14:00:00,584.4
2023-04-12T15:00:00,474.52
2023-04-12T16:00:00,265.6
2023-04-12T17:00:00,57.92
2023-04-12T18:00:00,0.0
2023-04-12T19:00:00,0.0
2023-04-12T20:00:00,0.0
2023-04-12T21:00:00,0.0
2023-04-12T22:00:00,0.0
2023-04-12T23:00:00,0.0
2023-04-13T00:00:00,0.0
2023-04-13T01:00:00,0.0
2023-04-13T02:00:00,0.0
2023-04-13T03:00:00,0.0
2023-04-13T04:00:00,0.0
2023-04-13T05:00:00,0.0
2023-04-13T06:00:00,22.27
2023-04-13T07:00:00,164.85
2023-04-13T08:00:00,352.2
2023-04-13T09:00:00,541.88
2023-04-13T10:00:00,656.08
2023-04-13T11:00:00,843.78
2023-04-13T12:00:00,862.88
2023-04-13T13:00:00,787.3
2023-04-13T14:00:00,678.05
2023-04-13T15:00:00,506.6
2023-04-13T16:00:00,272.23
2023-04-13T17:00:00,53.1
2023-04-13T18:00:00,0.0
2023-04-13T19:00:00,0.0
2023-04-13T20:00:00,0.0
2023-04-13T21:00:00,0.0
2023-04-13T22:00:00,0.0
2023-04-13T23:00:00,0.0
2023-04-14T00:00:00,0.0
2023-04-14T01:00:00,0.0
2023-04-14T02:00:00,0.0
2023-04-14T03:00:00,0.0
2023-04-14T04:00:00,0.0
2023-04-14T05:00:00,0.0
2023-04-14T06:00:00,24.98
2023-04-14T07:00:00,196.07
2023-04-14T08:00:00,398.05
2023-04-14T09:00:00,598.08
2023-04-14T10:00:00,767.62
2023-04-14T11:00:00,862.12
2023-04-14T12:00:00,856.4
2023-04-14T13:00:00,803.45
2023-04-14T14:00:00,580.38
2023-04-14T15:00:00,399.48
2023-04-14T16:00:00,198.07
2023-04-14T17:00:00,34.85
2023-04-14T18:00:00,0.0
2023-04-14T19:00:00,0.0
2023-04-14T20:00:00,0.0
2023-04-14T21:00:00,0.0
2023-04-14T22:00:00,0.0
2023-04-14T23:00:00,0.0
2023-04-15T00:00:00,0.0
2023-04-15T01:00:00,0.0
2023-04-15T02:00:00,0.0
2023-04-15T03:00:00,0.0
2023-04-15T04:00:00,0.0
2023-04-15T05:00:00,0.0
2023-04-15T06:00:00,8.85
2023-04-15T07:00:00,89.78
2023-04-15T08:00:00,213.07
2023-04-15T09:00:00,332.75
2023-04-15T10:00:00,439.33
2023-04-15T11:00:00,534.3
2023-04-15T12:00:00,656.83
2023-04-15T13:00:00,621.38
2023-04-15T14:00:00,558.55
2023-04-15T15:00:00,369.0
2023-04-15T16:00:00,183.82
2023-04-15T17:00:00,34.22
2023-04-15T18:00:00,0.0
2023-04-15T19:00:00,0.0
2023-04-15T20:00:00,0.0
2023-04-15T21:00:00,0.0
2023-04-15T22:00:00,0.0
2023-04-15T23:00:00,0.0
2023-04-16T00:00:00,0.0
2023-04-16T01:00:00,0.0
2023-04-16T02:00:00,0.0
2023-04-16T03:00:00,0.0
2023-04-16T04:00:00,0.0
2023-04-16T05:00:00,0.0
2023-04-16T06:00:00,11.68
2023-04-16T07:00:00,95.35
2023-04-16T08:00:00,147.25
2023-04-16T09:00:00,271.55
2023-04-16T10:00:00,373.35
2023-04-16T11:00:00,521.22
2023-04-16T12:00:00,530.35
2023-04-16T13:00:00,507.9
2023-04-16T14:00:00,397.27
2023-04-16T15:00:00,245.62
2023-04-16T16:00:00,103.3
2023-04-16T17:00:00,17.95
2023-04-16T18:00:00,0.0
2023-04-16T19:00:00,0.0
2023-04-16T20:00:00,0.0
2023-04-16T21:00:00,0.0
2023-04-16T22:00:00,0.0
2023-04-16T23:00:00,0.0
2023-04-17T00:00:00,0.0
2023-04-17T01:00:00,0.0
2023-04-17T02:00:00,0.0
2023-04-17T03:00:00,0.0
2023-04-17T04:00:00,0.0
2023-04-17T05:00:00,0.0
2023-04-17T06:00:00,10.9
2023-04-17T07:00:00,103.25
2023-04-17T08:00:00,231.45
2023-04-17T09:00:00,410.45
2023-04-17T10:00:00,536.45
2023-04-17T11:00:00,615.47
2023-04-17T12:00:00,588.72
2023-04-17T13:00:00,591.85
2023-04-17T14:00:00,522.45
2023-04-17T15:00:00,353.0
2023-04-17T16:00:00,160.55
2023-04-17T17:00:00,23.48
2023-04-17T18:00:00,0.0
2023-04-17T19:00:00,0.0
2023-04-17T20:00:00,0.0
2023-04-17T21:00:00,0.0
2023-04-17T22:00:00,0.0
2023-04-17T23:00:00,0.0
2023-04-18T00:00:00,0.0
2023-04-18T01:00:00,0.0
2023-04-18T02:00:00,0.0
2023-04-18T03:00:00,0.0
2023-04-18T04:00:00,0.0
2023-04-18T05:00:00,0.0
2023-04-18T06:00:00,9.9
2023-04-18T07:00:00,84.57
2023-04-18T08:00:00,211.7
2023-04-18T09:00:00,220.18
2023-04-18T10:00:00,113.3
2023-04-18T11:00:00,68.12
2023-04-18T12:00:00,58.4
2023-04-18T13:00:00,66.65
2023-04-18T14:00:00,111.57
2023-04-18T15:00:00,158.45
2023-04-18T16:00:00,87.82
2023-04-18T17:00:00,22.5
2023-04-18T18:00:00,0.0
2023-04-18T19:00:00,0.0
2023-04-18T20:00:00,0.0
2023-04-18T21:00:00,0.0
2023-04-18T22:00:00,0.0
2023-04-18T23:00:00,0.0
2023-04-19T00:00:00,0.0
2023-04-19T01:00:00,0.0
2023-04-19T02:00:00,0.0
2023-04-19T03:00:00,0.0
2023-04-19T04:00:00,0.0
2023-04-19T05:00:00,0.0
2023-04-19T06:00:00,23.1
2023-04-19T07:00:00,206.62
2023-04-19T08:00:00,422.83
2023-04-19T09:00:00,615.58
2023-04-19T10:00:00,731.9
2023-04-19T11:00:00,795.17
2023-04-19T12:00:00,748.25
2023-04-19T13:00:00,766.47
2023-04-19T14:00:00,566.45
2023-04-19T15:00:00,394.23
2023-04-19T16:00:00,206.93
2023-04-19T17:00:00,38.33
2023-04-19T18:00:00,0.0
2023-04-19T19:00:00,0.0
2023-04-19T20:00:00,0.0
2023-04-19T21:00:00,0.0
2023-04-19T22:00:00,0.0
2023-04-19T23:00:00,0.0
2023-04-20T00:00:00,0.0
2023-04-20T01:00:00,0.0
2023-04-20T02:00:00,0.0
2023-04-20T03:00:00,0.0
2023-04-20T04:00:00,0.0
2023-04-20T05:00:00,0.0
2023-04-20T06:00:00,18.35
2023-04-20T07:00:00,156.73
2023-04-20T08:00:00,311.15
2023-04-20T09:00:00,467.48
2023-04-20T10:00:00,573.03
2023-04-20T11:00:00,699.33
2023-04-20T12:00:00,803.67
2023-04-20T13:00:00,728.05
2023-04-20T14:00:00,583.83
2023-04-20T15:00:00,403.6
2023-04-20T16:00:00,215.55
2023-04-20T17:00:00,35.2
2023-04-20T18:00:00,0.0
2023-04-20T19:00:00,0.0
2023-04-20T20:00:00,0.0
2023-04-20T21:00:00,0.0
2023-04-20T22:00:00,0.0
2023-04-20T23:00:00,0.0
2023-04-21T00:00:00,0.0
2023-04-21T01:00:00,0.0
2023-04-21T02:00:00,0.0
2023-04-21T03:00:00,0.0
2023-04-21T04:00:00,0.0
2023-04-21T05:00:00,0.0
2023-04-21T06:00:00,22.0
2023-04-21T07:00:00,193.15
2023-04-21T08:00:00,403.65
2023-04-21T09:00:00,584.22
2023-04-21T10:00:00,662.0
2023-04-21T11:00:00,673.85
2023-04-21T12:00:00,642.17
2023-04-21T13:00:00,531.03
2023-04-21T14:00:00,357.75
2023-04-21T15:00:00,221.9
2023-04-21T16:00:00,118.62
2023-04-21T17:00:00,18.83
2023-04-21T18:00:00,0.0
2023-04-21T19:00:00,0.0
2023-04-21T20:00:00,0.0
2023-04-21T21:00:00,0.0
2023-04-21T22:00:00,0.0
2023-04-21T23:00:00,0.0
2023-04-22T00:00:00,0.0
2023-04-22T01:00:00,0.0
2023-04-22T02:00:00,0.0
2023-04-22T03:00:00,0.0
2023-04-22T04:00:00,0.0
2023-04-22T05:00:00,0.0
2023-04-22T06:00:00,16.45
2023-04-22T07:00:00,141.1
2023-04-22T08:00:00,300.27
2023-04-22T09:00:00,532.08
2023-04-22T10:00:00,701.08
2023-04-22T11:00:00,777.62
2023-04-22T12:00:00,775.62
2023-04-22T13:00:00,725.35
2023-04-22T14:00:00,631.53
2023-04-22T15:00:00,442.85
2023-04-22T16:00:00,229.73
2023-04-22T17:00:00,37.83
2023-04-22T18:00:00,0.0
2023-04-22T19:00:00,0.0
2023-04-22T20:00:00,0.0
2023-04-22T21:00:00,0.0
2023-04-22T22:00:00,0.0
2023-04-22T23:00:00,0.0
2023-04-23T00:00:00,0.0
2023-04-23T01:00:00,0.0
2023-04-23T02:00:00,0.0
2023-04-23T03:00:00,0.0
2023-04-23T04:00:00,0.0
2023-04-23T05:00:00,0.0
2023-04-23T06:00:00,17.02
2023-04-23T07:00:00,157.43
2023-04-23T08:00:00,323.73
2023-04-23T09:00:00,524.03
2023-04-23T10:00:00,590.75
2023-04-23T11:00:00,581.03
2023-04-23T12:00:00,580.5
2023-04-23T13:00:00,524.15
2023-04-23T14:00:00,366.15
2023-04-23T15:00:00,229.23
2023-04-23T16:00:00,113.05
2023-04-23T17:00:00,17.7
2023-04-23T18:00:00,0.0
2023-04-23T19:00:00,0.0
2023-04-23T20:00:00,0.0
2023-04-23T21:00:00,0.0
2023-04-23T22:00:00,0.0
2023-04-23T23:00:00,0.0
2023-04-24T00:00:00,0.0
2023-04-24T01:00:00,0.0
2023-04-24T02:00:00,0.0
2023-04-24T03:00:00,0.0
2023-04-24T04:00:00,0.0
2023-04-24T05:00:00,0.0
2023-04-24T06:00:00,21.73
2023-04-24T07:00:00,211.88
2023-04-24T08:00:00,433.23
2023-04-24T09:00:00,631.85
2023-04-24T10:00:00,766.22
2023-04-24T11:00:00,836.58
2023-04-24T12:00:00,840.78
2023-04-24T13:00:00,772.75
2023-04-24T14:00:00,634.53
2023-04-24T15:00:00,445.67
2023-04-24T16:00:00,214.68
2023-04-24T17:00:00,28.52
2023-04-24T18:00:00,0.0
2023-04-24T19:00:00,0.0
2023-04-24T20:00:00,0.0
2023-04-24T21:00:00,0.0
2023-04-24T22:00:00,0.0
2023-04-24T23:00:00,0.0
2023-04-25T00:00:00,0.0
2023-04-25T01:00:00,0.0
2023-04-25T02:00:00,0.0
2023-04-25T03:00:00,0.0
2023-04-25T04:00:00,0.0
2023-04-25T05:00:00,0.0
2023-04-25T06:00:00,16.52
2023-04-25T07:00:00,137.73
2023-04-25T08:00:00,298.33
2023-04-25T09:00:00,472.48
2023-04-25T10:00:00,605.78
2023-04-25T11:00:00,544.15
2023-04-25T12:00:00,464.98
2023-04-25T13:00:00,464.12
2023-04-25T14:00:00,411.77
2023-04-25T15:00:00,284.5
2023-04-25T16:00:00,130.15
2023-04-25T17:00:00,15.38
2023-04-25T18:00:00,0.0
2023-04-25T19:00:00,0.0
2023-04-25T20:00:00,0.0
2023-04-25T21:00:00,0.0
2023-04-25T22:00:00,0.0
2023-04-25T23:00:00,0.0
2023-04-26T00:00:00,0.0
2023-04-26T01:00:00,0.0
2023-04-26T02:00:00,0.0
2023-04-26T03:00:00,0.0
2023-04-26T04:00:00,0.0
2023-04-26T05:00:00,0.0
2023-04-26T06:00:00,14.98
2023-04-26T07:00:00,141.38
2023-04-26T08:00:00,319.4
2023-04-26T09:00:00,481.2
2023-04-26T10:00:00,547.35
2023-04-26T11:00:00,603.03
2023-04-26T12:00:00,657.3
2023-04-26T13:00:00,591.38
2023-04-26T14:00:00,456.7
2023-04-26T15:00:00,316.95
2023-04-26T16:00:00,155.85
2023-04-26T17:00:00,23.35
2023-04-26T18:00:00,0.0
2023-04-26T19:00:00,0.0
2023-04-26T20:00:00,0.0
2023-04-26T21:00:00,0.0
2023-04-26T22:00:00,0.0
2023-04-26T23:00:00,0.0
2023-04-27T00:00:00,0.0
2023-04-27T01:00:00,0.0
2023-04-27T02:00:00,0.0
2023-04-27T03:00:00,0.0
2023-04-27T04:00:00,0.0
2023-04-27T05:00:00,0.0
2023-04-27T06:00:00,10.6
2023-04-27T07:00:00,122.25
2023-04-27T08:00:00,283.9
2023-04-27T09:00:00,469.83
2023-04-27T10:00:00,653.17
2023-04-27T11:00:00,737.92
2023-04-27T12:00:00,720.33
2023-04-27T13:00:00,651.83
2023-04-27T14:00:00,525.15
2023-04-27T15:00:00,382.62
2023-04-27T16:00:00,188.02
2023-04-27T17:00:00,25.8
2023-04-27T18:00:00,0.0
2023-04-27T19:00:00,0.0
2023-04-27T20:00:00,0.0
2023-04-27T21:00:00,0.0
2023-04-27T22:00:00,0.0
2023-04-27T23:00:00,0.0
2023-04-28T00:00:00,0.0
2023-04-28T01:00:00,0.0
2023-04-28T02:00:00,0.0
2023-04-28T03:00:00,0.0
2023-04-28T04:00:00,0.0
2023-04-28T05:00:00,0.0
2023-04-28T06:00:00,17.48
2023-04-28T07:00:00,170.0
2023-04-28T08:00:00,371.38
2023-04-28T09:00:00,552.78
2023-04-28T10:00:00,585.08
2023-04-28T11:00:00,493.6
2023-04-28T12:00:00,430.42
2023-04-28T13:00:00,489.52
2023-04-28T14:00:00,512.8
2023-04-28T15:00:00,347.52
2023-04-28T16:00:00,172.1
2023-04-28T17:00:00,24.58
2023-04-28T18:00:00,0.0
2023-04-28T19:00:00,0.0
2023-04-28T20:00:00,0.0
2023-04-28T21:00:00,0.0
2023-04-28T22:00:00,0.0
2023-04-28T23:00:00,0.0
2023-04-29T00:00:00,0.0
2023-04-29T01:00:00,0.0
2023-04-29T02:00:00,0.0
2023-04-29T03:00:00,0.0
2023-04-29T04:00:00,0.0
2023-04-29T05:00:00,0.0
2023-04-29T06:00:00,18.7
2023-04-29T07:00:00,192.68
2023-04-29T08:00:00,407.35
2023-04-29T09:00:00,595.05
2023-04-29T10:00:00,727.92
2023-04-29T11:00:00,736.05
2023-04-29T12:00:00,618.05
2023-04-29T13:00:00,497.0
2023-04-29T14:00:00,46.3
2023-04-29T15:00:00,138.18
2023-04-29T16:00:00,66.25
2023-04-29T17:00:00,9.8
2023-04-29T18:00:00,0.0
2023-04-29T19:00:00,0.0
2023-04-29T20:00:00,0.0
2023-04-29T21:00:00,0.0
2023-04-29T22:00:00,0.0
2023-04-29T23:00:00,0.0
2023-04-30T00:00:00,0.0
2023-04-30T01:00:00,0.0
2023-04-30T02:00:00,0.0
2023-04-30T03:00:00,0.0
2023-04-30T04:00:00,0.0
2023-04-30T05:00:00,0.0
2023-04-30T06:00:00,12.85
2023-04-30T07:00:00,107.72
2023-04-30T08:00:00,236.0
2023-04-30T09:00:00,326.75
2023-04-30T10:00:00,385.65
2023-04-30T11:00:00,465.8
2023-04-30T12:00:00,523.58
2023-04-30T13:00:00,542.03
2023-04-30T14:00:00,482.73
2023-04-30T15:00:00,316.1
2023-04-30T16:00:00,158.07
2023-04-30T17:00:00,24.3
2023-04-30T18:00:00,0.0
2023-04-30T19:00:00,0.0
2023-04-30T20:00:00,0.0
2023-04-30T21:00:00,0.0
2023-04-30T22:00:00,0.0
2023-04-30T23:00:00,0.0
2023-05-01T00:00:00,0.0
2023-05-01T01:00:00,0.0
2023-05-01T02:00:00,0.0
2023-05-01T03:00:00,0.0
2023-05-01T04:00:00,0.0
2023-05-01T05:00:00,0.0
2023-05-01T06:00:00,17.55
2023-05-01T07:00:00,169.7
2023-05-01T08:00:00,340.12
2023-05-01T09:00:00,504.75
2023-05-01T10:00:00,618.88
2023-05-01T11:00:00,704.1
2023-05-01T12:00:00,692.72
2023-05-01T13:00:00,646.47
2023-05-01T14:00:00,514.35
2023-05-01T15:00:00,365.38
2023-05-01T16:00:00,183.15
2023-05-01T17:00:00,24.02
2023-05-01T18:00:00,0.0
2023-05-01T19:00:00,0.0
2023-05-01T20:00:00,0.0
2023-05-01T21:00:00,0.0
2023-05-01T22:00:00,0.0
2023-05-01T23:00:00,0.0
2023-05-02T00:00:00,0.0
2023-05-02T01:00:00,0.0
2023-05-02T02:00:00,0.0
2023-05-02T03:00:00,0.0
2023-05-02T04:00:00,0.0
2023-05-02T05:00:00,0.0
2023-05-02T06:00:00,15.27
2023-05-02T07:00:00,142.7
2023-05-02T08:00:00,294.88
2023-05-02T09:00:00,426.42
2023-05-02T10:00:00,536.2
2023-05-02T11:00:00,586.83
2023-05-02T12:00:00,683.67
2023-05-02T13:00:00,639.72
2023-05-02T14:00:00,490.08
2023-05-02T15:00:00,332.38
2023-05-02T16:00:00,150.45
2023-05-02T17:00:00,17.05
2023-05-02T18:00:00,0.0
2023-05-02T19:00:00,0.0
2023-05-02T20:00:00,0.0
2023-05-02T21:00:00,0.0
2023-05-02T22:00:00,0.0
2023-05-02T23:00:00,0.0
2023-05-03T00:00:00,0.0
2023-05-03T01:00:00,0.0
2023-05-03T02:00:00,0.0
2023-05-03T03:00:00,0.0
2023-05-03T04:00:00,0.0
2023-05-03T05:00:00,0.0
2023-05-03T06:00:00,12.18
2023-05-03T07:00:00,137.12
2023-05-03T08:00:00,312.08
2023-05-03T09:00:00,493.12
2023-05-03T10:00:00,566.38
2023-05-03T11:00:00,610.45
2023-05-03T12:00:00,738.47
2023-05-03T13:00:00,546.65
2023-05-03T14:00:00,460.08
2023-05-03T15:00:00,293.52
2023-05-03T16:00:00,149.3
2023-05-03T17:00:00,19.3
2023-05-03T18:00:00,0.0
2023-05-03T19:00:00,0.0
2023-05-03T20:00:00,0.0
2023-05-03T21:00:00,0.0
2023-05-03T22:00:00,0.0
2023-05-03T23:00:00,0.0
2023-05-04T00:00:00,0.0
2023-05-04T01:00:00,0.0
2023-05-04T02:00:00,0.0
2023-05-04T03:00:00,0.0
2023-05-04T04:00:00,0.0
2023-05-04T05:00:00,0.0
2023-05-04T06:00:00,14.95
2023-05-04T07:00:00,157.55
2023-05-04T08:00:00,329.08
2023-05-04T09:00:00,521.6
2023-05-04T10:00:00,628.65
2023-05-04T11:00:00,677.17
2023-05-04T12:00:00,675.25
2023-05-04T13:00:00,586.42
2023-05-04T14:00:00,483.52
2023-05-04T15:00:00,315.95
2023-05-04T16:00:00,144.32
2023-05-04T17:00:00,15.15
2023-05-04T18:00:00,0.0
2023-05-04T19:00:00,0.0
2023-05-04T20:00:00,0.0
2023-05-04T21:00:00,0.0
2023-05-04T22:00:00,0.0
2023-05-04T23:00:00,0.0
2023-05-05T00:00:00,0.0
2023-05-05T01:00:00,0.0
2023-05-05T02:00:00,0.0
2023-05-05T03:00:00,0.0
2023-05-05T04:00:00,0.0
2023-05-05T05:00:00,0.0
2023-05-05T06:00:00,14.5
2023-05-05T07:00:00,152.0
2023-05-05T08:00:00,319.65
2023-05-05T09:00:00,513.4
2023-05-05T10:00:00,636.38
2023-05-05T11:00:00,674.42
2023-05-05T12:00:00,647.08
2023-05-05T13:00:00,537.62
2023-05-05T14:00:00,429.98
2023-05-05T15:00:00,303.7
2023-05-05T16:00:00,135.38
2023-05-05T17:00:00,13.35
2023-05-05T18:00:00,0.0
2023-05-05T19:00:00,0.0
2023-05-05T20:00:00,0.0
2023-05-05T21:00:00,0.0
2023-05-05T22:00:00,0.0
2023-05-05T23:00:00,0.0
2023-05-06T00:00:00,0.0
2023-05-06T01:00:00,0.0
2023-05-06T02:00:00,0.0
2023-05-06T03:00:00,0.0
2023-05-06T04:00:00,0.0
2023-05-06T05:00:00,0.0
2023-05-06T06:00:00,16.62
2023-05-06T07:00:00,182.35
2023-05-06T08:00:00,383.92
2023-05-06T09:00:00,560.55
2023-05-06T10:00:00,682.83
2023-05-06T11:00:00,767.53
2023-05-06T12:00:00,759.42
2023-05-06T13:00:00,621.88
2023-05-06T14:00:00,334.08
2023-05-06T15:00:00,224.8
2023-05-06T16:00:00,115.18
2023-05-06T17:00:00,12.38
2023-05-06T18:00:00,0.0
2023-05-06T19:00:00,0.0
2023-05-06T20:00:00,0.0
2023-05-06T21:00:00,0.0
2023-05-06T22:00:00,0.0
2023-05-06T23:00:00,0.0
2023-05-07T00:00:00,0.0
2023-05-07T01:00:00,0.0
2023-05-07T02:00:00,0.0
2023-05-07T03:00:00,0.0
2023-05-07T04:00:00,0.0
2023-05-07T05:00:00,0.0
2023-05-07T06:00:00,11.25
2023-05-07T07:00:00,165.27
2023-05-07T08:00:00,367.08
2023-05-07T09:00:00,513.47
2023-05-07T10:00:00,684.08
2023-05-07T11:00:00,684.45
2023-05-07T12:00:00,604.85
2023-05-07T13:00:00,437.1
2023-05-07T14:00:00,256.38
2023-05-07T15:00:00,221.4
2023-05-07T16:00:00,119.2
2023-05-07T17:00:00,17.83
2023-05-07T18:00:00,0.0
2023-05-07T19:00:00,0.0
2023-05-07T20:00:00,0.0
2023-05-07T21:00:00,0.0
2023-05-07T22:00:00,0.0
2023-05-07T23:00:00,0.0
2023-05-08T00:00:00,0.0
2023-05-08T01:00:00,0.0
2023-05-08T02:00:00,0.0
2023-05-08T03:00:00,0.0
2023-05-08T04:00:00,0.0
2023-05-08T05:00:00,0.0
2023-05-08T06:00:00,16.12
2023-05-08T07:00:00,157.5
2023-05-08T08:00:00,313.62
2023-05-08T09:00:00,461.02
2023-05-08T10:00:00,567.0
2023-05-08T11:00:00,650.88
2023-05-08T12:00:00,708.28
2023-05-08T13:00:00,662.85
2023-05-08T14:00:00,544.97
2023-05-08T15:00:00,370.5
2023-05-08T16:00:00,182.0
2023-05-08T17:00:00,20.77
2023-05-08T18:00:00,0.0
2023-05-08T19:00:00,0.0
2023-05-08T20:00:00,0.0
2023-05-08T21:00:00,0.0
2023-05-08T22:00:00,0.0
2023-05-08T23:00:00,0.0
2023-05-09T00:00:00,0.0
2023-05-09T01:00:00,0.0
2023-05-09T02:00:00,0.0
2023-05-09T03:00:00,0.0
2023-05-09T04:00:00,0.0
2023-05-09T05:00:00,0.0
2023-05-09T06:00:00,17.4
2023-05-09T07:00:00,197.62
2023-05-09T08:00:00,414.77
2023-05-09T09:00:00,599.03
2023-05-09T10:00:00,737.75
2023-05-09T11:00:00,806.4
2023-05-09T12:00:00,802.9
2023-05-09T13:00:00,741.3
2023-05-09T14:00:00,600.03
2023-05-09T15:00:00,418.17
2023-05-09T16:00:00,204.48
2023-05-09T17:00:00,21.92
2023-05-09T18:00:00,0.0
2023-05-09T19:00:00,0.0
2023-05-09T20:00:00,0.0
2023-05-09T21:00:00,0.0
2023-05-09T22:00:00,0.0
2023-05-09T23:00:00,0.0
2023-05-10T00:00:00,0.0
2023-05-10T01:00:00,0.0
2023-05-10T02:00:00,0.0
2023-05-10T03:00:00,0.0
2023-05-10T04:00:00,0.0
2023-05-10T05:00:00,0.0
2023-05-10T06:00:00,15.3
2023-05-10T07:00:00,177.32
2023-05-10T08:00:00,375.9
2023-05-10T09:00:00,566.12
2023-05-10T10:00:00,706.92
2023-05-10T11:00:00,783.15
2023-05-10T12:00:00,737.28
2023-05-10T13:00:00,703.35
2023-05-10T14:00:00,579.6
2023-05-10T15:00:00,398.88
2023-05-10T16:00:00,192.38
2023-05-10T17:00:00,20.62
2023-05-10T18:00:00,0.0
2023-05-10T19:00:00,0.0
2023-05-10T20:00:00,0.0
2023-05-10T21:00:00,0.0
2023-05-10T22:00:00,0.0
2023-05-10T23:00:00,0.0
2023-05-11T00:00:00,0.0
2023-05-11T01:00:00,0.0
2023-05-11T02:00:00,0.0
2023-05-11T03:00:00,0.0
2023-05-11T04:00:00,0.0
2023-05-11T05:00:00,0.0
2023-05-11T06:00:00,14.0
2023-05-11T07:00:00,182.1
2023-05-11T08:00:00,397.17
2023-05-11T09:00:00,590.42
2023-05-11T10:00:00,718.35
2023-05-11T11:00:00,787.5
2023-05-11T12:00:00,760.08
2023-05-11T13:00:00,705.85
2023-05-11T14:00:00,528.42
2023-05-11T15:00:00,340.52
2023-05-11T16:00:00,167.48
2023-05-11T17:00:00,16.25
2023-05-11T18:00:00,0.0
2023-05-11T19:00:00,0.0
2023-05-11T20:00:00,0.0
2023-05-11T21:00:00,0.0
2023-05-11T22:00:00,0.0
2023-05-11T23:00:00,0.0
2023-05-12T00:00:00,0.0
2023-05-12T01:00:00,0.0
2023-05-12T02:00:00,0.0
2023-05-12T03:00:00,0.0
2023-05-12T04:00:00,0.0
2023-05-12T05:00:00,0.0
2023-05-12T06:00:00,12.82
2023-05-12T07:00:00,143.48
2023-05-12T08:00:00,325.65
2023-05-12T09:00:00,491.4
2023-05-12T10:00:00,494.02
2023-05-12T11:00:00,581.55
2023-05-12T12:00:00,612.65
2023-05-12T13:00:00,659.72
2023-05-12T14:00:00,485.77
2023-05-12T15:00:00,335.83
2023-05-12T16:00:00,156.3
2023-05-12T17:00:00,16.05
2023-05-12T18:00:00,0.0
2023-05-12T19:00:00,0.0
2023-05-12T20:00:00,0.0
2023-05-12T21:00:00,0.0
2023-05-12T22:00:00,0.0
2023-05-12T23:00:00,0.0
2023-05-13T00:00:00,0.0
2023-05-13T01:00:00,0.0
2023-05-13T02:00:00,0.0
2023-05-13T03:00:00,0.0
2023-05-13T04:00:00,0.0
2023-05-13T05:00:00,0.0
2023-05-13T06:00:00,11.1
2023-05-13T07:00:00,116.62
2023-05-13T08:00:00,269.77
2023-05-13T09:00:00,400.2
2023-05-13T10:00:00,484.5
2023-05-13T11:00:00,560.9
2023-05-13T12:00:00,515.97
2023-05-13T13:00:00,430.9
2023-05-13T14:00:00,357.65
2023-05-13T15:00:00,241.65
2023-05-13T16:00:00,102.95
2023-05-13T17:00:00,10.73
2023-05-13T18:00:00,0.0
2023-05-13T19:00:00,0.0
2023-05-13T20:00:00,0.0
2023-05-13T21:00:00,0.0
2023-05-13T22:00:00,0.0
2023-05-13T23:00:00,0.0
2023-05-14T00:00:00,0.0
2023-05-14T01:00:00,0.0
2023-05-14T02:00:00,0.0
2023-05-14T03:00:00,0.0
2023-05-14T04:00:00,0.0
2023-05-14T05:00:00,0.0
2023-05-14T06:00:00,9.88
2023-05-14T07:00:00,102.47
2023-05-14T08:00:00,222.52
2023-05-14T09:00:00,375.25
2023-05-14T10:00:00,396.38
2023-05-14T11:00:00,452.52
2023-05-14T12:00:00,515.95
2023-05-14T13:00:00,457.4
2023-05-14T14:00:00,293.38
2023-05-14T15:00:00,185.15
2023-05-14T16:00:00,86.28
2023-05-14T17:00:00,8.55
2023-05-14T18:00:00,0.0
2023-05-14T19:00:00,0.0
2023-05-14T20:00:00,0.0
2023-05-14T21:00:00,0.0
2023-05-14T22:00:00,0.0
2023-05-14T23:00:00,0.0
2023-05-15T00:00:00,0.0
2023-05-15T01:00:00,0.0
2023-05-15T02:00:00,0.0
2023-05-15T03:00:00,0.0
2023-05-15T04:00:00,0.0
2023-05-15T05:00:00,0.0
2023-05-15T06:00:00,4.6
2023-05-15T07:00:00,55.72
2023-05-15T08:00:00,129.38
2023-05-15T09:00:00,195.12
2023-05-15T10:00:00,316.83
2023-05-15T11:00:00,372.95
2023-05-15T12:00:00,281.67
2023-05-15T13:00:00,231.12
2023-05-15T14:00:00,144.48
2023-05-15T15:00:00,94.07
2023-05-15T16:00:00,53.5
2023-05-15T17:00:00,7.2
2023-05-15T18:00:00,0.0
2023-05-15T19:00:00,0.0
2023-05-15T20:00:00,0.0
2023-05-15T21:00:00,0.0
2023-05-15T22:00:00,0.0
2023-05-15T23:00:00,0.0
2023-05-16T00:00:00,0.0
2023-05-16T01:00:00,0.0
2023-05-16T02:00:00,0.0
2023-05-16T03:00:00,0.0
2023-05-16T04:00:00,0.0
2023-05-16T05:00:00,0.0
2023-05-16T06:00:00,6.78
2023-05-16T07:00:00,84.82
2023-05-16T08:00:00,202.85
2023-05-16T09:00:00,311.52
2023-05-16T10:00:00,356.1
2023-05-16T11:00:00,443.08
2023-05-16T12:00:00,475.77
2023-05-16T13:00:00,480.9
2023-05-16T14:00:00,362.4
2023-05-16T15:00:00,227.25
2023-05-16T16:00:00,96.6
2023-05-16T17:00:00,11.02
2023-05-16T18:00:00,0.0
2023-05-16T19:00:00,0.0
2023-05-16T20:00:00,0.0
2023-05-16T21:00:00,0.0
2023-05-16T22:00:00,0.0
2023-05-16T23:00:00,0.0
2023-05-17T00:00:00,0.0
2023-05-17T01:00:00,0.0
2023-05-17T02:00:00,0.0
2023-05-17T03:00:00,0.0
2023-05-17T04:00:00,0.0
2023-05-17T05:00:00,0.0
2023-05-17T06:00:00,10.77
2023-05-17T07:00:00,127.47
2023-05-17T08:00:00,291.75
2023-05-17T09:00:00,453.38
2023-05-17T10:00:00,559.25
2023-05-17T11:00:00,654.38
2023-05-17T12:00:00,700.12
2023-05-17T13:00:00,581.45
2023-05-17T14:00:00,499.85
2023-05-17T15:00:00,339.98
2023-05-17T16:00:00,158.82
2023-05-17T17:00:00,15.18
2023-05-17T18:00:00,0.0
2023-05-17T19:00:00,0.0
2023-05-17T20:00:00,0.0
2023-05-17T21:00:00,0.0
2023-05-17T22:00:00,0.0
2023-05-17T23:00:00,0.0
2023-05-18T00:00:00,0.0
2023-05-18T01:00:00,0.0
2023-05-18T02:00:00,0.0
2023-05-18T03:00:00,0.0
2023-05-18T04:00:00,0.0
2023-05-18T05:00:00,0.0
2023-05-18T06:00:00,11.2
2023-05-18T07:00:00,134.3
2023-05-18T08:00:00,286.38
2023-05-18T09:00:00,426.08
2023-05-18T10:00:00,545.03
2023-05-18T11:00:00,616.25
2023-05-18T12:00:00,621.95
2023-05-18T13:00:00,560.28
2023-05-18T14:00:00,356.12
2023-05-18T15:00:00,256.08
2023-05-18T16:00:00,128.65
2023-05-18T17:00:00,12.65
2023-05-18T18:00:00,0.0
2023-05-18T19:00:00,0.0
2023-05-18T20:00:00,0.0
2023-05-18T21:00:00,0.0
2023-05-18T22:00:00,0.0
2023-05-18T23:00:00,0.0
2023-05-19T00:00:00,0.0
2023-05-19T01:00:00,0.0
2023-05-19T02:00:00,0.0
2023-05-19T03:00:00,0.0
2023-05-19T04:00:00,0.0
2023-05-19T05:00:00,0.0
2023-05-19T06:00:00,10.5
2023-05-19T07:00:00,123.8
2023-05-19T08:00:00,261.5
2023-05-19T09:00:00,394.12
2023-05-19T10:00:00,452.48
2023-05-19T11:00:00,526.5
2023-05-19T12:00:00,494.05
2023-05-19T13:00:00,489.7
2023-05-19T14:00:00,353.15
2023-05-19T15:00:00,221.18
2023-05-19T16:00:00,103.68
2023-05-19T17:00:00,12.8
2023-05-19T18:00:00,0.0
2023-05-19T19:00:00,0.0
2023-05-19T20:00:00,0.0
2023-05-19T21:00:00,0.0
2023-05-19T22:00:00,0.0
2023-05-19T23:00:00,0.0
2023-05-20T00:00:00,0.0
2023-05-20T01:00:00,0.0
2023-05-20T02:00:00,0.0
2023-05-20T03:00:00,0.0
2023-05-20T04:00:00,0.0
2023-05-20T05:00:00,0.0
2023-05-20T06:00:00,2.1
2023-05-20T07:00:00,27.38
2023-05-20T08:00:00,67.1
2023-05-20T09:00:00,112.65
2023-05-20T10:00:00,181.65
2023-05-20T11:00:00,199.93
2023-05-20T12:00:00,207.6
2023-05-20T13:00:00,277.08
2023-05-20T14:00:00,182.32
2023-05-20T15:00:00,136.35
2023-05-20T16:00:00,66.25
2023-05-20T17:00:00,6.7
2023-05-20T18:00:00,0.0
2023-05-20T19:00:00,0.0
2023-05-20T20:00:00,0.0
2023-05-20T21:00:00,0.0
2023-05-20T22:00:00,0.0
2023-05-20T23:00:00,0.0
2023-05-21T00:00:00,0.0
2023-05-21T01:00:00,0.0
2023-05-21T02:00:00,0.0
2023-05-21T03:00:00,0.0
2023-05-21T04:00:00,0.0
2023-05-21T05:00:00,0.0
2023-05-21T06:00:00,7.43
2023-05-21T07:00:00,110.25
2023-05-21T08:00:00,246.55
2023-05-21T09:00:00,374.67
2023-05-21T10:00:00,479.9
2023-05-21T11:00:00,606.95
2023-05-21T12:00:00,603.95
2023-05-21T13:00:00,604.55
2023-05-21T14:00:00,403.73
2023-05-21T15:00:00,231.65
2023-05-21T16:00:00,109.38
2023-05-21T17:00:00,10.8
2023-05-21T18:00:00,0.0
2023-05-21T19:00:00,0.0
2023-05-21T20:00:00,0.0
2023-05-21T21:00:00,0.0
2023-05-21T22:00:00,0.0
2023-05-21T23:00:00,0.0
2023-05-22T00:00:00,0.0
2023-05-22T01:00:00,0.0
2023-05-22T02:00:00,0.0
2023-05-22T03:00:00,0.0
2023-05-22T04:00:00,0.0
2023-05-22T05:00:00,0.0
2023-05-22T06:00:00,8.75
2023-05-22T07:00:00,121.38
2023-05-22T08:00:00,276.0
2023-05-22T09:00:00,415.4
2023-05-22T10:00:00,544.5
2023-05-22T11:00:00,609.95
2023-05-22T12:00:00,651.62
2023-05-22T13:00:00,519.65
2023-05-22T14:00:00,369.77
2023-05-22T15:00:00,239.1
2023-05-22T16:00:00,110.68
2023-05-22T17:00:00,9.93
2023-05-22T18:00:00,0.0
2023-05-22T19:00:00,0.0
2023-05-22T20:00:00,0.0
2023-05-22T21:00:00,0.0
2023-05-22T22:00:00,0.0
2023-05-22T23:00:00,0.0
2023-05-23T00:00:00,0.0
2023-05-23T01:00:00,0.0
2023-05-23T02:00:00,0.0
2023-05-23T03:00:00,0.0
2023-05-23T04:00:00,0.0
2023-05-23T05:00:00,0.0
2023-05-23T06:00:00,8.32
2023-05-23T07:00:00,127.4
2023-05-23T08:00:00,305.1
2023-05-23T09:00:00,494.67
2023-05-23T10:00:00,574.22
2023-05-23T11:00:00,655.03
2023-05-23T12:00:00,655.28
2023-05-23T13:00:00,569.38
2023-05-23T14:00:00,493.73
2023-05-23T15:00:00,317.02
2023-05-23T16:00:00,142.15
2023-05-23T17:00:00,11.52
2023-05-23T18:00:00,0.0
2023-05-23T19:00:00,0.0
2023-05-23T20:00:00,0.0
2023-05-23T21:00:00,0.0
2023-05-23T22:00:00,0.0
2023-05-23T23:00:00,0.0
2023-05-24T00:00:00,0.0
2023-05-24T01:00:00,0.0
2023-05-24T02:00:00,0.0
2023-05-24T03:00:00,0.0
2023-05-24T04:00:00,0.0
2023-05-24T05:00:00,0.0
2023-05-24T06:00:00,5.03
2023-05-24T07:00:00,51.85
2023-05-24T08:00:00,164.23
2023-05-24T09:00:00,259.75
2023-05-24T10:00:00,351.42
2023-05-24T11:00:00,394.4
2023-05-24T12:00:00,316.92
2023-05-24T13:00:00,256.08
2023-05-24T14:00:00,197.25
2023-05-24T15:00:00,132.8
2023-05-24T16:00:00,59.53
2023-05-24T17:00:00,6.55
2023-05-24T18:00:00,0.0
2023-05-24T19:00:00,0.0
2023-05-24T20:00:00,0.0
2023-05-24T21:00:00,0.0
2023-05-24T22:00:00,0.0
2023-05-24T23:00:00,0.0
2023-05-25T00:00:00,0.0
2023-05-25T01:00:00,0.0
2023-05-25T02:00:00,0.0
2023-05-25T03:00:00,0.0
2023-05-25T04:00:00,0.0
2023-05-25T05:00:00,0.0
2023-05-25T06:00:00,5.53
2023-05-25T07:00:00,72.55
2023-05-25T08:00:00,179.43
2023-05-25T09:00:00,301.33
2023-05-25T10:00:00,392.67
2023-05-25T11:00:00,392.98
2023-05-25T12:00:00,305.83
2023-05-25T13:00:00,229.77
2023-05-25T14:00:00,224.52
2023-05-25T15:00:00,151.35
2023-05-25T16:00:00,77.32
2023-05-25T17:00:00,6.1
2023-05-25T18:00:00,0.0
2023-05-25T19:00:00,0.0
2023-05-25T20:00:00,0.0
2023-05-25T21:00:00,0.0
2023-05-25T22:00:00,0.0
2023-05-25T23:00:00,0.0
2023-05-26T00:00:00,0.0
2023-05-26T01:00:00,0.0
2023-05-26T02:00:00,0.0
2023-05-26T03:00:00,0.0
2023-05-26T04:00:00,0.0
2023-05-26T05:00:00,0.0
2023-05-26T06:00:00,3.88
2023-05-26T07:00:00,93.28
2023-05-26T08:00:00,203.93
2023-05-26T09:00:00,349.1
2023-05-26T10:00:00,474.85
2023-05-26T11:00:00,538.97
2023-05-26T12:00:00,519.92
2023-05-26T13:00:00,490.9
2023-05-26T14:00:00,437.08
2023-05-26T15:00:00,301.12
2023-05-26T16:00:00,146.62
2023-05-26T17:00:00,14.4
2023-05-26T18:00:00,0.0
2023-05-26T19:00:00,0.0
2023-05-26T20:00:00,0.0
2023-05-26T21:00:00,0.0
2023-05-26T22:00:00,0.0
2023-05-26T23:00:00,0.0
2023-05-27T00:00:00,0.0
2023-05-27T01:00:00,0.0
2023-05-27T02:00:00,0.0
2023-05-27T03:00:00,0.0
2023-05-27T04:00:00,0.0
2023-05-27T05:00:00,0.0
2023-05-27T06:00:00,10.25
2023-05-27T07:00:00,169.3
2023-05-27T08:00:00,377.05
2023-05-27T09:00:00,555.3
2023-05-27T10:00:00,686.67
2023-05-27T11:00:00,749.05
2023-05-27T12:00:00,721.6
2023-05-27T13:00:00,672.47
2023-05-27T14:00:00,532.62
2023-05-27T15:00:00,366.33
2023-05-27T16:00:00,169.75
2023-05-27T17:00:00,14.68
2023-05-27T18:00:00,0.0
2023-05-27T19:00:00,0.0
2023-05-27T20:00:00,0.0
2023-05-27T21:00:00,0.0
2023-05-27T22:00:00,0.0
2023-05-27T23:00:00,0.0
2023-05-28T00:00:00,0.0
2023-05-28T01:00:00,0.0
2023-05-28T02:00:00,0.0
2023-05-28T03:00:00,0.0
2023-05-28T04:00:00,0.0
2023-05-28T05:00:00,0.0
2023-05-28T06:00:00,7.8
2023-05-28T07:00:00,125.32
2023-05-28T08:00:00,288.52
2023-05-28T09:00:00,440.73
2023-05-28T10:00:00,515.9
2023-05-28T11:00:00,523.6
2023-05-28T12:00:00,493.55
2023-05-28T13:00:00,460.17
2023-05-28T14:00:00,345.55
2023-05-28T15:00:00,200.4
2023-05-28T16:00:00,93.55
2023-05-28T17:00:00,8.48
2023-05-28T18:00:00,0.0
2023-05-28T19:00:00,0.0
2023-05-28T20:00:00,0.0
2023-05-28T21:00:00,0.0
2023-05-28T22:00:00,0.0
2023-05-28T23:00:00,0.0
2023-05-29T00:00:00,0.0
2023-05-29T01:00:00,0.0
2023-05-29T02:00:00,0.0
2023-05-29T03:00:00,0.0
2023-05-29T04:00:00,0.0
2023-05-29T05:00:00,0.0
2023-05-29T06:00:00,7.25
2023-05-29T07:00:00,125.35
2023-05-29T08:00:00,300.9
2023-05-29T09:00:00,462.15
2023-05-29T10:00:00,554.7
2023-05-29T11:00:00,638.25
2023-05-29T12:00:00,660.1
2023-05-29T13:00:00,603.2
2023-05-29T14:00:00,468.38
2023-05-29T15:00:00,293.58
2023-05-29T16:00:00,121.95
2023-05-29T17:00:00,10.8
2023-05-29T18:00:00,0.0
2023-05-29T19:00:00,0.0
2023-05-29T20:00:00,0.0
2023-05-29T21:00:00,0.0
2023-05-29T22:00:00,0.0
2023-05-29T23:00:00,0.0
2023-05-30T00:00:00,0.0
2023-05-30T01:00:00,0.0
2023-05-30T02:00:00,0.0
2023-05-30T03:00:00,0.0
2023-05-30T04:00:00,0.0
2023-05-30T05:00:00,0.0
2023-05-30T06:00:00,7.05
2023-05-30T07:00:00,118.82
2023-05-30T08:00:00,284.05
2023-05-30T09:00:00,462.4
2023-05-30T10:00:00,590.45
2023-05-30T11:00:00,641.58
2023-05-30T12:00:00,650.35
2023-05-30T13:00:00,581.58
2023-05-30T14:00:00,444.45
2023-05-30T15:00:00,269.27
2023-05-30T16:00:00,119.78
2023-05-30T17:00:00,10.27
2023-05-30T18:00:00,0.0
2023-05-30T19:00:00,0.0
2023-05-30T20:00:00,0.0
2023-05-30T21:00:00,0.0
2023-05-30T22:00:00,0.0
2023-05-30T23:00:00,0.0
2023-05-31T00:00:00,0.0
2023-05-31T01:00:00,0.0
2023-05-31T02:00:00,0.0
2023-05-31T03:00:00,0.0
2023-05-31T04:00:00,0.0
2023-05-31T05:00:00,0.0
2023-05-31T06:00:00,7.15
2023-05-31T07:00:00,95.53
2023-05-31T08:00:00,237.3
2023-05-31T09:00:00,383.08
2023-05-31T10:00:00,385.65
2023-05-31T11:00:00,398.58
2023-05-31T12:00:00,361.33
2023-05-31T13:00:00,316.02
2023-05-31T14:00:00,175.18
2023-05-31T15:00:00,123.22
2023-05-31T16:00:00,63.65
2023-05-31T17:00:00,4.93
2023-05-31T18:00:00,0.0
2023-05-31T19:00:00,0.0
2023-05-31T20:00:00,0.0
2023-05-31T21:00:00,0.0
2023-05-31T22:00:00,0.0
2023-05-31T23:00:00,0.0
2023-06-01T00:00:00,0.0
2023-06-01T01:00:00,0.0
2023-06-01T02:00:00,0.0
2023-06-01T03:00:00,0.0
2023-06-01T04:00:00,0.0
2023-06-01T05:00:00,0.0
2023-06-01T06:00:00,4.38
2023-06-01T07:00:00,59.42
2023-06-01T08:00:00,142.0
2023-06-01T09:00:00,284.48
2023-06-01T10:00:00,356.02
2023-06-01T11:00:00,418.33
2023-06-01T12:00:00,437.5
2023-06-01T13:00:00,426.25
2023-06-01T14:00:00,340.55
2023-06-01T15:00:00,217.18
2023-06-01T16:00:00,90.72
2023-06-01T17:00:00,9.12
2023-06-01T18:00:00,0.0
2023-06-01T19:00:00,0.0
2023-06-01T20:00:00,0.0
2023-06-01T21:00:00,0.0
2023-06-01T22:00:00,0.0
2023-06-01T23:00:00,0.0
2023-06-02T00:00:00,0.0
2023-06-02T01:00:00,0.0
2023-06-02T02:00:00,0.0
2023-06-02T03:00:00,0.0
2023-06-02T04:00:00,0.0
2023-06-02T05:00:00,0.0
2023-06-02T06:00:00,5.38
2023-06-02T07:00:00,88.38
2023-06-02T08:00:00,215.9
2023-06-02T09:00:00,347.02
2023-06-02T10:00:00,418.02
2023-06-02T11:00:00,482.48
2023-06-02T12:00:00,388.98
2023-06-02T13:00:00,386.8
2023-06-02T14:00:00,243.2
2023-06-02T15:00:00,178.27
2023-06-02T16:00:00,73.53
2023-06-02T17:00:00,5.97
2023-06-02T18:00:00,0.0
2023-06-02T19:00:00,0.0
2023-06-02T20:00:00,0.0
2023-06-02T21:00:00,0.0
2023-06-02T22:00:00,0.0
2023-06-02T23:00:00,0.0
2023-06-03T00:00:00,0.0
2023-06-03T01:00:00,0.0
2023-06-03T02:00:00,0.0
2023-06-03T03:00:00,0.0
2023-06-03T04:00:00,0.0
2023-06-03T05:00:00,0.0
2023-06-03T06:00:00,2.35
2023-06-03T07:00:00,32.62
2023-06-03T08:00:00,69.7
2023-06-03T09:00:00,58.17
2023-06-03T10:00:00,84.25
2023-06-03T11:00:00,162.1
2023-06-03T12:00:00,202.82
2023-06-03T13:00:00,191.2
2023-06-03T14:00:00,131.62
2023-06-03T15:00:00,129.02
2023-06-03T16:00:00,62.08
2023-06-03T17:00:00,7.05
2023-06-03T18:00:00,0.0
2023-06-03T19:00:00,0.0
2023-06-03T20:00:00,0.0
2023-06-03T21:00:00,0.0
2023-06-03T22:00:00,0.0
2023-06-03T23:00:00,0.0
2023-06-04T00:00:00,0.0
2023-06-04T01:00:00,0.0
2023-06-04T02:00:00,0.0
2023-06-04T03:00:00,0.0
2023-06-04T04:00:00,0.0
2023-06-04T05:00:00,0.0
2023-06-04T06:00:00,5.22
2023-06-04T07:00:00,87.78
2023-06-04T08:00:00,212.25
2023-06-04T09:00:00,334.85
2023-06-04T10:00:00,381.27
2023-06-04T11:00:00,386.85
2023-06-04T12:00:00,372.7
2023-06-04T13:00:00,411.02
2023-06-04T14:00:00,316.4
2023-06-04T15:00:00,203.3
2023-06-04T16:00:00,88.62
2023-06-04T17:00:00,8.35
2023-06-04T18:00:00,0.0
2023-06-04T19:00:00,0.0
2023-06-04T20:00:00,0.0
2023-06-04T21:00:00,0.0
2023-06-04T22:00:00,0.0
2023-06-04T23:00:00,0.0
2023-06-05T00:00:00,0.0
2023-06-05T01:00:00,0.0
2023-06-05T02:00:00,0.0
2023-06-05T03:00:00,0.0
2023-06-05T04:00:00,0.0
2023-06-05T05:00:00,0.0
2023-06-05T06:00:00,5.25
2023-06-05T07:00:00,94.2
2023-06-05T08:00:00,249.98
2023-06-05T09:00:00,406.33
2023-06-05T10:00:00,546.33
2023-06-05T11:00:00,647.55
2023-06-05T12:00:00,670.58
2023-06-05T13:00:00,576.33
2023-06-05T14:00:00,508.1
2023-06-05T15:00:00,350.5
2023-06-05T16:00:00,162.88
2023-06-05T17:00:00,13.9
2023-06-05T18:00:00,0.0
2023-06-05T19:00:00,0.0
2023-06-05T20:00:00,0.0
2023-06-05T21:00:00,0.0
2023-06-05T22:00:00,0.0
2023-06-05T23:00:00,0.0
2023-06-06T00:00:00,0.0
2023-06-06T01:00:00,0.0
2023-06-06T02:00:00,0.0
2023-06-06T03:00:00,0.0
2023-06-06T04:00:00,0.0
2023-06-06T05:00:00,0.0
2023-06-06T06:00:00,4.35
2023-06-06T07:00:00,95.65
2023-06-06T08:00:00,216.0
2023-06-06T09:00:00,352.9
2023-06-06T10:00:00,478.95
2023-06-06T11:00:00,525.6
2023-06-06T12:00:00,531.72
2023-06-06T13:00:00,495.55
2023-06-06T14:00:00,309.52
2023-06-06T15:00:00,198.12
2023-06-06T16:00:00,85.78
2023-06-06T17:00:00,6.43
2023-06-06T18:00:00,0.0
2023-06-06T19:00:00,0.0
2023-06-06T20:00:00,0.0
2023-06-06T21:00:00,0.0
2023-06-06T22:00:00,0.0
2023-06-06T23:00:00,0.0
2023-06-07T00:00:00,0.0
2023-06-07T01:00:00,0.0
2023-06-07T02:00:00,0.0
2023-06-07T03:00:00,0.0
2023-06-07T04:00:00,0.0
2023-06-07T05:00:00,0.0
2023-06-07T06:00:00,2.25
2023-06-07T07:00:00,39.08
2023-06-07T08:00:00,98.0
2023-06-07T09:00:00,174.57
2023-06-07T10:00:00,202.25
2023-06-07T11:00:00,287.95
2023-06-07T12:00:00,175.25
2023-06-07T13:00:00,117.28
2023-06-07T14:00:00,59.72
2023-06-07T15:00:00,38.0
2023-06-07T16:00:00,21.55
2023-06-07T17:00:00,3.03
2023-06-07T18:00:00,0.0
2023-06-07T19:00:00,0.0
2023-06-07T20:00:00,0.0
2023-06-07T21:00:00,0.0
2023-06-07T22:00:00,0.0
2023-06-07T23:00:00,0.0
2023-06-08T00:00:00,0.0
2023-06-08T01:00:00,0.0
2023-06-08T02:00:00,0.0
2023-06-08T03:00:00,0.0
2023-06-08T04:00:00,0.0
2023-06-08T05:00:00,0.0
2023-06-08T06:00:00,1.35
2023-06-08T07:00:00,48.22
2023-06-08T08:00:00,104.95
2023-06-08T09:00:00,197.88
2023-06-08T10:00:00,393.33
2023-06-08T11:00:00,567.1
2023-06-08T12:00:00,575.62
2023-06-08T13:00:00,493.7
2023-06-08T14:00:00,286.73
2023-06-08T15:00:00,192.7
2023-06-08T16:00:00,84.5
2023-06-08T17:00:00,7.07
2023-06-08T18:00:00,0.0
2023-06-08T19:00:00,0.0
2023-06-08T20:00:00,0.0
2023-06-08T21:00:00,0.0
2023-06-08T22:00:00,0.0
2023-06-08T23:00:00,0.0
2023-06-09T00:00:00,0.0
2023-06-09T01:00:00,0.0
2023-06-09T02:00:00,0.0
2023-06-09T03:00:00,0.0
2023-06-09T04:00:00,0.0
2023-06-09T05:00:00,0.0
2023-06-09T06:00:00,4.62
2023-06-09T07:00:00,83.9
2023-06-09T08:00:00,223.43
2023-06-09T09:00:00,362.5
2023-06-09T10:00:00,468.23
2023-06-09T11:00:00,504.4
2023-06-09T12:00:00,504.42
2023-06-09T13:00:00,475.3
2023-06-09T14:00:00,402.85
2023-06-09T15:00:00,235.73
2023-06-09T16:00:00,108.45
2023-06-09T17:00:00,9.6
2023-06-09T18:00:00,0.0
2023-06-09T19:00:00,0.0
2023-06-09T20:00:00,0.0
2023-06-09T21:00:00,0.0
2023-06-09T22:00:00,0.0
2023-06-09T23:00:00,0.0
2023-06-10T00:00:00,0.0
2023-06-10T01:00:00,0.0
2023-06-10T02:00:00,0.0
2023-06-10T03:00:00,0.0
2023-06-10T04:00:00,0.0
2023-06-10T05:00:00,0.0
2023-06-10T06:00:00,5.47
2023-06-10T07:00:00,126.7
2023-06-10T08:00:00,331.88
2023-06-10T09:00:00,512.7
2023-06-10T10:00:00,608.72
2023-06-10T11:00:00,640.5
2023-06-10T12:00:00,649.12
2023-06-10T13:00:00,482.17
2023-06-10T14:00:00,447.9
2023-06-10T15:00:00,255.07
2023-06-10T16:00:00,119.28
2023-06-10T17:00:00,9.62
2023-06-10T18:00:00,0.0
2023-06-10T19:00:00,0.0
2023-06-10T20:00:00,0.0
2023-06-10T21:00:00,0.0
2023-06-10T22:00:00,0.0
2023-06-10T23:00:00,0.0
2023-06-11T00:00:00,0.0
2023-06-11T01:00:00,0.0
2023-06-11T02:00:00,0.0
2023-06-11T03:00:00,0.0
2023-06-11T04:00:00,0.0
2023-06-11T05:00:00,0.0
2023-06-11T06:00:00,3.85
2023-06-11T07:00:00,93.78
2023-06-11T08:00:00,248.52
2023-06-11T09:00:00,404.38
2023-06-11T10:00:00,559.67
2023-06-11T11:00:00,609.58
2023-06-11T12:00:00,605.62
2023-06-11T13:00:00,578.53
2023-06-11T14:00:00,405.52
2023-06-11T15:00:00,266.5
2023-06-11T16:00:00,111.1
2023-06-11T17:00:00,9.45
2023-06-11T18:00:00,0.0
2023-06-11T19:00:00,0.0
2023-06-11T20:00:00,0.0
2023-06-11T21:00:00,0.0
2023-06-11T22:00:00,0.0
2023-06-11T23:00:00,0.0
2023-06-12T00:00:00,0.0
2023-06-12T01:00:00,0.0
2023-06-12T02:00:00,0.0
2023-06-12T03:00:00,0.0
2023-06-12T04:00:00,0.0
2023-06-12T05:00:00,0.0
2023-06-12T06:00:00,1.5
2023-06-12T07:00:00,36.1
2023-06-12T08:00:00,100.97
2023-06-12T09:00:00,185.9
2023-06-12T10:00:00,204.8
2023-06-12T11:00:00,241.2
2023-06-12T12:00:00,160.07
2023-06-12T13:00:00,176.55
2023-06-12T14:00:00,186.1
2023-06-12T15:00:00,117.2
2023-06-12T16:00:00,54.85
2023-06-12T17:00:00,6.18
2023-06-12T18:00:00,0.0
2023-06-12T19:00:00,0.0
2023-06-12T20:00:00,0.0
2023-06-12T21:00:00,0.0
2023-06-12T22:00:00,0.0
2023-06-12T23:00:00,0.0
2023-06-13T00:00:00,0.0
2023-06-13T01:00:00,0.0
2023-06-13T02:00:00,0.0
2023-06-13T03:00:00,0.0
2023-06-13T04:00:00,0.0
2023-06-13T05:00:00,0.0
2023-06-13T06:00:00,2.58
2023-06-13T07:00:00,53.45
2023-06-13T08:00:00,161.9
2023-06-13T09:00:00,234.85
2023-06-13T10:00:00,323.4
2023-06-13T11:00:00,344.73
2023-06-13T12:00:00,396.95
2023-06-13T13:00:00,390.73
2023-06-13T14:00:00,269.05
2023-06-13T15:00:00,174.0
2023-06-13T16:00:00,81.62
2023-06-13T17:00:00,7.4
2023-06-13T18:00:00,0.0
2023-06-13T19:00:00,0.0
2023-06-13T20:00:00,0.0
2023-06-13T21:00:00,0.0
2023-06-13T22:00:00,0.0
2023-06-13T23:00:00,0.0
2023-06-14T00:00:00,0.0
2023-06-14T01:00:00,0.0
2023-06-14T02:00:00,0.0
2023-06-14T03:00:00,0.0
2023-06-14T04:00:00,0.0
2023-06-14T05:00:00,0.0
2023-06-14T06:00:00,2.9
2023-06-14T07:00:00,52.42
2023-06-14T08:00:00,146.02
2023-06-14T09:00:00,281.33
2023-06-14T10:00:00,308.38
2023-06-14T11:00:00,313.75
2023-06-14T12:00:00,279.7
2023-06-14T13:00:00,211.65
2023-06-14T14:00:00,150.77
2023-06-14T15:00:00,111.28
2023-06-14T16:00:00,51.35
2023-06-14T17:00:00,5.7
2023-06-14T18:00:00,0.0
2023-06-14T19:00:00,0.0
2023-06-14T20:00:00,0.0
2023-06-14T21:00:00,0.0
2023-06-14T22:00:00,0.0
2023-06-14T23:00:00,0.0
2023-06-15T00:00:00,0.0
2023-06-15T01:00:00,0.0
2023-06-15T02:00:00,0.0
2023-06-15T03:00:00,0.0
2023-06-15T04:00:00,0.0
2023-06-15T05:00:00,0.0
2023-06-15T06:00:00,2.83
2023-06-15T07:00:00,53.62
2023-06-15T08:00:00,131.3
2023-06-15T09:00:00,194.07
2023-06-15T10:00:00,224.12
2023-06-15T11:00:00,238.98
2023-06-15T12:00:00,235.2
2023-06-15T13:00:00,227.52
2023-06-15T14:00:00,198.93
2023-06-15T15:00:00,131.27
2023-06-15T16:00:00,62.38
2023-06-15T17:00:00,6.2
2023-06-15T18:00:00,0.0
2023-06-15T19:00:00,0.0
2023-06-15T20:00:00,0.0
2023-06-15T21:00:00,0.0
2023-06-15T22:00:00,0.0
2023-06-15T23:00:00,0.0
2023-06-16T00:00:00,0.0
2023-06-16T01:00:00,0.0
2023-06-16T02:00:00,0.0
2023-06-16T03:00:00,0.0
2023-06-16T04:00:00,0.0
2023-06-16T05:00:00,0.0
2023-06-16T06:00:00,3.9
2023-06-16T07:00:00,95.12
2023-06-16T08:00:00,228.88
2023-06-16T09:00:00,341.52
2023-06-16T10:00:00,473.2
2023-06-16T11:00:00,433.25
2023-06-16T12:00:00,353.88
2023-06-16T13:00:00,238.25
2023-06-16T14:00:00,204.05
2023-06-16T15:00:00,137.8
2023-06-16T16:00:00,64.15
2023-06-16T17:00:00,6.5
2023-06-16T18:00:00,0.0
2023-06-16T19:00:00,0.0
2023-06-16T20:00:00,0.0
2023-06-16T21:00:00,0.0
2023-06-16T22:00:00,0.0
2023-06-16T23:00:00,0.0
2023-06-17T00:00:00,0.0
2023-06-17T01:00:00,0.0
2023-06-17T02:00:00,0.0
2023-06-17T03:00:00,0.0
2023-06-17T04:00:00,0.0
2023-06-17T05:00:00,0.0
2023-06-17T06:00:00,2.9
2023-06-17T07:00:00,54.7
2023-06-17T08:00:00,141.7
2023-06-17T09:00:00,224.0
2023-06-17T10:00:00,290.65
2023-06-17T11:00:00,366.08
2023-06-17T12:00:00,421.15
2023-06-17T13:00:00,432.62
2023-06-17T14:00:00,358.75
2023-06-17T15:00:00,221.65
2023-06-17T16:00:00,111.7
2023-06-17T17:00:00,11.15
2023-06-17T18:00:00,0.0
2023-06-17T19:00:00,0.0
2023-06-17T20:00:00,0.0
2023-06-17T21:00:00,0.0
2023-06-17T22:00:00,0.0
2023-06-17T23:00:00,0.0
2023-06-18T00:00:00,0.0
2023-06-18T01:00:00,0.0
2023-06-18T02:00:00,0.0
2023-06-18T03:00:00,0.0
2023-06-18T04:00:00,0.0
2023-06-18T05:00:00,0.0
2023-06-18T06:00:00,3.22
2023-06-18T07:00:00,76.4
2023-06-18T08:00:00,207.85
2023-06-18T09:00:00,332.95
2023-06-18T10:00:00,485.05
2023-06-18T11:00:00,668.92
2023-06-18T12:00:00,663.53
2023-06-18T13:00:00,608.62
2023-06-18T14:00:00,498.05
2023-06-18T15:00:00,349.05
2023-06-18T16:00:00,162.5
2023-06-18T17:00:00,15.1
2023-06-18T18:00:00,0.0
2023-06-18T19:00:00,0.0
2023-06-18T20:00:00,0.0
2023-06-18T21:00:00,0.0
2023-06-18T22:00:00,0.0
2023-06-18T23:00:00,0.0
2023-06-19T00:00:00,0.0
2023-06-19T01:00:00,0.0
2023-06-19T02:00:00,0.0
2023-06-19T03:00:00,0.0
2023-06-19T04:00:00,0.0
2023-06-19T05:00:00,0.0
2023-06-19T06:00:00,4.07
2023-06-19T07:00:00,114.07
2023-06-19T08:00:00,303.95
2023-06-19T09:00:00,478.8
2023-06-19T10:00:00,551.45
2023-06-19T11:00:00,599.72
2023-06-19T12:00:00,475.92
2023-06-19T13:00:00,527.1
2023-06-19T14:00:00,375.75
2023-06-19T15:00:00,264.52
2023-06-19T16:00:00,126.05
2023-06-19T17:00:00,12.8
2023-06-19T18:00:00,0.0
2023-06-19T19:00:00,0.0
2023-06-19T20:00:00,0.0
2023-06-19T21:00:00,0.0
2023-06-19T22:00:00,0.0
2023-06-19T23:00:00,0.0
2023-06-20T00:00:00,0.0
2023-06-20T01:00:00,0.0
2023-06-20T02:00:00,0.0
2023-06-20T03:00:00,0.0
2023-06-20T04:00:00,0.0
2023-06-20T05:00:00,0.0
2023-06-20T06:00:00,3.5
2023-06-20T07:00:00,95.1
2023-06-20T08:00:00,250.77
2023-06-20T09:00:00,395.88
2023-06-20T10:00:00,524.47
2023-06-20T11:00:00,565.28
2023-06-20T12:00:00,522.03
2023-06-20T13:00:00,446.95
2023-06-20T14:00:00,390.05
2023-06-20T15:00:00,231.75
2023-06-20T16:00:00,106.28
2023-06-20T17:00:00,9.8
2023-06-20T18:00:00,0.0
2023-06-20T19:00:00,0.0
2023-06-20T20:00:00,0.0
2023-06-20T21:00:00,0.0
2023-06-20T22:00:00,0.0
2023-06-20T23:00:00,0.0
2023-06-21T00:00:00,0.0
2023-06-21T01:00:00,0.0
2023-06-21T02:00:00,0.0
2023-06-21T03:00:00,0.0
2023-06-21T04:00:00,0.0
2023-06-21T05:00:00,0.0
2023-06-21T06:00:00,2.9
2023-06-21T07:00:00,85.2
2023-06-21T08:00:00,222.45
2023-06-21T09:00:00,414.73
2023-06-21T10:00:00,440.23
2023-06-21T11:00:00,481.15
2023-06-21T12:00:00,442.08
2023-06-21T13:00:00,368.15
2023-06-21T14:00:00,331.55
2023-06-21T15:00:00,207.35
2023-06-21T16:00:00,87.95
2023-06-21T17:00:00,8.45
2023-06-21T18:00:00,0.0
2023-06-21T19:00:00,0.0
2023-06-21T20:00:00,0.0
2023-06-21T21:00:00,0.0
2023-06-21T22:00:00,0.0
2023-06-21T23:00:00,0.0
2023-06-22T00:00:00,0.0
2023-06-22T01:00:00,0.0
2023-06-22T02:00:00,0.0
2023-06-22T03:00:00,0.0
2023-06-22T04:00:00,0.0
2023-06-22T05:00:00,0.0
2023-06-22T06:00:00,3.35
2023-06-22T07:00:00,96.25
2023-06-22T08:00:00,264.67
2023-06-22T09:00:00,418.7
2023-06-22T10:00:00,569.4
2023-06-22T11:00:00,644.25
2023-06-22T12:00:00,601.4
2023-06-22T13:00:00,582.03
2023-06-22T14:00:00,456.85
2023-06-22T15:00:00,274.33
2023-06-22T16:00:00,130.8
2023-06-22T17:00:00,11.23
2023-06-22T18:00:00,0.0
2023-06-22T19:00:00,0.0
2023-06-22T20:00:00,0.0
2023-06-22T21:00:00,0.0
2023-06-22T22:00:00,0.0
2023-06-22T23:00:00,0.0
2023-06-23T00:00:00,0.0
2023-06-23T01:00:00,0.0
2023-06-23T02:00:00,0.0
2023-06-23T03:00:00,0.0
2023-06-23T04:00:00,0.0
2023-06-23T05:00:00,0.0
2023-06-23T06:00:00,3.5
2023-06-23T07:00:00,105.75
2023-06-23T08:00:00,286.9
2023-06-23T09:00:00,472.98
2023-06-23T10:00:00,605.12
2023-06-23T11:00:00,671.67
2023-06-23T12:00:00,696.4
2023-06-23T13:00:00,632.58
2023-06-23T14:00:00,529.65
2023-06-23T15:00:00,361.9
2023-06-23T16:00:00,168.62
2023-06-23T17:00:00,15.3
2023-06-23T18:00:00,0.0
2023-06-23T19:00:00,0.0
2023-06-23T20:00:00,0.0
2023-06-23T21:00:00,0.0
2023-06-23T22:00:00,0.0
2023-06-23T23:00:00,0.0
2023-06-24T00:00:00,0.0
2023-06-24T01:00:00,0.0
2023-06-24T02:00:00,0.0
2023-06-24T03:00:00,0.0
2023-06-24T04:00:00,0.0
2023-06-24T05:00:00,0.0
2023-06-24T06:00:00,3.75
2023-06-24T07:00:00,108.75
2023-06-24T08:00:00,285.7
2023-06-24T09:00:00,454.5
2023-06-24T10:00:00,608.97
2023-06-24T11:00:00,676.58
2023-06-24T12:00:00,610.03
2023-06-24T13:00:00,550.22
2023-06-24T14:00:00,412.3
2023-06-24T15:00:00,276.9
2023-06-24T16:00:00,117.97
2023-06-24T17:00:00,12.48
2023-06-24T18:00:00,0.0
2023-06-24T19:00:00,0.0
2023-06-24T20:00:00,0.0
2023-06-24T21:00:00,0.0
2023-06-24T22:00:00,0.0
2023-06-24T23:00:00,0.0
2023-06-25T00:00:00,0.0
2023-06-25T01:00:00,0.0
2023-06-25T02:00:00,0.0
2023-06-25T03:00:00,0.0
2023-06-25T04:00:00,0.0
2023-06-25T05:00:00,0.0
2023-06-25T06:00:00,4.0
2023-06-25T07:00:00,125.9
2023-06-25T08:00:00,332.4
2023-06-25T09:00:00,515.0
2023-06-25T10:00:00,643.55
2023-06-25T11:00:00,713.25
2023-06-25T12:00:00,707.78
2023-06-25T13:00:00,648.17
2023-06-25T14:00:00,511.75
2023-06-25T15:00:00,347.2
2023-06-25T16:00:00,166.48
2023-06-25T17:00:00,16.7
2023-06-25T18:00:00,0.0
2023-06-25T19:00:00,0.0
2023-06-25T20:00:00,0.0
2023-06-25T21:00:00,0.0
2023-06-25T22:00:00,0.0
2023-06-25T23:00:00,0.0
2023-06-26T00:00:00,0.0
2023-06-26T01:00:00,0.0
2023-06-26T02:00:00,0.0
2023-06-26T03:00:00,0.0
2023-06-26T04:00:00,0.0
2023-06-26T05:00:00,0.0
2023-06-26T06:00:00,3.22
2023-06-26T07:00:00,114.05
2023-06-26T08:00:00,305.02
2023-06-26T09:00:00,493.1
2023-06-26T10:00:00,651.0
2023-06-26T11:00:00,727.22
2023-06-26T12:00:00,734.67
2023-06-26T13:00:00,650.45
2023-06-26T14:00:00,544.78
2023-06-26T15:00:00,367.45
2023-06-26T16:00:00,175.23
2023-06-26T17:00:00,16.6
2023-06-26T18:00:00,0.0
2023-06-26T19:00:00,0.0
2023-06-26T20:00:00,0.0
2023-06-26T21:00:00,0.0
2023-06-26T22:00:00,0.0
2023-06-26T23:00:00,0.0
2023-06-27T00:00:00,0.0
2023-06-27T01:00:00,0.0
2023-06-27T02:00:00,0.0
2023-06-27T03:00:00,0.0
2023-06-27T04:00:00,0.0
2023-06-27T05:00:00,0.0
2023-06-27T06:00:00,0.0
2023-06-27T07:00:00,102.15
2023-06-27T08:00:00,262.25
2023-06-27T09:00:00,428.33
2023-06-27T10:00:00,506.48
2023-06-27T11:00:00,458.92
2023-06-27T12:00:00,417.05
2023-06-27T13:00:00,509.75
2023-06-27T14:00:00,477.45
2023-06-27T15:00:00,303.55
2023-06-27T16:00:00,144.9
2023-06-27T17:00:00,14.12
2023-06-27T18:00:00,0.0
2023-06-27T19:00:00,0.0
2023-06-27T20:00:00,0.0
2023-06-27T21:00:00,0.0
2023-06-27T22:00:00,0.0
2023-06-27T23:00:00,0.0
2023-06-28T00:00:00,0.0
2023-06-28T01:00:00,0.0
2023-06-28T02:00:00,0.0
2023-06-28T03:00:00,0.0
2023-06-28T04:00:00,0.0
2023-06-28T05:00:00,0.0
2023-06-28T06:00:00,0.0
2023-06-28T07:00:00,126.97
2023-06-28T08:00:00,323.23
2023-06-28T09:00:00,513.1
2023-06-28T10:00:00,648.55
2023-06-28T11:00:00,717.4
2023-06-28T12:00:00,726.3
2023-06-28T13:00:00,653.8
2023-06-28T14:00:00,487.85
2023-06-28T15:00:00,309.0
2023-06-28T16:00:00,144.52
2023-06-28T17:00:00,13.52
2023-06-28T18:00:00,0.0
2023-06-28T19:00:00,0.0
2023-06-28T20:00:00,0.0
2023-06-28T21:00:00,0.0
2023-06-28T22:00:00,0.0
2023-06-28T23:00:00,0.0
2023-06-29T00:00:00,0.0
2023-06-29T01:00:00,0.0
2023-06-29T02:00:00,0.0
2023-06-29T03:00:00,0.0
2023-06-29T04:00:00,0.0
2023-06-29T05:00:00,0.0
2023-06-29T06:00:00,0.0
2023-06-29T07:00:00,117.93
2023-06-29T08:00:00,283.45
2023-06-29T09:00:00,473.62
2023-06-29T10:00:00,624.05
2023-06-29T11:00:00,698.3
2023-06-29T12:00:00,678.9
2023-06-29T13:00:00,652.85
2023-06-29T14:00:00,515.05
2023-06-29T15:00:00,366.55
2023-06-29T16:00:00,162.18
2023-06-29T17:00:00,14.45
2023-06-29T18:00:00,0.0
2023-06-29T19:00:00,0.0
2023-06-29T20:00:00,0.0
2023-06-29T21:00:00,0.0
2023-06-29T22:00:00,0.0
2023-06-29T23:00:00,0.0
2023-06-30T00:00:00,0.0
2023-06-30T01:00:00,0.0
2023-06-30T02:00:00,0.0
2023-06-30T03:00:00,0.0
2023-06-30T04:00:00,0.0
2023-06-30T05:00:00,0.0
2023-06-30T06:00:00,0.0
2023-06-30T07:00:00,120.25
2023-06-30T08:00:00,309.58
2023-06-30T09:00:00,493.92
2023-06-30T10:00:00,608.53
2023-06-30T11:00:00,662.85
2023-06-30T12:00:00,677.95
2023-06-30T13:00:00,616.35
2023-06-30T14:00:00,505.98
2023-06-30T15:00:00,328.05
2023-06-30T16:00:00,152.8
2023-06-30T17:00:00,15.52
2023-06-30T18:00:00,0.0
2023-06-30T19:00:00,0.0
2023-06-30T20:00:00,0.0
2023-06-30T21:00:00,0.0
2023-06-30T22:00:00,0.0
2023-06-30T23:00:00,0.0
2023-07-01T00:00:00,0.0
2023-07-01T01:00:00,0.0
2023-07-01T02:00:00,0.0
2023-07-01T03:00:00,0.0
2023-07-01T04:00:00,0.0
2023-07-01T05:00:00,0.0
2023-07-01T06:00:00,0.0
2023-07-01T07:00:00,117.0
2023-07-01T08:00:00,275.45
2023-07-01T09:00:00,512.0
2023-07-01T10:00:00,643.38
2023-07-01T11:00:00,702.1
2023-07-01T12:00:00,707.65
2023-07-01T13:00:00,666.5
2023-07-01T14:00:00,555.8
2023-07-01T15:00:00,393.55
2023-07-01T16:00:00,194.75
2023-07-01T17:00:00,19.0
2023-07-01T18:00:00,0.0
2023-07-01T19:00:00,0.0
2023-07-01T20:00:00,0.0
2023-07-01T21:00:00,0.0
2023-07-01T22:00:00,0.0
2023-07-01T23:00:00,0.0
2023-07-02T00:00:00,0.0
2023-07-02T01:00:00,0.0
2023-07-02T02:00:00,0.0
2023-07-02T03:00:00,0.0
2023-07-02T04:00:00,0.0
2023-07-02T05:00:00,0.0
2023-07-02T06:00:00,0.0
2023-07-02T07:00:00,121.68
2023-07-02T08:00:00,294.58
2023-07-02T09:00:00,456.35
2023-07-02T10:00:00,606.45
2023-07-02T11:00:00,681.38
2023-07-02T12:00:00,651.15
2023-07-02T13:00:00,532.95
2023-07-02T14:00:00,452.92
2023-07-02T15:00:00,299.02
2023-07-02T16:00:00,133.32
2023-07-02T17:00:00,12.75
2023-07-02T18:00:00,0.0
2023-07-02T19:00:00,0.0
2023-07-02T20:00:00,0.0
2023-07-02T21:00:00,0.0
2023-07-02T22:00:00,0.0
2023-07-02T23:00:00,0.0
2023-07-03T00:00:00,0.0
2023-07-03T01:00:00,0.0
2023-07-03T02:00:00,0.0
2023-07-03T03:00:00,0.0
2023-07-03T04:00:00,0.0
2023-07-03T05:00:00,0.0
2023-07-03T06:00:00,0.0
2023-07-03T07:00:00,64.4
2023-07-03T08:00:00,147.55
2023-07-03T09:00:00,233.85
2023-07-03T10:00:00,309.2
2023-07-03T11:00:00,383.6
2023-07-03T12:00:00,399.12
2023-07-03T13:00:00,424.0
2023-07-03T14:00:00,277.55
2023-07-03T15:00:00,179.55
2023-07-03T16:00:00,84.57
2023-07-03T17:00:00,9.7
2023-07-03T18:00:00,0.0
2023-07-03T19:00:00,0.0
2023-07-03T20:00:00,0.0
2023-07-03T21:00:00,0.0
2023-07-03T22:00:00,0.0
2023-07-03T23:00:00,0.0
2023-07-04T00:00:00,0.0
2023-07-04T01:00:00,0.0
2023-07-04T02:00:00,0.0
2023-07-04T03:00:00,0.0
2023-07-04T04:00:00,0.0
2023-07-04T05:00:00,0.0
2023-07-04T06:00:00,0.0
2023-07-04T07:00:00,83.78
2023-07-04T08:00:00,223.05
2023-07-04T09:00:00,376.73
2023-07-04T10:00:00,483.48
2023-07-04T11:00:00,554.85
2023-07-04T12:00:00,615.78
2023-07-04T13:00:00,470.15
2023-07-04T14:00:00,398.85
2023-07-04T15:00:00,240.95
2023-07-04T16:00:00,100.95
2023-07-04T17:00:00,12.18
2023-07-04T18:00:00,0.0
2023-07-04T19:00:00,0.0
2023-07-04T20:00:00,0.0
2023-07-04T21:00:00,0.0
2023-07-04T22:00:00,0.0
2023-07-04T23:00:00,0.0
2023-07-05T00:00:00,0.0
2023-07-05T01:00:00,0.0
2023-07-05T02:00:00,0.0
2023-07-05T03:00:00,0.0
2023-07-05T04:00:00,0.0
2023-07-05T05:00:00,0.0
2023-07-05T06:00:00,0.0
2023-07-05T07:00:00,81.62
2023-07-05T08:00:00,200.93
2023-07-05T09:00:00,316.23
2023-07-05T10:00:00,463.45
2023-07-05T11:00:00,565.12
2023-07-05T12:00:00,604.97
2023-07-05T13:00:00,581.33
2023-07-05T14:00:00,467.8
2023-07-05T15:00:00,325.33
2023-07-05T16:00:00,153.23
2023-07-05T17:00:00,16.98
2023-07-05T18:00:00,0.0
2023-07-05T19:00:00,0.0
2023-07-05T20:00:00,0.0
2023-07-05T21:00:00,0.0
2023-07-05T22:00:00,0.0
2023-07-05T23:00:00,0.0
2023-07-06T00:00:00,0.0
2023-07-06T01:00:00,0.0
2023-07-06T02:00:00,0.0
2023-07-06T03:00:00,0.0
2023-07-06T04:00:00,0.0
2023-07-06T05:00:00,0.0
2023-07-06T06:00:00,0.0
2023-07-06T07:00:00,113.4
2023-07-06T08:00:00,273.52
2023-07-06T09:00:00,455.27
2023-07-06T10:00:00,580.42
2023-07-06T11:00:00,651.53
2023-07-06T12:00:00,670.88
2023-07-06T13:00:00,586.47
2023-07-06T14:00:00,476.75
2023-07-06T15:00:00,329.83
2023-07-06T16:00:00,160.1
2023-07-06T17:00:00,18.25
2023-07-06T18:00:00,0.0
2023-07-06T19:00:00,0.0
2023-07-06T20:00:00,0.0
2023-07-06T21:00:00,0.0
2023-07-06T22:00:00,0.0
2023-07-06T23:00:00,0.0
2023-07-07T00:00:00,0.0
2023-07-07T01:00:00,0.0
2023-07-07T02:00:00,0.0
2023-07-07T03:00:00,0.0
2023-07-07T04:00:00,0.0
2023-07-07T05:00:00,0.0
2023-07-07T06:00:00,0.0
2023-07-07T07:00:00,107.85
2023-07-07T08:00:00,253.23
2023-07-07T09:00:00,402.15
2023-07-07T10:00:00,513.83
2023-07-07T11:00:00,566.92
2023-07-07T12:00:00,623.35
2023-07-07T13:00:00,578.85
2023-07-07T14:00:00,491.1
2023-07-07T15:00:00,340.25
2023-07-07T16:00:00,170.27
2023-07-07T17:00:00,19.25
2023-07-07T18:00:00,0.0
2023-07-07T19:00:00,0.0
2023-07-07T20:00:00,0.0
2023-07-07T21:00:00,0.0
2023-07-07T22:00:00,0.0
2023-07-07T23:00:00,0.0
2023-07-08T00:00:00,0.0
2023-07-08T01:00:00,0.0
2023-07-08T02:00:00,0.0
2023-07-08T03:00:00,0.0
2023-07-08T04:00:00,0.0
2023-07-08T05:00:00,0.0
2023-07-08T06:00:00,0.0
2023-07-08T07:00:00,110.47
2023-07-08T08:00:00,235.95
2023-07-08T09:00:00,360.02
2023-07-08T10:00:00,474.55
2023-07-08T11:00:00,560.83
2023-07-08T12:00:00,626.17
2023-07-08T13:00:00,607.88
2023-07-08T14:00:00,524.22
2023-07-08T15:00:00,367.73
2023-07-08T16:00:00,181.18
2023-07-08T17:00:00,20.62
2023-07-08T18:00:00,0.0
2023-07-08T19:00:00,0.0
2023-07-08T20:00:00,0.0
2023-07-08T21:00:00,0.0
2023-07-08T22:00:00,0.0
2023-07-08T23:00:00,0.0
2023-07-09T00:00:00,0.0
2023-07-09T01:00:00,0.0
2023-07-09T02:00:00,0.0
2023-07-09T03:00:00,0.0
2023-07-09T04:00:00,0.0
2023-07-09T05:00:00,0.0
2023-07-09T06:00:00,0.0
2023-07-09T07:00:00,118.15
2023-07-09T08:00:00,289.77
2023-07-09T09:00:00,452.0
2023-07-09T10:00:00,596.28
2023-07-09T11:00:00,655.8
2023-07-09T12:00:00,684.0
2023-07-09T13:00:00,628.5
2023-07-09T14:00:00,531.55
2023-07-09T15:00:00,370.48
2023-07-09T16:00:00,182.55
2023-07-09T17:00:00,20.62
2023-07-09T18:00:00,0.0
2023-07-09T19:00:00,0.0
2023-07-09T20:00:00,0.0
2023-07-09T21:00:00,0.0
2023-07-09T22:00:00,0.0
2023-07-09T23:00:00,0.0
2023-07-10T00:00:00,0.0
2023-07-10T01:00:00,0.0
2023-07-10T02:00:00,0.0
2023-07-10T03:00:00,0.0
2023-07-10T04:00:00,0.0
2023-07-10T05:00:00,0.0
2023-07-10T06:00:00,0.0
2023-07-10T07:00:00,119.12
2023-07-10T08:00:00,287.62
2023-07-10T09:00:00,449.27
2023-07-10T10:00:00,566.03
2023-07-10T11:00:00,645.7
2023-07-10T12:00:00,620.7
2023-07-10T13:00:00,554.45
2023-07-10T14:00:00,469.42
2023-07-10T15:00:00,289.3
2023-07-10T16:00:00,142.8
2023-07-10T17:00:00,16.48
2023-07-10T18:00:00,0.0
2023-07-10T19:00:00,0.0
2023-07-10T20:00:00,0.0
2023-07-10T21:00:00,0.0
2023-07-10T22:00:00,0.0
2023-07-10T23:00:00,0.0
2023-07-11T00:00:00,0.0
2023-07-11T01:00:00,0.0
2023-07-11T02:00:00,0.0
2023-07-11T03:00:00,0.0
2023-07-11T04:00:00,0.0
2023-07-11T05:00:00,0.0
2023-07-11T06:00:00,0.0
2023-07-11T07:00:00,82.78
2023-07-11T08:00:00,204.43
2023-07-11T09:00:00,336.35
2023-07-11T10:00:00,466.95
2023-07-11T11:00:00,490.48
2023-07-11T12:00:00,495.6
2023-07-11T13:00:00,450.73
2023-07-11T14:00:00,389.98
2023-07-11T15:00:00,271.83
2023-07-11T16:00:00,135.18
2023-07-11T17:00:00,16.2
2023-07-11T18:00:00,0.0
2023-07-11T19:00:00,0.0
2023-07-11T20:00:00,0.0
2023-07-11T21:00:00,0.0
2023-07-11T22:00:00,0.0
2023-07-11T23:00:00,0.0
2023-07-12T00:00:00,0.0
2023-07-12T01:00:00,0.0
2023-07-12T02:00:00,0.0
2023-07-12T03:00:00,0.0
2023-07-12T04:00:00,0.0
2023-07-12T05:00:00,0.0
2023-07-12T06:00:00,0.0
2023-07-12T07:00:00,94.07
2023-07-12T08:00:00,219.12
2023-07-12T09:00:00,402.55
2023-07-12T10:00:00,546.92
2023-07-12T11:00:00,569.72
2023-07-12T12:00:00,540.67
2023-07-12T13:00:00,456.9
2023-07-12T14:00:00,330.05
2023-07-12T15:00:00,218.45
2023-07-12T16:00:00,103.18
2023-07-12T17:00:00,10.57
2023-07-12T18:00:00,0.0
2023-07-12T19:00:00,0.0
2023-07-12T20:00:00,0.0
2023-07-12T21:00:00,0.0
2023-07-12T22:00:00,0.0
2023-07-12T23:00:00,0.0
2023-07-13T00:00:00,0.0
2023-07-13T01:00:00,0.0
2023-07-13T02:00:00,0.0
2023-07-13T03:00:00,0.0
2023-07-13T04:00:00,0.0
2023-07-13T05:00:00,0.0
2023-07-13T06:00:00,0.0
2023-07-13T07:00:00,64.68
2023-07-13T08:00:00,153.93
2023-07-13T09:00:00,247.77
2023-07-13T10:00:00,351.2
2023-07-13T11:00:00,467.38
2023-07-13T12:00:00,491.9
2023-07-13T13:00:00,511.52
2023-07-13T14:00:00,351.88
2023-07-13T15:00:00,224.68
2023-07-13T16:00:00,115.03
2023-07-13T17:00:00,14.5
2023-07-13T18:00:00,0.0
2023-07-13T19:00:00,0.0
2023-07-13T20:00:00,0.0
2023-07-13T21:00:00,0.0
2023-07-13T22:00:00,0.0
2023-07-13T23:00:00,0.0
2023-07-14T00:00:00,0.0
2023-07-14T01:00:00,0.0
2023-07-14T02:00:00,0.0
2023-07-14T03:00:00,0.0
2023-07-14T04:00:00,0.0
2023-07-14T05:00:00,0.0
2023-07-14T06:00:00,0.0
2023-07-14T07:00:00,39.72
2023-07-14T08:00:00,109.55
2023-07-14T09:00:00,182.1
2023-07-14T10:00:00,166.7
2023-07-14T11:00:00,257.12
2023-07-14T12:00:00,182.73
2023-07-14T13:00:00,158.1
2023-07-14T14:00:00,125.8
2023-07-14T15:00:00,89.1
2023-07-14T16:00:00,47.67
2023-07-14T17:00:00,6.8
2023-07-14T18:00:00,0.0
2023-07-14T19:00:00,0.0
2023-07-14T20:00:00,0.0
2023-07-14T21:00:00,0.0
2023-07-14T22:00:00,0.0
2023-07-14T23:00:00,0.0
2023-07-15T00:00:00,0.0
2023-07-15T01:00:00,0.0
2023-07-15T02:00:00,0.0
2023-07-15T03:00:00,0.0
2023-07-15T04:00:00,0.0
2023-07-15T05:00:00,0.0
2023-07-15T06:00:00,0.0
2023-07-15T07:00:00,29.35
2023-07-15T08:00:00,65.7
2023-07-15T09:00:00,102.75
2023-07-15T10:00:00,170.6
2023-07-15T11:00:00,166.75
2023-07-15T12:00:00,106.15
2023-07-15T13:00:00,113.6
2023-07-15T14:00:00,79.75
2023-07-15T15:00:00,71.82
2023-07-15T16:00:00,35.35
2023-07-15T17:00:00,5.47
2023-07-15T18:00:00,0.0
2023-07-15T19:00:00,0.0
2023-07-15T20:00:00,0.0
2023-07-15T21:00:00,0.0
2023-07-15T22:00:00,0.0
2023-07-15T23:00:00,0.0
2023-07-16T00:00:00,0.0
2023-07-16T01:00:00,0.0
2023-07-16T02:00:00,0.0
2023-07-16T03:00:00,0.0
2023-07-16T04:00:00,0.0
2023-07-16T05:00:00,0.0
2023-07-16T06:00:00,0.0
2023-07-16T07:00:00,33.58
2023-07-16T08:00:00,78.88
2023-07-16T09:00:00,104.35
2023-07-16T10:00:00,160.5
2023-07-16T11:00:00,157.52
2023-07-16T12:00:00,197.18
2023-07-16T13:00:00,228.0
2023-07-16T14:00:00,168.6
2023-07-16T15:00:00,131.27
2023-07-16T16:00:00,66.45
2023-07-16T17:00:00,9.12
2023-07-16T18:00:00,0.0
2023-07-16T19:00:00,0.0
2023-07-16T20:00:00,0.0
2023-07-16T21:00:00,0.0
2023-07-16T22:00:00,0.0
2023-07-16T23:00:00,0.0
2023-07-17T00:00:00,0.0
2023-07-17T01:00:00,0.0
2023-07-17T02:00:00,0.0
2023-07-17T03:00:00,0.0
2023-07-17T04:00:00,0.0
2023-07-17T05:00:00,0.0
2023-07-17T06:00:00,2.0
2023-07-17T07:00:00,58.33
2023-07-17T08:00:00,165.15
2023-07-17T09:00:00,272.83
2023-07-17T10:00:00,346.73
2023-07-17T11:00:00,343.83
2023-07-17T12:00:00,422.08
2023-07-17T13:00:00,394.15
2023-07-17T14:00:00,293.95
2023-07-17T15:00:00,197.23
2023-07-17T16:00:00,91.15
2023-07-17T17:00:00,11.85
2023-07-17T18:00:00,0.0
2023-07-17T19:00:00,0.0
2023-07-17T20:00:00,0.0
2023-07-17T21:00:00,0.0
2023-07-17T22:00:00,0.0
2023-07-17T23:00:00,0.0
2023-07-18T00:00:00,0.0
2023-07-18T01:00:00,0.0
2023-07-18T02:00:00,0.0
2023-07-18T03:00:00,0.0
2023-07-18T04:00:00,0.0
2023-07-18T05:00:00,0.0
2023-07-18T06:00:00,2.78
2023-07-18T07:00:00,72.7
2023-07-18T08:00:00,198.77
2023-07-18T09:00:00,325.55
2023-07-18T10:00:00,444.3
2023-07-18T11:00:00,487.02
2023-07-18T12:00:00,517.22
2023-07-18T13:00:00,544.35
2023-07-18T14:00:00,272.5
2023-07-18T15:00:00,198.07
2023-07-18T16:00:00,99.25
2023-07-18T17:00:00,14.05
2023-07-18T18:00:00,0.0
2023-07-18T19:00:00,0.0
2023-07-18T20:00:00,0.0
2023-07-18T21:00:00,0.0
2023-07-18T22:00:00,0.0
2023-07-18T23:00:00,0.0
2023-07-19T00:00:00,0.0
2023-07-19T01:00:00,0.0
2023-07-19T02:00:00,0.0
2023-07-19T03:00:00,0.0
2023-07-19T04:00:00,0.0
2023-07-19T05:00:00,0.0
2023-07-19T06:00:00,2.88
2023-07-19T07:00:00,77.85
2023-07-19T08:00:00,208.02
2023-07-19T09:00:00,332.3
2023-07-19T10:00:00,454.52
2023-07-19T11:00:00,426.75
2023-07-19T12:00:00,456.5
2023-07-19T13:00:00,469.55
2023-07-19T14:00:00,326.4
2023-07-19T15:00:00,220.1
2023-07-19T16:00:00,101.2
2023-07-19T17:00:00,11.38
2023-07-19T18:00:00,0.0
2023-07-19T19:00:00,0.0
2023-07-19T20:00:00,0.0
2023-07-19T21:00:00,0.0
2023-07-19T22:00:00,0.0
2023-07-19T23:00:00,0.0
2023-07-20T00:00:00,0.0
2023-07-20T01:00:00,0.0
2023-07-20T02:00:00,0.0
2023-07-20T03:00:00,0.0
2023-07-20T04:00:00,0.0
2023-07-20T05:00:00,0.0
2023-07-20T06:00:00,2.03
2023-07-20T07:00:00,57.08
2023-07-20T08:00:00,152.07
2023-07-20T09:00:00,288.3
2023-07-20T10:00:00,329.67
2023-07-20T11:00:00,356.67
2023-07-20T12:00:00,478.98
2023-07-20T13:00:00,347.83
2023-07-20T14:00:00,238.45
2023-07-20T15:00:00,166.8
2023-07-20T16:00:00,93.28
2023-07-20T17:00:00,8.52
2023-07-20T18:00:00,0.0
2023-07-20T19:00:00,0.0
2023-07-20T20:00:00,0.0
2023-07-20T21:00:00,0.0
2023-07-20T22:00:00,0.0
2023-07-20T23:00:00,0.0
2023-07-21T00:00:00,0.0
2023-07-21T01:00:00,0.0
2023-07-21T02:00:00,0.0
2023-07-21T03:00:00,0.0
2023-07-21T04:00:00,0.0
2023-07-21T05:00:00,0.0
2023-07-21T06:00:00,2.75
2023-07-21T07:00:00,77.57
2023-07-21T08:00:00,243.68
2023-07-21T09:00:00,399.52
2023-07-21T10:00:00,485.08
2023-07-21T11:00:00,604.75
2023-07-21T12:00:00,652.95
2023-07-21T13:00:00,600.22
2023-07-21T14:00:00,498.73
2023-07-21T15:00:00,366.62
2023-07-21T16:00:00,184.77
2023-07-21T17:00:00,26.55
2023-07-21T18:00:00,0.0
2023-07-21T19:00:00,0.0
2023-07-21T20:00:00,0.0
2023-07-21T21:00:00,0.0
2023-07-21T22:00:00,0.0
2023-07-21T23:00:00,0.0
2023-07-22T00:00:00,0.0
2023-07-22T01:00:00,0.0
2023-07-22T02:00:00,0.0
2023-07-22T03:00:00,0.0
2023-07-22T04:00:00,0.0
2023-07-22T05:00:00,0.0
2023-07-22T06:00:00,3.75
2023-07-22T07:00:00,98.62
2023-07-22T08:00:00,248.85
2023-07-22T09:00:00,396.95
2023-07-22T10:00:00,478.92
2023-07-22T11:00:00,505.15
2023-07-22T12:00:00,451.67
2023-07-22T13:00:00,328.1
2023-07-22T14:00:00,292.08
2023-07-22T15:00:00,209.1
2023-07-22T16:00:00,111.95
2023-07-22T17:00:00,19.58
2023-07-22T18:00:00,0.0
2023-07-22T19:00:00,0.0
2023-07-22T20:00:00,0.0
2023-07-22T21:00:00,0.0
2023-07-22T22:00:00,0.0
2023-07-22T23:00:00,0.0
2023-07-23T00:00:00,0.0
2023-07-23T01:00:00,0.0
2023-07-23T02:00:00,0.0
2023-07-23T03:00:00,0.0
2023-07-23T04:00:00,0.0
2023-07-23T05:00:00,0.0
2023-07-23T06:00:00,4.25
2023-07-23T07:00:00,122.93
2023-07-23T08:00:00,320.83
2023-07-23T09:00:00,497.58
2023-07-23T10:00:00,656.33
2023-07-23T11:00:00,733.12
2023-07-23T12:00:00,746.3
2023-07-23T13:00:00,660.15
2023-07-23T14:00:00,514.0
2023-07-23T15:00:00,353.92
2023-07-23T16:00:00,180.5
2023-07-23T17:00:00,20.83
2023-07-23T18:00:00,0.0
2023-07-23T19:00:00,0.0
2023-07-23T20:00:00,0.0
2023-07-23T21:00:00,0.0
2023-07-23T22:00:00,0.0
2023-07-23T23:00:00,0.0
2023-07-24T00:00:00,0.0
2023-07-24T01:00:00,0.0
2023-07-24T02:00:00,0.0
2023-07-24T03:00:00,0.0
2023-07-24T04:00:00,0.0
2023-07-24T05:00:00,0.0
2023-07-24T06:00:00,3.1
2023-07-24T07:00:00,75.22
2023-07-24T08:00:00,187.77
2023-07-24T09:00:00,379.8
2023-07-24T10:00:00,401.95
2023-07-24T11:00:00,463.35
2023-07-24T12:00:00,421.02
2023-07-24T13:00:00,450.83
2023-07-24T14:00:00,325.52
2023-07-24T15:00:00,213.55
2023-07-24T16:00:00,127.7
2023-07-24T17:00:00,20.38
2023-07-24T18:00:00,0.0
2023-07-24T19:00:00,0.0
2023-07-24T20:00:00,0.0
2023-07-24T21:00:00,0.0
2023-07-24T22:00:00,0.0
2023-07-24T23:00:00,0.0
2023-07-25T00:00:00,0.0
2023-07-25T01:00:00,0.0
2023-07-25T02:00:00,0.0
2023-07-25T03:00:00,0.0
2023-07-25T04:00:00,0.0
2023-07-25T05:00:00,0.0
2023-07-25T06:00:00,3.08
2023-07-25T07:00:00,75.68
2023-07-25T08:00:00,172.82
2023-07-25T09:00:00,281.55
2023-07-25T10:00:00,340.98
2023-07-25T11:00:00,351.23
2023-07-25T12:00:00,373.73
2023-07-25T13:00:00,369.88
2023-07-25T14:00:00,269.17
2023-07-25T15:00:00,171.15
2023-07-25T16:00:00,82.97
2023-07-25T17:00:00,11.25
2023-07-25T18:00:00,0.0
2023-07-25T19:00:00,0.0
2023-07-25T20:00:00,0.0
2023-07-25T21:00:00,0.0
2023-07-25T22:00:00,0.0
2023-07-25T23:00:00,0.0
2023-07-26T00:00:00,0.0
2023-07-26T01:00:00,0.0
2023-07-26T02:00:00,0.0
2023-07-26T03:00:00,0.0
2023-07-26T04:00:00,0.0
2023-07-26T05:00:00,0.0
2023-07-26T06:00:00,1.77
2023-07-26T07:00:00,31.33
2023-07-26T08:00:00,93.03
2023-07-26T09:00:00,141.88
2023-07-26T10:00:00,252.38
2023-07-26T11:00:00,180.23
2023-07-26T12:00:00,110.85
2023-07-26T13:00:00,187.9
2023-07-26T14:00:00,127.25
2023-07-26T15:00:00,139.3
2023-07-26T16:00:00,75.72
2023-07-26T17:00:00,11.1
2023-07-26T18:00:00,0.0
2023-07-26T19:00:00,0.0
2023-07-26T20:00:00,0.0
2023-07-26T21:00:00,0.0
2023-07-26T22:00:00,0.0
2023-07-26T23:00:00,0.0
2023-07-27T00:00:00,0.0
2023-07-27T01:00:00,0.0
2023-07-27T02:00:00,0.0
2023-07-27T03:00:00,0.0
2023-07-27T04:00:00,0.0
2023-07-27T05:00:00,0.0
2023-07-27T06:00:00,2.38
2023-07-27T07:00:00,33.53
2023-07-27T08:00:00,90.47
2023-07-27T09:00:00,154.68
2023-07-27T10:00:00,198.38
2023-07-27T11:00:00,236.48
2023-07-27T12:00:00,197.18
2023-07-27T13:00:00,286.88
2023-07-27T14:00:00,183.88
2023-07-27T15:00:00,132.55
2023-07-27T16:00:00,66.35
2023-07-27T17:00:00,19.75
2023-07-27T18:00:00,0.0
2023-07-27T19:00:00,0.0
2023-07-27T20:00:00,0.0
2023-07-27T21:00:00,0.0
2023-07-27T22:00:00,0.0
2023-07-27T23:00:00,0.0
2023-07-28T00:00:00,0.0
2023-07-28T01:00:00,0.0
2023-07-28T02:00:00,0.0
2023-07-28T03:00:00,0.0
2023-07-28T04:00:00,0.0
2023-07-28T05:00:00,0.0
2023-07-28T06:00:00,3.72
2023-07-28T07:00:00,102.8
2023-07-28T08:00:00,292.62
2023-07-28T09:00:00,473.62
2023-07-28T10:00:00,600.33
2023-07-28T11:00:00,668.1
2023-07-28T12:00:00,609.28
2023-07-28T13:00:00,601.12
2023-07-28T14:00:00,436.5
2023-07-28T15:00:00,301.38
2023-07-28T16:00:00,155.0
2023-07-28T17:00:00,24.58
2023-07-28T18:00:00,0.0
2023-07-28T19:00:00,0.0
2023-07-28T20:00:00,0.0
2023-07-28T21:00:00,0.0
2023-07-28T22:00:00,0.0
2023-07-28T23:00:00,0.0
2023-07-29T00:00:00,0.0
2023-07-29T01:00:00,0.0
2023-07-29T02:00:00,0.0
2023-07-29T03:00:00,0.0
2023-07-29T04:00:00,0.0
2023-07-29T05:00:00,0.0
2023-07-29T06:00:00,4.8
2023-07-29T07:00:00,108.82
2023-07-29T08:00:00,280.62
2023-07-29T09:00:00,443.35
2023-07-29T10:00:00,584.3
2023-07-29T11:00:00,687.22
2023-07-29T12:00:00,690.42
2023-07-29T13:00:00,619.95
2023-07-29T14:00:00,472.48
2023-07-29T15:00:00,324.17
2023-07-29T16:00:00,147.85
2023-07-29T17:00:00,23.67
2023-07-29T18:00:00,0.0
2023-07-29T19:00:00,0.0
2023-07-29T20:00:00,0.0
2023-07-29T21:00:00,0.0
2023-07-29T22:00:00,0.0
2023-07-29T23:00:00,0.0
2023-07-30T00:00:00,0.0
2023-07-30T01:00:00,0.0
2023-07-30T02:00:00,0.0
2023-07-30T03:00:00,0.0
2023-07-30T04:00:00,0.0
2023-07-30T05:00:00,0.0
2023-07-30T06:00:00,3.85
2023-07-30T07:00:00,89.38
2023-07-30T08:00:00,240.43
2023-07-30T09:00:00,384.48
2023-07-30T10:00:00,558.42
2023-07-30T11:00:00,604.22
2023-07-30T12:00:00,666.45
2023-07-30T13:00:00,652.33
2023-07-30T14:00:00,465.48
2023-07-30T15:00:00,283.9
2023-07-30T16:00:00,150.27
2023-07-30T17:00:00,24.62
2023-07-30T18:00:00,0.0
2023-07-30T19:00:00,0.0
2023-07-30T20:00:00,0.0
2023-07-30T21:00:00,0.0
2023-07-30T22:00:00,0.0
2023-07-30T23:00:00,0.0
2023-07-31T00:00:00,0.0
2023-07-31T01:00:00,0.0
2023-07-31T02:00:00,0.0
2023-07-31T03:00:00,0.0
2023-07-31T04:00:00,0.0
2023-07-31T05:00:00,0.0
2023-07-31T06:00:00,3.75
2023-07-31T07:00:00,63.42
2023-07-31T08:00:00,154.77
2023-07-31T09:00:00,256.27
2023-07-31T10:00:00,332.95
2023-07-31T11:00:00,355.15
2023-07-31T12:00:00,306.27
2023-07-31T13:00:00,282.75
2023-07-31T14:00:00,231.05
2023-07-31T15:00:00,190.62
2023-07-31T16:00:00,99.97
2023-07-31T17:00:00,18.0
2023-07-31T18:00:00,0.0
2023-07-31T19:00:00,0.0
2023-07-31T20:00:00,0.0
2023-07-31T21:00:00,0.0
2023-07-31T22:00:00,0.0
2023-07-31T23:00:00,0.0
2023-08-01T00:00:00,0.0
2023-08-01T01:00:00,0.0
2023-08-01T02:00:00,0.0
2023-08-01T03:00:00,0.0
2023-08-01T04:00:00,0.0
2023-08-01T05:00:00,0.0
2023-08-01T06:00:00,4.38
2023-08-01T07:00:00,66.82
2023-08-01T08:00:00,140.35
2023-08-01T09:00:00,212.4
2023-08-01T10:00:00,263.92
2023-08-01T11:00:00,312.73
2023-08-01T12:00:00,353.6
2023-08-01T13:00:00,320.62
2023-08-01T14:00:00,287.48
2023-08-01T15:00:00,200.77
2023-08-01T16:00:00,108.88
2023-08-01T17:00:00,16.0
2023-08-01T18:00:00,0.0
2023-08-01T19:00:00,0.0
2023-08-01T20:00:00,0.0
2023-08-01T21:00:00,0.0
2023-08-01T22:00:00,0.0
2023-08-01T23:00:00,0.0
2023-08-02T00:00:00,0.0
2023-08-02T01:00:00,0.0
2023-08-02T02:00:00,0.0
2023-08-02T03:00:00,0.0
2023-08-02T04:00:00,0.0
2023-08-02T05:00:00,0.0
2023-08-02T06:00:00,4.18
2023-08-02T07:00:00,80.97
2023-08-02T08:00:00,204.4
2023-08-02T09:00:00,372.88
2023-08-02T10:00:00,480.77
2023-08-02T11:00:00,526.2
2023-08-02T12:00:00,479.08
2023-08-02T13:00:00,485.67
2023-08-02T14:00:00,390.62
2023-08-02T15:00:00,247.05
2023-08-02T16:00:00,130.65
2023-08-02T17:00:00,22.08
2023-08-02T18:00:00,0.0
2023-08-02T19:00:00,0.0
2023-08-02T20:00:00,0.0
2023-08-02T21:00:00,0.0
2023-08-02T22:00:00,0.0
2023-08-02T23:00:00,0.0
2023-08-03T00:00:00,0.0
2023-08-03T01:00:00,0.0
2023-08-03T02:00:00,0.0
2023-08-03T03:00:00,0.0
2023-08-03T04:00:00,0.0
2023-08-03T05:00:00,0.0
2023-08-03T06:00:00,5.43
2023-08-03T07:00:00,99.35
2023-08-03T08:00:00,239.35
2023-08-03T09:00:00,388.2
2023-08-03T10:00:00,488.42
2023-08-03T11:00:00,540.1
2023-08-03T12:00:00,500.25
2023-08-03T13:00:00,493.73
2023-08-03T14:00:00,388.35
2023-08-03T15:00:00,250.12
2023-08-03T16:00:00,142.25
2023-08-03T17:00:00,25.75
2023-08-03T18:00:00,0.0
2023-08-03T19:00:00,0.0
2023-08-03T20:00:00,0.0
2023-08-03T21:00:00,0.0
2023-08-03T22:00:00,0.0
2023-08-03T23:00:00,0.0
2023-08-04T00:00:00,0.0
2023-08-04T01:00:00,0.0
2023-08-04T02:00:00,0.0
2023-08-04T03:00:00,0.0
2023-08-04T04:00:00,0.0
2023-08-04T05:00:00,0.0
2023-08-04T06:00:00,4.07
2023-08-04T07:00:00,55.78
2023-08-04T08:00:00,167.93
2023-08-04T09:00:00,251.77
2023-08-04T10:00:00,398.6
2023-08-04T11:00:00,278.62
2023-08-04T12:00:00,255.88
2023-08-04T13:00:00,180.0
2023-08-04T14:00:00,191.62
2023-08-04T15:00:00,113.7
2023-08-04T16:00:00,34.53
2023-08-04T17:00:00,7.03
2023-08-04T18:00:00,0.0
2023-08-04T19:00:00,0.0
2023-08-04T20:00:00,0.0
2023-08-04T21:00:00,0.0
2023-08-04T22:00:00,0.0
2023-08-04T23:00:00,0.0
2023-08-05T00:00:00,0.0
2023-08-05T01:00:00,0.0
2023-08-05T02:00:00,0.0
2023-08-05T03:00:00,0.0
2023-08-05T04:00:00,0.0
2023-08-05T05:00:00,0.0
2023-08-05T06:00:00,1.12
2023-08-05T07:00:00,17.52
2023-08-05T08:00:00,41.42
2023-08-05T09:00:00,61.65
2023-08-05T10:00:00,177.38
2023-08-05T11:00:00,116.03
2023-08-05T12:00:00,102.35
2023-08-05T13:00:00,248.18
2023-08-05T14:00:00,157.73
2023-08-05T15:00:00,173.0
2023-08-05T16:00:00,70.5
2023-08-05T17:00:00,11.07
2023-08-05T18:00:00,0.0
2023-08-05T19:00:00,0.0
2023-08-05T20:00:00,0.0
2023-08-05T21:00:00,0.0
2023-08-05T22:00:00,0.0
2023-08-05T23:00:00,0.0
2023-08-06T00:00:00,0.0
2023-08-06T01:00:00,0.0
2023-08-06T02:00:00,0.0
2023-08-06T03:00:00,0.0
2023-08-06T04:00:00,0.0
2023-08-06T05:00:00,0.0
2023-08-06T06:00:00,3.72
2023-08-06T07:00:00,49.75
2023-08-06T08:00:00,106.35
2023-08-06T09:00:00,178.32
2023-08-06T10:00:00,174.05
2023-08-06T11:00:00,207.3
2023-08-06T12:00:00,323.52
2023-08-06T13:00:00,374.9
2023-08-06T14:00:00,284.4
2023-08-06T15:00:00,193.88
2023-08-06T16:00:00,97.32
2023-08-06T17:00:00,14.68
2023-08-06T18:00:00,0.0
2023-08-06T19:00:00,0.0
2023-08-06T20:00:00,0.0
2023-08-06T21:00:00,0.0
2023-08-06T22:00:00,0.0
2023-08-06T23:00:00,0.0
2023-08-07T00:00:00,0.0
2023-08-07T01:00:00,0.0
2023-08-07T02:00:00,0.0
2023-08-07T03:00:00,0.0
2023-08-07T04:00:00,0.0
2023-08-07T05:00:00,0.0
2023-08-07T06:00:00,6.82
2023-08-07T07:00:00,115.45
2023-08-07T08:00:00,255.8
2023-08-07T09:00:00,399.83
2023-08-07T10:00:00,537.28
2023-08-07T11:00:00,558.75
2023-08-07T12:00:00,679.28
2023-08-07T13:00:00,621.38
2023-08-07T14:00:00,515.22
2023-08-07T15:00:00,360.42
2023-08-07T16:00:00,188.27
2023-08-07T17:00:00,31.15
2023-08-07T18:00:00,0.0
2023-08-07T19:00:00,0.0
2023-08-07T20:00:00,0.0
2023-08-07T21:00:00,0.0
2023-08-07T22:00:00,0.0
2023-08-07T23:00:00,0.0
2023-08-08T00:00:00,0.0
2023-08-08T01:00:00,0.0
2023-08-08T02:00:00,0.0
2023-08-08T03:00:00,0.0
2023-08-08T04:00:00,0.0
2023-08-08T05:00:00,0.0
2023-08-08T06:00:00,7.1
2023-08-08T07:00:00,134.5
2023-08-08T08:00:00,345.42
2023-08-08T09:00:00,531.65
2023-08-08T10:00:00,637.85
2023-08-08T11:00:00,734.92
2023-08-08T12:00:00,734.8
2023-08-08T13:00:00,661.15
2023-08-08T14:00:00,571.8
2023-08-08T15:00:00,392.55
2023-08-08T16:00:00,210.8
2023-08-08T17:00:00,33.08
2023-08-08T18:00:00,0.0
2023-08-08T19:00:00,0.0
2023-08-08T20:00:00,0.0
2023-08-08T21:00:00,0.0
2023-08-08T22:00:00,0.0
2023-08-08T23:00:00,0.0
2023-08-09T00:00:00,0.0
2023-08-09T01:00:00,0.0
2023-08-09T02:00:00,0.0
2023-08-09T03:00:00,0.0
2023-08-09T04:00:00,0.0
2023-08-09T05:00:00,0.0
2023-08-09T06:00:00,5.82
2023-08-09T07:00:00,116.6
2023-08-09T08:00:00,269.67
2023-08-09T09:00:00,404.67
2023-08-09T10:00:00,583.22
2023-08-09T11:00:00,601.15
2023-08-09T12:00:00,619.58
2023-08-09T13:00:00,624.33
2023-08-09T14:00:00,441.67
2023-08-09T15:00:00,311.1
2023-08-09T16:00:00,177.0
2023-08-09T17:00:00,22.33
2023-08-09T18:00:00,0.0
2023-08-09T19:00:00,0.0
2023-08-09T20:00:00,0.0
2023-08-09T21:00:00,0.0
2023-08-09T22:00:00,0.0
2023-08-09T23:00:00,0.0
2023-08-10T00:00:00,0.0
2023-08-10T01:00:00,0.0
2023-08-10T02:00:00,0.0
2023-08-10T03:00:00,0.0
2023-08-10T04:00:00,0.0
2023-08-10T05:00:00,0.0
2023-08-10T06:00:00,5.5
2023-08-10T07:00:00,87.15
2023-08-10T08:00:00,234.57
2023-08-10T09:00:00,409.85
2023-08-10T10:00:00,469.62
2023-08-10T11:00:00,587.1
2023-08-10T12:00:00,587.5
2023-08-10T13:00:00,440.77
2023-08-10T14:00:00,313.6
2023-08-10T15:00:00,185.57
2023-08-10T16:00:00,80.25
2023-08-10T17:00:00,11.62
2023-08-10T18:00:00,0.0
2023-08-10T19:00:00,0.0
2023-08-10T20:00:00,0.0
2023-08-10T21:00:00,0.0
2023-08-10T22:00:00,0.0
2023-08-10T23:00:00,0.0
2023-08-11T00:00:00,0.0
2023-08-11T01:00:00,0.0
2023-08-11T02:00:00,0.0
2023-08-11T03:00:00,0.0
2023-08-11T04:00:00,0.0
2023-08-11T05:00:00,0.0
2023-08-11T06:00:00,3.47
2023-08-11T07:00:00,46.72
2023-08-11T08:00:00,110.0
2023-08-11T09:00:00,188.0
2023-08-11T10:00:00,266.4
2023-08-11T11:00:00,296.65
2023-08-11T12:00:00,248.8
2023-08-11T13:00:00,233.7
2023-08-11T14:00:00,167.57
2023-08-11T15:00:00,86.07
2023-08-11T16:00:00,32.03
2023-08-11T17:00:00,9.3
2023-08-11T18:00:00,0.0
2023-08-11T19:00:00,0.0
2023-08-11T20:00:00,0.0
2023-08-11T21:00:00,0.0
2023-08-11T22:00:00,0.0
2023-08-11T23:00:00,0.0
2023-08-12T00:00:00,0.0
2023-08-12T01:00:00,0.0
2023-08-12T02:00:00,0.0
2023-08-12T03:00:00,0.0
2023-08-12T04:00:00,0.0
2023-08-12T05:00:00,0.0
2023-08-12T06:00:00,8.52
2023-08-12T07:00:00,140.4
2023-08-12T08:00:00,336.6
2023-08-12T09:00:00,512.35
2023-08-12T10:00:00,605.75
2023-08-12T11:00:00,662.12
2023-08-12T12:00:00,665.58
2023-08-12T13:00:00,613.75
2023-08-12T14:00:00,502.1
2023-08-12T15:00:00,334.77
2023-08-12T16:00:00,166.3
2023-08-12T17:00:00,29.67
2023-08-12T18:00:00,0.0
2023-08-12T19:00:00,0.0
2023-08-12T20:00:00,0.0
2023-08-12T21:00:00,0.0
2023-08-12T22:00:00,0.0
2023-08-12T23:00:00,0.0
2023-08-13T00:00:00,0.0
2023-08-13T01:00:00,0.0
2023-08-13T02:00:00,0.0
2023-08-13T03:00:00,0.0
2023-08-13T04:00:00,0.0
2023-08-13T05:00:00,0.0
2023-08-13T06:00:00,6.85
2023-08-13T07:00:00,94.53
2023-08-13T08:00:00,214.8
2023-08-13T09:00:00,353.8
2023-08-13T10:00:00,464.02
2023-08-13T11:00:00,544.92
2023-08-13T12:00:00,553.92
2023-08-13T13:00:00,524.25
2023-08-13T14:00:00,409.25
2023-08-13T15:00:00,268.1
2023-08-13T16:00:00,154.35
2023-08-13T17:00:00,32.3
2023-08-13T18:00:00,0.0
2023-08-13T19:00:00,0.0
2023-08-13T20:00:00,0.0
2023-08-13T21:00:00,0.0
2023-08-13T22:00:00,0.0
2023-08-13T23:00:00,0.0
2023-08-14T00:00:00,0.0
2023-08-14T01:00:00,0.0
2023-08-14T02:00:00,0.0
2023-08-14T03:00:00,0.0
2023-08-14T04:00:00,0.0
2023-08-14T05:00:00,0.0
2023-08-14T06:00:00,7.53
2023-08-14T07:00:00,94.97
2023-08-14T08:00:00,195.45
2023-08-14T09:00:00,299.6
2023-08-14T10:00:00,401.92
2023-08-14T11:00:00,488.23
2023-08-14T12:00:00,551.12
2023-08-14T13:00:00,494.65
2023-08-14T14:00:00,362.3
2023-08-14T15:00:00,219.02
2023-08-14T16:00:00,98.28
2023-08-14T17:00:00,19.85
2023-08-14T18:00:00,0.0
2023-08-14T19:00:00,0.0
2023-08-14T20:00:00,0.0
2023-08-14T21:00:00,0.0
2023-08-14T22:00:00,0.0
2023-08-14T23:00:00,0.0
2023-08-15T00:00:00,0.0
2023-08-15T01:00:00,0.0
2023-08-15T02:00:00,0.0
2023-08-15T03:00:00,0.0
2023-08-15T04:00:00,0.0
2023-08-15T05:00:00,0.0
2023-08-15T06:00:00,5.53
2023-08-15T07:00:00,64.32
2023-08-15T08:00:00,161.57
2023-08-15T09:00:00,269.08
2023-08-15T10:00:00,314.6
2023-08-15T11:00:00,369.42
2023-08-15T12:00:00,333.23
2023-08-15T13:00:00,316.4
2023-08-15T14:00:00,277.33
2023-08-15T15:00:00,151.0
2023-08-15T16:00:00,65.97
2023-08-15T17:00:00,10.52
2023-08-15T18:00:00,0.0
2023-08-15T19:00:00,0.0
2023-08-15T20:00:00,0.0
2023-08-15T21:00:00,0.0
2023-08-15T22:00:00,0.0
2023-08-15T23:00:00,0.0
2023-08-16T00:00:00,0.0
2023-08-16T01:00:00,0.0
2023-08-16T02:00:00,0.0
2023-08-16T03:00:00,0.0
2023-08-16T04:00:00,0.0
2023-08-16T05:00:00,0.0
2023-08-16T06:00:00,7.3
2023-08-16T07:00:00,91.32
2023-08-16T08:00:00,199.95
2023-08-16T09:00:00,355.73
2023-08-16T10:00:00,492.33
2023-08-16T11:00:00,563.95
2023-08-16T12:00:00,491.77
2023-08-16T13:00:00,465.62
2023-08-16T14:00:00,313.3
2023-08-16T15:00:00,260.27
2023-08-16T16:00:00,138.73
2023-08-16T17:00:00,28.5
2023-08-16T18:00:00,0.0
2023-08-16T19:00:00,0.0
2023-08-16T20:00:00,0.0
2023-08-16T21:00:00,0.0
2023-08-16T22:00:00,0.0
2023-08-16T23:00:00,0.0
2023-08-17T00:00:00,0.0
2023-08-17T01:00:00,0.0
2023-08-17T02:00:00,0.0
2023-08-17T03:00:00,0.0
2023-08-17T04:00:00,0.0
2023-08-17T05:00:00,0.0
2023-08-17T06:00:00,5.12
2023-08-17T07:00:00,68.53
2023-08-17T08:00:00,186.8
2023-08-17T09:00:00,281.02
2023-08-17T10:00:00,423.05
2023-08-17T11:00:00,507.12
2023-08-17T12:00:00,367.88
2023-08-17T13:00:00,397.88
2023-08-17T14:00:00,365.12
2023-08-17T15:00:00,219.98
2023-08-17T16:00:00,121.6
2023-08-17T17:00:00,20.52
2023-08-17T18:00:00,0.0
2023-08-17T19:00:00,0.0
2023-08-17T20:00:00,0.0
2023-08-17T21:00:00,0.0
2023-08-17T22:00:00,0.0
2023-08-17T23:00:00,0.0
2023-08-18T00:00:00,0.0
2023-08-18T01:00:00,0.0
2023-08-18T02:00:00,0.0
2023-08-18T03:00:00,0.0
2023-08-18T04:00:00,0.0
2023-08-18T05:00:00,0.0
2023-08-18T06:00:00,12.3
2023-08-18T07:00:00,160.02
2023-08-18T08:00:00,341.95
2023-08-18T09:00:00,539.97
2023-08-18T10:00:00,661.6
2023-08-18T11:00:00,764.6
2023-08-18T12:00:00,770.47
2023-08-18T13:00:00,712.55
2023-08-18T14:00:00,521.1
2023-08-18T15:00:00,204.38
2023-08-18T16:00:00,144.32
2023-08-18T17:00:00,28.83
2023-08-18T18:00:00,0.0
2023-08-18T19:00:00,0.0
2023-08-18T20:00:00,0.0
2023-08-18T21:00:00,0.0
2023-08-18T22:00:00,0.0
2023-08-18T23:00:00,0.0
2023-08-19T00:00:00,0.0
2023-08-19T01:00:00,0.0
2023-08-19T02:00:00,0.0
2023-08-19T03:00:00,0.0
2023-08-19T04:00:00,0.0
2023-08-19T05:00:00,0.0
2023-08-19T06:00:00,12.57
2023-08-19T07:00:00,133.52
2023-08-19T08:00:00,262.17
2023-08-19T09:00:00,386.05
2023-08-19T10:00:00,535.35
2023-08-19T11:00:00,629.15
2023-08-19T12:00:00,676.12
2023-08-19T13:00:00,607.42
2023-08-19T14:00:00,504.12
2023-08-19T15:00:00,346.33
2023-08-19T16:00:00,185.52
2023-08-19T17:00:00,38.88
2023-08-19T18:00:00,0.0
2023-08-19T19:00:00,0.0
2023-08-19T20:00:00,0.0
2023-08-19T21:00:00,0.0
2023-08-19T22:00:00,0.0
2023-08-19T23:00:00,0.0
2023-08-20T00:00:00,0.0
2023-08-20T01:00:00,0.0
2023-08-20T02:00:00,0.0
2023-08-20T03:00:00,0.0
2023-08-20T04:00:00,0.0
2023-08-20T05:00:00,0.0
2023-08-20T06:00:00,15.38
2023-08-20T07:00:00,186.05
2023-08-20T08:00:00,398.27
2023-08-20T09:00:00,583.08
2023-08-20T10:00:00,726.08
2023-08-20T11:00:00,809.42
2023-08-20T12:00:00,821.22
2023-08-20T13:00:00,773.0
2023-08-20T14:00:00,636.03
2023-08-20T15:00:00,423.6
2023-08-20T16:00:00,221.48
2023-08-20T17:00:00,44.22
2023-08-20T18:00:00,0.0
2023-08-20T19:00:00,0.0
2023-08-20T20:00:00,0.0
2023-08-20T21:00:00,0.0
2023-08-20T22:00:00,0.0
2023-08-20T23:00:00,0.0
2023-08-21T00:00:00,0.0
2023-08-21T01:00:00,0.0
2023-08-21T02:00:00,0.0
2023-08-21T03:00:00,0.0
2023-08-21T04:00:00,0.0
2023-08-21T05:00:00,0.0
2023-08-21T06:00:00,10.0
2023-08-21T07:00:00,108.25
2023-08-21T08:00:00,210.23
2023-08-21T09:00:00,346.62
2023-08-21T10:00:00,440.85
2023-08-21T11:00:00,522.83
2023-08-21T12:00:00,622.22
2023-08-21T13:00:00,509.8
2023-08-21T14:00:00,473.92
2023-08-21T15:00:00,244.27
2023-08-21T16:00:00,141.27
2023-08-21T17:00:00,30.73
2023-08-21T18:00:00,0.0
2023-08-21T19:00:00,0.0
2023-08-21T20:00:00,0.0
2023-08-21T21:00:00,0.0
2023-08-21T22:00:00,0.0
2023-08-21T23:00:00,0.0
2023-08-22T00:00:00,0.0
2023-08-22T01:00:00,0.0
2023-08-22T02:00:00,0.0
2023-08-22T03:00:00,0.0
2023-08-22T04:00:00,0.0
2023-08-22T05:00:00,0.0
2023-08-22T06:00:00,13.27
2023-08-22T07:00:00,113.9
2023-08-22T08:00:00,206.38
2023-08-22T09:00:00,291.08
2023-08-22T10:00:00,406.55
2023-08-22T11:00:00,503.77
2023-08-22T12:00:00,508.12
2023-08-22T13:00:00,511.48
2023-08-22T14:00:00,435.7
2023-08-22T15:00:00,273.27
2023-08-22T16:00:00,147.65
2023-08-22T17:00:00,30.15
2023-08-22T18:00:00,0.0
2023-08-22T19:00:00,0.0
2023-08-22T20:00:00,0.0
2023-08-22T21:00:00,0.0
2023-08-22T22:00:00,0.0
2023-08-22T23:00:00,0.0
2023-08-23T00:00:00,0.0
2023-08-23T01:00:00,0.0
2023-08-23T02:00:00,0.0
2023-08-23T03:00:00,0.0
2023-08-23T04:00:00,0.0
2023-08-23T05:00:00,0.0
2023-08-23T06:00:00,14.32
2023-08-23T07:00:00,149.0
2023-08-23T08:00:00,324.95
2023-08-23T09:00:00,493.75
2023-08-23T10:00:00,641.17
2023-08-23T11:00:00,741.33
2023-08-23T12:00:00,760.65
2023-08-23T13:00:00,727.62
2023-08-23T14:00:00,581.85
2023-08-23T15:00:00,411.5
2023-08-23T16:00:00,212.65
2023-08-23T17:00:00,39.5
2023-08-23T18:00:00,0.0
2023-08-23T19:00:00,0.0
2023-08-23T20:00:00,0.0
2023-08-23T21:00:00,0.0
2023-08-23T22:00:00,0.0
2023-08-23T23:00:00,0.0
2023-08-24T00:00:00,0.0
2023-08-24T01:00:00,0.0
2023-08-24T02:00:00,0.0
2023-08-24T03:00:00,0.0
2023-08-24T04:00:00,0.0
2023-08-24T05:00:00,0.0
2023-08-24T06:00:00,16.62
2023-08-24T07:00:00,168.18
2023-08-24T08:00:00,355.38
2023-08-24T09:00:00,534.05
2023-08-24T10:00:00,690.8
2023-08-24T11:00:00,808.55
2023-08-24T12:00:00,813.05
2023-08-24T13:00:00,738.1
2023-08-24T14:00:00,613.58
2023-08-24T15:00:00,440.12
2023-08-24T16:00:00,212.62
2023-08-24T17:00:00,40.78
2023-08-24T18:00:00,0.0
2023-08-24T19:00:00,0.0
2023-08-24T20:00:00,0.0
2023-08-24T21:00:00,0.0
2023-08-24T22:00:00,0.0
2023-08-24T23:00:00,0.0
2023-08-25T00:00:00,0.0
2023-08-25T01:00:00,0.0
2023-08-25T02:00:00,0.0
2023-08-25T03:00:00,0.0
2023-08-25T04:00:00,0.0
2023-08-25T05:00:00,0.0
2023-08-25T06:00:00,14.48
2023-08-25T07:00:00,136.98
2023-08-25T08:00:00,273.95
2023-08-25T09:00:00,449.73
2023-08-25T10:00:00,529.9
2023-08-25T11:00:00,616.78
2023-08-25T12:00:00,661.42
2023-08-25T13:00:00,573.4
2023-08-25T14:00:00,544.72
2023-08-25T15:00:00,375.02
2023-08-25T16:00:00,181.15
2023-08-25T17:00:00,34.15
2023-08-25T18:00:00,0.0
2023-08-25T19:00:00,0.0
2023-08-25T20:00:00,0.0
2023-08-25T21:00:00,0.0
2023-08-25T22:00:00,0.0
2023-08-25T23:00:00,0.0
2023-08-26T00:00:00,0.0
2023-08-26T01:00:00,0.0
2023-08-26T02:00:00,0.0
2023-08-26T03:00:00,0.0
2023-08-26T04:00:00,0.0
2023-08-26T05:00:00,0.0
2023-08-26T06:00:00,16.5
2023-08-26T07:00:00,165.57
2023-08-26T08:00:00,366.3
2023-08-26T09:00:00,549.62
2023-08-26T10:00:00,657.1
2023-08-26T11:00:00,758.58
2023-08-26T12:00:00,807.72
2023-08-26T13:00:00,665.83
2023-08-26T14:00:00,559.4
2023-08-26T15:00:00,404.45
2023-08-26T16:00:00,200.88
2023-08-26T17:00:00,35.05
2023-08-26T18:00:00,0.0
2023-08-26T19:00:00,0.0
2023-08-26T20:00:00,0.0
2023-08-26T21:00:00,0.0
2023-08-26T22:00:00,0.0
2023-08-26T23:00:00,0.0
2023-08-27T00:00:00,0.0
2023-08-27T01:00:00,0.0
2023-08-27T02:00:00,0.0
2023-08-27T03:00:00,0.0
2023-08-27T04:00:00,0.0
2023-08-27T05:00:00,0.0
2023-08-27T06:00:00,16.5
2023-08-27T07:00:00,130.77
2023-08-27T08:00:00,264.85
2023-08-27T09:00:00,445.05
2023-08-27T10:00:00,524.3
2023-08-27T11:00:00,586.9
2023-08-27T12:00:00,532.85
2023-08-27T13:00:00,469.5
2023-08-27T14:00:00,370.4
2023-08-27T15:00:00,246.27
2023-08-27T16:00:00,127.05
2023-08-27T17:00:00,26.3
2023-08-27T18:00:00,0.0
2023-08-27T19:00:00,0.0
2023-08-27T20:00:00,0.0
2023-08-27T21:00:00,0.0
2023-08-27T22:00:00,0.0
2023-08-27T23:00:00,0.0
2023-08-28T00:00:00,0.0
2023-08-28T01:00:00,0.0
2023-08-28T02:00:00,0.0
2023-08-28T03:00:00,0.0
2023-08-28T04:00:00,0.0
2023-08-28T05:00:00,0.0
2023-08-28T06:00:00,13.18
2023-08-28T07:00:00,111.57
2023-08-28T08:00:00,244.48
2023-08-28T09:00:00,407.88
2023-08-28T10:00:00,532.75
2023-08-28T11:00:00,587.35
2023-08-28T12:00:00,528.5
2023-08-28T13:00:00,570.4
2023-08-28T14:00:00,495.5
2023-08-28T15:00:00,335.15
2023-08-28T16:00:00,164.65
2023-08-28T17:00:00,29.02
2023-08-28T18:00:00,0.0
2023-08-28T19:00:00,0.0
2023-08-28T20:00:00,0.0
2023-08-28T21:00:00,0.0
2023-08-28T22:00:00,0.0
2023-08-28T23:00:00,0.0
2023-08-29T00:00:00,0.0
2023-08-29T01:00:00,0.0
2023-08-29T02:00:00,0.0
2023-08-29T03:00:00,0.0
2023-08-29T04:00:00,0.0
2023-08-29T05:00:00,0.0
2023-08-29T06:00:00,14.98
2023-08-29T07:00:00,125.88
2023-08-29T08:00:00,277.45
2023-08-29T09:00:00,402.58
2023-08-29T10:00:00,474.35
2023-08-29T11:00:00,552.33
2023-08-29T12:00:00,512.88
2023-08-29T13:00:00,420.7
2023-08-29T14:00:00,268.98
2023-08-29T15:00:00,159.18
2023-08-29T16:00:00,92.12
2023-08-29T17:00:00,17.23
2023-08-29T18:00:00,0.0
2023-08-29T19:00:00,0.0
2023-08-29T20:00:00,0.0
2023-08-29T21:00:00,0.0
2023-08-29T22:00:00,0.0
2023-08-29T23:00:00,0.0
2023-08-30T00:00:00,0.0
2023-08-30T01:00:00,0.0
2023-08-30T02:00:00,0.0
2023-08-30T03:00:00,0.0
2023-08-30T04:00:00,0.0
2023-08-30T05:00:00,0.0
2023-08-30T06:00:00,16.27
2023-08-30T07:00:00,150.43
2023-08-30T08:00:00,321.67
2023-08-30T09:00:00,570.1
2023-08-30T10:00:00,709.35
2023-08-30T11:00:00,520.85
2023-08-30T12:00:00,655.85
2023-08-30T13:00:00,527.38
2023-08-30T14:00:00,463.9
2023-08-30T15:00:00,359.62
2023-08-30T16:00:00,187.3
2023-08-30T17:00:00,34.33
2023-08-30T18:00:00,0.0
2023-08-30T19:00:00,0.0
2023-08-30T20:00:00,0.0
2023-08-30T21:00:00,0.0
2023-08-30T22:00:00,0.0
2023-08-30T23:00:00,0.0
2023-08-31T00:00:00,0.0
2023-08-31T01:00:00,0.0
2023-08-31T02:00:00,0.0
2023-08-31T03:00:00,0.0
2023-08-31T04:00:00,0.0
2023-08-31T05:00:00,0.0
2023-08-31T06:00:00,9.35
2023-08-31T07:00:00,87.38
2023-08-31T08:00:00,183.6
2023-08-31T09:00:00,219.18
2023-08-31T10:00:00,245.32
2023-08-31T11:00:00,343.23
2023-08-31T12:00:00,361.62
2023-08-31T13:00:00,307.83
2023-08-31T14:00:00,180.6
2023-08-31T15:00:00,170.32
2023-08-31T16:00:00,90.75
2023-08-31T17:00:00,22.23
2023-08-31T18:00:00,0.0
2023-08-31T19:00:00,0.0
2023-08-31T20:00:00,0.0
2023-08-31T21:00:00,0.0
2023-08-31T22:00:00,0.0
2023-08-31T23:00:00,0.0
2023-09-01T00:00:00,0.0
2023-09-01T01:00:00,0.0
2023-09-01T02:00:00,0.0
2023-09-01T03:00:00,0.0
2023-09-01T04:00:00,0.0
2023-09-01T05:00:00,0.0
2023-09-01T06:00:00,19.9
2023-09-01T07:00:00,131.85
2023-09-01T08:00:00,309.33
2023-09-01T09:00:00,546.8
2023-09-01T10:00:00,684.28
2023-09-01T11:00:00,758.83
2023-09-01T12:00:00,771.83
2023-09-01T13:00:00,726.5
2023-09-01T14:00:00,644.5
2023-09-01T15:00:00,426.55
2023-09-01T16:00:00,230.32
2023-09-01T17:00:00,47.28
2023-09-01T18:00:00,0.0
2023-09-01T19:00:00,0.0
2023-09-01T20:00:00,0.0
2023-09-01T21:00:00,0.0
2023-09-01T22:00:00,0.0
2023-09-01T23:00:00,0.0
2023-09-02T00:00:00,0.0
2023-09-02T01:00:00,0.0
2023-09-02T02:00:00,0.0
2023-09-02T03:00:00,0.0
2023-09-02T04:00:00,0.0
2023-09-02T05:00:00,0.0
2023-09-02T06:00:00,27.3
2023-09-02T07:00:00,209.93
2023-09-02T08:00:00,438.3
2023-09-02T09:00:00,629.35
2023-09-02T10:00:00,775.22
2023-09-02T11:00:00,848.28
2023-09-02T12:00:00,849.75
2023-09-02T13:00:00,788.28
2023-09-02T14:00:00,657.0
2023-09-02T15:00:00,473.23
2023-09-02T16:00:00,259.95
2023-09-02T17:00:00,52.2
2023-09-02T18:00:00,0.0
2023-09-02T19:00:00,0.0
2023-09-02T20:00:00,0.0
2023-09-02T21:00:00,0.0
2023-09-02T22:00:00,0.0
2023-09-02T23:00:00,0.0
2023-09-03T00:00:00,0.0
2023-09-03T01:00:00,0.0
2023-09-03T02:00:00,0.0
2023-09-03T03:00:00,0.0
2023-09-03T04:00:00,0.0
2023-09-03T05:00:00,0.0
2023-09-03T06:00:00,28.98
2023-09-03T07:00:00,202.45
2023-09-03T08:00:00,409.27
2023-09-03T09:00:00,571.1
2023-09-03T10:00:00,738.95
2023-09-03T11:00:00,839.65
2023-09-03T12:00:00,829.4
2023-09-03T13:00:00,782.2
2023-09-03T14:00:00,667.65
2023-09-03T15:00:00,495.83
2023-09-03T16:00:00,276.62
2023-09-03T17:00:00,51.95
2023-09-03T18:00:00,0.0
2023-09-03T19:00:00,0.0
2023-09-03T20:00:00,0.0
2023-09-03T21:00:00,0.0
2023-09-03T22:00:00,0.0
2023-09-03T23:00:00,0.0
2023-09-04T00:00:00,0.0
2023-09-04T01:00:00,0.0
2023-09-04T02:00:00,0.0
2023-09-04T03:00:00,0.0
2023-09-04T04:00:00,0.0
2023-09-04T05:00:00,0.0
2023-09-04T06:00:00,28.9
2023-09-04T07:00:00,190.65
2023-09-04T08:00:00,372.38
2023-09-04T09:00:00,557.95
2023-09-04T10:00:00,708.75
2023-09-04T11:00:00,813.42
2023-09-04T12:00:00,782.47
2023-09-04T13:00:00,643.3
2023-09-04T14:00:00,531.12
2023-09-04T15:00:00,363.3
2023-09-04T16:00:00,198.35
2023-09-04T17:00:00,39.0
2023-09-04T18:00:00,0.0
2023-09-04T19:00:00,0.0
2023-09-04T20:00:00,0.0
2023-09-04T21:00:00,0.0
2023-09-04T22:00:00,0.0
2023-09-04T23:00:00,0.0
2023-09-05T00:00:00,0.0
2023-09-05T01:00:00,0.0
2023-09-05T02:00:00,0.0
2023-09-05T03:00:00,0.0
2023-09-05T04:00:00,0.0
2023-09-05T05:00:00,0.0
2023-09-05T06:00:00,31.38
2023-09-05T07:00:00,205.18
2023-09-05T08:00:00,410.15
2023-09-05T09:00:00,628.1
2023-09-05T10:00:00,771.05
2023-09-05T11:00:00,841.6
2023-09-05T12:00:00,841.75
2023-09-05T13:00:00,785.92
2023-09-05T14:00:00,635.78
2023-09-05T15:00:00,445.7
2023-09-05T16:00:00,229.77
2023-09-05T17:00:00,53.6
2023-09-05T18:00:00,0.0
2023-09-05T19:00:00,0.0
2023-09-05T20:00:00,0.0
2023-09-05T21:00:00,0.0
2023-09-05T22:00:00,0.0
2023-09-05T23:00:00,0.0
2023-09-06T00:00:00,0.0
2023-09-06T01:00:00,0.0
2023-09-06T02:00:00,0.0
2023-09-06T03:00:00,0.0
2023-09-06T04:00:00,0.0
2023-09-06T05:00:00,0.0
2023-09-06T06:00:00,19.48
2023-09-06T07:00:00,137.98
2023-09-06T08:00:00,301.3
2023-09-06T09:00:00,490.25
2023-09-06T10:00:00,717.28
2023-09-06T11:00:00,695.75
2023-09-06T12:00:00,756.33
2023-09-06T13:00:00,714.12
2023-09-06T14:00:00,590.95
2023-09-06T15:00:00,365.8
2023-09-06T16:00:00,186.75
2023-09-06T17:00:00,35.08
2023-09-06T18:00:00,0.0
2023-09-06T19:00:00,0.0
2023-09-06T20:00:00,0.0
2023-09-06T21:00:00,0.0
2023-09-06T22:00:00,0.0
2023-09-06T23:00:00,0.0
2023-09-07T00:00:00,0.0
2023-09-07T01:00:00,0.0
2023-09-07T02:00:00,0.0
2023-09-07T03:00:00,0.0
2023-09-07T04:00:00,0.0
2023-09-07T05:00:00,0.0
2023-09-07T06:00:00,28.2
2023-09-07T07:00:00,178.45
2023-09-07T08:00:00,403.77
2023-09-07T09:00:00,576.9
2023-09-07T10:00:00,742.53
2023-09-07T11:00:00,801.4
2023-09-07T12:00:00,771.0
2023-09-07T13:00:00,778.55
2023-09-07T14:00:00,591.33
2023-09-07T15:00:00,464.5
2023-09-07T16:00:00,242.62
2023-09-07T17:00:00,53.0
2023-09-07T18:00:00,0.0
2023-09-07T19:00:00,0.0
2023-09-07T20:00:00,0.0
2023-09-07T21:00:00,0.0
2023-09-07T22:00:00,0.0
2023-09-07T23:00:00,0.0
2023-09-08T00:00:00,0.0
2023-09-08T01:00:00,0.0
2023-09-08T02:00:00,0.0
2023-09-08T03:00:00,0.0
2023-09-08T04:00:00,0.0
2023-09-08T05:00:00,0.0
2023-09-08T06:00:00,36.05
2023-09-08T07:00:00,223.1
2023-09-08T08:00:00,466.08
2023-09-08T09:00:00,636.22
2023-09-08T10:00:00,755.85
2023-09-08T11:00:00,804.08
2023-09-08T12:00:00,795.12
2023-09-08T13:00:00,670.88
2023-09-08T14:00:00,615.97
2023-09-08T15:00:00,411.1
2023-09-08T16:00:00,208.9
2023-09-08T17:00:00,43.65
2023-09-08T18:00:00,0.0
2023-09-08T19:00:00,0.0
2023-09-08T20:00:00,0.0
2023-09-08T21:00:00,0.0
2023-09-08T22:00:00,0.0
2023-09-08T23:00:00,0.0
2023-09-09T00:00:00,0.0
2023-09-09T01:00:00,0.0
2023-09-09T02:00:00,0.0
2023-09-09T03:00:00,0.0
2023-09-09T04:00:00,0.0
2023-09-09T05:00:00,0.0
2023-09-09T06:00:00,30.27
2023-09-09T07:00:00,170.0
2023-09-09T08:00:00,384.48
2023-09-09T09:00:00,437.27
2023-09-09T10:00:00,639.12
2023-09-09T11:00:00,689.2
2023-09-09T12:00:00,627.17
2023-09-09T13:00:00,585.65
2023-09-09T14:00:00,399.3
2023-09-09T15:00:00,216.23
2023-09-09T16:00:00,116.35
2023-09-09T17:00:00,21.15
2023-09-09T18:00:00,0.0
2023-09-09T19:00:00,0.0
2023-09-09T20:00:00,0.0
2023-09-09T21:00:00,0.0
2023-09-09T22:00:00,0.0
2023-09-09T23:00:00,0.0
2023-09-10T00:00:00,0.0
2023-09-10T01:00:00,0.0
2023-09-10T02:00:00,0.0
2023-09-10T03:00:00,0.0
2023-09-10T04:00:00,0.0
2023-09-10T05:00:00,0.0
2023-09-10T06:00:00,28.3
2023-09-10T07:00:00,154.02
2023-09-10T08:00:00,389.73
2023-09-10T09:00:00,461.35
2023-09-10T10:00:00,672.3
2023-09-10T11:00:00,752.38
2023-09-10T12:00:00,766.53
2023-09-10T13:00:00,764.83
2023-09-10T14:00:00,575.35
2023-09-10T15:00:00,424.08
2023-09-10T16:00:00,203.8
2023-09-10T17:00:00,44.7
2023-09-10T18:00:00,0.0
2023-09-10T19:00:00,0.0
2023-09-10T20:00:00,0.0
2023-09-10T21:00:00,0.0
2023-09-10T22:00:00,0.0
2023-09-10T23:00:00,0.0
2023-09-11T00:00:00,0.0
2023-09-11T01:00:00,0.0
2023-09-11T02:00:00,0.0
2023-09-11T03:00:00,0.0
2023-09-11T04:00:00,0.0
2023-09-11T05:00:00,0.0
2023-09-11T06:00:00,43.55
2023-09-11T07:00:00,254.62
2023-09-11T08:00:00,479.48
2023-09-11T09:00:00,674.6
2023-09-11T10:00:00,808.17
2023-09-11T11:00:00,886.15
2023-09-11T12:00:00,896.72
2023-09-11T13:00:00,813.3
2023-09-11T14:00:00,688.78
2023-09-11T15:00:00,502.58
2023-09-11T16:00:00,282.92
2023-09-11T17:00:00,61.05
2023-09-11T18:00:00,0.0
2023-09-11T19:00:00,0.0
2023-09-11T20:00:00,0.0
2023-09-11T21:00:00,0.0
2023-09-11T22:00:00,0.0
2023-09-11T23:00:00,0.0
2023-09-12T00:00:00,0.0
2023-09-12T01:00:00,0.0
2023-09-12T02:00:00,0.0
2023-09-12T03:00:00,0.0
2023-09-12T04:00:00,0.0
2023-09-12T05:00:00,0.0
2023-09-12T06:00:00,47.65
2023-09-12T07:00:00,264.33
2023-09-12T08:00:00,490.9
2023-09-12T09:00:00,663.0
2023-09-12T10:00:00,817.65
2023-09-12T11:00:00,892.28
2023-09-12T12:00:00,880.55
2023-09-12T13:00:00,810.03
2023-09-12T14:00:00,651.95
2023-09-12T15:00:00,495.3
2023-09-12T16:00:00,275.02
2023-09-12T17:00:00,59.2
2023-09-12T18:00:00,0.0
2023-09-12T19:00:00,0.0
2023-09-12T20:00:00,0.0
2023-09-12T21:00:00,0.0
2023-09-12T22:00:00,0.0
2023-09-12T23:00:00,0.0
2023-09-13T00:00:00,0.0
2023-09-13T01:00:00,0.0
2023-09-13T02:00:00,0.0
2023-09-13T03:00:00,0.0
2023-09-13T04:00:00,0.0
2023-09-13T05:00:00,0.0
2023-09-13T06:00:00,45.67
2023-09-13T07:00:00,228.07
2023-09-13T08:00:00,413.92
2023-09-13T09:00:00,589.72
2023-09-13T10:00:00,734.88
2023-09-13T11:00:00,798.8
2023-09-13T12:00:00,806.45
2023-09-13T13:00:00,683.97
2023-09-13T14:00:00,538.67
2023-09-13T15:00:00,353.77
2023-09-13T16:00:00,183.55
2023-09-13T17:00:00,41.75
2023-09-13T18:00:00,0.0
2023-09-13T19:00:00,0.0
2023-09-13T20:00:00,0.0
2023-09-13T21:00:00,0.0
2023-09-13T22:00:00,0.0
2023-09-13T23:00:00,0.0
2023-09-14T00:00:00,0.0
2023-09-14T01:00:00,0.0
2023-09-14T02:00:00,0.0
2023-09-14T03:00:00,0.0
2023-09-14T04:00:00,0.0
2023-09-14T05:00:00,0.0
2023-09-14T06:00:00,32.47
2023-09-14T07:00:00,180.35
2023-09-14T08:00:00,370.4
2023-09-14T09:00:00,506.1
2023-09-14T10:00:00,562.75
2023-09-14T11:00:00,680.45
2023-09-14T12:00:00,707.12
2023-09-14T13:00:00,544.1
2023-09-14T14:00:00,469.5
2023-09-14T15:00:00,272.45
2023-09-14T16:00:00,140.43
2023-09-14T17:00:00,25.08
2023-09-14T18:00:00,0.0
2023-09-14T19:00:00,0.0
2023-09-14T20:00:00,0.0
2023-09-14T21:00:00,0.0
2023-09-14T22:00:00,0.0
2023-09-14T23:00:00,0.0
2023-09-15T00:00:00,0.0
2023-09-15T01:00:00,0.0
2023-09-15T02:00:00,0.0
2023-09-15T03:00:00,0.0
2023-09-15T04:00:00,0.0
2023-09-15T05:00:00,0.0
2023-09-15T06:00:00,25.15
2023-09-15T07:00:00,141.0
2023-09-15T08:00:00,314.58
2023-09-15T09:00:00,375.92
2023-09-15T10:00:00,501.0
2023-09-15T11:00:00,688.25
2023-09-15T12:00:00,678.22
2023-09-15T13:00:00,590.12
2023-09-15T14:00:00,438.9
2023-09-15T15:00:00,222.55
2023-09-15T16:00:00,135.02
2023-09-15T17:00:00,12.43
2023-09-15T18:00:00,0.0
2023-09-15T19:00:00,0.0
2023-09-15T20:00:00,0.0
2023-09-15T21:00:00,0.0
2023-09-15T22:00:00,0.0
2023-09-15T23:00:00,0.0
2023-09-16T00:00:00,0.0
2023-09-16T01:00:00,0.0
2023-09-16T02:00:00,0.0
2023-09-16T03:00:00,0.0
2023-09-16T04:00:00,0.0
2023-09-16T05:00:00,0.0
2023-09-16T06:00:00,28.62
2023-09-16T07:00:00,144.18
2023-09-16T08:00:00,306.73
2023-09-16T09:00:00,470.27
2023-09-16T10:00:00,603.65
2023-09-16T11:00:00,565.17
2023-09-16T12:00:00,496.6
2023-09-16T13:00:00,453.42
2023-09-16T14:00:00,354.23
2023-09-16T15:00:00,243.85
2023-09-16T16:00:00,123.65
2023-09-16T17:00:00,26.38
2023-09-16T18:00:00,0.0
2023-09-16T19:00:00,0.0
2023-09-16T20:00:00,0.0
2023-09-16T21:00:00,0.0
2023-09-16T22:00:00,0.0
2023-09-16T23:00:00,0.0
2023-09-17T00:00:00,0.0
2023-09-17T01:00:00,0.0
2023-09-17T02:00:00,0.0
2023-09-17T03:00:00,0.0
2023-09-17T04:00:00,0.0
2023-09-17T05:00:00,0.0
2023-09-17T06:00:00,37.75
2023-09-17T07:00:00,205.07
2023-09-17T08:00:00,372.05
2023-09-17T09:00:00,571.03
2023-09-17T10:00:00,744.83
2023-09-17T11:00:00,798.33
2023-09-17T12:00:00,786.12
2023-09-17T13:00:00,754.15
2023-09-17T14:00:00,678.6
2023-09-17T15:00:00,461.98
2023-09-17T16:00:00,248.68
2023-09-17T17:00:00,51.58
2023-09-17T18:00:00,0.0
2023-09-17T19:00:00,0.0
2023-09-17T20:00:00,0.0
2023-09-17T21:00:00,0.0
2023-09-17T22:00:00,0.0
2023-09-17T23:00:00,0.0
2023-09-18T00:00:00,0.0
2023-09-18T01:00:00,0.0
2023-09-18T02:00:00,0.0
2023-09-18T03:00:00,0.0
2023-09-18T04:00:00,0.0
2023-09-18T05:00:00,0.0
2023-09-18T06:00:00,51.85
2023-09-18T07:00:00,200.8
2023-09-18T08:00:00,321.95
2023-09-18T09:00:00,473.83
2023-09-18T10:00:00,527.75
2023-09-18T11:00:00,543.1
2023-09-18T12:00:00,507.8
2023-09-18T13:00:00,442.8
2023-09-18T14:00:00,325.1
2023-09-18T15:00:00,188.85
2023-09-18T16:00:00,136.5
2023-09-18T17:00:00,45.95
2023-09-18T18:00:00,0.0
2023-09-18T19:00:00,0.0
2023-09-18T20:00:00,0.0
2023-09-18T21:00:00,0.0
2023-09-18T22:00:00,0.0
2023-09-18T23:00:00,0.0
2023-09-19T00:00:00,0.0
2023-09-19T01:00:00,0.0
2023-09-19T02:00:00,0.0
2023-09-19T03:00:00,0.0
2023-09-19T04:00:00,0.0
2023-09-19T05:00:00,0.0
2023-09-19T06:00:00,53.7
2023-09-19T07:00:00,212.88
2023-09-19T08:00:00,404.35
2023-09-19T09:00:00,571.65
2023-09-19T10:00:00,723.4
2023-09-19T11:00:00,771.12
2023-09-19T12:00:00,803.72
2023-09-19T13:00:00,690.5
2023-09-19T14:00:00,591.22
2023-09-19T15:00:00,406.4
2023-09-19T16:00:00,231.25
2023-09-19T17:00:00,47.3
2023-09-19T18:00:00,0.0
2023-09-19T19:00:00,0.0
2023-09-19T20:00:00,0.0
2023-09-19T21:00:00,0.0
2023-09-19T22:00:00,0.0
2023-09-19T23:00:00,0.0
2023-09-20T00:00:00,0.0
2023-09-20T01:00:00,0.0
2023-09-20T02:00:00,0.0
2023-09-20T03:00:00,0.0
2023-09-20T04:00:00,0.0
2023-09-20T05:00:00,0.0
2023-09-20T06:00:00,46.5
2023-09-20T07:00:00,193.32
2023-09-20T08:00:00,425.55
2023-09-20T09:00:00,641.55
2023-09-20T10:00:00,766.25
2023-09-20T11:00:00,789.28
2023-09-20T12:00:00,855.7
2023-09-20T13:00:00,814.58
2023-09-20T14:00:00,636.47
2023-09-20T15:00:00,429.17
2023-09-20T16:00:00,228.75
2023-09-20T17:00:00,47.15
2023-09-20T18:00:00,0.0
2023-09-20T19:00:00,0.0
2023-09-20T20:00:00,0.0
2023-09-20T21:00:00,0.0
2023-09-20T22:00:00,0.0
2023-09-20T23:00:00,0.0
2023-09-21T00:00:00,0.0
2023-09-21T01:00:00,0.0
2023-09-21T02:00:00,0.0
2023-09-21T03:00:00,0.0
2023-09-21T04:00:00,0.0
2023-09-21T05:00:00,0.0
2023-09-21T06:00:00,53.62
2023-09-21T07:00:00,225.68
2023-09-21T08:00:00,440.65
2023-09-21T09:00:00,611.3
2023-09-21T10:00:00,735.9
2023-09-21T11:00:00,792.88
2023-09-21T12:00:00,807.25
2023-09-21T13:00:00,520.17
2023-09-21T14:00:00,559.15
2023-09-21T15:00:00,371.5
2023-09-21T16:00:00,185.1
2023-09-21T17:00:00,34.72
2023-09-21T18:00:00,0.0
2023-09-21T19:00:00,0.0
2023-09-21T20:00:00,0.0
2023-09-21T21:00:00,0.0
2023-09-21T22:00:00,0.0
2023-09-21T23:00:00,0.0
2023-09-22T00:00:00,0.0
2023-09-22T01:00:00,0.0
2023-09-22T02:00:00,0.0
2023-09-22T03:00:00,0.0
2023-09-22T04:00:00,0.0
2023-09-22T05:00:00,0.0
2023-09-22T06:00:00,45.85
2023-09-22T07:00:00,152.38
2023-09-22T08:00:00,276.92
2023-09-22T09:00:00,384.45
2023-09-22T10:00:00,418.05
2023-09-22T11:00:00,414.5
2023-09-22T12:00:00,532.53
2023-09-22T13:00:00,407.4
2023-09-22T14:00:00,336.62
2023-09-22T15:00:00,248.3
2023-09-22T16:00:00,136.2
2023-09-22T17:00:00,29.58
2023-09-22T18:00:00,0.0
2023-09-22T19:00:00,0.0
2023-09-22T20:00:00,0.0
2023-09-22T21:00:00,0.0
2023-09-22T22:00:00,0.0
2023-09-22T23:00:00,0.0
2023-09-23T00:00:00,0.0
2023-09-23T01:00:00,0.0
2023-09-23T02:00:00,0.0
2023-09-23T03:00:00,0.0
2023-09-23T04:00:00,0.0
2023-09-23T05:00:00,0.0
2023-09-23T06:00:00,51.58
2023-09-23T07:00:00,186.8
2023-09-23T08:00:00,364.77
2023-09-23T09:00:00,545.58
2023-09-23T10:00:00,717.72
2023-09-23T11:00:00,664.2
2023-09-23T12:00:00,698.33
2023-09-23T13:00:00,509.35
2023-09-23T14:00:00,375.45
2023-09-23T15:00:00,290.25
2023-09-23T16:00:00,140.4
2023-09-23T17:00:00,31.9
2023-09-23T18:00:00,0.0
2023-09-23T19:00:00,0.0
2023-09-23T20:00:00,0.0
2023-09-23T21:00:00,0.0
2023-09-23T22:00:00,0.0
2023-09-23T23:00:00,0.0
2023-09-24T00:00:00,0.0
2023-09-24T01:00:00,0.0
2023-09-24T02:00:00,0.0
2023-09-24T03:00:00,0.0
2023-09-24T04:00:00,0.0
2023-09-24T05:00:00,0.0
2023-09-24T06:00:00,45.38
2023-09-24T07:00:00,162.98
2023-09-24T08:00:00,310.3
2023-09-24T09:00:00,438.1
2023-09-24T10:00:00,645.62
2023-09-24T11:00:00,713.62
2023-09-24T12:00:00,508.73
2023-09-24T13:00:00,478.6
2023-09-24T14:00:00,384.17
2023-09-24T15:00:00,262.83
2023-09-24T16:00:00,127.3
2023-09-24T17:00:00,23.77
2023-09-24T18:00:00,0.0
2023-09-24T19:00:00,0.0
2023-09-24T20:00:00,0.0
2023-09-24T21:00:00,0.0
2023-09-24T22:00:00,0.0
2023-09-24T23:00:00,0.0
2023-09-25T00:00:00,0.0
2023-09-25T01:00:00,0.0
2023-09-25T02:00:00,0.0
2023-09-25T03:00:00,0.0
2023-09-25T04:00:00,0.0
2023-09-25T05:00:00,0.0
2023-09-25T06:00:00,39.83
2023-09-25T07:00:00,141.18
2023-09-25T08:00:00,271.15
2023-09-25T09:00:00,414.77
2023-09-25T10:00:00,494.67
2023-09-25T11:00:00,511.77
2023-09-25T12:00:00,623.53
2023-09-25T13:00:00,457.17
2023-09-25T14:00:00,506.8
2023-09-25T15:00:00,363.4
2023-09-25T16:00:00,203.68
2023-09-25T17:00:00,53.03
2023-09-25T18:00:00,0.0
2023-09-25T19:00:00,0.0
2023-09-25T20:00:00,0.0
2023-09-25T21:00:00,0.0
2023-09-25T22:00:00,0.0
2023-09-25T23:00:00,0.0
2023-09-26T00:00:00,0.0
2023-09-26T01:00:00,0.0
2023-09-26T02:00:00,0.0
2023-09-26T03:00:00,0.0
2023-09-26T04:00:00,0.0
2023-09-26T05:00:00,0.0
2023-09-26T06:00:00,29.35
2023-09-26T07:00:00,116.22
2023-09-26T08:00:00,250.98
2023-09-26T09:00:00,337.48
2023-09-26T10:00:00,408.95
2023-09-26T11:00:00,542.08
2023-09-26T12:00:00,557.92
2023-09-26T13:00:00,359.45
2023-09-26T14:00:00,398.25
2023-09-26T15:00:00,241.48
2023-09-26T16:00:00,117.1
2023-09-26T17:00:00,20.92
2023-09-26T18:00:00,0.0
2023-09-26T19:00:00,0.0
2023-09-26T20:00:00,0.0
2023-09-26T21:00:00,0.0
2023-09-26T22:00:00,0.0
2023-09-26T23:00:00,0.0
2023-09-27T00:00:00,0.0
2023-09-27T01:00:00,0.0
2023-09-27T02:00:00,0.0
2023-09-27T03:00:00,0.0
2023-09-27T04:00:00,0.0
2023-09-27T05:00:00,0.0
2023-09-27T06:00:00,43.12
2023-09-27T07:00:00,141.38
2023-09-27T08:00:00,251.85
2023-09-27T09:00:00,361.9
2023-09-27T10:00:00,434.12
2023-09-27T11:00:00,486.02
2023-09-27T12:00:00,475.3
2023-09-27T13:00:00,492.1
2023-09-27T14:00:00,368.75
2023-09-27T15:00:00,191.55
2023-09-27T16:00:00,134.9
2023-09-27T17:00:00,33.47
2023-09-27T18:00:00,0.0
2023-09-27T19:00:00,0.0
2023-09-27T20:00:00,0.0
2023-09-27T21:00:00,0.0
2023-09-27T22:00:00,0.0
2023-09-27T23:00:00,0.0
2023-09-28T00:00:00,0.0
2023-09-28T01:00:00,0.0
2023-09-28T02:00:00,0.0
2023-09-28T03:00:00,0.0
2023-09-28T04:00:00,0.0
2023-09-28T05:00:00,0.0
2023-09-28T06:00:00,52.72
2023-09-28T07:00:00,143.7
2023-09-28T08:00:00,226.32
2023-09-28T09:00:00,376.27
2023-09-28T10:00:00,548.28
2023-09-28T11:00:00,659.35
2023-09-28T12:00:00,606.95
2023-09-28T13:00:00,573.5
2023-09-28T14:00:00,466.5
2023-09-28T15:00:00,245.5
2023-09-28T16:00:00,141.88
2023-09-28T17:00:00,32.75
2023-09-28T18:00:00,0.0
2023-09-28T19:00:00,0.0
2023-09-28T20:00:00,0.0
2023-09-28T21:00:00,0.0
2023-09-28T22:00:00,0.0
2023-09-28T23:00:00,0.0
2023-09-29T00:00:00,0.0
2023-09-29T01:00:00,0.0
2023-09-29T02:00:00,0.0
2023-09-29T03:00:00,0.0
2023-09-29T04:00:00,0.0
2023-09-29T05:00:00,0.0
2023-09-29T06:00:00,53.35
2023-09-29T07:00:00,151.93
2023-09-29T08:00:00,223.65
2023-09-29T09:00:00,363.42
2023-09-29T10:00:00,454.6
2023-09-29T11:00:00,523.47
2023-09-29T12:00:00,552.3
2023-09-29T13:00:00,426.4
2023-09-29T14:00:00,300.17
2023-09-29T15:00:00,227.82
2023-09-29T16:00:00,128.98
2023-09-29T17:00:00,35.55
2023-09-29T18:00:00,0.0
2023-09-29T19:00:00,0.0
2023-09-29T20:00:00,0.0
2023-09-29T21:00:00,0.0
2023-09-29T22:00:00,0.0
2023-09-29T23:00:00,0.0
2023-09-30T00:00:00,0.0
2023-09-30T01:00:00,0.0
2023-09-30T02:00:00,0.0
2023-09-30T03:00:00,0.0
2023-09-30T04:00:00,0.0
2023-09-30T05:00:00,0.0
2023-09-30T06:00:00,65.85
2023-09-30T07:00:00,236.1
2023-09-30T08:00:00,470.95
2023-09-30T09:00:00,524.88
2023-09-30T10:00:00,654.6
2023-09-30T11:00:00,832.97
2023-09-30T12:00:00,725.67
2023-09-30T13:00:00,631.67
2023-09-30T14:00:00,486.42
2023-09-30T15:00:00,284.62
2023-09-30T16:00:00,159.57
2023-09-30T17:00:00,36.53
2023-09-30T18:00:00,0.0
2023-09-30T19:00:00,0.0
2023-09-30T20:00:00,0.0
2023-09-30T21:00:00,0.0
2023-09-30T22:00:00,0.0
2023-09-30T23:00:00,0.0
2023-10-01T00:00:00,0.0
2023-10-01T01:00:00,0.0
2023-10-01T02:00:00,0.0
2023-10-01T03:00:00,0.0
2023-10-01T04:00:00,0.0
2023-10-01T05:00:00,0.0
2023-10-01T06:00:00,65.68
2023-10-01T07:00:00,238.35
2023-10-01T08:00:00,464.88
2023-10-01T09:00:00,658.05
2023-10-01T10:00:00,783.78
2023-10-01T11:00:00,860.12
2023-10-01T12:00:00,865.15
2023-10-01T13:00:00,804.42
2023-10-01T14:00:00,673.58
2023-10-01T15:00:00,450.15
2023-10-01T16:00:00,235.2
2023-10-01T17:00:00,52.67
2023-10-01T18:00:00,0.0
2023-10-01T19:00:00,0.0
2023-10-01T20:00:00,0.0
2023-10-01T21:00:00,0.0
2023-10-01T22:00:00,0.0
2023-10-01T23:00:00,0.0
2023-10-02T00:00:00,0.0
2023-10-02T01:00:00,0.0
2023-10-02T02:00:00,0.0
2023-10-02T03:00:00,0.0
2023-10-02T04:00:00,0.0
2023-10-02T05:00:00,0.0
2023-10-02T06:00:00,73.22
2023-10-02T07:00:00,237.82
2023-10-02T08:00:00,443.38
2023-10-02T09:00:00,507.23
2023-10-02T10:00:00,638.35
2023-10-02T11:00:00,696.5
2023-10-02T12:00:00,688.22
2023-10-02T13:00:00,641.15
2023-10-02T14:00:00,492.08
2023-10-02T15:00:00,307.42
2023-10-02T16:00:00,174.9
2023-10-02T17:00:00,40.42
2023-10-02T18:00:00,0.0
2023-10-02T19:00:00,0.0
2023-10-02T20:00:00,0.0
2023-10-02T21:00:00,0.0
2023-10-02T22:00:00,0.0
2023-10-02T23:00:00,0.0
2023-10-03T00:00:00,0.0
2023-10-03T01:00:00,0.0
2023-10-03T02:00:00,0.0
2023-10-03T03:00:00,0.0
2023-10-03T04:00:00,0.0
2023-10-03T05:00:00,0.0
2023-10-03T06:00:00,77.8
2023-10-03T07:00:00,230.1
2023-10-03T08:00:00,414.15
2023-10-03T09:00:00,600.65
2023-10-03T10:00:00,734.85
2023-10-03T11:00:00,716.1
2023-10-03T12:00:00,658.2
2023-10-03T13:00:00,630.8
2023-10-03T14:00:00,362.98
2023-10-03T15:00:00,294.1
2023-10-03T16:00:00,161.35
2023-10-03T17:00:00,25.65
2023-10-03T18:00:00,0.0
2023-10-03T19:00:00,0.0
2023-10-03T20:00:00,0.0
2023-10-03T21:00:00,0.0
2023-10-03T22:00:00,0.0
2023-10-03T23:00:00,0.0
2023-10-04T00:00:00,0.0
2023-10-04T01:00:00,0.0
2023-10-04T02:00:00,0.0
2023-10-04T03:00:00,0.0
2023-10-04T04:00:00,0.0
2023-10-04T05:00:00,0.0
2023-10-04T06:00:00,25.02
2023-10-04T07:00:00,101.62
2023-10-04T08:00:00,153.35
2023-10-04T09:00:00,319.3
2023-10-04T10:00:00,287.65
2023-10-04T11:00:00,324.05
2023-10-04T12:00:00,320.83
2023-10-04T13:00:00,246.93
2023-10-04T14:00:00,120.65
2023-10-04T15:00:00,89.7
2023-10-04T16:00:00,60.47
2023-10-04T17:00:00,6.4
2023-10-04T18:00:00,0.0
2023-10-04T19:00:00,0.0
2023-10-04T20:00:00,0.0
2023-10-04T21:00:00,0.0
2023-10-04T22:00:00,0.0
2023-10-04T23:00:00,0.0
2023-10-05T00:00:00,0.0
2023-10-05T01:00:00,0.0
2023-10-05T02:00:00,0.0
2023-10-05T03:00:00,0.0
2023-10-05T04:00:00,0.0
2023-10-05T05:00:00,0.0
2023-10-05T06:00:00,52.85
2023-10-05T07:00:00,183.05
2023-10-05T08:00:00,331.4
2023-10-05T09:00:00,495.15
2023-10-05T10:00:00,733.38
2023-10-05T11:00:00,828.45
2023-10-05T12:00:00,863.8
2023-10-05T13:00:00,885.65
2023-10-05T14:00:00,716.75
2023-10-05T15:00:00,510.73
2023-10-05T16:00:00,249.68
2023-10-05T17:00:00,60.62
2023-10-05T18:00:00,0.0
2023-10-05T19:00:00,0.0
2023-10-05T20:00:00,0.0
2023-10-05T21:00:00,0.0
2023-10-05T22:00:00,0.0
2023-10-05T23:00:00,0.0
2023-10-06T00:00:00,0.0
2023-10-06T01:00:00,0.0
2023-10-06T02:00:00,0.0
2023-10-06T03:00:00,0.0
2023-10-06T04:00:00,0.0
2023-10-06T05:00:00,0.0
2023-10-06T06:00:00,87.3
2023-10-06T07:00:00,246.57
2023-10-06T08:00:00,431.92
2023-10-06T09:00:00,622.62
2023-10-06T10:00:00,786.42
2023-10-06T11:00:00,859.5
2023-10-06T12:00:00,681.53
2023-10-06T13:00:00,561.38
2023-10-06T14:00:00,613.65
2023-10-06T15:00:00,431.55
2023-10-06T16:00:00,233.0
2023-10-06T17:00:00,59.3
2023-10-06T18:00:00,0.0
2023-10-06T19:00:00,0.0
2023-10-06T20:00:00,0.0
2023-10-06T21:00:00,0.0
2023-10-06T22:00:00,0.0
2023-10-06T23:00:00,0.0
2023-10-07T00:00:00,0.0
2023-10-07T01:00:00,0.0
2023-10-07T02:00:00,0.0
2023-10-07T03:00:00,0.0
2023-10-07T04:00:00,0.0
2023-10-07T05:00:00,0.0
2023-10-07T06:00:00,97.65
2023-10-07T07:00:00,296.52
2023-10-07T08:00:00,514.62
2023-10-07T09:00:00,712.1
2023-10-07T10:00:00,868.25
2023-10-07T11:00:00,926.0
2023-10-07T12:00:00,936.45
2023-10-07T13:00:00,889.72
2023-10-07T14:00:00,737.72
2023-10-07T15:00:00,538.12
2023-10-07T16:00:00,279.02
2023-10-07T17:00:00,61.65
2023-10-07T18:00:00,0.0
2023-10-07T19:00:00,0.0
2023-10-07T20:00:00,0.0
2023-10-07T21:00:00,0.0
2023-10-07T22:00:00,0.0
2023-10-07T23:00:00,0.0
2023-10-08T00:00:00,0.0
2023-10-08T01:00:00,0.0
2023-10-08T02:00:00,0.0
2023-10-08T03:00:00,0.0
2023-10-08T04:00:00,0.0
2023-10-08T05:00:00,0.0
2023-10-08T06:00:00,91.12
2023-10-08T07:00:00,287.3
2023-10-08T08:00:00,497.75
2023-10-08T09:00:00,687.78
2023-10-08T10:00:00,837.95
2023-10-08T11:00:00,870.58
2023-10-08T12:00:00,841.3
2023-10-08T13:00:00,769.78
2023-10-08T14:00:00,619.85
2023-10-08T15:00:00,406.12
2023-10-08T16:00:00,206.5
2023-10-08T17:00:00,40.9
2023-10-08T18:00:00,0.0
2023-10-08T19:00:00,0.0
2023-10-08T20:00:00,0.0
2023-10-08T21:00:00,0.0
2023-10-08T22:00:00,0.0
2023-10-08T23:00:00,0.0
2023-10-09T00:00:00,0.0
2023-10-09T01:00:00,0.0
2023-10-09T02:00:00,0.0
2023-10-09T03:00:00,0.0
2023-10-09T04:00:00,0.0
2023-10-09T05:00:00,0.0
2023-10-09T06:00:00,121.3
2023-10-09T07:00:00,355.23
2023-10-09T08:00:00,588.47
2023-10-09T09:00:00,729.92
2023-10-09T10:00:00,756.75
2023-10-09T11:00:00,752.45
2023-10-09T12:00:00,707.78
2023-10-09T13:00:00,555.97
2023-10-09T14:00:00,422.2
2023-10-09T15:00:00,240.9
2023-10-09T16:00:00,147.7
2023-10-09T17:00:00,47.28
2023-10-09T18:00:00,0.0
2023-10-09T19:00:00,0.0
2023-10-09T20:00:00,0.0
2023-10-09T21:00:00,0.0
2023-10-09T22:00:00,0.0
2023-10-09T23:00:00,0.0
2023-10-10T00:00:00,0.0
2023-10-10T01:00:00,0.0
2023-10-10T02:00:00,0.0
2023-10-10T03:00:00,0.0
2023-10-10T04:00:00,0.0
2023-10-10T05:00:00,0.0
2023-10-10T06:00:00,97.65
2023-10-10T07:00:00,292.48
2023-10-10T08:00:00,509.92
2023-10-10T09:00:00,706.9
2023-10-10T10:00:00,778.5
2023-10-10T11:00:00,977.2
2023-10-10T12:00:00,972.78
2023-10-10T13:00:00,918.28
2023-10-10T14:00:00,754.4
2023-10-10T15:00:00,556.85
2023-10-10T16:00:00,293.62
2023-10-10T17:00:00,68.18
2023-10-10T18:00:00,0.0
2023-10-10T19:00:00,0.0
2023-10-10T20:00:00,0.0
2023-10-10T21:00:00,0.0
2023-10-10T22:00:00,0.0
2023-10-10T23:00:00,0.0
2023-10-11T00:00:00,0.0
2023-10-11T01:00:00,0.0
2023-10-11T02:00:00,0.0
2023-10-11T03:00:00,0.0
2023-10-11T04:00:00,0.0
2023-10-11T05:00:00,0.0
2023-10-11T06:00:00,79.97
2023-10-11T07:00:00,220.7
2023-10-11T08:00:00,495.23
2023-10-11T09:00:00,562.1
2023-10-11T10:00:00,809.05
2023-10-11T11:00:00,944.7
2023-10-11T12:00:00,954.38
2023-10-11T13:00:00,880.28
2023-10-11T14:00:00,702.42
2023-10-11T15:00:00,480.75
2023-10-11T16:00:00,247.12
2023-10-11T17:00:00,54.4
2023-10-11T18:00:00,0.0
2023-10-11T19:00:00,0.0
2023-10-11T20:00:00,0.0
2023-10-11T21:00:00,0.0
2023-10-11T22:00:00,0.0
2023-10-11T23:00:00,0.0
2023-10-12T00:00:00,0.0
2023-10-12T01:00:00,0.0
2023-10-12T02:00:00,0.0
2023-10-12T03:00:00,0.0
2023-10-12T04:00:00,0.0
2023-10-12T05:00:00,0.0
2023-10-12T06:00:00,125.28
2023-10-12T07:00:00,352.92
2023-10-12T08:00:00,574.53
2023-10-12T09:00:00,707.85
2023-10-12T10:00:00,634.53
2023-10-12T11:00:00,670.2
2023-10-12T12:00:00,628.67
2023-10-12T13:00:00,514.97
2023-10-12T14:00:00,381.2
2023-10-12T15:00:00,335.12
2023-10-12T16:00:00,166.07
2023-10-12T17:00:00,35.2
2023-10-12T18:00:00,0.0
2023-10-12T19:00:00,0.0
2023-10-12T20:00:00,0.0
2023-10-12T21:00:00,0.0
2023-10-12T22:00:00,0.0
2023-10-12T23:00:00,0.0
2023-10-13T00:00:00,0.0
2023-10-13T01:00:00,0.0
2023-10-13T02:00:00,0.0
2023-10-13T03:00:00,0.0
2023-10-13T04:00:00,0.0
2023-10-13T05:00:00,3.08
2023-10-13T06:00:00,66.25
2023-10-13T07:00:00,223.02
2023-10-13T08:00:00,376.05
2023-10-13T09:00:00,582.42
2023-10-13T10:00:00,732.03
2023-10-13T11:00:00,749.4
2023-10-13T12:00:00,653.88
2023-10-13T13:00:00,465.12
2023-10-13T14:00:00,375.85
2023-10-13T15:00:00,288.15
2023-10-13T16:00:00,138.6
2023-10-13T17:00:00,35.1
2023-10-13T18:00:00,0.0
2023-10-13T19:00:00,0.0
2023-10-13T20:00:00,0.0
2023-10-13T21:00:00,0.0
2023-10-13T22:00:00,0.0
2023-10-13T23:00:00,0.0
2023-10-14T00:00:00,0.0
2023-10-14T01:00:00,0.0
2023-10-14T02:00:00,0.0
2023-10-14T03:00:00,0.0
2023-10-14T04:00:00,0.0
2023-10-14T05:00:00,1.48
2023-10-14T06:00:00,46.65
2023-10-14T07:00:00,131.35
2023-10-14T08:00:00,255.6
2023-10-14T09:00:00,385.15
2023-10-14T10:00:00,526.97
2023-10-14T11:00:00,595.8
2023-10-14T12:00:00,616.88
2023-10-14T13:00:00,524.3
2023-10-14T14:00:00,378.5
2023-10-14T15:00:00,193.55
2023-10-14T16:00:00,144.98
2023-10-14T17:00:00,50.7
2023-10-14T18:00:00,0.0
2023-10-14T19:00:00,0.0
2023-10-14T20:00:00,0.0
2023-10-14T21:00:00,0.0
2023-10-14T22:00:00,0.0
2023-10-14T23:00:00,0.0
2023-10-15T00:00:00,0.0
2023-10-15T01:00:00,0.0
2023-10-15T02:00:00,0.0
2023-10-15T03:00:00,0.0
2023-10-15T04:00:00,0.0
2023-10-15T05:00:00,3.2
2023-10-15T06:00:00,81.45
2023-10-15T07:00:00,243.75
2023-10-15T08:00:00,436.05
2023-10-15T09:00:00,574.38
2023-10-15T10:00:00,647.4
2023-10-15T11:00:00,605.78
2023-10-15T12:00:00,586.45
2023-10-15T13:00:00,501.15
2023-10-15T14:00:00,494.67
2023-10-15T15:00:00,323.77
2023-10-15T16:00:00,169.07
2023-10-15T17:00:00,37.88
2023-10-15T18:00:00,0.0
2023-10-15T19:00:00,0.0
2023-10-15T20:00:00,0.0
2023-10-15T21:00:00,0.0
2023-10-15T22:00:00,0.0
2023-10-15T23:00:00,0.0
2023-10-16T00:00:00,0.0
2023-10-16T01:00:00,0.0
2023-10-16T02:00:00,0.0
2023-10-16T03:00:00,0.0
2023-10-16T04:00:00,0.0
2023-10-16T05:00:00,3.47
2023-10-16T06:00:00,108.57
2023-10-16T07:00:00,302.67
2023-10-16T08:00:00,531.9
2023-10-16T09:00:00,678.35
2023-10-16T10:00:00,829.78
2023-10-16T11:00:00,920.42
2023-10-16T12:00:00,844.17
2023-10-16T13:00:00,707.22
2023-10-16T14:00:00,627.55
2023-10-16T15:00:00,491.12
2023-10-16T16:00:00,280.48
2023-10-16T17:00:00,78.3
2023-10-16T18:00:00,0.0
2023-10-16T19:00:00,0.0
2023-10-16T20:00:00,0.0
2023-10-16T21:00:00,0.0
2023-10-16T22:00:00,0.0
2023-10-16T23:00:00,0.0
2023-10-17T00:00:00,0.0
2023-10-17T01:00:00,0.0
2023-10-17T02:00:00,0.0
2023-10-17T03:00:00,0.0
2023-10-17T04:00:00,0.0
2023-10-17T05:00:00,4.8
2023-10-17T06:00:00,101.47
2023-10-17T07:00:00,243.0
2023-10-17T08:00:00,418.85
2023-10-17T09:00:00,574.25
2023-10-17T10:00:00,757.83
2023-10-17T11:00:00,858.92
2023-10-17T12:00:00,770.12
2023-10-17T13:00:00,726.28
2023-10-17T14:00:00,569.97
2023-10-17T15:00:00,407.85
2023-10-17T16:00:00,204.32
2023-10-17T17:00:00,56.7
2023-10-17T18:00:00,0.0
2023-10-17T19:00:00,0.0
2023-10-17T20:00:00,0.0
2023-10-17T21:00:00,0.0
2023-10-17T22:00:00,0.0
2023-10-17T23:00:00,0.0
2023-10-18T00:00:00,0.0
2023-10-18T01:00:00,0.0
2023-10-18T02:00:00,0.0
2023-10-18T03:00:00,0.0
2023-10-18T04:00:00,0.0
2023-10-18T05:00:00,4.5
2023-10-18T06:00:00,117.6
2023-10-18T07:00:00,293.75
2023-10-18T08:00:00,561.88
2023-10-18T09:00:00,754.2
2023-10-18T10:00:00,887.38
2023-10-18T11:00:00,960.0
2023-10-18T12:00:00,915.22
2023-10-18T13:00:00,869.97
2023-10-18T14:00:00,723.3
2023-10-18T15:00:00,536.28
2023-10-18T16:00:00,299.05
2023-10-18T17:00:00,76.7
2023-10-18T18:00:00,0.0
2023-10-18T19:00:00,0.0
2023-10-18T20:00:00,0.0
2023-10-18T21:00:00,0.0
2023-10-18T22:00:00,0.0
2023-10-18T23:00:00,0.0
2023-10-19T00:00:00,0.0
2023-10-19T01:00:00,0.0
2023-10-19T02:00:00,0.0
2023-10-19T03:00:00,0.0
2023-10-19T04:00:00,0.0
2023-10-19T05:00:00,5.47
2023-10-19T06:00:00,138.9
2023-10-19T07:00:00,373.77
2023-10-19T08:00:00,599.88
2023-10-19T09:00:00,810.62
2023-10-19T10:00:00,936.03
2023-10-19T11:00:00,991.62
2023-10-19T12:00:00,937.25
2023-10-19T13:00:00,892.4
2023-10-19T14:00:00,750.67
2023-10-19T15:00:00,533.97
2023-10-19T16:00:00,303.88
2023-10-19T17:00:00,80.43
2023-10-19T18:00:00,0.0
2023-10-19T19:00:00,0.0
2023-10-19T20:00:00,0.0
2023-10-19T21:00:00,0.0
2023-10-19T22:00:00,0.0
2023-10-19T23:00:00,0.0
2023-10-20T00:00:00,0.0
2023-10-20T01:00:00,0.0
2023-10-20T02:00:00,0.0
2023-10-20T03:00:00,0.0
2023-10-20T04:00:00,0.0
2023-10-20T05:00:00,4.65
2023-10-20T06:00:00,106.1
2023-10-20T07:00:00,266.1
2023-10-20T08:00:00,571.6
2023-10-20T09:00:00,723.3
2023-10-20T10:00:00,925.25
2023-10-20T11:00:00,994.85
2023-10-20T12:00:00,953.3
2023-10-20T13:00:00,866.4
2023-10-20T14:00:00,733.1
2023-10-20T15:00:00,500.3
2023-10-20T16:00:00,285.25
2023-10-20T17:00:00,67.5
2023-10-20T18:00:00,0.0
2023-10-20T19:00:00,0.0
2023-10-20T20:00:00,0.0
2023-10-20T21:00:00,0.0
2023-10-20T22:00:00,0.0
2023-10-20T23:00:00,0.0
2023-10-21T00:00:00,0.0
2023-10-21T01:00:00,0.0
2023-10-21T02:00:00,0.0
2023-10-21T03:00:00,0.0
2023-10-21T04:00:00,0.0
2023-10-21T05:00:00,6.12
2023-10-21T06:00:00,138.73
2023-10-21T07:00:00,370.33
2023-10-21T08:00:00,606.1
2023-10-21T09:00:00,794.95
2023-10-21T10:00:00,887.55
2023-10-21T11:00:00,977.4
2023-10-21T12:00:00,963.78
2023-10-21T13:00:00,890.65
2023-10-21T14:00:00,722.2
2023-10-21T15:00:00,520.4
2023-10-21T16:00:00,287.67
2023-10-21T17:00:00,70.32
2023-10-21T18:00:00,0.0
2023-10-21T19:00:00,0.0
2023-10-21T20:00:00,0.0
2023-10-21T21:00:00,0.0
2023-10-21T22:00:00,0.0
2023-10-21T23:00:00,0.0
2023-10-22T00:00:00,0.0
2023-10-22T01:00:00,0.0
2023-10-22T02:00:00,0.0
2023-10-22T03:00:00,0.0
2023-10-22T04:00:00,0.0
2023-10-22T05:00:00,6.18
2023-10-22T06:00:00,115.15
2023-10-22T07:00:00,310.8
2023-10-22T08:00:00,522.05
2023-10-22T09:00:00,692.17
2023-10-22T10:00:00,774.42
2023-10-22T11:00:00,907.28
2023-10-22T12:00:00,866.7
2023-10-22T13:00:00,718.28
2023-10-22T14:00:00,635.0
2023-10-22T15:00:00,406.8
2023-10-22T16:00:00,214.57
2023-10-22T17:00:00,50.22
2023-10-22T18:00:00,0.0
2023-10-22T19:00:00,0.0
2023-10-22T20:00:00,0.0
2023-10-22T21:00:00,0.0
2023-10-22T22:00:00,0.0
2023-10-22T23:00:00,0.0
2023-10-23T00:00:00,0.0
2023-10-23T01:00:00,0.0
2023-10-23T02:00:00,0.0
2023-10-23T03:00:00,0.0
2023-10-23T04:00:00,0.0
2023-10-23T05:00:00,3.95
2023-10-23T06:00:00,75.82
2023-10-23T07:00:00,184.9
2023-10-23T08:00:00,291.12
2023-10-23T09:00:00,405.6
2023-10-23T10:00:00,416.95
2023-10-23T11:00:00,381.8
2023-10-23T12:00:00,430.25
2023-10-23T13:00:00,347.2
2023-10-23T14:00:00,250.23
2023-10-23T15:00:00,210.55
2023-10-23T16:00:00,99.7
2023-10-23T17:00:00,15.98
2023-10-23T18:00:00,0.0
2023-10-23T19:00:00,0.0
2023-10-23T20:00:00,0.0
2023-10-23T21:00:00,0.0
2023-10-23T22:00:00,0.0
2023-10-23T23:00:00,0.0
2023-10-24T00:00:00,0.0
2023-10-24T01:00:00,0.0
2023-10-24T02:00:00,0.0
2023-10-24T03:00:00,0.0
2023-10-24T04:00:00,0.0
2023-10-24T05:00:00,3.47
2023-10-24T06:00:00,98.68
2023-10-24T07:00:00,204.85
2023-10-24T08:00:00,355.17
2023-10-24T09:00:00,407.77
2023-10-24T10:00:00,655.12
2023-10-24T11:00:00,708.38
2023-10-24T12:00:00,723.35
2023-10-24T13:00:00,627.55
2023-10-24T14:00:00,425.8
2023-10-24T15:00:00,271.9
2023-10-24T16:00:00,149.4
2023-10-24T17:00:00,36.38
2023-10-24T18:00:00,0.0
2023-10-24T19:00:00,0.0
2023-10-24T20:00:00,0.0
2023-10-24T21:00:00,0.0
2023-10-24T22:00:00,0.0
2023-10-24T23:00:00,0.0
2023-10-25T00:00:00,0.0
2023-10-25T01:00:00,0.0
2023-10-25T02:00:00,0.0
2023-10-25T03:00:00,0.0
2023-10-25T04:00:00,0.0
2023-10-25T05:00:00,5.85
2023-10-25T06:00:00,84.43
2023-10-25T07:00:00,239.6
2023-10-25T08:00:00,423.23
2023-10-25T09:00:00,601.2
2023-10-25T10:00:00,740.92
2023-10-25T11:00:00,853.53
2023-10-25T12:00:00,812.33
2023-10-25T13:00:00,691.47
2023-10-25T14:00:00,566.1
2023-10-25T15:00:00,362.62
2023-10-25T16:00:00,200.43
2023-10-25T17:00:00,48.15
2023-10-25T18:00:00,0.0
2023-10-25T19:00:00,0.0
2023-10-25T20:00:00,0.0
2023-10-25T21:00:00,0.0
2023-10-25T22:00:00,0.0
2023-10-25T23:00:00,0.0
2023-10-26T00:00:00,0.0
2023-10-26T01:00:00,0.0
2023-10-26T02:00:00,0.0
2023-10-26T03:00:00,0.0
2023-10-26T04:00:00,0.0
2023-10-26T05:00:00,4.3
2023-10-26T06:00:00,74.05
2023-10-26T07:00:00,207.35
2023-10-26T08:00:00,366.65
2023-10-26T09:00:00,520.65
2023-10-26T10:00:00,701.75
2023-10-26T11:00:00,748.7
2023-10-26T12:00:00,760.85
2023-10-26T13:00:00,647.95
2023-10-26T14:00:00,431.7
2023-10-26T15:00:00,318.7
2023-10-26T16:00:00,168.0
2023-10-26T17:00:00,47.83
2023-10-26T18:00:00,0.0
2023-10-26T19:00:00,0.0
2023-10-26T20:00:00,0.0
2023-10-26T21:00:00,0.0
2023-10-26T22:00:00,0.0
2023-10-26T23:00:00,0.0
2023-10-27T00:00:00,0.0
2023-10-27T01:00:00,0.0
2023-10-27T02:00:00,0.0
2023-10-27T03:00:00,0.0
2023-10-27T04:00:00,0.0
2023-10-27T05:00:00,6.8
2023-10-27T06:00:00,115.5
2023-10-27T07:00:00,310.12
2023-10-27T08:00:00,529.65
2023-10-27T09:00:00,647.03
2023-10-27T10:00:00,673.25
2023-10-27T11:00:00,685.42
2023-10-27T12:00:00,672.17
2023-10-27T13:00:00,669.47
2023-10-27T14:00:00,617.92
2023-10-27T15:00:00,468.35
2023-10-27T16:00:00,265.08
2023-10-27T17:00:00,80.9
2023-10-27T18:00:00,0.0
2023-10-27T19:00:00,0.0
2023-10-27T20:00:00,0.0
2023-10-27T21:00:00,0.0
2023-10-27T22:00:00,0.0
2023-10-27T23:00:00,0.0
2023-10-28T00:00:00,0.0
2023-10-28T01:00:00,0.0
2023-10-28T02:00:00,0.0
2023-10-28T03:00:00,0.0
2023-10-28T04:00:00,0.0
2023-10-28T05:00:00,8.3
2023-10-28T06:00:00,136.75
2023-10-28T07:00:00,354.48
2023-10-28T08:00:00,565.12
2023-10-28T09:00:00,756.62
2023-10-28T10:00:00,904.83
2023-10-28T11:00:00,952.58
2023-10-28T12:00:00,929.3
2023-10-28T13:00:00,840.0
2023-10-28T14:00:00,702.75
2023-10-28T15:00:00,509.0
2023-10-28T16:00:00,292.62
2023-10-28T17:00:00,83.68
2023-10-28T18:00:00,0.0
2023-10-28T19:00:00,0.0
2023-10-28T20:00:00,0.0
2023-10-28T21:00:00,0.0
2023-10-28T22:00:00,0.0
2023-10-28T23:00:00,0.0
2023-10-29T00:00:00,0.0
2023-10-29T01:00:00,0.0
2023-10-29T02:00:00,0.0
2023-10-29T03:00:00,0.0
2023-10-29T04:00:00,0.0
2023-10-29T05:00:00,8.45
2023-10-29T06:00:00,130.12
2023-10-29T07:00:00,320.4
2023-10-29T08:00:00,515.05
2023-10-29T09:00:00,705.55
2023-10-29T10:00:00,862.7
2023-10-29T11:00:00,970.45
2023-10-29T12:00:00,992.62
2023-10-29T13:00:00,881.67
2023-10-29T14:00:00,762.35
2023-10-29T15:00:00,504.92
2023-10-29T16:00:00,284.8
2023-10-29T17:00:00,78.8
2023-10-29T18:00:00,0.0
2023-10-29T19:00:00,0.0
2023-10-29T20:00:00,0.0
2023-10-29T21:00:00,0.0
2023-10-29T22:00:00,0.0
2023-10-29T23:00:00,0.0
2023-10-30T00:00:00,0.0
2023-10-30T01:00:00,0.0
2023-10-30T02:00:00,0.0
2023-10-30T03:00:00,0.0
2023-10-30T04:00:00,0.0
2023-10-30T05:00:00,11.07
2023-10-30T06:00:00,174.77
2023-10-30T07:00:00,406.38
2023-10-30T08:00:00,624.12
2023-10-30T09:00:00,816.2
2023-10-30T10:00:00,948.5
2023-10-30T11:00:00,1006.85
2023-10-30T12:00:00,963.3
2023-10-30T13:00:00,884.35
2023-10-30T14:00:00,727.38
2023-10-30T15:00:00,545.8
2023-10-30T16:00:00,318.95
2023-10-30T17:00:00,94.88
2023-10-30T18:00:00,0.0
2023-10-30T19:00:00,0.0
2023-10-30T20:00:00,0.0
2023-10-30T21:00:00,0.0
2023-10-30T22:00:00,0.0
2023-10-30T23:00:00,0.0
2023-10-31T00:00:00,0.0
2023-10-31T01:00:00,0.0
2023-10-31T02:00:00,0.0
2023-10-31T03:00:00,0.0
2023-10-31T04:00:00,0.0
2023-10-31T05:00:00,10.8
2023-10-31T06:00:00,137.43
2023-10-31T07:00:00,288.45
2023-10-31T08:00:00,460.95
2023-10-31T09:00:00,638.75
2023-10-31T10:00:00,794.67
2023-10-31T11:00:00,876.3
2023-10-31T12:00:00,871.62
2023-10-31T13:00:00,842.47
2023-10-31T14:00:00,664.15
2023-10-31T15:00:00,434.75
2023-10-31T16:00:00,243.9
2023-10-31T17:00:00,84.5
2023-10-31T18:00:00,0.0
2023-10-31T19:00:00,0.0
2023-10-31T20:00:00,0.0
2023-10-31T21:00:00,0.0
2023-10-31T22:00:00,0.0
2023-10-31T23:00:00,0.0
2023-11-01T00:00:00,0.0
2023-11-01T01:00:00,0.0
2023-11-01T02:00:00,0.0
2023-11-01T03:00:00,0.0
2023-11-01T04:00:00,0.0
2023-11-01T05:00:00,10.18
2023-11-01T06:00:00,146.85
2023-11-01T07:00:00,349.23
2023-11-01T08:00:00,536.38
2023-11-01T09:00:00,646.42
2023-11-01T10:00:00,799.08
2023-11-01T11:00:00,919.12
2023-11-01T12:00:00,879.62
2023-11-01T13:00:00,768.35
2023-11-01T14:00:00,585.38
2023-11-01T15:00:00,380.67
2023-11-01T16:00:00,232.93
2023-11-01T17:00:00,87.12
2023-11-01T18:00:00,0.0
2023-11-01T19:00:00,0.0
2023-11-01T20:00:00,0.0
2023-11-01T21:00:00,0.0
2023-11-01T22:00:00,0.0
2023-11-01T23:00:00,0.0
2023-11-02T00:00:00,0.0
2023-11-02T01:00:00,0.0
2023-11-02T02:00:00,0.0
2023-11-02T03:00:00,0.0
2023-11-02T04:00:00,0.0
2023-11-02T05:00:00,10.93
2023-11-02T06:00:00,149.02
2023-11-02T07:00:00,337.0
2023-11-02T08:00:00,543.42
2023-11-02T09:00:00,710.05
2023-11-02T10:00:00,837.47
2023-11-02T11:00:00,910.62
2023-11-02T12:00:00,886.22
2023-11-02T13:00:00,861.95
2023-11-02T14:00:00,730.92
2023-11-02T15:00:00,536.15
2023-11-02T16:00:00,312.5
2023-11-02T17:00:00,96.1
2023-11-02T18:00:00,0.0
2023-11-02T19:00:00,0.0
2023-11-02T20:00:00,0.0
2023-11-02T21:00:00,0.0
2023-11-02T22:00:00,0.0
2023-11-02T23:00:00,0.0
2023-11-03T00:00:00,0.0
2023-11-03T01:00:00,0.0
2023-11-03T02:00:00,0.0
2023-11-03T03:00:00,0.0
2023-11-03T04:00:00,0.0
2023-11-03T05:00:00,10.75
2023-11-03T06:00:00,132.45
2023-11-03T07:00:00,278.8
2023-11-03T08:00:00,544.28
2023-11-03T09:00:00,735.05
2023-11-03T10:00:00,821.1
2023-11-03T11:00:00,880.12
2023-11-03T12:00:00,867.12
2023-11-03T13:00:00,858.78
2023-11-03T14:00:00,694.53
2023-11-03T15:00:00,479.85
2023-11-03T16:00:00,260.0
2023-11-03T17:00:00,74.75
2023-11-03T18:00:00,0.0
2023-11-03T19:00:00,0.0
2023-11-03T20:00:00,0.0
2023-11-03T21:00:00,0.0
2023-11-03T22:00:00,0.0
2023-11-03T23:00:00,0.0
2023-11-04T00:00:00,0.0
2023-11-04T01:00:00,0.0
2023-11-04T02:00:00,0.0
2023-11-04T03:00:00,0.0
2023-11-04T04:00:00,0.0
2023-11-04T05:00:00,11.73
2023-11-04T06:00:00,159.95
2023-11-04T07:00:00,356.75
2023-11-04T08:00:00,602.2
2023-11-04T09:00:00,784.53
2023-11-04T10:00:00,918.4
2023-11-04T11:00:00,959.22
2023-11-04T12:00:00,983.85
2023-11-04T13:00:00,889.05
2023-11-04T14:00:00,747.33
2023-11-04T15:00:00,530.55
2023-11-04T16:00:00,309.3
2023-11-04T17:00:00,95.85
2023-11-04T18:00:00,0.0
2023-11-04T19:00:00,0.0
2023-11-04T20:00:00,0.0
2023-11-04T21:00:00,0.0
2023-11-04T22:00:00,0.0
2023-11-04T23:00:00,0.0
2023-11-05T00:00:00,0.0
2023-11-05T01:00:00,0.0
2023-11-05T02:00:00,0.0
2023-11-05T03:00:00,0.0
2023-11-05T04:00:00,0.0
2023-11-05T05:00:00,12.4
2023-11-05T06:00:00,168.98
2023-11-05T07:00:00,388.55
2023-11-05T08:00:00,580.38
2023-11-05T09:00:00,760.6
2023-11-05T10:00:00,901.22
2023-11-05T11:00:00,986.92
2023-11-05T12:00:00,945.8
2023-11-05T13:00:00,864.97
2023-11-05T14:00:00,735.97
2023-11-05T15:00:00,550.88
2023-11-05T16:00:00,326.4
2023-11-05T17:00:00,105.3
2023-11-05T18:00:00,0.0
2023-11-05T19:00:00,0.0
2023-11-05T20:00:00,0.0
2023-11-05T21:00:00,0.0
2023-11-05T22:00:00,0.0
2023-11-05T23:00:00,0.0
2023-11-06T00:00:00,0.0
2023-11-06T01:00:00,0.0
2023-11-06T02:00:00,0.0
2023-11-06T03:00:00,0.0
2023-11-06T04:00:00,0.0
2023-11-06T05:00:00,12.1
2023-11-06T06:00:00,146.4
2023-11-06T07:00:00,325.45
2023-11-06T08:00:00,606.4
2023-11-06T09:00:00,759.97
2023-11-06T10:00:00,902.03
2023-11-06T11:00:00,984.92
2023-11-06T12:00:00,922.08
2023-11-06T13:00:00,860.97
2023-11-06T14:00:00,652.03
2023-11-06T15:00:00,445.77
2023-11-06T16:00:00,242.27
2023-11-06T17:00:00,69.55
2023-11-06T18:00:00,0.0
2023-11-06T19:00:00,0.0
2023-11-06T20:00:00,0.0
2023-11-06T21:00:00,0.0
2023-11-06T22:00:00,0.0
2023-11-06T23:00:00,0.0
2023-11-07T00:00:00,0.0
2023-11-07T01:00:00,0.0
2023-11-07T02:00:00,0.0
2023-11-07T03:00:00,0.0
2023-11-07T04:00:00,0.0
2023-11-07T05:00:00,11.15
2023-11-07T06:00:00,118.45
2023-11-07T07:00:00,311.05
2023-11-07T08:00:00,510.73
2023-11-07T09:00:00,672.78
2023-11-07T10:00:00,664.8
2023-11-07T11:00:00,734.05
2023-11-07T12:00:00,694.85
2023-11-07T13:00:00,550.62
2023-11-07T14:00:00,600.53
2023-11-07T15:00:00,468.9
2023-11-07T16:00:00,269.58
2023-11-07T17:00:00,95.12
2023-11-07T18:00:00,0.0
2023-11-07T19:00:00,0.0
2023-11-07T20:00:00,0.0
2023-11-07T21:00:00,0.0
2023-11-07T22:00:00,0.0
2023-11-07T23:00:00,0.0
2023-11-08T00:00:00,0.0
2023-11-08T01:00:00,0.0
2023-11-08T02:00:00,0.0
2023-11-08T03:00:00,0.0
2023-11-08T04:00:00,0.0
2023-11-08T05:00:00,10.25
2023-11-08T06:00:00,128.9
2023-11-08T07:00:00,315.73
2023-11-08T08:00:00,480.33
2023-11-08T09:00:00,664.08
2023-11-08T10:00:00,807.55
2023-11-08T11:00:00,876.53
2023-11-08T12:00:00,717.6
2023-11-08T13:00:00,596.75
2023-11-08T14:00:00,349.35
2023-11-08T15:00:00,224.7
2023-11-08T16:00:00,118.72
2023-11-08T17:00:00,37.83
2023-11-08T18:00:00,0.0
2023-11-08T19:00:00,0.0
2023-11-08T20:00:00,0.0
2023-11-08T21:00:00,0.0
2023-11-08T22:00:00,0.0
2023-11-08T23:00:00,0.0
2023-11-09T00:00:00,0.0
2023-11-09T01:00:00,0.0
2023-11-09T02:00:00,0.0
2023-11-09T03:00:00,0.0
2023-11-09T04:00:00,0.0
2023-11-09T05:00:00,5.05
2023-11-09T06:00:00,84.6
2023-11-09T07:00:00,168.1
2023-11-09T08:00:00,301.0
2023-11-09T09:00:00,391.67
2023-11-09T10:00:00,479.83
2023-11-09T11:00:00,555.47
2023-11-09T12:00:00,451.52
2023-11-09T13:00:00,424.95
2023-11-09T14:00:00,277.73
2023-11-09T15:00:00,131.43
2023-11-09T16:00:00,83.35
2023-11-09T17:00:00,29.58
2023-11-09T18:00:00,0.0
2023-11-09T19:00:00,0.0
2023-11-09T20:00:00,0.0
2023-11-09T21:00:00,0.0
2023-11-09T22:00:00,0.0
2023-11-09T23:00:00,0.0
2023-11-10T00:00:00,0.0
2023-11-10T01:00:00,0.0
2023-11-10T02:00:00,0.0
2023-11-10T03:00:00,0.0
2023-11-10T04:00:00,0.0
2023-11-10T05:00:00,5.62
2023-11-10T06:00:00,65.05
2023-11-10T07:00:00,174.68
2023-11-10T08:00:00,330.3
2023-11-10T09:00:00,458.12
2023-11-10T10:00:00,588.92
2023-11-10T11:00:00,599.5
2023-11-10T12:00:00,561.42
2023-11-10T13:00:00,478.62
2023-11-10T14:00:00,382.08
2023-11-10T15:00:00,266.2
2023-11-10T16:00:00,133.38
2023-11-10T17:00:00,45.15
2023-11-10T18:00:00,0.0
2023-11-10T19:00:00,0.0
2023-11-10T20:00:00,0.0
2023-11-10T21:00:00,0.0
2023-11-10T22:00:00,0.0
2023-11-10T23:00:00,0.0
2023-11-11T00:00:00,0.0
2023-11-11T01:00:00,0.0
2023-11-11T02:00:00,0.0
2023-11-11T03:00:00,0.0
2023-11-11T04:00:00,0.0
2023-11-11T05:00:00,7.65
2023-11-11T06:00:00,101.38
2023-11-11T07:00:00,226.7
2023-11-11T08:00:00,405.4
2023-11-11T09:00:00,561.05
2023-11-11T10:00:00,647.95
2023-11-11T11:00:00,613.2
2023-11-11T12:00:00,523.12
2023-11-11T13:00:00,487.52
2023-11-11T14:00:00,331.58
2023-11-11T15:00:00,252.55
2023-11-11T16:00:00,139.65
2023-11-11T17:00:00,46.25
2023-11-11T18:00:00,0.0
2023-11-11T19:00:00,0.0
2023-11-11T20:00:00,0.0
2023-11-11T21:00:00,0.0
2023-11-11T22:00:00,0.0
2023-11-11T23:00:00,0.0
2023-11-12T00:00:00,0.0
2023-11-12T01:00:00,0.0
2023-11-12T02:00:00,0.0
2023-11-12T03:00:00,0.0
2023-11-12T04:00:00,0.0
2023-11-12T05:00:00,8.15
2023-11-12T06:00:00,78.6
2023-11-12T07:00:00,189.07
2023-11-12T08:00:00,277.65
2023-11-12T09:00:00,385.15
2023-11-12T10:00:00,516.17
2023-11-12T11:00:00,601.7
2023-11-12T12:00:00,491.33
2023-11-12T13:00:00,378.02
2023-11-12T14:00:00,289.15
2023-11-12T15:00:00,193.98
2023-11-12T16:00:00,106.47
2023-11-12T17:00:00,29.2
2023-11-12T18:00:00,0.0
2023-11-12T19:00:00,0.0
2023-11-12T20:00:00,0.0
2023-11-12T21:00:00,0.0
2023-11-12T22:00:00,0.0
2023-11-12T23:00:00,0.0
2023-11-13T00:00:00,0.0
2023-11-13T01:00:00,0.0
2023-11-13T02:00:00,0.0
2023-11-13T03:00:00,0.0
2023-11-13T04:00:00,0.0
2023-11-13T05:00:00,4.78
2023-11-13T06:00:00,53.38
2023-11-13T07:00:00,113.3
2023-11-13T08:00:00,170.82
2023-11-13T09:00:00,229.35
2023-11-13T10:00:00,261.5
2023-11-13T11:00:00,267.88
2023-11-13T12:00:00,238.7
2023-11-13T13:00:00,208.57
2023-11-13T14:00:00,166.6
2023-11-13T15:00:00,123.0
2023-11-13T16:00:00,83.18
2023-11-13T17:00:00,32.95
2023-11-13T18:00:00,0.0
2023-11-13T19:00:00,0.0
2023-11-13T20:00:00,0.0
2023-11-13T21:00:00,0.0
2023-11-13T22:00:00,0.0
2023-11-13T23:00:00,0.0
2023-11-14T00:00:00,0.0
2023-11-14T01:00:00,0.0
2023-11-14T02:00:00,0.0
2023-11-14T03:00:00,0.0
2023-11-14T04:00:00,0.0
2023-11-14T05:00:00,5.97
2023-11-14T06:00:00,73.07
2023-11-14T07:00:00,140.32
2023-11-14T08:00:00,230.23
2023-11-14T09:00:00,339.58
2023-11-14T10:00:00,428.08
2023-11-14T11:00:00,438.05
2023-11-14T12:00:00,520.08
2023-11-14T13:00:00,409.83
2023-11-14T14:00:00,290.2
2023-11-14T15:00:00,196.1
2023-11-14T16:00:00,119.78
2023-11-14T17:00:00,49.47
2023-11-14T18:00:00,0.0
2023-11-14T19:00:00,0.0
2023-11-14T20:00:00,0.0
2023-11-14T21:00:00,0.0
2023-11-14T22:00:00,0.0
2023-11-14T23:00:00,0.0
2023-11-15T00:00:00,0.0
2023-11-15T01:00:00,0.0
2023-11-15T02:00:00,0.0
2023-11-15T03:00:00,0.0
2023-11-15T04:00:00,0.0
2023-11-15T05:00:00,3.2
2023-11-15T06:00:00,48.9
2023-11-15T07:00:00,95.57
2023-11-15T08:00:00,145.95
2023-11-15T09:00:00,199.18
2023-11-15T10:00:00,246.32
2023-11-15T11:00:00,288.98
2023-11-15T12:00:00,453.2
2023-11-15T13:00:00,541.35
2023-11-15T14:00:00,447.67
2023-11-15T15:00:00,340.2
2023-11-15T16:00:00,184.82
2023-11-15T17:00:00,64.72
2023-11-15T18:00:00,0.0
2023-11-15T19:00:00,0.0
2023-11-15T20:00:00,0.0
2023-11-15T21:00:00,0.0
2023-11-15T22:00:00,0.0
2023-11-15T23:00:00,0.0
2023-11-16T00:00:00,0.0
2023-11-16T01:00:00,0.0
2023-11-16T02:00:00,0.0
2023-11-16T03:00:00,0.0
2023-11-16T04:00:00,0.0
2023-11-16T05:00:00,15.75
2023-11-16T06:00:00,167.98
2023-11-16T07:00:00,359.0
2023-11-16T08:00:00,613.0
2023-11-16T09:00:00,812.0
2023-11-16T10:00:00,927.97
2023-11-16T11:00:00,993.7
2023-11-16T12:00:00,928.22
2023-11-16T13:00:00,871.6
2023-11-16T14:00:00,619.55
2023-11-16T15:00:00,396.45
2023-11-16T16:00:00,253.0
2023-11-16T17:00:00,106.43
2023-11-16T18:00:00,0.0
2023-11-16T19:00:00,0.0
2023-11-16T20:00:00,0.0
2023-11-16T21:00:00,0.0
2023-11-16T22:00:00,0.0
2023-11-16T23:00:00,0.0
2023-11-17T00:00:00,0.0
2023-11-17T01:00:00,0.0
2023-11-17T02:00:00,0.0
2023-11-17T03:00:00,0.0
2023-11-17T04:00:00,0.0
2023-11-17T05:00:00,15.23
2023-11-17T06:00:00,172.12
2023-11-17T07:00:00,358.75
2023-11-17T08:00:00,622.75
2023-11-17T09:00:00,818.78
2023-11-17T10:00:00,954.25
2023-11-17T11:00:00,1003.17
2023-11-17T12:00:00,939.95
2023-11-17T13:00:00,876.7
2023-11-17T14:00:00,674.53
2023-11-17T15:00:00,401.15
2023-11-17T16:00:00,241.0
2023-11-17T17:00:00,95.7
2023-11-17T18:00:00,0.0
2023-11-17T19:00:00,0.0
2023-11-17T20:00:00,0.0
2023-11-17T21:00:00,0.0
2023-11-17T22:00:00,0.0
2023-11-17T23:00:00,0.0
2023-11-18T00:00:00,0.0
2023-11-18T01:00:00,0.0
2023-11-18T02:00:00,0.0
2023-11-18T03:00:00,0.0
2023-11-18T04:00:00,0.0
2023-11-18T05:00:00,14.12
2023-11-18T06:00:00,141.05
2023-11-18T07:00:00,284.75
2023-11-18T08:00:00,538.58
2023-11-18T09:00:00,676.92
2023-11-18T10:00:00,883.45
2023-11-18T11:00:00,924.05
2023-11-18T12:00:00,878.6
2023-11-18T13:00:00,779.92
2023-11-18T14:00:00,671.72
2023-11-18T15:00:00,470.45
2023-11-18T16:00:00,263.6
2023-11-18T17:00:00,87.68
2023-11-18T18:00:00,2.85
2023-11-18T19:00:00,0.0
2023-11-18T20:00:00,0.0
2023-11-18T21:00:00,0.0
2023-11-18T22:00:00,0.0
2023-11-18T23:00:00,0.0
2023-11-19T00:00:00,0.0
2023-11-19T01:00:00,0.0
2023-11-19T02:00:00,0.0
2023-11-19T03:00:00,0.0
2023-11-19T04:00:00,0.0
2023-11-19T05:00:00,15.25
2023-11-19T06:00:00,156.73
2023-11-19T07:00:00,317.15
2023-11-19T08:00:00,609.4
2023-11-19T09:00:00,803.62
2023-11-19T10:00:00,948.53
2023-11-19T11:00:00,1015.78
2023-11-19T12:00:00,1013.0
2023-11-19T13:00:00,956.1
2023-11-19T14:00:00,798.65
2023-11-19T15:00:00,591.85
2023-11-19T16:00:00,367.17
2023-11-19T17:00:00,135.73
2023-11-19T18:00:00,4.2
2023-11-19T19:00:00,0.0
2023-11-19T20:00:00,0.0
2023-11-19T21:00:00,0.0
2023-11-19T22:00:00,0.0
2023-11-19T23:00:00,0.0
2023-11-20T00:00:00,0.0
2023-11-20T01:00:00,0.0
2023-11-20T02:00:00,0.0
2023-11-20T03:00:00,0.0
2023-11-20T04:00:00,0.0
2023-11-20T05:00:00,18.1
2023-11-20T06:00:00,188.3
2023-11-20T07:00:00,412.23
2023-11-20T08:00:00,622.5
2023-11-20T09:00:00,815.67
2023-11-20T10:00:00,964.6
2023-11-20T11:00:00,1015.78
2023-11-20T12:00:00,972.4
2023-11-20T13:00:00,901.5
2023-11-20T14:00:00,759.53
2023-11-20T15:00:00,577.53
2023-11-20T16:00:00,359.1
2023-11-20T17:00:00,135.7
2023-11-20T18:00:00,4.53
2023-11-20T19:00:00,0.0
2023-11-20T20:00:00,0.0
2023-11-20T21:00:00,0.0
2023-11-20T22:00:00,0.0
2023-11-20T23:00:00,0.0
2023-11-21T00:00:00,0.0
2023-11-21T01:00:00,0.0
2023-11-21T02:00:00,0.0
2023-11-21T03:00:00,0.0
2023-11-21T04:00:00,0.0
2023-11-21T05:00:00,17.95
2023-11-21T06:00:00,182.77
2023-11-21T07:00:00,403.98
2023-11-21T08:00:00,615.7
2023-11-21T09:00:00,802.35
2023-11-21T10:00:00,948.2
2023-11-21T11:00:00,1006.42
2023-11-21T12:00:00,977.67
2023-11-21T13:00:00,900.58
2023-11-21T14:00:00,747.65
2023-11-21T15:00:00,553.83
2023-11-21T16:00:00,335.95
2023-11-21T17:00:00,117.38
2023-11-21T18:00:00,3.9
2023-11-21T19:00:00,0.0
2023-11-21T20:00:00,0.0
2023-11-21T21:00:00,0.0
2023-11-21T22:00:00,0.0
2023-11-21T23:00:00,0.0
2023-11-22T00:00:00,0.0
2023-11-22T01:00:00,0.0
2023-11-22T02:00:00,0.0
2023-11-22T03:00:00,0.0
2023-11-22T04:00:00,0.0
2023-11-22T05:00:00,17.55
2023-11-22T06:00:00,191.43
2023-11-22T07:00:00,419.17
2023-11-22T08:00:00,642.75
2023-11-22T09:00:00,841.08
2023-11-22T10:00:00,986.12
2023-11-22T11:00:00,1058.05
2023-11-22T12:00:00,1034.72
2023-11-22T13:00:00,961.42
2023-11-22T14:00:00,794.2
2023-11-22T15:00:00,592.22
2023-11-22T16:00:00,365.2
2023-11-22T17:00:00,130.1
2023-11-22T18:00:00,4.38
2023-11-22T19:00:00,0.0
2023-11-22T20:00:00,0.0
2023-11-22T21:00:00,0.0
2023-11-22T22:00:00,0.0
2023-11-22T23:00:00,0.0
2023-11-23T00:00:00,0.0
2023-11-23T01:00:00,0.0
2023-11-23T02:00:00,0.0
2023-11-23T03:00:00,0.0
2023-11-23T04:00:00,0.0
2023-11-23T05:00:00,18.6
2023-11-23T06:00:00,202.68
2023-11-23T07:00:00,442.92
2023-11-23T08:00:00,658.25
2023-11-23T09:00:00,847.0
2023-11-23T10:00:00,977.5
2023-11-23T11:00:00,1016.55
2023-11-23T12:00:00,996.7
2023-11-23T13:00:00,860.25
2023-11-23T14:00:00,675.15
2023-11-23T15:00:00,387.02
2023-11-23T16:00:00,223.27
2023-11-23T17:00:00,74.65
2023-11-23T18:00:00,2.35
2023-11-23T19:00:00,0.0
2023-11-23T20:00:00,0.0
2023-11-23T21:00:00,0.0
2023-11-23T22:00:00,0.0
2023-11-23T23:00:00,0.0
2023-11-24T00:00:00,0.0
2023-11-24T01:00:00,0.0
2023-11-24T02:00:00,0.0
2023-11-24T03:00:00,0.0
2023-11-24T04:00:00,0.0
2023-11-24T05:00:00,17.65
2023-11-24T06:00:00,152.18
2023-11-24T07:00:00,333.77
2023-11-24T08:00:00,525.2
2023-11-24T09:00:00,715.4
2023-11-24T10:00:00,838.7
2023-11-24T11:00:00,909.05
2023-11-24T12:00:00,860.4
2023-11-24T13:00:00,847.03
2023-11-24T14:00:00,476.98
2023-11-24T15:00:00,281.27
2023-11-24T16:00:00,187.43
2023-11-24T17:00:00,76.55
2023-11-24T18:00:00,3.28
2023-11-24T19:00:00,0.0
2023-11-24T20:00:00,0.0
2023-11-24T21:00:00,0.0
2023-11-24T22:00:00,0.0
2023-11-24T23:00:00,0.0
2023-11-25T00:00:00,0.0
2023-11-25T01:00:00,0.0
2023-11-25T02:00:00,0.0
2023-11-25T03:00:00,0.0
2023-11-25T04:00:00,0.0
2023-11-25T05:00:00,7.9
2023-11-25T06:00:00,64.65
2023-11-25T07:00:00,170.05
2023-11-25T08:00:00,299.05
2023-11-25T09:00:00,398.48
2023-11-25T10:00:00,506.15
2023-11-25T11:00:00,510.02
2023-11-25T12:00:00,633.85
2023-11-25T13:00:00,466.05
2023-11-25T14:00:00,527.3
2023-11-25T15:00:00,294.27
2023-11-25T16:00:00,172.65
2023-11-25T17:00:00,65.97
2023-11-25T18:00:00,3.6
2023-11-25T19:00:00,0.0
2023-11-25T20:00:00,0.0
2023-11-25T21:00:00,0.0
2023-11-25T22:00:00,0.0
2023-11-25T23:00:00,0.0
2023-11-26T00:00:00,0.0
2023-11-26T01:00:00,0.0
2023-11-26T02:00:00,0.0
2023-11-26T03:00:00,0.0
2023-11-26T04:00:00,0.0
2023-11-26T05:00:00,10.85
2023-11-26T06:00:00,102.05
2023-11-26T07:00:00,239.18
2023-11-26T08:00:00,395.08
2023-11-26T09:00:00,539.83
2023-11-26T10:00:00,659.72
2023-11-26T11:00:00,629.25
2023-11-26T12:00:00,650.25
2023-11-26T13:00:00,636.83
2023-11-26T14:00:00,564.53
2023-11-26T15:00:00,299.62
2023-11-26T16:00:00,177.57
2023-11-26T17:00:00,71.07
2023-11-26T18:00:00,3.72
2023-11-26T19:00:00,0.0
2023-11-26T20:00:00,0.0
2023-11-26T21:00:00,0.0
2023-11-26T22:00:00,0.0
2023-11-26T23:00:00,0.0
2023-11-27T00:00:00,0.0
2023-11-27T01:00:00,0.0
2023-11-27T02:00:00,0.0
2023-11-27T03:00:00,0.0
2023-11-27T04:00:00,0.0
2023-11-27T05:00:00,11.8
2023-11-27T06:00:00,95.4
2023-11-27T07:00:00,213.68
2023-11-27T08:00:00,383.67
2023-11-27T09:00:00,500.35
2023-11-27T10:00:00,590.83
2023-11-27T11:00:00,775.05
2023-11-27T12:00:00,736.62
2023-11-27T13:00:00,585.28
2023-11-27T14:00:00,425.1
2023-11-27T15:00:00,321.73
2023-11-27T16:00:00,194.35
2023-11-27T17:00:00,75.82
2023-11-27T18:00:00,4.1
2023-11-27T19:00:00,0.0
2023-11-27T20:00:00,0.0
2023-11-27T21:00:00,0.0
2023-11-27T22:00:00,0.0
2023-11-27T23:00:00,0.0
2023-11-28T00:00:00,0.0
2023-11-28T01:00:00,0.0
2023-11-28T02:00:00,0.0
2023-11-28T03:00:00,0.0
2023-11-28T04:00:00,0.0
2023-11-28T05:00:00,10.8
2023-11-28T06:00:00,98.53
2023-11-28T07:00:00,248.77
2023-11-28T08:00:00,369.77
2023-11-28T09:00:00,492.75
2023-11-28T10:00:00,607.75
2023-11-28T11:00:00,797.85
2023-11-28T12:00:00,835.38
2023-11-28T13:00:00,628.28
2023-11-28T14:00:00,614.7
2023-11-28T15:00:00,343.67
2023-11-28T16:00:00,202.88
2023-11-28T17:00:00,79.6
2023-11-28T18:00:00,5.0
2023-11-28T19:00:00,0.0
2023-11-28T20:00:00,0.0
2023-11-28T21:00:00,0.0
2023-11-28T22:00:00,0.0
2023-11-28T23:00:00,0.0
2023-11-29T00:00:00,0.0
2023-11-29T01:00:00,0.0
2023-11-29T02:00:00,0.0
2023-11-29T03:00:00,0.0
2023-11-29T04:00:00,0.0
2023-11-29T05:00:00,15.1
2023-11-29T06:00:00,138.8
2023-11-29T07:00:00,331.4
2023-11-29T08:00:00,522.58
2023-11-29T09:00:00,697.4
2023-11-29T10:00:00,846.5
2023-11-29T11:00:00,950.78
2023-11-29T12:00:00,965.3
2023-11-29T13:00:00,911.05
2023-11-29T14:00:00,710.22
2023-11-29T15:00:00,468.48
2023-11-29T16:00:00,288.48
2023-11-29T17:00:00,105.1
2023-11-29T18:00:00,5.75
2023-11-29T19:00:00,0.0
2023-11-29T20:00:00,0.0
2023-11-29T21:00:00,0.0
2023-11-29T22:00:00,0.0
2023-11-29T23:00:00,0.0
2023-11-30T00:00:00,0.0
2023-11-30T01:00:00,0.0
2023-11-30T02:00:00,0.0
2023-11-30T03:00:00,0.0
2023-11-30T04:00:00,0.0
2023-11-30T05:00:00,11.73
2023-11-30T06:00:00,150.55
2023-11-30T07:00:00,362.15
2023-11-30T08:00:00,587.95
2023-11-30T09:00:00,802.47
2023-11-30T10:00:00,947.92
2023-11-30T11:00:00,947.45
2023-11-30T12:00:00,1000.58
2023-11-30T13:00:00,854.85
2023-11-30T14:00:00,707.72
2023-11-30T15:00:00,530.45
2023-11-30T16:00:00,329.15
2023-11-30T17:00:00,121.3
2023-11-30T18:00:00,6.1
2023-11-30T19:00:00,0.0
2023-11-30T20:00:00,0.0
2023-11-30T21:00:00,0.0
2023-11-30T22:00:00,0.0
2023-11-30T23:00:00,0.0
2023-12-01T00:00:00,0.0
2023-12-01T01:00:00,0.0
2023-12-01T02:00:00,0.0
2023-12-01T03:00:00,0.0
2023-12-01T04:00:00,0.0
2023-12-01T05:00:00,15.25
2023-12-01T06:00:00,160.5
2023-12-01T07:00:00,333.9
2023-12-01T08:00:00,579.42
2023-12-01T09:00:00,790.88
2023-12-01T10:00:00,949.28
2023-12-01T11:00:00,1000.47
2023-12-01T12:00:00,995.3
2023-12-01T13:00:00,893.65
2023-12-01T14:00:00,811.6
2023-12-01T15:00:00,577.47
2023-12-01T16:00:00,376.15
2023-12-01T17:00:00,105.57
2023-12-01T18:00:00,7.85
2023-12-01T19:00:00,0.0
2023-12-01T20:00:00,0.0
2023-12-01T21:00:00,0.0
2023-12-01T22:00:00,0.0
2023-12-01T23:00:00,0.0
2023-12-02T00:00:00,0.0
2023-12-02T01:00:00,0.0
2023-12-02T02:00:00,0.0
2023-12-02T03:00:00,0.0
2023-12-02T04:00:00,0.0
2023-12-02T05:00:00,16.3
2023-12-02T06:00:00,168.98
2023-12-02T07:00:00,375.8
2023-12-02T08:00:00,584.0
2023-12-02T09:00:00,767.92
2023-12-02T10:00:00,899.65
2023-12-02T11:00:00,951.17
2023-12-02T12:00:00,960.22
2023-12-02T13:00:00,887.0
2023-12-02T14:00:00,785.12
2023-12-02T15:00:00,603.05
2023-12-02T16:00:00,379.65
2023-12-02T17:00:00,149.43
2023-12-02T18:00:00,8.0
2023-12-02T19:00:00,0.0
2023-12-02T20:00:00,0.0
2023-12-02T21:00:00,0.0
2023-12-02T22:00:00,0.0
2023-12-02T23:00:00,0.0
2023-12-03T00:00:00,0.0
2023-12-03T01:00:00,0.0
2023-12-03T02:00:00,0.0
2023-12-03T03:00:00,0.0
2023-12-03T04:00:00,0.0
2023-12-03T05:00:00,16.38
2023-12-03T06:00:00,179.27
2023-12-03T07:00:00,400.4
2023-12-03T08:00:00,590.85
2023-12-03T09:00:00,800.0
2023-12-03T10:00:00,952.05
2023-12-03T11:00:00,1027.3
2023-12-03T12:00:00,994.38
2023-12-03T13:00:00,926.7
2023-12-03T14:00:00,767.92
2023-12-03T15:00:00,568.97
2023-12-03T16:00:00,356.05
2023-12-03T17:00:00,145.85
2023-12-03T18:00:00,8.68
2023-12-03T19:00:00,0.0
2023-12-03T20:00:00,0.0
2023-12-03T21:00:00,0.0
2023-12-03T22:00:00,0.0
2023-12-03T23:00:00,0.0
2023-12-04T00:00:00,0.0
2023-12-04T01:00:00,0.0
2023-12-04T02:00:00,0.0
2023-12-04T03:00:00,0.0
2023-12-04T04:00:00,0.0
2023-12-04T05:00:00,17.23
2023-12-04T06:00:00,185.55
2023-12-04T07:00:00,405.02
2023-12-04T08:00:00,594.75
2023-12-04T09:00:00,805.85
2023-12-04T10:00:00,960.3
2023-12-04T11:00:00,1025.72
2023-12-04T12:00:00,984.95
2023-12-04T13:00:00,922.6
2023-12-04T14:00:00,782.17
2023-12-04T15:00:00,596.12
2023-12-04T16:00:00,400.33
2023-12-04T17:00:00,164.9
2023-12-04T18:00:00,9.48
2023-12-04T19:00:00,0.0
2023-12-04T20:00:00,0.0
2023-12-04T21:00:00,0.0
2023-12-04T22:00:00,0.0
2023-12-04T23:00:00,0.0
2023-12-05T00:00:00,0.0
2023-12-05T01:00:00,0.0
2023-12-05T02:00:00,0.0
2023-12-05T03:00:00,0.0
2023-12-05T04:00:00,0.0
2023-12-05T05:00:00,14.73
2023-12-05T06:00:00,146.9
2023-12-05T07:00:00,308.48
2023-12-05T08:00:00,582.75
2023-12-05T09:00:00,770.5
2023-12-05T10:00:00,905.58
2023-12-05T11:00:00,975.28
2023-12-05T12:00:00,997.55
2023-12-05T13:00:00,942.4
2023-12-05T14:00:00,778.95
2023-12-05T15:00:00,593.4
2023-12-05T16:00:00,375.27
2023-12-05T17:00:00,151.85
2023-12-05T18:00:00,9.38
2023-12-05T19:00:00,0.0
2023-12-05T20:00:00,0.0
2023-12-05T21:00:00,0.0
2023-12-05T22:00:00,0.0
2023-12-05T23:00:00,0.0
2023-12-06T00:00:00,0.0
2023-12-06T01:00:00,0.0
2023-12-06T02:00:00,0.0
2023-12-06T03:00:00,0.0
2023-12-06T04:00:00,0.0
2023-12-06T05:00:00,12.27
2023-12-06T06:00:00,132.32
2023-12-06T07:00:00,331.27
2023-12-06T08:00:00,518.65
2023-12-06T09:00:00,710.67
2023-12-06T10:00:00,839.42
2023-12-06T11:00:00,897.53
2023-12-06T12:00:00,759.62
2023-12-06T13:00:00,576.05
2023-12-06T14:00:00,539.45
2023-12-06T15:00:00,416.45
2023-12-06T16:00:00,240.55
2023-12-06T17:00:00,88.25
2023-12-06T18:00:00,5.5
2023-12-06T19:00:00,0.0
2023-12-06T20:00:00,0.0
2023-12-06T21:00:00,0.0
2023-12-06T22:00:00,0.0
2023-12-06T23:00:00,0.0
2023-12-07T00:00:00,0.0
2023-12-07T01:00:00,0.0
2023-12-07T02:00:00,0.0
2023-12-07T03:00:00,0.0
2023-12-07T04:00:00,0.0
2023-12-07T05:00:00,14.57
2023-12-07T06:00:00,162.98
2023-12-07T07:00:00,338.17
2023-12-07T08:00:00,588.35
2023-12-07T09:00:00,796.35
2023-12-07T10:00:00,943.88
2023-12-07T11:00:00,984.0
2023-12-07T12:00:00,911.22
2023-12-07T13:00:00,804.0
2023-12-07T14:00:00,704.15
2023-12-07T15:00:00,389.48
2023-12-07T16:00:00,229.93
2023-12-07T17:00:00,99.12
2023-12-07T18:00:00,8.0
2023-12-07T19:00:00,0.0
2023-12-07T20:00:00,0.0
2023-12-07T21:00:00,0.0
2023-12-07T22:00:00,0.0
2023-12-07T23:00:00,0.0
2023-12-08T00:00:00,0.0
2023-12-08T01:00:00,0.0
2023-12-08T02:00:00,0.0
2023-12-08T03:00:00,0.0
2023-12-08T04:00:00,0.0
2023-12-08T05:00:00,11.8
2023-12-08T06:00:00,160.55
2023-12-08T07:00:00,358.42
2023-12-08T08:00:00,540.62
2023-12-08T09:00:00,718.9
2023-12-08T10:00:00,852.55
2023-12-08T11:00:00,950.85
2023-12-08T12:00:00,908.65
2023-12-08T13:00:00,778.7
2023-12-08T14:00:00,611.53
2023-12-08T15:00:00,483.48
2023-12-08T16:00:00,295.73
2023-12-08T17:00:00,109.55
2023-12-08T18:00:00,8.2
2023-12-08T19:00:00,0.0
2023-12-08T20:00:00,0.0
2023-12-08T21:00:00,0.0
2023-12-08T22:00:00,0.0
2023-12-08T23:00:00,0.0
2023-12-09T00:00:00,0.0
2023-12-09T01:00:00,0.0
2023-12-09T02:00:00,0.0
2023-12-09T03:00:00,0.0
2023-12-09T04:00:00,0.0
2023-12-09T05:00:00,10.98
2023-12-09T06:00:00,133.15
2023-12-09T07:00:00,299.08
2023-12-09T08:00:00,516.42
2023-12-09T09:00:00,626.2
2023-12-09T10:00:00,790.35
2023-12-09T11:00:00,792.75
2023-12-09T12:00:00,740.95
2023-12-09T13:00:00,678.88
2023-12-09T14:00:00,673.35
2023-12-09T15:00:00,335.88
2023-12-09T16:00:00,212.52
2023-12-09T17:00:00,92.82
2023-12-09T18:00:00,6.4
2023-12-09T19:00:00,0.0
2023-12-09T20:00:00,0.0
2023-12-09T21:00:00,0.0
2023-12-09T22:00:00,0.0
2023-12-09T23:00:00,0.0
2023-12-10T00:00:00,0.0
2023-12-10T01:00:00,0.0
2023-12-10T02:00:00,0.0
2023-12-10T03:00:00,0.0
2023-12-10T04:00:00,0.0
2023-12-10T05:00:00,9.07
2023-12-10T06:00:00,115.35
2023-12-10T07:00:00,269.02
2023-12-10T08:00:00,422.58
2023-12-10T09:00:00,575.95
2023-12-10T10:00:00,702.85
2023-12-10T11:00:00,833.35
2023-12-10T12:00:00,805.17
2023-12-10T13:00:00,786.47
2023-12-10T14:00:00,627.03
2023-12-10T15:00:00,513.95
2023-12-10T16:00:00,330.1
2023-12-10T17:00:00,145.95
2023-12-10T18:00:00,12.43
2023-12-10T19:00:00,0.0
2023-12-10T20:00:00,0.0
2023-12-10T21:00:00,0.0
2023-12-10T22:00:00,0.0
2023-12-10T23:00:00,0.0
2023-12-11T00:00:00,0.0
2023-12-11T01:00:00,0.0
2023-12-11T02:00:00,0.0
2023-12-11T03:00:00,0.0
2023-12-11T04:00:00,0.0
2023-12-11T05:00:00,15.25
2023-12-11T06:00:00,171.8
2023-12-11T07:00:00,398.88
2023-12-11T08:00:00,618.0
2023-12-11T09:00:00,761.62
2023-12-11T10:00:00,952.72
2023-12-11T11:00:00,1016.58
2023-12-11T12:00:00,1056.35
2023-12-11T13:00:00,972.53
2023-12-11T14:00:00,825.5
2023-12-11T15:00:00,644.58
2023-12-11T16:00:00,419.9
2023-12-11T17:00:00,184.32
2023-12-11T18:00:00,14.23
2023-12-11T19:00:00,0.0
2023-12-11T20:00:00,0.0
2023-12-11T21:00:00,0.0
2023-12-11T22:00:00,0.0
2023-12-11T23:00:00,0.0
2023-12-12T00:00:00,0.0
2023-12-12T01:00:00,0.0
2023-12-12T02:00:00,0.0
2023-12-12T03:00:00,0.0
2023-12-12T04:00:00,0.0
2023-12-12T05:00:00,14.15
2023-12-12T06:00:00,167.2
2023-12-12T07:00:00,370.55
2023-12-12T08:00:00,539.62
2023-12-12T09:00:00,811.85
2023-12-12T10:00:00,954.15
2023-12-12T11:00:00,1034.05
2023-12-12T12:00:00,1015.85
2023-12-12T13:00:00,933.08
2023-12-12T14:00:00,769.17
2023-12-12T15:00:00,619.17
2023-12-12T16:00:00,396.8
2023-12-12T17:00:00,171.93
2023-12-12T18:00:00,13.2
2023-12-12T19:00:00,0.0
2023-12-12T20:00:00,0.0
2023-12-12T21:00:00,0.0
2023-12-12T22:00:00,0.0
2023-12-12T23:00:00,0.0
2023-12-13T00:00:00,0.0
2023-12-13T01:00:00,0.0
2023-12-13T02:00:00,0.0
2023-12-13T03:00:00,0.0
2023-12-13T04:00:00,0.0
2023-12-13T05:00:00,11.25
2023-12-13T06:00:00,128.12
2023-12-13T07:00:00,276.2
2023-12-13T08:00:00,547.38
2023-12-13T09:00:00,764.33
2023-12-13T10:00:00,838.67
2023-12-13T11:00:00,989.62
2023-12-13T12:00:00,1022.38
2023-12-13T13:00:00,947.65
2023-12-13T14:00:00,805.38
2023-12-13T15:00:00,614.03
2023-12-13T16:00:00,398.42
2023-12-13T17:00:00,176.57
2023-12-13T18:00:00,14.6
2023-12-13T19:00:00,0.0
2023-12-13T20:00:00,0.0
2023-12-13T21:00:00,0.0
2023-12-13T22:00:00,0.0
2023-12-13T23:00:00,0.0
2023-12-14T00:00:00,0.0
2023-12-14T01:00:00,0.0
2023-12-14T02:00:00,0.0
2023-12-14T03:00:00,0.0
2023-12-14T04:00:00,0.0
2023-12-14T05:00:00,11.77
2023-12-14T06:00:00,149.75
2023-12-14T07:00:00,310.52
2023-12-14T08:00:00,590.2
2023-12-14T09:00:00,800.22
2023-12-14T10:00:00,960.42
2023-12-14T11:00:00,1011.3
2023-12-14T12:00:00,987.22
2023-12-14T13:00:00,863.53
2023-12-14T14:00:00,730.45
2023-12-14T15:00:00,575.45
2023-12-14T16:00:00,363.38
2023-12-14T17:00:00,157.15
2023-12-14T18:00:00,13.35
2023-12-14T19:00:00,0.0
2023-12-14T20:00:00,0.0
2023-12-14T21:00:00,0.0
2023-12-14T22:00:00,0.0
2023-12-14T23:00:00,0.0
2023-12-15T00:00:00,0.0
2023-12-15T01:00:00,0.0
2023-12-15T02:00:00,0.0
2023-12-15T03:00:00,0.0
2023-12-15T04:00:00,0.0
2023-12-15T05:00:00,10.15
2023-12-15T06:00:00,140.12
2023-12-15T07:00:00,278.45
2023-12-15T08:00:00,564.88
2023-12-15T09:00:00,775.72
2023-12-15T10:00:00,936.85
2023-12-15T11:00:00,992.2
2023-12-15T12:00:00,1012.75
2023-12-15T13:00:00,958.33
2023-12-15T14:00:00,797.7
2023-12-15T15:00:00,612.85
2023-12-15T16:00:00,381.33
2023-12-15T17:00:00,170.8
2023-12-15T18:00:00,14.82
2023-12-15T19:00:00,0.0
2023-12-15T20:00:00,0.0
2023-12-15T21:00:00,0.0
2023-12-15T22:00:00,0.0
2023-12-15T23:00:00,0.0
2023-12-16T00:00:00,0.0
2023-12-16T01:00:00,0.0
2023-12-16T02:00:00,0.0
2023-12-16T03:00:00,0.0
2023-12-16T04:00:00,0.0
2023-12-16T05:00:00,10.68
2023-12-16T06:00:00,108.47
2023-12-16T07:00:00,212.75
2023-12-16T08:00:00,389.55
2023-12-16T09:00:00,549.47
2023-12-16T10:00:00,668.03
2023-12-16T11:00:00,715.97
2023-12-16T12:00:00,653.85
2023-12-16T13:00:00,553.08
2023-12-16T14:00:00,554.17
2023-12-16T15:00:00,426.33
2023-12-16T16:00:00,255.43
2023-12-16T17:00:00,96.32
2023-12-16T18:00:00,8.32
2023-12-16T19:00:00,0.0
2023-12-16T20:00:00,0.0
2023-12-16T21:00:00,0.0
2023-12-16T22:00:00,0.0
2023-12-16T23:00:00,0.0
2023-12-17T00:00:00,0.0
2023-12-17T01:00:00,0.0
2023-12-17T02:00:00,0.0
2023-12-17T03:00:00,0.0
2023-12-17T04:00:00,0.0
2023-12-17T05:00:00,10.18
2023-12-17T06:00:00,124.9
2023-12-17T07:00:00,264.12
2023-12-17T08:00:00,521.83
2023-12-17T09:00:00,711.95
2023-12-17T10:00:00,855.7
2023-12-17T11:00:00,953.85
2023-12-17T12:00:00,952.05
2023-12-17T13:00:00,907.6
2023-12-17T14:00:00,814.17
2023-12-17T15:00:00,630.6
2023-12-17T16:00:00,401.58
2023-12-17T17:00:00,176.1
2023-12-17T18:00:00,13.2
2023-12-17T19:00:00,0.0
2023-12-17T20:00:00,0.0
2023-12-17T21:00:00,0.0
2023-12-17T22:00:00,0.0
2023-12-17T23:00:00,0.0
2023-12-18T00:00:00,0.0
2023-12-18T01:00:00,0.0
2023-12-18T02:00:00,0.0
2023-12-18T03:00:00,0.0
2023-12-18T04:00:00,0.0
2023-12-18T05:00:00,8.1
2023-12-18T06:00:00,77.6
2023-12-18T07:00:00,164.6
2023-12-18T08:00:00,266.88
2023-12-18T09:00:00,422.12
2023-12-18T10:00:00,514.03
2023-12-18T11:00:00,128.32
2023-12-18T12:00:00,167.18
2023-12-18T13:00:00,400.67
2023-12-18T14:00:00,387.88
2023-12-18T15:00:00,302.7
2023-12-18T16:00:00,196.0
2023-12-18T17:00:00,85.78
2023-12-18T18:00:00,10.7
2023-12-18T19:00:00,0.0
2023-12-18T20:00:00,0.0
2023-12-18T21:00:00,0.0
2023-12-18T22:00:00,0.0
2023-12-18T23:00:00,0.0
2023-12-19T00:00:00,0.0
2023-12-19T01:00:00,0.0
2023-12-19T02:00:00,0.0
2023-12-19T03:00:00,0.0
2023-12-19T04:00:00,0.0
2023-12-19T05:00:00,7.0
2023-12-19T06:00:00,116.05
2023-12-19T07:00:00,278.1
2023-12-19T08:00:00,436.95
2023-12-19T09:00:00,611.47
2023-12-19T10:00:00,698.97
2023-12-19T11:00:00,835.25
2023-12-19T12:00:00,837.65
2023-12-19T13:00:00,776.53
2023-12-19T14:00:00,728.53
2023-12-19T15:00:00,525.78
2023-12-19T16:00:00,335.67
2023-12-19T17:00:00,147.7
2023-12-19T18:00:00,14.77
2023-12-19T19:00:00,0.0
2023-12-19T20:00:00,0.0
2023-12-19T21:00:00,0.0
2023-12-19T22:00:00,0.0
2023-12-19T23:00:00,0.0
2023-12-20T00:00:00,0.0
2023-12-20T01:00:00,0.0
2023-12-20T02:00:00,0.0
2023-12-20T03:00:00,0.0
2023-12-20T04:00:00,0.0
2023-12-20T05:00:00,9.85
2023-12-20T06:00:00,102.55
2023-12-20T07:00:00,206.1
2023-12-20T08:00:00,340.98
2023-12-20T09:00:00,500.52
2023-12-20T10:00:00,595.33
2023-12-20T11:00:00,674.92
2023-12-20T12:00:00,675.65
2023-12-20T13:00:00,659.25
2023-12-20T14:00:00,450.42
2023-12-20T15:00:00,358.35
2023-12-20T16:00:00,231.23
2023-12-20T17:00:00,103.7
2023-12-20T18:00:00,11.27
2023-12-20T19:00:00,0.0
2023-12-20T20:00:00,0.0
2023-12-20T21:00:00,0.0
2023-12-20T22:00:00,0.0
2023-12-20T23:00:00,0.0
2023-12-21T00:00:00,0.0
2023-12-21T01:00:00,0.0
2023-12-21T02:00:00,0.0
2023-12-21T03:00:00,0.0
2023-12-21T04:00:00,0.0
2023-12-21T05:00:00,9.93
2023-12-21T06:00:00,129.85
2023-12-21T07:00:00,311.2
2023-12-21T08:00:00,510.48
2023-12-21T09:00:00,697.88
2023-12-21T10:00:00,826.58
2023-12-21T11:00:00,934.25
2023-12-21T12:00:00,960.6
2023-12-21T13:00:00,898.4
2023-12-21T14:00:00,741.78
2023-12-21T15:00:00,547.6
2023-12-21T16:00:00,346.83
2023-12-21T17:00:00,149.2
2023-12-21T18:00:00,15.07
2023-12-21T19:00:00,0.0
2023-12-21T20:00:00,0.0
2023-12-21T21:00:00,0.0
2023-12-21T22:00:00,0.0
2023-12-21T23:00:00,0.0
2023-12-22T00:00:00,0.0
2023-12-22T01:00:00,0.0
2023-12-22T02:00:00,0.0
2023-12-22T03:00:00,0.0
2023-12-22T04:00:00,0.0
2023-12-22T05:00:00,8.48
2023-12-22T06:00:00,98.8
2023-12-22T07:00:00,263.6
2023-12-22T08:00:00,413.1
2023-12-22T09:00:00,553.85
2023-12-22T10:00:00,667.65
2023-12-22T11:00:00,762.4
2023-12-22T12:00:00,750.67
2023-12-22T13:00:00,784.7
2023-12-22T14:00:00,745.95
2023-12-22T15:00:00,462.42
2023-12-22T16:00:00,297.75
2023-12-22T17:00:00,137.55
2023-12-22T18:00:00,16.62
2023-12-22T19:00:00,0.0
2023-12-22T20:00:00,0.0
2023-12-22T21:00:00,0.0
2023-12-22T22:00:00,0.0
2023-12-22T23:00:00,0.0
2023-12-23T00:00:00,0.0
2023-12-23T01:00:00,0.0
2023-12-23T02:00:00,0.0
2023-12-23T03:00:00,0.0
2023-12-23T04:00:00,0.0
2023-12-23T05:00:00,10.23
2023-12-23T06:00:00,148.0
2023-12-23T07:00:00,361.45
2023-12-23T08:00:00,568.08
2023-12-23T09:00:00,764.88
2023-12-23T10:00:00,908.83
2023-12-23T11:00:00,996.6
2023-12-23T12:00:00,988.53
2023-12-23T13:00:00,928.55
2023-12-23T14:00:00,819.0
2023-12-23T15:00:00,619.28
2023-12-23T16:00:00,408.77
2023-12-23T17:00:00,191.68
2023-12-23T18:00:00,20.4
2023-12-23T19:00:00,0.0
2023-12-23T20:00:00,0.0
2023-12-23T21:00:00,0.0
2023-12-23T22:00:00,0.0
2023-12-23T23:00:00,0.0
2023-12-24T00:00:00,0.0
2023-12-24T01:00:00,0.0
2023-12-24T02:00:00,0.0
2023-12-24T03:00:00,0.0
2023-12-24T04:00:00,0.0
2023-12-24T05:00:00,9.65
2023-12-24T06:00:00,126.88
2023-12-24T07:00:00,273.42
2023-12-24T08:00:00,502.55
2023-12-24T09:00:00,688.8
2023-12-24T10:00:00,820.95
2023-12-24T11:00:00,903.55
2023-12-24T12:00:00,874.85
2023-12-24T13:00:00,777.03
2023-12-24T14:00:00,674.15
2023-12-24T15:00:00,511.25
2023-12-24T16:00:00,326.2
2023-12-24T17:00:00,151.9
2023-12-24T18:00:00,15.82
2023-12-24T19:00:00,0.0
2023-12-24T20:00:00,0.0
2023-12-24T21:00:00,0.0
2023-12-24T22:00:00,0.0
2023-12-24T23:00:00,0.0
2023-12-25T00:00:00,0.0
2023-12-25T01:00:00,0.0
2023-12-25T02:00:00,0.0
2023-12-25T03:00:00,0.0
2023-12-25T04:00:00,0.0
2023-12-25T05:00:00,7.15
2023-12-25T06:00:00,125.15
2023-12-25T07:00:00,279.95
2023-12-25T08:00:00,594.0
2023-12-25T09:00:00,794.1
2023-12-25T10:00:00,971.2
2023-12-25T11:00:00,1049.18
2023-12-25T12:00:00,1050.68
2023-12-25T13:00:00,941.85
2023-12-25T14:00:00,853.08
2023-12-25T15:00:00,659.53
2023-12-25T16:00:00,440.7
2023-12-25T17:00:00,208.77
2023-12-25T18:00:00,22.3
2023-12-25T19:00:00,0.0
2023-12-25T20:00:00,0.0
2023-12-25T21:00:00,0.0
2023-12-25T22:00:00,0.0
2023-12-25T23:00:00,0.0
2023-12-26T00:00:00,0.0
2023-12-26T01:00:00,0.0
2023-12-26T02:00:00,0.0
2023-12-26T03:00:00,0.0
2023-12-26T04:00:00,0.0
2023-12-26T05:00:00,8.18
2023-12-26T06:00:00,121.32
2023-12-26T07:00:00,287.08
2023-12-26T08:00:00,481.45
2023-12-26T09:00:00,658.0
2023-12-26T10:00:00,794.78
2023-12-26T11:00:00,897.45
2023-12-26T12:00:00,973.97
2023-12-26T13:00:00,931.55
2023-12-26T14:00:00,777.9
2023-12-26T15:00:00,606.95
2023-12-26T16:00:00,401.6
2023-12-26T17:00:00,190.52
2023-12-26T18:00:00,21.7
2023-12-26T19:00:00,0.0
2023-12-26T20:00:00,0.0
2023-12-26T21:00:00,0.0
2023-12-26T22:00:00,0.0
2023-12-26T23:00:00,0.0
2023-12-27T00:00:00,0.0
2023-12-27T01:00:00,0.0
2023-12-27T02:00:00,0.0
2023-12-27T03:00:00,0.0
2023-12-27T04:00:00,0.0
2023-12-27T05:00:00,6.9
2023-12-27T06:00:00,111.12
2023-12-27T07:00:00,280.52
2023-12-27T08:00:00,472.4
2023-12-27T09:00:00,655.22
2023-12-27T10:00:00,782.5
2023-12-27T11:00:00,867.75
2023-12-27T12:00:00,923.85
2023-12-27T13:00:00,816.97
2023-12-27T14:00:00,749.3
2023-12-27T15:00:00,553.2
2023-12-27T16:00:00,358.95
2023-12-27T17:00:00,171.4
2023-12-27T18:00:00,21.2
2023-12-27T19:00:00,0.0
2023-12-27T20:00:00,0.0
2023-12-27T21:00:00,0.0
2023-12-27T22:00:00,0.0
2023-12-27T23:00:00,0.0
2023-12-28T00:00:00,0.0
2023-12-28T01:00:00,0.0
2023-12-28T02:00:00,0.0
2023-12-28T03:00:00,0.0
2023-12-28T04:00:00,0.0
2023-12-28T05:00:00,8.07
2023-12-28T06:00:00,138.9
2023-12-28T07:00:00,337.12
2023-12-28T08:00:00,521.53
2023-12-28T09:00:00,699.58
2023-12-28T10:00:00,872.33
2023-12-28T11:00:00,945.62
2023-12-28T12:00:00,948.97
2023-12-28T13:00:00,878.3
2023-12-28T14:00:00,774.17
2023-12-28T15:00:00,594.7
2023-12-28T16:00:00,395.0
2023-12-28T17:00:00,195.55
2023-12-28T18:00:00,23.73
2023-12-28T19:00:00,0.0
2023-12-28T20:00:00,0.0
2023-12-28T21:00:00,0.0
2023-12-28T22:00:00,0.0
2023-12-28T23:00:00,0.0
2023-12-29T00:00:00,0.0
2023-12-29T01:00:00,0.0
2023-12-29T02:00:00,0.0
2023-12-29T03:00:00,0.0
2023-12-29T04:00:00,0.0
2023-12-29T05:00:00,8.1
2023-12-29T06:00:00,138.05
2023-12-29T07:00:00,347.88
2023-12-29T08:00:00,551.9
2023-12-29T09:00:00,748.97
2023-12-29T10:00:00,901.28
2023-12-29T11:00:00,926.22
2023-12-29T12:00:00,939.35
2023-12-29T13:00:00,840.67
2023-12-29T14:00:00,797.25
2023-12-29T15:00:00,575.45
2023-12-29T16:00:00,378.23
2023-12-29T17:00:00,169.4
2023-12-29T18:00:00,19.6
2023-12-29T19:00:00,0.0
2023-12-29T20:00:00,0.0
2023-12-29T21:00:00,0.0
2023-12-29T22:00:00,0.0
2023-12-29T23:00:00,0.0
2023-12-30T00:00:00,0.0
2023-12-30T01:00:00,0.0
2023-12-30T02:00:00,0.0
2023-12-30T03:00:00,0.0
2023-12-30T04:00:00,0.0
2023-12-30T05:00:00,6.82
2023-12-30T06:00:00,124.62
2023-12-30T07:00:00,334.5
2023-12-30T08:00:00,556.42
2023-12-30T09:00:00,760.72
2023-12-30T10:00:00,912.67
2023-12-30T11:00:00,957.45
2023-12-30T12:00:00,967.1
2023-12-30T13:00:00,922.2
2023-12-30T14:00:00,770.65
2023-12-30T15:00:00,600.15
2023-12-30T16:00:00,388.48
2023-12-30T17:00:00,179.15
2023-12-30T18:00:00,17.4
2023-12-30T19:00:00,0.0
2023-12-30T20:00:00,0.0
2023-12-30T21:00:00,0.0
2023-12-30T22:00:00,0.0
2023-12-30T23:00:00,0.0
2023-12-31T00:00:00,0.0
2023-12-31T01:00:00,0.0
2023-12-31T02:00:00,0.0
2023-12-31T03:00:00,0.0
2023-12-31T04:00:00,0.0
2023-12-31T05:00:00,5.6
2023-12-31T06:00:00,77.88
2023-12-31T07:00:00,181.82
2023-12-31T08:00:00,315.0
2023-12-31T09:00:00,437.02
2023-12-31T10:00:00,566.12
2023-12-31T11:00:00,605.4
2023-12-31T12:00:00,591.9
2023-12-31T13:00:00,612.75
2023-12-31T14:00:00,392.7
2023-12-31T15:00:00,268.58
2023-12-31T16:00:00,167.88
2023-12-31T17:00:00,65.97
2023-12-31T18:00:00,9.68
2023-12-31T19:00:00,0.0
2023-12-31T20:00:00,0.0
2023-12-31T21:00:00,0.0
2023-12-31T22:00:00,0.0
2023-12-31T23:00:00,0.0
2024-01-01T00:00:00,0.0
2024-01-01T01:00:00,0.0
2024-01-01T02:00:00,0.0
2024-01-01T03:00:00,0.0
2024-01-01T04:00:00,0.0
2024-01-01T05:00:00,4.53
2024-01-01T06:00:00,77.45
2024-01-01T07:00:00,211.32
2024-01-01T08:00:00,366.15
2024-01-01T09:00:00,511.35
2024-01-01T10:00:00,731.92
2024-01-01T11:00:00,786.3
2024-01-01T12:00:00,997.5
2024-01-01T13:00:00,823.25
2024-01-01T14:00:00,770.08
2024-01-01T15:00:00,577.58
2024-01-01T16:00:00,379.15
2024-01-01T17:00:00,185.77
2024-01-01T18:00:00,24.27
2024-01-01T19:00:00,0.0
2024-01-01T20:00:00,0.0
2024-01-01T21:00:00,0.0
2024-01-01T22:00:00,0.0
2024-01-01T23:00:00,0.0
2024-01-02T00:00:00,0.0
2024-01-02T01:00:00,0.0
2024-01-02T02:00:00,0.0
2024-01-02T03:00:00,0.0
2024-01-02T04:00:00,0.0
2024-01-02T05:00:00,6.0
2024-01-02T06:00:00,115.72
2024-01-02T07:00:00,269.8
2024-01-02T08:00:00,542.2
2024-01-02T09:00:00,738.65
2024-01-02T10:00:00,888.15
2024-01-02T11:00:00,953.42
2024-01-02T12:00:00,945.72
2024-01-02T13:00:00,895.33
2024-01-02T14:00:00,768.47
2024-01-02T15:00:00,563.53
2024-01-02T16:00:00,375.77
2024-01-02T17:00:00,180.15
2024-01-02T18:00:00,22.9
2024-01-02T19:00:00,0.0
2024-01-02T20:00:00,0.0
2024-01-02T21:00:00,0.0
2024-01-02T22:00:00,0.0
2024-01-02T23:00:00,0.0
2024-01-03T00:00:00,0.0
2024-01-03T01:00:00,0.0
2024-01-03T02:00:00,0.0
2024-01-03T03:00:00,0.0
2024-01-03T04:00:00,0.0
2024-01-03T05:00:00,5.85
2024-01-03T06:00:00,124.28
2024-01-03T07:00:00,333.98
2024-01-03T08:00:00,550.08
2024-01-03T09:00:00,742.47
2024-01-03T10:00:00,874.03
2024-01-03T11:00:00,995.88
2024-01-03T12:00:00,993.62
2024-01-03T13:00:00,894.28
2024-01-03T14:00:00,817.38
2024-01-03T15:00:00,623.53
2024-01-03T16:00:00,412.88
2024-01-03T17:00:00,197.6
2024-01-03T18:00:00,23.98
2024-01-03T19:00:00,0.0
2024-01-03T20:00:00,0.0
2024-01-03T21:00:00,0.0
2024-01-03T22:00:00,0.0
2024-01-03T23:00:00,0.0
2024-01-04T00:00:00,0.0
2024-01-04T01:00:00,0.0
2024-01-04T02:00:00,0.0
2024-01-04T03:00:00,0.0
2024-01-04T04:00:00,0.0
2024-01-04T05:00:00,4.72
2024-01-04T06:00:00,109.6
2024-01-04T07:00:00,280.92
2024-01-04T08:00:00,524.2
2024-01-04T09:00:00,741.92
2024-01-04T10:00:00,884.3
2024-01-04T11:00:00,991.92
2024-01-04T12:00:00,969.17
2024-01-04T13:00:00,886.17
2024-01-04T14:00:00,765.2
2024-01-04T15:00:00,508.75
2024-01-04T16:00:00,347.45
2024-01-04T17:00:00,165.6
2024-01-04T18:00:00,16.75
2024-01-04T19:00:00,0.0
2024-01-04T20:00:00,0.0
2024-01-04T21:00:00,0.0
2024-01-04T22:00:00,0.0
2024-01-04T23:00:00,0.0
2024-01-05T00:00:00,0.0
2024-01-05T01:00:00,0.0
2024-01-05T02:00:00,0.0
2024-01-05T03:00:00,0.0
2024-01-05T04:00:00,0.0
2024-01-05T05:00:00,3.4
2024-01-05T06:00:00,96.65
2024-01-05T07:00:00,259.12
2024-01-05T08:00:00,429.33
2024-01-05T09:00:00,623.35
2024-01-05T10:00:00,769.5
2024-01-05T11:00:00,763.42
2024-01-05T12:00:00,733.65
2024-01-05T13:00:00,702.65
2024-01-05T14:00:00,586.45
2024-01-05T15:00:00,287.3
2024-01-05T16:00:00,195.4
2024-01-05T17:00:00,97.45
2024-01-05T18:00:00,9.65
2024-01-05T19:00:00,0.0
2024-01-05T20:00:00,0.0
2024-01-05T21:00:00,0.0
2024-01-05T22:00:00,0.0
2024-01-05T23:00:00,0.0
2024-01-06T00:00:00,0.0
2024-01-06T01:00:00,0.0
2024-01-06T02:00:00,0.0
2024-01-06T03:00:00,0.0
2024-01-06T04:00:00,0.0
2024-01-06T05:00:00,3.33
2024-01-06T06:00:00,77.47
2024-01-06T07:00:00,183.5
2024-01-06T08:00:00,357.42
2024-01-06T09:00:00,536.42
2024-01-06T10:00:00,634.4
2024-01-06T11:00:00,642.62
2024-01-06T12:00:00,628.08
2024-01-06T13:00:00,507.8
2024-01-06T14:00:00,454.88
2024-01-06T15:00:00,337.38
2024-01-06T16:00:00,219.82
2024-01-06T17:00:00,95.07
2024-01-06T18:00:00,12.3
2024-01-06T19:00:00,0.0
2024-01-06T20:00:00,0.0
2024-01-06T21:00:00,0.0
2024-01-06T22:00:00,0.0
2024-01-06T23:00:00,0.0
2024-01-07T00:00:00,0.0
2024-01-07T01:00:00,0.0
2024-01-07T02:00:00,0.0
2024-01-07T03:00:00,0.0
2024-01-07T04:00:00,0.0
2024-01-07T05:00:00,3.38
2024-01-07T06:00:00,65.15
2024-01-07T07:00:00,183.57
2024-01-07T08:00:00,315.52
2024-01-07T09:00:00,472.2
2024-01-07T10:00:00,544.75
2024-01-07T11:00:00,611.12
2024-01-07T12:00:00,682.22
2024-01-07T13:00:00,601.95
2024-01-07T14:00:00,609.2
2024-01-07T15:00:00,467.88
2024-01-07T16:00:00,314.67
2024-01-07T17:00:00,157.07
2024-01-07T18:00:00,20.7
2024-01-07T19:00:00,0.0
2024-01-07T20:00:00,0.0
2024-01-07T21:00:00,0.0
2024-01-07T22:00:00,0.0
2024-01-07T23:00:00,0.0
2024-01-08T00:00:00,0.0
2024-01-08T01:00:00,0.0
2024-01-08T02:00:00,0.0
2024-01-08T03:00:00,0.0
2024-01-08T04:00:00,0.0
2024-01-08T05:00:00,3.72
2024-01-08T06:00:00,93.78
2024-01-08T07:00:00,304.23
2024-01-08T08:00:00,510.15
2024-01-08T09:00:00,701.3
2024-01-08T10:00:00,866.47
2024-01-08T11:00:00,884.53
2024-01-08T12:00:00,898.25
2024-01-08T13:00:00,730.78
2024-01-08T14:00:00,603.8
2024-01-08T15:00:00,379.12
2024-01-08T16:00:00,275.65
2024-01-08T17:00:00,138.2
2024-01-08T18:00:00,19.62
2024-01-08T19:00:00,0.0
2024-01-08T20:00:00,0.0
2024-01-08T21:00:00,0.0
2024-01-08T22:00:00,0.0
2024-01-08T23:00:00,0.0
2024-01-09T00:00:00,0.0
2024-01-09T01:00:00,0.0
2024-01-09T02:00:00,0.0
2024-01-09T03:00:00,0.0
2024-01-09T04:00:00,0.0
2024-01-09T05:00:00,2.88
2024-01-09T06:00:00,83.57
2024-01-09T07:00:00,249.15
2024-01-09T08:00:00,440.0
2024-01-09T09:00:00,609.92
2024-01-09T10:00:00,739.1
2024-01-09T11:00:00,842.9
2024-01-09T12:00:00,840.4
2024-01-09T13:00:00,801.25
2024-01-09T14:00:00,468.0
2024-01-09T15:00:00,245.3
2024-01-09T16:00:00,153.52
2024-01-09T17:00:00,66.45
2024-01-09T18:00:00,8.27
2024-01-09T19:00:00,0.0
2024-01-09T20:00:00,0.0
2024-01-09T21:00:00,0.0
2024-01-09T22:00:00,0.0
2024-01-09T23:00:00,0.0
2024-01-10T00:00:00,0.0
2024-01-10T01:00:00,0.0
2024-01-10T02:00:00,0.0
2024-01-10T03:00:00,0.0
2024-01-10T04:00:00,0.0
2024-01-10T05:00:00,1.9
2024-01-10T06:00:00,92.97
2024-01-10T07:00:00,243.75
2024-01-10T08:00:00,418.1
2024-01-10T09:00:00,602.17
2024-01-10T10:00:00,733.53
2024-01-10T11:00:00,857.38
2024-01-10T12:00:00,938.25
2024-01-10T13:00:00,916.05
2024-01-10T14:00:00,450.52
2024-01-10T15:00:00,196.05
2024-01-10T16:00:00,99.32
2024-01-10T17:00:00,65.38
2024-01-10T18:00:00,12.6
2024-01-10T19:00:00,0.0
2024-01-10T20:00:00,0.0
2024-01-10T21:00:00,0.0
2024-01-10T22:00:00,0.0
2024-01-10T23:00:00,0.0
2024-01-11T00:00:00,0.0
2024-01-11T01:00:00,0.0
2024-01-11T02:00:00,0.0
2024-01-11T03:00:00,0.0
2024-01-11T04:00:00,0.0
2024-01-11T05:00:00,0.0
2024-01-11T06:00:00,90.15
2024-01-11T07:00:00,229.45
2024-01-11T08:00:00,422.3
2024-01-11T09:00:00,628.78
2024-01-11T10:00:00,705.03
2024-01-11T11:00:00,734.33
2024-01-11T12:00:00,719.28
2024-01-11T13:00:00,736.42
2024-01-11T14:00:00,451.45
2024-01-11T15:00:00,158.82
2024-01-11T16:00:00,92.2
2024-01-11T17:00:00,66.8
2024-01-11T18:00:00,10.38
2024-01-11T19:00:00,0.0
2024-01-11T20:00:00,0.0
2024-01-11T21:00:00,0.0
2024-01-11T22:00:00,0.0
2024-01-11T23:00:00,0.0
2024-01-12T00:00:00,0.0
2024-01-12T01:00:00,0.0
2024-01-12T02:00:00,0.0
2024-01-12T03:00:00,0.0
2024-01-12T04:00:00,0.0
2024-01-12T05:00:00,0.0
2024-01-12T06:00:00,101.8
2024-01-12T07:00:00,296.2
2024-01-12T08:00:00,510.9
2024-01-12T09:00:00,720.4
2024-01-12T10:00:00,814.28
2024-01-12T11:00:00,945.22
2024-01-12T12:00:00,988.9
2024-01-12T13:00:00,779.15
2024-01-12T14:00:00,609.5
2024-01-12T15:00:00,443.1
2024-01-12T16:00:00,317.27
2024-01-12T17:00:00,156.73
2024-01-12T18:00:00,17.6
2024-01-12T19:00:00,0.0
2024-01-12T20:00:00,0.0
2024-01-12T21:00:00,0.0
2024-01-12T22:00:00,0.0
2024-01-12T23:00:00,0.0
2024-01-13T00:00:00,0.0
2024-01-13T01:00:00,0.0
2024-01-13T02:00:00,0.0
2024-01-13T03:00:00,0.0
2024-01-13T04:00:00,0.0
2024-01-13T05:00:00,0.0
2024-01-13T06:00:00,99.12
2024-01-13T07:00:00,226.73
2024-01-13T08:00:00,399.23
2024-01-13T09:00:00,587.4
2024-01-13T10:00:00,732.85
2024-01-13T11:00:00,814.78
2024-01-13T12:00:00,846.92
2024-01-13T13:00:00,881.47
2024-01-13T14:00:00,759.47
2024-01-13T15:00:00,460.4
2024-01-13T16:00:00,267.45
2024-01-13T17:00:00,119.12
2024-01-13T18:00:00,13.12
2024-01-13T19:00:00,0.0
2024-01-13T20:00:00,0.0
2024-01-13T21:00:00,0.0
2024-01-13T22:00:00,0.0
2024-01-13T23:00:00,0.0
2024-01-14T00:00:00,0.0
2024-01-14T01:00:00,0.0
2024-01-14T02:00:00,0.0
2024-01-14T03:00:00,0.0
2024-01-14T04:00:00,0.0
2024-01-14T05:00:00,0.0
2024-01-14T06:00:00,73.2
2024-01-14T07:00:00,242.65
2024-01-14T08:00:00,424.83
2024-01-14T09:00:00,601.75
2024-01-14T10:00:00,723.85
2024-01-14T11:00:00,818.1
2024-01-14T12:00:00,809.33
2024-01-14T13:00:00,701.75
2024-01-14T14:00:00,624.55
2024-01-14T15:00:00,462.4
2024-01-14T16:00:00,297.0
2024-01-14T17:00:00,151.48
2024-01-14T18:00:00,16.88
2024-01-14T19:00:00,0.0
2024-01-14T20:00:00,0.0
2024-01-14T21:00:00,0.0
2024-01-14T22:00:00,0.0
2024-01-14T23:00:00,0.0
2024-01-15T00:00:00,0.0
2024-01-15T01:00:00,0.0
2024-01-15T02:00:00,0.0
2024-01-15T03:00:00,0.0
2024-01-15T04:00:00,0.0
2024-01-15T05:00:00,0.0
2024-01-15T06:00:00,69.7
2024-01-15T07:00:00,209.62
2024-01-15T08:00:00,336.6
2024-01-15T09:00:00,511.8
2024-01-15T10:00:00,640.6
2024-01-15T11:00:00,713.9
2024-01-15T12:00:00,669.67
2024-01-15T13:00:00,666.12
2024-01-15T14:00:00,511.73
2024-01-15T15:00:00,269.08
2024-01-15T16:00:00,126.32
2024-01-15T17:00:00,58.8
2024-01-15T18:00:00,5.85
2024-01-15T19:00:00,0.0
2024-01-15T20:00:00,0.0
2024-01-15T21:00:00,0.0
2024-01-15T22:00:00,0.0
2024-01-15T23:00:00,0.0
2024-01-16T00:00:00,0.0
2024-01-16T01:00:00,0.0
2024-01-16T02:00:00,0.0
2024-01-16T03:00:00,0.0
2024-01-16T04:00:00,0.0
2024-01-16T05:00:00,0.0
2024-01-16T06:00:00,35.1
2024-01-16T07:00:00,83.28
2024-01-16T08:00:00,120.93
2024-01-16T09:00:00,166.38
2024-01-16T10:00:00,235.57
2024-01-16T11:00:00,226.6
2024-01-16T12:00:00,262.38
2024-01-16T13:00:00,227.27
2024-01-16T14:00:00,414.83
2024-01-16T15:00:00,327.9
2024-01-16T16:00:00,197.95
2024-01-16T17:00:00,99.5
2024-01-16T18:00:00,12.27
2024-01-16T19:00:00,0.0
2024-01-16T20:00:00,0.0
2024-01-16T21:00:00,0.0
2024-01-16T22:00:00,0.0
2024-01-16T23:00:00,0.0
2024-01-17T00:00:00,0.0
2024-01-17T01:00:00,0.0
2024-01-17T02:00:00,0.0
2024-01-17T03:00:00,0.0
2024-01-17T04:00:00,0.0
2024-01-17T05:00:00,0.0
2024-01-17T06:00:00,65.38
2024-01-17T07:00:00,208.6
2024-01-17T08:00:00,363.83
2024-01-17T09:00:00,521.15
2024-01-17T10:00:00,611.28
2024-01-17T11:00:00,677.0
2024-01-17T12:00:00,659.42
2024-01-17T13:00:00,321.67
2024-01-17T14:00:00,358.45
2024-01-17T15:00:00,346.3
2024-01-17T16:00:00,234.95
2024-01-17T17:00:00,107.72
2024-01-17T18:00:00,13.7
2024-01-17T19:00:00,0.0
2024-01-17T20:00:00,0.0
2024-01-17T21:00:00,0.0
2024-01-17T22:00:00,0.0
2024-01-17T23:00:00,0.0
2024-01-18T00:00:00,0.0
2024-01-18T01:00:00,0.0
2024-01-18T02:00:00,0.0
2024-01-18T03:00:00,0.0
2024-01-18T04:00:00,0.0
2024-01-18T05:00:00,0.0
2024-01-18T06:00:00,89.88
2024-01-18T07:00:00,288.25
2024-01-18T08:00:00,493.2
2024-01-18T09:00:00,700.9
2024-01-18T10:00:00,866.55
2024-01-18T11:00:00,908.25
2024-01-18T12:00:00,779.62
2024-01-18T13:00:00,563.72
2024-01-18T14:00:00,471.77
2024-01-18T15:00:00,115.4
2024-01-18T16:00:00,68.55
2024-01-18T17:00:00,42.33
2024-01-18T18:00:00,6.6
2024-01-18T19:00:00,0.0
2024-01-18T20:00:00,0.0
2024-01-18T21:00:00,0.0
2024-01-18T22:00:00,0.0
2024-01-18T23:00:00,0.0
2024-01-19T00:00:00,0.0
2024-01-19T01:00:00,0.0
2024-01-19T02:00:00,0.0
2024-01-19T03:00:00,0.0
2024-01-19T04:00:00,0.0
2024-01-19T05:00:00,0.0
2024-01-19T06:00:00,72.2
2024-01-19T07:00:00,230.43
2024-01-19T08:00:00,430.35
2024-01-19T09:00:00,617.53
2024-01-19T10:00:00,713.9
2024-01-19T11:00:00,793.67
2024-01-19T12:00:00,654.08
2024-01-19T13:00:00,491.1
2024-01-19T14:00:00,136.75
2024-01-19T15:00:00,80.47
2024-01-19T16:00:00,38.5
2024-01-19T17:00:00,34.05
2024-01-19T18:00:00,7.93
2024-01-19T19:00:00,0.0
2024-01-19T20:00:00,0.0
2024-01-19T21:00:00,0.0
2024-01-19T22:00:00,0.0
2024-01-19T23:00:00,0.0
2024-01-20T00:00:00,0.0
2024-01-20T01:00:00,0.0
2024-01-20T02:00:00,0.0
2024-01-20T03:00:00,0.0
2024-01-20T04:00:00,0.0
2024-01-20T05:00:00,0.0
2024-01-20T06:00:00,63.47
2024-01-20T07:00:00,220.52
2024-01-20T08:00:00,380.9
2024-01-20T09:00:00,543.53
2024-01-20T10:00:00,710.83
2024-01-20T11:00:00,749.22
2024-01-20T12:00:00,706.83
2024-01-20T13:00:00,704.97
2024-01-20T14:00:00,200.35
2024-01-20T15:00:00,58.8
2024-01-20T16:00:00,38.6
2024-01-20T17:00:00,28.0
2024-01-20T18:00:00,4.07
2024-01-20T19:00:00,0.0
2024-01-20T20:00:00,0.0
2024-01-20T21:00:00,0.0
2024-01-20T22:00:00,0.0
2024-01-20T23:00:00,0.0
2024-01-21T00:00:00,0.0
2024-01-21T01:00:00,0.0
2024-01-21T02:00:00,0.0
2024-01-21T03:00:00,0.0
2024-01-21T04:00:00,0.0
2024-01-21T05:00:00,0.0
2024-01-21T06:00:00,90.22
2024-01-21T07:00:00,255.4
2024-01-21T08:00:00,434.0
2024-01-21T09:00:00,609.55
2024-01-21T10:00:00,754.1
2024-01-21T11:00:00,826.8
2024-01-21T12:00:00,793.85
2024-01-21T13:00:00,691.72
2024-01-21T14:00:00,211.07
2024-01-21T15:00:00,82.82
2024-01-21T16:00:00,61.62
2024-01-21T17:00:00,24.48
2024-01-21T18:00:00,7.78
2024-01-21T19:00:00,0.0
2024-01-21T20:00:00,0.0
2024-01-21T21:00:00,0.0
2024-01-21T22:00:00,0.0
2024-01-21T23:00:00,0.0
2024-01-22T00:00:00,0.0
2024-01-22T01:00:00,0.0
2024-01-22T02:00:00,0.0
2024-01-22T03:00:00,0.0
2024-01-22T04:00:00,0.0
2024-01-22T05:00:00,0.0
2024-01-22T06:00:00,66.95
2024-01-22T07:00:00,215.8
2024-01-22T08:00:00,406.5
2024-01-22T09:00:00,600.35
2024-01-22T10:00:00,709.22
2024-01-22T11:00:00,839.7
2024-01-22T12:00:00,918.78
2024-01-22T13:00:00,917.83
2024-01-22T14:00:00,604.8
2024-01-22T15:00:00,208.65
2024-01-22T16:00:00,124.6
2024-01-22T17:00:00,71.28
2024-01-22T18:00:00,9.85
2024-01-22T19:00:00,0.0
2024-01-22T20:00:00,0.0
2024-01-22T21:00:00,0.0
2024-01-22T22:00:00,0.0
2024-01-22T23:00:00,0.0
2024-01-23T00:00:00,0.0
2024-01-23T01:00:00,0.0
2024-01-23T02:00:00,0.0
2024-01-23T03:00:00,0.0
2024-01-23T04:00:00,0.0
2024-01-23T05:00:00,0.0
2024-01-23T06:00:00,60.72
2024-01-23T07:00:00,182.23
2024-01-23T08:00:00,299.25
2024-01-23T09:00:00,448.02
2024-01-23T10:00:00,542.9
2024-01-23T11:00:00,632.8
2024-01-23T12:00:00,583.3
2024-01-23T13:00:00,532.55
2024-01-23T14:00:00,491.0
2024-01-23T15:00:00,267.25
2024-01-23T16:00:00,186.27
2024-01-23T17:00:00,82.53
2024-01-23T18:00:00,11.82
2024-01-23T19:00:00,0.0
2024-01-23T20:00:00,0.0
2024-01-23T21:00:00,0.0
2024-01-23T22:00:00,0.0
2024-01-23T23:00:00,0.0
2024-01-24T00:00:00,0.0
2024-01-24T01:00:00,0.0
2024-01-24T02:00:00,0.0
2024-01-24T03:00:00,0.0
2024-01-24T04:00:00,0.0
2024-01-24T05:00:00,0.0
2024-01-24T06:00:00,87.2
2024-01-24T07:00:00,279.25
2024-01-24T08:00:00,424.1
2024-01-24T09:00:00,677.67
2024-01-24T10:00:00,841.8
2024-01-24T11:00:00,904.03
2024-01-24T12:00:00,824.03
2024-01-24T13:00:00,358.35
2024-01-24T14:00:00,234.43
2024-01-24T15:00:00,76.3
2024-01-24T16:00:00,52.45
2024-01-24T17:00:00,26.98
2024-01-24T18:00:00,5.15
2024-01-24T19:00:00,0.0
2024-01-24T20:00:00,0.0
2024-01-24T21:00:00,0.0
2024-01-24T22:00:00,0.0
2024-01-24T23:00:00,0.0
2024-01-25T00:00:00,0.0
2024-01-25T01:00:00,0.0
2024-01-25T02:00:00,0.0
2024-01-25T03:00:00,0.0
2024-01-25T04:00:00,0.0
2024-01-25T05:00:00,0.0
2024-01-25T06:00:00,20.62
2024-01-25T07:00:00,53.25
2024-01-25T08:00:00,87.85
2024-01-25T09:00:00,135.52
2024-01-25T10:00:00,164.57
2024-01-25T11:00:00,152.65
2024-01-25T12:00:00,143.6
2024-01-25T13:00:00,206.02
2024-01-25T14:00:00,255.0
2024-01-25T15:00:00,290.25
2024-01-25T16:00:00,186.55
2024-01-25T17:00:00,77.55
2024-01-25T18:00:00,12.1
2024-01-25T19:00:00,0.0
2024-01-25T20:00:00,0.0
2024-01-25T21:00:00,0.0
2024-01-25T22:00:00,0.0
2024-01-25T23:00:00,0.0
2024-01-26T00:00:00,0.0
2024-01-26T01:00:00,0.0
2024-01-26T02:00:00,0.0
2024-01-26T03:00:00,0.0
2024-01-26T04:00:00,0.0
2024-01-26T05:00:00,0.0
2024-01-26T06:00:00,82.18
2024-01-26T07:00:00,239.35
2024-01-26T08:00:00,434.23
2024-01-26T09:00:00,629.9
2024-01-26T10:00:00,769.97
2024-01-26T11:00:00,919.45
2024-01-26T12:00:00,930.97
2024-01-26T13:00:00,912.58
2024-01-26T14:00:00,778.75
2024-01-26T15:00:00,641.92
2024-01-26T16:00:00,430.67
2024-01-26T17:00:00,206.0
2024-01-26T18:00:00,28.48
2024-01-26T19:00:00,0.0
2024-01-26T20:00:00,0.0
2024-01-26T21:00:00,0.0
2024-01-26T22:00:00,0.0
2024-01-26T23:00:00,0.0
2024-01-27T00:00:00,0.0
2024-01-27T01:00:00,0.0
2024-01-27T02:00:00,0.0
2024-01-27T03:00:00,0.0
2024-01-27T04:00:00,0.0
2024-01-27T05:00:00,0.0
2024-01-27T06:00:00,82.25
2024-01-27T07:00:00,243.15
2024-01-27T08:00:00,505.6
2024-01-27T09:00:00,616.38
2024-01-27T10:00:00,839.72
2024-01-27T11:00:00,955.15
2024-01-27T12:00:00,984.9
2024-01-27T13:00:00,980.25
2024-01-27T14:00:00,855.75
2024-01-27T15:00:00,615.5
2024-01-27T16:00:00,415.08
2024-01-27T17:00:00,190.73
2024-01-27T18:00:00,22.27
2024-01-27T19:00:00,0.0
2024-01-27T20:00:00,0.0
2024-01-27T21:00:00,0.0
2024-01-27T22:00:00,0.0
2024-01-27T23:00:00,0.0
2024-01-28T00:00:00,0.0
2024-01-28T01:00:00,0.0
2024-01-28T02:00:00,0.0
2024-01-28T03:00:00,0.0
2024-01-28T04:00:00,0.0
2024-01-28T05:00:00,0.0
2024-01-28T06:00:00,83.2
2024-01-28T07:00:00,296.17
2024-01-28T08:00:00,506.45
2024-01-28T09:00:00,710.67
2024-01-28T10:00:00,800.97
2024-01-28T11:00:00,864.17
2024-01-28T12:00:00,1039.85
2024-01-28T13:00:00,910.12
2024-01-28T14:00:00,854.5
2024-01-28T15:00:00,598.83
2024-01-28T16:00:00,368.67
2024-01-28T17:00:00,166.15
2024-01-28T18:00:00,20.05
2024-01-28T19:00:00,0.0
2024-01-28T20:00:00,0.0
2024-01-28T21:00:00,0.0
2024-01-28T22:00:00,0.0
2024-01-28T23:00:00,0.0
2024-01-29T00:00:00,0.0
2024-01-29T01:00:00,0.0
2024-01-29T02:00:00,0.0
2024-01-29T03:00:00,0.0
2024-01-29T04:00:00,0.0
2024-01-29T05:00:00,0.0
2024-01-29T06:00:00,75.5
2024-01-29T07:00:00,241.98
2024-01-29T08:00:00,503.48
2024-01-29T09:00:00,706.33
2024-01-29T10:00:00,827.6
2024-01-29T11:00:00,954.9
2024-01-29T12:00:00,931.92
2024-01-29T13:00:00,864.15
2024-01-29T14:00:00,830.55
2024-01-29T15:00:00,578.0
2024-01-29T16:00:00,359.98
2024-01-29T17:00:00,177.18
2024-01-29T18:00:00,21.7
2024-01-29T19:00:00,0.0
2024-01-29T20:00:00,0.0
2024-01-29T21:00:00,0.0
2024-01-29T22:00:00,0.0
2024-01-29T23:00:00,0.0
2024-01-30T00:00:00,0.0
2024-01-30T01:00:00,0.0
2024-01-30T02:00:00,0.0
2024-01-30T03:00:00,0.0
2024-01-30T04:00:00,0.0
2024-01-30T05:00:00,0.0
2024-01-30T06:00:00,35.92
2024-01-30T07:00:00,116.5
2024-01-30T08:00:00,297.38
2024-01-30T09:00:00,428.95
2024-01-30T10:00:00,547.22
2024-01-30T11:00:00,663.75
2024-01-30T12:00:00,767.88
2024-01-30T13:00:00,621.33
2024-01-30T14:00:00,328.98
2024-01-30T15:00:00,298.62
2024-01-30T16:00:00,126.78
2024-01-30T17:00:00,56.67
2024-01-30T18:00:00,8.05
2024-01-30T19:00:00,0.0
2024-01-30T20:00:00,0.0
2024-01-30T21:00:00,0.0
2024-01-30T22:00:00,0.0
2024-01-30T23:00:00,0.0
2024-01-31T00:00:00,0.0
2024-01-31T01:00:00,0.0
2024-01-31T02:00:00,0.0
2024-01-31T03:00:00,0.0
2024-01-31T04:00:00,0.0
2024-01-31T05:00:00,0.0
2024-01-31T06:00:00,20.12
2024-01-31T07:00:00,126.32
2024-01-31T08:00:00,260.52
2024-01-31T09:00:00,398.9
2024-01-31T10:00:00,504.5
2024-01-31T11:00:00,526.2
2024-01-31T12:00:00,548.15
2024-01-31T13:00:00,504.1
2024-01-31T14:00:00,517.28
2024-01-31T15:00:00,315.65
2024-01-31T16:00:00,222.52
2024-01-31T17:00:00,104.57
2024-01-31T18:00:00,12.38
2024-01-31T19:00:00,0.0
2024-01-31T20:00:00,0.0
2024-01-31T21:00:00,0.0
2024-01-31T22:00:00,0.0
2024-01-31T23:00:00,0.0
2024-02-01T00:00:00,0.0
2024-02-01T01:00:00,0.0
2024-02-01T02:00:00,0.0
2024-02-01T03:00:00,0.0
2024-02-01T04:00:00,0.0
2024-02-01T05:00:00,0.0
2024-02-01T06:00:00,59.47
2024-02-01T07:00:00,174.4
2024-02-01T08:00:00,289.45
2024-02-01T09:00:00,387.58
2024-02-01T10:00:00,555.65
2024-02-01T11:00:00,648.72
2024-02-01T12:00:00,838.22
2024-02-01T13:00:00,838.1
2024-02-01T14:00:00,544.9
2024-02-01T15:00:00,352.62
2024-02-01T16:00:00,156.15
2024-02-01T17:00:00,69.78
2024-02-01T18:00:00,8.45
2024-02-01T19:00:00,0.0
2024-02-01T20:00:00,0.0
2024-02-01T21:00:00,0.0
2024-02-01T22:00:00,0.0
2024-02-01T23:00:00,0.0
2024-02-02T00:00:00,0.0
2024-02-02T01:00:00,0.0
2024-02-02T02:00:00,0.0
2024-02-02T03:00:00,0.0
2024-02-02T04:00:00,0.0
2024-02-02T05:00:00,0.0
2024-02-02T06:00:00,60.9
2024-02-02T07:00:00,250.2
2024-02-02T08:00:00,466.58
2024-02-02T09:00:00,662.08
2024-02-02T10:00:00,815.17
2024-02-02T11:00:00,906.28
2024-02-02T12:00:00,888.5
2024-02-02T13:00:00,820.78
2024-02-02T14:00:00,749.45
2024-02-02T15:00:00,589.9
2024-02-02T16:00:00,382.55
2024-02-02T17:00:00,174.98
2024-02-02T18:00:00,21.02
2024-02-02T19:00:00,0.0
2024-02-02T20:00:00,0.0
2024-02-02T21:00:00,0.0
2024-02-02T22:00:00,0.0
2024-02-02T23:00:00,0.0
2024-02-03T00:00:00,0.0
2024-02-03T01:00:00,0.0
2024-02-03T02:00:00,0.0
2024-02-03T03:00:00,0.0
2024-02-03T04:00:00,0.0
2024-02-03T05:00:00,0.0
2024-02-03T06:00:00,62.22
2024-02-03T07:00:00,241.27
2024-02-03T08:00:00,471.12
2024-02-03T09:00:00,664.8
2024-02-03T10:00:00,807.08
2024-02-03T11:00:00,796.42
2024-02-03T12:00:00,872.78
2024-02-03T13:00:00,881.65
2024-02-03T14:00:00,802.08
2024-02-03T15:00:00,594.08
2024-02-03T16:00:00,385.62
2024-02-03T17:00:00,178.5
2024-02-03T18:00:00,20.88
2024-02-03T19:00:00,0.0
2024-02-03T20:00:00,0.0
2024-02-03T21:00:00,0.0
2024-02-03T22:00:00,0.0
2024-02-03T23:00:00,0.0
2024-02-04T00:00:00,0.0
2024-02-04T01:00:00,0.0
2024-02-04T02:00:00,0.0
2024-02-04T03:00:00,0.0
2024-02-04T04:00:00,0.0
2024-02-04T05:00:00,0.0
2024-02-04T06:00:00,72.38
2024-02-04T07:00:00,283.85
2024-02-04T08:00:00,466.33
2024-02-04T09:00:00,721.53
2024-02-04T10:00:00,862.6
2024-02-04T11:00:00,909.47
2024-02-04T12:00:00,927.65
2024-02-04T13:00:00,841.75
2024-02-04T14:00:00,733.15
2024-02-04T15:00:00,563.58
2024-02-04T16:00:00,366.08
2024-02-04T17:00:00,167.6
2024-02-04T18:00:00,20.73
2024-02-04T19:00:00,0.0
2024-02-04T20:00:00,0.0
2024-02-04T21:00:00,0.0
2024-02-04T22:00:00,0.0
2024-02-04T23:00:00,0.0
2024-02-05T00:00:00,0.0
2024-02-05T01:00:00,0.0
2024-02-05T02:00:00,0.0
2024-02-05T03:00:00,0.0
2024-02-05T04:00:00,0.0
2024-02-05T05:00:00,0.0
2024-02-05T06:00:00,64.68
2024-02-05T07:00:00,278.92
2024-02-05T08:00:00,491.42
2024-02-05T09:00:00,702.6
2024-02-05T10:00:00,878.53
2024-02-05T11:00:00,884.9
2024-02-05T12:00:00,797.62
2024-02-05T13:00:00,693.55
2024-02-05T14:00:00,637.12
2024-02-05T15:00:00,436.85
2024-02-05T16:00:00,290.52
2024-02-05T17:00:00,137.1
2024-02-05T18:00:00,14.4
2024-02-05T19:00:00,0.0
2024-02-05T20:00:00,0.0
2024-02-05T21:00:00,0.0
2024-02-05T22:00:00,0.0
2024-02-05T23:00:00,0.0
2024-02-06T00:00:00,0.0
2024-02-06T01:00:00,0.0
2024-02-06T02:00:00,0.0
2024-02-06T03:00:00,0.0
2024-02-06T04:00:00,0.0
2024-02-06T05:00:00,0.0
2024-02-06T06:00:00,29.2
2024-02-06T07:00:00,106.18
2024-02-06T08:00:00,206.82
2024-02-06T09:00:00,321.58
2024-02-06T10:00:00,391.0
2024-02-06T11:00:00,449.05
2024-02-06T12:00:00,458.8
2024-02-06T13:00:00,290.7
2024-02-06T14:00:00,430.73
2024-02-06T15:00:00,266.27
2024-02-06T16:00:00,165.45
2024-02-06T17:00:00,85.15
2024-02-06T18:00:00,10.95
2024-02-06T19:00:00,0.0
2024-02-06T20:00:00,0.0
2024-02-06T21:00:00,0.0
2024-02-06T22:00:00,0.0
2024-02-06T23:00:00,0.0
2024-02-07T00:00:00,0.0
2024-02-07T01:00:00,0.0
2024-02-07T02:00:00,0.0
2024-02-07T03:00:00,0.0
2024-02-07T04:00:00,0.0
2024-02-07T05:00:00,0.0
2024-02-07T06:00:00,40.7
2024-02-07T07:00:00,139.48
2024-02-07T08:00:00,273.75
2024-02-07T09:00:00,454.3
2024-02-07T10:00:00,572.12
2024-02-07T11:00:00,657.58
2024-02-07T12:00:00,737.25
2024-02-07T13:00:00,704.97
2024-02-07T14:00:00,650.42
2024-02-07T15:00:00,455.08
2024-02-07T16:00:00,282.23
2024-02-07T17:00:00,120.35
2024-02-07T18:00:00,13.18
2024-02-07T19:00:00,0.0
2024-02-07T20:00:00,0.0
2024-02-07T21:00:00,0.0
2024-02-07T22:00:00,0.0
2024-02-07T23:00:00,0.0
2024-02-08T00:00:00,0.0
2024-02-08T01:00:00,0.0
2024-02-08T02:00:00,0.0
2024-02-08T03:00:00,0.0
2024-02-08T04:00:00,0.0
2024-02-08T05:00:00,0.0
2024-02-08T06:00:00,49.35
2024-02-08T07:00:00,162.65
2024-02-08T08:00:00,334.65
2024-02-08T09:00:00,528.22
2024-02-08T10:00:00,608.83
2024-02-08T11:00:00,679.88
2024-02-08T12:00:00,745.6
2024-02-08T13:00:00,709.5
2024-02-08T14:00:00,662.05
2024-02-08T15:00:00,550.22
2024-02-08T16:00:00,322.85
2024-02-08T17:00:00,134.18
2024-02-08T18:00:00,12.75
2024-02-08T19:00:00,0.0
2024-02-08T20:00:00,0.0
2024-02-08T21:00:00,0.0
2024-02-08T22:00:00,0.0
2024-02-08T23:00:00,0.0
2024-02-09T00:00:00,0.0
2024-02-09T01:00:00,0.0
2024-02-09T02:00:00,0.0
2024-02-09T03:00:00,0.0
2024-02-09T04:00:00,0.0
2024-02-09T05:00:00,0.0
2024-02-09T06:00:00,49.08
2024-02-09T07:00:00,178.23
2024-02-09T08:00:00,390.77
2024-02-09T09:00:00,572.72
2024-02-09T10:00:00,745.25
2024-02-09T11:00:00,762.1
2024-02-09T12:00:00,833.62
2024-02-09T13:00:00,817.95
2024-02-09T14:00:00,747.1
2024-02-09T15:00:00,642.28
2024-02-09T16:00:00,437.77
2024-02-09T17:00:00,195.75
2024-02-09T18:00:00,22.52
2024-02-09T19:00:00,0.0
2024-02-09T20:00:00,0.0
2024-02-09T21:00:00,0.0
2024-02-09T22:00:00,0.0
2024-02-09T23:00:00,0.0
2024-02-10T00:00:00,0.0
2024-02-10T01:00:00,0.0
2024-02-10T02:00:00,0.0
2024-02-10T03:00:00,0.0
2024-02-10T04:00:00,0.0
2024-02-10T05:00:00,0.0
2024-02-10T06:00:00,49.15
2024-02-10T07:00:00,226.98
2024-02-10T08:00:00,443.9
2024-02-10T09:00:00,641.25
2024-02-10T10:00:00,799.2
2024-02-10T11:00:00,796.08
2024-02-10T12:00:00,827.67
2024-02-10T13:00:00,812.65
2024-02-10T14:00:00,609.12
2024-02-10T15:00:00,320.45
2024-02-10T16:00:00,231.8
2024-02-10T17:00:00,96.93
2024-02-10T18:00:00,10.6
2024-02-10T19:00:00,0.0
2024-02-10T20:00:00,0.0
2024-02-10T21:00:00,0.0
2024-02-10T22:00:00,0.0
2024-02-10T23:00:00,0.0
2024-02-11T00:00:00,0.0
2024-02-11T01:00:00,0.0
2024-02-11T02:00:00,0.0
2024-02-11T03:00:00,0.0
2024-02-11T04:00:00,0.0
2024-02-11T05:00:00,0.0
2024-02-11T06:00:00,47.67
2024-02-11T07:00:00,169.15
2024-02-11T08:00:00,343.17
2024-02-11T09:00:00,534.78
2024-02-11T10:00:00,665.85
2024-02-11T11:00:00,738.92
2024-02-11T12:00:00,823.53
2024-02-11T13:00:00,845.62
2024-02-11T14:00:00,566.72
2024-02-11T15:00:00,351.85
2024-02-11T16:00:00,212.98
2024-02-11T17:00:00,91.35
2024-02-11T18:00:00,10.15
2024-02-11T19:00:00,0.0
2024-02-11T20:00:00,0.0
2024-02-11T21:00:00,0.0
2024-02-11T22:00:00,0.0
2024-02-11T23:00:00,0.0
2024-02-12T00:00:00,0.0
2024-02-12T01:00:00,0.0
2024-02-12T02:00:00,0.0
2024-02-12T03:00:00,0.0
2024-02-12T04:00:00,0.0
2024-02-12T05:00:00,0.0
2024-02-12T06:00:00,42.2
2024-02-12T07:00:00,177.93
2024-02-12T08:00:00,362.8
2024-02-12T09:00:00,544.7
2024-02-12T10:00:00,693.95
2024-02-12T11:00:00,758.35
2024-02-12T12:00:00,778.53
2024-02-12T13:00:00,673.67
2024-02-12T14:00:00,541.08
2024-02-12T15:00:00,361.98
2024-02-12T16:00:00,211.05
2024-02-12T17:00:00,102.57
2024-02-12T18:00:00,12.1
2024-02-12T19:00:00,0.0
2024-02-12T20:00:00,0.0
2024-02-12T21:00:00,0.0
2024-02-12T22:00:00,0.0
2024-02-12T23:00:00,0.0
2024-02-13T00:00:00,0.0
2024-02-13T01:00:00,0.0
2024-02-13T02:00:00,0.0
2024-02-13T03:00:00,0.0
2024-02-13T04:00:00,0.0
2024-02-13T05:00:00,0.0
2024-02-13T06:00:00,57.05
2024-02-13T07:00:00,245.82
2024-02-13T08:00:00,483.8
2024-02-13T09:00:00,689.3
2024-02-13T10:00:00,851.35
2024-02-13T11:00:00,917.05
2024-02-13T12:00:00,912.5
2024-02-13T13:00:00,813.72
2024-02-13T14:00:00,707.17
2024-02-13T15:00:00,446.98
2024-02-13T16:00:00,291.7
2024-02-13T17:00:00,136.77
2024-02-13T18:00:00,13.8
2024-02-13T19:00:00,0.0
2024-02-13T20:00:00,0.0
2024-02-13T21:00:00,0.0
2024-02-13T22:00:00,0.0
2024-02-13T23:00:00,0.0
2024-02-14T00:00:00,0.0
2024-02-14T01:00:00,0.0
2024-02-14T02:00:00,0.0
2024-02-14T03:00:00,0.0
2024-02-14T04:00:00,0.0
2024-02-14T05:00:00,0.0
2024-02-14T06:00:00,48.38
2024-02-14T07:00:00,220.4
2024-02-14T08:00:00,435.27
2024-02-14T09:00:00,634.1
2024-02-14T10:00:00,793.58
2024-02-14T11:00:00,899.15
2024-02-14T12:00:00,910.1
2024-02-14T13:00:00,814.53
2024-02-14T14:00:00,697.1
2024-02-14T15:00:00,460.38
2024-02-14T16:00:00,280.25
2024-02-14T17:00:00,135.52
2024-02-14T18:00:00,12.65
2024-02-14T19:00:00,0.0
2024-02-14T20:00:00,0.0
2024-02-14T21:00:00,0.0
2024-02-14T22:00:00,0.0
2024-02-14T23:00:00,0.0
2024-02-15T00:00:00,0.0
2024-02-15T01:00:00,0.0
2024-02-15T02:00:00,0.0
2024-02-15T03:00:00,0.0
2024-02-15T04:00:00,0.0
2024-02-15T05:00:00,0.0
2024-02-15T06:00:00,31.5
2024-02-15T07:00:00,149.5
2024-02-15T08:00:00,282.2
2024-02-15T09:00:00,399.33
2024-02-15T10:00:00,516.62
2024-02-15T11:00:00,535.4
2024-02-15T12:00:00,423.75
2024-02-15T13:00:00,461.12
2024-02-15T14:00:00,454.88
2024-02-15T15:00:00,266.0
2024-02-15T16:00:00,157.77
2024-02-15T17:00:00,82.38
2024-02-15T18:00:00,8.6
2024-02-15T19:00:00,0.0
2024-02-15T20:00:00,0.0
2024-02-15T21:00:00,0.0
2024-02-15T22:00:00,0.0
2024-02-15T23:00:00,0.0
2024-02-16T00:00:00,0.0
2024-02-16T01:00:00,0.0
2024-02-16T02:00:00,0.0
2024-02-16T03:00:00,0.0
2024-02-16T04:00:00,0.0
2024-02-16T05:00:00,0.0
2024-02-16T06:00:00,25.33
2024-02-16T07:00:00,109.8
2024-02-16T08:00:00,217.93
2024-02-16T09:00:00,368.38
2024-02-16T10:00:00,496.35
2024-02-16T11:00:00,348.9
2024-02-16T12:00:00,285.2
2024-02-16T13:00:00,186.23
2024-02-16T14:00:00,187.95
2024-02-16T15:00:00,169.27
2024-02-16T16:00:00,83.65
2024-02-16T17:00:00,34.35
2024-02-16T18:00:00,4.72
2024-02-16T19:00:00,0.0
2024-02-16T20:00:00,0.0
2024-02-16T21:00:00,0.0
2024-02-16T22:00:00,0.0
2024-02-16T23:00:00,0.0
2024-02-17T00:00:00,0.0
2024-02-17T01:00:00,0.0
2024-02-17T02:00:00,0.0
2024-02-17T03:00:00,0.0
2024-02-17T04:00:00,0.0
2024-02-17T05:00:00,0.0
2024-02-17T06:00:00,25.92
2024-02-17T07:00:00,137.77
2024-02-17T08:00:00,286.12
2024-02-17T09:00:00,441.27
2024-02-17T10:00:00,553.47
2024-02-17T11:00:00,595.12
2024-02-17T12:00:00,647.8
2024-02-17T13:00:00,711.62
2024-02-17T14:00:00,643.38
2024-02-17T15:00:00,429.73
2024-02-17T16:00:00,255.07
2024-02-17T17:00:00,103.35
2024-02-17T18:00:00,8.85
2024-02-17T19:00:00,0.0
2024-02-17T20:00:00,0.0
2024-02-17T21:00:00,0.0
2024-02-17T22:00:00,0.0
2024-02-17T23:00:00,0.0
2024-02-18T00:00:00,0.0
2024-02-18T01:00:00,0.0
2024-02-18T02:00:00,0.0
2024-02-18T03:00:00,0.0
2024-02-18T04:00:00,0.0
2024-02-18T05:00:00,0.0
2024-02-18T06:00:00,37.53
2024-02-18T07:00:00,196.95
2024-02-18T08:00:00,380.3
2024-02-18T09:00:00,647.05
2024-02-18T10:00:00,795.35
2024-02-18T11:00:00,853.67
2024-02-18T12:00:00,933.5
2024-02-18T13:00:00,802.5
2024-02-18T14:00:00,758.62
2024-02-18T15:00:00,541.42
2024-02-18T16:00:00,336.4
2024-02-18T17:00:00,138.5
2024-02-18T18:00:00,15.4
2024-02-18T19:00:00,0.0
2024-02-18T20:00:00,0.0
2024-02-18T21:00:00,0.0
2024-02-18T22:00:00,0.0
2024-02-18T23:00:00,0.0
2024-02-19T00:00:00,0.0
2024-02-19T01:00:00,0.0
2024-02-19T02:00:00,0.0
2024-02-19T03:00:00,0.0
2024-02-19T04:00:00,0.0
2024-02-19T05:00:00,0.0
2024-02-19T06:00:00,6.72
2024-02-19T07:00:00,92.8
2024-02-19T08:00:00,188.73
2024-02-19T09:00:00,305.1
2024-02-19T10:00:00,346.55
2024-02-19T11:00:00,394.1
2024-02-19T12:00:00,368.4
2024-02-19T13:00:00,368.35
2024-02-19T14:00:00,300.7
2024-02-19T15:00:00,226.05
2024-02-19T16:00:00,130.57
2024-02-19T17:00:00,57.4
2024-02-19T18:00:00,6.0
2024-02-19T19:00:00,0.0
2024-02-19T20:00:00,0.0
2024-02-19T21:00:00,0.0
2024-02-19T22:00:00,0.0
2024-02-19T23:00:00,0.0
2024-02-20T00:00:00,0.0
2024-02-20T01:00:00,0.0
2024-02-20T02:00:00,0.0
2024-02-20T03:00:00,0.0
2024-02-20T04:00:00,0.0
2024-02-20T05:00:00,0.0
2024-02-20T06:00:00,12.07
2024-02-20T07:00:00,122.0
2024-02-20T08:00:00,304.85
2024-02-20T09:00:00,461.3
2024-02-20T10:00:00,602.28
2024-02-20T11:00:00,597.5
2024-02-20T12:00:00,472.12
2024-02-20T13:00:00,375.65
2024-02-20T14:00:00,278.5
2024-02-20T15:00:00,168.85
2024-02-20T16:00:00,115.38
2024-02-20T17:00:00,44.7
2024-02-20T18:00:00,4.32
2024-02-20T19:00:00,0.0
2024-02-20T20:00:00,0.0
2024-02-20T21:00:00,0.0
2024-02-20T22:00:00,0.0
2024-02-20T23:00:00,0.0
2024-02-21T00:00:00,0.0
2024-02-21T01:00:00,0.0
2024-02-21T02:00:00,0.0
2024-02-21T03:00:00,0.0
2024-02-21T04:00:00,0.0
2024-02-21T05:00:00,0.0
2024-02-21T06:00:00,31.6
2024-02-21T07:00:00,195.52
2024-02-21T08:00:00,393.35
2024-02-21T09:00:00,579.3
2024-02-21T10:00:00,686.3
2024-02-21T11:00:00,836.17
2024-02-21T12:00:00,846.85
2024-02-21T13:00:00,789.35
2024-02-21T14:00:00,625.72
2024-02-21T15:00:00,385.7
2024-02-21T16:00:00,242.95
2024-02-21T17:00:00,105.65
2024-02-21T18:00:00,8.0
2024-02-21T19:00:00,0.0
2024-02-21T20:00:00,0.0
2024-02-21T21:00:00,0.0
2024-02-21T22:00:00,0.0
2024-02-21T23:00:00,0.0
2024-02-22T00:00:00,0.0
2024-02-22T01:00:00,0.0
2024-02-22T02:00:00,0.0
2024-02-22T03:00:00,0.0
2024-02-22T04:00:00,0.0
2024-02-22T05:00:00,0.0
2024-02-22T06:00:00,14.82
2024-02-22T07:00:00,99.05
2024-02-22T08:00:00,197.05
2024-02-22T09:00:00,307.7
2024-02-22T10:00:00,471.98
2024-02-22T11:00:00,519.9
2024-02-22T12:00:00,674.62
2024-02-22T13:00:00,698.95
2024-02-22T14:00:00,623.38
2024-02-22T15:00:00,472.4
2024-02-22T16:00:00,297.2
2024-02-22T17:00:00,127.55
2024-02-22T18:00:00,10.27
2024-02-22T19:00:00,0.0
2024-02-22T20:00:00,0.0
2024-02-22T21:00:00,0.0
2024-02-22T22:00:00,0.0
2024-02-22T23:00:00,0.0
2024-02-23T00:00:00,0.0
2024-02-23T01:00:00,0.0
2024-02-23T02:00:00,0.0
2024-02-23T03:00:00,0.0
2024-02-23T04:00:00,0.0
2024-02-23T05:00:00,0.0
2024-02-23T06:00:00,18.35
2024-02-23T07:00:00,91.9
2024-02-23T08:00:00,210.12
2024-02-23T09:00:00,312.15
2024-02-23T10:00:00,443.33
2024-02-23T11:00:00,463.65
2024-02-23T12:00:00,489.55
2024-02-23T13:00:00,447.3
2024-02-23T14:00:00,237.62
2024-02-23T15:00:00,178.9
2024-02-23T16:00:00,133.12
2024-02-23T17:00:00,59.6
2024-02-23T18:00:00,6.03
2024-02-23T19:00:00,0.0
2024-02-23T20:00:00,0.0
2024-02-23T21:00:00,0.0
2024-02-23T22:00:00,0.0
2024-02-23T23:00:00,0.0
2024-02-24T00:00:00,0.0
2024-02-24T01:00:00,0.0
2024-02-24T02:00:00,0.0
2024-02-24T03:00:00,0.0
2024-02-24T04:00:00,0.0
2024-02-24T05:00:00,0.0
2024-02-24T06:00:00,20.38
2024-02-24T07:00:00,117.65
2024-02-24T08:00:00,87.68
2024-02-24T09:00:00,283.48
2024-02-24T10:00:00,316.48
2024-02-24T11:00:00,442.05
2024-02-24T12:00:00,411.9
2024-02-24T13:00:00,462.77
2024-02-24T14:00:00,338.9
2024-02-24T15:00:00,151.75
2024-02-24T16:00:00,101.68
2024-02-24T17:00:00,42.55
2024-02-24T18:00:00,3.28
2024-02-24T19:00:00,0.0
2024-02-24T20:00:00,0.0
2024-02-24T21:00:00,0.0
2024-02-24T22:00:00,0.0
2024-02-24T23:00:00,0.0
2024-02-25T00:00:00,0.0
2024-02-25T01:00:00,0.0
2024-02-25T02:00:00,0.0
2024-02-25T03:00:00,0.0
2024-02-25T04:00:00,0.0
2024-02-25T05:00:00,0.0
2024-02-25T06:00:00,31.8
2024-02-25T07:00:00,177.95
2024-02-25T08:00:00,344.67
2024-02-25T09:00:00,537.65
2024-02-25T10:00:00,696.05
2024-02-25T11:00:00,766.45
2024-02-25T12:00:00,687.83
2024-02-25T13:00:00,669.83
2024-02-25T14:00:00,475.5
2024-02-25T15:00:00,348.73
2024-02-25T16:00:00,207.88
2024-02-25T17:00:00,99.53
2024-02-25T18:00:00,7.65
2024-02-25T19:00:00,0.0
2024-02-25T20:00:00,0.0
2024-02-25T21:00:00,0.0
2024-02-25T22:00:00,0.0
2024-02-25T23:00:00,0.0
2024-02-26T00:00:00,0.0
2024-02-26T01:00:00,0.0
2024-02-26T02:00:00,0.0
2024-02-26T03:00:00,0.0
2024-02-26T04:00:00,0.0
2024-02-26T05:00:00,0.0
2024-02-26T06:00:00,35.6
2024-02-26T07:00:00,204.95
2024-02-26T08:00:00,437.0
2024-02-26T09:00:00,599.2
2024-02-26T10:00:00,803.38
2024-02-26T11:00:00,921.6
2024-02-26T12:00:00,912.72
2024-02-26T13:00:00,862.1
2024-02-26T14:00:00,721.8
2024-02-26T15:00:00,496.98
2024-02-26T16:00:00,308.58
2024-02-26T17:00:00,117.4
2024-02-26T18:00:00,8.02
2024-02-26T19:00:00,0.0
2024-02-26T20:00:00,0.0
2024-02-26T21:00:00,0.0
2024-02-26T22:00:00,0.0
2024-02-26T23:00:00,0.0
2024-02-27T00:00:00,0.0
2024-02-27T01:00:00,0.0
2024-02-27T02:00:00,0.0
2024-02-27T03:00:00,0.0
2024-02-27T04:00:00,0.0
2024-02-27T05:00:00,0.0
2024-02-27T06:00:00,47.08
2024-02-27T07:00:00,260.75
2024-02-27T08:00:00,495.3
2024-02-27T09:00:00,718.53
2024-02-27T10:00:00,872.7
2024-02-27T11:00:00,968.2
2024-02-27T12:00:00,962.7
2024-02-27T13:00:00,905.05
2024-02-27T14:00:00,761.53
2024-02-27T15:00:00,503.85
2024-02-27T16:00:00,315.8
2024-02-27T17:00:00,139.8
2024-02-27T18:00:00,7.32
2024-02-27T19:00:00,0.0
2024-02-27T20:00:00,0.0
2024-02-27T21:00:00,0.0
2024-02-27T22:00:00,0.0
2024-02-27T23:00:00,0.0
2024-02-28T00:00:00,0.0
2024-02-28T01:00:00,0.0
2024-02-28T02:00:00,0.0
2024-02-28T03:00:00,0.0
2024-02-28T04:00:00,0.0
2024-02-28T05:00:00,0.0
2024-02-28T06:00:00,49.55
2024-02-28T07:00:00,277.4
2024-02-28T08:00:00,519.08
2024-02-28T09:00:00,722.92
2024-02-28T10:00:00,858.4
2024-02-28T11:00:00,884.83
2024-02-28T12:00:00,889.08
2024-02-28T13:00:00,876.6
2024-02-28T14:00:00,707.6
2024-02-28T15:00:00,533.22
2024-02-28T16:00:00,340.02
2024-02-28T17:00:00,146.38
2024-02-28T18:00:00,9.35
2024-02-28T19:00:00,0.0
2024-02-28T20:00:00,0.0
2024-02-28T21:00:00,0.0
2024-02-28T22:00:00,0.0
2024-02-28T23:00:00,0.0
2024-02-29T00:00:00,0.0
2024-02-29T01:00:00,0.0
2024-02-29T02:00:00,0.0
2024-02-29T03:00:00,0.0
2024-02-29T04:00:00,0.0
2024-02-29T05:00:00,0.0
2024-02-29T06:00:00,36.58
2024-02-29T07:00:00,209.9
2024-02-29T08:00:00,405.55
2024-02-29T09:00:00,609.78
2024-02-29T10:00:00,787.1
2024-02-29T11:00:00,866.15
2024-02-29T12:00:00,909.67
2024-02-29T13:00:00,645.42
2024-02-29T14:00:00,543.03
2024-02-29T15:00:00,305.45
2024-02-29T16:00:00,201.7
2024-02-29T17:00:00,94.47
2024-02-29T18:00:00,7.15
2024-02-29T19:00:00,0.0
2024-02-29T20:00:00,0.0
2024-02-29T21:00:00,0.0
2024-02-29T22:00:00,0.0
2024-02-29T23:00:00,0.0
2024-03-01T00:00:00,0.0
2024-03-01T01:00:00,0.0
2024-03-01T02:00:00,0.0
2024-03-01T03:00:00,0.0
2024-03-01T04:00:00,0.0
2024-03-01T05:00:00,0.0
2024-03-01T06:00:00,45.47
2024-03-01T07:00:00,257.45
2024-03-01T08:00:00,509.52
2024-03-01T09:00:00,713.35
2024-03-01T10:00:00,858.05
2024-03-01T11:00:00,932.95
2024-03-01T12:00:00,918.9
2024-03-01T13:00:00,822.53
2024-03-01T14:00:00,699.97
2024-03-01T15:00:00,305.62
2024-03-01T16:00:00,201.48
2024-03-01T17:00:00,92.38
2024-03-01T18:00:00,5.88
2024-03-01T19:00:00,0.0
2024-03-01T20:00:00,0.0
2024-03-01T21:00:00,0.0
2024-03-01T22:00:00,0.0
2024-03-01T23:00:00,0.0
2024-03-02T00:00:00,0.0
2024-03-02T01:00:00,0.0
2024-03-02T02:00:00,0.0
2024-03-02T03:00:00,0.0
2024-03-02T04:00:00,0.0
2024-03-02T05:00:00,0.0
2024-03-02T06:00:00,41.17
2024-03-02T07:00:00,242.85
2024-03-02T08:00:00,474.77
2024-03-02T09:00:00,680.62
2024-03-02T10:00:00,848.5
2024-03-02T11:00:00,900.92
2024-03-02T12:00:00,893.75
2024-03-02T13:00:00,911.78
2024-03-02T14:00:00,775.47
2024-03-02T15:00:00,605.53
2024-03-02T16:00:00,384.52
2024-03-02T17:00:00,155.9
2024-03-02T18:00:00,9.27
2024-03-02T19:00:00,0.0
2024-03-02T20:00:00,0.0
2024-03-02T21:00:00,0.0
2024-03-02T22:00:00,0.0
2024-03-02T23:00:00,0.0
2024-03-03T00:00:00,0.0
2024-03-03T01:00:00,0.0
2024-03-03T02:00:00,0.0
2024-03-03T03:00:00,0.0
2024-03-03T04:00:00,0.0
2024-03-03T05:00:00,0.0
2024-03-03T06:00:00,31.17
2024-03-03T07:00:00,188.95
2024-03-03T08:00:00,389.15
2024-03-03T09:00:00,579.33
2024-03-03T10:00:00,737.3
2024-03-03T11:00:00,839.03
2024-03-03T12:00:00,877.08
2024-03-03T13:00:00,861.17
2024-03-03T14:00:00,730.95
2024-03-03T15:00:00,544.22
2024-03-03T16:00:00,335.2
2024-03-03T17:00:00,118.75
2024-03-03T18:00:00,7.8
2024-03-03T19:00:00,0.0
2024-03-03T20:00:00,0.0
2024-03-03T21:00:00,0.0
2024-03-03T22:00:00,0.0
2024-03-03T23:00:00,0.0
2024-03-04T00:00:00,0.0
2024-03-04T01:00:00,0.0
2024-03-04T02:00:00,0.0
2024-03-04T03:00:00,0.0
2024-03-04T04:00:00,0.0
2024-03-04T05:00:00,0.0
2024-03-04T06:00:00,37.5
2024-03-04T07:00:00,232.32
2024-03-04T08:00:00,423.08
2024-03-04T09:00:00,565.78
2024-03-04T10:00:00,796.5
2024-03-04T11:00:00,893.85
2024-03-04T12:00:00,889.75
2024-03-04T13:00:00,824.1
2024-03-04T14:00:00,706.85
2024-03-04T15:00:00,549.22
2024-03-04T16:00:00,342.92
2024-03-04T17:00:00,135.5
2024-03-04T18:00:00,8.57
2024-03-04T19:00:00,0.0
2024-03-04T20:00:00,0.0
2024-03-04T21:00:00,0.0
2024-03-04T22:00:00,0.0
2024-03-04T23:00:00,0.0
2024-03-05T00:00:00,0.0
2024-03-05T01:00:00,0.0
2024-03-05T02:00:00,0.0
2024-03-05T03:00:00,0.0
2024-03-05T04:00:00,0.0
2024-03-05T05:00:00,0.0
2024-03-05T06:00:00,44.42
2024-03-05T07:00:00,230.73
2024-03-05T08:00:00,418.2
2024-03-05T09:00:00,668.25
2024-03-05T10:00:00,827.35
2024-03-05T11:00:00,879.78
2024-03-05T12:00:00,958.12
2024-03-05T13:00:00,849.78
2024-03-05T14:00:00,748.0
2024-03-05T15:00:00,581.08
2024-03-05T16:00:00,351.25
2024-03-05T17:00:00,148.05
2024-03-05T18:00:00,8.18
2024-03-05T19:00:00,0.0
2024-03-05T20:00:00,0.0
2024-03-05T21:00:00,0.0
2024-03-05T22:00:00,0.0
2024-03-05T23:00:00,0.0
2024-03-06T00:00:00,0.0
2024-03-06T01:00:00,0.0
2024-03-06T02:00:00,0.0
2024-03-06T03:00:00,0.0
2024-03-06T04:00:00,0.0
2024-03-06T05:00:00,0.0
2024-03-06T06:00:00,43.5
2024-03-06T07:00:00,233.32
2024-03-06T08:00:00,452.95
2024-03-06T09:00:00,629.45
2024-03-06T10:00:00,794.8
2024-03-06T11:00:00,806.6
2024-03-06T12:00:00,743.22
2024-03-06T13:00:00,805.2
2024-03-06T14:00:00,728.8
2024-03-06T15:00:00,585.47
2024-03-06T16:00:00,348.27
2024-03-06T17:00:00,130.02
2024-03-06T18:00:00,6.75
2024-03-06T19:00:00,0.0
2024-03-06T20:00:00,0.0
2024-03-06T21:00:00,0.0
2024-03-06T22:00:00,0.0
2024-03-06T23:00:00,0.0
2024-03-07T00:00:00,0.0
2024-03-07T01:00:00,0.0
2024-03-07T02:00:00,0.0
2024-03-07T03:00:00,0.0
2024-03-07T04:00:00,0.0
2024-03-07T05:00:00,0.0
2024-03-07T06:00:00,22.85
2024-03-07T07:00:00,153.95
2024-03-07T08:00:00,317.08
2024-03-07T09:00:00,520.97
2024-03-07T10:00:00,734.6
2024-03-07T11:00:00,860.53
2024-03-07T12:00:00,884.53
2024-03-07T13:00:00,869.8
2024-03-07T14:00:00,717.9
2024-03-07T15:00:00,504.77
2024-03-07T16:00:00,297.8
2024-03-07T17:00:00,120.47
2024-03-07T18:00:00,4.22
2024-03-07T19:00:00,0.0
2024-03-07T20:00:00,0.0
2024-03-07T21:00:00,0.0
2024-03-07T22:00:00,0.0
2024-03-07T23:00:00,0.0
2024-03-08T00:00:00,0.0
2024-03-08T01:00:00,0.0
2024-03-08T02:00:00,0.0
2024-03-08T03:00:00,0.0
2024-03-08T04:00:00,0.0
2024-03-08T05:00:00,0.0
2024-03-08T06:00:00,22.0
2024-03-08T07:00:00,137.6
2024-03-08T08:00:00,272.2
2024-03-08T09:00:00,407.65
2024-03-08T10:00:00,534.4
2024-03-08T11:00:00,574.12
2024-03-08T12:00:00,488.27
2024-03-08T13:00:00,450.75
2024-03-08T14:00:00,379.7
2024-03-08T15:00:00,265.98
2024-03-08T16:00:00,152.25
2024-03-08T17:00:00,59.72
2024-03-08T18:00:00,2.4
2024-03-08T19:00:00,0.0
2024-03-08T20:00:00,0.0
2024-03-08T21:00:00,0.0
2024-03-08T22:00:00,0.0
2024-03-08T23:00:00,0.0
2024-03-09T00:00:00,0.0
2024-03-09T01:00:00,0.0
2024-03-09T02:00:00,0.0
2024-03-09T03:00:00,0.0
2024-03-09T04:00:00,0.0
2024-03-09T05:00:00,0.0
2024-03-09T06:00:00,22.1
2024-03-09T07:00:00,135.23
2024-03-09T08:00:00,272.83
2024-03-09T09:00:00,414.15
2024-03-09T10:00:00,590.9
2024-03-09T11:00:00,662.72
2024-03-09T12:00:00,598.33
2024-03-09T13:00:00,571.28
2024-03-09T14:00:00,387.35
2024-03-09T15:00:00,150.6
2024-03-09T16:00:00,95.15
2024-03-09T17:00:00,43.45
2024-03-09T18:00:00,2.6
2024-03-09T19:00:00,0.0
2024-03-09T20:00:00,0.0
2024-03-09T21:00:00,0.0
2024-03-09T22:00:00,0.0
2024-03-09T23:00:00,0.0
2024-03-10T00:00:00,0.0
2024-03-10T01:00:00,0.0
2024-03-10T02:00:00,0.0
2024-03-10T03:00:00,0.0
2024-03-10T04:00:00,0.0
2024-03-10T05:00:00,0.0
2024-03-10T06:00:00,9.5
2024-03-10T07:00:00,82.45
2024-03-10T08:00:00,195.52
2024-03-10T09:00:00,406.9
2024-03-10T10:00:00,590.7
2024-03-10T11:00:00,637.6
2024-03-10T12:00:00,566.92
2024-03-10T13:00:00,587.97
2024-03-10T14:00:00,285.83
2024-03-10T15:00:00,236.23
2024-03-10T16:00:00,143.18
2024-03-10T17:00:00,53.03
2024-03-10T18:00:00,2.03
2024-03-10T19:00:00,0.0
2024-03-10T20:00:00,0.0
2024-03-10T21:00:00,0.0
2024-03-10T22:00:00,0.0
2024-03-10T23:00:00,0.0
2024-03-11T00:00:00,0.0
2024-03-11T01:00:00,0.0
2024-03-11T02:00:00,0.0
2024-03-11T03:00:00,0.0
2024-03-11T04:00:00,0.0
2024-03-11T05:00:00,0.0
2024-03-11T06:00:00,14.62
2024-03-11T07:00:00,109.0
2024-03-11T08:00:00,243.18
2024-03-11T09:00:00,413.77
2024-03-11T10:00:00,504.85
2024-03-11T11:00:00,490.15
2024-03-11T12:00:00,528.62
2024-03-11T13:00:00,524.9
2024-03-11T14:00:00,377.2
2024-03-11T15:00:00,219.68
2024-03-11T16:00:00,137.27
2024-03-11T17:00:00,53.38
2024-03-11T18:00:00,1.8
2024-03-11T19:00:00,0.0
2024-03-11T20:00:00,0.0
2024-03-11T21:00:00,0.0
2024-03-11T22:00:00,0.0
2024-03-11T23:00:00,0.0
2024-03-12T00:00:00,0.0
2024-03-12T01:00:00,0.0
2024-03-12T02:00:00,0.0
2024-03-12T03:00:00,0.0
2024-03-12T04:00:00,0.0
2024-03-12T05:00:00,0.0
2024-03-12T06:00:00,10.1
2024-03-12T07:00:00,69.6
2024-03-12T08:00:00,154.7
2024-03-12T09:00:00,181.1
2024-03-12T10:00:00,203.15
2024-03-12T11:00:00,237.75
2024-03-12T12:00:00,277.25
2024-03-12T13:00:00,313.52
2024-03-12T14:00:00,220.93
2024-03-12T15:00:00,181.6
2024-03-12T16:00:00,111.47
2024-03-12T17:00:00,42.08
2024-03-12T18:00:00,1.48
2024-03-12T19:00:00,0.0
2024-03-12T20:00:00,0.0
2024-03-12T21:00:00,0.0
2024-03-12T22:00:00,0.0
2024-03-12T23:00:00,0.0
2024-03-13T00:00:00,0.0
2024-03-13T01:00:00,0.0
2024-03-13T02:00:00,0.0
2024-03-13T03:00:00,0.0
2024-03-13T04:00:00,0.0
2024-03-13T05:00:00,0.0
2024-03-13T06:00:00,2.3
2024-03-13T07:00:00,27.8
2024-03-13T08:00:00,73.72
2024-03-13T09:00:00,106.18
2024-03-13T10:00:00,229.02
2024-03-13T11:00:00,496.33
2024-03-13T12:00:00,419.0
2024-03-13T13:00:00,276.77
2024-03-13T14:00:00,145.8
2024-03-13T15:00:00,159.18
2024-03-13T16:00:00,100.9
2024-03-13T17:00:00,47.45
2024-03-13T18:00:00,2.12
2024-03-13T19:00:00,0.0
2024-03-13T20:00:00,0.0
2024-03-13T21:00:00,0.0
2024-03-13T22:00:00,0.0
2024-03-13T23:00:00,0.0
2024-03-14T00:00:00,0.0
2024-03-14T01:00:00,0.0
2024-03-14T02:00:00,0.0
2024-03-14T03:00:00,0.0
2024-03-14T04:00:00,0.0
2024-03-14T05:00:00,0.0
2024-03-14T06:00:00,15.45
2024-03-14T07:00:00,111.4
2024-03-14T08:00:00,212.82
2024-03-14T09:00:00,423.5
2024-03-14T10:00:00,686.83
2024-03-14T11:00:00,735.85
2024-03-14T12:00:00,506.35
2024-03-14T13:00:00,161.25
2024-03-14T14:00:00,215.62
2024-03-14T15:00:00,229.95
2024-03-14T16:00:00,87.35
2024-03-14T17:00:00,37.72
2024-03-14T18:00:00,1.95
2024-03-14T19:00:00,0.0
2024-03-14T20:00:00,0.0
2024-03-14T21:00:00,0.0
2024-03-14T22:00:00,0.0
2024-03-14T23:00:00,0.0
2024-03-15T00:00:00,0.0
2024-03-15T01:00:00,0.0
2024-03-15T02:00:00,0.0
2024-03-15T03:00:00,0.0
2024-03-15T04:00:00,0.0
2024-03-15T05:00:00,0.0
2024-03-15T06:00:00,21.58
2024-03-15T07:00:00,150.4
2024-03-15T08:00:00,317.75
2024-03-15T09:00:00,523.72
2024-03-15T10:00:00,682.38
2024-03-15T11:00:00,696.53
2024-03-15T12:00:00,698.0
2024-03-15T13:00:00,588.4
2024-03-15T14:00:00,431.95
2024-03-15T15:00:00,393.77
2024-03-15T16:00:00,222.9
2024-03-15T17:00:00,81.15
2024-03-15T18:00:00,3.2
2024-03-15T19:00:00,0.0
2024-03-15T20:00:00,0.0
2024-03-15T21:00:00,0.0
2024-03-15T22:00:00,0.0
2024-03-15T23:00:00,0.0
2024-03-16T00:00:00,0.0
2024-03-16T01:00:00,0.0
2024-03-16T02:00:00,0.0
2024-03-16T03:00:00,0.0
2024-03-16T04:00:00,0.0
2024-03-16T05:00:00,0.0
2024-03-16T06:00:00,14.5
2024-03-16T07:00:00,101.25
2024-03-16T08:00:00,227.18
2024-03-16T09:00:00,280.98
2024-03-16T10:00:00,358.77
2024-03-16T11:00:00,408.25
2024-03-16T12:00:00,350.1
2024-03-16T13:00:00,193.85
2024-03-16T14:00:00,134.98
2024-03-16T15:00:00,70.72
2024-03-16T16:00:00,47.8
2024-03-16T17:00:00,20.73
2024-03-16T18:00:00,0.0
2024-03-16T19:00:00,0.0
2024-03-16T20:00:00,0.0
2024-03-16T21:00:00,0.0
2024-03-16T22:00:00,0.0
2024-03-16T23:00:00,0.0
2024-03-17T00:00:00,0.0
2024-03-17T01:00:00,0.0
2024-03-17T02:00:00,0.0
2024-03-17T03:00:00,0.0
2024-03-17T04:00:00,0.0
2024-03-17T05:00:00,0.0
2024-03-17T06:00:00,6.1
2024-03-17T07:00:00,42.08
2024-03-17T08:00:00,80.3
2024-03-17T09:00:00,167.35
2024-03-17T10:00:00,316.9
2024-03-17T11:00:00,437.0
2024-03-17T12:00:00,505.9
2024-03-17T13:00:00,479.55
2024-03-17T14:00:00,433.4
2024-03-17T15:00:00,331.0
2024-03-17T16:00:00,197.05
2024-03-17T17:00:00,73.2
2024-03-17T18:00:00,0.0
2024-03-17T19:00:00,0.0
2024-03-17T20:00:00,0.0
2024-03-17T21:00:00,0.0
2024-03-17T22:00:00,0.0
2024-03-17T23:00:00,0.0
2024-03-18T00:00:00,0.0
2024-03-18T01:00:00,0.0
2024-03-18T02:00:00,0.0
2024-03-18T03:00:00,0.0
2024-03-18T04:00:00,0.0
2024-03-18T05:00:00,0.0
2024-03-18T06:00:00,26.83
2024-03-18T07:00:00,159.93
2024-03-18T08:00:00,302.58
2024-03-18T09:00:00,374.27
2024-03-18T10:00:00,547.5
2024-03-18T11:00:00,519.08
2024-03-18T12:00:00,534.53
2024-03-18T13:00:00,510.83
2024-03-18T14:00:00,451.48
2024-03-18T15:00:00,339.2
2024-03-18T16:00:00,210.15
2024-03-18T17:00:00,74.55
2024-03-18T18:00:00,0.0
2024-03-18T19:00:00,0.0
2024-03-18T20:00:00,0.0
2024-03-18T21:00:00,0.0
2024-03-18T22:00:00,0.0
2024-03-18T23:00:00,0.0
2024-03-19T00:00:00,0.0
2024-03-19T01:00:00,0.0
2024-03-19T02:00:00,0.0
2024-03-19T03:00:00,0.0
2024-03-19T04:00:00,0.0
2024-03-19T05:00:00,0.0
2024-03-19T06:00:00,27.38
2024-03-19T07:00:00,164.52
2024-03-19T08:00:00,349.12
2024-03-19T09:00:00,508.98
2024-03-19T10:00:00,598.92
2024-03-19T11:00:00,638.4
2024-03-19T12:00:00,476.2
2024-03-19T13:00:00,468.58
2024-03-19T14:00:00,324.42
2024-03-19T15:00:00,188.65
2024-03-19T16:00:00,99.55
2024-03-19T17:00:00,38.88
2024-03-19T18:00:00,0.0
2024-03-19T19:00:00,0.0
2024-03-19T20:00:00,0.0
2024-03-19T21:00:00,0.0
2024-03-19T22:00:00,0.0
2024-03-19T23:00:00,0.0
2024-03-20T00:00:00,0.0
2024-03-20T01:00:00,0.0
2024-03-20T02:00:00,0.0
2024-03-20T03:00:00,0.0
2024-03-20T04:00:00,0.0
2024-03-20T05:00:00,0.0
2024-03-20T06:00:00,7.95
2024-03-20T07:00:00,65.95
2024-03-20T08:00:00,171.75
2024-03-20T09:00:00,257.65
2024-03-20T10:00:00,280.73
2024-03-20T11:00:00,290.98
2024-03-20T12:00:00,296.6
2024-03-20T13:00:00,239.98
2024-03-20T14:00:00,275.3
2024-03-20T15:00:00,178.9
2024-03-20T16:00:00,115.53
2024-03-20T17:00:00,45.25
2024-03-20T18:00:00,0.0
2024-03-20T19:00:00,0.0
2024-03-20T20:00:00,0.0
2024-03-20T21:00:00,0.0
2024-03-20T22:00:00,0.0
2024-03-20T23:00:00,0.0
2024-03-21T00:00:00,0.0
2024-03-21T01:00:00,0.0
2024-03-21T02:00:00,0.0
2024-03-21T03:00:00,0.0
2024-03-21T04:00:00,0.0
2024-03-21T05:00:00,0.0
2024-03-21T06:00:00,16.05
2024-03-21T07:00:00,135.05
2024-03-21T08:00:00,250.75
2024-03-21T09:00:00,396.42
2024-03-21T10:00:00,412.73
2024-03-21T11:00:00,491.2
2024-03-21T12:00:00,451.67
2024-03-21T13:00:00,571.92
2024-03-21T14:00:00,409.75
2024-03-21T15:00:00,291.95
2024-03-21T16:00:00,153.55
2024-03-21T17:00:00,55.12
2024-03-21T18:00:00,0.0
2024-03-21T19:00:00,0.0
2024-03-21T20:00:00,0.0
2024-03-21T21:00:00,0.0
2024-03-21T22:00:00,0.0
2024-03-21T23:00:00,0.0
2024-03-22T00:00:00,0.0
2024-03-22T01:00:00,0.0
2024-03-22T02:00:00,0.0
2024-03-22T03:00:00,0.0
2024-03-22T04:00:00,0.0
2024-03-22T05:00:00,0.0
2024-03-22T06:00:00,19.1
2024-03-22T07:00:00,131.15
2024-03-22T08:00:00,277.88
2024-03-22T09:00:00,372.33
2024-03-22T10:00:00,525.95
2024-03-22T11:00:00,595.3
2024-03-22T12:00:00,597.38
2024-03-22T13:00:00,528.0
2024-03-22T14:00:00,416.1
2024-03-22T15:00:00,247.98
2024-03-22T16:00:00,128.05
2024-03-22T17:00:00,41.17
2024-03-22T18:00:00,0.0
2024-03-22T19:00:00,0.0
2024-03-22T20:00:00,0.0
2024-03-22T21:00:00,0.0
2024-03-22T22:00:00,0.0
2024-03-22T23:00:00,0.0
2024-03-23T00:00:00,0.0
2024-03-23T01:00:00,0.0
2024-03-23T02:00:00,0.0
2024-03-23T03:00:00,0.0
2024-03-23T04:00:00,0.0
2024-03-23T05:00:00,0.0
2024-03-23T06:00:00,17.8
2024-03-23T07:00:00,120.75
2024-03-23T08:00:00,264.3
2024-03-23T09:00:00,308.73
2024-03-23T10:00:00,499.2
2024-03-23T11:00:00,545.33
2024-03-23T12:00:00,416.92
2024-03-23T13:00:00,170.0
2024-03-23T14:00:00,323.73
2024-03-23T15:00:00,222.65
2024-03-23T16:00:00,122.4
2024-03-23T17:00:00,41.7
2024-03-23T18:00:00,0.0
2024-03-23T19:00:00,0.0
2024-03-23T20:00:00,0.0
2024-03-23T21:00:00,0.0
2024-03-23T22:00:00,0.0
2024-03-23T23:00:00,0.0
2024-03-24T00:00:00,0.0
2024-03-24T01:00:00,0.0
2024-03-24T02:00:00,0.0
2024-03-24T03:00:00,0.0
2024-03-24T04:00:00,0.0
2024-03-24T05:00:00,0.0
2024-03-24T06:00:00,24.83
2024-03-24T07:00:00,170.02
2024-03-24T08:00:00,363.3
2024-03-24T09:00:00,641.9
2024-03-24T10:00:00,732.83
2024-03-24T11:00:00,815.08
2024-03-24T12:00:00,820.42
2024-03-24T13:00:00,686.67
2024-03-24T14:00:00,499.48
2024-03-24T15:00:00,305.67
2024-03-24T16:00:00,169.48
2024-03-24T17:00:00,52.3
2024-03-24T18:00:00,0.0
2024-03-24T19:00:00,0.0
2024-03-24T20:00:00,0.0
2024-03-24T21:00:00,0.0
2024-03-24T22:00:00,0.0
2024-03-24T23:00:00,0.0
2024-03-25T00:00:00,0.0
2024-03-25T01:00:00,0.0
2024-03-25T02:00:00,0.0
2024-03-25T03:00:00,0.0
2024-03-25T04:00:00,0.0
2024-03-25T05:00:00,0.0
2024-03-25T06:00:00,32.55
2024-03-25T07:00:00,226.6
2024-03-25T08:00:00,451.33
2024-03-25T09:00:00,621.03
2024-03-25T10:00:00,765.75
2024-03-25T11:00:00,775.12
2024-03-25T12:00:00,768.42
2024-03-25T13:00:00,674.65
2024-03-25T14:00:00,469.27
2024-03-25T15:00:00,261.38
2024-03-25T16:00:00,148.88
2024-03-25T17:00:00,44.55
2024-03-25T18:00:00,0.0
2024-03-25T19:00:00,0.0
2024-03-25T20:00:00,0.0
2024-03-25T21:00:00,0.0
2024-03-25T22:00:00,0.0
2024-03-25T23:00:00,0.0
2024-03-26T00:00:00,0.0
2024-03-26T01:00:00,0.0
2024-03-26T02:00:00,0.0
2024-03-26T03:00:00,0.0
2024-03-26T04:00:00,0.0
2024-03-26T05:00:00,0.0
2024-03-26T06:00:00,14.8
2024-03-26T07:00:00,150.77
2024-03-26T08:00:00,262.08
2024-03-26T09:00:00,429.73
2024-03-26T10:00:00,497.5
2024-03-26T11:00:00,613.9
2024-03-26T12:00:00,540.08
2024-03-26T13:00:00,429.88
2024-03-26T14:00:00,311.48
2024-03-26T15:00:00,240.88
2024-03-26T16:00:00,126.62
2024-03-26T17:00:00,29.4
2024-03-26T18:00:00,0.0
2024-03-26T19:00:00,0.0
2024-03-26T20:00:00,0.0
2024-03-26T21:00:00,0.0
2024-03-26T22:00:00,0.0
2024-03-26T23:00:00,0.0
2024-03-27T00:00:00,0.0
2024-03-27T01:00:00,0.0
2024-03-27T02:00:00,0.0
2024-03-27T03:00:00,0.0
2024-03-27T04:00:00,0.0
2024-03-27T05:00:00,0.0
2024-03-27T06:00:00,11.3
2024-03-27T07:00:00,105.72
2024-03-27T08:00:00,217.15
2024-03-27T09:00:00,350.45
2024-03-27T10:00:00,416.12
2024-03-27T11:00:00,480.5
2024-03-27T12:00:00,424.42
2024-03-27T13:00:00,508.3
2024-03-27T14:00:00,339.25
2024-03-27T15:00:00,194.38
2024-03-27T16:00:00,108.62
2024-03-27T17:00:00,31.48
2024-03-27T18:00:00,0.0
2024-03-27T19:00:00,0.0
2024-03-27T20:00:00,0.0
2024-03-27T21:00:00,0.0
2024-03-27T22:00:00,0.0
2024-03-27T23:00:00,0.0
2024-03-28T00:00:00,0.0
2024-03-28T01:00:00,0.0
2024-03-28T02:00:00,0.0
2024-03-28T03:00:00,0.0
2024-03-28T04:00:00,0.0
2024-03-28T05:00:00,0.0
2024-03-28T06:00:00,22.67
2024-03-28T07:00:00,176.1
2024-03-28T08:00:00,401.45
2024-03-28T09:00:00,548.28
2024-03-28T10:00:00,580.45
2024-03-28T11:00:00,347.38
2024-03-28T12:00:00,322.9
2024-03-28T13:00:00,250.85
2024-03-28T14:00:00,222.2
2024-03-28T15:00:00,117.15
2024-03-28T16:00:00,72.53
2024-03-28T17:00:00,20.88
2024-03-28T18:00:00,0.0
2024-03-28T19:00:00,0.0
2024-03-28T20:00:00,0.0
2024-03-28T21:00:00,0.0
2024-03-28T22:00:00,0.0
2024-03-28T23:00:00,0.0
2024-03-29T00:00:00,0.0
2024-03-29T01:00:00,0.0
2024-03-29T02:00:00,0.0
2024-03-29T03:00:00,0.0
2024-03-29T04:00:00,0.0
2024-03-29T05:00:00,0.0
2024-03-29T06:00:00,15.05
2024-03-29T07:00:00,108.97
2024-03-29T08:00:00,224.9
2024-03-29T09:00:00,309.45
2024-03-29T10:00:00,347.38
2024-03-29T11:00:00,307.65
2024-03-29T12:00:00,175.2
2024-03-29T13:00:00,144.25
2024-03-29T14:00:00,99.53
2024-03-29T15:00:00,48.12
2024-03-29T16:00:00,27.67
2024-03-29T17:00:00,6.12
2024-03-29T18:00:00,0.0
2024-03-29T19:00:00,0.0
2024-03-29T20:00:00,0.0
2024-03-29T21:00:00,0.0
2024-03-29T22:00:00,0.0
2024-03-29T23:00:00,0.0
2024-03-30T00:00:00,0.0
2024-03-30T01:00:00,0.0
2024-03-30T02:00:00,0.0
2024-03-30T03:00:00,0.0
2024-03-30T04:00:00,0.0
2024-03-30T05:00:00,0.0
2024-03-30T06:00:00,11.05
2024-03-30T07:00:00,70.25
2024-03-30T08:00:00,125.55
2024-03-30T09:00:00,179.2
2024-03-30T10:00:00,116.25
2024-03-30T11:00:00,101.28
2024-03-30T12:00:00,64.12
2024-03-30T13:00:00,45.88
2024-03-30T14:00:00,122.9
2024-03-30T15:00:00,126.03
2024-03-30T16:00:00,70.18
2024-03-30T17:00:00,17.52
2024-03-30T18:00:00,0.0
2024-03-30T19:00:00,0.0
2024-03-30T20:00:00,0.0
2024-03-30T21:00:00,0.0
2024-03-30T22:00:00,0.0
2024-03-30T23:00:00,0.0
2024-03-31T00:00:00,0.0
2024-03-31T01:00:00,0.0
2024-03-31T02:00:00,0.0
2024-03-31T03:00:00,0.0
2024-03-31T04:00:00,0.0
2024-03-31T05:00:00,0.0
2024-03-31T06:00:00,10.55
2024-03-31T07:00:00,71.95
2024-03-31T08:00:00,129.23
2024-03-31T09:00:00,195.85
2024-03-31T10:00:00,434.33
2024-03-31T11:00:00,605.72
2024-03-31T12:00:00,565.22
2024-03-31T13:00:00,502.7
2024-03-31T14:00:00,315.33
2024-03-31T15:00:00,209.62
2024-03-31T16:00:00,116.55
2024-03-31T17:00:00,17.15
2024-03-31T18:00:00,0.0
2024-03-31T19:00:00,0.0
2024-03-31T20:00:00,0.0
2024-03-31T21:00:00,0.0
2024-03-31T22:00:00,0.0
2024-03-31T23:00:00,0.0
2024-04-01T00:00:00,0.0
2024-04-01T01:00:00,0.0
2024-04-01T02:00:00,0.0
2024-04-01T03:00:00,0.0
2024-04-01T04:00:00,0.0
2024-04-01T05:00:00,0.0
2024-04-01T06:00:00,16.0
2024-04-01T07:00:00,103.32
2024-04-01T08:00:00,315.25
2024-04-01T09:00:00,507.1
2024-04-01T10:00:00,659.83
2024-04-01T11:00:00,640.62
2024-04-01T12:00:00,448.4
2024-04-01T13:00:00,424.92
2024-04-01T14:00:00,341.27
2024-04-01T15:00:00,206.48
2024-04-01T16:00:00,109.68
2024-04-01T17:00:00,26.5
2024-04-01T18:00:00,0.0
2024-04-01T19:00:00,0.0
2024-04-01T20:00:00,0.0
2024-04-01T21:00:00,0.0
2024-04-01T22:00:00,0.0
2024-04-01T23:00:00,0.0
2024-04-02T00:00:00,0.0
2024-04-02T01:00:00,0.0
2024-04-02T02:00:00,0.0
2024-04-02T03:00:00,0.0
2024-04-02T04:00:00,0.0
2024-04-02T05:00:00,0.0
2024-04-02T06:00:00,24.67
2024-04-02T07:00:00,165.57
2024-04-02T08:00:00,359.2
2024-04-02T09:00:00,545.45
2024-04-02T10:00:00,644.75
2024-04-02T11:00:00,702.67
2024-04-02T12:00:00,772.55
2024-04-02T13:00:00,654.72
2024-04-02T14:00:00,532.08
2024-04-02T15:00:00,427.92
2024-04-02T16:00:00,237.57
2024-04-02T17:00:00,57.5
2024-04-02T18:00:00,0.0
2024-04-02T19:00:00,0.0
2024-04-02T20:00:00,0.0
2024-04-02T21:00:00,0.0
2024-04-02T22:00:00,0.0
2024-04-02T23:00:00,0.0
2024-04-03T00:00:00,0.0
2024-04-03T01:00:00,0.0
2024-04-03T02:00:00,0.0
2024-04-03T03:00:00,0.0
2024-04-03T04:00:00,0.0
2024-04-03T05:00:00,0.0
2024-04-03T06:00:00,16.73
2024-04-03T07:00:00,142.48
2024-04-03T08:00:00,294.8
2024-04-03T09:00:00,536.92
2024-04-03T10:00:00,653.1
2024-04-03T11:00:00,736.78
2024-04-03T12:00:00,723.58
2024-04-03T13:00:00,447.52
2024-04-03T14:00:00,413.25
2024-04-03T15:00:00,372.52
2024-04-03T16:00:00,197.73
2024-04-03T17:00:00,40.15
2024-04-03T18:00:00,0.0
2024-04-03T19:00:00,0.0
2024-04-03T20:00:00,0.0
2024-04-03T21:00:00,0.0
2024-04-03T22:00:00,0.0
2024-04-03T23:00:00,0.0
2024-04-04T00:00:00,0.0
2024-04-04T01:00:00,0.0
2024-04-04T02:00:00,0.0
2024-04-04T03:00:00,0.0
2024-04-04T04:00:00,0.0
2024-04-04T05:00:00,0.0
2024-04-04T06:00:00,19.3
2024-04-04T07:00:00,157.0
2024-04-04T08:00:00,346.05
2024-04-04T09:00:00,513.28
2024-04-04T10:00:00,647.88
2024-04-04T11:00:00,785.97
2024-04-04T12:00:00,731.55
2024-04-04T13:00:00,698.47
2024-04-04T14:00:00,476.2
2024-04-04T15:00:00,319.35
2024-04-04T16:00:00,167.75
2024-04-04T17:00:00,36.3
2024-04-04T18:00:00,0.0
2024-04-04T19:00:00,0.0
2024-04-04T20:00:00,0.0
2024-04-04T21:00:00,0.0
2024-04-04T22:00:00,0.0
2024-04-04T23:00:00,0.0
2024-04-05T00:00:00,0.0
2024-04-05T01:00:00,0.0
2024-04-05T02:00:00,0.0
2024-04-05T03:00:00,0.0
2024-04-05T04:00:00,0.0
2024-04-05T05:00:00,0.0
2024-04-05T06:00:00,18.25
2024-04-05T07:00:00,128.1
2024-04-05T08:00:00,324.23
2024-04-05T09:00:00,473.4
2024-04-05T10:00:00,645.17
2024-04-05T11:00:00,769.05
2024-04-05T12:00:00,852.3
2024-04-05T13:00:00,616.05
2024-04-05T14:00:00,612.55
2024-04-05T15:00:00,340.83
2024-04-05T16:00:00,207.05
2024-04-05T17:00:00,56.45
2024-04-05T18:00:00,0.0
2024-04-05T19:00:00,0.0
2024-04-05T20:00:00,0.0
2024-04-05T21:00:00,0.0
2024-04-05T22:00:00,0.0
2024-04-05T23:00:00,0.0
2024-04-06T00:00:00,0.0
2024-04-06T01:00:00,0.0
2024-04-06T02:00:00,0.0
2024-04-06T03:00:00,0.0
2024-04-06T04:00:00,0.0
2024-04-06T05:00:00,0.0
2024-04-06T06:00:00,24.15
2024-04-06T07:00:00,151.05
2024-04-06T08:00:00,300.25
2024-04-06T09:00:00,563.58
2024-04-06T10:00:00,722.58
2024-04-06T11:00:00,717.03
2024-04-06T12:00:00,692.8
2024-04-06T13:00:00,606.55
2024-04-06T14:00:00,515.28
2024-04-06T15:00:00,276.38
2024-04-06T16:00:00,164.73
2024-04-06T17:00:00,45.1
2024-04-06T18:00:00,0.0
2024-04-06T19:00:00,0.0
2024-04-06T20:00:00,0.0
2024-04-06T21:00:00,0.0
2024-04-06T22:00:00,0.0
2024-04-06T23:00:00,0.0
2024-04-07T00:00:00,0.0
2024-04-07T01:00:00,0.0
2024-04-07T02:00:00,0.0
2024-04-07T03:00:00,0.0
2024-04-07T04:00:00,0.0
2024-04-07T05:00:00,0.0
2024-04-07T06:00:00,26.5
2024-04-07T07:00:00,186.23
2024-04-07T08:00:00,373.17
2024-04-07T09:00:00,581.75
2024-04-07T10:00:00,727.58
2024-04-07T11:00:00,767.9
2024-04-07T12:00:00,737.65
2024-04-07T13:00:00,672.55
2024-04-07T14:00:00,501.67
2024-04-07T15:00:00,346.33
2024-04-07T16:00:00,186.5
2024-04-07T17:00:00,43.53
2024-04-07T18:00:00,0.0
2024-04-07T19:00:00,0.0
2024-04-07T20:00:00,0.0
2024-04-07T21:00:00,0.0
2024-04-07T22:00:00,0.0
2024-04-07T23:00:00,0.0
2024-04-08T00:00:00,0.0
2024-04-08T01:00:00,0.0
2024-04-08T02:00:00,0.0
2024-04-08T03:00:00,0.0
2024-04-08T04:00:00,0.0
2024-04-08T05:00:00,0.0
2024-04-08T06:00:00,15.35
2024-04-08T07:00:00,125.47
2024-04-08T08:00:00,292.92
2024-04-08T09:00:00,475.6
2024-04-08T10:00:00,625.12
2024-04-08T11:00:00,702.67
2024-04-08T12:00:00,713.1
2024-04-08T13:00:00,657.08
2024-04-08T14:00:00,512.67
2024-04-08T15:00:00,354.55
2024-04-08T16:00:00,178.7
2024-04-08T17:00:00,39.17
2024-04-08T18:00:00,0.0
2024-04-08T19:00:00,0.0
2024-04-08T20:00:00,0.0
2024-04-08T21:00:00,0.0
2024-04-08T22:00:00,0.0
2024-04-08T23:00:00,0.0
2024-04-09T00:00:00,0.0
2024-04-09T01:00:00,0.0
2024-04-09T02:00:00,0.0
2024-04-09T03:00:00,0.0
2024-04-09T04:00:00,0.0
2024-04-09T05:00:00,0.0
2024-04-09T06:00:00,9.75
2024-04-09T07:00:00,76.15
2024-04-09T08:00:00,165.65
2024-04-09T09:00:00,219.35
2024-04-09T10:00:00,216.3
2024-04-09T11:00:00,351.85
2024-04-09T12:00:00,346.65
2024-04-09T13:00:00,177.75
2024-04-09T14:00:00,102.15
2024-04-09T15:00:00,55.7
2024-04-09T16:00:00,36.08
2024-04-09T17:00:00,10.2
2024-04-09T18:00:00,0.0
2024-04-09T19:00:00,0.0
2024-04-09T20:00:00,0.0
2024-04-09T21:00:00,0.0
2024-04-09T22:00:00,0.0
2024-04-09T23:00:00,0.0
2024-04-10T00:00:00,0.0
2024-04-10T01:00:00,0.0
2024-04-10T02:00:00,0.0
2024-04-10T03:00:00,0.0
2024-04-10T04:00:00,0.0
2024-04-10T05:00:00,0.0
2024-04-10T06:00:00,17.15
2024-04-10T07:00:00,164.15
2024-04-10T08:00:00,315.77
2024-04-10T09:00:00,544.22
2024-04-10T10:00:00,727.25
2024-04-10T11:00:00,798.33
2024-04-10T12:00:00,849.85
2024-04-10T13:00:00,759.08
2024-04-10T14:00:00,627.5
2024-04-10T15:00:00,452.0
2024-04-10T16:00:00,235.73
2024-04-10T17:00:00,50.75
2024-04-10T18:00:00,0.0
2024-04-10T19:00:00,0.0
2024-04-10T20:00:00,0.0
2024-04-10T21:00:00,0.0
2024-04-10T22:00:00,0.0
2024-04-10T23:00:00,0.0
2024-04-11T00:00:00,0.0
2024-04-11T01:00:00,0.0
2024-04-11T02:00:00,0.0
2024-04-11T03:00:00,0.0
2024-04-11T04:00:00,0.0
2024-04-11T05:00:00,0.0
2024-04-11T06:00:00,24.98
2024-04-11T07:00:00,198.57
2024-04-11T08:00:00,405.9
2024-04-11T09:00:00,607.58
2024-04-11T10:00:00,745.9
2024-04-11T11:00:00,829.4
2024-04-11T12:00:00,822.2
2024-04-11T13:00:00,763.35
2024-04-11T14:00:00,658.25
2024-04-11T15:00:00,477.0
2024-04-11T16:00:00,261.8
2024-04-11T17:00:00,54.38
2024-04-11T18:00:00,0.0
2024-04-11T19:00:00,0.0
2024-04-11T20:00:00,0.0
2024-04-11T21:00:00,0.0
2024-04-11T22:00:00,0.0
2024-04-11T23:00:00,0.0
2024-04-12T00:00:00,0.0
2024-04-12T01:00:00,0.0
2024-04-12T02:00:00,0.0
2024-04-12T03:00:00,0.0
2024-04-12T04:00:00,0.0
2024-04-12T05:00:00,0.0
2024-04-12T06:00:00,25.58
2024-04-12T07:00:00,217.62
2024-04-12T08:00:00,444.17
2024-04-12T09:00:00,640.95
2024-04-12T10:00:00,783.67
2024-04-12T11:00:00,860.0
2024-04-12T12:00:00,857.95
2024-04-12T13:00:00,796.5
2024-04-12T14:00:00,666.53
2024-04-12T15:00:00,440.38
2024-04-12T16:00:00,229.6
2024-04-12T17:00:00,45.72
2024-04-12T18:00:00,0.0
2024-04-12T19:00:00,0.0
2024-04-12T20:00:00,0.0
2024-04-12T21:00:00,0.0
2024-04-12T22:00:00,0.0
2024-04-12T23:00:00,0.0
2024-04-13T00:00:00,0.0
2024-04-13T01:00:00,0.0
2024-04-13T02:00:00,0.0
2024-04-13T03:00:00,0.0
2024-04-13T04:00:00,0.0
2024-04-13T05:00:00,0.0
2024-04-13T06:00:00,23.15
2024-04-13T07:00:00,216.02
2024-04-13T08:00:00,424.3
2024-04-13T09:00:00,634.35
2024-04-13T10:00:00,794.2
2024-04-13T11:00:00,867.78
2024-04-13T12:00:00,871.45
2024-04-13T13:00:00,807.97
2024-04-13T14:00:00,684.62
2024-04-13T15:00:00,494.88
2024-04-13T16:00:00,265.73
2024-04-13T17:00:00,52.7
2024-04-13T18:00:00,0.0
2024-04-13T19:00:00,0.0
2024-04-13T20:00:00,0.0
2024-04-13T21:00:00,0.0
2024-04-13T22:00:00,0.0
2024-04-13T23:00:00,0.0
2024-04-14T00:00:00,0.0
2024-04-14T01:00:00,0.0
2024-04-14T02:00:00,0.0
2024-04-14T03:00:00,0.0
2024-04-14T04:00:00,0.0
2024-04-14T05:00:00,0.0
2024-04-14T06:00:00,26.27
2024-04-14T07:00:00,213.07
2024-04-14T08:00:00,425.27
2024-04-14T09:00:00,601.65
2024-04-14T10:00:00,738.55
2024-04-14T11:00:00,826.38
2024-04-14T12:00:00,840.75
2024-04-14T13:00:00,784.58
2024-04-14T14:00:00,653.95
2024-04-14T15:00:00,479.7
2024-04-14T16:00:00,264.58
2024-04-14T17:00:00,52.7
2024-04-14T18:00:00,0.0
2024-04-14T19:00:00,0.0
2024-04-14T20:00:00,0.0
2024-04-14T21:00:00,0.0
2024-04-14T22:00:00,0.0
2024-04-14T23:00:00,0.0
2024-04-15T00:00:00,0.0
2024-04-15T01:00:00,0.0
2024-04-15T02:00:00,0.0
2024-04-15T03:00:00,0.0
2024-04-15T04:00:00,0.0
2024-04-15T05:00:00,0.0
2024-04-15T06:00:00,23.02
2024-04-15T07:00:00,195.93
2024-04-15T08:00:00,380.25
2024-04-15T09:00:00,599.8
2024-04-15T10:00:00,663.6
2024-04-15T11:00:00,801.05
2024-04-15T12:00:00,829.15
2024-04-15T13:00:00,772.62
2024-04-15T14:00:00,614.65
2024-04-15T15:00:00,357.95
2024-04-15T16:00:00,193.32
2024-04-15T17:00:00,38.92
2024-04-15T18:00:00,0.0
2024-04-15T19:00:00,0.0
2024-04-15T20:00:00,0.0
2024-04-15T21:00:00,0.0
2024-04-15T22:00:00,0.0
2024-04-15T23:00:00,0.0
2024-04-16T00:00:00,0.0
2024-04-16T01:00:00,0.0
2024-04-16T02:00:00,0.0
2024-04-16T03:00:00,0.0
2024-04-16T04:00:00,0.0
2024-04-16T05:00:00,0.0
2024-04-16T06:00:00,23.45
2024-04-16T07:00:00,197.27
2024-04-16T08:00:00,388.2
2024-04-16T09:00:00,619.53
2024-04-16T10:00:00,770.05
2024-04-16T11:00:00,848.85
2024-04-16T12:00:00,833.72
2024-04-16T13:00:00,736.67
2024-04-16T14:00:00,627.22
2024-04-16T15:00:00,426.15
2024-04-16T16:00:00,210.85
2024-04-16T17:00:00,38.28
2024-04-16T18:00:00,0.0
2024-04-16T19:00:00,0.0
2024-04-16T20:00:00,0.0
2024-04-16T21:00:00,0.0
2024-04-16T22:00:00,0.0
2024-04-16T23:00:00,0.0
2024-04-17T00:00:00,0.0
2024-04-17T01:00:00,0.0
2024-04-17T02:00:00,0.0
2024-04-17T03:00:00,0.0
2024-04-17T04:00:00,0.0
2024-04-17T05:00:00,0.0
2024-04-17T06:00:00,21.55
2024-04-17T07:00:00,180.68
2024-04-17T08:00:00,364.48
2024-04-17T09:00:00,590.22
2024-04-17T10:00:00,684.7
2024-04-17T11:00:00,761.9
2024-04-17T12:00:00,801.75
2024-04-17T13:00:00,767.4
2024-04-17T14:00:00,596.17
2024-04-17T15:00:00,450.85
2024-04-17T16:00:00,247.62
2024-04-17T17:00:00,48.5
2024-04-17T18:00:00,0.0
2024-04-17T19:00:00,0.0
2024-04-17T20:00:00,0.0
2024-04-17T21:00:00,0.0
2024-04-17T22:00:00,0.0
2024-04-17T23:00:00,0.0
2024-04-18T00:00:00,0.0
2024-04-18T01:00:00,0.0
2024-04-18T02:00:00,0.0
2024-04-18T03:00:00,0.0
2024-04-18T04:00:00,0.0
2024-04-18T05:00:00,0.0
2024-04-18T06:00:00,19.3
2024-04-18T07:00:00,136.62
2024-04-18T08:00:00,250.9
2024-04-18T09:00:00,385.05
2024-04-18T10:00:00,540.2
2024-04-18T11:00:00,573.4
2024-04-18T12:00:00,647.65
2024-04-18T13:00:00,474.4
2024-04-18T14:00:00,441.83
2024-04-18T15:00:00,271.62
2024-04-18T16:00:00,145.12
2024-04-18T17:00:00,27.12
2024-04-18T18:00:00,0.0
2024-04-18T19:00:00,0.0
2024-04-18T20:00:00,0.0
2024-04-18T21:00:00,0.0
2024-04-18T22:00:00,0.0
2024-04-18T23:00:00,0.0
2024-04-19T00:00:00,0.0
2024-04-19T01:00:00,0.0
2024-04-19T02:00:00,0.0
2024-04-19T03:00:00,0.0
2024-04-19T04:00:00,0.0
2024-04-19T05:00:00,0.0
2024-04-19T06:00:00,18.8
2024-04-19T07:00:00,139.07
2024-04-19T08:00:00,297.1
2024-04-19T09:00:00,452.23
2024-04-19T10:00:00,569.22
2024-04-19T11:00:00,659.85
2024-04-19T12:00:00,625.2
2024-04-19T13:00:00,626.17
2024-04-19T14:00:00,472.12
2024-04-19T15:00:00,311.23
2024-04-19T16:00:00,153.52
2024-04-19T17:00:00,27.17
2024-04-19T18:00:00,0.0
2024-04-19T19:00:00,0.0
2024-04-19T20:00:00,0.0
2024-04-19T21:00:00,0.0
2024-04-19T22:00:00,0.0
2024-04-19T23:00:00,0.0
2024-04-20T00:00:00,0.0
2024-04-20T01:00:00,0.0
2024-04-20T02:00:00,0.0
2024-04-20T03:00:00,0.0
2024-04-20T04:00:00,0.0
2024-04-20T05:00:00,0.0
2024-04-20T06:00:00,15.5
2024-04-20T07:00:00,146.35
2024-04-20T08:00:00,339.08
2024-04-20T09:00:00,507.42
2024-04-20T10:00:00,608.62
2024-04-20T11:00:00,593.4
2024-04-20T12:00:00,583.0
2024-04-20T13:00:00,530.72
2024-04-20T14:00:00,370.05
2024-04-20T15:00:00,238.45
2024-04-20T16:00:00,116.53
2024-04-20T17:00:00,16.02
2024-04-20T18:00:00,0.0
2024-04-20T19:00:00,0.0
2024-04-20T20:00:00,0.0
2024-04-20T21:00:00,0.0
2024-04-20T22:00:00,0.0
2024-04-20T23:00:00,0.0
2024-04-21T00:00:00,0.0
2024-04-21T01:00:00,0.0
2024-04-21T02:00:00,0.0
2024-04-21T03:00:00,0.0
2024-04-21T04:00:00,0.0
2024-04-21T05:00:00,0.0
2024-04-21T06:00:00,14.88
2024-04-21T07:00:00,129.68
2024-04-21T08:00:00,285.02
2024-04-21T09:00:00,465.02
2024-04-21T10:00:00,624.67
2024-04-21T11:00:00,766.7
2024-04-21T12:00:00,746.55
2024-04-21T13:00:00,623.28
2024-04-21T14:00:00,512.97
2024-04-21T15:00:00,345.05
2024-04-21T16:00:00,166.32
2024-04-21T17:00:00,28.23
2024-04-21T18:00:00,0.0
2024-04-21T19:00:00,0.0
2024-04-21T20:00:00,0.0
2024-04-21T21:00:00,0.0
2024-04-21T22:00:00,0.0
2024-04-21T23:00:00,0.0
2024-04-22T00:00:00,0.0
2024-04-22T01:00:00,0.0
2024-04-22T02:00:00,0.0
2024-04-22T03:00:00,0.0
2024-04-22T04:00:00,0.0
2024-04-22T05:00:00,0.0
2024-04-22T06:00:00,17.75
2024-04-22T07:00:00,166.02
2024-04-22T08:00:00,366.52
2024-04-22T09:00:00,564.08
2024-04-22T10:00:00,670.28
2024-04-22T11:00:00,695.22
2024-04-22T12:00:00,636.97
2024-04-22T13:00:00,550.1
2024-04-22T14:00:00,461.6
2024-04-22T15:00:00,296.9
2024-04-22T16:00:00,135.85
2024-04-22T17:00:00,20.62
2024-04-22T18:00:00,0.0
2024-04-22T19:00:00,0.0
2024-04-22T20:00:00,0.0
2024-04-22T21:00:00,0.0
2024-04-22T22:00:00,0.0
2024-04-22T23:00:00,0.0
2024-04-23T00:00:00,0.0
2024-04-23T01:00:00,0.0
2024-04-23T02:00:00,0.0
2024-04-23T03:00:00,0.0
2024-04-23T04:00:00,0.0
2024-04-23T05:00:00,0.0
2024-04-23T06:00:00,17.6
2024-04-23T07:00:00,129.82
2024-04-23T08:00:00,275.65
2024-04-23T09:00:00,442.48
2024-04-23T10:00:00,602.55
2024-04-23T11:00:00,650.12
2024-04-23T12:00:00,627.12
2024-04-23T13:00:00,568.4
2024-04-23T14:00:00,491.95
2024-04-23T15:00:00,321.6
2024-04-23T16:00:00,150.12
2024-04-23T17:00:00,26.5
2024-04-23T18:00:00,0.0
2024-04-23T19:00:00,0.0
2024-04-23T20:00:00,0.0
2024-04-23T21:00:00,0.0
2024-04-23T22:00:00,0.0
2024-04-23T23:00:00,0.0
2024-04-24T00:00:00,0.0
2024-04-24T01:00:00,0.0
2024-04-24T02:00:00,0.0
2024-04-24T03:00:00,0.0
2024-04-24T04:00:00,0.0
2024-04-24T05:00:00,0.0
2024-04-24T06:00:00,19.95
2024-04-24T07:00:00,181.7
2024-04-24T08:00:00,373.52
2024-04-24T09:00:00,555.25
2024-04-24T10:00:00,683.3
2024-04-24T11:00:00,728.42
2024-04-24T12:00:00,756.6
2024-04-24T13:00:00,714.78
2024-04-24T14:00:00,548.7
2024-04-24T15:00:00,373.15
2024-04-24T16:00:00,200.52
2024-04-24T17:00:00,29.17
2024-04-24T18:00:00,0.0
2024-04-24T19:00:00,0.0
2024-04-24T20:00:00,0.0
2024-04-24T21:00:00,0.0
2024-04-24T22:00:00,0.0
2024-04-24T23:00:00,0.0
2024-04-25T00:00:00,0.0
2024-04-25T01:00:00,0.0
2024-04-25T02:00:00,0.0
2024-04-25T03:00:00,0.0
2024-04-25T04:00:00,0.0
2024-04-25T05:00:00,0.0
2024-04-25T06:00:00,16.98
2024-04-25T07:00:00,172.32
2024-04-25T08:00:00,346.12
2024-04-25T09:00:00,539.03
2024-04-25T10:00:00,703.15
2024-04-25T11:00:00,795.15
2024-04-25T12:00:00,768.03
2024-04-25T13:00:00,666.17
2024-04-25T14:00:00,535.08
2024-04-25T15:00:00,378.48
2024-04-25T16:00:00,193.0
2024-04-25T17:00:00,30.02
2024-04-25T18:00:00,0.0
2024-04-25T19:00:00,0.0
2024-04-25T20:00:00,0.0
2024-04-25T21:00:00,0.0
2024-04-25T22:00:00,0.0
2024-04-25T23:00:00,0.0
2024-04-26T00:00:00,0.0
2024-04-26T01:00:00,0.0
2024-04-26T02:00:00,0.0
2024-04-26T03:00:00,0.0
2024-04-26T04:00:00,0.0
2024-04-26T05:00:00,0.0
2024-04-26T06:00:00,18.4
2024-04-26T07:00:00,181.07
2024-04-26T08:00:00,386.1
2024-04-26T09:00:00,569.92
2024-04-26T10:00:00,684.38
2024-04-26T11:00:00,747.8
2024-04-26T12:00:00,746.58
2024-04-26T13:00:00,678.58
2024-04-26T14:00:00,539.67
2024-04-26T15:00:00,338.73
2024-04-26T16:00:00,174.73
2024-04-26T17:00:00,21.55
2024-04-26T18:00:00,0.0
2024-04-26T19:00:00,0.0
2024-04-26T20:00:00,0.0
2024-04-26T21:00:00,0.0
2024-04-26T22:00:00,0.0
2024-04-26T23:00:00,0.0
2024-04-27T00:00:00,0.0
2024-04-27T01:00:00,0.0
2024-04-27T02:00:00,0.0
2024-04-27T03:00:00,0.0
2024-04-27T04:00:00,0.0
2024-04-27T05:00:00,0.0
2024-04-27T06:00:00,19.77
2024-04-27T07:00:00,195.65
2024-04-27T08:00:00,407.65
2024-04-27T09:00:00,591.47
2024-04-27T10:00:00,717.38
2024-04-27T11:00:00,763.5
2024-04-27T12:00:00,737.4
2024-04-27T13:00:00,684.62
2024-04-27T14:00:00,559.72
2024-04-27T15:00:00,387.33
2024-04-27T16:00:00,194.98
2024-04-27T17:00:00,29.12
2024-04-27T18:00:00,0.0
2024-04-27T19:00:00,0.0
2024-04-27T20:00:00,0.0
2024-04-27T21:00:00,0.0
2024-04-27T22:00:00,0.0
2024-04-27T23:00:00,0.0
2024-04-28T00:00:00,0.0
2024-04-28T01:00:00,0.0
2024-04-28T02:00:00,0.0
2024-04-28T03:00:00,0.0
2024-04-28T04:00:00,0.0
2024-04-28T05:00:00,0.0
2024-04-28T06:00:00,16.7
2024-04-28T07:00:00,127.12
2024-04-28T08:00:00,269.42
2024-04-28T09:00:00,408.7
2024-04-28T10:00:00,483.05
2024-04-28T11:00:00,626.75
2024-04-28T12:00:00,544.05
2024-04-28T13:00:00,485.35
2024-04-28T14:00:00,425.77
2024-04-28T15:00:00,284.62
2024-04-28T16:00:00,134.88
2024-04-28T17:00:00,23.67
2024-04-28T18:00:00,0.0
2024-04-28T19:00:00,0.0
2024-04-28T20:00:00,0.0
2024-04-28T21:00:00,0.0
2024-04-28T22:00:00,0.0
2024-04-28T23:00:00,0.0
2024-04-29T00:00:00,0.0
2024-04-29T01:00:00,0.0
2024-04-29T02:00:00,0.0
2024-04-29T03:00:00,0.0
2024-04-29T04:00:00,0.0
2024-04-29T05:00:00,0.0
2024-04-29T06:00:00,17.05
2024-04-29T07:00:00,163.3
2024-04-29T08:00:00,337.8
2024-04-29T09:00:00,485.6
2024-04-29T10:00:00,606.75
2024-04-29T11:00:00,651.92
2024-04-29T12:00:00,654.15
2024-04-29T13:00:00,570.8
2024-04-29T14:00:00,528.03
2024-04-29T15:00:00,343.58
2024-04-29T16:00:00,179.95
2024-04-29T17:00:00,26.3
2024-04-29T18:00:00,0.0
2024-04-29T19:00:00,0.0
2024-04-29T20:00:00,0.0
2024-04-29T21:00:00,0.0
2024-04-29T22:00:00,0.0
2024-04-29T23:00:00,0.0
2024-04-30T00:00:00,0.0
2024-04-30T01:00:00,0.0
2024-04-30T02:00:00,0.0
2024-04-30T03:00:00,0.0
2024-04-30T04:00:00,0.0
2024-04-30T05:00:00,0.0
2024-04-30T06:00:00,18.48
2024-04-30T07:00:00,179.98
2024-04-30T08:00:00,371.88
2024-04-30T09:00:00,542.65
2024-04-30T10:00:00,632.88
2024-04-30T11:00:00,695.33
2024-04-30T12:00:00,687.08
2024-04-30T13:00:00,507.05
2024-04-30T14:00:00,429.83
2024-04-30T15:00:00,292.77
2024-04-30T16:00:00,154.65
2024-04-30T17:00:00,22.1
2024-04-30T18:00:00,0.0
2024-04-30T19:00:00,0.0
2024-04-30T20:00:00,0.0
2024-04-30T21:00:00,0.0
2024-04-30T22:00:00,0.0
2024-04-30T23:00:00,0.0
2024-05-01T00:00:00,0.0
2024-05-01T01:00:00,0.0
2024-05-01T02:00:00,0.0
2024-05-01T03:00:00,0.0
2024-05-01T04:00:00,0.0
2024-05-01T05:00:00,0.0
2024-05-01T06:00:00,15.88
2024-05-01T07:00:00,149.43
2024-05-01T08:00:00,307.5
2024-05-01T09:00:00,526.75
2024-05-01T10:00:00,670.97
2024-05-01T11:00:00,754.65
2024-05-01T12:00:00,788.78
2024-05-01T13:00:00,735.88
2024-05-01T14:00:00,586.5
2024-05-01T15:00:00,412.45
2024-05-01T16:00:00,206.32
2024-05-01T17:00:00,24.8
2024-05-01T18:00:00,0.0
2024-05-01T19:00:00,0.0
2024-05-01T20:00:00,0.0
2024-05-01T21:00:00,0.0
2024-05-01T22:00:00,0.0
2024-05-01T23:00:00,0.0
2024-05-02T00:00:00,0.0
2024-05-02T01:00:00,0.0
2024-05-02T02:00:00,0.0
2024-05-02T03:00:00,0.0
2024-05-02T04:00:00,0.0
2024-05-02T05:00:00,0.0
2024-05-02T06:00:00,15.3
2024-05-02T07:00:00,150.48
2024-05-02T08:00:00,318.75
2024-05-02T09:00:00,501.48
2024-05-02T10:00:00,668.62
2024-05-02T11:00:00,698.53
2024-05-02T12:00:00,706.5
2024-05-02T13:00:00,681.42
2024-05-02T14:00:00,550.72
2024-05-02T15:00:00,333.98
2024-05-02T16:00:00,168.25
2024-05-02T17:00:00,20.45
2024-05-02T18:00:00,0.0
2024-05-02T19:00:00,0.0
2024-05-02T20:00:00,0.0
2024-05-02T21:00:00,0.0
2024-05-02T22:00:00,0.0
2024-05-02T23:00:00,0.0
2024-05-03T00:00:00,0.0
2024-05-03T01:00:00,0.0
2024-05-03T02:00:00,0.0
2024-05-03T03:00:00,0.0
2024-05-03T04:00:00,0.0
2024-05-03T05:00:00,0.0
2024-05-03T06:00:00,13.1
2024-05-03T07:00:00,151.2
2024-05-03T08:00:00,353.62
2024-05-03T09:00:00,508.35
2024-05-03T10:00:00,634.5
2024-05-03T11:00:00,729.62
2024-05-03T12:00:00,749.95
2024-05-03T13:00:00,579.35
2024-05-03T14:00:00,475.33
2024-05-03T15:00:00,329.38
2024-05-03T16:00:00,159.45
2024-05-03T17:00:00,14.1
2024-05-03T18:00:00,0.0
2024-05-03T19:00:00,0.0
2024-05-03T20:00:00,0.0
2024-05-03T21:00:00,0.0
2024-05-03T22:00:00,0.0
2024-05-03T23:00:00,0.0
2024-05-04T00:00:00,0.0
2024-05-04T01:00:00,0.0
2024-05-04T02:00:00,0.0
2024-05-04T03:00:00,0.0
2024-05-04T04:00:00,0.0
2024-05-04T05:00:00,0.0
2024-05-04T06:00:00,10.15
2024-05-04T07:00:00,92.88
2024-05-04T08:00:00,217.7
2024-05-04T09:00:00,340.02
2024-05-04T10:00:00,402.4
2024-05-04T11:00:00,448.8
2024-05-04T12:00:00,424.73
2024-05-04T13:00:00,450.55
2024-05-04T14:00:00,359.15
2024-05-04T15:00:00,231.3
2024-05-04T16:00:00,110.28
2024-05-04T17:00:00,12.8
2024-05-04T18:00:00,0.0
2024-05-04T19:00:00,0.0
2024-05-04T20:00:00,0.0
2024-05-04T21:00:00,0.0
2024-05-04T22:00:00,0.0
2024-05-04T23:00:00,0.0
2024-05-05T00:00:00,0.0
2024-05-05T01:00:00,0.0
2024-05-05T02:00:00,0.0
2024-05-05T03:00:00,0.0
2024-05-05T04:00:00,0.0
2024-05-05T05:00:00,0.0
2024-05-05T06:00:00,8.35
2024-05-05T07:00:00,87.22
2024-05-05T08:00:00,204.62
2024-05-05T09:00:00,329.7
2024-05-05T10:00:00,379.9
2024-05-05T11:00:00,385.25
2024-05-05T12:00:00,357.65
2024-05-05T13:00:00,305.2
2024-05-05T14:00:00,268.62
2024-05-05T15:00:00,196.62
2024-05-05T16:00:00,107.57
2024-05-05T17:00:00,10.93
2024-05-05T18:00:00,0.0
2024-05-05T19:00:00,0.0
2024-05-05T20:00:00,0.0
2024-05-05T21:00:00,0.0
2024-05-05T22:00:00,0.0
2024-05-05T23:00:00,0.0
2024-05-06T00:00:00,0.0
2024-05-06T01:00:00,0.0
2024-05-06T02:00:00,0.0
2024-05-06T03:00:00,0.0
2024-05-06T04:00:00,0.0
2024-05-06T05:00:00,0.0
2024-05-06T06:00:00,7.18
2024-05-06T07:00:00,67.45
2024-05-06T08:00:00,166.23
2024-05-06T09:00:00,289.8
2024-05-06T10:00:00,308.25
2024-05-06T11:00:00,413.45
2024-05-06T12:00:00,393.58
2024-05-06T13:00:00,320.23
2024-05-06T14:00:00,289.88
2024-05-06T15:00:00,199.2
2024-05-06T16:00:00,77.85
2024-05-06T17:00:00,8.4
2024-05-06T18:00:00,0.0
2024-05-06T19:00:00,0.0
2024-05-06T20:00:00,0.0
2024-05-06T21:00:00,0.0
2024-05-06T22:00:00,0.0
2024-05-06T23:00:00,0.0
2024-05-07T00:00:00,0.0
2024-05-07T01:00:00,0.0
2024-05-07T02:00:00,0.0
2024-05-07T03:00:00,0.0
2024-05-07T04:00:00,0.0
2024-05-07T05:00:00,0.0
2024-05-07T06:00:00,10.1
2024-05-07T07:00:00,102.1
2024-05-07T08:00:00,233.77
2024-05-07T09:00:00,377.42
2024-05-07T10:00:00,505.1
2024-05-07T11:00:00,571.65
2024-05-07T12:00:00,561.25
2024-05-07T13:00:00,440.65
2024-05-07T14:00:00,284.62
2024-05-07T15:00:00,202.35
2024-05-07T16:00:00,101.78
2024-05-07T17:00:00,11.0
2024-05-07T18:00:00,0.0
2024-05-07T19:00:00,0.0
2024-05-07T20:00:00,0.0
2024-05-07T21:00:00,0.0
2024-05-07T22:00:00,0.0
2024-05-07T23:00:00,0.0
2024-05-08T00:00:00,0.0
2024-05-08T01:00:00,0.0
2024-05-08T02:00:00,0.0
2024-05-08T03:00:00,0.0
2024-05-08T04:00:00,0.0
2024-05-08T05:00:00,0.0
2024-05-08T06:00:00,11.9
2024-05-08T07:00:00,116.25
2024-05-08T08:00:00,219.52
2024-05-08T09:00:00,343.58
2024-05-08T10:00:00,474.05
2024-05-08T11:00:00,597.92
2024-05-08T12:00:00,610.15
2024-05-08T13:00:00,537.58
2024-05-08T14:00:00,398.23
2024-05-08T15:00:00,289.42
2024-05-08T16:00:00,150.0
2024-05-08T17:00:00,18.67
2024-05-08T18:00:00,0.0
2024-05-08T19:00:00,0.0
2024-05-08T20:00:00,0.0
2024-05-08T21:00:00,0.0
2024-05-08T22:00:00,0.0
2024-05-08T23:00:00,0.0
2024-05-09T00:00:00,0.0
2024-05-09T01:00:00,0.0
2024-05-09T02:00:00,0.0
2024-05-09T03:00:00,0.0
2024-05-09T04:00:00,0.0
2024-05-09T05:00:00,0.0
2024-05-09T06:00:00,13.98
2024-05-09T07:00:00,161.2
2024-05-09T08:00:00,345.5
2024-05-09T09:00:00,557.75
2024-05-09T10:00:00,673.17
2024-05-09T11:00:00,750.95
2024-05-09T12:00:00,663.4
2024-05-09T13:00:00,625.85
2024-05-09T14:00:00,540.9
2024-05-09T15:00:00,371.15
2024-05-09T16:00:00,173.88
2024-05-09T17:00:00,19.52
2024-05-09T18:00:00,0.0
2024-05-09T19:00:00,0.0
2024-05-09T20:00:00,0.0
2024-05-09T21:00:00,0.0
2024-05-09T22:00:00,0.0
2024-05-09T23:00:00,0.0
2024-05-10T00:00:00,0.0
2024-05-10T01:00:00,0.0
2024-05-10T02:00:00,0.0
2024-05-10T03:00:00,0.0
2024-05-10T04:00:00,0.0
2024-05-10T05:00:00,0.0
2024-05-10T06:00:00,15.57
2024-05-10T07:00:00,168.65
2024-05-10T08:00:00,370.88
2024-05-10T09:00:00,547.35
2024-05-10T10:00:00,681.65
2024-05-10T11:00:00,751.67
2024-05-10T12:00:00,714.0
2024-05-10T13:00:00,693.15
2024-05-10T14:00:00,579.92
2024-05-10T15:00:00,376.2
2024-05-10T16:00:00,188.05
2024-05-10T17:00:00,20.45
2024-05-10T18:00:00,0.0
2024-05-10T19:00:00,0.0
2024-05-10T20:00:00,0.0
2024-05-10T21:00:00,0.0
2024-05-10T22:00:00,0.0
2024-05-10T23:00:00,0.0
2024-05-11T00:00:00,0.0
2024-05-11T01:00:00,0.0
2024-05-11T02:00:00,0.0
2024-05-11T03:00:00,0.0
2024-05-11T04:00:00,0.0
2024-05-11T05:00:00,0.0
2024-05-11T06:00:00,12.15
2024-05-11T07:00:00,138.43
2024-05-11T08:00:00,298.65
2024-05-11T09:00:00,509.52
2024-05-11T10:00:00,644.42
2024-05-11T11:00:00,710.35
2024-05-11T12:00:00,700.65
2024-05-11T13:00:00,623.88
2024-05-11T14:00:00,492.02
2024-05-11T15:00:00,301.58
2024-05-11T16:00:00,142.57
2024-05-11T17:00:00,14.77
2024-05-11T18:00:00,0.0
2024-05-11T19:00:00,0.0
2024-05-11T20:00:00,0.0
2024-05-11T21:00:00,0.0
2024-05-11T22:00:00,0.0
2024-05-11T23:00:00,0.0
2024-05-12T00:00:00,0.0
2024-05-12T01:00:00,0.0
2024-05-12T02:00:00,0.0
2024-05-12T03:00:00,0.0
2024-05-12T04:00:00,0.0
2024-05-12T05:00:00,0.0
2024-05-12T06:00:00,10.07
2024-05-12T07:00:00,103.38
2024-05-12T08:00:00,269.73
2024-05-12T09:00:00,432.45
2024-05-12T10:00:00,554.12
2024-05-12T11:00:00,567.9
2024-05-12T12:00:00,595.35
2024-05-12T13:00:00,469.62
2024-05-12T14:00:00,380.8
2024-05-12T15:00:00,242.27
2024-05-12T16:00:00,101.05
2024-05-12T17:00:00,12.98
2024-05-12T18:00:00,0.0
2024-05-12T19:00:00,0.0
2024-05-12T20:00:00,0.0
2024-05-12T21:00:00,0.0
2024-05-12T22:00:00,0.0
2024-05-12T23:00:00,0.0
2024-05-13T00:00:00,0.0
2024-05-13T01:00:00,0.0
2024-05-13T02:00:00,0.0
2024-05-13T03:00:00,0.0
2024-05-13T04:00:00,0.0
2024-05-13T05:00:00,0.0
2024-05-13T06:00:00,13.12
2024-05-13T07:00:00,137.02
2024-05-13T08:00:00,294.55
2024-05-13T09:00:00,432.3
2024-05-13T10:00:00,546.4
2024-05-13T11:00:00,582.05
2024-05-13T12:00:00,570.33
2024-05-13T13:00:00,536.88
2024-05-13T14:00:00,390.85
2024-05-13T15:00:00,248.18
2024-05-13T16:00:00,108.2
2024-05-13T17:00:00,10.02
2024-05-13T18:00:00,0.0
2024-05-13T19:00:00,0.0
2024-05-13T20:00:00,0.0
2024-05-13T21:00:00,0.0
2024-05-13T22:00:00,0.0
2024-05-13T23:00:00,0.0
2024-05-14T00:00:00,0.0
2024-05-14T01:00:00,0.0
2024-05-14T02:00:00,0.0
2024-05-14T03:00:00,0.0
2024-05-14T04:00:00,0.0
2024-05-14T05:00:00,0.0
2024-05-14T06:00:00,6.95
2024-05-14T07:00:00,95.6
2024-05-14T08:00:00,225.65
2024-05-14T09:00:00,379.7
2024-05-14T10:00:00,466.88
2024-05-14T11:00:00,522.1
2024-05-14T12:00:00,503.62
2024-05-14T13:00:00,474.62
2024-05-14T14:00:00,338.08
2024-05-14T15:00:00,219.65
2024-05-14T16:00:00,99.9
2024-05-14T17:00:00,7.45
2024-05-14T18:00:00,0.0
2024-05-14T19:00:00,0.0
2024-05-14T20:00:00,0.0
2024-05-14T21:00:00,0.0
2024-05-14T22:00:00,0.0
2024-05-14T23:00:00,0.0
2024-05-15T00:00:00,0.0
2024-05-15T01:00:00,0.0
2024-05-15T02:00:00,0.0
2024-05-15T03:00:00,0.0
2024-05-15T04:00:00,0.0
2024-05-15T05:00:00,0.0
2024-05-15T06:00:00,4.38
2024-05-15T07:00:00,43.9
2024-05-15T08:00:00,67.15
2024-05-15T09:00:00,92.88
2024-05-15T10:00:00,73.05
2024-05-15T11:00:00,95.53
2024-05-15T12:00:00,66.38
2024-05-15T13:00:00,110.47
2024-05-15T14:00:00,179.32
2024-05-15T15:00:00,119.07
2024-05-15T16:00:00,56.92
2024-05-15T17:00:00,6.78
2024-05-15T18:00:00,0.0
2024-05-15T19:00:00,0.0
2024-05-15T20:00:00,0.0
2024-05-15T21:00:00,0.0
2024-05-15T22:00:00,0.0
2024-05-15T23:00:00,0.0
2024-05-16T00:00:00,0.0
2024-05-16T01:00:00,0.0
2024-05-16T02:00:00,0.0
2024-05-16T03:00:00,0.0
2024-05-16T04:00:00,0.0
2024-05-16T05:00:00,0.0
2024-05-16T06:00:00,9.1
2024-05-16T07:00:00,117.65
2024-05-16T08:00:00,280.83
2024-05-16T09:00:00,439.6
2024-05-16T10:00:00,562.88
2024-05-16T11:00:00,630.92
2024-05-16T12:00:00,638.75
2024-05-16T13:00:00,529.92
2024-05-16T14:00:00,313.6
2024-05-16T15:00:00,226.9
2024-05-16T16:00:00,109.95
2024-05-16T17:00:00,10.62
2024-05-16T18:00:00,0.0
2024-05-16T19:00:00,0.0
2024-05-16T20:00:00,0.0
2024-05-16T21:00:00,0.0
2024-05-16T22:00:00,0.0
2024-05-16T23:00:00,0.0
2024-05-17T00:00:00,0.0
2024-05-17T01:00:00,0.0
2024-05-17T02:00:00,0.0
2024-05-17T03:00:00,0.0
2024-05-17T04:00:00,0.0
2024-05-17T05:00:00,0.0
2024-05-17T06:00:00,10.82
2024-05-17T07:00:00,154.18
2024-05-17T08:00:00,349.5
2024-05-17T09:00:00,513.92
2024-05-17T10:00:00,652.72
2024-05-17T11:00:00,718.62
2024-05-17T12:00:00,715.88
2024-05-17T13:00:00,662.72
2024-05-17T14:00:00,520.47
2024-05-17T15:00:00,352.27
2024-05-17T16:00:00,161.55
2024-05-17T17:00:00,14.62
2024-05-17T18:00:00,0.0
2024-05-17T19:00:00,0.0
2024-05-17T20:00:00,0.0
2024-05-17T21:00:00,0.0
2024-05-17T22:00:00,0.0
2024-05-17T23:00:00,0.0
2024-05-18T00:00:00,0.0
2024-05-18T01:00:00,0.0
2024-05-18T02:00:00,0.0
2024-05-18T03:00:00,0.0
2024-05-18T04:00:00,0.0
2024-05-18T05:00:00,0.0
2024-05-18T06:00:00,10.0
2024-05-18T07:00:00,142.55
2024-05-18T08:00:00,329.45
2024-05-18T09:00:00,483.88
2024-05-18T10:00:00,585.55
2024-05-18T11:00:00,688.03
2024-05-18T12:00:00,608.58
2024-05-18T13:00:00,591.6
2024-05-18T14:00:00,511.12
2024-05-18T15:00:00,347.08
2024-05-18T16:00:00,158.85
2024-05-18T17:00:00,15.55
2024-05-18T18:00:00,0.0
2024-05-18T19:00:00,0.0
2024-05-18T20:00:00,0.0
2024-05-18T21:00:00,0.0
2024-05-18T22:00:00,0.0
2024-05-18T23:00:00,0.0
2024-05-19T00:00:00,0.0
2024-05-19T01:00:00,0.0
2024-05-19T02:00:00,0.0
2024-05-19T03:00:00,0.0
2024-05-19T04:00:00,0.0
2024-05-19T05:00:00,0.0
2024-05-19T06:00:00,9.48
2024-05-19T07:00:00,138.75
2024-05-19T08:00:00,317.08
2024-05-19T09:00:00,510.92
2024-05-19T10:00:00,615.95
2024-05-19T11:00:00,698.6
2024-05-19T12:00:00,643.17
2024-05-19T13:00:00,641.97
2024-05-19T14:00:00,526.85
2024-05-19T15:00:00,356.1
2024-05-19T16:00:00,161.85
2024-05-19T17:00:00,14.18
2024-05-19T18:00:00,0.0
2024-05-19T19:00:00,0.0
2024-05-19T20:00:00,0.0
2024-05-19T21:00:00,0.0
2024-05-19T22:00:00,0.0
2024-05-19T23:00:00,0.0
2024-05-20T00:00:00,0.0
2024-05-20T01:00:00,0.0
2024-05-20T02:00:00,0.0
2024-05-20T03:00:00,0.0
2024-05-20T04:00:00,0.0
2024-05-20T05:00:00,0.0
2024-05-20T06:00:00,9.77
2024-05-20T07:00:00,141.65
2024-05-20T08:00:00,326.52
2024-05-20T09:00:00,469.33
2024-05-20T10:00:00,666.75
2024-05-20T11:00:00,739.38
2024-05-20T12:00:00,714.58
2024-05-20T13:00:00,637.33
2024-05-20T14:00:00,502.8
2024-05-20T15:00:00,330.8
2024-05-20T16:00:00,153.32
2024-05-20T17:00:00,12.02
2024-05-20T18:00:00,0.0
2024-05-20T19:00:00,0.0
2024-05-20T20:00:00,0.0
2024-05-20T21:00:00,0.0
2024-05-20T22:00:00,0.0
2024-05-20T23:00:00,0.0
2024-05-21T00:00:00,0.0
2024-05-21T01:00:00,0.0
2024-05-21T02:00:00,0.0
2024-05-21T03:00:00,0.0
2024-05-21T04:00:00,0.0
2024-05-21T05:00:00,0.0
2024-05-21T06:00:00,10.62
2024-05-21T07:00:00,166.98
2024-05-21T08:00:00,371.95
2024-05-21T09:00:00,548.83
2024-05-21T10:00:00,674.7
2024-05-21T11:00:00,743.17
2024-05-21T12:00:00,736.95
2024-05-21T13:00:00,673.55
2024-05-21T14:00:00,553.15
2024-05-21T15:00:00,377.05
2024-05-21T16:00:00,175.25
2024-05-21T17:00:00,15.18
2024-05-21T18:00:00,0.0
2024-05-21T19:00:00,0.0
2024-05-21T20:00:00,0.0
2024-05-21T21:00:00,0.0
2024-05-21T22:00:00,0.0
2024-05-21T23:00:00,0.0
2024-05-22T00:00:00,0.0
2024-05-22T01:00:00,0.0
2024-05-22T02:00:00,0.0
2024-05-22T03:00:00,0.0
2024-05-22T04:00:00,0.0
2024-05-22T05:00:00,0.0
2024-05-22T06:00:00,8.27
2024-05-22T07:00:00,113.4
2024-05-22T08:00:00,256.9
2024-05-22T09:00:00,383.98
2024-05-22T10:00:00,464.25
2024-05-22T11:00:00,503.35
2024-05-22T12:00:00,507.38
2024-05-22T13:00:00,407.6
2024-05-22T14:00:00,330.25
2024-05-22T15:00:00,208.9
2024-05-22T16:00:00,97.7
2024-05-22T17:00:00,8.68
2024-05-22T18:00:00,0.0
2024-05-22T19:00:00,0.0
2024-05-22T20:00:00,0.0
2024-05-22T21:00:00,0.0
2024-05-22T22:00:00,0.0
2024-05-22T23:00:00,0.0
2024-05-23T00:00:00,0.0
2024-05-23T01:00:00,0.0
2024-05-23T02:00:00,0.0
2024-05-23T03:00:00,0.0
2024-05-23T04:00:00,0.0
2024-05-23T05:00:00,0.0
2024-05-23T06:00:00,6.25
2024-05-23T07:00:00,77.18
2024-05-23T08:00:00,191.9
2024-05-23T09:00:00,328.67
2024-05-23T10:00:00,375.55
2024-05-23T11:00:00,433.48
2024-05-23T12:00:00,470.9
2024-05-23T13:00:00,370.25
2024-05-23T14:00:00,287.33
2024-05-23T15:00:00,197.6
2024-05-23T16:00:00,93.38
2024-05-23T17:00:00,8.45
2024-05-23T18:00:00,0.0
2024-05-23T19:00:00,0.0
2024-05-23T20:00:00,0.0
2024-05-23T21:00:00,0.0
2024-05-23T22:00:00,0.0
2024-05-23T23:00:00,0.0
2024-05-24T00:00:00,0.0
2024-05-24T01:00:00,0.0
2024-05-24T02:00:00,0.0
2024-05-24T03:00:00,0.0
2024-05-24T04:00:00,0.0
2024-05-24T05:00:00,0.0
2024-05-24T06:00:00,5.82
2024-05-24T07:00:00,87.18
2024-05-24T08:00:00,210.05
2024-05-24T09:00:00,334.83
2024-05-24T10:00:00,479.88
2024-05-24T11:00:00,660.5
2024-05-24T12:00:00,652.8
2024-05-24T13:00:00,586.92
2024-05-24T14:00:00,427.55
2024-05-24T15:00:00,270.55
2024-05-24T16:00:00,112.82
2024-05-24T17:00:00,7.47
2024-05-24T18:00:00,0.0
2024-05-24T19:00:00,0.0
2024-05-24T20:00:00,0.0
2024-05-24T21:00:00,0.0
2024-05-24T22:00:00,0.0
2024-05-24T23:00:00,0.0
2024-05-25T00:00:00,0.0
2024-05-25T01:00:00,0.0
2024-05-25T02:00:00,0.0
2024-05-25T03:00:00,0.0
2024-05-25T04:00:00,0.0
2024-05-25T05:00:00,0.0
2024-05-25T06:00:00,5.85
2024-05-25T07:00:00,79.53
2024-05-25T08:00:00,169.1
2024-05-25T09:00:00,281.08
2024-05-25T10:00:00,371.5
2024-05-25T11:00:00,464.75
2024-05-25T12:00:00,455.0
2024-05-25T13:00:00,387.4
2024-05-25T14:00:00,299.65
2024-05-25T15:00:00,216.07
2024-05-25T16:00:00,102.72
2024-05-25T17:00:00,11.43
2024-05-25T18:00:00,0.0
2024-05-25T19:00:00,0.0
2024-05-25T20:00:00,0.0
2024-05-25T21:00:00,0.0
2024-05-25T22:00:00,0.0
2024-05-25T23:00:00,0.0
2024-05-26T00:00:00,0.0
2024-05-26T01:00:00,0.0
2024-05-26T02:00:00,0.0
2024-05-26T03:00:00,0.0
2024-05-26T04:00:00,0.0
2024-05-26T05:00:00,0.0
2024-05-26T06:00:00,5.18
2024-05-26T07:00:00,79.95
2024-05-26T08:00:00,171.52
2024-05-26T09:00:00,245.7
2024-05-26T10:00:00,432.25
2024-05-26T11:00:00,359.6
2024-05-26T12:00:00,307.45
2024-05-26T13:00:00,299.27
2024-05-26T14:00:00,187.73
2024-05-26T15:00:00,164.1
2024-05-26T16:00:00,88.47
2024-05-26T17:00:00,9.62
2024-05-26T18:00:00,0.0
2024-05-26T19:00:00,0.0
2024-05-26T20:00:00,0.0
2024-05-26T21:00:00,0.0
2024-05-26T22:00:00,0.0
2024-05-26T23:00:00,0.0
2024-05-27T00:00:00,0.0
2024-05-27T01:00:00,0.0
2024-05-27T02:00:00,0.0
2024-05-27T03:00:00,0.0
2024-05-27T04:00:00,0.0
2024-05-27T05:00:00,0.0
2024-05-27T06:00:00,6.88
2024-05-27T07:00:00,91.5
2024-05-27T08:00:00,163.23
2024-05-27T09:00:00,196.48
2024-05-27T10:00:00,275.23
2024-05-27T11:00:00,308.5
2024-05-27T12:00:00,293.48
2024-05-27T13:00:00,304.4
2024-05-27T14:00:00,196.6
2024-05-27T15:00:00,133.65
2024-05-27T16:00:00,60.4
2024-05-27T17:00:00,6.32
2024-05-27T18:00:00,0.0
2024-05-27T19:00:00,0.0
2024-05-27T20:00:00,0.0
2024-05-27T21:00:00,0.0
2024-05-27T22:00:00,0.0
2024-05-27T23:00:00,0.0
2024-05-28T00:00:00,0.0
2024-05-28T01:00:00,0.0
2024-05-28T02:00:00,0.0
2024-05-28T03:00:00,0.0
2024-05-28T04:00:00,0.0
2024-05-28T05:00:00,0.0
2024-05-28T06:00:00,3.55
2024-05-28T07:00:00,42.97
2024-05-28T08:00:00,118.68
2024-05-28T09:00:00,194.23
2024-05-28T10:00:00,240.05
2024-05-28T11:00:00,364.0
2024-05-28T12:00:00,291.88
2024-05-28T13:00:00,317.33
2024-05-28T14:00:00,215.27
2024-05-28T15:00:00,128.6
2024-05-28T16:00:00,62.3
2024-05-28T17:00:00,5.75
2024-05-28T18:00:00,0.0
2024-05-28T19:00:00,0.0
2024-05-28T20:00:00,0.0
2024-05-28T21:00:00,0.0
2024-05-28T22:00:00,0.0
2024-05-28T23:00:00,0.0
2024-05-29T00:00:00,0.0
2024-05-29T01:00:00,0.0
2024-05-29T02:00:00,0.0
2024-05-29T03:00:00,0.0
2024-05-29T04:00:00,0.0
2024-05-29T05:00:00,0.0
2024-05-29T06:00:00,4.43
2024-05-29T07:00:00,59.3
2024-05-29T08:00:00,151.23
2024-05-29T09:00:00,174.1
2024-05-29T10:00:00,226.2
2024-05-29T11:00:00,264.6
2024-05-29T12:00:00,276.0
2024-05-29T13:00:00,234.95
2024-05-29T14:00:00,194.02
2024-05-29T15:00:00,140.62
2024-05-29T16:00:00,43.17
2024-05-29T17:00:00,3.6
2024-05-29T18:00:00,0.0
2024-05-29T19:00:00,0.0
2024-05-29T20:00:00,0.0
2024-05-29T21:00:00,0.0
2024-05-29T22:00:00,0.0
2024-05-29T23:00:00,0.0
2024-05-30T00:00:00,0.0
2024-05-30T01:00:00,0.0
2024-05-30T02:00:00,0.0
2024-05-30T03:00:00,0.0
2024-05-30T04:00:00,0.0
2024-05-30T05:00:00,0.0
2024-05-30T06:00:00,3.92
2024-05-30T07:00:00,45.12
2024-05-30T08:00:00,120.6
2024-05-30T09:00:00,173.43
2024-05-30T10:00:00,231.85
2024-05-30T11:00:00,269.05
2024-05-30T12:00:00,232.23
2024-05-30T13:00:00,230.02
2024-05-30T14:00:00,199.7
2024-05-30T15:00:00,138.15
2024-05-30T16:00:00,67.62
2024-05-30T17:00:00,6.05
2024-05-30T18:00:00,0.0
2024-05-30T19:00:00,0.0
2024-05-30T20:00:00,0.0
2024-05-30T21:00:00,0.0
2024-05-30T22:00:00,0.0
2024-05-30T23:00:00,0.0
2024-05-31T00:00:00,0.0
2024-05-31T01:00:00,0.0
2024-05-31T02:00:00,0.0
2024-05-31T03:00:00,0.0
2024-05-31T04:00:00,0.0
2024-05-31T05:00:00,0.0
2024-05-31T06:00:00,2.38
2024-05-31T07:00:00,26.7
2024-05-31T08:00:00,81.35
2024-05-31T09:00:00,137.7
2024-05-31T10:00:00,189.85
2024-05-31T11:00:00,214.43
2024-05-31T12:00:00,200.73
2024-05-31T13:00:00,107.47
2024-05-31T14:00:00,68.35
2024-05-31T15:00:00,49.17
2024-05-31T16:00:00,26.48
2024-05-31T17:00:00,3.4
2024-05-31T18:00:00,0.0
2024-05-31T19:00:00,0.0
2024-05-31T20:00:00,0.0
2024-05-31T21:00:00,0.0
2024-05-31T22:00:00,0.0
2024-05-31T23:00:00,0.0
2024-06-01T00:00:00,0.0
2024-06-01T01:00:00,0.0
2024-06-01T02:00:00,0.0
2024-06-01T03:00:00,0.0
2024-06-01T04:00:00,0.0
2024-06-01T05:00:00,0.0
2024-06-01T06:00:00,3.28
2024-06-01T07:00:00,40.65
2024-06-01T08:00:00,95.3
2024-06-01T09:00:00,214.75
2024-06-01T10:00:00,284.45
2024-06-01T11:00:00,302.38
2024-06-01T12:00:00,284.05
2024-06-01T13:00:00,293.23
2024-06-01T14:00:00,333.4
2024-06-01T15:00:00,213.93
2024-06-01T16:00:00,91.9
2024-06-01T17:00:00,8.68
2024-06-01T18:00:00,0.0
2024-06-01T19:00:00,0.0
2024-06-01T20:00:00,0.0
2024-06-01T21:00:00,0.0
2024-06-01T22:00:00,0.0
2024-06-01T23:00:00,0.0
2024-06-02T00:00:00,0.0
2024-06-02T01:00:00,0.0
2024-06-02T02:00:00,0.0
2024-06-02T03:00:00,0.0
2024-06-02T04:00:00,0.0
2024-06-02T05:00:00,0.0
2024-06-02T06:00:00,5.43
2024-06-02T07:00:00,101.75
2024-06-02T08:00:00,241.73
2024-06-02T09:00:00,411.25
2024-06-02T10:00:00,540.33
2024-06-02T11:00:00,577.6
2024-06-02T12:00:00,586.05
2024-06-02T13:00:00,571.97
2024-06-02T14:00:00,455.85
2024-06-02T15:00:00,281.6
2024-06-02T16:00:00,128.0
2024-06-02T17:00:00,11.07
2024-06-02T18:00:00,0.0
2024-06-02T19:00:00,0.0
2024-06-02T20:00:00,0.0
2024-06-02T21:00:00,0.0
2024-06-02T22:00:00,0.0
2024-06-02T23:00:00,0.0
2024-06-03T00:00:00,0.0
2024-06-03T01:00:00,0.0
2024-06-03T02:00:00,0.0
2024-06-03T03:00:00,0.0
2024-06-03T04:00:00,0.0
2024-06-03T05:00:00,0.0
2024-06-03T06:00:00,6.65
2024-06-03T07:00:00,126.1
2024-06-03T08:00:00,305.2
2024-06-03T09:00:00,465.5
2024-06-03T10:00:00,553.15
2024-06-03T11:00:00,650.9
2024-06-03T12:00:00,630.05
2024-06-03T13:00:00,556.83
2024-06-03T14:00:00,414.8
2024-06-03T15:00:00,257.17
2024-06-03T16:00:00,104.9
2024-06-03T17:00:00,9.57
2024-06-03T18:00:00,0.0
2024-06-03T19:00:00,0.0
2024-06-03T20:00:00,0.0
2024-06-03T21:00:00,0.0
2024-06-03T22:00:00,0.0
2024-06-03T23:00:00,0.0
2024-06-04T00:00:00,0.0
2024-06-04T01:00:00,0.0
2024-06-04T02:00:00,0.0
2024-06-04T03:00:00,0.0
2024-06-04T04:00:00,0.0
2024-06-04T05:00:00,0.0
2024-06-04T06:00:00,6.82
2024-06-04T07:00:00,126.3
2024-06-04T08:00:00,293.55
2024-06-04T09:00:00,436.5
2024-06-04T10:00:00,540.55
2024-06-04T11:00:00,590.62
2024-06-04T12:00:00,584.12
2024-06-04T13:00:00,442.42
2024-06-04T14:00:00,289.8
2024-06-04T15:00:00,184.6
2024-06-04T16:00:00,82.9
2024-06-04T17:00:00,7.88
2024-06-04T18:00:00,0.0
2024-06-04T19:00:00,0.0
2024-06-04T20:00:00,0.0
2024-06-04T21:00:00,0.0
2024-06-04T22:00:00,0.0
2024-06-04T23:00:00,0.0
2024-06-05T00:00:00,0.0
2024-06-05T01:00:00,0.0
2024-06-05T02:00:00,0.0
2024-06-05T03:00:00,0.0
2024-06-05T04:00:00,0.0
2024-06-05T05:00:00,0.0
2024-06-05T06:00:00,4.57
2024-06-05T07:00:00,84.43
2024-06-05T08:00:00,214.62
2024-06-05T09:00:00,419.48
2024-06-05T10:00:00,552.6
2024-06-05T11:00:00,674.25
2024-06-05T12:00:00,694.45
2024-06-05T13:00:00,646.05
2024-06-05T14:00:00,504.6
2024-06-05T15:00:00,323.52
2024-06-05T16:00:00,147.23
2024-06-05T17:00:00,12.75
2024-06-05T18:00:00,0.0
2024-06-05T19:00:00,0.0
2024-06-05T20:00:00,0.0
2024-06-05T21:00:00,0.0
2024-06-05T22:00:00,0.0
2024-06-05T23:00:00,0.0
2024-06-06T00:00:00,0.0
2024-06-06T01:00:00,0.0
2024-06-06T02:00:00,0.0
2024-06-06T03:00:00,0.0
2024-06-06T04:00:00,0.0
2024-06-06T05:00:00,0.0
2024-06-06T06:00:00,6.45
2024-06-06T07:00:00,134.95
2024-06-06T08:00:00,323.0
2024-06-06T09:00:00,490.5
2024-06-06T10:00:00,612.97
2024-06-06T11:00:00,674.2
2024-06-06T12:00:00,630.2
2024-06-06T13:00:00,627.85
2024-06-06T14:00:00,499.2
2024-06-06T15:00:00,340.02
2024-06-06T16:00:00,155.32
2024-06-06T17:00:00,13.5
2024-06-06T18:00:00,0.0
2024-06-06T19:00:00,0.0
2024-06-06T20:00:00,0.0
2024-06-06T21:00:00,0.0
2024-06-06T22:00:00,0.0
2024-06-06T23:00:00,0.0
2024-06-07T00:00:00,0.0
2024-06-07T01:00:00,0.0
2024-06-07T02:00:00,0.0
2024-06-07T03:00:00,0.0
2024-06-07T04:00:00,0.0
2024-06-07T05:00:00,0.0
2024-06-07T06:00:00,5.35
2024-06-07T07:00:00,110.28
2024-06-07T08:00:00,260.2
2024-06-07T09:00:00,450.6
2024-06-07T10:00:00,592.58
2024-06-07T11:00:00,654.65
2024-06-07T12:00:00,661.97
2024-06-07T13:00:00,605.75
2024-06-07T14:00:00,472.15
2024-06-07T15:00:00,298.3
2024-06-07T16:00:00,140.3
2024-06-07T17:00:00,12.52
2024-06-07T18:00:00,0.0
2024-06-07T19:00:00,0.0
2024-06-07T20:00:00,0.0
2024-06-07T21:00:00,0.0
2024-06-07T22:00:00,0.0
2024-06-07T23:00:00,0.0
2024-06-08T00:00:00,0.0
2024-06-08T01:00:00,0.0
2024-06-08T02:00:00,0.0
2024-06-08T03:00:00,0.0
2024-06-08T04:00:00,0.0
2024-06-08T05:00:00,0.0
2024-06-08T06:00:00,5.72
2024-06-08T07:00:00,120.57
2024-06-08T08:00:00,293.23
2024-06-08T09:00:00,455.62
2024-06-08T10:00:00,570.92
2024-06-08T11:00:00,647.0
2024-06-08T12:00:00,680.2
2024-06-08T13:00:00,570.28
2024-06-08T14:00:00,421.98
2024-06-08T15:00:00,282.15
2024-06-08T16:00:00,128.25
2024-06-08T17:00:00,10.65
2024-06-08T18:00:00,0.0
2024-06-08T19:00:00,0.0
2024-06-08T20:00:00,0.0
2024-06-08T21:00:00,0.0
2024-06-08T22:00:00,0.0
2024-06-08T23:00:00,0.0
2024-06-09T00:00:00,0.0
2024-06-09T01:00:00,0.0
2024-06-09T02:00:00,0.0
2024-06-09T03:00:00,0.0
2024-06-09T04:00:00,0.0
2024-06-09T05:00:00,0.0
2024-06-09T06:00:00,4.62
2024-06-09T07:00:00,97.43
2024-06-09T08:00:00,229.38
2024-06-09T09:00:00,414.48
2024-06-09T10:00:00,557.88
2024-06-09T11:00:00,617.35
2024-06-09T12:00:00,598.7
2024-06-09T13:00:00,588.7
2024-06-09T14:00:00,497.95
2024-06-09T15:00:00,320.0
2024-06-09T16:00:00,147.73
2024-06-09T17:00:00,12.98
2024-06-09T18:00:00,0.0
2024-06-09T19:00:00,0.0
2024-06-09T20:00:00,0.0
2024-06-09T21:00:00,0.0
2024-06-09T22:00:00,0.0
2024-06-09T23:00:00,0.0
2024-06-10T00:00:00,0.0
2024-06-10T01:00:00,0.0
2024-06-10T02:00:00,0.0
2024-06-10T03:00:00,0.0
2024-06-10T04:00:00,0.0
2024-06-10T05:00:00,0.0
2024-06-10T06:00:00,5.18
2024-06-10T07:00:00,122.05
2024-06-10T08:00:00,306.1
2024-06-10T09:00:00,471.83
2024-06-10T10:00:00,613.45
2024-06-10T11:00:00,671.85
2024-06-10T12:00:00,622.8
2024-06-10T13:00:00,542.4
2024-06-10T14:00:00,435.73
2024-06-10T15:00:00,291.3
2024-06-10T16:00:00,128.98
2024-06-10T17:00:00,12.2
2024-06-10T18:00:00,0.0
2024-06-10T19:00:00,0.0
2024-06-10T20:00:00,0.0
2024-06-10T21:00:00,0.0
2024-06-10T22:00:00,0.0
2024-06-10T23:00:00,0.0
2024-06-11T00:00:00,0.0
2024-06-11T01:00:00,0.0
2024-06-11T02:00:00,0.0
2024-06-11T03:00:00,0.0
2024-06-11T04:00:00,0.0
2024-06-11T05:00:00,0.0
2024-06-11T06:00:00,5.32
2024-06-11T07:00:00,126.05
2024-06-11T08:00:00,317.5
2024-06-11T09:00:00,487.15
2024-06-11T10:00:00,640.33
2024-06-11T11:00:00,712.97
2024-06-11T12:00:00,701.95
2024-06-11T13:00:00,524.78
2024-06-11T14:00:00,351.52
2024-06-11T15:00:00,225.82
2024-06-11T16:00:00,89.8
2024-06-11T17:00:00,10.2
2024-06-11T18:00:00,0.0
2024-06-11T19:00:00,0.0
2024-06-11T20:00:00,0.0
2024-06-11T21:00:00,0.0
2024-06-11T22:00:00,0.0
2024-06-11T23:00:00,0.0
2024-06-12T00:00:00,0.0
2024-06-12T01:00:00,0.0
2024-06-12T02:00:00,0.0
2024-06-12T03:00:00,0.0
2024-06-12T04:00:00,0.0
2024-06-12T05:00:00,0.0
2024-06-12T06:00:00,2.9
2024-06-12T07:00:00,80.62
2024-06-12T08:00:00,197.68
2024-06-12T09:00:00,352.15
2024-06-12T10:00:00,492.77
2024-06-12T11:00:00,575.5
2024-06-12T12:00:00,497.77
2024-06-12T13:00:00,423.92
2024-06-12T14:00:00,421.23
2024-06-12T15:00:00,285.25
2024-06-12T16:00:00,123.9
2024-06-12T17:00:00,12.27
2024-06-12T18:00:00,0.0
2024-06-12T19:00:00,0.0
2024-06-12T20:00:00,0.0
2024-06-12T21:00:00,0.0
2024-06-12T22:00:00,0.0
2024-06-12T23:00:00,0.0
2024-06-13T00:00:00,0.0
2024-06-13T01:00:00,0.0
2024-06-13T02:00:00,0.0
2024-06-13T03:00:00,0.0
2024-06-13T04:00:00,0.0
2024-06-13T05:00:00,0.0
2024-06-13T06:00:00,4.45
2024-06-13T07:00:00,100.78
2024-06-13T08:00:00,265.8
2024-06-13T09:00:00,449.3
2024-06-13T10:00:00,561.28
2024-06-13T11:00:00,636.88
2024-06-13T12:00:00,668.22
2024-06-13T13:00:00,624.25
2024-06-13T14:00:00,520.92
2024-06-13T15:00:00,338.3
2024-06-13T16:00:00,152.23
2024-06-13T17:00:00,12.8
2024-06-13T18:00:00,0.0
2024-06-13T19:00:00,0.0
2024-06-13T20:00:00,0.0
2024-06-13T21:00:00,0.0
2024-06-13T22:00:00,0.0
2024-06-13T23:00:00,0.0
2024-06-14T00:00:00,0.0
2024-06-14T01:00:00,0.0
2024-06-14T02:00:00,0.0
2024-06-14T03:00:00,0.0
2024-06-14T04:00:00,0.0
2024-06-14T05:00:00,0.0
2024-06-14T06:00:00,4.72
2024-06-14T07:00:00,110.85
2024-06-14T08:00:00,258.33
2024-06-14T09:00:00,414.6
2024-06-14T10:00:00,528.35
2024-06-14T11:00:00,605.2
2024-06-14T12:00:00,675.97
2024-06-14T13:00:00,638.0
2024-06-14T14:00:00,525.4
2024-06-14T15:00:00,363.1
2024-06-14T16:00:00,169.75
2024-06-14T17:00:00,14.75
2024-06-14T18:00:00,0.0
2024-06-14T19:00:00,0.0
2024-06-14T20:00:00,0.0
2024-06-14T21:00:00,0.0
2024-06-14T22:00:00,0.0
2024-06-14T23:00:00,0.0
2024-06-15T00:00:00,0.0
2024-06-15T01:00:00,0.0
2024-06-15T02:00:00,0.0
2024-06-15T03:00:00,0.0
2024-06-15T04:00:00,0.0
2024-06-15T05:00:00,0.0
2024-06-15T06:00:00,3.65
2024-06-15T07:00:00,75.45
2024-06-15T08:00:00,166.77
2024-06-15T09:00:00,236.85
2024-06-15T10:00:00,332.8
2024-06-15T11:00:00,406.23
2024-06-15T12:00:00,388.58
2024-06-15T13:00:00,326.05
2024-06-15T14:00:00,240.82
2024-06-15T15:00:00,158.07
2024-06-15T16:00:00,62.55
2024-06-15T17:00:00,6.0
2024-06-15T18:00:00,0.0
2024-06-15T19:00:00,0.0
2024-06-15T20:00:00,0.0
2024-06-15T21:00:00,0.0
2024-06-15T22:00:00,0.0
2024-06-15T23:00:00,0.0
2024-06-16T00:00:00,0.0
2024-06-16T01:00:00,0.0
2024-06-16T02:00:00,0.0
2024-06-16T03:00:00,0.0
2024-06-16T04:00:00,0.0
2024-06-16T05:00:00,0.0
2024-06-16T06:00:00,3.25
2024-06-16T07:00:00,76.72
2024-06-16T08:00:00,186.77
2024-06-16T09:00:00,298.77
2024-06-16T10:00:00,448.08
2024-06-16T11:00:00,499.4
2024-06-16T12:00:00,492.6
2024-06-16T13:00:00,370.05
2024-06-16T14:00:00,170.23
2024-06-16T15:00:00,119.2
2024-06-16T16:00:00,60.08
2024-06-16T17:00:00,5.72
2024-06-16T18:00:00,0.0
2024-06-16T19:00:00,0.0
2024-06-16T20:00:00,0.0
2024-06-16T21:00:00,0.0
2024-06-16T22:00:00,0.0
2024-06-16T23:00:00,0.0
2024-06-17T00:00:00,0.0
2024-06-17T01:00:00,0.0
2024-06-17T02:00:00,0.0
2024-06-17T03:00:00,0.0
2024-06-17T04:00:00,0.0
2024-06-17T05:00:00,0.0
2024-06-17T06:00:00,2.35
2024-06-17T07:00:00,86.25
2024-06-17T08:00:00,209.5
2024-06-17T09:00:00,355.55
2024-06-17T10:00:00,491.88
2024-06-17T11:00:00,478.85
2024-06-17T12:00:00,443.98
2024-06-17T13:00:00,431.6
2024-06-17T14:00:00,359.52
2024-06-17T15:00:00,233.88
2024-06-17T16:00:00,106.2
2024-06-17T17:00:00,7.9
2024-06-17T18:00:00,0.0
2024-06-17T19:00:00,0.0
2024-06-17T20:00:00,0.0
2024-06-17T21:00:00,0.0
2024-06-17T22:00:00,0.0
2024-06-17T23:00:00,0.0
2024-06-18T00:00:00,0.0
2024-06-18T01:00:00,0.0
2024-06-18T02:00:00,0.0
2024-06-18T03:00:00,0.0
2024-06-18T04:00:00,0.0
2024-06-18T05:00:00,0.0
2024-06-18T06:00:00,3.45
2024-06-18T07:00:00,96.82
2024-06-18T08:00:00,269.58
2024-06-18T09:00:00,448.73
2024-06-18T10:00:00,584.55
2024-06-18T11:00:00,659.35
2024-06-18T12:00:00,662.42
2024-06-18T13:00:00,618.33
2024-06-18T14:00:00,483.8
2024-06-18T15:00:00,321.25
2024-06-18T16:00:00,139.48
2024-06-18T17:00:00,11.93
2024-06-18T18:00:00,0.0
2024-06-18T19:00:00,0.0
2024-06-18T20:00:00,0.0
2024-06-18T21:00:00,0.0
2024-06-18T22:00:00,0.0
2024-06-18T23:00:00,0.0
2024-06-19T00:00:00,0.0
2024-06-19T01:00:00,0.0
2024-06-19T02:00:00,0.0
2024-06-19T03:00:00,0.0
2024-06-19T04:00:00,0.0
2024-06-19T05:00:00,0.0
2024-06-19T06:00:00,4.05
2024-06-19T07:00:00,119.22
2024-06-19T08:00:00,317.48
2024-06-19T09:00:00,497.65
2024-06-19T10:00:00,627.3
2024-06-19T11:00:00,698.15
2024-06-19T12:00:00,701.6
2024-06-19T13:00:00,642.2
2024-06-19T14:00:00,507.75
2024-06-19T15:00:00,354.17
2024-06-19T16:00:00,167.8
2024-06-19T17:00:00,15.43
2024-06-19T18:00:00,0.0
2024-06-19T19:00:00,0.0
2024-06-19T20:00:00,0.0
2024-06-19T21:00:00,0.0
2024-06-19T22:00:00,0.0
2024-06-19T23:00:00,0.0
2024-06-20T00:00:00,0.0
2024-06-20T01:00:00,0.0
2024-06-20T02:00:00,0.0
2024-06-20T03:00:00,0.0
2024-06-20T04:00:00,0.0
2024-06-20T05:00:00,0.0
2024-06-20T06:00:00,4.05
2024-06-20T07:00:00,121.65
2024-06-20T08:00:00,313.45
2024-06-20T09:00:00,481.23
2024-06-20T10:00:00,614.2
2024-06-20T11:00:00,666.72
2024-06-20T12:00:00,653.67
2024-06-20T13:00:00,588.67
2024-06-20T14:00:00,475.6
2024-06-20T15:00:00,333.27
2024-06-20T16:00:00,154.68
2024-06-20T17:00:00,14.25
2024-06-20T18:00:00,0.0
2024-06-20T19:00:00,0.0
2024-06-20T20:00:00,0.0
2024-06-20T21:00:00,0.0
2024-06-20T22:00:00,0.0
2024-06-20T23:00:00,0.0
2024-06-21T00:00:00,0.0
2024-06-21T01:00:00,0.0
2024-06-21T02:00:00,0.0
2024-06-21T03:00:00,0.0
2024-06-21T04:00:00,0.0
2024-06-21T05:00:00,0.0
2024-06-21T06:00:00,3.55
2024-06-21T07:00:00,85.28
2024-06-21T08:00:00,207.48
2024-06-21T09:00:00,322.27
2024-06-21T10:00:00,452.77
2024-06-21T11:00:00,497.98
2024-06-21T12:00:00,479.6
2024-06-21T13:00:00,486.0
2024-06-21T14:00:00,426.3
2024-06-21T15:00:00,268.0
2024-06-21T16:00:00,125.28
2024-06-21T17:00:00,11.9
2024-06-21T18:00:00,0.0
2024-06-21T19:00:00,0.0
2024-06-21T20:00:00,0.0
2024-06-21T21:00:00,0.0
2024-06-21T22:00:00,0.0
2024-06-21T23:00:00,0.0
2024-06-22T00:00:00,0.0
2024-06-22T01:00:00,0.0
2024-06-22T02:00:00,0.0
2024-06-22T03:00:00,0.0
2024-06-22T04:00:00,0.0
2024-06-22T05:00:00,0.0
2024-06-22T06:00:00,3.5
2024-06-22T07:00:00,106.22
2024-06-22T08:00:00,287.52
2024-06-22T09:00:00,456.92
2024-06-22T10:00:00,577.0
2024-06-22T11:00:00,613.95
2024-06-22T12:00:00,499.12
2024-06-22T13:00:00,521.58
2024-06-22T14:00:00,393.02
2024-06-22T15:00:00,218.9
2024-06-22T16:00:00,101.82
2024-06-22T17:00:00,11.6
2024-06-22T18:00:00,0.0
2024-06-22T19:00:00,0.0
2024-06-22T20:00:00,0.0
2024-06-22T21:00:00,0.0
2024-06-22T22:00:00,0.0
2024-06-22T23:00:00,0.0
2024-06-23T00:00:00,0.0
2024-06-23T01:00:00,0.0
2024-06-23T02:00:00,0.0
2024-06-23T03:00:00,0.0
2024-06-23T04:00:00,0.0
2024-06-23T05:00:00,0.0
2024-06-23T06:00:00,3.3
2024-06-23T07:00:00,91.85
2024-06-23T08:00:00,235.77
2024-06-23T09:00:00,410.67
2024-06-23T10:00:00,563.8
2024-06-23T11:00:00,626.33
2024-06-23T12:00:00,609.75
2024-06-23T13:00:00,535.92
2024-06-23T14:00:00,438.98
2024-06-23T15:00:00,269.9
2024-06-23T16:00:00,132.38
2024-06-23T17:00:00,13.7
2024-06-23T18:00:00,0.0
2024-06-23T19:00:00,0.0
2024-06-23T20:00:00,0.0
2024-06-23T21:00:00,0.0
2024-06-23T22:00:00,0.0
2024-06-23T23:00:00,0.0
2024-06-24T00:00:00,0.0
2024-06-24T01:00:00,0.0
2024-06-24T02:00:00,0.0
2024-06-24T03:00:00,0.0
2024-06-24T04:00:00,0.0
2024-06-24T05:00:00,0.0
2024-06-24T06:00:00,2.65
2024-06-24T07:00:00,53.38
2024-06-24T08:00:00,183.2
2024-06-24T09:00:00,335.52
2024-06-24T10:00:00,384.3
2024-06-24T11:00:00,433.75
2024-06-24T12:00:00,619.0
2024-06-24T13:00:00,613.83
2024-06-24T14:00:00,525.1
2024-06-24T15:00:00,349.92
2024-06-24T16:00:00,159.9
2024-06-24T17:00:00,15.0
2024-06-24T18:00:00,0.0
2024-06-24T19:00:00,0.0
2024-06-24T20:00:00,0.0
2024-06-24T21:00:00,0.0
2024-06-24T22:00:00,0.0
2024-06-24T23:00:00,0.0
2024-06-25T00:00:00,0.0
2024-06-25T01:00:00,0.0
2024-06-25T02:00:00,0.0
2024-06-25T03:00:00,0.0
2024-06-25T04:00:00,0.0
2024-06-25T05:00:00,0.0
2024-06-25T06:00:00,2.92
2024-06-25T07:00:00,89.35
2024-06-25T08:00:00,255.43
2024-06-25T09:00:00,418.35
2024-06-25T10:00:00,501.05
2024-06-25T11:00:00,584.92
2024-06-25T12:00:00,603.22
2024-06-25T13:00:00,618.4
2024-06-25T14:00:00,526.88
2024-06-25T15:00:00,360.17
2024-06-25T16:00:00,166.5
2024-06-25T17:00:00,15.77
2024-06-25T18:00:00,0.0
2024-06-25T19:00:00,0.0
2024-06-25T20:00:00,0.0
2024-06-25T21:00:00,0.0
2024-06-25T22:00:00,0.0
2024-06-25T23:00:00,0.0
2024-06-26T00:00:00,0.0
2024-06-26T01:00:00,0.0
2024-06-26T02:00:00,0.0
2024-06-26T03:00:00,0.0
2024-06-26T04:00:00,0.0
2024-06-26T05:00:00,0.0
2024-06-26T06:00:00,3.25
2024-06-26T07:00:00,97.7
2024-06-26T08:00:00,265.95
2024-06-26T09:00:00,418.23
2024-06-26T10:00:00,554.95
2024-06-26T11:00:00,665.75
2024-06-26T12:00:00,662.75
2024-06-26T13:00:00,621.95
2024-06-26T14:00:00,477.5
2024-06-26T15:00:00,325.98
2024-06-26T16:00:00,151.88
2024-06-26T17:00:00,15.3
2024-06-26T18:00:00,0.0
2024-06-26T19:00:00,0.0
2024-06-26T20:00:00,0.0
2024-06-26T21:00:00,0.0
2024-06-26T22:00:00,0.0
2024-06-26T23:00:00,0.0
2024-06-27T00:00:00,0.0
2024-06-27T01:00:00,0.0
2024-06-27T02:00:00,0.0
2024-06-27T03:00:00,0.0
2024-06-27T04:00:00,0.0
2024-06-27T05:00:00,0.0
2024-06-27T06:00:00,0.0
2024-06-27T07:00:00,93.22
2024-06-27T08:00:00,212.6
2024-06-27T09:00:00,357.98
2024-06-27T10:00:00,502.85
2024-06-27T11:00:00,567.72
2024-06-27T12:00:00,533.62
2024-06-27T13:00:00,481.48
2024-06-27T14:00:00,356.48
2024-06-27T15:00:00,218.02
2024-06-27T16:00:00,104.9
2024-06-27T17:00:00,11.77
2024-06-27T18:00:00,0.0
2024-06-27T19:00:00,0.0
2024-06-27T20:00:00,0.0
2024-06-27T21:00:00,0.0
2024-06-27T22:00:00,0.0
2024-06-27T23:00:00,0.0
2024-06-28T00:00:00,0.0
2024-06-28T01:00:00,0.0
2024-06-28T02:00:00,0.0
2024-06-28T03:00:00,0.0
2024-06-28T04:00:00,0.0
2024-06-28T05:00:00,0.0
2024-06-28T06:00:00,0.0
2024-06-28T07:00:00,62.6
2024-06-28T08:00:00,150.35
2024-06-28T09:00:00,279.05
2024-06-28T10:00:00,350.02
2024-06-28T11:00:00,423.35
2024-06-28T12:00:00,363.15
2024-06-28T13:00:00,368.25
2024-06-28T14:00:00,234.88
2024-06-28T15:00:00,168.23
2024-06-28T16:00:00,85.6
2024-06-28T17:00:00,9.8
2024-06-28T18:00:00,0.0
2024-06-28T19:00:00,0.0
2024-06-28T20:00:00,0.0
2024-06-28T21:00:00,0.0
2024-06-28T22:00:00,0.0
2024-06-28T23:00:00,0.0
2024-06-29T00:00:00,0.0
2024-06-29T01:00:00,0.0
2024-06-29T02:00:00,0.0
2024-06-29T03:00:00,0.0
2024-06-29T04:00:00,0.0
2024-06-29T05:00:00,0.0
2024-06-29T06:00:00,0.0
2024-06-29T07:00:00,91.6
2024-06-29T08:00:00,216.02
2024-06-29T09:00:00,368.75
2024-06-29T10:00:00,477.73
2024-06-29T11:00:00,484.25
2024-06-29T12:00:00,451.65
2024-06-29T13:00:00,419.23
2024-06-29T14:00:00,275.05
2024-06-29T15:00:00,185.2
2024-06-29T16:00:00,96.07
2024-06-29T17:00:00,10.77
2024-06-29T18:00:00,0.0
2024-06-29T19:00:00,0.0
2024-06-29T20:00:00,0.0
2024-06-29T21:00:00,0.0
2024-06-29T22:00:00,0.0
2024-06-29T23:00:00,0.0
2024-06-30T00:00:00,0.0
2024-06-30T01:00:00,0.0
2024-06-30T02:00:00,0.0
2024-06-30T03:00:00,0.0
2024-06-30T04:00:00,0.0
2024-06-30T05:00:00,0.0
2024-06-30T06:00:00,0.0
2024-06-30T07:00:00,89.62
2024-06-30T08:00:00,205.62
2024-06-30T09:00:00,315.35
2024-06-30T10:00:00,476.42
2024-06-30T11:00:00,594.53
2024-06-30T12:00:00,574.85
2024-06-30T13:00:00,526.03
2024-06-30T14:00:00,421.58
2024-06-30T15:00:00,298.7
2024-06-30T16:00:00,146.65
2024-06-30T17:00:00,16.92
2024-06-30T18:00:00,0.0
2024-06-30T19:00:00,0.0
2024-06-30T20:00:00,0.0
2024-06-30T21:00:00,0.0
2024-06-30T22:00:00,0.0
2024-06-30T23:00:00,0.0
2024-07-01T00:00:00,0.0
2024-07-01T01:00:00,0.0
2024-07-01T02:00:00,0.0
2024-07-01T03:00:00,0.0
2024-07-01T04:00:00,0.0
2024-07-01T05:00:00,0.0
2024-07-01T06:00:00,0.0
2024-07-01T07:00:00,111.7
2024-07-01T08:00:00,253.27
2024-07-01T09:00:00,447.1
2024-07-01T10:00:00,571.65
2024-07-01T11:00:00,648.88
2024-07-01T12:00:00,672.7
2024-07-01T13:00:00,615.3
2024-07-01T14:00:00,514.53
2024-07-01T15:00:00,360.0
2024-07-01T16:00:00,168.12
2024-07-01T17:00:00,17.77
2024-07-01T18:00:00,0.0
2024-07-01T19:00:00,0.0
2024-07-01T20:00:00,0.0
2024-07-01T21:00:00,0.0
2024-07-01T22:00:00,0.0
2024-07-01T23:00:00,0.0
2024-07-02T00:00:00,0.0
2024-07-02T01:00:00,0.0
2024-07-02T02:00:00,0.0
2024-07-02T03:00:00,0.0
2024-07-02T04:00:00,0.0
2024-07-02T05:00:00,0.0
2024-07-02T06:00:00,0.0
2024-07-02T07:00:00,127.3
2024-07-02T08:00:00,299.73
2024-07-02T09:00:00,460.67
2024-07-02T10:00:00,571.78
2024-07-02T11:00:00,630.72
2024-07-02T12:00:00,642.6
2024-07-02T13:00:00,593.03
2024-07-02T14:00:00,473.05
2024-07-02T15:00:00,330.02
2024-07-02T16:00:00,159.43
2024-07-02T17:00:00,17.15
2024-07-02T18:00:00,0.0
2024-07-02T19:00:00,0.0
2024-07-02T20:00:00,0.0
2024-07-02T21:00:00,0.0
2024-07-02T22:00:00,0.0
2024-07-02T23:00:00,0.0
2024-07-03T00:00:00,0.0
2024-07-03T01:00:00,0.0
2024-07-03T02:00:00,0.0
2024-07-03T03:00:00,0.0
2024-07-03T04:00:00,0.0
2024-07-03T05:00:00,0.0
2024-07-03T06:00:00,0.0
2024-07-03T07:00:00,70.28
2024-07-03T08:00:00,161.43
2024-07-03T09:00:00,246.82
2024-07-03T10:00:00,345.88
2024-07-03T11:00:00,415.12
2024-07-03T12:00:00,396.25
2024-07-03T13:00:00,408.15
2024-07-03T14:00:00,323.62
2024-07-03T15:00:00,205.1
2024-07-03T16:00:00,114.7
2024-07-03T17:00:00,14.07
2024-07-03T18:00:00,0.0
2024-07-03T19:00:00,0.0
2024-07-03T20:00:00,0.0
2024-07-03T21:00:00,0.0
2024-07-03T22:00:00,0.0
2024-07-03T23:00:00,0.0
2024-07-04T00:00:00,0.0
2024-07-04T01:00:00,0.0
2024-07-04T02:00:00,0.0
2024-07-04T03:00:00,0.0
2024-07-04T04:00:00,0.0
2024-07-04T05:00:00,0.0
2024-07-04T06:00:00,0.0
2024-07-04T07:00:00,126.57
2024-07-04T08:00:00,318.02
2024-07-04T09:00:00,493.92
2024-07-04T10:00:00,624.55
2024-07-04T11:00:00,697.9
2024-07-04T12:00:00,698.83
2024-07-04T13:00:00,643.08
2024-07-04T14:00:00,477.38
2024-07-04T15:00:00,334.75
2024-07-04T16:00:00,167.93
2024-07-04T17:00:00,19.17
2024-07-04T18:00:00,0.0
2024-07-04T19:00:00,0.0
2024-07-04T20:00:00,0.0
2024-07-04T21:00:00,0.0
2024-07-04T22:00:00,0.0
2024-07-04T23:00:00,0.0
2024-07-05T00:00:00,0.0
2024-07-05T01:00:00,0.0
2024-07-05T02:00:00,0.0
2024-07-05T03:00:00,0.0
2024-07-05T04:00:00,0.0
2024-07-05T05:00:00,0.0
2024-07-05T06:00:00,0.0
2024-07-05T07:00:00,103.2
2024-07-05T08:00:00,275.92
2024-07-05T09:00:00,476.52
2024-07-05T10:00:00,611.72
2024-07-05T11:00:00,690.08
2024-07-05T12:00:00,684.67
2024-07-05T13:00:00,635.6
2024-07-05T14:00:00,506.7
2024-07-05T15:00:00,354.73
2024-07-05T16:00:00,171.7
2024-07-05T17:00:00,15.95
2024-07-05T18:00:00,0.0
2024-07-05T19:00:00,0.0
2024-07-05T20:00:00,0.0
2024-07-05T21:00:00,0.0
2024-07-05T22:00:00,0.0
2024-07-05T23:00:00,0.0
2024-07-06T00:00:00,0.0
2024-07-06T01:00:00,0.0
2024-07-06T02:00:00,0.0
2024-07-06T03:00:00,0.0
2024-07-06T04:00:00,0.0
2024-07-06T05:00:00,0.0
2024-07-06T06:00:00,0.0
2024-07-06T07:00:00,71.4
2024-07-06T08:00:00,154.32
2024-07-06T09:00:00,244.3
2024-07-06T10:00:00,327.48
2024-07-06T11:00:00,348.08
2024-07-06T12:00:00,304.95
2024-07-06T13:00:00,250.48
2024-07-06T14:00:00,197.02
2024-07-06T15:00:00,138.57
2024-07-06T16:00:00,73.25
2024-07-06T17:00:00,9.48
2024-07-06T18:00:00,0.0
2024-07-06T19:00:00,0.0
2024-07-06T20:00:00,0.0
2024-07-06T21:00:00,0.0
2024-07-06T22:00:00,0.0
2024-07-06T23:00:00,0.0
2024-07-07T00:00:00,0.0
2024-07-07T01:00:00,0.0
2024-07-07T02:00:00,0.0
2024-07-07T03:00:00,0.0
2024-07-07T04:00:00,0.0
2024-07-07T05:00:00,0.0
2024-07-07T06:00:00,0.0
2024-07-07T07:00:00,76.55
2024-07-07T08:00:00,186.05
2024-07-07T09:00:00,286.85
2024-07-07T10:00:00,403.95
2024-07-07T11:00:00,379.8
2024-07-07T12:00:00,368.12
2024-07-07T13:00:00,311.83
2024-07-07T14:00:00,199.3
2024-07-07T15:00:00,134.73
2024-07-07T16:00:00,65.12
2024-07-07T17:00:00,7.78
2024-07-07T18:00:00,0.0
2024-07-07T19:00:00,0.0
2024-07-07T20:00:00,0.0
2024-07-07T21:00:00,0.0
2024-07-07T22:00:00,0.0
2024-07-07T23:00:00,0.0
2024-07-08T00:00:00,0.0
2024-07-08T01:00:00,0.0
2024-07-08T02:00:00,0.0
2024-07-08T03:00:00,0.0
2024-07-08T04:00:00,0.0
2024-07-08T05:00:00,0.0
2024-07-08T06:00:00,0.0
2024-07-08T07:00:00,67.5
2024-07-08T08:00:00,172.27
2024-07-08T09:00:00,304.85
2024-07-08T10:00:00,438.45
2024-07-08T11:00:00,514.55
2024-07-08T12:00:00,432.92
2024-07-08T13:00:00,377.02
2024-07-08T14:00:00,256.08
2024-07-08T15:00:00,182.93
2024-07-08T16:00:00,94.9
2024-07-08T17:00:00,12.55
2024-07-08T18:00:00,0.0
2024-07-08T19:00:00,0.0
2024-07-08T20:00:00,0.0
2024-07-08T21:00:00,0.0
2024-07-08T22:00:00,0.0
2024-07-08T23:00:00,0.0
2024-07-09T00:00:00,0.0
2024-07-09T01:00:00,0.0
2024-07-09T02:00:00,0.0
2024-07-09T03:00:00,0.0
2024-07-09T04:00:00,0.0
2024-07-09T05:00:00,0.0
2024-07-09T06:00:00,0.0
2024-07-09T07:00:00,100.75
2024-07-09T08:00:00,244.65
2024-07-09T09:00:00,403.0
2024-07-09T10:00:00,411.55
2024-07-09T11:00:00,461.0
2024-07-09T12:00:00,500.83
2024-07-09T13:00:00,439.67
2024-07-09T14:00:00,339.88
2024-07-09T15:00:00,220.75
2024-07-09T16:00:00,111.55
2024-07-09T17:00:00,10.9
2024-07-09T18:00:00,0.0
2024-07-09T19:00:00,0.0
2024-07-09T20:00:00,0.0
2024-07-09T21:00:00,0.0
2024-07-09T22:00:00,0.0
2024-07-09T23:00:00,0.0
2024-07-10T00:00:00,0.0
2024-07-10T01:00:00,0.0
2024-07-10T02:00:00,0.0
2024-07-10T03:00:00,0.0
2024-07-10T04:00:00,0.0
2024-07-10T05:00:00,0.0
2024-07-10T06:00:00,0.0
2024-07-10T07:00:00,62.95
2024-07-10T08:00:00,154.27
2024-07-10T09:00:00,242.18
2024-07-10T10:00:00,312.6
2024-07-10T11:00:00,352.23
2024-07-10T12:00:00,373.8
2024-07-10T13:00:00,358.88
2024-07-10T14:00:00,267.25
2024-07-10T15:00:00,188.02
2024-07-10T16:00:00,89.4
2024-07-10T17:00:00,11.07
2024-07-10T18:00:00,0.0
2024-07-10T19:00:00,0.0
2024-07-10T20:00:00,0.0
2024-07-10T21:00:00,0.0
2024-07-10T22:00:00,0.0
2024-07-10T23:00:00,0.0
2024-07-11T00:00:00,0.0
2024-07-11T01:00:00,0.0
2024-07-11T02:00:00,0.0
2024-07-11T03:00:00,0.0
2024-07-11T04:00:00,0.0
2024-07-11T05:00:00,0.0
2024-07-11T06:00:00,0.0
2024-07-11T07:00:00,97.57
2024-07-11T08:00:00,242.55
2024-07-11T09:00:00,411.48
2024-07-11T10:00:00,528.95
2024-07-11T11:00:00,550.5
2024-07-11T12:00:00,532.47
2024-07-11T13:00:00,412.88
2024-07-11T14:00:00,278.52
2024-07-11T15:00:00,186.95
2024-07-11T16:00:00,86.72
2024-07-11T17:00:00,10.38
2024-07-11T18:00:00,0.0
2024-07-11T19:00:00,0.0
2024-07-11T20:00:00,0.0
2024-07-11T21:00:00,0.0
2024-07-11T22:00:00,0.0
2024-07-11T23:00:00,0.0
2024-07-12T00:00:00,0.0
2024-07-12T01:00:00,0.0
2024-07-12T02:00:00,0.0
2024-07-12T03:00:00,0.0
2024-07-12T04:00:00,0.0
2024-07-12T05:00:00,0.0
2024-07-12T06:00:00,0.0
2024-07-12T07:00:00,94.22
2024-07-12T08:00:00,247.7
2024-07-12T09:00:00,405.92
2024-07-12T10:00:00,502.17
2024-07-12T11:00:00,416.85
2024-07-12T12:00:00,246.65
2024-07-12T13:00:00,292.62
2024-07-12T14:00:00,299.58
2024-07-12T15:00:00,183.15
2024-07-12T16:00:00,82.4
2024-07-12T17:00:00,8.0
2024-07-12T18:00:00,0.0
2024-07-12T19:00:00,0.0
2024-07-12T20:00:00,0.0
2024-07-12T21:00:00,0.0
2024-07-12T22:00:00,0.0
2024-07-12T23:00:00,0.0
2024-07-13T00:00:00,0.0
2024-07-13T01:00:00,0.0
2024-07-13T02:00:00,0.0
2024-07-13T03:00:00,0.0
2024-07-13T04:00:00,0.0
2024-07-13T05:00:00,0.0
2024-07-13T06:00:00,0.0
2024-07-13T07:00:00,92.85
2024-07-13T08:00:00,242.12
2024-07-13T09:00:00,397.83
2024-07-13T10:00:00,508.12
2024-07-13T11:00:00,571.22
2024-07-13T12:00:00,596.05
2024-07-13T13:00:00,522.35
2024-07-13T14:00:00,407.42
2024-07-13T15:00:00,281.17
2024-07-13T16:00:00,134.8
2024-07-13T17:00:00,17.9
2024-07-13T18:00:00,0.0
2024-07-13T19:00:00,0.0
2024-07-13T20:00:00,0.0
2024-07-13T21:00:00,0.0
2024-07-13T22:00:00,0.0
2024-07-13T23:00:00,0.0
2024-07-14T00:00:00,0.0
2024-07-14T01:00:00,0.0
2024-07-14T02:00:00,0.0
2024-07-14T03:00:00,0.0
2024-07-14T04:00:00,0.0
2024-07-14T05:00:00,0.0
2024-07-14T06:00:00,0.0
2024-07-14T07:00:00,120.35
2024-07-14T08:00:00,279.17
2024-07-14T09:00:00,432.5
2024-07-14T10:00:00,540.85
2024-07-14T11:00:00,608.8
2024-07-14T12:00:00,617.65
2024-07-14T13:00:00,560.38
2024-07-14T14:00:00,431.65
2024-07-14T15:00:00,306.3
2024-07-14T16:00:00,164.48
2024-07-14T17:00:00,23.35
2024-07-14T18:00:00,0.0
2024-07-14T19:00:00,0.0
2024-07-14T20:00:00,0.0
2024-07-14T21:00:00,0.0
2024-07-14T22:00:00,0.0
2024-07-14T23:00:00,0.0
2024-07-15T00:00:00,0.0
2024-07-15T01:00:00,0.0
2024-07-15T02:00:00,0.0
2024-07-15T03:00:00,0.0
2024-07-15T04:00:00,0.0
2024-07-15T05:00:00,0.0
2024-07-15T06:00:00,0.0
2024-07-15T07:00:00,88.1
2024-07-15T08:00:00,220.93
2024-07-15T09:00:00,356.0
2024-07-15T10:00:00,459.38
2024-07-15T11:00:00,478.9
2024-07-15T12:00:00,628.42
2024-07-15T13:00:00,549.8
2024-07-15T14:00:00,425.48
2024-07-15T15:00:00,289.55
2024-07-15T16:00:00,126.72
2024-07-15T17:00:00,14.9
2024-07-15T18:00:00,0.0
2024-07-15T19:00:00,0.0
2024-07-15T20:00:00,0.0
2024-07-15T21:00:00,0.0
2024-07-15T22:00:00,0.0
2024-07-15T23:00:00,0.0
2024-07-16T00:00:00,0.0
2024-07-16T01:00:00,0.0
2024-07-16T02:00:00,0.0
2024-07-16T03:00:00,0.0
2024-07-16T04:00:00,0.0
2024-07-16T05:00:00,0.0
2024-07-16T06:00:00,2.95
2024-07-16T07:00:00,92.85
2024-07-16T08:00:00,253.32
2024-07-16T09:00:00,431.45
2024-07-16T10:00:00,550.92
2024-07-16T11:00:00,644.67
2024-07-16T12:00:00,667.25
2024-07-16T13:00:00,627.97
2024-07-16T14:00:00,500.17
2024-07-16T15:00:00,356.02
2024-07-16T16:00:00,180.35
2024-07-16T17:00:00,23.08
2024-07-16T18:00:00,0.0
2024-07-16T19:00:00,0.0
2024-07-16T20:00:00,0.0
2024-07-16T21:00:00,0.0
2024-07-16T22:00:00,0.0
2024-07-16T23:00:00,0.0
2024-07-17T00:00:00,0.0
2024-07-17T01:00:00,0.0
2024-07-17T02:00:00,0.0
2024-07-17T03:00:00,0.0
2024-07-17T04:00:00,0.0
2024-07-17T05:00:00,0.0
2024-07-17T06:00:00,3.5
2024-07-17T07:00:00,116.38
2024-07-17T08:00:00,306.65
2024-07-17T09:00:00,478.98
2024-07-17T10:00:00,623.08
2024-07-17T11:00:00,694.65
2024-07-17T12:00:00,689.8
2024-07-17T13:00:00,630.97
2024-07-17T14:00:00,532.1
2024-07-17T15:00:00,377.52
2024-07-17T16:00:00,192.05
2024-07-17T17:00:00,25.65
2024-07-17T18:00:00,0.0
2024-07-17T19:00:00,0.0
2024-07-17T20:00:00,0.0
2024-07-17T21:00:00,0.0
2024-07-17T22:00:00,0.0
2024-07-17T23:00:00,0.0
2024-07-18T00:00:00,0.0
2024-07-18T01:00:00,0.0
2024-07-18T02:00:00,0.0
2024-07-18T03:00:00,0.0
2024-07-18T04:00:00,0.0
2024-07-18T05:00:00,0.0
2024-07-18T06:00:00,3.62
2024-07-18T07:00:00,108.0
2024-07-18T08:00:00,268.83
2024-07-18T09:00:00,444.67
2024-07-18T10:00:00,544.67
2024-07-18T11:00:00,567.28
2024-07-18T12:00:00,583.17
2024-07-18T13:00:00,536.15
2024-07-18T14:00:00,437.4
2024-07-18T15:00:00,310.23
2024-07-18T16:00:00,172.6
2024-07-18T17:00:00,26.17
2024-07-18T18:00:00,0.0
2024-07-18T19:00:00,0.0
2024-07-18T20:00:00,0.0
2024-07-18T21:00:00,0.0
2024-07-18T22:00:00,0.0
2024-07-18T23:00:00,0.0
2024-07-19T00:00:00,0.0
2024-07-19T01:00:00,0.0
2024-07-19T02:00:00,0.0
2024-07-19T03:00:00,0.0
2024-07-19T04:00:00,0.0
2024-07-19T05:00:00,0.0
2024-07-19T06:00:00,4.25
2024-07-19T07:00:00,132.2
2024-07-19T08:00:00,339.6
2024-07-19T09:00:00,522.2
2024-07-19T10:00:00,659.92
2024-07-19T11:00:00,745.33
2024-07-19T12:00:00,758.88
2024-07-19T13:00:00,705.47
2024-07-19T14:00:00,593.42
2024-07-19T15:00:00,426.12
2024-07-19T16:00:00,221.7
2024-07-19T17:00:00,29.92
2024-07-19T18:00:00,0.0
2024-07-19T19:00:00,0.0
2024-07-19T20:00:00,0.0
2024-07-19T21:00:00,0.0
2024-07-19T22:00:00,0.0
2024-07-19T23:00:00,0.0
2024-07-20T00:00:00,0.0
2024-07-20T01:00:00,0.0
2024-07-20T02:00:00,0.0
2024-07-20T03:00:00,0.0
2024-07-20T04:00:00,0.0
2024-07-20T05:00:00,0.0
2024-07-20T06:00:00,2.8
2024-07-20T07:00:00,61.05
2024-07-20T08:00:00,141.62
2024-07-20T09:00:00,221.1
2024-07-20T10:00:00,261.2
2024-07-20T11:00:00,324.42
2024-07-20T12:00:00,435.98
2024-07-20T13:00:00,424.3
2024-07-20T14:00:00,316.98
2024-07-20T15:00:00,219.18
2024-07-20T16:00:00,106.4
2024-07-20T17:00:00,13.32
2024-07-20T18:00:00,0.0
2024-07-20T19:00:00,0.0
2024-07-20T20:00:00,0.0
2024-07-20T21:00:00,0.0
2024-07-20T22:00:00,0.0
2024-07-20T23:00:00,0.0
2024-07-21T00:00:00,0.0
2024-07-21T01:00:00,0.0
2024-07-21T02:00:00,0.0
2024-07-21T03:00:00,0.0
2024-07-21T04:00:00,0.0
2024-07-21T05:00:00,0.0
2024-07-21T06:00:00,3.65
2024-07-21T07:00:00,117.35
2024-07-21T08:00:00,318.7
2024-07-21T09:00:00,517.33
2024-07-21T10:00:00,658.38
2024-07-21T11:00:00,744.9
2024-07-21T12:00:00,760.47
2024-07-21T13:00:00,708.67
2024-07-21T14:00:00,594.55
2024-07-21T15:00:00,426.08
2024-07-21T16:00:00,224.0
2024-07-21T17:00:00,30.85
2024-07-21T18:00:00,0.0
2024-07-21T19:00:00,0.0
2024-07-21T20:00:00,0.0
2024-07-21T21:00:00,0.0
2024-07-21T22:00:00,0.0
2024-07-21T23:00:00,0.0
2024-07-22T00:00:00,0.0
2024-07-22T01:00:00,0.0
2024-07-22T02:00:00,0.0
2024-07-22T03:00:00,0.0
2024-07-22T04:00:00,0.0
2024-07-22T05:00:00,0.0
2024-07-22T06:00:00,4.6
2024-07-22T07:00:00,134.57
2024-07-22T08:00:00,341.65
2024-07-22T09:00:00,523.55
2024-07-22T10:00:00,669.6
2024-07-22T11:00:00,755.03
2024-07-22T12:00:00,762.28
2024-07-22T13:00:00,698.6
2024-07-22T14:00:00,566.95
2024-07-22T15:00:00,407.4
2024-07-22T16:00:00,215.38
2024-07-22T17:00:00,31.42
2024-07-22T18:00:00,0.0
2024-07-22T19:00:00,0.0
2024-07-22T20:00:00,0.0
2024-07-22T21:00:00,0.0
2024-07-22T22:00:00,0.0
2024-07-22T23:00:00,0.0
2024-07-23T00:00:00,0.0
2024-07-23T01:00:00,0.0
2024-07-23T02:00:00,0.0
2024-07-23T03:00:00,0.0
2024-07-23T04:00:00,0.0
2024-07-23T05:00:00,0.0
2024-07-23T06:00:00,4.2
2024-07-23T07:00:00,107.1
2024-07-23T08:00:00,255.7
2024-07-23T09:00:00,399.38
2024-07-23T10:00:00,542.6
2024-07-23T11:00:00,621.62
2024-07-23T12:00:00,650.67
2024-07-23T13:00:00,586.92
2024-07-23T14:00:00,522.05
2024-07-23T15:00:00,370.1
2024-07-23T16:00:00,197.9
2024-07-23T17:00:00,30.5
2024-07-23T18:00:00,0.0
2024-07-23T19:00:00,0.0
2024-07-23T20:00:00,0.0
2024-07-23T21:00:00,0.0
2024-07-23T22:00:00,0.0
2024-07-23T23:00:00,0.0
2024-07-24T00:00:00,0.0
2024-07-24T01:00:00,0.0
2024-07-24T02:00:00,0.0
2024-07-24T03:00:00,0.0
2024-07-24T04:00:00,0.0
2024-07-24T05:00:00,0.0
2024-07-24T06:00:00,4.22
2024-07-24T07:00:00,99.25
2024-07-24T08:00:00,240.95
2024-07-24T09:00:00,385.15
2024-07-24T10:00:00,478.1
2024-07-24T11:00:00,482.17
2024-07-24T12:00:00,528.08
2024-07-24T13:00:00,444.33
2024-07-24T14:00:00,374.27
2024-07-24T15:00:00,242.45
2024-07-24T16:00:00,125.4
2024-07-24T17:00:00,16.3
2024-07-24T18:00:00,0.0
2024-07-24T19:00:00,0.0
2024-07-24T20:00:00,0.0
2024-07-24T21:00:00,0.0
2024-07-24T22:00:00,0.0
2024-07-24T23:00:00,0.0
2024-07-25T00:00:00,0.0
2024-07-25T01:00:00,0.0
2024-07-25T02:00:00,0.0
2024-07-25T03:00:00,0.0
2024-07-25T04:00:00,0.0
2024-07-25T05:00:00,0.0
2024-07-25T06:00:00,2.72
2024-07-25T07:00:00,48.42
2024-07-25T08:00:00,173.32
2024-07-25T09:00:00,314.67
2024-07-25T10:00:00,249.48
2024-07-25T11:00:00,265.62
2024-07-25T12:00:00,262.5
2024-07-25T13:00:00,220.35
2024-07-25T14:00:00,145.5
2024-07-25T15:00:00,83.07
2024-07-25T16:00:00,54.3
2024-07-25T17:00:00,9.35
2024-07-25T18:00:00,0.0
2024-07-25T19:00:00,0.0
2024-07-25T20:00:00,0.0
2024-07-25T21:00:00,0.0
2024-07-25T22:00:00,0.0
2024-07-25T23:00:00,0.0
2024-07-26T00:00:00,0.0
2024-07-26T01:00:00,0.0
2024-07-26T02:00:00,0.0
2024-07-26T03:00:00,0.0
2024-07-26T04:00:00,0.0
2024-07-26T05:00:00,0.0
2024-07-26T06:00:00,3.22
2024-07-26T07:00:00,83.88
2024-07-26T08:00:00,198.6
2024-07-26T09:00:00,296.15
2024-07-26T10:00:00,491.52
2024-07-26T11:00:00,633.22
2024-07-26T12:00:00,637.95
2024-07-26T13:00:00,660.38
2024-07-26T14:00:00,532.92
2024-07-26T15:00:00,370.95
2024-07-26T16:00:00,189.12
2024-07-26T17:00:00,29.85
2024-07-26T18:00:00,0.0
2024-07-26T19:00:00,0.0
2024-07-26T20:00:00,0.0
2024-07-26T21:00:00,0.0
2024-07-26T22:00:00,0.0
2024-07-26T23:00:00,0.0
2024-07-27T00:00:00,0.0
2024-07-27T01:00:00,0.0
2024-07-27T02:00:00,0.0
2024-07-27T03:00:00,0.0
2024-07-27T04:00:00,0.0
2024-07-27T05:00:00,0.0
2024-07-27T06:00:00,3.97
2024-07-27T07:00:00,102.05
2024-07-27T08:00:00,257.02
2024-07-27T09:00:00,473.25
2024-07-27T10:00:00,621.22
2024-07-27T11:00:00,697.3
2024-07-27T12:00:00,708.1
2024-07-27T13:00:00,678.17
2024-07-27T14:00:00,541.15
2024-07-27T15:00:00,414.65
2024-07-27T16:00:00,213.18
2024-07-27T17:00:00,30.92
2024-07-27T18:00:00,0.0
2024-07-27T19:00:00,0.0
2024-07-27T20:00:00,0.0
2024-07-27T21:00:00,0.0
2024-07-27T22:00:00,0.0
2024-07-27T23:00:00,0.0
2024-07-28T00:00:00,0.0
2024-07-28T01:00:00,0.0
2024-07-28T02:00:00,0.0
2024-07-28T03:00:00,0.0
2024-07-28T04:00:00,0.0
2024-07-28T05:00:00,0.0
2024-07-28T06:00:00,5.03
2024-07-28T07:00:00,121.25
2024-07-28T08:00:00,312.38
2024-07-28T09:00:00,492.27
2024-07-28T10:00:00,604.08
2024-07-28T11:00:00,674.38
2024-07-28T12:00:00,713.97
2024-07-28T13:00:00,595.0
2024-07-28T14:00:00,561.4
2024-07-28T15:00:00,355.3
2024-07-28T16:00:00,187.68
2024-07-28T17:00:00,29.25
2024-07-28T18:00:00,0.0
2024-07-28T19:00:00,0.0
2024-07-28T20:00:00,0.0
2024-07-28T21:00:00,0.0
2024-07-28T22:00:00,0.0
2024-07-28T23:00:00,0.0
2024-07-29T00:00:00,0.0
2024-07-29T01:00:00,0.0
2024-07-29T02:00:00,0.0
2024-07-29T03:00:00,0.0
2024-07-29T04:00:00,0.0
2024-07-29T05:00:00,0.0
2024-07-29T06:00:00,5.47
2024-07-29T07:00:00,127.32
2024-07-29T08:00:00,315.4
2024-07-29T09:00:00,523.12
2024-07-29T10:00:00,650.78
2024-07-29T11:00:00,726.03
2024-07-29T12:00:00,693.6
2024-07-29T13:00:00,671.8
2024-07-29T14:00:00,547.97
2024-07-29T15:00:00,327.35
2024-07-29T16:00:00,174.85
2024-07-29T17:00:00,29.3
2024-07-29T18:00:00,0.0
2024-07-29T19:00:00,0.0
2024-07-29T20:00:00,0.0
2024-07-29T21:00:00,0.0
2024-07-29T22:00:00,0.0
2024-07-29T23:00:00,0.0
2024-07-30T00:00:00,0.0
2024-07-30T01:00:00,0.0
2024-07-30T02:00:00,0.0
2024-07-30T03:00:00,0.0
2024-07-30T04:00:00,0.0
2024-07-30T05:00:00,0.0
2024-07-30T06:00:00,5.18
2024-07-30T07:00:00,116.72
2024-07-30T08:00:00,301.58
2024-07-30T09:00:00,478.38
2024-07-30T10:00:00,608.1
2024-07-30T11:00:00,702.3
2024-07-30T12:00:00,730.53
2024-07-30T13:00:00,668.9
2024-07-30T14:00:00,574.45
2024-07-30T15:00:00,407.7
2024-07-30T16:00:00,214.57
2024-07-30T17:00:00,34.38
2024-07-30T18:00:00,0.0
2024-07-30T19:00:00,0.0
2024-07-30T20:00:00,0.0
2024-07-30T21:00:00,0.0
2024-07-30T22:00:00,0.0
2024-07-30T23:00:00,0.0
2024-07-31T00:00:00,0.0
2024-07-31T01:00:00,0.0
2024-07-31T02:00:00,0.0
2024-07-31T03:00:00,0.0
2024-07-31T04:00:00,0.0
2024-07-31T05:00:00,0.0
2024-07-31T06:00:00,4.7
2024-07-31T07:00:00,90.43
2024-07-31T08:00:00,199.05
2024-07-31T09:00:00,353.1
2024-07-31T10:00:00,568.03
2024-07-31T11:00:00,668.78
2024-07-31T12:00:00,720.1
2024-07-31T13:00:00,656.9
2024-07-31T14:00:00,534.53
2024-07-31T15:00:00,340.77
2024-07-31T16:00:00,178.43
2024-07-31T17:00:00,28.23
2024-07-31T18:00:00,0.0
2024-07-31T19:00:00,0.0
2024-07-31T20:00:00,0.0
2024-07-31T21:00:00,0.0
2024-07-31T22:00:00,0.0
2024-07-31T23:00:00,0.0
2024-08-01T00:00:00,0.0
2024-08-01T01:00:00,0.0
2024-08-01T02:00:00,0.0
2024-08-01T03:00:00,0.0
2024-08-01T04:00:00,0.0
2024-08-01T05:00:00,0.0
2024-08-01T06:00:00,5.0
2024-08-01T07:00:00,103.2
2024-08-01T08:00:00,239.38
2024-08-01T09:00:00,351.88
2024-08-01T10:00:00,466.52
2024-08-01T11:00:00,539.38
2024-08-01T12:00:00,492.85
2024-08-01T13:00:00,539.97
2024-08-01T14:00:00,402.02
2024-08-01T15:00:00,295.27
2024-08-01T16:00:00,152.25
2024-08-01T17:00:00,25.67
2024-08-01T18:00:00,0.0
2024-08-01T19:00:00,0.0
2024-08-01T20:00:00,0.0
2024-08-01T21:00:00,0.0
2024-08-01T22:00:00,0.0
2024-08-01T23:00:00,0.0
2024-08-02T00:00:00,0.0
2024-08-02T01:00:00,0.0
2024-08-02T02:00:00,0.0
2024-08-02T03:00:00,0.0
2024-08-02T04:00:00,0.0
2024-08-02T05:00:00,0.0
2024-08-02T06:00:00,5.53
2024-08-02T07:00:00,113.93
2024-08-02T08:00:00,286.73
2024-08-02T09:00:00,453.65
2024-08-02T10:00:00,611.92
2024-08-02T11:00:00,665.7
2024-08-02T12:00:00,593.58
2024-08-02T13:00:00,535.1
2024-08-02T14:00:00,509.25
2024-08-02T15:00:00,337.52
2024-08-02T16:00:00,184.05
2024-08-02T17:00:00,32.78
2024-08-02T18:00:00,0.0
2024-08-02T19:00:00,0.0
2024-08-02T20:00:00,0.0
2024-08-02T21:00:00,0.0
2024-08-02T22:00:00,0.0
2024-08-02T23:00:00,0.0
2024-08-03T00:00:00,0.0
2024-08-03T01:00:00,0.0
2024-08-03T02:00:00,0.0
2024-08-03T03:00:00,0.0
2024-08-03T04:00:00,0.0
2024-08-03T05:00:00,0.0
2024-08-03T06:00:00,6.4
2024-08-03T07:00:00,138.8
2024-08-03T08:00:00,345.98
2024-08-03T09:00:00,537.67
2024-08-03T10:00:00,665.75
2024-08-03T11:00:00,750.45
2024-08-03T12:00:00,760.38
2024-08-03T13:00:00,714.47
2024-08-03T14:00:00,580.33
2024-08-03T15:00:00,413.85
2024-08-03T16:00:00,221.95
2024-08-03T17:00:00,33.33
2024-08-03T18:00:00,0.0
2024-08-03T19:00:00,0.0
2024-08-03T20:00:00,0.0
2024-08-03T21:00:00,0.0
2024-08-03T22:00:00,0.0
2024-08-03T23:00:00,0.0
2024-08-04T00:00:00,0.0
2024-08-04T01:00:00,0.0
2024-08-04T02:00:00,0.0
2024-08-04T03:00:00,0.0
2024-08-04T04:00:00,0.0
2024-08-04T05:00:00,0.0
2024-08-04T06:00:00,5.6
2024-08-04T07:00:00,95.15
2024-08-04T08:00:00,211.62
2024-08-04T09:00:00,321.33
2024-08-04T10:00:00,475.42
2024-08-04T11:00:00,532.83
2024-08-04T12:00:00,371.17
2024-08-04T13:00:00,369.25
2024-08-04T14:00:00,307.02
2024-08-04T15:00:00,196.18
2024-08-04T16:00:00,92.32
2024-08-04T17:00:00,13.48
2024-08-04T18:00:00,0.0
2024-08-04T19:00:00,0.0
2024-08-04T20:00:00,0.0
2024-08-04T21:00:00,0.0
2024-08-04T22:00:00,0.0
2024-08-04T23:00:00,0.0
2024-08-05T00:00:00,0.0
2024-08-05T01:00:00,0.0
2024-08-05T02:00:00,0.0
2024-08-05T03:00:00,0.0
2024-08-05T04:00:00,0.0
2024-08-05T05:00:00,0.0
2024-08-05T06:00:00,5.53
2024-08-05T07:00:00,81.6
2024-08-05T08:00:00,171.95
2024-08-05T09:00:00,269.52
2024-08-05T10:00:00,431.42
2024-08-05T11:00:00,575.62
2024-08-05T12:00:00,637.4
2024-08-05T13:00:00,617.38
2024-08-05T14:00:00,400.7
2024-08-05T15:00:00,293.83
2024-08-05T16:00:00,168.1
2024-08-05T17:00:00,36.3
2024-08-05T18:00:00,0.0
2024-08-05T19:00:00,0.0
2024-08-05T20:00:00,0.0
2024-08-05T21:00:00,0.0
2024-08-05T22:00:00,0.0
2024-08-05T23:00:00,0.0
2024-08-06T00:00:00,0.0
2024-08-06T01:00:00,0.0
2024-08-06T02:00:00,0.0
2024-08-06T03:00:00,0.0
2024-08-06T04:00:00,0.0
2024-08-06T05:00:00,0.0
2024-08-06T06:00:00,5.45
2024-08-06T07:00:00,99.47
2024-08-06T08:00:00,237.18
2024-08-06T09:00:00,440.27
2024-08-06T10:00:00,559.65
2024-08-06T11:00:00,719.97
2024-08-06T12:00:00,708.7
2024-08-06T13:00:00,650.75
2024-08-06T14:00:00,537.1
2024-08-06T15:00:00,313.0
2024-08-06T16:00:00,169.8
2024-08-06T17:00:00,29.55
2024-08-06T18:00:00,0.0
2024-08-06T19:00:00,0.0
2024-08-06T20:00:00,0.0
2024-08-06T21:00:00,0.0
2024-08-06T22:00:00,0.0
2024-08-06T23:00:00,0.0
2024-08-07T00:00:00,0.0
2024-08-07T01:00:00,0.0
2024-08-07T02:00:00,0.0
2024-08-07T03:00:00,0.0
2024-08-07T04:00:00,0.0
2024-08-07T05:00:00,0.0
2024-08-07T06:00:00,6.18
2024-08-07T07:00:00,94.85
2024-08-07T08:00:00,217.93
2024-08-07T09:00:00,404.85
2024-08-07T10:00:00,528.67
2024-08-07T11:00:00,578.17
2024-08-07T12:00:00,573.47
2024-08-07T13:00:00,542.97
2024-08-07T14:00:00,427.42
2024-08-07T15:00:00,300.35
2024-08-07T16:00:00,152.52
2024-08-07T17:00:00,25.42
2024-08-07T18:00:00,0.0
2024-08-07T19:00:00,0.0
2024-08-07T20:00:00,0.0
2024-08-07T21:00:00,0.0
2024-08-07T22:00:00,0.0
2024-08-07T23:00:00,0.0
2024-08-08T00:00:00,0.0
2024-08-08T01:00:00,0.0
2024-08-08T02:00:00,0.0
2024-08-08T03:00:00,0.0
2024-08-08T04:00:00,0.0
2024-08-08T05:00:00,0.0
2024-08-08T06:00:00,6.8
2024-08-08T07:00:00,118.85
2024-08-08T08:00:00,293.3
2024-08-08T09:00:00,501.88
2024-08-08T10:00:00,639.45
2024-08-08T11:00:00,728.85
2024-08-08T12:00:00,739.83
2024-08-08T13:00:00,646.38
2024-08-08T14:00:00,560.08
2024-08-08T15:00:00,395.02
2024-08-08T16:00:00,211.32
2024-08-08T17:00:00,33.53
2024-08-08T18:00:00,0.0
2024-08-08T19:00:00,0.0
2024-08-08T20:00:00,0.0
2024-08-08T21:00:00,0.0
2024-08-08T22:00:00,0.0
2024-08-08T23:00:00,0.0
2024-08-09T00:00:00,0.0
2024-08-09T01:00:00,0.0
2024-08-09T02:00:00,0.0
2024-08-09T03:00:00,0.0
2024-08-09T04:00:00,0.0
2024-08-09T05:00:00,0.0
2024-08-09T06:00:00,4.57
2024-08-09T07:00:00,88.0
2024-08-09T08:00:00,193.98
2024-08-09T09:00:00,326.92
2024-08-09T10:00:00,399.3
2024-08-09T11:00:00,658.08
2024-08-09T12:00:00,687.38
2024-08-09T13:00:00,691.53
2024-08-09T14:00:00,606.47
2024-08-09T15:00:00,432.1
2024-08-09T16:00:00,211.35
2024-08-09T17:00:00,35.35
2024-08-09T18:00:00,0.0
2024-08-09T19:00:00,0.0
2024-08-09T20:00:00,0.0
2024-08-09T21:00:00,0.0
2024-08-09T22:00:00,0.0
2024-08-09T23:00:00,0.0
2024-08-10T00:00:00,0.0
2024-08-10T01:00:00,0.0
2024-08-10T02:00:00,0.0
2024-08-10T03:00:00,0.0
2024-08-10T04:00:00,0.0
2024-08-10T05:00:00,0.0
2024-08-10T06:00:00,7.35
2024-08-10T07:00:00,103.2
2024-08-10T08:00:00,281.62
2024-08-10T09:00:00,454.55
2024-08-10T10:00:00,588.83
2024-08-10T11:00:00,644.72
2024-08-10T12:00:00,671.8
2024-08-10T13:00:00,687.58
2024-08-10T14:00:00,479.88
2024-08-10T15:00:00,328.88
2024-08-10T16:00:00,158.75
2024-08-10T17:00:00,27.52
2024-08-10T18:00:00,0.0
2024-08-10T19:00:00,0.0
2024-08-10T20:00:00,0.0
2024-08-10T21:00:00,0.0
2024-08-10T22:00:00,0.0
2024-08-10T23:00:00,0.0
2024-08-11T00:00:00,0.0
2024-08-11T01:00:00,0.0
2024-08-11T02:00:00,0.0
2024-08-11T03:00:00,0.0
2024-08-11T04:00:00,0.0
2024-08-11T05:00:00,0.0
2024-08-11T06:00:00,9.35
2024-08-11T07:00:00,148.48
2024-08-11T08:00:00,349.3
2024-08-11T09:00:00,533.58
2024-08-11T10:00:00,694.12
2024-08-11T11:00:00,752.1
2024-08-11T12:00:00,788.2
2024-08-11T13:00:00,699.3
2024-08-11T14:00:00,518.33
2024-08-11T15:00:00,406.52
2024-08-11T16:00:00,206.12
2024-08-11T17:00:00,33.28
2024-08-11T18:00:00,0.0
2024-08-11T19:00:00,0.0
2024-08-11T20:00:00,0.0
2024-08-11T21:00:00,0.0
2024-08-11T22:00:00,0.0
2024-08-11T23:00:00,0.0
2024-08-12T00:00:00,0.0
2024-08-12T01:00:00,0.0
2024-08-12T02:00:00,0.0
2024-08-12T03:00:00,0.0
2024-08-12T04:00:00,0.0
2024-08-12T05:00:00,0.0
2024-08-12T06:00:00,9.98
2024-08-12T07:00:00,149.93
2024-08-12T08:00:00,334.9
2024-08-12T09:00:00,490.17
2024-08-12T10:00:00,576.53
2024-08-12T11:00:00,709.5
2024-08-12T12:00:00,672.7
2024-08-12T13:00:00,593.1
2024-08-12T14:00:00,497.77
2024-08-12T15:00:00,354.85
2024-08-12T16:00:00,188.52
2024-08-12T17:00:00,38.28
2024-08-12T18:00:00,0.0
2024-08-12T19:00:00,0.0
2024-08-12T20:00:00,0.0
2024-08-12T21:00:00,0.0
2024-08-12T22:00:00,0.0
2024-08-12T23:00:00,0.0
2024-08-13T00:00:00,0.0
2024-08-13T01:00:00,0.0
2024-08-13T02:00:00,0.0
2024-08-13T03:00:00,0.0
2024-08-13T04:00:00,0.0
2024-08-13T05:00:00,0.0
2024-08-13T06:00:00,5.25
2024-08-13T07:00:00,82.8
2024-08-13T08:00:00,171.25
2024-08-13T09:00:00,274.9
2024-08-13T10:00:00,398.77
2024-08-13T11:00:00,411.92
2024-08-13T12:00:00,487.75
2024-08-13T13:00:00,523.25
2024-08-13T14:00:00,413.42
2024-08-13T15:00:00,288.98
2024-08-13T16:00:00,148.27
2024-08-13T17:00:00,21.5
2024-08-13T18:00:00,0.0
2024-08-13T19:00:00,0.0
2024-08-13T20:00:00,0.0
2024-08-13T21:00:00,0.0
2024-08-13T22:00:00,0.0
2024-08-13T23:00:00,0.0
2024-08-14T00:00:00,0.0
2024-08-14T01:00:00,0.0
2024-08-14T02:00:00,0.0
2024-08-14T03:00:00,0.0
2024-08-14T04:00:00,0.0
2024-08-14T05:00:00,0.0
2024-08-14T06:00:00,8.55
2024-08-14T07:00:00,103.12
2024-08-14T08:00:00,254.12
2024-08-14T09:00:00,400.7
2024-08-14T10:00:00,523.1
2024-08-14T11:00:00,570.95
2024-08-14T12:00:00,580.0
2024-08-14T13:00:00,653.65
2024-08-14T14:00:00,521.58
2024-08-14T15:00:00,368.65
2024-08-14T16:00:00,184.43
2024-08-14T17:00:00,28.12
2024-08-14T18:00:00,0.0
2024-08-14T19:00:00,0.0
2024-08-14T20:00:00,0.0
2024-08-14T21:00:00,0.0
2024-08-14T22:00:00,0.0
2024-08-14T23:00:00,0.0
2024-08-15T00:00:00,0.0
2024-08-15T01:00:00,0.0
2024-08-15T02:00:00,0.0
2024-08-15T03:00:00,0.0
2024-08-15T04:00:00,0.0
2024-08-15T05:00:00,0.0
2024-08-15T06:00:00,8.85
2024-08-15T07:00:00,97.45
2024-08-15T08:00:00,238.73
2024-08-15T09:00:00,401.35
2024-08-15T10:00:00,458.3
2024-08-15T11:00:00,539.4
2024-08-15T12:00:00,552.35
2024-08-15T13:00:00,509.15
2024-08-15T14:00:00,423.92
2024-08-15T15:00:00,276.83
2024-08-15T16:00:00,141.45
2024-08-15T17:00:00,24.25
2024-08-15T18:00:00,0.0
2024-08-15T19:00:00,0.0
2024-08-15T20:00:00,0.0
2024-08-15T21:00:00,0.0
2024-08-15T22:00:00,0.0
2024-08-15T23:00:00,0.0
2024-08-16T00:00:00,0.0
2024-08-16T01:00:00,0.0
2024-08-16T02:00:00,0.0
2024-08-16T03:00:00,0.0
2024-08-16T04:00:00,0.0
2024-08-16T05:00:00,0.0
2024-08-16T06:00:00,9.43
2024-08-16T07:00:00,111.12
2024-08-16T08:00:00,246.55
2024-08-16T09:00:00,445.48
2024-08-16T10:00:00,579.12
2024-08-16T11:00:00,567.97
2024-08-16T12:00:00,686.83
2024-08-16T13:00:00,591.25
2024-08-16T14:00:00,483.1
2024-08-16T15:00:00,345.25
2024-08-16T16:00:00,186.07
2024-08-16T17:00:00,39.2
2024-08-16T18:00:00,0.0
2024-08-16T19:00:00,0.0
2024-08-16T20:00:00,0.0
2024-08-16T21:00:00,0.0
2024-08-16T22:00:00,0.0
2024-08-16T23:00:00,0.0
2024-08-17T00:00:00,0.0
2024-08-17T01:00:00,0.0
2024-08-17T02:00:00,0.0
2024-08-17T03:00:00,0.0
2024-08-17T04:00:00,0.0
2024-08-17T05:00:00,0.0
2024-08-17T06:00:00,12.95
2024-08-17T07:00:00,170.52
2024-08-17T08:00:00,373.58
2024-08-17T09:00:00,556.72
2024-08-17T10:00:00,674.47
2024-08-17T11:00:00,742.9
2024-08-17T12:00:00,741.72
2024-08-17T13:00:00,663.35
2024-08-17T14:00:00,508.17
2024-08-17T15:00:00,404.33
2024-08-17T16:00:00,209.15
2024-08-17T17:00:00,39.62
2024-08-17T18:00:00,0.0
2024-08-17T19:00:00,0.0
2024-08-17T20:00:00,0.0
2024-08-17T21:00:00,0.0
2024-08-17T22:00:00,0.0
2024-08-17T23:00:00,0.0
2024-08-18T00:00:00,0.0
2024-08-18T01:00:00,0.0
2024-08-18T02:00:00,0.0
2024-08-18T03:00:00,0.0
2024-08-18T04:00:00,0.0
2024-08-18T05:00:00,0.0
2024-08-18T06:00:00,14.12
2024-08-18T07:00:00,179.43
2024-08-18T08:00:00,386.88
2024-08-18T09:00:00,571.4
2024-08-18T10:00:00,703.12
2024-08-18T11:00:00,801.42
2024-08-18T12:00:00,792.08
2024-08-18T13:00:00,726.95
2024-08-18T14:00:00,631.9
2024-08-18T15:00:00,465.6
2024-08-18T16:00:00,252.05
2024-08-18T17:00:00,47.2
2024-08-18T18:00:00,0.0
2024-08-18T19:00:00,0.0
2024-08-18T20:00:00,0.0
2024-08-18T21:00:00,0.0
2024-08-18T22:00:00,0.0
2024-08-18T23:00:00,0.0
2024-08-19T00:00:00,0.0
2024-08-19T01:00:00,0.0
2024-08-19T02:00:00,0.0
2024-08-19T03:00:00,0.0
2024-08-19T04:00:00,0.0
2024-08-19T05:00:00,0.0
2024-08-19T06:00:00,14.85
2024-08-19T07:00:00,187.05
2024-08-19T08:00:00,399.8
2024-08-19T09:00:00,590.88
2024-08-19T10:00:00,737.05
2024-08-19T11:00:00,808.97
2024-08-19T12:00:00,809.28
2024-08-19T13:00:00,753.15
2024-08-19T14:00:00,618.8
2024-08-19T15:00:00,434.02
2024-08-19T16:00:00,235.6
2024-08-19T17:00:00,44.78
2024-08-19T18:00:00,0.0
2024-08-19T19:00:00,0.0
2024-08-19T20:00:00,0.0
2024-08-19T21:00:00,0.0
2024-08-19T22:00:00,0.0
2024-08-19T23:00:00,0.0
2024-08-20T00:00:00,0.0
2024-08-20T01:00:00,0.0
2024-08-20T02:00:00,0.0
2024-08-20T03:00:00,0.0
2024-08-20T04:00:00,0.0
2024-08-20T05:00:00,0.0
2024-08-20T06:00:00,15.12
2024-08-20T07:00:00,189.05
2024-08-20T08:00:00,406.27
2024-08-20T09:00:00,596.17
2024-08-20T10:00:00,738.17
2024-08-20T11:00:00,810.1
2024-08-20T12:00:00,775.15
2024-08-20T13:00:00,721.55
2024-08-20T14:00:00,644.38
2024-08-20T15:00:00,465.23
2024-08-20T16:00:00,242.62
2024-08-20T17:00:00,44.1
2024-08-20T18:00:00,0.0
2024-08-20T19:00:00,0.0
2024-08-20T20:00:00,0.0
2024-08-20T21:00:00,0.0
2024-08-20T22:00:00,0.0
2024-08-20T23:00:00,0.0
2024-08-21T00:00:00,0.0
2024-08-21T01:00:00,0.0
2024-08-21T02:00:00,0.0
2024-08-21T03:00:00,0.0
2024-08-21T04:00:00,0.0
2024-08-21T05:00:00,0.0
2024-08-21T06:00:00,14.57
2024-08-21T07:00:00,150.55
2024-08-21T08:00:00,313.58
2024-08-21T09:00:00,467.67
2024-08-21T10:00:00,599.28
2024-08-21T11:00:00,674.92
2024-08-21T12:00:00,727.92
2024-08-21T13:00:00,693.12
2024-08-21T14:00:00,534.17
2024-08-21T15:00:00,352.27
2024-08-21T16:00:00,188.77
2024-08-21T17:00:00,37.12
2024-08-21T18:00:00,0.0
2024-08-21T19:00:00,0.0
2024-08-21T20:00:00,0.0
2024-08-21T21:00:00,0.0
2024-08-21T22:00:00,0.0
2024-08-21T23:00:00,0.0
2024-08-22T00:00:00,0.0
2024-08-22T01:00:00,0.0
2024-08-22T02:00:00,0.0
2024-08-22T03:00:00,0.0
2024-08-22T04:00:00,0.0
2024-08-22T05:00:00,0.0
2024-08-22T06:00:00,13.57
2024-08-22T07:00:00,132.32
2024-08-22T08:00:00,272.9
2024-08-22T09:00:00,459.65
2024-08-22T10:00:00,589.92
2024-08-22T11:00:00,629.85
2024-08-22T12:00:00,640.28
2024-08-22T13:00:00,554.8
2024-08-22T14:00:00,420.67
2024-08-22T15:00:00,312.35
2024-08-22T16:00:00,153.2
2024-08-22T17:00:00,27.75
2024-08-22T18:00:00,0.0
2024-08-22T19:00:00,0.0
2024-08-22T20:00:00,0.0
2024-08-22T21:00:00,0.0
2024-08-22T22:00:00,0.0
2024-08-22T23:00:00,0.0
2024-08-23T00:00:00,0.0
2024-08-23T01:00:00,0.0
2024-08-23T02:00:00,0.0
2024-08-23T03:00:00,0.0
2024-08-23T04:00:00,0.0
2024-08-23T05:00:00,0.0
2024-08-23T06:00:00,14.0
2024-08-23T07:00:00,147.73
2024-08-23T08:00:00,313.1
2024-08-23T09:00:00,544.15
2024-08-23T10:00:00,649.62
2024-08-23T11:00:00,764.72
2024-08-23T12:00:00,733.03
2024-08-23T13:00:00,691.17
2024-08-23T14:00:00,556.28
2024-08-23T15:00:00,400.85
2024-08-23T16:00:00,215.07
2024-08-23T17:00:00,45.55
2024-08-23T18:00:00,0.0
2024-08-23T19:00:00,0.0
2024-08-23T20:00:00,0.0
2024-08-23T21:00:00,0.0
2024-08-23T22:00:00,0.0
2024-08-23T23:00:00,0.0
2024-08-24T00:00:00,0.0
2024-08-24T01:00:00,0.0
2024-08-24T02:00:00,0.0
2024-08-24T03:00:00,0.0
2024-08-24T04:00:00,0.0
2024-08-24T05:00:00,0.0
2024-08-24T06:00:00,15.8
2024-08-24T07:00:00,161.23
2024-08-24T08:00:00,351.95
2024-08-24T09:00:00,524.62
2024-08-24T10:00:00,653.92
2024-08-24T11:00:00,721.62
2024-08-24T12:00:00,755.08
2024-08-24T13:00:00,637.28
2024-08-24T14:00:00,532.38
2024-08-24T15:00:00,382.0
2024-08-24T16:00:00,185.18
2024-08-24T17:00:00,37.85
2024-08-24T18:00:00,0.0
2024-08-24T19:00:00,0.0
2024-08-24T20:00:00,0.0
2024-08-24T21:00:00,0.0
2024-08-24T22:00:00,0.0
2024-08-24T23:00:00,0.0
2024-08-25T00:00:00,0.0
2024-08-25T01:00:00,0.0
2024-08-25T02:00:00,0.0
2024-08-25T03:00:00,0.0
2024-08-25T04:00:00,0.0
2024-08-25T05:00:00,0.0
2024-08-25T06:00:00,11.12
2024-08-25T07:00:00,88.28
2024-08-25T08:00:00,190.27
2024-08-25T09:00:00,352.48
2024-08-25T10:00:00,274.48
2024-08-25T11:00:00,406.02
2024-08-25T12:00:00,204.98
2024-08-25T13:00:00,225.6
2024-08-25T14:00:00,99.05
2024-08-25T15:00:00,52.22
2024-08-25T16:00:00,28.5
2024-08-25T17:00:00,5.62
2024-08-25T18:00:00,0.0
2024-08-25T19:00:00,0.0
2024-08-25T20:00:00,0.0
2024-08-25T21:00:00,0.0
2024-08-25T22:00:00,0.0
2024-08-25T23:00:00,0.0
2024-08-26T00:00:00,0.0
2024-08-26T01:00:00,0.0
2024-08-26T02:00:00,0.0
2024-08-26T03:00:00,0.0
2024-08-26T04:00:00,0.0
2024-08-26T05:00:00,0.0
2024-08-26T06:00:00,10.9
2024-08-26T07:00:00,110.25
2024-08-26T08:00:00,253.45
2024-08-26T09:00:00,419.98
2024-08-26T10:00:00,555.5
2024-08-26T11:00:00,698.88
2024-08-26T12:00:00,735.92
2024-08-26T13:00:00,709.5
2024-08-26T14:00:00,623.95
2024-08-26T15:00:00,425.2
2024-08-26T16:00:00,241.0
2024-08-26T17:00:00,52.3
2024-08-26T18:00:00,0.0
2024-08-26T19:00:00,0.0
2024-08-26T20:00:00,0.0
2024-08-26T21:00:00,0.0
2024-08-26T22:00:00,0.0
2024-08-26T23:00:00,0.0
2024-08-27T00:00:00,0.0
2024-08-27T01:00:00,0.0
2024-08-27T02:00:00,0.0
2024-08-27T03:00:00,0.0
2024-08-27T04:00:00,0.0
2024-08-27T05:00:00,0.0
2024-08-27T06:00:00,23.77
2024-08-27T07:00:00,201.7
2024-08-27T08:00:00,389.08
2024-08-27T09:00:00,609.33
2024-08-27T10:00:00,742.65
2024-08-27T11:00:00,826.33
2024-08-27T12:00:00,792.78
2024-08-27T13:00:00,779.3
2024-08-27T14:00:00,608.67
2024-08-27T15:00:00,475.75
2024-08-27T16:00:00,261.88
2024-08-27T17:00:00,55.53
2024-08-27T18:00:00,0.0
2024-08-27T19:00:00,0.0
2024-08-27T20:00:00,0.0
2024-08-27T21:00:00,0.0
2024-08-27T22:00:00,0.0
2024-08-27T23:00:00,0.0
2024-08-28T00:00:00,0.0
2024-08-28T01:00:00,0.0
2024-08-28T02:00:00,0.0
2024-08-28T03:00:00,0.0
2024-08-28T04:00:00,0.0
2024-08-28T05:00:00,0.0
2024-08-28T06:00:00,23.12
2024-08-28T07:00:00,198.9
2024-08-28T08:00:00,396.33
2024-08-28T09:00:00,610.72
2024-08-28T10:00:00,766.35
2024-08-28T11:00:00,846.7
2024-08-28T12:00:00,837.38
2024-08-28T13:00:00,779.7
2024-08-28T14:00:00,573.0
2024-08-28T15:00:00,464.15
2024-08-28T16:00:00,223.02
2024-08-28T17:00:00,46.53
2024-08-28T18:00:00,0.0
2024-08-28T19:00:00,0.0
2024-08-28T20:00:00,0.0
2024-08-28T21:00:00,0.0
2024-08-28T22:00:00,0.0
2024-08-28T23:00:00,0.0
2024-08-29T00:00:00,0.0
2024-08-29T01:00:00,0.0
2024-08-29T02:00:00,0.0
2024-08-29T03:00:00,0.0
2024-08-29T04:00:00,0.0
2024-08-29T05:00:00,0.0
2024-08-29T06:00:00,18.0
2024-08-29T07:00:00,142.0
2024-08-29T08:00:00,273.3
2024-08-29T09:00:00,493.77
2024-08-29T10:00:00,657.35
2024-08-29T11:00:00,766.17
2024-08-29T12:00:00,811.05
2024-08-29T13:00:00,715.9
2024-08-29T14:00:00,635.12
2024-08-29T15:00:00,448.1
2024-08-29T16:00:00,246.57
2024-08-29T17:00:00,52.4
2024-08-29T18:00:00,0.0
2024-08-29T19:00:00,0.0
2024-08-29T20:00:00,0.0
2024-08-29T21:00:00,0.0
2024-08-29T22:00:00,0.0
2024-08-29T23:00:00,0.0
2024-08-30T00:00:00,0.0
2024-08-30T01:00:00,0.0
2024-08-30T02:00:00,0.0
2024-08-30T03:00:00,0.0
2024-08-30T04:00:00,0.0
2024-08-30T05:00:00,0.0
2024-08-30T06:00:00,27.8
2024-08-30T07:00:00,222.5
2024-08-30T08:00:00,442.1
2024-08-30T09:00:00,622.28
2024-08-30T10:00:00,717.78
2024-08-30T11:00:00,795.42
2024-08-30T12:00:00,786.83
2024-08-30T13:00:00,746.45
2024-08-30T14:00:00,642.62
2024-08-30T15:00:00,453.88
2024-08-30T16:00:00,250.55
2024-08-30T17:00:00,52.7
2024-08-30T18:00:00,0.0
2024-08-30T19:00:00,0.0
2024-08-30T20:00:00,0.0
2024-08-30T21:00:00,0.0
2024-08-30T22:00:00,0.0
2024-08-30T23:00:00,0.0
2024-08-31T00:00:00,0.0
2024-08-31T01:00:00,0.0
2024-08-31T02:00:00,0.0
2024-08-31T03:00:00,0.0
2024-08-31T04:00:00,0.0
2024-08-31T05:00:00,0.0
2024-08-31T06:00:00,23.6
2024-08-31T07:00:00,161.93
2024-08-31T08:00:00,293.23
2024-08-31T09:00:00,429.67
2024-08-31T10:00:00,668.6
2024-08-31T11:00:00,700.75
2024-08-31T12:00:00,659.83
2024-08-31T13:00:00,734.15
2024-08-31T14:00:00,614.47
2024-08-31T15:00:00,452.38
2024-08-31T16:00:00,249.0
2024-08-31T17:00:00,51.7
2024-08-31T18:00:00,0.0
2024-08-31T19:00:00,0.0
2024-08-31T20:00:00,0.0
2024-08-31T21:00:00,0.0
2024-08-31T22:00:00,0.0
2024-08-31T23:00:00,0.0
2024-09-01T00:00:00,0.0
2024-09-01T01:00:00,0.0
2024-09-01T02:00:00,0.0
2024-09-01T03:00:00,0.0
2024-09-01T04:00:00,0.0
2024-09-01T05:00:00,0.0
2024-09-01T06:00:00,26.9
2024-09-01T07:00:00,199.95
2024-09-01T08:00:00,411.45
2024-09-01T09:00:00,590.4
2024-09-01T10:00:00,714.97
2024-09-01T11:00:00,788.78
2024-09-01T12:00:00,847.2
2024-09-01T13:00:00,729.53
2024-09-01T14:00:00,614.2
2024-09-01T15:00:00,473.45
2024-09-01T16:00:00,265.27
2024-09-01T17:00:00,58.33
2024-09-01T18:00:00,0.0
2024-09-01T19:00:00,0.0
2024-09-01T20:00:00,0.0
2024-09-01T21:00:00,0.0
2024-09-01T22:00:00,0.0
2024-09-01T23:00:00,0.0
2024-09-02T00:00:00,0.0
2024-09-02T01:00:00,0.0
2024-09-02T02:00:00,0.0
2024-09-02T03:00:00,0.0
2024-09-02T04:00:00,0.0
2024-09-02T05:00:00,0.0
2024-09-02T06:00:00,32.65
2024-09-02T07:00:00,231.68
2024-09-02T08:00:00,450.0
2024-09-02T09:00:00,649.45
2024-09-02T10:00:00,795.75
2024-09-02T11:00:00,876.88
2024-09-02T12:00:00,876.95
2024-09-02T13:00:00,808.38
2024-09-02T14:00:00,678.62
2024-09-02T15:00:00,484.48
2024-09-02T16:00:00,271.25
2024-09-02T17:00:00,59.33
2024-09-02T18:00:00,0.0
2024-09-02T19:00:00,0.0
2024-09-02T20:00:00,0.0
2024-09-02T21:00:00,0.0
2024-09-02T22:00:00,0.0
2024-09-02T23:00:00,0.0
2024-09-03T00:00:00,0.0
2024-09-03T01:00:00,0.0
2024-09-03T02:00:00,0.0
2024-09-03T03:00:00,0.0
2024-09-03T04:00:00,0.0
2024-09-03T05:00:00,0.0
2024-09-03T06:00:00,34.8
2024-09-03T07:00:00,240.68
2024-09-03T08:00:00,465.0
2024-09-03T09:00:00,674.17
2024-09-03T10:00:00,828.2
2024-09-03T11:00:00,904.62
2024-09-03T12:00:00,903.95
2024-09-03T13:00:00,794.17
2024-09-03T14:00:00,704.95
2024-09-03T15:00:00,513.65
2024-09-03T16:00:00,283.83
2024-09-03T17:00:00,62.15
2024-09-03T18:00:00,0.0
2024-09-03T19:00:00,0.0
2024-09-03T20:00:00,0.0
2024-09-03T21:00:00,0.0
2024-09-03T22:00:00,0.0
2024-09-03T23:00:00,0.0
2024-09-04T00:00:00,0.0
2024-09-04T01:00:00,0.0
2024-09-04T02:00:00,0.0
2024-09-04T03:00:00,0.0
2024-09-04T04:00:00,0.0
2024-09-04T05:00:00,0.0
2024-09-04T06:00:00,34.53
2024-09-04T07:00:00,231.48
2024-09-04T08:00:00,448.58
2024-09-04T09:00:00,657.5
2024-09-04T10:00:00,797.47
2024-09-04T11:00:00,875.42
2024-09-04T12:00:00,871.92
2024-09-04T13:00:00,753.38
2024-09-04T14:00:00,645.22
2024-09-04T15:00:00,490.6
2024-09-04T16:00:00,275.27
2024-09-04T17:00:00,60.22
2024-09-04T18:00:00,0.0
2024-09-04T19:00:00,0.0
2024-09-04T20:00:00,0.0
2024-09-04T21:00:00,0.0
2024-09-04T22:00:00,0.0
2024-09-04T23:00:00,0.0
2024-09-05T00:00:00,0.0
2024-09-05T01:00:00,0.0
2024-09-05T02:00:00,0.0
2024-09-05T03:00:00,0.0
2024-09-05T04:00:00,0.0
2024-09-05T05:00:00,0.0
2024-09-05T06:00:00,31.95
2024-09-05T07:00:00,223.93
2024-09-05T08:00:00,454.62
2024-09-05T09:00:00,629.72
2024-09-05T10:00:00,746.12
2024-09-05T11:00:00,813.17
2024-09-05T12:00:00,786.75
2024-09-05T13:00:00,718.28
2024-09-05T14:00:00,600.55
2024-09-05T15:00:00,454.52
2024-09-05T16:00:00,245.65
2024-09-05T17:00:00,53.28
2024-09-05T18:00:00,0.0
2024-09-05T19:00:00,0.0
2024-09-05T20:00:00,0.0
2024-09-05T21:00:00,0.0
2024-09-05T22:00:00,0.0
2024-09-05T23:00:00,0.0
2024-09-06T00:00:00,0.0
2024-09-06T01:00:00,0.0
2024-09-06T02:00:00,0.0
2024-09-06T03:00:00,0.0
2024-09-06T04:00:00,0.0
2024-09-06T05:00:00,0.0
2024-09-06T06:00:00,9.0
2024-09-06T07:00:00,76.05
2024-09-06T08:00:00,189.8
2024-09-06T09:00:00,358.2
2024-09-06T10:00:00,383.67
2024-09-06T11:00:00,586.5
2024-09-06T12:00:00,475.0
2024-09-06T13:00:00,355.08
2024-09-06T14:00:00,296.83
2024-09-06T15:00:00,176.5
2024-09-06T16:00:00,89.65
2024-09-06T17:00:00,17.77
2024-09-06T18:00:00,0.0
2024-09-06T19:00:00,0.0
2024-09-06T20:00:00,0.0
2024-09-06T21:00:00,0.0
2024-09-06T22:00:00,0.0
2024-09-06T23:00:00,0.0
2024-09-07T00:00:00,0.0
2024-09-07T01:00:00,0.0
2024-09-07T02:00:00,0.0
2024-09-07T03:00:00,0.0
2024-09-07T04:00:00,0.0
2024-09-07T05:00:00,0.0
2024-09-07T06:00:00,17.1
2024-09-07T07:00:00,125.05
2024-09-07T08:00:00,273.0
2024-09-07T09:00:00,382.17
2024-09-07T10:00:00,570.97
2024-09-07T11:00:00,704.7
2024-09-07T12:00:00,721.1
2024-09-07T13:00:00,659.75
2024-09-07T14:00:00,547.15
2024-09-07T15:00:00,324.95
2024-09-07T16:00:00,171.48
2024-09-07T17:00:00,41.17
2024-09-07T18:00:00,0.0
2024-09-07T19:00:00,0.0
2024-09-07T20:00:00,0.0
2024-09-07T21:00:00,0.0
2024-09-07T22:00:00,0.0
2024-09-07T23:00:00,0.0
2024-09-08T00:00:00,0.0
2024-09-08T01:00:00,0.0
2024-09-08T02:00:00,0.0
2024-09-08T03:00:00,0.0
2024-09-08T04:00:00,0.0
2024-09-08T05:00:00,0.0
2024-09-08T06:00:00,27.73
2024-09-08T07:00:00,161.93
2024-09-08T08:00:00,338.52
2024-09-08T09:00:00,565.45
2024-09-08T10:00:00,718.85
2024-09-08T11:00:00,674.5
2024-09-08T12:00:00,674.0
2024-09-08T13:00:00,646.65
2024-09-08T14:00:00,519.15
2024-09-08T15:00:00,343.38
2024-09-08T16:00:00,194.07
2024-09-08T17:00:00,39.3
2024-09-08T18:00:00,0.0
2024-09-08T19:00:00,0.0
2024-09-08T20:00:00,0.0
2024-09-08T21:00:00,0.0
2024-09-08T22:00:00,0.0
2024-09-08T23:00:00,0.0
2024-09-09T00:00:00,0.0
2024-09-09T01:00:00,0.0
2024-09-09T02:00:00,0.0
2024-09-09T03:00:00,0.0
2024-09-09T04:00:00,0.0
2024-09-09T05:00:00,0.0
2024-09-09T06:00:00,30.3
2024-09-09T07:00:00,159.15
2024-09-09T08:00:00,342.9
2024-09-09T09:00:00,533.42
2024-09-09T10:00:00,651.33
2024-09-09T11:00:00,777.35
2024-09-09T12:00:00,810.0
2024-09-09T13:00:00,712.83
2024-09-09T14:00:00,604.5
2024-09-09T15:00:00,468.0
2024-09-09T16:00:00,241.82
2024-09-09T17:00:00,52.53
2024-09-09T18:00:00,0.0
2024-09-09T19:00:00,0.0
2024-09-09T20:00:00,0.0
2024-09-09T21:00:00,0.0
2024-09-09T22:00:00,0.0
2024-09-09T23:00:00,0.0
2024-09-10T00:00:00,0.0
2024-09-10T01:00:00,0.0
2024-09-10T02:00:00,0.0
2024-09-10T03:00:00,0.0
2024-09-10T04:00:00,0.0
2024-09-10T05:00:00,0.0
2024-09-10T06:00:00,35.05
2024-09-10T07:00:00,177.93
2024-09-10T08:00:00,336.08
2024-09-10T09:00:00,483.88
2024-09-10T10:00:00,576.2
2024-09-10T11:00:00,622.8
2024-09-10T12:00:00,581.83
2024-09-10T13:00:00,544.53
2024-09-10T14:00:00,397.55
2024-09-10T15:00:00,270.95
2024-09-10T16:00:00,158.82
2024-09-10T17:00:00,39.35
2024-09-10T18:00:00,0.0
2024-09-10T19:00:00,0.0
2024-09-10T20:00:00,0.0
2024-09-10T21:00:00,0.0
2024-09-10T22:00:00,0.0
2024-09-10T23:00:00,0.0
2024-09-11T00:00:00,0.0
2024-09-11T01:00:00,0.0
2024-09-11T02:00:00,0.0
2024-09-11T03:00:00,0.0
2024-09-11T04:00:00,0.0
2024-09-11T05:00:00,0.0
2024-09-11T06:00:00,40.78
2024-09-11T07:00:00,201.6
2024-09-11T08:00:00,385.33
2024-09-11T09:00:00,534.9
2024-09-11T10:00:00,649.22
2024-09-11T11:00:00,671.42
2024-09-11T12:00:00,676.45
2024-09-11T13:00:00,637.12
2024-09-11T14:00:00,488.45
2024-09-11T15:00:00,345.55
2024-09-11T16:00:00,175.52
2024-09-11T17:00:00,40.1
2024-09-11T18:00:00,0.0
2024-09-11T19:00:00,0.0
2024-09-11T20:00:00,0.0
2024-09-11T21:00:00,0.0
2024-09-11T22:00:00,0.0
2024-09-11T23:00:00,0.0
2024-09-12T00:00:00,0.0
2024-09-12T01:00:00,0.0
2024-09-12T02:00:00,0.0
2024-09-12T03:00:00,0.0
2024-09-12T04:00:00,0.0
2024-09-12T05:00:00,0.0
2024-09-12T06:00:00,24.05
2024-09-12T07:00:00,118.9
2024-09-12T08:00:00,251.15
2024-09-12T09:00:00,434.92
2024-09-12T10:00:00,624.08
2024-09-12T11:00:00,783.9
2024-09-12T12:00:00,814.85
2024-09-12T13:00:00,750.4
2024-09-12T14:00:00,634.7
2024-09-12T15:00:00,418.35
2024-09-12T16:00:00,240.55
2024-09-12T17:00:00,49.92
2024-09-12T18:00:00,0.0
2024-09-12T19:00:00,0.0
2024-09-12T20:00:00,0.0
2024-09-12T21:00:00,0.0
2024-09-12T22:00:00,0.0
2024-09-12T23:00:00,0.0
2024-09-13T00:00:00,0.0
2024-09-13T01:00:00,0.0
2024-09-13T02:00:00,0.0
2024-09-13T03:00:00,0.0
2024-09-13T04:00:00,0.0
2024-09-13T05:00:00,0.0
2024-09-13T06:00:00,31.77
2024-09-13T07:00:00,163.9
2024-09-13T08:00:00,370.92
2024-09-13T09:00:00,584.92
2024-09-13T10:00:00,744.12
2024-09-13T11:00:00,719.83
2024-09-13T12:00:00,759.97
2024-09-13T13:00:00,656.55
2024-09-13T14:00:00,546.0
2024-09-13T15:00:00,344.25
2024-09-13T16:00:00,186.02
2024-09-13T17:00:00,43.97
2024-09-13T18:00:00,0.0
2024-09-13T19:00:00,0.0
2024-09-13T20:00:00,0.0
2024-09-13T21:00:00,0.0
2024-09-13T22:00:00,0.0
2024-09-13T23:00:00,0.0
2024-09-14T00:00:00,0.0
2024-09-14T01:00:00,0.0
2024-09-14T02:00:00,0.0
2024-09-14T03:00:00,0.0
2024-09-14T04:00:00,0.0
2024-09-14T05:00:00,0.0
2024-09-14T06:00:00,42.42
2024-09-14T07:00:00,215.27
2024-09-14T08:00:00,440.3
2024-09-14T09:00:00,634.3
2024-09-14T10:00:00,732.55
2024-09-14T11:00:00,828.2
2024-09-14T12:00:00,814.78
2024-09-14T13:00:00,754.67
2024-09-14T14:00:00,656.25
2024-09-14T15:00:00,482.88
2024-09-14T16:00:00,252.65
2024-09-14T17:00:00,53.2
2024-09-14T18:00:00,0.0
2024-09-14T19:00:00,0.0
2024-09-14T20:00:00,0.0
2024-09-14T21:00:00,0.0
2024-09-14T22:00:00,0.0
2024-09-14T23:00:00,0.0
2024-09-15T00:00:00,0.0
2024-09-15T01:00:00,0.0
2024-09-15T02:00:00,0.0
2024-09-15T03:00:00,0.0
2024-09-15T04:00:00,0.0
2024-09-15T05:00:00,0.0
2024-09-15T06:00:00,48.88
2024-09-15T07:00:00,214.2
2024-09-15T08:00:00,425.88
2024-09-15T09:00:00,646.47
2024-09-15T10:00:00,777.28
2024-09-15T11:00:00,873.5
2024-09-15T12:00:00,876.62
2024-09-15T13:00:00,816.4
2024-09-15T14:00:00,610.28
2024-09-15T15:00:00,435.35
2024-09-15T16:00:00,236.68
2024-09-15T17:00:00,53.35
2024-09-15T18:00:00,0.0
2024-09-15T19:00:00,0.0
2024-09-15T20:00:00,0.0
2024-09-15T21:00:00,0.0
2024-09-15T22:00:00,0.0
2024-09-15T23:00:00,0.0
2024-09-16T00:00:00,0.0
2024-09-16T01:00:00,0.0
2024-09-16T02:00:00,0.0
2024-09-16T03:00:00,0.0
2024-09-16T04:00:00,0.0
2024-09-16T05:00:00,0.0
2024-09-16T06:00:00,42.22
2024-09-16T07:00:00,210.6
2024-09-16T08:00:00,402.08
2024-09-16T09:00:00,585.45
2024-09-16T10:00:00,741.08
2024-09-16T11:00:00,797.4
2024-09-16T12:00:00,787.0
2024-09-16T13:00:00,703.7
2024-09-16T14:00:00,603.97
2024-09-16T15:00:00,385.27
2024-09-16T16:00:00,202.65
2024-09-16T17:00:00,39.47
2024-09-16T18:00:00,0.0
2024-09-16T19:00:00,0.0
2024-09-16T20:00:00,0.0
2024-09-16T21:00:00,0.0
2024-09-16T22:00:00,0.0
2024-09-16T23:00:00,0.0
2024-09-17T00:00:00,0.0
2024-09-17T01:00:00,0.0
2024-09-17T02:00:00,0.0
2024-09-17T03:00:00,0.0
2024-09-17T04:00:00,0.0
2024-09-17T05:00:00,0.0
2024-09-17T06:00:00,15.07
2024-09-17T07:00:00,71.1
2024-09-17T08:00:00,125.15
2024-09-17T09:00:00,186.32
2024-09-17T10:00:00,282.9
2024-09-17T11:00:00,391.17
2024-09-17T12:00:00,318.67
2024-09-17T13:00:00,360.55
2024-09-17T14:00:00,332.77
2024-09-17T15:00:00,206.93
2024-09-17T16:00:00,139.9
2024-09-17T17:00:00,37.58
2024-09-17T18:00:00,0.0
2024-09-17T19:00:00,0.0
2024-09-17T20:00:00,0.0
2024-09-17T21:00:00,0.0
2024-09-17T22:00:00,0.0
2024-09-17T23:00:00,0.0
2024-09-18T00:00:00,0.0
2024-09-18T01:00:00,0.0
2024-09-18T02:00:00,0.0
2024-09-18T03:00:00,0.0
2024-09-18T04:00:00,0.0
2024-09-18T05:00:00,0.0
2024-09-18T06:00:00,30.3
2024-09-18T07:00:00,131.9
2024-09-18T08:00:00,254.73
2024-09-18T09:00:00,393.52
2024-09-18T10:00:00,565.75
2024-09-18T11:00:00,601.75
2024-09-18T12:00:00,578.78
2024-09-18T13:00:00,507.58
2024-09-18T14:00:00,494.9
2024-09-18T15:00:00,345.75
2024-09-18T16:00:00,179.25
2024-09-18T17:00:00,39.0
2024-09-18T18:00:00,0.0
2024-09-18T19:00:00,0.0
2024-09-18T20:00:00,0.0
2024-09-18T21:00:00,0.0
2024-09-18T22:00:00,0.0
2024-09-18T23:00:00,0.0
2024-09-19T00:00:00,0.0
2024-09-19T01:00:00,0.0
2024-09-19T02:00:00,0.0
2024-09-19T03:00:00,0.0
2024-09-19T04:00:00,0.0
2024-09-19T05:00:00,0.0
2024-09-19T06:00:00,43.45
2024-09-19T07:00:00,185.88
2024-09-19T08:00:00,363.3
2024-09-19T09:00:00,536.95
2024-09-19T10:00:00,646.95
2024-09-19T11:00:00,772.5
2024-09-19T12:00:00,748.83
2024-09-19T13:00:00,634.83
2024-09-19T14:00:00,504.2
2024-09-19T15:00:00,375.73
2024-09-19T16:00:00,189.62
2024-09-19T17:00:00,42.17
2024-09-19T18:00:00,0.0
2024-09-19T19:00:00,0.0
2024-09-19T20:00:00,0.0
2024-09-19T21:00:00,0.0
2024-09-19T22:00:00,0.0
2024-09-19T23:00:00,0.0
2024-09-20T00:00:00,0.0
2024-09-20T01:00:00,0.0
2024-09-20T02:00:00,0.0
2024-09-20T03:00:00,0.0
2024-09-20T04:00:00,0.0
2024-09-20T05:00:00,0.0
2024-09-20T06:00:00,53.83
2024-09-20T07:00:00,226.2
2024-09-20T08:00:00,433.58
2024-09-20T09:00:00,593.97
2024-09-20T10:00:00,709.28
2024-09-20T11:00:00,746.95
2024-09-20T12:00:00,720.1
2024-09-20T13:00:00,728.75
2024-09-20T14:00:00,624.08
2024-09-20T15:00:00,453.55
2024-09-20T16:00:00,228.73
2024-09-20T17:00:00,43.4
2024-09-20T18:00:00,0.0
2024-09-20T19:00:00,0.0
2024-09-20T20:00:00,0.0
2024-09-20T21:00:00,0.0
2024-09-20T22:00:00,0.0
2024-09-20T23:00:00,0.0
2024-09-21T00:00:00,0.0
2024-09-21T01:00:00,0.0
2024-09-21T02:00:00,0.0
2024-09-21T03:00:00,0.0
2024-09-21T04:00:00,0.0
2024-09-21T05:00:00,0.0
2024-09-21T06:00:00,54.25
2024-09-21T07:00:00,217.85
2024-09-21T08:00:00,448.4
2024-09-21T09:00:00,633.62
2024-09-21T10:00:00,747.47
2024-09-21T11:00:00,811.3
2024-09-21T12:00:00,803.65
2024-09-21T13:00:00,793.7
2024-09-21T14:00:00,596.35
2024-09-21T15:00:00,397.62
2024-09-21T16:00:00,200.38
2024-09-21T17:00:00,37.28
2024-09-21T18:00:00,0.0
2024-09-21T19:00:00,0.0
2024-09-21T20:00:00,0.0
2024-09-21T21:00:00,0.0
2024-09-21T22:00:00,0.0
2024-09-21T23:00:00,0.0
2024-09-22T00:00:00,0.0
2024-09-22T01:00:00,0.0
2024-09-22T02:00:00,0.0
2024-09-22T03:00:00,0.0
2024-09-22T04:00:00,0.0
2024-09-22T05:00:00,0.0
2024-09-22T06:00:00,62.95
2024-09-22T07:00:00,232.0
2024-09-22T08:00:00,421.4
2024-09-22T09:00:00,593.25
2024-09-22T10:00:00,662.4
2024-09-22T11:00:00,719.8
2024-09-22T12:00:00,754.47
2024-09-22T13:00:00,820.42
2024-09-22T14:00:00,555.2
2024-09-22T15:00:00,370.38
2024-09-22T16:00:00,197.7
2024-09-22T17:00:00,46.97
2024-09-22T18:00:00,0.0
2024-09-22T19:00:00,0.0
2024-09-22T20:00:00,0.0
2024-09-22T21:00:00,0.0
2024-09-22T22:00:00,0.0
2024-09-22T23:00:00,0.0
2024-09-23T00:00:00,0.0
2024-09-23T01:00:00,0.0
2024-09-23T02:00:00,0.0
2024-09-23T03:00:00,0.0
2024-09-23T04:00:00,0.0
2024-09-23T05:00:00,0.0
2024-09-23T06:00:00,77.45
2024-09-23T07:00:00,303.23
2024-09-23T08:00:00,528.6
2024-09-23T09:00:00,719.92
2024-09-23T10:00:00,862.72
2024-09-23T11:00:00,919.1
2024-09-23T12:00:00,904.62
2024-09-23T13:00:00,834.38
2024-09-23T14:00:00,660.9
2024-09-23T15:00:00,482.23
2024-09-23T16:00:00,259.6
2024-09-23T17:00:00,53.28
2024-09-23T18:00:00,0.0
2024-09-23T19:00:00,0.0
2024-09-23T20:00:00,0.0
2024-09-23T21:00:00,0.0
2024-09-23T22:00:00,0.0
2024-09-23T23:00:00,0.0
2024-09-24T00:00:00,0.0
2024-09-24T01:00:00,0.0
2024-09-24T02:00:00,0.0
2024-09-24T03:00:00,0.0
2024-09-24T04:00:00,0.0
2024-09-24T05:00:00,0.0
2024-09-24T06:00:00,62.62
2024-09-24T07:00:00,248.9
2024-09-24T08:00:00,454.27
2024-09-24T09:00:00,624.2
2024-09-24T10:00:00,712.58
2024-09-24T11:00:00,760.17
2024-09-24T12:00:00,769.5
2024-09-24T13:00:00,642.28
2024-09-24T14:00:00,531.47
2024-09-24T15:00:00,336.38
2024-09-24T16:00:00,160.35
2024-09-24T17:00:00,28.75
2024-09-24T18:00:00,0.0
2024-09-24T19:00:00,0.0
2024-09-24T20:00:00,0.0
2024-09-24T21:00:00,0.0
2024-09-24T22:00:00,0.0
2024-09-24T23:00:00,0.0
2024-09-25T00:00:00,0.0
2024-09-25T01:00:00,0.0
2024-09-25T02:00:00,0.0
2024-09-25T03:00:00,0.0
2024-09-25T04:00:00,0.0
2024-09-25T05:00:00,0.0
2024-09-25T06:00:00,36.25
2024-09-25T07:00:00,139.3
2024-09-25T08:00:00,195.23
2024-09-25T09:00:00,235.4
2024-09-25T10:00:00,297.33
2024-09-25T11:00:00,499.25
2024-09-25T12:00:00,583.08
2024-09-25T13:00:00,706.2
2024-09-25T14:00:00,620.62
2024-09-25T15:00:00,451.48
2024-09-25T16:00:00,242.88
2024-09-25T17:00:00,59.4
2024-09-25T18:00:00,0.0
2024-09-25T19:00:00,0.0
2024-09-25T20:00:00,0.0
2024-09-25T21:00:00,0.0
2024-09-25T22:00:00,0.0
2024-09-25T23:00:00,0.0
2024-09-26T00:00:00,0.0
2024-09-26T01:00:00,0.0
2024-09-26T02:00:00,0.0
2024-09-26T03:00:00,0.0
2024-09-26T04:00:00,0.0
2024-09-26T05:00:00,0.0
2024-09-26T06:00:00,69.9
2024-09-26T07:00:00,228.43
2024-09-26T08:00:00,449.92
2024-09-26T09:00:00,637.62
2024-09-26T10:00:00,756.78
2024-09-26T11:00:00,773.28
2024-09-26T12:00:00,722.22
2024-09-26T13:00:00,655.38
2024-09-26T14:00:00,609.75
2024-09-26T15:00:00,462.73
2024-09-26T16:00:00,255.9
2024-09-26T17:00:00,58.05
2024-09-26T18:00:00,0.0
2024-09-26T19:00:00,0.0
2024-09-26T20:00:00,0.0
2024-09-26T21:00:00,0.0
2024-09-26T22:00:00,0.0
2024-09-26T23:00:00,0.0
2024-09-27T00:00:00,0.0
2024-09-27T01:00:00,0.0
2024-09-27T02:00:00,0.0
2024-09-27T03:00:00,0.0
2024-09-27T04:00:00,0.0
2024-09-27T05:00:00,0.0
2024-09-27T06:00:00,86.53
2024-09-27T07:00:00,321.1
2024-09-27T08:00:00,563.5
2024-09-27T09:00:00,743.38
2024-09-27T10:00:00,900.8
2024-09-27T11:00:00,969.9
2024-09-27T12:00:00,955.95
2024-09-27T13:00:00,894.88
2024-09-27T14:00:00,701.85
2024-09-27T15:00:00,494.55
2024-09-27T16:00:00,258.65
2024-09-27T17:00:00,64.2
2024-09-27T18:00:00,0.0
2024-09-27T19:00:00,0.0
2024-09-27T20:00:00,0.0
2024-09-27T21:00:00,0.0
2024-09-27T22:00:00,0.0
2024-09-27T23:00:00,0.0
2024-09-28T00:00:00,0.0
2024-09-28T01:00:00,0.0
2024-09-28T02:00:00,0.0
2024-09-28T03:00:00,0.0
2024-09-28T04:00:00,0.0
2024-09-28T05:00:00,0.0
2024-09-28T06:00:00,96.03
2024-09-28T07:00:00,325.15
2024-09-28T08:00:00,565.22
2024-09-28T09:00:00,767.2
2024-09-28T10:00:00,900.67
2024-09-28T11:00:00,972.47
2024-09-28T12:00:00,947.72
2024-09-28T13:00:00,873.25
2024-09-28T14:00:00,685.22
2024-09-28T15:00:00,508.98
2024-09-28T16:00:00,269.05
2024-09-28T17:00:00,57.08
2024-09-28T18:00:00,0.0
2024-09-28T19:00:00,0.0
2024-09-28T20:00:00,0.0
2024-09-28T21:00:00,0.0
2024-09-28T22:00:00,0.0
2024-09-28T23:00:00,0.0
2024-09-29T00:00:00,0.0
2024-09-29T01:00:00,0.0
2024-09-29T02:00:00,0.0
2024-09-29T03:00:00,0.0
2024-09-29T04:00:00,0.0
2024-09-29T05:00:00,0.0
2024-09-29T06:00:00,97.15
2024-09-29T07:00:00,322.98
2024-09-29T08:00:00,550.75
2024-09-29T09:00:00,756.78
2024-09-29T10:00:00,906.78
2024-09-29T11:00:00,957.6
2024-09-29T12:00:00,954.75
2024-09-29T13:00:00,855.5
2024-09-29T14:00:00,698.95
2024-09-29T15:00:00,462.58
2024-09-29T16:00:00,233.88
2024-09-29T17:00:00,51.03
2024-09-29T18:00:00,0.0
2024-09-29T19:00:00,0.0
2024-09-29T20:00:00,0.0
2024-09-29T21:00:00,0.0
2024-09-29T22:00:00,0.0
2024-09-29T23:00:00,0.0
2024-09-30T00:00:00,0.0
2024-09-30T01:00:00,0.0
2024-09-30T02:00:00,0.0
2024-09-30T03:00:00,0.0
2024-09-30T04:00:00,0.0
2024-09-30T05:00:00,0.0
2024-09-30T06:00:00,70.15
2024-09-30T07:00:00,222.1
2024-09-30T08:00:00,400.4
2024-09-30T09:00:00,559.47
2024-09-30T10:00:00,689.12
2024-09-30T11:00:00,767.45
2024-09-30T12:00:00,790.85
2024-09-30T13:00:00,664.42
2024-09-30T14:00:00,596.15
2024-09-30T15:00:00,477.38
2024-09-30T16:00:00,245.62
2024-09-30T17:00:00,53.35
2024-09-30T18:00:00,0.0
2024-09-30T19:00:00,0.0
2024-09-30T20:00:00,0.0
2024-09-30T21:00:00,0.0
2024-09-30T22:00:00,0.0
2024-09-30T23:00:00,0.0
2024-10-01T00:00:00,0.0
2024-10-01T01:00:00,0.0
2024-10-01T02:00:00,0.0
2024-10-01T03:00:00,0.0
2024-10-01T04:00:00,0.0
2024-10-01T05:00:00,0.0
2024-10-01T06:00:00,72.72
2024-10-01T07:00:00,201.12
2024-10-01T08:00:00,293.02
2024-10-01T09:00:00,425.35
2024-10-01T10:00:00,532.08
2024-10-01T11:00:00,614.53
2024-10-01T12:00:00,718.12
2024-10-01T13:00:00,576.92
2024-10-01T14:00:00,434.52
2024-10-01T15:00:00,228.55
2024-10-01T16:00:00,130.43
2024-10-01T17:00:00,35.0
2024-10-01T18:00:00,0.0
2024-10-01T19:00:00,0.0
2024-10-01T20:00:00,0.0
2024-10-01T21:00:00,0.0
2024-10-01T22:00:00,0.0
2024-10-01T23:00:00,0.0
2024-10-02T00:00:00,0.0
2024-10-02T01:00:00,0.0
2024-10-02T02:00:00,0.0
2024-10-02T03:00:00,0.0
2024-10-02T04:00:00,0.0
2024-10-02T05:00:00,0.0
2024-10-02T06:00:00,97.2
2024-10-02T07:00:00,312.83
2024-10-02T08:00:00,530.9
2024-10-02T09:00:00,706.0
2024-10-02T10:00:00,863.55
2024-10-02T11:00:00,934.72
2024-10-02T12:00:00,920.47
2024-10-02T13:00:00,849.7
2024-10-02T14:00:00,692.38
2024-10-02T15:00:00,471.6
2024-10-02T16:00:00,257.55
2024-10-02T17:00:00,58.2
2024-10-02T18:00:00,0.0
2024-10-02T19:00:00,0.0
2024-10-02T20:00:00,0.0
2024-10-02T21:00:00,0.0
2024-10-02T22:00:00,0.0
2024-10-02T23:00:00,0.0
2024-10-03T00:00:00,0.0
2024-10-03T01:00:00,0.0
2024-10-03T02:00:00,0.0
2024-10-03T03:00:00,0.0
2024-10-03T04:00:00,0.0
2024-10-03T05:00:00,0.0
2024-10-03T06:00:00,100.28
2024-10-03T07:00:00,306.48
2024-10-03T08:00:00,518.62
2024-10-03T09:00:00,662.83
2024-10-03T10:00:00,795.55
2024-10-03T11:00:00,881.83
2024-10-03T12:00:00,913.65
2024-10-03T13:00:00,806.25
2024-10-03T14:00:00,716.45
2024-10-03T15:00:00,412.42
2024-10-03T16:00:00,226.18
2024-10-03T17:00:00,51.0
2024-10-03T18:00:00,0.0
2024-10-03T19:00:00,0.0
2024-10-03T20:00:00,0.0
2024-10-03T21:00:00,0.0
2024-10-03T22:00:00,0.0
2024-10-03T23:00:00,0.0
2024-10-04T00:00:00,0.0
2024-10-04T01:00:00,0.0
2024-10-04T02:00:00,0.0
2024-10-04T03:00:00,0.0
2024-10-04T04:00:00,0.0
2024-10-04T05:00:00,0.0
2024-10-04T06:00:00,125.38
2024-10-04T07:00:00,358.83
2024-10-04T08:00:00,583.25
2024-10-04T09:00:00,770.28
2024-10-04T10:00:00,893.75
2024-10-04T11:00:00,956.33
2024-10-04T12:00:00,938.33
2024-10-04T13:00:00,834.33
2024-10-04T14:00:00,657.75
2024-10-04T15:00:00,436.17
2024-10-04T16:00:00,223.15
2024-10-04T17:00:00,45.78
2024-10-04T18:00:00,0.0
2024-10-04T19:00:00,0.0
2024-10-04T20:00:00,0.0
2024-10-04T21:00:00,0.0
2024-10-04T22:00:00,0.0
2024-10-04T23:00:00,0.0
2024-10-05T00:00:00,0.0
2024-10-05T01:00:00,0.0
2024-10-05T02:00:00,0.0
2024-10-05T03:00:00,0.0
2024-10-05T04:00:00,0.0
2024-10-05T05:00:00,0.0
2024-10-05T06:00:00,93.6
2024-10-05T07:00:00,279.58
2024-10-05T08:00:00,512.03
2024-10-05T09:00:00,668.88
2024-10-05T10:00:00,840.9
2024-10-05T11:00:00,905.35
2024-10-05T12:00:00,895.72
2024-10-05T13:00:00,814.1
2024-10-05T14:00:00,673.75
2024-10-05T15:00:00,407.67
2024-10-05T16:00:00,205.93
2024-10-05T17:00:00,45.97
2024-10-05T18:00:00,0.0
2024-10-05T19:00:00,0.0
2024-10-05T20:00:00,0.0
2024-10-05T21:00:00,0.0
2024-10-05T22:00:00,0.0
2024-10-05T23:00:00,0.0
2024-10-06T00:00:00,0.0
2024-10-06T01:00:00,0.0
2024-10-06T02:00:00,0.0
2024-10-06T03:00:00,0.0
2024-10-06T04:00:00,0.0
2024-10-06T05:00:00,0.0
2024-10-06T06:00:00,120.22
2024-10-06T07:00:00,341.55
2024-10-06T08:00:00,555.45
2024-10-06T09:00:00,741.15
2024-10-06T10:00:00,868.1
2024-10-06T11:00:00,887.35
2024-10-06T12:00:00,830.12
2024-10-06T13:00:00,723.0
2024-10-06T14:00:00,658.28
2024-10-06T15:00:00,491.38
2024-10-06T16:00:00,276.17
2024-10-06T17:00:00,68.6
2024-10-06T18:00:00,0.0
2024-10-06T19:00:00,0.0
2024-10-06T20:00:00,0.0
2024-10-06T21:00:00,0.0
2024-10-06T22:00:00,0.0
2024-10-06T23:00:00,0.0
2024-10-07T00:00:00,0.0
2024-10-07T01:00:00,0.0
2024-10-07T02:00:00,0.0
2024-10-07T03:00:00,0.0
2024-10-07T04:00:00,0.0
2024-10-07T05:00:00,0.0
2024-10-07T06:00:00,124.88
2024-10-07T07:00:00,351.48
2024-10-07T08:00:00,575.47
2024-10-07T09:00:00,759.45
2024-10-07T10:00:00,870.15
2024-10-07T11:00:00,926.62
2024-10-07T12:00:00,923.7
2024-10-07T13:00:00,843.25
2024-10-07T14:00:00,695.55
2024-10-07T15:00:00,507.08
2024-10-07T16:00:00,286.33
2024-10-07T17:00:00,72.35
2024-10-07T18:00:00,0.0
2024-10-07T19:00:00,0.0
2024-10-07T20:00:00,0.0
2024-10-07T21:00:00,0.0
2024-10-07T22:00:00,0.0
2024-10-07T23:00:00,0.0
2024-10-08T00:00:00,0.0
2024-10-08T01:00:00,0.0
2024-10-08T02:00:00,0.0
2024-10-08T03:00:00,0.0
2024-10-08T04:00:00,0.0
2024-10-08T05:00:00,0.0
2024-10-08T06:00:00,119.3
2024-10-08T07:00:00,321.8
2024-10-08T08:00:00,530.05
2024-10-08T09:00:00,718.67
2024-10-08T10:00:00,850.42
2024-10-08T11:00:00,932.42
2024-10-08T12:00:00,914.65
2024-10-08T13:00:00,851.4
2024-10-08T14:00:00,707.08
2024-10-08T15:00:00,538.05
2024-10-08T16:00:00,307.62
2024-10-08T17:00:00,41.78
2024-10-08T18:00:00,0.0
2024-10-08T19:00:00,0.0
2024-10-08T20:00:00,0.0
2024-10-08T21:00:00,0.0
2024-10-08T22:00:00,0.0
2024-10-08T23:00:00,0.0
2024-10-09T00:00:00,0.0
2024-10-09T01:00:00,0.0
2024-10-09T02:00:00,0.0
2024-10-09T03:00:00,0.0
2024-10-09T04:00:00,0.0
2024-10-09T05:00:00,0.0
2024-10-09T06:00:00,125.5
2024-10-09T07:00:00,340.2
2024-10-09T08:00:00,586.7
2024-10-09T09:00:00,704.17
2024-10-09T10:00:00,817.62
2024-10-09T11:00:00,898.08
2024-10-09T12:00:00,877.4
2024-10-09T13:00:00,808.9
2024-10-09T14:00:00,712.5
2024-10-09T15:00:00,493.85
2024-10-09T16:00:00,280.0
2024-10-09T17:00:00,73.65
2024-10-09T18:00:00,0.0
2024-10-09T19:00:00,0.0
2024-10-09T20:00:00,0.0
2024-10-09T21:00:00,0.0
2024-10-09T22:00:00,0.0
2024-10-09T23:00:00,0.0
2024-10-10T00:00:00,0.0
2024-10-10T01:00:00,0.0
2024-10-10T02:00:00,0.0
2024-10-10T03:00:00,0.0
2024-10-10T04:00:00,0.0
2024-10-10T05:00:00,0.0
2024-10-10T06:00:00,109.85
2024-10-10T07:00:00,260.33
2024-10-10T08:00:00,531.8
2024-10-10T09:00:00,647.72
2024-10-10T10:00:00,864.72
2024-10-10T11:00:00,898.22
2024-10-10T12:00:00,870.22
2024-10-10T13:00:00,804.47
2024-10-10T14:00:00,581.72
2024-10-10T15:00:00,444.08
2024-10-10T16:00:00,229.7
2024-10-10T17:00:00,48.2
2024-10-10T18:00:00,0.0
2024-10-10T19:00:00,0.0
2024-10-10T20:00:00,0.0
2024-10-10T21:00:00,0.0
2024-10-10T22:00:00,0.0
2024-10-10T23:00:00,0.0
2024-10-11T00:00:00,0.0
2024-10-11T01:00:00,0.0
2024-10-11T02:00:00,0.0
2024-10-11T03:00:00,0.0
2024-10-11T04:00:00,0.0
2024-10-11T05:00:00,0.0
2024-10-11T06:00:00,76.6
2024-10-11T07:00:00,210.25
2024-10-11T08:00:00,393.0
2024-10-11T09:00:00,597.7
2024-10-11T10:00:00,734.97
2024-10-11T11:00:00,900.92
2024-10-11T12:00:00,839.85
2024-10-11T13:00:00,784.4
2024-10-11T14:00:00,641.92
2024-10-11T15:00:00,387.73
2024-10-11T16:00:00,206.95
2024-10-11T17:00:00,45.3
2024-10-11T18:00:00,0.0
2024-10-11T19:00:00,0.0
2024-10-11T20:00:00,0.0
2024-10-11T21:00:00,0.0
2024-10-11T22:00:00,0.0
2024-10-11T23:00:00,0.0
2024-10-12T00:00:00,0.0
2024-10-12T01:00:00,0.0
2024-10-12T02:00:00,0.0
2024-10-12T03:00:00,0.0
2024-10-12T04:00:00,0.0
2024-10-12T05:00:00,2.8
2024-10-12T06:00:00,96.93
2024-10-12T07:00:00,277.58
2024-10-12T08:00:00,471.83
2024-10-12T09:00:00,622.05
2024-10-12T10:00:00,750.2
2024-10-12T11:00:00,820.4
2024-10-12T12:00:00,770.83
2024-10-12T13:00:00,731.35
2024-10-12T14:00:00,581.72
2024-10-12T15:00:00,390.85
2024-10-12T16:00:00,196.3
2024-10-12T17:00:00,45.38
2024-10-12T18:00:00,0.0
2024-10-12T19:00:00,0.0
2024-10-12T20:00:00,0.0
2024-10-12T21:00:00,0.0
2024-10-12T22:00:00,0.0
2024-10-12T23:00:00,0.0
2024-10-13T00:00:00,0.0
2024-10-13T01:00:00,0.0
2024-10-13T02:00:00,0.0
2024-10-13T03:00:00,0.0
2024-10-13T04:00:00,0.0
2024-10-13T05:00:00,1.98
2024-10-13T06:00:00,49.33
2024-10-13T07:00:00,150.02
2024-10-13T08:00:00,277.25
2024-10-13T09:00:00,408.75
2024-10-13T10:00:00,434.38
2024-10-13T11:00:00,527.25
2024-10-13T12:00:00,559.85
2024-10-13T13:00:00,508.73
2024-10-13T14:00:00,344.9
2024-10-13T15:00:00,214.38
2024-10-13T16:00:00,115.22
2024-10-13T17:00:00,28.12
2024-10-13T18:00:00,0.0
2024-10-13T19:00:00,0.0
2024-10-13T20:00:00,0.0
2024-10-13T21:00:00,0.0
2024-10-13T22:00:00,0.0
2024-10-13T23:00:00,0.0
2024-10-14T00:00:00,0.0
2024-10-14T01:00:00,0.0
2024-10-14T02:00:00,0.0
2024-10-14T03:00:00,0.0
2024-10-14T04:00:00,0.0
2024-10-14T05:00:00,2.85
2024-10-14T06:00:00,60.95
2024-10-14T07:00:00,193.62
2024-10-14T08:00:00,336.35
2024-10-14T09:00:00,415.75
2024-10-14T10:00:00,474.88
2024-10-14T11:00:00,414.88
2024-10-14T12:00:00,346.15
2024-10-14T13:00:00,385.42
2024-10-14T14:00:00,227.68
2024-10-14T15:00:00,170.88
2024-10-14T16:00:00,105.82
2024-10-14T17:00:00,26.38
2024-10-14T18:00:00,0.0
2024-10-14T19:00:00,0.0
2024-10-14T20:00:00,0.0
2024-10-14T21:00:00,0.0
2024-10-14T22:00:00,0.0
2024-10-14T23:00:00,0.0
2024-10-15T00:00:00,0.0
2024-10-15T01:00:00,0.0
2024-10-15T02:00:00,0.0
2024-10-15T03:00:00,0.0
2024-10-15T04:00:00,0.0
2024-10-15T05:00:00,2.47
2024-10-15T06:00:00,65.85
2024-10-15T07:00:00,181.62
2024-10-15T08:00:00,322.88
2024-10-15T09:00:00,301.3
2024-10-15T10:00:00,232.15
2024-10-15T11:00:00,298.5
2024-10-15T12:00:00,381.58
2024-10-15T13:00:00,346.98
2024-10-15T14:00:00,284.1
2024-10-15T15:00:00,187.5
2024-10-15T16:00:00,99.65
2024-10-15T17:00:00,25.02
2024-10-15T18:00:00,0.0
2024-10-15T19:00:00,0.0
2024-10-15T20:00:00,0.0
2024-10-15T21:00:00,0.0
2024-10-15T22:00:00,0.0
2024-10-15T23:00:00,0.0
2024-10-16T00:00:00,0.0
2024-10-16T01:00:00,0.0
2024-10-16T02:00:00,0.0
2024-10-16T03:00:00,0.0
2024-10-16T04:00:00,0.0
2024-10-16T05:00:00,1.48
2024-10-16T06:00:00,38.72
2024-10-16T07:00:00,121.05
2024-10-16T08:00:00,239.85
2024-10-16T09:00:00,320.0
2024-10-16T10:00:00,257.58
2024-10-16T11:00:00,298.17
2024-10-16T12:00:00,391.55
2024-10-16T13:00:00,333.73
2024-10-16T14:00:00,222.1
2024-10-16T15:00:00,151.35
2024-10-16T16:00:00,90.07
2024-10-16T17:00:00,20.67
2024-10-16T18:00:00,0.0
2024-10-16T19:00:00,0.0
2024-10-16T20:00:00,0.0
2024-10-16T21:00:00,0.0
2024-10-16T22:00:00,0.0
2024-10-16T23:00:00,0.0
2024-10-17T00:00:00,0.0
2024-10-17T01:00:00,0.0
2024-10-17T02:00:00,0.0
2024-10-17T03:00:00,0.0
2024-10-17T04:00:00,0.0
2024-10-17T05:00:00,3.65
2024-10-17T06:00:00,78.28
2024-10-17T07:00:00,217.8
2024-10-17T08:00:00,395.85
2024-10-17T09:00:00,575.3
2024-10-17T10:00:00,600.42
2024-10-17T11:00:00,314.95
2024-10-17T12:00:00,287.35
2024-10-17T13:00:00,190.18
2024-10-17T14:00:00,141.18
2024-10-17T15:00:00,64.65
2024-10-17T16:00:00,62.0
2024-10-17T17:00:00,24.38
2024-10-17T18:00:00,0.0
2024-10-17T19:00:00,0.0
2024-10-17T20:00:00,0.0
2024-10-17T21:00:00,0.0
2024-10-17T22:00:00,0.0
2024-10-17T23:00:00,0.0
2024-10-18T00:00:00,0.0
2024-10-18T01:00:00,0.0
2024-10-18T02:00:00,0.0
2024-10-18T03:00:00,0.0
2024-10-18T04:00:00,0.0
2024-10-18T05:00:00,3.92
2024-10-18T06:00:00,73.8
2024-10-18T07:00:00,178.7
2024-10-18T08:00:00,313.7
2024-10-18T09:00:00,459.45
2024-10-18T10:00:00,575.25
2024-10-18T11:00:00,756.22
2024-10-18T12:00:00,659.53
2024-10-18T13:00:00,708.85
2024-10-18T14:00:00,524.58
2024-10-18T15:00:00,263.85
2024-10-18T16:00:00,160.75
2024-10-18T17:00:00,54.3
2024-10-18T18:00:00,0.0
2024-10-18T19:00:00,0.0
2024-10-18T20:00:00,0.0
2024-10-18T21:00:00,0.0
2024-10-18T22:00:00,0.0
2024-10-18T23:00:00,0.0
2024-10-19T00:00:00,0.0
2024-10-19T01:00:00,0.0
2024-10-19T02:00:00,0.0
2024-10-19T03:00:00,0.0
2024-10-19T04:00:00,0.0
2024-10-19T05:00:00,6.18
2024-10-19T06:00:00,150.85
2024-10-19T07:00:00,394.05
2024-10-19T08:00:00,621.25
2024-10-19T09:00:00,824.65
2024-10-19T10:00:00,928.45
2024-10-19T11:00:00,986.17
2024-10-19T12:00:00,993.58
2024-10-19T13:00:00,912.9
2024-10-19T14:00:00,729.6
2024-10-19T15:00:00,552.1
2024-10-19T16:00:00,313.98
2024-10-19T17:00:00,88.65
2024-10-19T18:00:00,0.0
2024-10-19T19:00:00,0.0
2024-10-19T20:00:00,0.0
2024-10-19T21:00:00,0.0
2024-10-19T22:00:00,0.0
2024-10-19T23:00:00,0.0
2024-10-20T00:00:00,0.0
2024-10-20T01:00:00,0.0
2024-10-20T02:00:00,0.0
2024-10-20T03:00:00,0.0
2024-10-20T04:00:00,0.0
2024-10-20T05:00:00,6.82
2024-10-20T06:00:00,141.73
2024-10-20T07:00:00,366.8
2024-10-20T08:00:00,581.0
2024-10-20T09:00:00,774.97
2024-10-20T10:00:00,919.25
2024-10-20T11:00:00,1002.97
2024-10-20T12:00:00,994.75
2024-10-20T13:00:00,917.92
2024-10-20T14:00:00,758.5
2024-10-20T15:00:00,519.97
2024-10-20T16:00:00,299.55
2024-10-20T17:00:00,80.75
2024-10-20T18:00:00,0.0
2024-10-20T19:00:00,0.0
2024-10-20T20:00:00,0.0
2024-10-20T21:00:00,0.0
2024-10-20T22:00:00,0.0
2024-10-20T23:00:00,0.0
2024-10-21T00:00:00,0.0
2024-10-21T01:00:00,0.0
2024-10-21T02:00:00,0.0
2024-10-21T03:00:00,0.0
2024-10-21T04:00:00,0.0
2024-10-21T05:00:00,6.15
2024-10-21T06:00:00,102.75
2024-10-21T07:00:00,259.27
2024-10-21T08:00:00,420.6
2024-10-21T09:00:00,585.5
2024-10-21T10:00:00,685.47
2024-10-21T11:00:00,814.72
2024-10-21T12:00:00,688.55
2024-10-21T13:00:00,748.8
2024-10-21T14:00:00,579.05
2024-10-21T15:00:00,364.15
2024-10-21T16:00:00,201.68
2024-10-21T17:00:00,49.38
2024-10-21T18:00:00,0.0
2024-10-21T19:00:00,0.0
2024-10-21T20:00:00,0.0
2024-10-21T21:00:00,0.0
2024-10-21T22:00:00,0.0
2024-10-21T23:00:00,0.0
2024-10-22T00:00:00,0.0
2024-10-22T01:00:00,0.0
2024-10-22T02:00:00,0.0
2024-10-22T03:00:00,0.0
2024-10-22T04:00:00,0.0
2024-10-22T05:00:00,4.78
2024-10-22T06:00:00,113.88
2024-10-22T07:00:00,266.42
2024-10-22T08:00:00,456.73
2024-10-22T09:00:00,624.9
2024-10-22T10:00:00,838.3
2024-10-22T11:00:00,912.1
2024-10-22T12:00:00,880.05
2024-10-22T13:00:00,792.22
2024-10-22T14:00:00,602.22
2024-10-22T15:00:00,459.62
2024-10-22T16:00:00,251.5
2024-10-22T17:00:00,55.08
2024-10-22T18:00:00,0.0
2024-10-22T19:00:00,0.0
2024-10-22T20:00:00,0.0
2024-10-22T21:00:00,0.0
2024-10-22T22:00:00,0.0
2024-10-22T23:00:00,0.0
2024-10-23T00:00:00,0.0
2024-10-23T01:00:00,0.0
2024-10-23T02:00:00,0.0
2024-10-23T03:00:00,0.0
2024-10-23T04:00:00,0.0
2024-10-23T05:00:00,4.47
2024-10-23T06:00:00,59.0
2024-10-23T07:00:00,139.65
2024-10-23T08:00:00,268.65
2024-10-23T09:00:00,384.73
2024-10-23T10:00:00,353.67
2024-10-23T11:00:00,453.42
2024-10-23T12:00:00,324.17
2024-10-23T13:00:00,293.05
2024-10-23T14:00:00,146.45
2024-10-23T15:00:00,110.8
2024-10-23T16:00:00,74.12
2024-10-23T17:00:00,27.33
2024-10-23T18:00:00,0.0
2024-10-23T19:00:00,0.0
2024-10-23T20:00:00,0.0
2024-10-23T21:00:00,0.0
2024-10-23T22:00:00,0.0
2024-10-23T23:00:00,0.0
2024-10-24T00:00:00,0.0
2024-10-24T01:00:00,0.0
2024-10-24T02:00:00,0.0
2024-10-24T03:00:00,0.0
2024-10-24T04:00:00,0.0
2024-10-24T05:00:00,3.45
2024-10-24T06:00:00,58.33
2024-10-24T07:00:00,126.38
2024-10-24T08:00:00,303.62
2024-10-24T09:00:00,397.08
2024-10-24T10:00:00,488.73
2024-10-24T11:00:00,366.17
2024-10-24T12:00:00,347.2
2024-10-24T13:00:00,374.35
2024-10-24T14:00:00,405.5
2024-10-24T15:00:00,204.25
2024-10-24T16:00:00,111.93
2024-10-24T17:00:00,14.88
2024-10-24T18:00:00,0.0
2024-10-24T19:00:00,0.0
2024-10-24T20:00:00,0.0
2024-10-24T21:00:00,0.0
2024-10-24T22:00:00,0.0
2024-10-24T23:00:00,0.0
2024-10-25T00:00:00,0.0
2024-10-25T01:00:00,0.0
2024-10-25T02:00:00,0.0
2024-10-25T03:00:00,0.0
2024-10-25T04:00:00,0.0
2024-10-25T05:00:00,5.2
2024-10-25T06:00:00,109.7
2024-10-25T07:00:00,286.02
2024-10-25T08:00:00,498.05
2024-10-25T09:00:00,686.65
2024-10-25T10:00:00,789.65
2024-10-25T11:00:00,767.8
2024-10-25T12:00:00,808.33
2024-10-25T13:00:00,754.0
2024-10-25T14:00:00,540.5
2024-10-25T15:00:00,285.6
2024-10-25T16:00:00,149.45
2024-10-25T17:00:00,36.58
2024-10-25T18:00:00,0.0
2024-10-25T19:00:00,0.0
2024-10-25T20:00:00,0.0
2024-10-25T21:00:00,0.0
2024-10-25T22:00:00,0.0
2024-10-25T23:00:00,0.0
2024-10-26T00:00:00,0.0
2024-10-26T01:00:00,0.0
2024-10-26T02:00:00,0.0
2024-10-26T03:00:00,0.0
2024-10-26T04:00:00,0.0
2024-10-26T05:00:00,4.45
2024-10-26T06:00:00,70.3
2024-10-26T07:00:00,195.02
2024-10-26T08:00:00,324.12
2024-10-26T09:00:00,476.48
2024-10-26T10:00:00,718.6
2024-10-26T11:00:00,853.55
2024-10-26T12:00:00,871.85
2024-10-26T13:00:00,850.6
2024-10-26T14:00:00,723.42
2024-10-26T15:00:00,476.27
2024-10-26T16:00:00,265.73
2024-10-26T17:00:00,76.18
2024-10-26T18:00:00,0.0
2024-10-26T19:00:00,0.0
2024-10-26T20:00:00,0.0
2024-10-26T21:00:00,0.0
2024-10-26T22:00:00,0.0
2024-10-26T23:00:00,0.0
2024-10-27T00:00:00,0.0
2024-10-27T01:00:00,0.0
2024-10-27T02:00:00,0.0
2024-10-27T03:00:00,0.0
2024-10-27T04:00:00,0.0
2024-10-27T05:00:00,7.28
2024-10-27T06:00:00,116.82
2024-10-27T07:00:00,271.45
2024-10-27T08:00:00,563.78
2024-10-27T09:00:00,759.47
2024-10-27T10:00:00,907.58
2024-10-27T11:00:00,969.3
2024-10-27T12:00:00,935.83
2024-10-27T13:00:00,847.42
2024-10-27T14:00:00,691.2
2024-10-27T15:00:00,452.12
2024-10-27T16:00:00,261.17
2024-10-27T17:00:00,87.22
2024-10-27T18:00:00,0.0
2024-10-27T19:00:00,0.0
2024-10-27T20:00:00,0.0
2024-10-27T21:00:00,0.0
2024-10-27T22:00:00,0.0
2024-10-27T23:00:00,0.0
2024-10-28T00:00:00,0.0
2024-10-28T01:00:00,0.0
2024-10-28T02:00:00,0.0
2024-10-28T03:00:00,0.0
2024-10-28T04:00:00,0.0
2024-10-28T05:00:00,7.68
2024-10-28T06:00:00,128.3
2024-10-28T07:00:00,337.88
2024-10-28T08:00:00,550.42
2024-10-28T09:00:00,718.4
2024-10-28T10:00:00,917.88
2024-10-28T11:00:00,980.65
2024-10-28T12:00:00,960.22
2024-10-28T13:00:00,861.15
2024-10-28T14:00:00,682.33
2024-10-28T15:00:00,340.35
2024-10-28T16:00:00,188.0
2024-10-28T17:00:00,47.72
2024-10-28T18:00:00,0.0
2024-10-28T19:00:00,0.0
2024-10-28T20:00:00,0.0
2024-10-28T21:00:00,0.0
2024-10-28T22:00:00,0.0
2024-10-28T23:00:00,0.0
2024-10-29T00:00:00,0.0
2024-10-29T01:00:00,0.0
2024-10-29T02:00:00,0.0
2024-10-29T03:00:00,0.0
2024-10-29T04:00:00,0.0
2024-10-29T05:00:00,8.65
2024-10-29T06:00:00,119.7
2024-10-29T07:00:00,323.92
2024-10-29T08:00:00,517.22
2024-10-29T09:00:00,663.05
2024-10-29T10:00:00,698.47
2024-10-29T11:00:00,693.7
2024-10-29T12:00:00,733.85
2024-10-29T13:00:00,799.0
2024-10-29T14:00:00,709.38
2024-10-29T15:00:00,485.7
2024-10-29T16:00:00,267.3
2024-10-29T17:00:00,68.32
2024-10-29T18:00:00,0.0
2024-10-29T19:00:00,0.0
2024-10-29T20:00:00,0.0
2024-10-29T21:00:00,0.0
2024-10-29T22:00:00,0.0
2024-10-29T23:00:00,0.0
2024-10-30T00:00:00,0.0
2024-10-30T01:00:00,0.0
2024-10-30T02:00:00,0.0
2024-10-30T03:00:00,0.0
2024-10-30T04:00:00,0.0
2024-10-30T05:00:00,6.4
2024-10-30T06:00:00,107.07
2024-10-30T07:00:00,207.18
2024-10-30T08:00:00,332.98
2024-10-30T09:00:00,473.0
2024-10-30T10:00:00,527.4
2024-10-30T11:00:00,655.72
2024-10-30T12:00:00,765.95
2024-10-30T13:00:00,772.55
2024-10-30T14:00:00,518.62
2024-10-30T15:00:00,284.7
2024-10-30T16:00:00,148.62
2024-10-30T17:00:00,29.83
2024-10-30T18:00:00,0.0
2024-10-30T19:00:00,0.0
2024-10-30T20:00:00,0.0
2024-10-30T21:00:00,0.0
2024-10-30T22:00:00,0.0
2024-10-30T23:00:00,0.0
2024-10-31T00:00:00,0.0
2024-10-31T01:00:00,0.0
2024-10-31T02:00:00,0.0
2024-10-31T03:00:00,0.0
2024-10-31T04:00:00,0.0
2024-10-31T05:00:00,5.1
2024-10-31T06:00:00,61.72
2024-10-31T07:00:00,150.82
2024-10-31T08:00:00,307.58
2024-10-31T09:00:00,473.02
2024-10-31T10:00:00,559.75
2024-10-31T11:00:00,657.83
2024-10-31T12:00:00,734.1
2024-10-31T13:00:00,609.4
2024-10-31T14:00:00,483.27
2024-10-31T15:00:00,391.52
2024-10-31T16:00:00,200.02
2024-10-31T17:00:00,55.72
2024-10-31T18:00:00,0.0
2024-10-31T19:00:00,0.0
2024-10-31T20:00:00,0.0
2024-10-31T21:00:00,0.0
2024-10-31T22:00:00,0.0
2024-10-31T23:00:00,0.0
2024-11-01T00:00:00,0.0
2024-11-01T01:00:00,0.0
2024-11-01T02:00:00,0.0
2024-11-01T03:00:00,0.0
2024-11-01T04:00:00,0.0
2024-11-01T05:00:00,8.15
2024-11-01T06:00:00,89.85
2024-11-01T07:00:00,224.0
2024-11-01T08:00:00,373.8
2024-11-01T09:00:00,619.12
2024-11-01T10:00:00,669.58
2024-11-01T11:00:00,682.97
2024-11-01T12:00:00,524.97
2024-11-01T13:00:00,400.92
2024-11-01T14:00:00,247.73
2024-11-01T15:00:00,142.27
2024-11-01T16:00:00,89.0
2024-11-01T17:00:00,29.0
2024-11-01T18:00:00,0.0
2024-11-01T19:00:00,0.0
2024-11-01T20:00:00,0.0
2024-11-01T21:00:00,0.0
2024-11-01T22:00:00,0.0
2024-11-01T23:00:00,0.0
2024-11-02T00:00:00,0.0
2024-11-02T01:00:00,0.0
2024-11-02T02:00:00,0.0
2024-11-02T03:00:00,0.0
2024-11-02T04:00:00,0.0
2024-11-02T05:00:00,8.48
2024-11-02T06:00:00,136.02
2024-11-02T07:00:00,349.7
2024-11-02T08:00:00,569.67
2024-11-02T09:00:00,722.35
2024-11-02T10:00:00,840.5
2024-11-02T11:00:00,857.12
2024-11-02T12:00:00,925.33
2024-11-02T13:00:00,748.17
2024-11-02T14:00:00,696.45
2024-11-02T15:00:00,466.48
2024-11-02T16:00:00,250.88
2024-11-02T17:00:00,60.3
2024-11-02T18:00:00,0.0
2024-11-02T19:00:00,0.0
2024-11-02T20:00:00,0.0
2024-11-02T21:00:00,0.0
2024-11-02T22:00:00,0.0
2024-11-02T23:00:00,0.0
2024-11-03T00:00:00,0.0
2024-11-03T01:00:00,0.0
2024-11-03T02:00:00,0.0
2024-11-03T03:00:00,0.0
2024-11-03T04:00:00,0.0
2024-11-03T05:00:00,9.95
2024-11-03T06:00:00,141.12
2024-11-03T07:00:00,328.48
2024-11-03T08:00:00,590.5
2024-11-03T09:00:00,783.28
2024-11-03T10:00:00,819.47
2024-11-03T11:00:00,854.17
2024-11-03T12:00:00,834.8
2024-11-03T13:00:00,868.05
2024-11-03T14:00:00,655.33
2024-11-03T15:00:00,402.15
2024-11-03T16:00:00,237.35
2024-11-03T17:00:00,76.45
2024-11-03T18:00:00,0.0
2024-11-03T19:00:00,0.0
2024-11-03T20:00:00,0.0
2024-11-03T21:00:00,0.0
2024-11-03T22:00:00,0.0
2024-11-03T23:00:00,0.0
2024-11-04T00:00:00,0.0
2024-11-04T01:00:00,0.0
2024-11-04T02:00:00,0.0
2024-11-04T03:00:00,0.0
2024-11-04T04:00:00,0.0
2024-11-04T05:00:00,10.02
2024-11-04T06:00:00,123.12
2024-11-04T07:00:00,269.67
2024-11-04T08:00:00,559.62
2024-11-04T09:00:00,750.47
2024-11-04T10:00:00,896.83
2024-11-04T11:00:00,978.38
2024-11-04T12:00:00,990.12
2024-11-04T13:00:00,886.28
2024-11-04T14:00:00,727.75
2024-11-04T15:00:00,543.1
2024-11-04T16:00:00,315.77
2024-11-04T17:00:00,98.8
2024-11-04T18:00:00,0.0
2024-11-04T19:00:00,0.0
2024-11-04T20:00:00,0.0
2024-11-04T21:00:00,0.0
2024-11-04T22:00:00,0.0
2024-11-04T23:00:00,0.0
2024-11-05T00:00:00,0.0
2024-11-05T01:00:00,0.0
2024-11-05T02:00:00,0.0
2024-11-05T03:00:00,0.0
2024-11-05T04:00:00,0.0
2024-11-05T05:00:00,10.02
2024-11-05T06:00:00,110.62
2024-11-05T07:00:00,247.1
2024-11-05T08:00:00,495.6
2024-11-05T09:00:00,667.4
2024-11-05T10:00:00,793.03
2024-11-05T11:00:00,754.03
2024-11-05T12:00:00,705.4
2024-11-05T13:00:00,754.88
2024-11-05T14:00:00,467.2
2024-11-05T15:00:00,341.92
2024-11-05T16:00:00,199.98
2024-11-05T17:00:00,59.97
2024-11-05T18:00:00,0.0
2024-11-05T19:00:00,0.0
2024-11-05T20:00:00,0.0
2024-11-05T21:00:00,0.0
2024-11-05T22:00:00,0.0
2024-11-05T23:00:00,0.0
2024-11-06T00:00:00,0.0
2024-11-06T01:00:00,0.0
2024-11-06T02:00:00,0.0
2024-11-06T03:00:00,0.0
2024-11-06T04:00:00,0.0
2024-11-06T05:00:00,6.3
2024-11-06T06:00:00,64.03
2024-11-06T07:00:00,159.25
2024-11-06T08:00:00,276.35
2024-11-06T09:00:00,386.25
2024-11-06T10:00:00,498.23
2024-11-06T11:00:00,517.92
2024-11-06T12:00:00,429.12
2024-11-06T13:00:00,443.05
2024-11-06T14:00:00,396.52
2024-11-06T15:00:00,282.88
2024-11-06T16:00:00,163.38
2024-11-06T17:00:00,54.85
2024-11-06T18:00:00,0.0
2024-11-06T19:00:00,0.0
2024-11-06T20:00:00,0.0
2024-11-06T21:00:00,0.0
2024-11-06T22:00:00,0.0
2024-11-06T23:00:00,0.0
2024-11-07T00:00:00,0.0
2024-11-07T01:00:00,0.0
2024-11-07T02:00:00,0.0
2024-11-07T03:00:00,0.0
2024-11-07T04:00:00,0.0
2024-11-07T05:00:00,7.22
2024-11-07T06:00:00,64.57
2024-11-07T07:00:00,177.52
2024-11-07T08:00:00,318.62
2024-11-07T09:00:00,424.38
2024-11-07T10:00:00,583.75
2024-11-07T11:00:00,644.6
2024-11-07T12:00:00,633.17
2024-11-07T13:00:00,567.8
2024-11-07T14:00:00,476.92
2024-11-07T15:00:00,264.98
2024-11-07T16:00:00,148.85
2024-11-07T17:00:00,40.8
2024-11-07T18:00:00,0.0
2024-11-07T19:00:00,0.0
2024-11-07T20:00:00,0.0
2024-11-07T21:00:00,0.0
2024-11-07T22:00:00,0.0
2024-11-07T23:00:00,0.0
2024-11-08T00:00:00,0.0
2024-11-08T01:00:00,0.0
2024-11-08T02:00:00,0.0
2024-11-08T03:00:00,0.0
2024-11-08T04:00:00,0.0
2024-11-08T05:00:00,7.57
2024-11-08T06:00:00,117.3
2024-11-08T07:00:00,264.25
2024-11-08T08:00:00,401.15
2024-11-08T09:00:00,514.65
2024-11-08T10:00:00,582.28
2024-11-08T11:00:00,531.3
2024-11-08T12:00:00,526.45
2024-11-08T13:00:00,481.8
2024-11-08T14:00:00,376.23
2024-11-08T15:00:00,290.75
2024-11-08T16:00:00,143.02
2024-11-08T17:00:00,55.1
2024-11-08T18:00:00,0.0
2024-11-08T19:00:00,0.0
2024-11-08T20:00:00,0.0
2024-11-08T21:00:00,0.0
2024-11-08T22:00:00,0.0
2024-11-08T23:00:00,0.0
2024-11-09T00:00:00,0.0
2024-11-09T01:00:00,0.0
2024-11-09T02:00:00,0.0
2024-11-09T03:00:00,0.0
2024-11-09T04:00:00,0.0
2024-11-09T05:00:00,4.95
2024-11-09T06:00:00,85.28
2024-11-09T07:00:00,194.12
2024-11-09T08:00:00,328.88
2024-11-09T09:00:00,470.33
2024-11-09T10:00:00,689.78
2024-11-09T11:00:00,788.42
2024-11-09T12:00:00,746.88
2024-11-09T13:00:00,694.17
2024-11-09T14:00:00,678.22
2024-11-09T15:00:00,511.88
2024-11-09T16:00:00,291.08
2024-11-09T17:00:00,89.35
2024-11-09T18:00:00,0.0
2024-11-09T19:00:00,0.0
2024-11-09T20:00:00,0.0
2024-11-09T21:00:00,0.0
2024-11-09T22:00:00,0.0
2024-11-09T23:00:00,0.0
2024-11-10T00:00:00,0.0
2024-11-10T01:00:00,0.0
2024-11-10T02:00:00,0.0
2024-11-10T03:00:00,0.0
2024-11-10T04:00:00,0.0
2024-11-10T05:00:00,15.4
2024-11-10T06:00:00,170.73
2024-11-10T07:00:00,384.92
2024-11-10T08:00:00,590.72
2024-11-10T09:00:00,787.05
2024-11-10T10:00:00,892.7
2024-11-10T11:00:00,892.22
2024-11-10T12:00:00,774.53
2024-11-10T13:00:00,737.85
2024-11-10T14:00:00,601.9
2024-11-10T15:00:00,446.67
2024-11-10T16:00:00,238.5
2024-11-10T17:00:00,77.55
2024-11-10T18:00:00,0.0
2024-11-10T19:00:00,0.0
2024-11-10T20:00:00,0.0
2024-11-10T21:00:00,0.0
2024-11-10T22:00:00,0.0
2024-11-10T23:00:00,0.0
2024-11-11T00:00:00,0.0
2024-11-11T01:00:00,0.0
2024-11-11T02:00:00,0.0
2024-11-11T03:00:00,0.0
2024-11-11T04:00:00,0.0
2024-11-11T05:00:00,7.57
2024-11-11T06:00:00,70.78
2024-11-11T07:00:00,177.15
2024-11-11T08:00:00,356.08
2024-11-11T09:00:00,497.85
2024-11-11T10:00:00,597.8
2024-11-11T11:00:00,639.1
2024-11-11T12:00:00,620.65
2024-11-11T13:00:00,551.47
2024-11-11T14:00:00,435.88
2024-11-11T15:00:00,287.58
2024-11-11T16:00:00,186.77
2024-11-11T17:00:00,81.18
2024-11-11T18:00:00,0.0
2024-11-11T19:00:00,0.0
2024-11-11T20:00:00,0.0
2024-11-11T21:00:00,0.0
2024-11-11T22:00:00,0.0
2024-11-11T23:00:00,0.0
2024-11-12T00:00:00,0.0
2024-11-12T01:00:00,0.0
2024-11-12T02:00:00,0.0
2024-11-12T03:00:00,0.0
2024-11-12T04:00:00,0.0
2024-11-12T05:00:00,15.38
2024-11-12T06:00:00,151.52
2024-11-12T07:00:00,306.92
2024-11-12T08:00:00,486.45
2024-11-12T09:00:00,654.65
2024-11-12T10:00:00,772.83
2024-11-12T11:00:00,773.83
2024-11-12T12:00:00,720.5
2024-11-12T13:00:00,683.15
2024-11-12T14:00:00,534.1
2024-11-12T15:00:00,410.75
2024-11-12T16:00:00,239.0
2024-11-12T17:00:00,95.15
2024-11-12T18:00:00,0.0
2024-11-12T19:00:00,0.0
2024-11-12T20:00:00,0.0
2024-11-12T21:00:00,0.0
2024-11-12T22:00:00,0.0
2024-11-12T23:00:00,0.0
2024-11-13T00:00:00,0.0
2024-11-13T01:00:00,0.0
2024-11-13T02:00:00,0.0
2024-11-13T03:00:00,0.0
2024-11-13T04:00:00,0.0
2024-11-13T05:00:00,12.4
2024-11-13T06:00:00,118.85
2024-11-13T07:00:00,287.42
2024-11-13T08:00:00,479.12
2024-11-13T09:00:00,655.67
2024-11-13T10:00:00,777.45
2024-11-13T11:00:00,823.5
2024-11-13T12:00:00,746.28
2024-11-13T13:00:00,760.88
2024-11-13T14:00:00,550.8
2024-11-13T15:00:00,391.52
2024-11-13T16:00:00,205.2
2024-11-13T17:00:00,64.38
2024-11-13T18:00:00,0.0
2024-11-13T19:00:00,0.0
2024-11-13T20:00:00,0.0
2024-11-13T21:00:00,0.0
2024-11-13T22:00:00,0.0
2024-11-13T23:00:00,0.0
2024-11-14T00:00:00,0.0
2024-11-14T01:00:00,0.0
2024-11-14T02:00:00,0.0
2024-11-14T03:00:00,0.0
2024-11-14T04:00:00,0.0
2024-11-14T05:00:00,14.55
2024-11-14T06:00:00,142.6
2024-11-14T07:00:00,288.88
2024-11-14T08:00:00,541.25
2024-11-14T09:00:00,722.8
2024-11-14T10:00:00,837.12
2024-11-14T11:00:00,879.6
2024-11-14T12:00:00,825.7
2024-11-14T13:00:00,802.53
2024-11-14T14:00:00,673.42
2024-11-14T15:00:00,484.8
2024-11-14T16:00:00,282.77
2024-11-14T17:00:00,105.68
2024-11-14T18:00:00,0.0
2024-11-14T19:00:00,0.0
2024-11-14T20:00:00,0.0
2024-11-14T21:00:00,0.0
2024-11-14T22:00:00,0.0
2024-11-14T23:00:00,0.0
2024-11-15T00:00:00,0.0
2024-11-15T01:00:00,0.0
2024-11-15T02:00:00,0.0
2024-11-15T03:00:00,0.0
2024-11-15T04:00:00,0.0
2024-11-15T05:00:00,14.02
2024-11-15T06:00:00,139.77
2024-11-15T07:00:00,292.85
2024-11-15T08:00:00,577.3
2024-11-15T09:00:00,765.88
2024-11-15T10:00:00,880.62
2024-11-15T11:00:00,963.1
2024-11-15T12:00:00,991.25
2024-11-15T13:00:00,912.0
2024-11-15T14:00:00,773.97
2024-11-15T15:00:00,558.97
2024-11-15T16:00:00,328.9
2024-11-15T17:00:00,116.0
2024-11-15T18:00:00,0.0
2024-11-15T19:00:00,0.0
2024-11-15T20:00:00,0.0
2024-11-15T21:00:00,0.0
2024-11-15T22:00:00,0.0
2024-11-15T23:00:00,0.0
2024-11-16T00:00:00,0.0
2024-11-16T01:00:00,0.0
2024-11-16T02:00:00,0.0
2024-11-16T03:00:00,0.0
2024-11-16T04:00:00,0.0
2024-11-16T05:00:00,16.08
2024-11-16T06:00:00,167.57
2024-11-16T07:00:00,355.55
2024-11-16T08:00:00,603.83
2024-11-16T09:00:00,796.1
2024-11-16T10:00:00,932.5
2024-11-16T11:00:00,973.62
2024-11-16T12:00:00,919.67
2024-11-16T13:00:00,784.17
2024-11-16T14:00:00,634.35
2024-11-16T15:00:00,497.62
2024-11-16T16:00:00,293.6
2024-11-16T17:00:00,103.28
2024-11-16T18:00:00,0.0
2024-11-16T19:00:00,0.0
2024-11-16T20:00:00,0.0
2024-11-16T21:00:00,0.0
2024-11-16T22:00:00,0.0
2024-11-16T23:00:00,0.0
2024-11-17T00:00:00,0.0
2024-11-17T01:00:00,0.0
2024-11-17T02:00:00,0.0
2024-11-17T03:00:00,0.0
2024-11-17T04:00:00,0.0
2024-11-17T05:00:00,10.23
2024-11-17T06:00:00,93.72
2024-11-17T07:00:00,219.88
2024-11-17T08:00:00,451.55
2024-11-17T09:00:00,630.65
2024-11-17T10:00:00,746.62
2024-11-17T11:00:00,755.95
2024-11-17T12:00:00,731.38
2024-11-17T13:00:00,671.15
2024-11-17T14:00:00,586.97
2024-11-17T15:00:00,385.33
2024-11-17T16:00:00,210.52
2024-11-17T17:00:00,71.47
2024-11-17T18:00:00,3.05
2024-11-17T19:00:00,0.0
2024-11-17T20:00:00,0.0
2024-11-17T21:00:00,0.0
2024-11-17T22:00:00,0.0
2024-11-17T23:00:00,0.0
2024-11-18T00:00:00,0.0
2024-11-18T01:00:00,0.0
2024-11-18T02:00:00,0.0
2024-11-18T03:00:00,0.0
2024-11-18T04:00:00,0.0
2024-11-18T05:00:00,14.6
2024-11-18T06:00:00,149.55
2024-11-18T07:00:00,319.58
2024-11-18T08:00:00,502.38
2024-11-18T09:00:00,781.67
2024-11-18T10:00:00,911.47
2024-11-18T11:00:00,952.9
2024-11-18T12:00:00,905.03
2024-11-18T13:00:00,798.85
2024-11-18T14:00:00,559.45
2024-11-18T15:00:00,290.92
2024-11-18T16:00:00,173.82
2024-11-18T17:00:00,61.35
2024-11-18T18:00:00,2.3
2024-11-18T19:00:00,0.0
2024-11-18T20:00:00,0.0
2024-11-18T21:00:00,0.0
2024-11-18T22:00:00,0.0
2024-11-18T23:00:00,0.0
2024-11-19T00:00:00,0.0
2024-11-19T01:00:00,0.0
2024-11-19T02:00:00,0.0
2024-11-19T03:00:00,0.0
2024-11-19T04:00:00,0.0
2024-11-19T05:00:00,13.3
2024-11-19T06:00:00,166.82
2024-11-19T07:00:00,351.5
2024-11-19T08:00:00,520.62
2024-11-19T09:00:00,668.03
2024-11-19T10:00:00,846.95
2024-11-19T11:00:00,858.55
2024-11-19T12:00:00,815.53
2024-11-19T13:00:00,817.67
2024-11-19T14:00:00,471.4
2024-11-19T15:00:00,179.18
2024-11-19T16:00:00,181.4
2024-11-19T17:00:00,63.47
2024-11-19T18:00:00,2.65
2024-11-19T19:00:00,0.0
2024-11-19T20:00:00,0.0
2024-11-19T21:00:00,0.0
2024-11-19T22:00:00,0.0
2024-11-19T23:00:00,0.0
2024-11-20T00:00:00,0.0
2024-11-20T01:00:00,0.0
2024-11-20T02:00:00,0.0
2024-11-20T03:00:00,0.0
2024-11-20T04:00:00,0.0
2024-11-20T05:00:00,10.5
2024-11-20T06:00:00,118.93
2024-11-20T07:00:00,274.48
2024-11-20T08:00:00,453.02
2024-11-20T09:00:00,636.2
2024-11-20T10:00:00,746.58
2024-11-20T11:00:00,792.95
2024-11-20T12:00:00,717.7
2024-11-20T13:00:00,607.1
2024-11-20T14:00:00,500.02
2024-11-20T15:00:00,216.57
2024-11-20T16:00:00,132.1
2024-11-20T17:00:00,56.6
2024-11-20T18:00:00,2.25
2024-11-20T19:00:00,0.0
2024-11-20T20:00:00,0.0
2024-11-20T21:00:00,0.0
2024-11-20T22:00:00,0.0
2024-11-20T23:00:00,0.0
2024-11-21T00:00:00,0.0
2024-11-21T01:00:00,0.0
2024-11-21T02:00:00,0.0
2024-11-21T03:00:00,0.0
2024-11-21T04:00:00,0.0
2024-11-21T05:00:00,9.45
2024-11-21T06:00:00,66.75
2024-11-21T07:00:00,186.0
2024-11-21T08:00:00,363.27
2024-11-21T09:00:00,505.4
2024-11-21T10:00:00,581.35
2024-11-21T11:00:00,641.75
2024-11-21T12:00:00,703.7
2024-11-21T13:00:00,619.17
2024-11-21T14:00:00,412.5
2024-11-21T15:00:00,92.05
2024-11-21T16:00:00,101.6
2024-11-21T17:00:00,49.1
2024-11-21T18:00:00,2.92
2024-11-21T19:00:00,0.0
2024-11-21T20:00:00,0.0
2024-11-21T21:00:00,0.0
2024-11-21T22:00:00,0.0
2024-11-21T23:00:00,0.0
2024-11-22T00:00:00,0.0
2024-11-22T01:00:00,0.0
2024-11-22T02:00:00,0.0
2024-11-22T03:00:00,0.0
2024-11-22T04:00:00,0.0
2024-11-22T05:00:00,14.45
2024-11-22T06:00:00,162.38
2024-11-22T07:00:00,351.38
2024-11-22T08:00:00,522.88
2024-11-22T09:00:00,708.45
2024-11-22T10:00:00,794.28
2024-11-22T11:00:00,948.72
2024-11-22T12:00:00,889.35
2024-11-22T13:00:00,814.38
2024-11-22T14:00:00,640.8
2024-11-22T15:00:00,455.95
2024-11-22T16:00:00,258.98
2024-11-22T17:00:00,89.7
2024-11-22T18:00:00,3.83
2024-11-22T19:00:00,0.0
2024-11-22T20:00:00,0.0
2024-11-22T21:00:00,0.0
2024-11-22T22:00:00,0.0
2024-11-22T23:00:00,0.0
2024-11-23T00:00:00,0.0
2024-11-23T01:00:00,0.0
2024-11-23T02:00:00,0.0
2024-11-23T03:00:00,0.0
2024-11-23T04:00:00,0.0
2024-11-23T05:00:00,13.8
2024-11-23T06:00:00,127.75
2024-11-23T07:00:00,272.98
2024-11-23T08:00:00,496.9
2024-11-23T09:00:00,703.58
2024-11-23T10:00:00,796.8
2024-11-23T11:00:00,791.7
2024-11-23T12:00:00,776.88
2024-11-23T13:00:00,778.1
2024-11-23T14:00:00,610.53
2024-11-23T15:00:00,408.38
2024-11-23T16:00:00,240.55
2024-11-23T17:00:00,79.93
2024-11-23T18:00:00,3.33
2024-11-23T19:00:00,0.0
2024-11-23T20:00:00,0.0
2024-11-23T21:00:00,0.0
2024-11-23T22:00:00,0.0
2024-11-23T23:00:00,0.0
2024-11-24T00:00:00,0.0
2024-11-24T01:00:00,0.0
2024-11-24T02:00:00,0.0
2024-11-24T03:00:00,0.0
2024-11-24T04:00:00,0.0
2024-11-24T05:00:00,12.32
2024-11-24T06:00:00,123.32
2024-11-24T07:00:00,317.17
2024-11-24T08:00:00,507.52
2024-11-24T09:00:00,691.5
2024-11-24T10:00:00,653.9
2024-11-24T11:00:00,758.38
2024-11-24T12:00:00,708.62
2024-11-24T13:00:00,615.47
2024-11-24T14:00:00,512.17
2024-11-24T15:00:00,371.7
2024-11-24T16:00:00,218.32
2024-11-24T17:00:00,79.4
2024-11-24T18:00:00,3.33
2024-11-24T19:00:00,0.0
2024-11-24T20:00:00,0.0
2024-11-24T21:00:00,0.0
2024-11-24T22:00:00,0.0
2024-11-24T23:00:00,0.0
2024-11-25T00:00:00,0.0
2024-11-25T01:00:00,0.0
2024-11-25T02:00:00,0.0
2024-11-25T03:00:00,0.0
2024-11-25T04:00:00,0.0
2024-11-25T05:00:00,3.92
2024-11-25T06:00:00,63.3
2024-11-25T07:00:00,140.85
2024-11-25T08:00:00,219.68
2024-11-25T09:00:00,355.67
2024-11-25T10:00:00,428.25
2024-11-25T11:00:00,432.1
2024-11-25T12:00:00,339.1
2024-11-25T13:00:00,463.48
2024-11-25T14:00:00,125.8
2024-11-25T15:00:00,122.57
2024-11-25T16:00:00,85.25
2024-11-25T17:00:00,40.72
2024-11-25T18:00:00,2.83
2024-11-25T19:00:00,0.0
2024-11-25T20:00:00,0.0
2024-11-25T21:00:00,0.0
2024-11-25T22:00:00,0.0
2024-11-25T23:00:00,0.0
2024-11-26T00:00:00,0.0
2024-11-26T01:00:00,0.0
2024-11-26T02:00:00,0.0
2024-11-26T03:00:00,0.0
2024-11-26T04:00:00,0.0
2024-11-26T05:00:00,5.3
2024-11-26T06:00:00,86.55
2024-11-26T07:00:00,185.32
2024-11-26T08:00:00,318.3
2024-11-26T09:00:00,451.02
2024-11-26T10:00:00,517.25
2024-11-26T11:00:00,472.38
2024-11-26T12:00:00,438.5
2024-11-26T13:00:00,422.95
2024-11-26T14:00:00,229.23
2024-11-26T15:00:00,190.7
2024-11-26T16:00:00,100.28
2024-11-26T17:00:00,28.3
2024-11-26T18:00:00,2.08
2024-11-26T19:00:00,0.0
2024-11-26T20:00:00,0.0
2024-11-26T21:00:00,0.0
2024-11-26T22:00:00,0.0
2024-11-26T23:00:00,0.0
2024-11-27T00:00:00,0.0
2024-11-27T01:00:00,0.0
2024-11-27T02:00:00,0.0
2024-11-27T03:00:00,0.0
2024-11-27T04:00:00,0.0
2024-11-27T05:00:00,11.25
2024-11-27T06:00:00,108.85
2024-11-27T07:00:00,271.27
2024-11-27T08:00:00,454.52
2024-11-27T09:00:00,614.38
2024-11-27T10:00:00,698.53
2024-11-27T11:00:00,760.38
2024-11-27T12:00:00,679.33
2024-11-27T13:00:00,541.28
2024-11-27T14:00:00,454.6
2024-11-27T15:00:00,154.48
2024-11-27T16:00:00,96.62
2024-11-27T17:00:00,38.17
2024-11-27T18:00:00,2.67
2024-11-27T19:00:00,0.0
2024-11-27T20:00:00,0.0
2024-11-27T21:00:00,0.0
2024-11-27T22:00:00,0.0
2024-11-27T23:00:00,0.0
2024-11-28T00:00:00,0.0
2024-11-28T01:00:00,0.0
2024-11-28T02:00:00,0.0
2024-11-28T03:00:00,0.0
2024-11-28T04:00:00,0.0
2024-11-28T05:00:00,12.73
2024-11-28T06:00:00,123.47
2024-11-28T07:00:00,273.05
2024-11-28T08:00:00,494.1
2024-11-28T09:00:00,639.4
2024-11-28T10:00:00,701.6
2024-11-28T11:00:00,868.83
2024-11-28T12:00:00,929.75
2024-11-28T13:00:00,838.1
2024-11-28T14:00:00,628.72
2024-11-28T15:00:00,436.58
2024-11-28T16:00:00,251.18
2024-11-28T17:00:00,86.7
2024-11-28T18:00:00,4.47
2024-11-28T19:00:00,0.0
2024-11-28T20:00:00,0.0
2024-11-28T21:00:00,0.0
2024-11-28T22:00:00,0.0
2024-11-28T23:00:00,0.0
2024-11-29T00:00:00,0.0
2024-11-29T01:00:00,0.0
2024-11-29T02:00:00,0.0
2024-11-29T03:00:00,0.0
2024-11-29T04:00:00,0.0
2024-11-29T05:00:00,9.65
2024-11-29T06:00:00,123.82
2024-11-29T07:00:00,268.52
2024-11-29T08:00:00,398.15
2024-11-29T09:00:00,549.72
2024-11-29T10:00:00,670.38
2024-11-29T11:00:00,744.5
2024-11-29T12:00:00,644.65
2024-11-29T13:00:00,499.3
2024-11-29T14:00:00,114.12
2024-11-29T15:00:00,60.3
2024-11-29T16:00:00,39.5
2024-11-29T17:00:00,16.55
2024-11-29T18:00:00,1.08
2024-11-29T19:00:00,0.0
2024-11-29T20:00:00,0.0
2024-11-29T21:00:00,0.0
2024-11-29T22:00:00,0.0
2024-11-29T23:00:00,0.0
2024-11-30T00:00:00,0.0
2024-11-30T01:00:00,0.0
2024-11-30T02:00:00,0.0
2024-11-30T03:00:00,0.0
2024-11-30T04:00:00,0.0
2024-11-30T05:00:00,6.75
2024-11-30T06:00:00,77.25
2024-11-30T07:00:00,162.12
2024-11-30T08:00:00,261.25
2024-11-30T09:00:00,379.95
2024-11-30T10:00:00,477.73
2024-11-30T11:00:00,552.15
2024-11-30T12:00:00,531.53
2024-11-30T13:00:00,409.73
2024-11-30T14:00:00,182.62
2024-11-30T15:00:00,92.5
2024-11-30T16:00:00,51.78
2024-11-30T17:00:00,27.62
2024-11-30T18:00:00,0.77
2024-11-30T19:00:00,0.0
2024-11-30T20:00:00,0.0
2024-11-30T21:00:00,0.0
2024-11-30T22:00:00,0.0
2024-11-30T23:00:00,0.0
2024-12-01T00:00:00,0.0
2024-12-01T01:00:00,0.0
2024-12-01T02:00:00,0.0
2024-12-01T03:00:00,0.0
2024-12-01T04:00:00,0.0
2024-12-01T05:00:00,10.88
2024-12-01T06:00:00,90.6
2024-12-01T07:00:00,198.15
2024-12-01T08:00:00,318.77
2024-12-01T09:00:00,434.0
2024-12-01T10:00:00,714.42
2024-12-01T11:00:00,846.0
2024-12-01T12:00:00,886.42
2024-12-01T13:00:00,883.92
2024-12-01T14:00:00,669.22
2024-12-01T15:00:00,462.7
2024-12-01T16:00:00,267.45
2024-12-01T17:00:00,89.7
2024-12-01T18:00:00,5.72
2024-12-01T19:00:00,0.0
2024-12-01T20:00:00,0.0
2024-12-01T21:00:00,0.0
2024-12-01T22:00:00,0.0
2024-12-01T23:00:00,0.0
2024-12-02T00:00:00,0.0
2024-12-02T01:00:00,0.0
2024-12-02T02:00:00,0.0
2024-12-02T03:00:00,0.0
2024-12-02T04:00:00,0.0
2024-12-02T05:00:00,9.05
2024-12-02T06:00:00,103.7
2024-12-02T07:00:00,223.85
2024-12-02T08:00:00,355.02
2024-12-02T09:00:00,447.98
2024-12-02T10:00:00,526.33
2024-12-02T11:00:00,689.25
2024-12-02T12:00:00,741.8
2024-12-02T13:00:00,471.17
2024-12-02T14:00:00,360.1
2024-12-02T15:00:00,219.75
2024-12-02T16:00:00,137.43
2024-12-02T17:00:00,59.33
2024-12-02T18:00:00,5.72
2024-12-02T19:00:00,0.0
2024-12-02T20:00:00,0.0
2024-12-02T21:00:00,0.0
2024-12-02T22:00:00,0.0
2024-12-02T23:00:00,0.0
2024-12-03T00:00:00,0.0
2024-12-03T01:00:00,0.0
2024-12-03T02:00:00,0.0
2024-12-03T03:00:00,0.0
2024-12-03T04:00:00,0.0
2024-12-03T05:00:00,12.0
2024-12-03T06:00:00,121.28
2024-12-03T07:00:00,268.45
2024-12-03T08:00:00,443.92
2024-12-03T09:00:00,562.83
2024-12-03T10:00:00,721.65
2024-12-03T11:00:00,792.85
2024-12-03T12:00:00,645.1
2024-12-03T13:00:00,484.88
2024-12-03T14:00:00,271.08
2024-12-03T15:00:00,179.57
2024-12-03T16:00:00,186.1
2024-12-03T17:00:00,74.53
2024-12-03T18:00:00,5.28
2024-12-03T19:00:00,0.0
2024-12-03T20:00:00,0.0
2024-12-03T21:00:00,0.0
2024-12-03T22:00:00,0.0
2024-12-03T23:00:00,0.0
2024-12-04T00:00:00,0.0
2024-12-04T01:00:00,0.0
2024-12-04T02:00:00,0.0
2024-12-04T03:00:00,0.0
2024-12-04T04:00:00,0.0
2024-12-04T05:00:00,12.55
2024-12-04T06:00:00,146.68
2024-12-04T07:00:00,351.98
2024-12-04T08:00:00,538.62
2024-12-04T09:00:00,756.42
2024-12-04T10:00:00,882.95
2024-12-04T11:00:00,960.75
2024-12-04T12:00:00,910.9
2024-12-04T13:00:00,879.62
2024-12-04T14:00:00,643.8
2024-12-04T15:00:00,309.08
2024-12-04T16:00:00,206.45
2024-12-04T17:00:00,78.55
2024-12-04T18:00:00,5.62
2024-12-04T19:00:00,0.0
2024-12-04T20:00:00,0.0
2024-12-04T21:00:00,0.0
2024-12-04T22:00:00,0.0
2024-12-04T23:00:00,0.0
2024-12-05T00:00:00,0.0
2024-12-05T01:00:00,0.0
2024-12-05T02:00:00,0.0
2024-12-05T03:00:00,0.0
2024-12-05T04:00:00,0.0
2024-12-05T05:00:00,10.85
2024-12-05T06:00:00,126.55
2024-12-05T07:00:00,316.62
2024-12-05T08:00:00,499.17
2024-12-05T09:00:00,647.85
2024-12-05T10:00:00,815.33
2024-12-05T11:00:00,900.4
2024-12-05T12:00:00,881.47
2024-12-05T13:00:00,838.05
2024-12-05T14:00:00,568.5
2024-12-05T15:00:00,334.83
2024-12-05T16:00:00,218.02
2024-12-05T17:00:00,97.3
2024-12-05T18:00:00,4.6
2024-12-05T19:00:00,0.0
2024-12-05T20:00:00,0.0
2024-12-05T21:00:00,0.0
2024-12-05T22:00:00,0.0
2024-12-05T23:00:00,0.0
2024-12-06T00:00:00,0.0
2024-12-06T01:00:00,0.0
2024-12-06T02:00:00,0.0
2024-12-06T03:00:00,0.0
2024-12-06T04:00:00,0.0
2024-12-06T05:00:00,8.68
2024-12-06T06:00:00,102.55
2024-12-06T07:00:00,262.88
2024-12-06T08:00:00,420.08
2024-12-06T09:00:00,574.9
2024-12-06T10:00:00,698.67
2024-12-06T11:00:00,670.1
2024-12-06T12:00:00,358.17
2024-12-06T13:00:00,210.65
2024-12-06T14:00:00,452.48
2024-12-06T15:00:00,173.12
2024-12-06T16:00:00,119.47
2024-12-06T17:00:00,53.58
2024-12-06T18:00:00,4.97
2024-12-06T19:00:00,0.0
2024-12-06T20:00:00,0.0
2024-12-06T21:00:00,0.0
2024-12-06T22:00:00,0.0
2024-12-06T23:00:00,0.0
2024-12-07T00:00:00,0.0
2024-12-07T01:00:00,0.0
2024-12-07T02:00:00,0.0
2024-12-07T03:00:00,0.0
2024-12-07T04:00:00,0.0
2024-12-07T05:00:00,12.62
2024-12-07T06:00:00,150.93
2024-12-07T07:00:00,343.23
2024-12-07T08:00:00,534.35
2024-12-07T09:00:00,742.28
2024-12-07T10:00:00,879.75
2024-12-07T11:00:00,950.95
2024-12-07T12:00:00,910.12
2024-12-07T13:00:00,867.97
2024-12-07T14:00:00,718.4
2024-12-07T15:00:00,524.92
2024-12-07T16:00:00,330.88
2024-12-07T17:00:00,136.45
2024-12-07T18:00:00,9.6
2024-12-07T19:00:00,0.0
2024-12-07T20:00:00,0.0
2024-12-07T21:00:00,0.0
2024-12-07T22:00:00,0.0
2024-12-07T23:00:00,0.0
2024-12-08T00:00:00,0.0
2024-12-08T01:00:00,0.0
2024-12-08T02:00:00,0.0
2024-12-08T03:00:00,0.0
2024-12-08T04:00:00,0.0
2024-12-08T05:00:00,12.98
2024-12-08T06:00:00,117.62
2024-12-08T07:00:00,294.92
2024-12-08T08:00:00,473.88
2024-12-08T09:00:00,649.62
2024-12-08T10:00:00,802.17
2024-12-08T11:00:00,809.3
2024-12-08T12:00:00,760.28
2024-12-08T13:00:00,790.88
2024-12-08T14:00:00,670.62
2024-12-08T15:00:00,428.25
2024-12-08T16:00:00,254.88
2024-12-08T17:00:00,100.85
2024-12-08T18:00:00,7.85
2024-12-08T19:00:00,0.0
2024-12-08T20:00:00,0.0
2024-12-08T21:00:00,0.0
2024-12-08T22:00:00,0.0
2024-12-08T23:00:00,0.0
2024-12-09T00:00:00,0.0
2024-12-09T01:00:00,0.0
2024-12-09T02:00:00,0.0
2024-12-09T03:00:00,0.0
2024-12-09T04:00:00,0.0
2024-12-09T05:00:00,12.55
2024-12-09T06:00:00,117.78
2024-12-09T07:00:00,296.65
2024-12-09T08:00:00,486.65
2024-12-09T09:00:00,667.4
2024-12-09T10:00:00,789.17
2024-12-09T11:00:00,848.25
2024-12-09T12:00:00,905.03
2024-12-09T13:00:00,874.78
2024-12-09T14:00:00,760.12
2024-12-09T15:00:00,582.28
2024-12-09T16:00:00,370.65
2024-12-09T17:00:00,151.95
2024-12-09T18:00:00,11.05
2024-12-09T19:00:00,0.0
2024-12-09T20:00:00,0.0
2024-12-09T21:00:00,0.0
2024-12-09T22:00:00,0.0
2024-12-09T23:00:00,0.0
2024-12-10T00:00:00,0.0
2024-12-10T01:00:00,0.0
2024-12-10T02:00:00,0.0
2024-12-10T03:00:00,0.0
2024-12-10T04:00:00,0.0
2024-12-10T05:00:00,12.95
2024-12-10T06:00:00,144.57
2024-12-10T07:00:00,343.27
2024-12-10T08:00:00,544.92
2024-12-10T09:00:00,720.95
2024-12-10T10:00:00,881.67
2024-12-10T11:00:00,904.1
2024-12-10T12:00:00,899.1
2024-12-10T13:00:00,809.58
2024-12-10T14:00:00,728.85
2024-12-10T15:00:00,544.58
2024-12-10T16:00:00,337.98
2024-12-10T17:00:00,130.52
2024-12-10T18:00:00,9.73
2024-12-10T19:00:00,0.0
2024-12-10T20:00:00,0.0
2024-12-10T21:00:00,0.0
2024-12-10T22:00:00,0.0
2024-12-10T23:00:00,0.0
2024-12-11T00:00:00,0.0
2024-12-11T01:00:00,0.0
2024-12-11T02:00:00,0.0
2024-12-11T03:00:00,0.0
2024-12-11T04:00:00,0.0
2024-12-11T05:00:00,8.55
2024-12-11T06:00:00,117.18
2024-12-11T07:00:00,290.88
2024-12-11T08:00:00,464.65
2024-12-11T09:00:00,659.75
2024-12-11T10:00:00,792.53
2024-12-11T11:00:00,817.7
2024-12-11T12:00:00,725.7
2024-12-11T13:00:00,732.92
2024-12-11T14:00:00,594.67
2024-12-11T15:00:00,489.6
2024-12-11T16:00:00,294.85
2024-12-11T17:00:00,120.15
2024-12-11T18:00:00,10.8
2024-12-11T19:00:00,0.0
2024-12-11T20:00:00,0.0
2024-12-11T21:00:00,0.0
2024-12-11T22:00:00,0.0
2024-12-11T23:00:00,0.0
2024-12-12T00:00:00,0.0
2024-12-12T01:00:00,0.0
2024-12-12T02:00:00,0.0
2024-12-12T03:00:00,0.0
2024-12-12T04:00:00,0.0
2024-12-12T05:00:00,13.35
2024-12-12T06:00:00,165.73
2024-12-12T07:00:00,381.02
2024-12-12T08:00:00,588.95
2024-12-12T09:00:00,783.25
2024-12-12T10:00:00,935.38
2024-12-12T11:00:00,1000.12
2024-12-12T12:00:00,994.33
2024-12-12T13:00:00,933.7
2024-12-12T14:00:00,813.42
2024-12-12T15:00:00,636.05
2024-12-12T16:00:00,414.83
2024-12-12T17:00:00,181.73
2024-12-12T18:00:00,14.18
2024-12-12T19:00:00,0.0
2024-12-12T20:00:00,0.0
2024-12-12T21:00:00,0.0
2024-12-12T22:00:00,0.0
2024-12-12T23:00:00,0.0
2024-12-13T00:00:00,0.0
2024-12-13T01:00:00,0.0
2024-12-13T02:00:00,0.0
2024-12-13T03:00:00,0.0
2024-12-13T04:00:00,0.0
2024-12-13T05:00:00,11.4
2024-12-13T06:00:00,136.55
2024-12-13T07:00:00,289.75
2024-12-13T08:00:00,591.38
2024-12-13T09:00:00,784.78
2024-12-13T10:00:00,935.03
2024-12-13T11:00:00,1005.83
2024-12-13T12:00:00,983.9
2024-12-13T13:00:00,844.38
2024-12-13T14:00:00,647.42
2024-12-13T15:00:00,503.77
2024-12-13T16:00:00,284.4
2024-12-13T17:00:00,122.35
2024-12-13T18:00:00,10.7
2024-12-13T19:00:00,0.0
2024-12-13T20:00:00,0.0
2024-12-13T21:00:00,0.0
2024-12-13T22:00:00,0.0
2024-12-13T23:00:00,0.0
2024-12-14T00:00:00,0.0
2024-12-14T01:00:00,0.0
2024-12-14T02:00:00,0.0
2024-12-14T03:00:00,0.0
2024-12-14T04:00:00,0.0
2024-12-14T05:00:00,12.8
2024-12-14T06:00:00,144.02
2024-12-14T07:00:00,307.33
2024-12-14T08:00:00,570.97
2024-12-14T09:00:00,729.47
2024-12-14T10:00:00,907.1
2024-12-14T11:00:00,936.22
2024-12-14T12:00:00,942.12
2024-12-14T13:00:00,859.45
2024-12-14T14:00:00,706.62
2024-12-14T15:00:00,471.62
2024-12-14T16:00:00,285.67
2024-12-14T17:00:00,114.1
2024-12-14T18:00:00,12.1
2024-12-14T19:00:00,0.0
2024-12-14T20:00:00,0.0
2024-12-14T21:00:00,0.0
2024-12-14T22:00:00,0.0
2024-12-14T23:00:00,0.0
2024-12-15T00:00:00,0.0
2024-12-15T01:00:00,0.0
2024-12-15T02:00:00,0.0
2024-12-15T03:00:00,0.0
2024-12-15T04:00:00,0.0
2024-12-15T05:00:00,11.55
2024-12-15T06:00:00,128.35
2024-12-15T07:00:00,291.6
2024-12-15T08:00:00,550.9
2024-12-15T09:00:00,735.67
2024-12-15T10:00:00,893.05
2024-12-15T11:00:00,918.55
2024-12-15T12:00:00,905.47
2024-12-15T13:00:00,888.5
2024-12-15T14:00:00,737.08
2024-12-15T15:00:00,547.7
2024-12-15T16:00:00,357.12
2024-12-15T17:00:00,158.23
2024-12-15T18:00:00,14.45
2024-12-15T19:00:00,0.0
2024-12-15T20:00:00,0.0
2024-12-15T21:00:00,0.0
2024-12-15T22:00:00,0.0
2024-12-15T23:00:00,0.0
2024-12-16T00:00:00,0.0
2024-12-16T01:00:00,0.0
2024-12-16T02:00:00,0.0
2024-12-16T03:00:00,0.0
2024-12-16T04:00:00,0.0
2024-12-16T05:00:00,10.6
2024-12-16T06:00:00,128.65
2024-12-16T07:00:00,285.35
2024-12-16T08:00:00,565.47
2024-12-16T09:00:00,756.25
2024-12-16T10:00:00,822.25
2024-12-16T11:00:00,895.28
2024-12-16T12:00:00,1010.65
2024-12-16T13:00:00,945.0
2024-12-16T14:00:00,795.75
2024-12-16T15:00:00,613.6
2024-12-16T16:00:00,389.05
2024-12-16T17:00:00,173.3
2024-12-16T18:00:00,15.23
2024-12-16T19:00:00,0.0
2024-12-16T20:00:00,0.0
2024-12-16T21:00:00,0.0
2024-12-16T22:00:00,0.0
2024-12-16T23:00:00,0.0
2024-12-17T00:00:00,0.0
2024-12-17T01:00:00,0.0
2024-12-17T02:00:00,0.0
2024-12-17T03:00:00,0.0
2024-12-17T04:00:00,0.0
2024-12-17T05:00:00,10.25
2024-12-17T06:00:00,147.55
2024-12-17T07:00:00,315.6
2024-12-17T08:00:00,553.85
2024-12-17T09:00:00,732.9
2024-12-17T10:00:00,931.55
2024-12-17T11:00:00,986.6
2024-12-17T12:00:00,1023.65
2024-12-17T13:00:00,876.0
2024-12-17T14:00:00,806.25
2024-12-17T15:00:00,593.47
2024-12-17T16:00:00,375.52
2024-12-17T17:00:00,156.18
2024-12-17T18:00:00,14.32
2024-12-17T19:00:00,0.0
2024-12-17T20:00:00,0.0
2024-12-17T21:00:00,0.0
2024-12-17T22:00:00,0.0
2024-12-17T23:00:00,0.0
2024-12-18T00:00:00,0.0
2024-12-18T01:00:00,0.0
2024-12-18T02:00:00,0.0
2024-12-18T03:00:00,0.0
2024-12-18T04:00:00,0.0
2024-12-18T05:00:00,8.82
2024-12-18T06:00:00,89.88
2024-12-18T07:00:00,250.2
2024-12-18T08:00:00,431.6
2024-12-18T09:00:00,605.42
2024-12-18T10:00:00,750.33
2024-12-18T11:00:00,784.67
2024-12-18T12:00:00,768.25
2024-12-18T13:00:00,577.85
2024-12-18T14:00:00,451.73
2024-12-18T15:00:00,240.35
2024-12-18T16:00:00,138.98
2024-12-18T17:00:00,75.43
2024-12-18T18:00:00,10.2
2024-12-18T19:00:00,0.0
2024-12-18T20:00:00,0.0
2024-12-18T21:00:00,0.0
2024-12-18T22:00:00,0.0
2024-12-18T23:00:00,0.0
2024-12-19T00:00:00,0.0
2024-12-19T01:00:00,0.0
2024-12-19T02:00:00,0.0
2024-12-19T03:00:00,0.0
2024-12-19T04:00:00,0.0
2024-12-19T05:00:00,7.57
2024-12-19T06:00:00,98.38
2024-12-19T07:00:00,243.02
2024-12-19T08:00:00,463.15
2024-12-19T09:00:00,680.62
2024-12-19T10:00:00,808.92
2024-12-19T11:00:00,879.47
2024-12-19T12:00:00,929.03
2024-12-19T13:00:00,888.62
2024-12-19T14:00:00,635.75
2024-12-19T15:00:00,393.15
2024-12-19T16:00:00,240.8
2024-12-19T17:00:00,114.32
2024-12-19T18:00:00,11.1
2024-12-19T19:00:00,0.0
2024-12-19T20:00:00,0.0
2024-12-19T21:00:00,0.0
2024-12-19T22:00:00,0.0
2024-12-19T23:00:00,0.0
2024-12-20T00:00:00,0.0
2024-12-20T01:00:00,0.0
2024-12-20T02:00:00,0.0
2024-12-20T03:00:00,0.0
2024-12-20T04:00:00,0.0
2024-12-20T05:00:00,8.3
2024-12-20T06:00:00,128.8
2024-12-20T07:00:00,291.83
2024-12-20T08:00:00,561.22
2024-12-20T09:00:00,617.67
2024-12-20T10:00:00,929.3
2024-12-20T11:00:00,998.97
2024-12-20T12:00:00,944.42
2024-12-20T13:00:00,836.25
2024-12-20T14:00:00,667.95
2024-12-20T15:00:00,497.8
2024-12-20T16:00:00,301.58
2024-12-20T17:00:00,115.18
2024-12-20T18:00:00,12.85
2024-12-20T19:00:00,0.0
2024-12-20T20:00:00,0.0
2024-12-20T21:00:00,0.0
2024-12-20T22:00:00,0.0
2024-12-20T23:00:00,0.0
2024-12-21T00:00:00,0.0
2024-12-21T01:00:00,0.0
2024-12-21T02:00:00,0.0
2024-12-21T03:00:00,0.0
2024-12-21T04:00:00,0.0
2024-12-21T05:00:00,8.48
2024-12-21T06:00:00,115.38
2024-12-21T07:00:00,293.05
2024-12-21T08:00:00,451.65
2024-12-21T09:00:00,728.75
2024-12-21T10:00:00,850.83
2024-12-21T11:00:00,942.5
2024-12-21T12:00:00,952.15
2024-12-21T13:00:00,876.15
2024-12-21T14:00:00,583.62
2024-12-21T15:00:00,348.25
2024-12-21T16:00:00,220.95
2024-12-21T17:00:00,102.12
2024-12-21T18:00:00,9.02
2024-12-21T19:00:00,0.0
2024-12-21T20:00:00,0.0
2024-12-21T21:00:00,0.0
2024-12-21T22:00:00,0.0
2024-12-21T23:00:00,0.0
2024-12-22T00:00:00,0.0
2024-12-22T01:00:00,0.0
2024-12-22T02:00:00,0.0
2024-12-22T03:00:00,0.0
2024-12-22T04:00:00,0.0
2024-12-22T05:00:00,8.02
2024-12-22T06:00:00,95.6
2024-12-22T07:00:00,211.27
2024-12-22T08:00:00,344.38
2024-12-22T09:00:00,500.23
2024-12-22T10:00:00,599.15
2024-12-22T11:00:00,733.3
2024-12-22T12:00:00,761.55
2024-12-22T13:00:00,536.28
2024-12-22T14:00:00,471.45
2024-12-22T15:00:00,272.5
2024-12-22T16:00:00,183.1
2024-12-22T17:00:00,82.45
2024-12-22T18:00:00,8.98
2024-12-22T19:00:00,0.0
2024-12-22T20:00:00,0.0
2024-12-22T21:00:00,0.0
2024-12-22T22:00:00,0.0
2024-12-22T23:00:00,0.0
2024-12-23T00:00:00,0.0
2024-12-23T01:00:00,0.0
2024-12-23T02:00:00,0.0
2024-12-23T03:00:00,0.0
2024-12-23T04:00:00,0.0
2024-12-23T05:00:00,4.78
2024-12-23T06:00:00,78.6
2024-12-23T07:00:00,182.5
2024-12-23T08:00:00,336.15
2024-12-23T09:00:00,470.23
2024-12-23T10:00:00,576.95
2024-12-23T11:00:00,705.03
2024-12-23T12:00:00,756.12
2024-12-23T13:00:00,634.17
2024-12-23T14:00:00,469.73
2024-12-23T15:00:00,335.9
2024-12-23T16:00:00,210.48
2024-12-23T17:00:00,96.35
2024-12-23T18:00:00,9.07
2024-12-23T19:00:00,0.0
2024-12-23T20:00:00,0.0
2024-12-23T21:00:00,0.0
2024-12-23T22:00:00,0.0
2024-12-23T23:00:00,0.0
2024-12-24T00:00:00,0.0
2024-12-24T01:00:00,0.0
2024-12-24T02:00:00,0.0
2024-12-24T03:00:00,0.0
2024-12-24T04:00:00,0.0
2024-12-24T05:00:00,0.7
2024-12-24T06:00:00,15.68
2024-12-24T07:00:00,43.38
2024-12-24T08:00:00,70.3
2024-12-24T09:00:00,103.93
2024-12-24T10:00:00,168.75
2024-12-24T11:00:00,286.3
2024-12-24T12:00:00,407.88
2024-12-24T13:00:00,559.5
2024-12-24T14:00:00,447.9
2024-12-24T15:00:00,338.27
2024-12-24T16:00:00,203.32
2024-12-24T17:00:00,89.62
2024-12-24T18:00:00,9.27
2024-12-24T19:00:00,0.0
2024-12-24T20:00:00,0.0
2024-12-24T21:00:00,0.0
2024-12-24T22:00:00,0.0
2024-12-24T23:00:00,0.0
2024-12-25T00:00:00,0.0
2024-12-25T01:00:00,0.0
2024-12-25T02:00:00,0.0
2024-12-25T03:00:00,0.0
2024-12-25T04:00:00,0.0
2024-12-25T05:00:00,5.12
2024-12-25T06:00:00,56.47
2024-12-25T07:00:00,134.23
2024-12-25T08:00:00,257.25
2024-12-25T09:00:00,370.8
2024-12-25T10:00:00,389.42
2024-12-25T11:00:00,269.67
2024-12-25T12:00:00,205.18
2024-12-25T13:00:00,242.3
2024-12-25T14:00:00,201.25
2024-12-25T15:00:00,180.85
2024-12-25T16:00:00,116.12
2024-12-25T17:00:00,56.47
2024-12-25T18:00:00,6.25
2024-12-25T19:00:00,0.0
2024-12-25T20:00:00,0.0
2024-12-25T21:00:00,0.0
2024-12-25T22:00:00,0.0
2024-12-25T23:00:00,0.0
2024-12-26T00:00:00,0.0
2024-12-26T01:00:00,0.0
2024-12-26T02:00:00,0.0
2024-12-26T03:00:00,0.0
2024-12-26T04:00:00,0.0
2024-12-26T05:00:00,4.9
2024-12-26T06:00:00,72.32
2024-12-26T07:00:00,199.65
2024-12-26T08:00:00,347.3
2024-12-26T09:00:00,494.17
2024-12-26T10:00:00,576.95
2024-12-26T11:00:00,576.08
2024-12-26T12:00:00,311.33
2024-12-26T13:00:00,310.67
2024-12-26T14:00:00,227.88
2024-12-26T15:00:00,164.9
2024-12-26T16:00:00,104.7
2024-12-26T17:00:00,49.85
2024-12-26T18:00:00,6.15
2024-12-26T19:00:00,0.0
2024-12-26T20:00:00,0.0
2024-12-26T21:00:00,0.0
2024-12-26T22:00:00,0.0
2024-12-26T23:00:00,0.0
2024-12-27T00:00:00,0.0
2024-12-27T01:00:00,0.0
2024-12-27T02:00:00,0.0
2024-12-27T03:00:00,0.0
2024-12-27T04:00:00,0.0
2024-12-27T05:00:00,3.85
2024-12-27T06:00:00,52.15
2024-12-27T07:00:00,133.62
2024-12-27T08:00:00,238.2
2024-12-27T09:00:00,302.98
2024-12-27T10:00:00,358.85
2024-12-27T11:00:00,273.55
2024-12-27T12:00:00,242.38
2024-12-27T13:00:00,210.27
2024-12-27T14:00:00,226.43
2024-12-27T15:00:00,98.5
2024-12-27T16:00:00,80.07
2024-12-27T17:00:00,44.05
2024-12-27T18:00:00,6.95
2024-12-27T19:00:00,0.0
2024-12-27T20:00:00,0.0
2024-12-27T21:00:00,0.0
2024-12-27T22:00:00,0.0
2024-12-27T23:00:00,0.0
2024-12-28T00:00:00,0.0
2024-12-28T01:00:00,0.0
2024-12-28T02:00:00,0.0
2024-12-28T03:00:00,0.0
2024-12-28T04:00:00,0.0
2024-12-28T05:00:00,6.55
2024-12-28T06:00:00,102.05
2024-12-28T07:00:00,272.23
2024-12-28T08:00:00,514.38
2024-12-28T09:00:00,716.67
2024-12-28T10:00:00,865.2
2024-12-28T11:00:00,900.15
2024-12-28T12:00:00,898.22
2024-12-28T13:00:00,868.72
2024-12-28T14:00:00,745.08
2024-12-28T15:00:00,558.92
2024-12-28T16:00:00,347.9
2024-12-28T17:00:00,149.8
2024-12-28T18:00:00,14.57
2024-12-28T19:00:00,0.0
2024-12-28T20:00:00,0.0
2024-12-28T21:00:00,0.0
2024-12-28T22:00:00,0.0
2024-12-28T23:00:00,0.0
2024-12-29T00:00:00,0.0
2024-12-29T01:00:00,0.0
2024-12-29T02:00:00,0.0
2024-12-29T03:00:00,0.0
2024-12-29T04:00:00,0.0
2024-12-29T05:00:00,3.95
2024-12-29T06:00:00,71.57
2024-12-29T07:00:00,165.55
2024-12-29T08:00:00,270.17
2024-12-29T09:00:00,374.38
2024-12-29T10:00:00,478.42
2024-12-29T11:00:00,460.17
2024-12-29T12:00:00,394.6
2024-12-29T13:00:00,300.88
2024-12-29T14:00:00,228.88
2024-12-29T15:00:00,242.25
2024-12-29T16:00:00,154.45
2024-12-29T17:00:00,73.62
2024-12-29T18:00:00,9.27
2024-12-29T19:00:00,0.0
2024-12-29T20:00:00,0.0
2024-12-29T21:00:00,0.0
2024-12-29T22:00:00,0.0
2024-12-29T23:00:00,0.0
2024-12-30T00:00:00,0.0
2024-12-30T01:00:00,0.0
2024-12-30T02:00:00,0.0
2024-12-30T03:00:00,0.0
2024-12-30T04:00:00,0.0
2024-12-30T05:00:00,4.88
2024-12-30T06:00:00,85.93
2024-12-30T07:00:00,211.48
2024-12-30T08:00:00,398.35
2024-12-30T09:00:00,572.85
2024-12-30T10:00:00,709.95
2024-12-30T11:00:00,830.78
2024-12-30T12:00:00,946.0
2024-12-30T13:00:00,873.1
2024-12-30T14:00:00,795.12
2024-12-30T15:00:00,626.6
2024-12-30T16:00:00,411.52
2024-12-30T17:00:00,191.73
2024-12-30T18:00:00,23.33
2024-12-30T19:00:00,0.0
2024-12-30T20:00:00,0.0
2024-12-30T21:00:00,0.0
2024-12-30T22:00:00,0.0
2024-12-30T23:00:00,0.0
2024-12-31T00:00:00,0.0
2024-12-31T01:00:00,0.0
2024-12-31T02:00:00,0.0
2024-12-31T03:00:00,0.0
2024-12-31T04:00:00,0.0
2024-12-31T05:00:00,5.78
2024-12-31T06:00:00,130.6
2024-12-31T07:00:00,355.8
2024-12-31T08:00:00,558.15
2024-12-31T09:00:00,792.65
2024-12-31T10:00:00,970.0
2024-12-31T11:00:00,1044.5
2024-12-31T12:00:00,1054.97
2024-12-31T13:00:00,926.67
2024-12-31T14:00:00,858.92
2024-12-31T15:00:00,677.0
2024-12-31T16:00:00,442.4
2024-12-31T17:00:00,202.55
2024-12-31T18:00:00,22.7
2024-12-31T19:00:00,0.0
2024-12-31T20:00:00,0.0
2024-12-31T21:00:00,0.0
2024-12-31T22:00:00,0.0
2024-12-31T23:00:00,0.0
