timestamp,ghi_wm2
2023-01-01T00:00:00,0.0
2023-01-01T01:00:00,0.0
2023-01-01T02:00:00,0.0
2023-01-01T03:00:00,0.0
2023-01-01T04:00:00,0.0
2023-01-01T05:00:00,0.0
2023-01-01T06:00:00,8.0
2023-01-01T07:00:00,121.3
2023-01-01T08:00:00,319.3
2023-01-01T09:00:00,616.6
2023-01-01T10:00:00,803.47
2023-01-01T11:00:00,900.5
2023-01-01T12:00:00,939.22
2023-01-01T13:00:00,880.53
2023-01-01T14:00:00,771.28
2023-01-01T15:00:00,602.03
2023-01-01T16:00:00,397.48
2023-01-01T17:00:00,166.5
2023-01-01T18:00:00,9.48
2023-01-01T19:00:00,0.0
2023-01-01T20:00:00,0.0
2023-01-01T21:00:00,0.0
2023-01-01T22:00:00,0.0
2023-01-01T23:00:00,0.0
2023-01-02T00:00:00,0.0
2023-01-02T01:00:00,0.0
2023-01-02T02:00:00,0.0
2023-01-02T03:00:00,0.0
2023-01-02T04:00:00,0.0
2023-01-02T05:00:00,0.0
2023-01-02T06:00:00,10.52
2023-01-02T07:00:00,174.3
2023-01-02T08:00:00,400.65
2023-01-02T09:00:00,626.08
2023-01-02T10:00:00,798.42
2023-01-02T11:00:00,904.72
2023-01-02T12:00:00,940.0
2023-01-02T13:00:00,906.05
2023-01-02T14:00:00,790.97
2023-01-02T15:00:00,621.1
2023-01-02T16:00:00,387.35
2023-01-02T17:00:00,169.35
2023-01-02T18:00:00,9.93
2023-01-02T19:00:00,0.0
2023-01-02T20:00:00,0.0
2023-01-02T21:00:00,0.0
2023-01-02T22:00:00,0.0
2023-01-02T23:00:00,0.0
2023-01-03T00:00:00,0.0
2023-01-03T01:00:00,0.0
2023-01-03T02:00:00,0.0
2023-01-03T03:00:00,0.0
2023-01-03T04:00:00,0.0
2023-01-03T05:00:00,0.0
2023-01-03T06:00:00,10.15
2023-01-03T07:00:00,172.15
2023-01-03T08:00:00,407.62
2023-01-03T09:00:00,619.0
2023-01-03T10:00:00,783.97
2023-01-03T11:00:00,886.0
2023-01-03T12:00:00,906.42
2023-01-03T13:00:00,867.92
2023-01-03T14:00:00,749.25
2023-01-03T15:00:00,554.85
2023-01-03T16:00:00,338.58
2023-01-03T17:00:00,146.8
2023-01-03T18:00:00,9.75
2023-01-03T19:00:00,0.0
2023-01-03T20:00:00,0.0
2023-01-03T21:00:00,0.0
2023-01-03T22:00:00,0.0
2023-01-03T23:00:00,0.0
2023-01-04T00:00:00,0.0
2023-01-04T01:00:00,0.0
2023-01-04T02:00:00,0.0
2023-01-04T03:00:00,0.0
2023-01-04T04:00:00,0.0
2023-01-04T05:00:00,0.0
2023-01-04T06:00:00,7.1
2023-01-04T07:00:00,118.15
2023-01-04T08:00:00,278.95
2023-01-04T09:00:00,456.08
2023-01-04T10:00:00,648.62
2023-01-04T11:00:00,811.97
2023-01-04T12:00:00,806.72
2023-01-04T13:00:00,784.3
2023-01-04T14:00:00,654.8
2023-01-04T15:00:00,415.88
2023-01-04T16:00:00,254.0
2023-01-04T17:00:00,94.75
2023-01-04T18:00:00,8.43
2023-01-04T19:00:00,0.0
2023-01-04T20:00:00,0.0
2023-01-04T21:00:00,0.0
2023-01-04T22:00:00,0.0
2023-01-04T23:00:00,0.0
2023-01-05T00:00:00,0.0
2023-01-05T01:00:00,0.0
2023-01-05T02:00:00,0.0
2023-01-05T03:00:00,0.0
2023-01-05T04:00:00,0.0
2023-01-05T05:00:00,0.0
2023-01-05T06:00:00,8.35
2023-01-05T07:00:00,158.73
2023-01-05T08:00:00,387.7
2023-01-05T09:00:00,612.62
2023-01-05T10:00:00,788.22
2023-01-05T11:00:00,904.8
2023-01-05T12:00:00,939.95
2023-01-05T13:00:00,905.42
2023-01-05T14:00:00,786.67
2023-01-05T15:00:00,591.65
2023-01-05T16:00:00,385.62
2023-01-05T17:00:00,160.43
2023-01-05T18:00:00,10.3
2023-01-05T19:00:00,0.0
2023-01-05T20:00:00,0.0
2023-01-05T21:00:00,0.0
2023-01-05T22:00:00,0.0
2023-01-05T23:00:00,0.0
2023-01-06T00:00:00,0.0
2023-01-06T01:00:00,0.0
2023-01-06T02:00:00,0.0
2023-01-06T03:00:00,0.0
2023-01-06T04:00:00,0.0
2023-01-06T05:00:00,0.0
2023-01-06T06:00:00,8.68
2023-01-06T07:00:00,162.32
2023-01-06T08:00:00,392.3
2023-01-06T09:00:00,612.47
2023-01-06T10:00:00,795.55
2023-01-06T11:00:00,904.55
2023-01-06T12:00:00,945.4
2023-01-06T13:00:00,914.95
2023-01-06T14:00:00,805.2
2023-01-06T15:00:00,627.05
2023-01-06T16:00:00,391.6
2023-01-06T17:00:00,172.75
2023-01-06T18:00:00,11.4
2023-01-06T19:00:00,0.0
2023-01-06T20:00:00,0.0
2023-01-06T21:00:00,0.0
2023-01-06T22:00:00,0.0
2023-01-06T23:00:00,0.0
2023-01-07T00:00:00,0.0
2023-01-07T01:00:00,0.0
2023-01-07T02:00:00,0.0
2023-01-07T03:00:00,0.0
2023-01-07T04:00:00,0.0
2023-01-07T05:00:00,0.0
2023-01-07T06:00:00,8.52
2023-01-07T07:00:00,162.4
2023-01-07T08:00:00,394.95
2023-01-07T09:00:00,615.53
2023-01-07T10:00:00,785.38
2023-01-07T11:00:00,909.78
2023-01-07T12:00:00,955.9
2023-01-07T13:00:00,921.03
2023-01-07T14:00:00,812.35
2023-01-07T15:00:00,640.22
2023-01-07T16:00:00,406.73
2023-01-07T17:00:00,178.8
2023-01-07T18:00:00,11.75
2023-01-07T19:00:00,0.0
2023-01-07T20:00:00,0.0
2023-01-07T21:00:00,0.0
2023-01-07T22:00:00,0.0
2023-01-07T23:00:00,0.0
2023-01-08T00:00:00,0.0
2023-01-08T01:00:00,0.0
2023-01-08T02:00:00,0.0
2023-01-08T03:00:00,0.0
2023-01-08T04:00:00,0.0
2023-01-08T05:00:00,0.0
2023-01-08T06:00:00,8.57
2023-01-08T07:00:00,161.3
2023-01-08T08:00:00,385.1
2023-01-08T09:00:00,605.2
2023-01-08T10:00:00,737.62
2023-01-08T11:00:00,868.88
2023-01-08T12:00:00,939.22
2023-01-08T13:00:00,906.88
2023-01-08T14:00:00,793.22
2023-01-08T15:00:00,623.33
2023-01-08T16:00:00,414.7
2023-01-08T17:00:00,179.5
2023-01-08T18:00:00,12.43
2023-01-08T19:00:00,0.0
2023-01-08T20:00:00,0.0
2023-01-08T21:00:00,0.0
2023-01-08T22:00:00,0.0
2023-01-08T23:00:00,0.0
2023-01-09T00:00:00,0.0
2023-01-09T01:00:00,0.0
2023-01-09T02:00:00,0.0
2023-01-09T03:00:00,0.0
2023-01-09T04:00:00,0.0
2023-01-09T05:00:00,0.0
2023-01-09T06:00:00,7.57
2023-01-09T07:00:00,127.18
2023-01-09T08:00:00,314.67
2023-01-09T09:00:00,503.75
2023-01-09T10:00:00,674.85
2023-01-09T11:00:00,754.38
2023-01-09T12:00:00,837.92
2023-01-09T13:00:00,812.47
2023-01-09T14:00:00,744.12
2023-01-09T15:00:00,516.75
2023-01-09T16:00:00,328.08
2023-01-09T17:00:00,131.43
2023-01-09T18:00:00,10.45
2023-01-09T19:00:00,0.0
2023-01-09T20:00:00,0.0
2023-01-09T21:00:00,0.0
2023-01-09T22:00:00,0.0
2023-01-09T23:00:00,0.0
2023-01-10T00:00:00,0.0
2023-01-10T01:00:00,0.0
2023-01-10T02:00:00,0.0
2023-01-10T03:00:00,0.0
2023-01-10T04:00:00,0.0
2023-01-10T05:00:00,0.0
2023-01-10T06:00:00,7.45
2023-01-10T07:00:00,153.7
2023-01-10T08:00:00,373.2
2023-01-10T09:00:00,606.3
2023-01-10T10:00:00,779.92
2023-01-10T11:00:00,881.83
2023-01-10T12:00:00,931.92
2023-01-10T13:00:00,895.33
2023-01-10T14:00:00,788.8
2023-01-10T15:00:00,638.1
2023-01-10T16:00:00,426.5
2023-01-10T17:00:00,189.82
2023-01-10T18:00:00,13.85
2023-01-10T19:00:00,0.0
2023-01-10T20:00:00,0.0
2023-01-10T21:00:00,0.0
2023-01-10T22:00:00,0.0
2023-01-10T23:00:00,0.0
2023-01-11T00:00:00,0.0
2023-01-11T01:00:00,0.0
2023-01-11T02:00:00,0.0
2023-01-11T03:00:00,0.0
2023-01-11T04:00:00,0.0
2023-01-11T05:00:00,0.0
2023-01-11T06:00:00,7.78
2023-01-11T07:00:00,164.38
2023-01-11T08:00:00,403.08
2023-01-11T09:00:00,620.7
2023-01-11T10:00:00,790.4
2023-01-11T11:00:00,893.6
2023-01-11T12:00:00,941.28
2023-01-11T13:00:00,922.83
2023-01-11T14:00:00,815.38
2023-01-11T15:00:00,655.25
2023-01-11T16:00:00,430.27
2023-01-11T17:00:00,186.9
2023-01-11T18:00:00,13.38
2023-01-11T19:00:00,0.0
2023-01-11T20:00:00,0.0
2023-01-11T21:00:00,0.0
2023-01-11T22:00:00,0.0
2023-01-11T23:00:00,0.0
2023-01-12T00:00:00,0.0
2023-01-12T01:00:00,0.0
2023-01-12T02:00:00,0.0
2023-01-12T03:00:00,0.0
2023-01-12T04:00:00,0.0
2023-01-12T05:00:00,0.0
2023-01-12T06:00:00,5.95
2023-01-12T07:00:00,139.43
2023-01-12T08:00:00,356.33
2023-01-12T09:00:00,608.65
2023-01-12T10:00:00,772.28
2023-01-12T11:00:00,878.55
2023-01-12T12:00:00,925.78
2023-01-12T13:00:00,885.72
2023-01-12T14:00:00,772.6
2023-01-12T15:00:00,584.85
2023-01-12T16:00:00,351.35
2023-01-12T17:00:00,163.8
2023-01-12T18:00:00,13.05
2023-01-12T19:00:00,0.0
2023-01-12T20:00:00,0.0
2023-01-12T21:00:00,0.0
2023-01-12T22:00:00,0.0
2023-01-12T23:00:00,0.0
2023-01-13T00:00:00,0.0
2023-01-13T01:00:00,0.0
2023-01-13T02:00:00,0.0
2023-01-13T03:00:00,0.0
2023-01-13T04:00:00,0.0
2023-01-13T05:00:00,0.0
2023-01-13T06:00:00,5.8
2023-01-13T07:00:00,126.45
2023-01-13T08:00:00,321.55
2023-01-13T09:00:00,512.1
2023-01-13T10:00:00,760.53
2023-01-13T11:00:00,870.92
2023-01-13T12:00:00,884.72
2023-01-13T13:00:00,887.53
2023-01-13T14:00:00,757.38
2023-01-13T15:00:00,600.67
2023-01-13T16:00:00,398.8
2023-01-13T17:00:00,177.3
2023-01-13T18:00:00,14.15
2023-01-13T19:00:00,0.0
2023-01-13T20:00:00,0.0
2023-01-13T21:00:00,0.0
2023-01-13T22:00:00,0.0
2023-01-13T23:00:00,0.0
2023-01-14T00:00:00,0.0
2023-01-14T01:00:00,0.0
2023-01-14T02:00:00,0.0
2023-01-14T03:00:00,0.0
2023-01-14T04:00:00,0.0
2023-01-14T05:00:00,0.0
2023-01-14T06:00:00,5.78
2023-01-14T07:00:00,118.4
2023-01-14T08:00:00,295.73
2023-01-14T09:00:00,451.88
2023-01-14T10:00:00,676.58
2023-01-14T11:00:00,878.6
2023-01-14T12:00:00,833.7
2023-01-14T13:00:00,876.58
2023-01-14T14:00:00,689.38
2023-01-14T15:00:00,546.67
2023-01-14T16:00:00,355.3
2023-01-14T17:00:00,150.27
2023-01-14T18:00:00,12.52
2023-01-14T19:00:00,0.0
2023-01-14T20:00:00,0.0
2023-01-14T21:00:00,0.0
2023-01-14T22:00:00,0.0
2023-01-14T23:00:00,0.0
2023-01-15T00:00:00,0.0
2023-01-15T01:00:00,0.0
2023-01-15T02:00:00,0.0
2023-01-15T03:00:00,0.0
2023-01-15T04:00:00,0.0
2023-01-15T05:00:00,0.0
2023-01-15T06:00:00,5.55
2023-01-15T07:00:00,134.15
2023-01-15T08:00:00,351.65
2023-01-15T09:00:00,574.22
2023-01-15T10:00:00,694.17
2023-01-15T11:00:00,892.83
2023-01-15T12:00:00,934.22
2023-01-15T13:00:00,912.0
2023-01-15T14:00:00,804.17
2023-01-15T15:00:00,598.97
2023-01-15T16:00:00,370.33
2023-01-15T17:00:00,162.93
2023-01-15T18:00:00,11.07
2023-01-15T19:00:00,0.0
2023-01-15T20:00:00,0.0
2023-01-15T21:00:00,0.0
2023-01-15T22:00:00,0.0
2023-01-15T23:00:00,0.0
2023-01-16T00:00:00,0.0
2023-01-16T01:00:00,0.0
2023-01-16T02:00:00,0.0
2023-01-16T03:00:00,0.0
2023-01-16T04:00:00,0.0
2023-01-16T05:00:00,0.0
2023-01-16T06:00:00,5.53
2023-01-16T07:00:00,138.5
2023-01-16T08:00:00,368.55
2023-01-16T09:00:00,571.15
2023-01-16T10:00:00,773.22
2023-01-16T11:00:00,904.8
2023-01-16T12:00:00,910.58
2023-01-16T13:00:00,907.7
2023-01-16T14:00:00,816.55
2023-01-16T15:00:00,626.88
2023-01-16T16:00:00,381.23
2023-01-16T17:00:00,174.73
2023-01-16T18:00:00,14.62
2023-01-16T19:00:00,0.0
2023-01-16T20:00:00,0.0
2023-01-16T21:00:00,0.0
2023-01-16T22:00:00,0.0
2023-01-16T23:00:00,0.0
2023-01-17T00:00:00,0.0
2023-01-17T01:00:00,0.0
2023-01-17T02:00:00,0.0
2023-01-17T03:00:00,0.0
2023-01-17T04:00:00,0.0
2023-01-17T05:00:00,0.0
2023-01-17T06:00:00,4.93
2023-01-17T07:00:00,126.35
2023-01-17T08:00:00,353.83
2023-01-17T09:00:00,576.17
2023-01-17T10:00:00,761.33
2023-01-17T11:00:00,882.97
2023-01-17T12:00:00,933.55
2023-01-17T13:00:00,890.03
2023-01-17T14:00:00,776.33
2023-01-17T15:00:00,617.12
2023-01-17T16:00:00,377.45
2023-01-17T17:00:00,175.02
2023-01-17T18:00:00,14.95
2023-01-17T19:00:00,0.0
2023-01-17T20:00:00,0.0
2023-01-17T21:00:00,0.0
2023-01-17T22:00:00,0.0
2023-01-17T23:00:00,0.0
2023-01-18T00:00:00,0.0
2023-01-18T01:00:00,0.0
2023-01-18T02:00:00,0.0
2023-01-18T03:00:00,0.0
2023-01-18T04:00:00,0.0
2023-01-18T05:00:00,0.0
2023-01-18T06:00:00,5.65
2023-01-18T07:00:00,147.15
2023-01-18T08:00:00,391.0
2023-01-18T09:00:00,612.0
2023-01-18T10:00:00,784.17
2023-01-18T11:00:00,887.62
2023-01-18T12:00:00,930.58
2023-01-18T13:00:00,889.17
2023-01-18T14:00:00,746.78
2023-01-18T15:00:00,600.2
2023-01-18T16:00:00,376.17
2023-01-18T17:00:00,161.8
2023-01-18T18:00:00,15.15
2023-01-18T19:00:00,0.0
2023-01-18T20:00:00,0.0
2023-01-18T21:00:00,0.0
2023-01-18T22:00:00,0.0
2023-01-18T23:00:00,0.0
2023-01-19T00:00:00,0.0
2023-01-19T01:00:00,0.0
2023-01-19T02:00:00,0.0
2023-01-19T03:00:00,0.0
2023-01-19T04:00:00,0.0
2023-01-19T05:00:00,0.0
2023-01-19T06:00:00,3.72
2023-01-19T07:00:00,126.4
2023-01-19T08:00:00,312.27
2023-01-19T09:00:00,530.38
2023-01-19T10:00:00,723.35
2023-01-19T11:00:00,843.1
2023-01-19T12:00:00,884.88
2023-01-19T13:00:00,864.67
2023-01-19T14:00:00,687.22
2023-01-19T15:00:00,439.77
2023-01-19T16:00:00,254.45
2023-01-19T17:00:00,89.82
2023-01-19T18:00:00,9.2
2023-01-19T19:00:00,0.0
2023-01-19T20:00:00,0.0
2023-01-19T21:00:00,0.0
2023-01-19T22:00:00,0.0
2023-01-19T23:00:00,0.0
2023-01-20T00:00:00,0.0
2023-01-20T01:00:00,0.0
2023-01-20T02:00:00,0.0
2023-01-20T03:00:00,0.0
2023-01-20T04:00:00,0.0
2023-01-20T05:00:00,0.0
2023-01-20T06:00:00,4.5
2023-01-20T07:00:00,118.72
2023-01-20T08:00:00,312.77
2023-01-20T09:00:00,502.2
2023-01-20T10:00:00,712.45
2023-01-20T11:00:00,889.17
2023-01-20T12:00:00,940.15
2023-01-20T13:00:00,899.45
2023-01-20T14:00:00,769.33
2023-01-20T15:00:00,639.75
2023-01-20T16:00:00,400.42
2023-01-20T17:00:00,182.4
2023-01-20T18:00:00,15.65
2023-01-20T19:00:00,0.0
2023-01-20T20:00:00,0.0
2023-01-20T21:00:00,0.0
2023-01-20T22:00:00,0.0
2023-01-20T23:00:00,0.0
2023-01-21T00:00:00,0.0
2023-01-21T01:00:00,0.0
2023-01-21T02:00:00,0.0
2023-01-21T03:00:00,0.0
2023-01-21T04:00:00,0.0
2023-01-21T05:00:00,0.0
2023-01-21T06:00:00,4.72
2023-01-21T07:00:00,99.93
2023-01-21T08:00:00,279.27
2023-01-21T09:00:00,452.8
2023-01-21T10:00:00,511.62
2023-01-21T11:00:00,620.22
2023-01-21T12:00:00,725.3
2023-01-21T13:00:00,708.83
2023-01-21T14:00:00,758.83
2023-01-21T15:00:00,550.62
2023-01-21T16:00:00,308.65
2023-01-21T17:00:00,137.77
2023-01-21T18:00:00,15.7
2023-01-21T19:00:00,0.0
2023-01-21T20:00:00,0.0
2023-01-21T21:00:00,0.0
2023-01-21T22:00:00,0.0
2023-01-21T23:00:00,0.0
2023-01-22T00:00:00,0.0
2023-01-22T01:00:00,0.0
2023-01-22T02:00:00,0.0
2023-01-22T03:00:00,0.0
2023-01-22T04:00:00,0.0
2023-01-22T05:00:00,0.0
2023-01-22T06:00:00,5.12
2023-01-22T07:00:00,136.57
2023-01-22T08:00:00,364.15
2023-01-22T09:00:00,600.92
2023-01-22T10:00:00,788.53
2023-01-22T11:00:00,866.67
2023-01-22T12:00:00,954.92
2023-01-22T13:00:00,928.3
2023-01-22T14:00:00,811.7
2023-01-22T15:00:00,612.83
2023-01-22T16:00:00,393.45
2023-01-22T17:00:00,179.48
2023-01-22T18:00:00,15.62
2023-01-22T19:00:00,0.0
2023-01-22T20:00:00,0.0
2023-01-22T21:00:00,0.0
2023-01-22T22:00:00,0.0
2023-01-22T23:00:00,0.0
2023-01-23T00:00:00,0.0
2023-01-23T01:00:00,0.0
2023-01-23T02:00:00,0.0
2023-01-23T03:00:00,0.0
2023-01-23T04:00:00,0.0
2023-01-23T05:00:00,0.0
2023-01-23T06:00:00,5.05
2023-01-23T07:00:00,139.52
2023-01-23T08:00:00,357.33
2023-01-23T09:00:00,600.4
2023-01-23T10:00:00,787.58
2023-01-23T11:00:00,910.97
2023-01-23T12:00:00,963.47
2023-01-23T13:00:00,936.47
2023-01-23T14:00:00,825.95
2023-01-23T15:00:00,641.88
2023-01-23T16:00:00,404.2
2023-01-23T17:00:00,181.5
2023-01-23T18:00:00,15.02
2023-01-23T19:00:00,0.0
2023-01-23T20:00:00,0.0
2023-01-23T21:00:00,0.0
2023-01-23T22:00:00,0.0
2023-01-23T23:00:00,0.0
2023-01-24T00:00:00,0.0
2023-01-24T01:00:00,0.0
2023-01-24T02:00:00,0.0
2023-01-24T03:00:00,0.0
2023-01-24T04:00:00,0.0
2023-01-24T05:00:00,0.0
2023-01-24T06:00:00,3.7
2023-01-24T07:00:00,121.82
2023-01-24T08:00:00,354.85
2023-01-24T09:00:00,565.9
2023-01-24T10:00:00,773.2
2023-01-24T11:00:00,885.1
2023-01-24T12:00:00,951.95
2023-01-24T13:00:00,938.0
2023-01-24T14:00:00,799.85
2023-01-24T15:00:00,644.12
2023-01-24T16:00:00,436.23
2023-01-24T17:00:00,201.55
2023-01-24T18:00:00,18.5
2023-01-24T19:00:00,0.0
2023-01-24T20:00:00,0.0
2023-01-24T21:00:00,0.0
2023-01-24T22:00:00,0.0
2023-01-24T23:00:00,0.0
2023-01-25T00:00:00,0.0
2023-01-25T01:00:00,0.0
2023-01-25T02:00:00,0.0
2023-01-25T03:00:00,0.0
2023-01-25T04:00:00,0.0
2023-01-25T05:00:00,0.0
2023-01-25T06:00:00,4.85
2023-01-25T07:00:00,127.75
2023-01-25T08:00:00,342.27
2023-01-25T09:00:00,557.72
2023-01-25T10:00:00,707.22
2023-01-25T11:00:00,815.97
2023-01-25T12:00:00,812.65
2023-01-25T13:00:00,779.97
2023-01-25T14:00:00,674.47
2023-01-25T15:00:00,477.52
2023-01-25T16:00:00,304.62
2023-01-25T17:00:00,127.47
2023-01-25T18:00:00,11.2
2023-01-25T19:00:00,0.0
2023-01-25T20:00:00,0.0
2023-01-25T21:00:00,0.0
2023-01-25T22:00:00,0.0
2023-01-25T23:00:00,0.0
2023-01-26T00:00:00,0.0
2023-01-26T01:00:00,0.0
2023-01-26T02:00:00,0.0
2023-01-26T03:00:00,0.0
2023-01-26T04:00:00,0.0
2023-01-26T05:00:00,0.0
2023-01-26T06:00:00,3.38
2023-01-26T07:00:00,83.75
2023-01-26T08:00:00,223.73
2023-01-26T09:00:00,437.08
2023-01-26T10:00:00,492.83
2023-01-26T11:00:00,604.85
2023-01-26T12:00:00,660.53
2023-01-26T13:00:00,576.33
2023-01-26T14:00:00,505.4
2023-01-26T15:00:00,369.83
2023-01-26T16:00:00,215.43
2023-01-26T17:00:00,93.47
2023-01-26T18:00:00,9.07
2023-01-26T19:00:00,0.0
2023-01-26T20:00:00,0.0
2023-01-26T21:00:00,0.0
2023-01-26T22:00:00,0.0
2023-01-26T23:00:00,0.0
2023-01-27T00:00:00,0.0
2023-01-27T01:00:00,0.0
2023-01-27T02:00:00,0.0
2023-01-27T03:00:00,0.0
2023-01-27T04:00:00,0.0
2023-01-27T05:00:00,0.0
2023-01-27T06:00:00,2.75
2023-01-27T07:00:00,58.17
2023-01-27T08:00:00,171.3
2023-01-27T09:00:00,273.5
2023-01-27T10:00:00,285.67
2023-01-27T11:00:00,245.82
2023-01-27T12:00:00,250.23
2023-01-27T13:00:00,417.83
2023-01-27T14:00:00,506.55
2023-01-27T15:00:00,450.42
2023-01-27T16:00:00,299.23
2023-01-27T17:00:00,133.77
2023-01-27T18:00:00,17.85
2023-01-27T19:00:00,0.0
2023-01-27T20:00:00,0.0
2023-01-27T21:00:00,0.0
2023-01-27T22:00:00,0.0
2023-01-27T23:00:00,0.0
2023-01-28T00:00:00,0.0
2023-01-28T01:00:00,0.0
2023-01-28T02:00:00,0.0
2023-01-28T03:00:00,0.0
2023-01-28T04:00:00,0.0
2023-01-28T05:00:00,0.0
2023-01-28T06:00:00,4.7
2023-01-28T07:00:00,142.98
2023-01-28T08:00:00,378.7
2023-01-28T09:00:00,597.83
2023-01-28T10:00:00,797.08
2023-01-28T11:00:00,908.5
2023-01-28T12:00:00,921.55
2023-01-28T13:00:00,783.85
2023-01-28T14:00:00,662.33
2023-01-28T15:00:00,495.95
2023-01-28T16:00:00,253.23
2023-01-28T17:00:00,122.0
2023-01-28T18:00:00,13.38
2023-01-28T19:00:00,0.0
2023-01-28T20:00:00,0.0
2023-01-28T21:00:00,0.0
2023-01-28T22:00:00,0.0
2023-01-28T23:00:00,0.0
2023-01-29T00:00:00,0.0
2023-01-29T01:00:00,0.0
2023-01-29T02:00:00,0.0
2023-01-29T03:00:00,0.0
2023-01-29T04:00:00,0.0
2023-01-29T05:00:00,0.0
2023-01-29T06:00:00,3.55
2023-01-29T07:00:00,93.93
2023-01-29T08:00:00,274.1
2023-01-29T09:00:00,466.05
2023-01-29T10:00:00,572.45
2023-01-29T11:00:00,690.9
2023-01-29T12:00:00,761.72
2023-01-29T13:00:00,773.17
2023-01-29T14:00:00,680.58
2023-01-29T15:00:00,616.42
2023-01-29T16:00:00,410.1
2023-01-29T17:00:00,190.05
2023-01-29T18:00:00,20.77
2023-01-29T19:00:00,0.0
2023-01-29T20:00:00,0.0
2023-01-29T21:00:00,0.0
2023-01-29T22:00:00,0.0
2023-01-29T23:00:00,0.0
2023-01-30T00:00:00,0.0
2023-01-30T01:00:00,0.0
2023-01-30T02:00:00,0.0
2023-01-30T03:00:00,0.0
2023-01-30T04:00:00,0.0
2023-01-30T05:00:00,0.0
2023-01-30T06:00:00,3.88
2023-01-30T07:00:00,112.65
2023-01-30T08:00:00,292.33
2023-01-30T09:00:00,552.08
2023-01-30T10:00:00,778.25
2023-01-30T11:00:00,890.4
2023-01-30T12:00:00,932.28
2023-01-30T13:00:00,939.33
2023-01-30T14:00:00,828.55
2023-01-30T15:00:00,664.15
2023-01-30T16:00:00,429.73
2023-01-30T17:00:00,203.88
2023-01-30T18:00:00,19.38
2023-01-30T19:00:00,0.0
2023-01-30T20:00:00,0.0
2023-01-30T21:00:00,0.0
2023-01-30T22:00:00,0.0
2023-01-30T23:00:00,0.0
2023-01-31T00:00:00,0.0
2023-01-31T01:00:00,0.0
2023-01-31T02:00:00,0.0
2023-01-31T03:00:00,0.0
2023-01-31T04:00:00,0.0
2023-01-31T05:00:00,0.0
2023-01-31T06:00:00,4.55
2023-01-31T07:00:00,144.82
2023-01-31T08:00:00,394.58
2023-01-31T09:00:00,629.8
2023-01-31T10:00:00,783.8
2023-01-31T11:00:00,888.65
2023-01-31T12:00:00,972.45
2023-01-31T13:00:00,941.62
2023-01-31T14:00:00,839.3
2023-01-31T15:00:00,618.4
2023-01-31T16:00:00,407.6
2023-01-31T17:00:00,186.8
2023-01-31T18:00:00,19.88
2023-01-31T19:00:00,0.0
2023-01-31T20:00:00,0.0
2023-01-31T21:00:00,0.0
2023-01-31T22:00:00,0.0
2023-01-31T23:00:00,0.0
2023-02-01T00:00:00,0.0
2023-02-01T01:00:00,0.0
2023-02-01T02:00:00,0.0
2023-02-01T03:00:00,0.0
2023-02-01T04:00:00,0.0
2023-02-01T05:00:00,0.0
2023-02-01T06:00:00,4.32
2023-02-01T07:00:00,124.12
2023-02-01T08:00:00,316.35
2023-02-01T09:00:00,564.22
2023-02-01T10:00:00,720.72
2023-02-01T11:00:00,823.62
2023-02-01T12:00:00,923.92
2023-02-01T13:00:00,870.22
2023-02-01T14:00:00,771.25
2023-02-01T15:00:00,629.95
2023-02-01T16:00:00,417.15
2023-02-01T17:00:00,193.32
2023-02-01T18:00:00,20.42
2023-02-01T19:00:00,0.0
2023-02-01T20:00:00,0.0
2023-02-01T21:00:00,0.0
2023-02-01T22:00:00,0.0
2023-02-01T23:00:00,0.0
2023-02-02T00:00:00,0.0
2023-02-02T01:00:00,0.0
2023-02-02T02:00:00,0.0
2023-02-02T03:00:00,0.0
2023-02-02T04:00:00,0.0
2023-02-02T05:00:00,0.0
2023-02-02T06:00:00,3.8
2023-02-02T07:00:00,118.55
2023-02-02T08:00:00,342.98
2023-02-02T09:00:00,564.0
2023-02-02T10:00:00,738.85
2023-02-02T11:00:00,863.03
2023-02-02T12:00:00,938.95
2023-02-02T13:00:00,922.42
2023-02-02T14:00:00,807.0
2023-02-02T15:00:00,656.6
2023-02-02T16:00:00,437.1
2023-02-02T17:00:00,190.73
2023-02-02T18:00:00,20.3
2023-02-02T19:00:00,0.0
2023-02-02T20:00:00,0.0
2023-02-02T21:00:00,0.0
2023-02-02T22:00:00,0.0
2023-02-02T23:00:00,0.0
2023-02-03T00:00:00,0.0
2023-02-03T01:00:00,0.0
2023-02-03T02:00:00,0.0
2023-02-03T03:00:00,0.0
2023-02-03T04:00:00,0.0
2023-02-03T05:00:00,0.0
2023-02-03T06:00:00,3.72
2023-02-03T07:00:00,116.0
2023-02-03T08:00:00,328.3
2023-02-03T09:00:00,542.0
2023-02-03T10:00:00,707.3
2023-02-03T11:00:00,827.42
2023-02-03T12:00:00,925.7
2023-02-03T13:00:00,873.65
2023-02-03T14:00:00,738.6
2023-02-03T15:00:00,571.15
2023-02-03T16:00:00,310.6
2023-02-03T17:00:00,153.15
2023-02-03T18:00:00,15.9
2023-02-03T19:00:00,0.0
2023-02-03T20:00:00,0.0
2023-02-03T21:00:00,0.0
2023-02-03T22:00:00,0.0
2023-02-03T23:00:00,0.0
2023-02-04T00:00:00,0.0
2023-02-04T01:00:00,0.0
2023-02-04T02:00:00,0.0
2023-02-04T03:00:00,0.0
2023-02-04T04:00:00,0.0
2023-02-04T05:00:00,0.0
2023-02-04T06:00:00,4.25
2023-02-04T07:00:00,139.45
2023-02-04T08:00:00,365.58
2023-02-04T09:00:00,600.08
2023-02-04T10:00:00,806.15
2023-02-04T11:00:00,912.3
2023-02-04T12:00:00,965.42
2023-02-04T13:00:00,943.5
2023-02-04T14:00:00,798.92
2023-02-04T15:00:00,646.45
2023-02-04T16:00:00,427.08
2023-02-04T17:00:00,196.23
2023-02-04T18:00:00,21.35
2023-02-04T19:00:00,0.0
2023-02-04T20:00:00,0.0
2023-02-04T21:00:00,0.0
2023-02-04T22:00:00,0.0
2023-02-04T23:00:00,0.0
2023-02-05T00:00:00,0.0
2023-02-05T01:00:00,0.0
2023-02-05T02:00:00,0.0
2023-02-05T03:00:00,0.0
2023-02-05T04:00:00,0.0
2023-02-05T05:00:00,0.0
2023-02-05T06:00:00,3.33
2023-02-05T07:00:00,72.53
2023-02-05T08:00:00,236.0
2023-02-05T09:00:00,422.35
2023-02-05T10:00:00,598.1
2023-02-05T11:00:00,807.4
2023-02-05T12:00:00,873.55
2023-02-05T13:00:00,860.85
2023-02-05T14:00:00,816.05
2023-02-05T15:00:00,601.67
2023-02-05T16:00:00,405.88
2023-02-05T17:00:00,157.65
2023-02-05T18:00:00,15.73
2023-02-05T19:00:00,0.0
2023-02-05T20:00:00,0.0
2023-02-05T21:00:00,0.0
2023-02-05T22:00:00,0.0
2023-02-05T23:00:00,0.0
2023-02-06T00:00:00,0.0
2023-02-06T01:00:00,0.0
2023-02-06T02:00:00,0.0
2023-02-06T03:00:00,0.0
2023-02-06T04:00:00,0.0
2023-02-06T05:00:00,0.0
2023-02-06T06:00:00,3.85
2023-02-06T07:00:00,108.68
2023-02-06T08:00:00,319.67
2023-02-06T09:00:00,523.6
2023-02-06T10:00:00,710.65
2023-02-06T11:00:00,820.9
2023-02-06T12:00:00,918.55
2023-02-06T13:00:00,888.65
2023-02-06T14:00:00,821.05
2023-02-06T15:00:00,630.55
2023-02-06T16:00:00,436.7
2023-02-06T17:00:00,197.05
2023-02-06T18:00:00,20.38
2023-02-06T19:00:00,0.0
2023-02-06T20:00:00,0.0
2023-02-06T21:00:00,0.0
2023-02-06T22:00:00,0.0
2023-02-06T23:00:00,0.0
2023-02-07T00:00:00,0.0
2023-02-07T01:00:00,0.0
2023-02-07T02:00:00,0.0
2023-02-07T03:00:00,0.0
2023-02-07T04:00:00,0.0
2023-02-07T05:00:00,0.0
2023-02-07T06:00:00,4.1
2023-02-07T07:00:00,98.85
2023-02-07T08:00:00,286.4
2023-02-07T09:00:00,488.2
2023-02-07T10:00:00,655.0
2023-02-07T11:00:00,738.4
2023-02-07T12:00:00,753.2
2023-02-07T13:00:00,806.08
2023-02-07T14:00:00,690.55
2023-02-07T15:00:00,564.47
2023-02-07T16:00:00,367.58
2023-02-07T17:00:00,154.48
2023-02-07T18:00:00,17.65
2023-02-07T19:00:00,0.0
2023-02-07T20:00:00,0.0
2023-02-07T21:00:00,0.0
2023-02-07T22:00:00,0.0
2023-02-07T23:00:00,0.0
2023-02-08T00:00:00,0.0
2023-02-08T01:00:00,0.0
2023-02-08T02:00:00,0.0
2023-02-08T03:00:00,0.0
2023-02-08T04:00:00,0.0
2023-02-08T05:00:00,0.0
2023-02-08T06:00:00,3.9
2023-02-08T07:00:00,127.05
2023-02-08T08:00:00,365.15
2023-02-08T09:00:00,588.28
2023-02-08T10:00:00,763.03
2023-02-08T11:00:00,893.95
2023-02-08T12:00:00,960.17
2023-02-08T13:00:00,938.28
2023-02-08T14:00:00,832.65
2023-02-08T15:00:00,649.42
2023-02-08T16:00:00,429.12
2023-02-08T17:00:00,194.88
2023-02-08T18:00:00,19.38
2023-02-08T19:00:00,0.0
2023-02-08T20:00:00,0.0
2023-02-08T21:00:00,0.0
2023-02-08T22:00:00,0.0
2023-02-08T23:00:00,0.0
2023-02-09T00:00:00,0.0
2023-02-09T01:00:00,0.0
2023-02-09T02:00:00,0.0
2023-02-09T03:00:00,0.0
2023-02-09T04:00:00,0.0
2023-02-09T05:00:00,0.0
2023-02-09T06:00:00,3.72
2023-02-09T07:00:00,107.68
2023-02-09T08:00:00,321.67
2023-02-09T09:00:00,539.03
2023-02-09T10:00:00,710.85
2023-02-09T11:00:00,817.88
2023-02-09T12:00:00,853.0
2023-02-09T13:00:00,885.08
2023-02-09T14:00:00,699.33
2023-02-09T15:00:00,570.58
2023-02-09T16:00:00,350.4
2023-02-09T17:00:00,149.5
2023-02-09T18:00:00,17.35
2023-02-09T19:00:00,0.0
2023-02-09T20:00:00,0.0
2023-02-09T21:00:00,0.0
2023-02-09T22:00:00,0.0
2023-02-09T23:00:00,0.0
2023-02-10T00:00:00,0.0
2023-02-10T01:00:00,0.0
2023-02-10T02:00:00,0.0
2023-02-10T03:00:00,0.0
2023-02-10T04:00:00,0.0
2023-02-10T05:00:00,0.0
2023-02-10T06:00:00,3.92
2023-02-10T07:00:00,138.4
2023-02-10T08:00:00,386.15
2023-02-10T09:00:00,618.15
2023-02-10T10:00:00,814.78
2023-02-10T11:00:00,944.4
2023-02-10T12:00:00,986.62
2023-02-10T13:00:00,960.05
2023-02-10T14:00:00,856.22
2023-02-10T15:00:00,659.05
2023-02-10T16:00:00,429.9
2023-02-10T17:00:00,181.4
2023-02-10T18:00:00,17.1
2023-02-10T19:00:00,0.0
2023-02-10T20:00:00,0.0
2023-02-10T21:00:00,0.0
2023-02-10T22:00:00,0.0
2023-02-10T23:00:00,0.0
2023-02-11T00:00:00,0.0
2023-02-11T01:00:00,0.0
2023-02-11T02:00:00,0.0
2023-02-11T03:00:00,0.0
2023-02-11T04:00:00,0.0
2023-02-11T05:00:00,0.0
2023-02-11T06:00:00,4.07
2023-02-11T07:00:00,131.12
2023-02-11T08:00:00,358.52
2023-02-11T09:00:00,592.65
2023-02-11T10:00:00,776.62
2023-02-11T11:00:00,898.22
2023-02-11T12:00:00,944.3
2023-02-11T13:00:00,924.1
2023-02-11T14:00:00,850.2
2023-02-11T15:00:00,678.55
2023-02-11T16:00:00,456.02
2023-02-11T17:00:00,200.27
2023-02-11T18:00:00,21.5
2023-02-11T19:00:00,0.0
2023-02-11T20:00:00,0.0
2023-02-11T21:00:00,0.0
2023-02-11T22:00:00,0.0
2023-02-11T23:00:00,0.0
2023-02-12T00:00:00,0.0
2023-02-12T01:00:00,0.0
2023-02-12T02:00:00,0.0
2023-02-12T03:00:00,0.0
2023-02-12T04:00:00,0.0
2023-02-12T05:00:00,0.0
2023-02-12T06:00:00,2.72
2023-02-12T07:00:00,76.2
2023-02-12T08:00:00,219.93
2023-02-12T09:00:00,401.52
2023-02-12T10:00:00,561.03
2023-02-12T11:00:00,711.88
2023-02-12T12:00:00,779.95
2023-02-12T13:00:00,592.88
2023-02-12T14:00:00,666.05
2023-02-12T15:00:00,540.62
2023-02-12T16:00:00,314.02
2023-02-12T17:00:00,143.2
2023-02-12T18:00:00,13.85
2023-02-12T19:00:00,0.0
2023-02-12T20:00:00,0.0
2023-02-12T21:00:00,0.0
2023-02-12T22:00:00,0.0
2023-02-12T23:00:00,0.0
2023-02-13T00:00:00,0.0
2023-02-13T01:00:00,0.0
2023-02-13T02:00:00,0.0
2023-02-13T03:00:00,0.0
2023-02-13T04:00:00,0.0
2023-02-13T05:00:00,0.0
2023-02-13T06:00:00,2.4
2023-02-13T07:00:00,68.32
2023-02-13T08:00:00,217.68
2023-02-13T09:00:00,415.25
2023-02-13T10:00:00,548.67
2023-02-13T11:00:00,686.88
2023-02-13T12:00:00,775.22
2023-02-13T13:00:00,791.12
2023-02-13T14:00:00,711.78
2023-02-13T15:00:00,592.25
2023-02-13T16:00:00,377.25
2023-02-13T17:00:00,171.2
2023-02-13T18:00:00,18.77
2023-02-13T19:00:00,0.0
2023-02-13T20:00:00,0.0
2023-02-13T21:00:00,0.0
2023-02-13T22:00:00,0.0
2023-02-13T23:00:00,0.0
2023-02-14T00:00:00,0.0
2023-02-14T01:00:00,0.0
2023-02-14T02:00:00,0.0
2023-02-14T03:00:00,0.0
2023-02-14T04:00:00,0.0
2023-02-14T05:00:00,0.0
2023-02-14T06:00:00,4.1
2023-02-14T07:00:00,136.73
2023-02-14T08:00:00,373.0
2023-02-14T09:00:00,617.3
2023-02-14T10:00:00,806.45
2023-02-14T11:00:00,931.53
2023-02-14T12:00:00,987.25
2023-02-14T13:00:00,975.9
2023-02-14T14:00:00,865.05
2023-02-14T15:00:00,697.12
2023-02-14T16:00:00,465.02
2023-02-14T17:00:00,214.12
2023-02-14T18:00:00,23.92
2023-02-14T19:00:00,0.0
2023-02-14T20:00:00,0.0
2023-02-14T21:00:00,0.0
2023-02-14T22:00:00,0.0
2023-02-14T23:00:00,0.0
2023-02-15T00:00:00,0.0
2023-02-15T01:00:00,0.0
2023-02-15T02:00:00,0.0
2023-02-15T03:00:00,0.0
2023-02-15T04:00:00,0.0
2023-02-15T05:00:00,0.0
2023-02-15T06:00:00,4.5
2023-02-15T07:00:00,134.7
2023-02-15T08:00:00,384.0
2023-02-15T09:00:00,604.55
2023-02-15T10:00:00,799.03
2023-02-15T11:00:00,919.5
2023-02-15T12:00:00,984.3
2023-02-15T13:00:00,958.83
2023-02-15T14:00:00,838.97
2023-02-15T15:00:00,684.65
2023-02-15T16:00:00,465.02
2023-02-15T17:00:00,222.65
2023-02-15T18:00:00,23.15
2023-02-15T19:00:00,0.0
2023-02-15T20:00:00,0.0
2023-02-15T21:00:00,0.0
2023-02-15T22:00:00,0.0
2023-02-15T23:00:00,0.0
2023-02-16T00:00:00,0.0
2023-02-16T01:00:00,0.0
2023-02-16T02:00:00,0.0
2023-02-16T03:00:00,0.0
2023-02-16T04:00:00,0.0
2023-02-16T05:00:00,0.0
2023-02-16T06:00:00,4.25
2023-02-16T07:00:00,133.32
2023-02-16T08:00:00,350.55
2023-02-16T09:00:00,575.55
2023-02-16T10:00:00,779.2
2023-02-16T11:00:00,906.97
2023-02-16T12:00:00,956.65
2023-02-16T13:00:00,936.97
2023-02-16T14:00:00,852.1
2023-02-16T15:00:00,688.78
2023-02-16T16:00:00,467.05
2023-02-16T17:00:00,212.93
2023-02-16T18:00:00,21.92
2023-02-16T19:00:00,0.0
2023-02-16T20:00:00,0.0
2023-02-16T21:00:00,0.0
2023-02-16T22:00:00,0.0
2023-02-16T23:00:00,0.0
2023-02-17T00:00:00,0.0
2023-02-17T01:00:00,0.0
2023-02-17T02:00:00,0.0
2023-02-17T03:00:00,0.0
2023-02-17T04:00:00,0.0
2023-02-17T05:00:00,0.0
2023-02-17T06:00:00,4.0
2023-02-17T07:00:00,117.0
2023-02-17T08:00:00,322.4
2023-02-17T09:00:00,530.1
2023-02-17T10:00:00,709.65
2023-02-17T11:00:00,837.75
2023-02-17T12:00:00,909.9
2023-02-17T13:00:00,894.47
2023-02-17T14:00:00,771.95
2023-02-17T15:00:00,557.2
2023-02-17T16:00:00,330.52
2023-02-17T17:00:00,140.88
2023-02-17T18:00:00,15.07
2023-02-17T19:00:00,0.0
2023-02-17T20:00:00,0.0
2023-02-17T21:00:00,0.0
2023-02-17T22:00:00,0.0
2023-02-17T23:00:00,0.0
2023-02-18T00:00:00,0.0
2023-02-18T01:00:00,0.0
2023-02-18T02:00:00,0.0
2023-02-18T03:00:00,0.0
2023-02-18T04:00:00,0.0
2023-02-18T05:00:00,0.0
2023-02-18T06:00:00,3.65
2023-02-18T07:00:00,100.75
2023-02-18T08:00:00,261.55
2023-02-18T09:00:00,455.0
2023-02-18T10:00:00,630.47
2023-02-18T11:00:00,756.97
2023-02-18T12:00:00,817.3
2023-02-18T13:00:00,642.75
2023-02-18T14:00:00,712.47
2023-02-18T15:00:00,556.65
2023-02-18T16:00:00,359.08
2023-02-18T17:00:00,153.25
2023-02-18T18:00:00,19.65
2023-02-18T19:00:00,0.0
2023-02-18T20:00:00,0.0
2023-02-18T21:00:00,0.0
2023-02-18T22:00:00,0.0
2023-02-18T23:00:00,0.0
2023-02-19T00:00:00,0.0
2023-02-19T01:00:00,0.0
2023-02-19T02:00:00,0.0
2023-02-19T03:00:00,0.0
2023-02-19T04:00:00,0.0
2023-02-19T05:00:00,0.0
2023-02-19T06:00:00,3.3
2023-02-19T07:00:00,86.22
2023-02-19T08:00:00,248.75
2023-02-19T09:00:00,448.2
2023-02-19T10:00:00,619.7
2023-02-19T11:00:00,770.83
2023-02-19T12:00:00,814.5
2023-02-19T13:00:00,623.12
2023-02-19T14:00:00,608.22
2023-02-19T15:00:00,439.35
2023-02-19T16:00:00,275.2
2023-02-19T17:00:00,108.85
2023-02-19T18:00:00,11.85
2023-02-19T19:00:00,0.0
2023-02-19T20:00:00,0.0
2023-02-19T21:00:00,0.0
2023-02-19T22:00:00,0.0
2023-02-19T23:00:00,0.0
2023-02-20T00:00:00,0.0
2023-02-20T01:00:00,0.0
2023-02-20T02:00:00,0.0
2023-02-20T03:00:00,0.0
2023-02-20T04:00:00,0.0
2023-02-20T05:00:00,0.0
2023-02-20T06:00:00,3.5
2023-02-20T07:00:00,94.25
2023-02-20T08:00:00,247.1
2023-02-20T09:00:00,439.88
2023-02-20T10:00:00,610.35
2023-02-20T11:00:00,745.88
2023-02-20T12:00:00,788.2
2023-02-20T13:00:00,798.45
2023-02-20T14:00:00,694.85
2023-02-20T15:00:00,533.6
2023-02-20T16:00:00,362.52
2023-02-20T17:00:00,145.27
2023-02-20T18:00:00,14.73
2023-02-20T19:00:00,0.0
2023-02-20T20:00:00,0.0
2023-02-20T21:00:00,0.0
2023-02-20T22:00:00,0.0
2023-02-20T23:00:00,0.0
2023-02-21T00:00:00,0.0
2023-02-21T01:00:00,0.0
2023-02-21T02:00:00,0.0
2023-02-21T03:00:00,0.0
2023-02-21T04:00:00,0.0
2023-02-21T05:00:00,0.0
2023-02-21T06:00:00,3.28
2023-02-21T07:00:00,123.0
2023-02-21T08:00:00,322.98
2023-02-21T09:00:00,524.85
2023-02-21T10:00:00,681.0
2023-02-21T11:00:00,827.83
2023-02-21T12:00:00,883.88
2023-02-21T13:00:00,824.33
2023-02-21T14:00:00,700.45
2023-02-21T15:00:00,541.28
2023-02-21T16:00:00,348.0
2023-02-21T17:00:00,154.23
2023-02-21T18:00:00,16.15
2023-02-21T19:00:00,0.0
2023-02-21T20:00:00,0.0
2023-02-21T21:00:00,0.0
2023-02-21T22:00:00,0.0
2023-02-21T23:00:00,0.0
2023-02-22T00:00:00,0.0
2023-02-22T01:00:00,0.0
2023-02-22T02:00:00,0.0
2023-02-22T03:00:00,0.0
2023-02-22T04:00:00,0.0
2023-02-22T05:00:00,0.0
2023-02-22T06:00:00,3.42
2023-02-22T07:00:00,121.15
2023-02-22T08:00:00,339.02
2023-02-22T09:00:00,553.42
2023-02-22T10:00:00,735.1
2023-02-22T11:00:00,793.78
2023-02-22T12:00:00,913.25
2023-02-22T13:00:00,863.25
2023-02-22T14:00:00,856.33
2023-02-22T15:00:00,603.03
2023-02-22T16:00:00,415.4
2023-02-22T17:00:00,204.48
2023-02-22T18:00:00,22.38
2023-02-22T19:00:00,0.0
2023-02-22T20:00:00,0.0
2023-02-22T21:00:00,0.0
2023-02-22T22:00:00,0.0
2023-02-22T23:00:00,0.0
2023-02-23T00:00:00,0.0
2023-02-23T01:00:00,0.0
2023-02-23T02:00:00,0.0
2023-02-23T03:00:00,0.0
2023-02-23T04:00:00,0.0
2023-02-23T05:00:00,0.0
2023-02-23T06:00:00,3.22
2023-02-23T07:00:00,59.12
2023-02-23T08:00:00,173.98
2023-02-23T09:00:00,319.23
2023-02-23T10:00:00,498.33
2023-02-23T11:00:00,591.25
2023-02-23T12:00:00,582.72
2023-02-23T13:00:00,245.05
2023-02-23T14:00:00,262.35
2023-02-23T15:00:00,201.82
2023-02-23T16:00:00,105.93
2023-02-23T17:00:00,67.72
2023-02-23T18:00:00,5.65
2023-02-23T19:00:00,0.0
2023-02-23T20:00:00,0.0
2023-02-23T21:00:00,0.0
2023-02-23T22:00:00,0.0
2023-02-23T23:00:00,0.0
2023-02-24T00:00:00,0.0
2023-02-24T01:00:00,0.0
2023-02-24T02:00:00,0.0
2023-02-24T03:00:00,0.0
2023-02-24T04:00:00,0.0
2023-02-24T05:00:00,0.0
2023-02-24T06:00:00,4.43
2023-02-24T07:00:00,132.9
2023-02-24T08:00:00,368.95
2023-02-24T09:00:00,575.3
2023-02-24T10:00:00,743.7
2023-02-24T11:00:00,930.47
2023-02-24T12:00:00,976.62
2023-02-24T13:00:00,944.8
2023-02-24T14:00:00,844.3
2023-02-24T15:00:00,677.4
2023-02-24T16:00:00,436.45
2023-02-24T17:00:00,190.77
2023-02-24T18:00:00,20.45
2023-02-24T19:00:00,0.0
2023-02-24T20:00:00,0.0
2023-02-24T21:00:00,0.0
2023-02-24T22:00:00,0.0
2023-02-24T23:00:00,0.0
2023-02-25T00:00:00,0.0
2023-02-25T01:00:00,0.0
2023-02-25T02:00:00,0.0
2023-02-25T03:00:00,0.0
2023-02-25T04:00:00,0.0
2023-02-25T05:00:00,0.0
2023-02-25T06:00:00,4.88
2023-02-25T07:00:00,114.57
2023-02-25T08:00:00,307.5
2023-02-25T09:00:00,521.58
2023-02-25T10:00:00,690.4
2023-02-25T11:00:00,809.8
2023-02-25T12:00:00,852.9
2023-02-25T13:00:00,723.95
2023-02-25T14:00:00,685.05
2023-02-25T15:00:00,554.25
2023-02-25T16:00:00,362.92
2023-02-25T17:00:00,170.2
2023-02-25T18:00:00,20.77
2023-02-25T19:00:00,0.0
2023-02-25T20:00:00,0.0
2023-02-25T21:00:00,0.0
2023-02-25T22:00:00,0.0
2023-02-25T23:00:00,0.0
2023-02-26T00:00:00,0.0
2023-02-26T01:00:00,0.0
2023-02-26T02:00:00,0.0
2023-02-26T03:00:00,0.0
2023-02-26T04:00:00,0.0
2023-02-26T05:00:00,0.0
2023-02-26T06:00:00,4.7
2023-02-26T07:00:00,115.85
2023-02-26T08:00:00,341.12
2023-02-26T09:00:00,570.38
2023-02-26T10:00:00,729.95
2023-02-26T11:00:00,855.42
2023-02-26T12:00:00,935.85
2023-02-26T13:00:00,874.67
2023-02-26T14:00:00,848.4
2023-02-26T15:00:00,660.4
2023-02-26T16:00:00,444.58
2023-02-26T17:00:00,198.68
2023-02-26T18:00:00,19.75
2023-02-26T19:00:00,0.0
2023-02-26T20:00:00,0.0
2023-02-26T21:00:00,0.0
2023-02-26T22:00:00,0.0
2023-02-26T23:00:00,0.0
2023-02-27T00:00:00,0.0
2023-02-27T01:00:00,0.0
2023-02-27T02:00:00,0.0
2023-02-27T03:00:00,0.0
2023-02-27T04:00:00,0.0
2023-02-27T05:00:00,0.0
2023-02-27T06:00:00,5.03
2023-02-27T07:00:00,149.75
2023-02-27T08:00:00,402.35
2023-02-27T09:00:00,639.45
2023-02-27T10:00:00,838.15
2023-02-27T11:00:00,967.45
2023-02-27T12:00:00,1017.0
2023-02-27T13:00:00,994.33
2023-02-27T14:00:00,885.3
2023-02-27T15:00:00,703.7
2023-02-27T16:00:00,474.55
2023-02-27T17:00:00,225.23
2023-02-27T18:00:00,23.05
2023-02-27T19:00:00,0.0
2023-02-27T20:00:00,0.0
2023-02-27T21:00:00,0.0
2023-02-27T22:00:00,0.0
2023-02-27T23:00:00,0.0
2023-02-28T00:00:00,0.0
2023-02-28T01:00:00,0.0
2023-02-28T02:00:00,0.0
2023-02-28T03:00:00,0.0
2023-02-28T04:00:00,0.0
2023-02-28T05:00:00,0.0
2023-02-28T06:00:00,5.05
2023-02-28T07:00:00,153.0
2023-02-28T08:00:00,398.7
2023-02-28T09:00:00,582.08
2023-02-28T10:00:00,816.65
2023-02-28T11:00:00,937.55
2023-02-28T12:00:00,987.47
2023-02-28T13:00:00,872.5
2023-02-28T14:00:00,846.78
2023-02-28T15:00:00,686.85
2023-02-28T16:00:00,467.33
2023-02-28T17:00:00,207.02
2023-02-28T18:00:00,21.67
2023-02-28T19:00:00,0.0
2023-02-28T20:00:00,0.0
2023-02-28T21:00:00,0.0
2023-02-28T22:00:00,0.0
2023-02-28T23:00:00,0.0
2023-03-01T00:00:00,0.0
2023-03-01T01:00:00,0.0
2023-03-01T02:00:00,0.0
2023-03-01T03:00:00,0.0
2023-03-01T04:00:00,0.0
2023-03-01T05:00:00,0.0
2023-03-01T06:00:00,5.2
2023-03-01T07:00:00,134.95
2023-03-01T08:00:00,370.25
2023-03-01T09:00:00,597.05
2023-03-01T10:00:00,777.17
2023-03-01T11:00:00,907.55
2023-03-01T12:00:00,978.7
2023-03-01T13:00:00,903.53
2023-03-01T14:00:00,851.05
2023-03-01T15:00:00,676.05
2023-03-01T16:00:00,463.7
2023-03-01T17:00:00,219.68
2023-03-01T18:00:00,22.3
2023-03-01T19:00:00,0.0
2023-03-01T20:00:00,0.0
2023-03-01T21:00:00,0.0
2023-03-01T22:00:00,0.0
2023-03-01T23:00:00,0.0
2023-03-02T00:00:00,0.0
2023-03-02T01:00:00,0.0
2023-03-02T02:00:00,0.0
2023-03-02T03:00:00,0.0
2023-03-02T04:00:00,0.0
2023-03-02T05:00:00,0.0
2023-03-02T06:00:00,5.45
2023-03-02T07:00:00,153.95
2023-03-02T08:00:00,397.75
2023-03-02T09:00:00,631.78
2023-03-02T10:00:00,766.67
2023-03-02T11:00:00,924.28
2023-03-02T12:00:00,989.28
2023-03-02T13:00:00,940.6
2023-03-02T14:00:00,848.67
2023-03-02T15:00:00,620.3
2023-03-02T16:00:00,419.45
2023-03-02T17:00:00,195.07
2023-03-02T18:00:00,19.38
2023-03-02T19:00:00,0.0
2023-03-02T20:00:00,0.0
2023-03-02T21:00:00,0.0
2023-03-02T22:00:00,0.0
2023-03-02T23:00:00,0.0
2023-03-03T00:00:00,0.0
2023-03-03T01:00:00,0.0
2023-03-03T02:00:00,0.0
2023-03-03T03:00:00,0.0
2023-03-03T04:00:00,0.0
2023-03-03T05:00:00,0.0
2023-03-03T06:00:00,5.65
2023-03-03T07:00:00,127.85
2023-03-03T08:00:00,332.75
2023-03-03T09:00:00,590.05
2023-03-03T10:00:00,795.58
2023-03-03T11:00:00,918.28
2023-03-03T12:00:00,991.6
2023-03-03T13:00:00,968.25
2023-03-03T14:00:00,826.05
2023-03-03T15:00:00,683.83
2023-03-03T16:00:00,446.7
2023-03-03T17:00:00,203.52
2023-03-03T18:00:00,20.5
2023-03-03T19:00:00,0.0
2023-03-03T20:00:00,0.0
2023-03-03T21:00:00,0.0
2023-03-03T22:00:00,0.0
2023-03-03T23:00:00,0.0
2023-03-04T00:00:00,0.0
2023-03-04T01:00:00,0.0
2023-03-04T02:00:00,0.0
2023-03-04T03:00:00,0.0
2023-03-04T04:00:00,0.0
2023-03-04T05:00:00,0.0
2023-03-04T06:00:00,5.47
2023-03-04T07:00:00,119.3
2023-03-04T08:00:00,335.77
2023-03-04T09:00:00,554.03
2023-03-04T10:00:00,714.8
2023-03-04T11:00:00,838.85
2023-03-04T12:00:00,928.33
2023-03-04T13:00:00,890.03
2023-03-04T14:00:00,794.3
2023-03-04T15:00:00,591.47
2023-03-04T16:00:00,403.23
2023-03-04T17:00:00,183.38
2023-03-04T18:00:00,18.23
2023-03-04T19:00:00,0.0
2023-03-04T20:00:00,0.0
2023-03-04T21:00:00,0.0
2023-03-04T22:00:00,0.0
2023-03-04T23:00:00,0.0
2023-03-05T00:00:00,0.0
2023-03-05T01:00:00,0.0
2023-03-05T02:00:00,0.0
2023-03-05T03:00:00,0.0
2023-03-05T04:00:00,0.0
2023-03-05T05:00:00,0.0
2023-03-05T06:00:00,5.07
2023-03-05T07:00:00,92.82
2023-03-05T08:00:00,284.3
2023-03-05T09:00:00,473.58
2023-03-05T10:00:00,590.95
2023-03-05T11:00:00,770.4
2023-03-05T12:00:00,832.28
2023-03-05T13:00:00,862.67
2023-03-05T14:00:00,819.05
2023-03-05T15:00:00,562.17
2023-03-05T16:00:00,363.0
2023-03-05T17:00:00,149.0
2023-03-05T18:00:00,14.65
2023-03-05T19:00:00,0.0
2023-03-05T20:00:00,0.0
2023-03-05T21:00:00,0.0
2023-03-05T22:00:00,0.0
2023-03-05T23:00:00,0.0
2023-03-06T00:00:00,0.0
2023-03-06T01:00:00,0.0
2023-03-06T02:00:00,0.0
2023-03-06T03:00:00,0.0
2023-03-06T04:00:00,0.0
2023-03-06T05:00:00,0.0
2023-03-06T06:00:00,5.15
2023-03-06T07:00:00,135.27
2023-03-06T08:00:00,368.75
2023-03-06T09:00:00,585.45
2023-03-06T10:00:00,791.0
2023-03-06T11:00:00,895.17
2023-03-06T12:00:00,962.88
2023-03-06T13:00:00,921.58
2023-03-06T14:00:00,815.78
2023-03-06T15:00:00,660.58
2023-03-06T16:00:00,428.33
2023-03-06T17:00:00,197.23
2023-03-06T18:00:00,19.45
2023-03-06T19:00:00,0.0
2023-03-06T20:00:00,0.0
2023-03-06T21:00:00,0.0
2023-03-06T22:00:00,0.0
2023-03-06T23:00:00,0.0
2023-03-07T00:00:00,0.0
2023-03-07T01:00:00,0.0
2023-03-07T02:00:00,0.0
2023-03-07T03:00:00,0.0
2023-03-07T04:00:00,0.0
2023-03-07T05:00:00,0.0
2023-03-07T06:00:00,6.07
2023-03-07T07:00:00,153.5
2023-03-07T08:00:00,378.6
2023-03-07T09:00:00,617.42
2023-03-07T10:00:00,769.6
2023-03-07T11:00:00,925.45
2023-03-07T12:00:00,986.1
2023-03-07T13:00:00,966.53
2023-03-07T14:00:00,818.75
2023-03-07T15:00:00,659.95
2023-03-07T16:00:00,437.9
2023-03-07T17:00:00,196.57
2023-03-07T18:00:00,18.33
2023-03-07T19:00:00,0.0
2023-03-07T20:00:00,0.0
2023-03-07T21:00:00,0.0
2023-03-07T22:00:00,0.0
2023-03-07T23:00:00,0.0
2023-03-08T00:00:00,0.0
2023-03-08T01:00:00,0.0
2023-03-08T02:00:00,0.0
2023-03-08T03:00:00,0.0
2023-03-08T04:00:00,0.0
2023-03-08T05:00:00,0.0
2023-03-08T06:00:00,6.95
2023-03-08T07:00:00,168.88
2023-03-08T08:00:00,400.52
2023-03-08T09:00:00,638.25
2023-03-08T10:00:00,823.12
2023-03-08T11:00:00,949.35
2023-03-08T12:00:00,990.83
2023-03-08T13:00:00,974.83
2023-03-08T14:00:00,811.97
2023-03-08T15:00:00,632.8
2023-03-08T16:00:00,436.3
2023-03-08T17:00:00,209.18
2023-03-08T18:00:00,21.48
2023-03-08T19:00:00,0.0
2023-03-08T20:00:00,0.0
2023-03-08T21:00:00,0.0
2023-03-08T22:00:00,0.0
2023-03-08T23:00:00,0.0
2023-03-09T00:00:00,0.0
2023-03-09T01:00:00,0.0
2023-03-09T02:00:00,0.0
2023-03-09T03:00:00,0.0
2023-03-09T04:00:00,0.0
2023-03-09T05:00:00,0.0
2023-03-09T06:00:00,6.18
2023-03-09T07:00:00,139.85
2023-03-09T08:00:00,367.3
2023-03-09T09:00:00,579.38
2023-03-09T10:00:00,743.0
2023-03-09T11:00:00,894.45
2023-03-09T12:00:00,932.8
2023-03-09T13:00:00,920.22
2023-03-09T14:00:00,852.95
2023-03-09T15:00:00,632.7
2023-03-09T16:00:00,379.33
2023-03-09T17:00:00,158.3
2023-03-09T18:00:00,13.43
2023-03-09T19:00:00,0.0
2023-03-09T20:00:00,0.0
2023-03-09T21:00:00,0.0
2023-03-09T22:00:00,0.0
2023-03-09T23:00:00,0.0
2023-03-10T00:00:00,0.0
2023-03-10T01:00:00,0.0
2023-03-10T02:00:00,0.0
2023-03-10T03:00:00,0.0
2023-03-10T04:00:00,0.0
2023-03-10T05:00:00,0.0
2023-03-10T06:00:00,5.07
2023-03-10T07:00:00,156.32
2023-03-10T08:00:00,392.7
2023-03-10T09:00:00,602.12
2023-03-10T10:00:00,814.4
2023-03-10T11:00:00,953.1
2023-03-10T12:00:00,1020.35
2023-03-10T13:00:00,977.53
2023-03-10T14:00:00,885.38
2023-03-10T15:00:00,703.22
2023-03-10T16:00:00,481.42
2023-03-10T17:00:00,222.23
2023-03-10T18:00:00,20.65
2023-03-10T19:00:00,0.0
2023-03-10T20:00:00,0.0
2023-03-10T21:00:00,0.0
2023-03-10T22:00:00,0.0
2023-03-10T23:00:00,0.0
2023-03-11T00:00:00,0.0
2023-03-11T01:00:00,0.0
2023-03-11T02:00:00,0.0
2023-03-11T03:00:00,0.0
2023-03-11T04:00:00,0.0
2023-03-11T05:00:00,0.0
2023-03-11T06:00:00,7.25
2023-03-11T07:00:00,163.9
2023-03-11T08:00:00,413.8
2023-03-11T09:00:00,638.2
2023-03-11T10:00:00,821.65
2023-03-11T11:00:00,938.3
2023-03-11T12:00:00,990.97
2023-03-11T13:00:00,974.45
2023-03-11T14:00:00,826.2
2023-03-11T15:00:00,646.25
2023-03-11T16:00:00,429.6
2023-03-11T17:00:00,197.65
2023-03-11T18:00:00,19.02
2023-03-11T19:00:00,0.0
2023-03-11T20:00:00,0.0
2023-03-11T21:00:00,0.0
2023-03-11T22:00:00,0.0
2023-03-11T23:00:00,0.0
2023-03-12T00:00:00,0.0
2023-03-12T01:00:00,0.0
2023-03-12T02:00:00,0.0
2023-03-12T03:00:00,0.0
2023-03-12T04:00:00,0.0
2023-03-12T05:00:00,0.0
2023-03-12T06:00:00,7.88
2023-03-12T07:00:00,168.9
2023-03-12T08:00:00,408.2
2023-03-12T09:00:00,641.22
2023-03-12T10:00:00,830.38
2023-03-12T11:00:00,947.97
2023-03-12T12:00:00,1012.62
2023-03-12T13:00:00,966.22
2023-03-12T14:00:00,855.72
2023-03-12T15:00:00,691.0
2023-03-12T16:00:00,455.65
2023-03-12T17:00:00,204.77
2023-03-12T18:00:00,18.83
2023-03-12T19:00:00,0.0
2023-03-12T20:00:00,0.0
2023-03-12T21:00:00,0.0
2023-03-12T22:00:00,0.0
2023-03-12T23:00:00,0.0
2023-03-13T00:00:00,0.0
2023-03-13T01:00:00,0.0
2023-03-13T02:00:00,0.0
2023-03-13T03:00:00,0.0
2023-03-13T04:00:00,0.0
2023-03-13T05:00:00,0.0
2023-03-13T06:00:00,7.8
2023-03-13T07:00:00,174.95
2023-03-13T08:00:00,427.5
2023-03-13T09:00:00,630.03
2023-03-13T10:00:00,825.62
2023-03-13T11:00:00,964.97
2023-03-13T12:00:00,1019.3
2023-03-13T13:00:00,983.33
2023-03-13T14:00:00,869.42
2023-03-13T15:00:00,689.35
2023-03-13T16:00:00,470.23
2023-03-13T17:00:00,216.85
2023-03-13T18:00:00,19.52
2023-03-13T19:00:00,0.0
2023-03-13T20:00:00,0.0
2023-03-13T21:00:00,0.0
2023-03-13T22:00:00,0.0
2023-03-13T23:00:00,0.0
2023-03-14T00:00:00,0.0
2023-03-14T01:00:00,0.0
2023-03-14T02:00:00,0.0
2023-03-14T03:00:00,0.0
2023-03-14T04:00:00,0.0
2023-03-14T05:00:00,0.0
2023-03-14T06:00:00,8.68
2023-03-14T07:00:00,190.43
2023-03-14T08:00:00,447.12
2023-03-14T09:00:00,679.7
2023-03-14T10:00:00,876.4
2023-03-14T11:00:00,993.6
2023-03-14T12:00:00,1048.22
2023-03-14T13:00:00,988.53
2023-03-14T14:00:00,897.33
2023-03-14T15:00:00,669.05
2023-03-14T16:00:00,445.88
2023-03-14T17:00:00,204.43
2023-03-14T18:00:00,19.15
2023-03-14T19:00:00,0.0
2023-03-14T20:00:00,0.0
2023-03-14T21:00:00,0.0
2023-03-14T22:00:00,0.0
2023-03-14T23:00:00,0.0
2023-03-15T00:00:00,0.0
2023-03-15T01:00:00,0.0
2023-03-15T02:00:00,0.0
2023-03-15T03:00:00,0.0
2023-03-15T04:00:00,0.0
2023-03-15T05:00:00,0.0
2023-03-15T06:00:00,8.68
2023-03-15T07:00:00,189.15
2023-03-15T08:00:00,434.0
2023-03-15T09:00:00,654.35
2023-03-15T10:00:00,852.67
2023-03-15T11:00:00,969.62
2023-03-15T12:00:00,1025.62
2023-03-15T13:00:00,985.05
2023-03-15T14:00:00,886.08
2023-03-15T15:00:00,692.9
2023-03-15T16:00:00,467.62
2023-03-15T17:00:00,222.85
2023-03-15T18:00:00,20.83
2023-03-15T19:00:00,0.0
2023-03-15T20:00:00,0.0
2023-03-15T21:00:00,0.0
2023-03-15T22:00:00,0.0
2023-03-15T23:00:00,0.0
2023-03-16T00:00:00,0.0
2023-03-16T01:00:00,0.0
2023-03-16T02:00:00,0.0
2023-03-16T03:00:00,0.0
2023-03-16T04:00:00,0.0
2023-03-16T05:00:00,0.0
2023-03-16T06:00:00,9.35
2023-03-16T07:00:00,188.25
2023-03-16T08:00:00,437.77
2023-03-16T09:00:00,685.5
2023-03-16T10:00:00,887.75
2023-03-16T11:00:00,993.4
2023-03-16T12:00:00,1044.65
2023-03-16T13:00:00,1006.72
2023-03-16T14:00:00,895.88
2023-03-16T15:00:00,724.35
2023-03-16T16:00:00,496.98
2023-03-16T17:00:00,236.65
2023-03-16T18:00:00,21.55
2023-03-16T19:00:00,0.0
2023-03-16T20:00:00,0.0
2023-03-16T21:00:00,0.0
2023-03-16T22:00:00,0.0
2023-03-16T23:00:00,0.0
2023-03-17T00:00:00,0.0
2023-03-17T01:00:00,0.0
2023-03-17T02:00:00,0.0
2023-03-17T03:00:00,0.0
2023-03-17T04:00:00,0.0
2023-03-17T05:00:00,0.0
2023-03-17T06:00:00,9.93
2023-03-17T07:00:00,194.95
2023-03-17T08:00:00,452.45
2023-03-17T09:00:00,688.17
2023-03-17T10:00:00,880.22
2023-03-17T11:00:00,993.8
2023-03-17T12:00:00,1037.8
2023-03-17T13:00:00,972.0
2023-03-17T14:00:00,896.15
2023-03-17T15:00:00,715.3
2023-03-17T16:00:00,479.77
2023-03-17T17:00:00,218.48
2023-03-17T18:00:00,17.05
2023-03-17T19:00:00,0.0
2023-03-17T20:00:00,0.0
2023-03-17T21:00:00,0.0
2023-03-17T22:00:00,0.0
2023-03-17T23:00:00,0.0
2023-03-18T00:00:00,0.0
2023-03-18T01:00:00,0.0
2023-03-18T02:00:00,0.0
2023-03-18T03:00:00,0.0
2023-03-18T04:00:00,0.0
2023-03-18T05:00:00,0.0
2023-03-18T06:00:00,9.3
2023-03-18T07:00:00,177.02
2023-03-18T08:00:00,423.65
2023-03-18T09:00:00,656.75
2023-03-18T10:00:00,827.35
2023-03-18T11:00:00,950.65
2023-03-18T12:00:00,888.47
2023-03-18T13:00:00,871.1
2023-03-18T14:00:00,732.38
2023-03-18T15:00:00,599.78
2023-03-18T16:00:00,385.15
2023-03-18T17:00:00,160.82
2023-03-18T18:00:00,15.18
2023-03-18T19:00:00,0.0
2023-03-18T20:00:00,0.0
2023-03-18T21:00:00,0.0
2023-03-18T22:00:00,0.0
2023-03-18T23:00:00,0.0
2023-03-19T00:00:00,0.0
2023-03-19T01:00:00,0.0
2023-03-19T02:00:00,0.0
2023-03-19T03:00:00,0.0
2023-03-19T04:00:00,0.0
2023-03-19T05:00:00,0.0
2023-03-19T06:00:00,10.1
2023-03-19T07:00:00,190.0
2023-03-19T08:00:00,446.08
2023-03-19T09:00:00,682.78
2023-03-19T10:00:00,872.5
2023-03-19T11:00:00,992.72
2023-03-19T12:00:00,1028.93
2023-03-19T13:00:00,984.92
2023-03-19T14:00:00,872.42
2023-03-19T15:00:00,690.0
2023-03-19T16:00:00,466.8
2023-03-19T17:00:00,203.23
2023-03-19T18:00:00,16.98
2023-03-19T19:00:00,0.0
2023-03-19T20:00:00,0.0
2023-03-19T21:00:00,0.0
2023-03-19T22:00:00,0.0
2023-03-19T23:00:00,0.0
2023-03-20T00:00:00,0.0
2023-03-20T01:00:00,0.0
2023-03-20T02:00:00,0.0
2023-03-20T03:00:00,0.0
2023-03-20T04:00:00,0.0
2023-03-20T05:00:00,0.0
2023-03-20T06:00:00,9.7
2023-03-20T07:00:00,176.18
2023-03-20T08:00:00,423.35
2023-03-20T09:00:00,655.08
2023-03-20T10:00:00,842.22
2023-03-20T11:00:00,969.35
2023-03-20T12:00:00,1008.47
2023-03-20T13:00:00,911.25
2023-03-20T14:00:00,733.15
2023-03-20T15:00:00,548.83
2023-03-20T16:00:00,346.5
2023-03-20T17:00:00,168.45
2023-03-20T18:00:00,12.7
2023-03-20T19:00:00,0.0
2023-03-20T20:00:00,0.0
2023-03-20T21:00:00,0.0
2023-03-20T22:00:00,0.0
2023-03-20T23:00:00,0.0
2023-03-21T00:00:00,0.0
2023-03-21T01:00:00,0.0
2023-03-21T02:00:00,0.0
2023-03-21T03:00:00,0.0
2023-03-21T04:00:00,0.0
2023-03-21T05:00:00,0.0
2023-03-21T06:00:00,8.7
2023-03-21T07:00:00,160.88
2023-03-21T08:00:00,393.1
2023-03-21T09:00:00,623.55
2023-03-21T10:00:00,796.1
2023-03-21T11:00:00,911.2
2023-03-21T12:00:00,947.03
2023-03-21T13:00:00,895.28
2023-03-21T14:00:00,794.3
2023-03-21T15:00:00,640.6
2023-03-21T16:00:00,400.9
2023-03-21T17:00:00,188.55
2023-03-21T18:00:00,16.58
2023-03-21T19:00:00,0.0
2023-03-21T20:00:00,0.0
2023-03-21T21:00:00,0.0
2023-03-21T22:00:00,0.0
2023-03-21T23:00:00,0.0
2023-03-22T00:00:00,0.0
2023-03-22T01:00:00,0.0
2023-03-22T02:00:00,0.0
2023-03-22T03:00:00,0.0
2023-03-22T04:00:00,0.0
2023-03-22T05:00:00,0.0
2023-03-22T06:00:00,9.8
2023-03-22T07:00:00,164.57
2023-03-22T08:00:00,394.58
2023-03-22T09:00:00,631.25
2023-03-22T10:00:00,833.42
2023-03-22T11:00:00,960.15
2023-03-22T12:00:00,1012.8
2023-03-22T13:00:00,951.08
2023-03-22T14:00:00,817.78
2023-03-22T15:00:00,640.47
2023-03-22T16:00:00,421.83
2023-03-22T17:00:00,181.77
2023-03-22T18:00:00,14.45
2023-03-22T19:00:00,0.0
2023-03-22T20:00:00,0.0
2023-03-22T21:00:00,0.0
2023-03-22T22:00:00,0.0
2023-03-22T23:00:00,0.0
2023-03-23T00:00:00,0.0
2023-03-23T01:00:00,0.0
2023-03-23T02:00:00,0.0
2023-03-23T03:00:00,0.0
2023-03-23T04:00:00,0.0
2023-03-23T05:00:00,0.0
2023-03-23T06:00:00,11.1
2023-03-23T07:00:00,194.8
2023-03-23T08:00:00,445.92
2023-03-23T09:00:00,673.17
2023-03-23T10:00:00,868.05
2023-03-23T11:00:00,985.25
2023-03-23T12:00:00,1017.9
2023-03-23T13:00:00,982.7
2023-03-23T14:00:00,848.28
2023-03-23T15:00:00,669.5
2023-03-23T16:00:00,430.7
2023-03-23T17:00:00,190.6
2023-03-23T18:00:00,15.07
2023-03-23T19:00:00,0.0
2023-03-23T20:00:00,0.0
2023-03-23T21:00:00,0.0
2023-03-23T22:00:00,0.0
2023-03-23T23:00:00,0.0
2023-03-24T00:00:00,0.0
2023-03-24T01:00:00,0.0
2023-03-24T02:00:00,0.0
2023-03-24T03:00:00,0.0
2023-03-24T04:00:00,0.0
2023-03-24T05:00:00,0.0
2023-03-24T06:00:00,8.18
2023-03-24T07:00:00,139.12
2023-03-24T08:00:00,360.25
2023-03-24T09:00:00,582.95
2023-03-24T10:00:00,764.72
2023-03-24T11:00:00,919.12
2023-03-24T12:00:00,965.15
2023-03-24T13:00:00,931.12
2023-03-24T14:00:00,803.17
2023-03-24T15:00:00,639.22
2023-03-24T16:00:00,421.55
2023-03-24T17:00:00,173.05
2023-03-24T18:00:00,13.73
2023-03-24T19:00:00,0.0
2023-03-24T20:00:00,0.0
2023-03-24T21:00:00,0.0
2023-03-24T22:00:00,0.0
2023-03-24T23:00:00,0.0
2023-03-25T00:00:00,0.0
2023-03-25T01:00:00,0.0
2023-03-25T02:00:00,0.0
2023-03-25T03:00:00,0.0
2023-03-25T04:00:00,0.0
2023-03-25T05:00:00,0.0
2023-03-25T06:00:00,9.2
2023-03-25T07:00:00,140.75
2023-03-25T08:00:00,352.12
2023-03-25T09:00:00,556.88
2023-03-25T10:00:00,714.92
2023-03-25T11:00:00,850.6
2023-03-25T12:00:00,900.08
2023-03-25T13:00:00,879.22
2023-03-25T14:00:00,829.67
2023-03-25T15:00:00,606.38
2023-03-25T16:00:00,373.75
2023-03-25T17:00:00,166.9
2023-03-25T18:00:00,14.93
2023-03-25T19:00:00,0.0
2023-03-25T20:00:00,0.0
2023-03-25T21:00:00,0.0
2023-03-25T22:00:00,0.0
2023-03-25T23:00:00,0.0
2023-03-26T00:00:00,0.0
2023-03-26T01:00:00,0.0
2023-03-26T02:00:00,0.0
2023-03-26T03:00:00,0.0
2023-03-26T04:00:00,0.0
2023-03-26T05:00:00,0.0
2023-03-26T06:00:00,8.43
2023-03-26T07:00:00,114.4
2023-03-26T08:00:00,317.9
2023-03-26T09:00:00,511.6
2023-03-26T10:00:00,662.65
2023-03-26T11:00:00,793.58
2023-03-26T12:00:00,666.38
2023-03-26T13:00:00,443.15
2023-03-26T14:00:00,299.52
2023-03-26T15:00:00,342.45
2023-03-26T16:00:00,203.38
2023-03-26T17:00:00,56.75
2023-03-26T18:00:00,7.85
2023-03-26T19:00:00,0.0
2023-03-26T20:00:00,0.0
2023-03-26T21:00:00,0.0
2023-03-26T22:00:00,0.0
2023-03-26T23:00:00,0.0
2023-03-27T00:00:00,0.0
2023-03-27T01:00:00,0.0
2023-03-27T02:00:00,0.0
2023-03-27T03:00:00,0.0
2023-03-27T04:00:00,0.0
2023-03-27T05:00:00,0.0
2023-03-27T06:00:00,9.4
2023-03-27T07:00:00,163.52
2023-03-27T08:00:00,401.08
2023-03-27T09:00:00,634.17
2023-03-27T10:00:00,831.05
2023-03-27T11:00:00,942.78
2023-03-27T12:00:00,997.17
2023-03-27T13:00:00,967.72
2023-03-27T14:00:00,824.6
2023-03-27T15:00:00,654.05
2023-03-27T16:00:00,432.52
2023-03-27T17:00:00,182.77
2023-03-27T18:00:00,14.8
2023-03-27T19:00:00,0.0
2023-03-27T20:00:00,0.0
2023-03-27T21:00:00,0.0
2023-03-27T22:00:00,0.0
2023-03-27T23:00:00,0.0
2023-03-28T00:00:00,0.0
2023-03-28T01:00:00,0.0
2023-03-28T02:00:00,0.0
2023-03-28T03:00:00,0.0
2023-03-28T04:00:00,0.0
2023-03-28T05:00:00,0.0
2023-03-28T06:00:00,12.38
2023-03-28T07:00:00,197.25
2023-03-28T08:00:00,455.17
2023-03-28T09:00:00,686.67
2023-03-28T10:00:00,869.58
2023-03-28T11:00:00,988.38
2023-03-28T12:00:00,1025.15
2023-03-28T13:00:00,944.17
2023-03-28T14:00:00,861.88
2023-03-28T15:00:00,678.78
2023-03-28T16:00:00,449.48
2023-03-28T17:00:00,200.38
2023-03-28T18:00:00,15.0
2023-03-28T19:00:00,0.0
2023-03-28T20:00:00,0.0
2023-03-28T21:00:00,0.0
2023-03-28T22:00:00,0.0
2023-03-28T23:00:00,0.0
2023-03-29T00:00:00,0.0
2023-03-29T01:00:00,0.0
2023-03-29T02:00:00,0.0
2023-03-29T03:00:00,0.0
2023-03-29T04:00:00,0.0
2023-03-29T05:00:00,0.0
2023-03-29T06:00:00,9.7
2023-03-29T07:00:00,171.75
2023-03-29T08:00:00,428.55
2023-03-29T09:00:00,636.5
2023-03-29T10:00:00,828.47
2023-03-29T11:00:00,925.5
2023-03-29T12:00:00,953.67
2023-03-29T13:00:00,939.05
2023-03-29T14:00:00,804.25
2023-03-29T15:00:00,619.0
2023-03-29T16:00:00,335.77
2023-03-29T17:00:00,145.68
2023-03-29T18:00:00,12.5
2023-03-29T19:00:00,0.0
2023-03-29T20:00:00,0.0
2023-03-29T21:00:00,0.0
2023-03-29T22:00:00,0.0
2023-03-29T23:00:00,0.0
2023-03-30T00:00:00,0.0
2023-03-30T01:00:00,0.0
2023-03-30T02:00:00,0.0
2023-03-30T03:00:00,0.0
2023-03-30T04:00:00,0.0
2023-03-30T05:00:00,0.0
2023-03-30T06:00:00,10.52
2023-03-30T07:00:00,141.88
2023-03-30T08:00:00,363.02
2023-03-30T09:00:00,604.62
2023-03-30T10:00:00,738.95
2023-03-30T11:00:00,956.3
2023-03-30T12:00:00,1007.2
2023-03-30T13:00:00,932.78
2023-03-30T14:00:00,856.1
2023-03-30T15:00:00,659.65
2023-03-30T16:00:00,431.67
2023-03-30T17:00:00,188.18
2023-03-30T18:00:00,13.7
2023-03-30T19:00:00,0.0
2023-03-30T20:00:00,0.0
2023-03-30T21:00:00,0.0
2023-03-30T22:00:00,0.0
2023-03-30T23:00:00,0.0
2023-03-31T00:00:00,0.0
2023-03-31T01:00:00,0.0
2023-03-31T02:00:00,0.0
2023-03-31T03:00:00,0.0
2023-03-31T04:00:00,0.0
2023-03-31T05:00:00,0.0
2023-03-31T06:00:00,11.62
2023-03-31T07:00:00,154.0
2023-03-31T08:00:00,340.98
2023-03-31T09:00:00,481.02
2023-03-31T10:00:00,719.22
2023-03-31T11:00:00,853.17
2023-03-31T12:00:00,906.38
2023-03-31T13:00:00,862.7
2023-03-31T14:00:00,797.67
2023-03-31T15:00:00,599.38
2023-03-31T16:00:00,384.02
2023-03-31T17:00:00,161.6
2023-03-31T18:00:00,12.52
2023-03-31T19:00:00,0.0
2023-03-31T20:00:00,0.0
2023-03-31T21:00:00,0.0
2023-03-31T22:00:00,0.0
2023-03-31T23:00:00,0.0
2023-04-01T00:00:00,0.0
2023-04-01T01:00:00,0.0
2023-04-01T02:00:00,0.0
2023-04-01T03:00:00,0.0
2023-04-01T04:00:00,0.0
2023-04-01T05:00:00,0.0
2023-04-01T06:00:00,6.93
2023-04-01T07:00:00,139.7
2023-04-01T08:00:00,287.65
2023-04-01T09:00:00,565.33
2023-04-01T10:00:00,739.95
2023-04-01T11:00:00,818.62
2023-04-01T12:00:00,878.05
2023-04-01T13:00:00,877.4
2023-04-01T14:00:00,793.33
2023-04-01T15:00:00,593.92
2023-04-01T16:00:00,376.0
2023-04-01T17:00:00,155.88
2023-04-01T18:00:00,10.27
2023-04-01T19:00:00,0.0
2023-04-01T20:00:00,0.0
2023-04-01T21:00:00,0.0
2023-04-01T22:00:00,0.0
2023-04-01T23:00:00,0.0
2023-04-02T00:00:00,0.0
2023-04-02T01:00:00,0.0
2023-04-02T02:00:00,0.0
2023-04-02T03:00:00,0.0
2023-04-02T04:00:00,0.0
2023-04-02T05:00:00,0.0
2023-04-02T06:00:00,11.07
2023-04-02T07:00:00,159.12
2023-04-02T08:00:00,396.95
2023-04-02T09:00:00,608.97
2023-04-02T10:00:00,750.72
2023-04-02T11:00:00,833.62
2023-04-02T12:00:00,860.2
2023-04-02T13:00:00,736.92
2023-04-02T14:00:00,737.1
2023-04-02T15:00:00,599.22
2023-04-02T16:00:00,392.17
2023-04-02T17:00:00,169.23
2023-04-02T18:00:00,12.8
2023-04-02T19:00:00,0.0
2023-04-02T20:00:00,0.0
2023-04-02T21:00:00,0.0
2023-04-02T22:00:00,0.0
2023-04-02T23:00:00,0.0
2023-04-03T00:00:00,0.0
2023-04-03T01:00:00,0.0
2023-04-03T02:00:00,0.0
2023-04-03T03:00:00,0.0
2023-04-03T04:00:00,0.0
2023-04-03T05:00:00,0.0
2023-04-03T06:00:00,11.02
2023-04-03T07:00:00,130.12
2023-04-03T08:00:00,318.62
2023-04-03T09:00:00,526.2
2023-04-03T10:00:00,731.88
2023-04-03T11:00:00,862.7
2023-04-03T12:00:00,867.97
2023-04-03T13:00:00,820.53
2023-04-03T14:00:00,718.4
2023-04-03T15:00:00,566.45
2023-04-03T16:00:00,354.2
2023-04-03T17:00:00,139.18
2023-04-03T18:00:00,9.4
2023-04-03T19:00:00,0.0
2023-04-03T20:00:00,0.0
2023-04-03T21:00:00,0.0
2023-04-03T22:00:00,0.0
2023-04-03T23:00:00,0.0
2023-04-04T00:00:00,0.0
2023-04-04T01:00:00,0.0
2023-04-04T02:00:00,0.0
2023-04-04T03:00:00,0.0
2023-04-04T04:00:00,0.0
2023-04-04T05:00:00,0.0
2023-04-04T06:00:00,9.65
2023-04-04T07:00:00,105.97
2023-04-04T08:00:00,246.18
2023-04-04T09:00:00,445.65
2023-04-04T10:00:00,655.78
2023-04-04T11:00:00,777.38
2023-04-04T12:00:00,842.17
2023-04-04T13:00:00,801.33
2023-04-04T14:00:00,572.88
2023-04-04T15:00:00,487.58
2023-04-04T16:00:00,303.42
2023-04-04T17:00:00,131.88
2023-04-04T18:00:00,11.32
2023-04-04T19:00:00,0.0
2023-04-04T20:00:00,0.0
2023-04-04T21:00:00,0.0
2023-04-04T22:00:00,0.0
2023-04-04T23:00:00,0.0
2023-04-05T00:00:00,0.0
2023-04-05T01:00:00,0.0
2023-04-05T02:00:00,0.0
2023-04-05T03:00:00,0.0
2023-04-05T04:00:00,0.0
2023-04-05T05:00:00,0.0
2023-04-05T06:00:00,14.93
2023-04-05T07:00:00,206.35
2023-04-05T08:00:00,448.25
2023-04-05T09:00:00,671.67
2023-04-05T10:00:00,841.72
2023-04-05T11:00:00,948.62
2023-04-05T12:00:00,987.97
2023-04-05T13:00:00,933.7
2023-04-05T14:00:00,844.67
2023-04-05T15:00:00,654.33
2023-04-05T16:00:00,395.98
2023-04-05T17:00:00,162.4
2023-04-05T18:00:00,9.38
2023-04-05T19:00:00,0.0
2023-04-05T20:00:00,0.0
2023-04-05T21:00:00,0.0
2023-04-05T22:00:00,0.0
2023-04-05T23:00:00,0.0
2023-04-06T00:00:00,0.0
2023-04-06T01:00:00,0.0
2023-04-06T02:00:00,0.0
2023-04-06T03:00:00,0.0
2023-04-06T04:00:00,0.0
2023-04-06T05:00:00,0.0
2023-04-06T06:00:00,2.95
2023-04-06T07:00:00,23.65
2023-04-06T08:00:00,39.67
2023-04-06T09:00:00,113.4
2023-04-06T10:00:00,136.48
2023-04-06T11:00:00,184.1
2023-04-06T12:00:00,233.0
2023-04-06T13:00:00,348.6
2023-04-06T14:00:00,155.23
2023-04-06T15:00:00,141.73
2023-04-06T16:00:00,91.03
2023-04-06T17:00:00,52.03
2023-04-06T18:00:00,4.07
2023-04-06T19:00:00,0.0
2023-04-06T20:00:00,0.0
2023-04-06T21:00:00,0.0
2023-04-06T22:00:00,0.0
2023-04-06T23:00:00,0.0
2023-04-07T00:00:00,0.0
2023-04-07T01:00:00,0.0
2023-04-07T02:00:00,0.0
2023-04-07T03:00:00,0.0
2023-04-07T04:00:00,0.0
2023-04-07T05:00:00,0.0
2023-04-07T06:00:00,10.05
2023-04-07T07:00:00,130.35
2023-04-07T08:00:00,330.58
2023-04-07T09:00:00,533.0
2023-04-07T10:00:00,738.45
2023-04-07T11:00:00,854.67
2023-04-07T12:00:00,850.03
2023-04-07T13:00:00,810.25
2023-04-07T14:00:00,672.1
2023-04-07T15:00:00,489.1
2023-04-07T16:00:00,313.52
2023-04-07T17:00:00,123.28
2023-04-07T18:00:00,10.05
2023-04-07T19:00:00,0.0
2023-04-07T20:00:00,0.0
2023-04-07T21:00:00,0.0
2023-04-07T22:00:00,0.0
2023-04-07T23:00:00,0.0
2023-04-08T00:00:00,0.0
2023-04-08T01:00:00,0.0
2023-04-08T02:00:00,0.0
2023-04-08T03:00:00,0.0
2023-04-08T04:00:00,0.0
2023-04-08T05:00:00,0.0
2023-04-08T06:00:00,15.45
2023-04-08T07:00:00,187.75
2023-04-08T08:00:00,415.1
2023-04-08T09:00:00,637.1
2023-04-08T10:00:00,796.97
2023-04-08T11:00:00,916.5
2023-04-08T12:00:00,896.58
2023-04-08T13:00:00,757.42
2023-04-08T14:00:00,632.65
2023-04-08T15:00:00,456.0
2023-04-08T16:00:00,275.67
2023-04-08T17:00:00,114.12
2023-04-08T18:00:00,7.57
2023-04-08T19:00:00,0.0
2023-04-08T20:00:00,0.0
2023-04-08T21:00:00,0.0
2023-04-08T22:00:00,0.0
2023-04-08T23:00:00,0.0
2023-04-09T00:00:00,0.0
2023-04-09T01:00:00,0.0
2023-04-09T02:00:00,0.0
2023-04-09T03:00:00,0.0
2023-04-09T04:00:00,0.0
2023-04-09T05:00:00,0.0
2023-04-09T06:00:00,15.45
2023-04-09T07:00:00,190.18
2023-04-09T08:00:00,414.33
2023-04-09T09:00:00,642.92
2023-04-09T10:00:00,765.75
2023-04-09T11:00:00,880.83
2023-04-09T12:00:00,924.65
2023-04-09T13:00:00,918.42
2023-04-09T14:00:00,820.15
2023-04-09T15:00:00,642.12
2023-04-09T16:00:00,407.5
2023-04-09T17:00:00,167.07
2023-04-09T18:00:00,9.05
2023-04-09T19:00:00,0.0
2023-04-09T20:00:00,0.0
2023-04-09T21:00:00,0.0
2023-04-09T22:00:00,0.0
2023-04-09T23:00:00,0.0
2023-04-10T00:00:00,0.0
2023-04-10T01:00:00,0.0
2023-04-10T02:00:00,0.0
2023-04-10T03:00:00,0.0
2023-04-10T04:00:00,0.0
2023-04-10T05:00:00,0.0
2023-04-10T06:00:00,13.65
2023-04-10T07:00:00,120.97
2023-04-10T08:00:00,283.77
2023-04-10T09:00:00,447.88
2023-04-10T10:00:00,615.45
2023-04-10T11:00:00,726.45
2023-04-10T12:00:00,765.55
2023-04-10T13:00:00,792.58
2023-04-10T14:00:00,751.72
2023-04-10T15:00:00,553.58
2023-04-10T16:00:00,343.88
2023-04-10T17:00:00,131.1
2023-04-10T18:00:00,9.82
2023-04-10T19:00:00,0.0
2023-04-10T20:00:00,0.0
2023-04-10T21:00:00,0.0
2023-04-10T22:00:00,0.0
2023-04-10T23:00:00,0.0
2023-04-11T00:00:00,0.0
2023-04-11T01:00:00,0.0
2023-04-11T02:00:00,0.0
2023-04-11T03:00:00,0.0
2023-04-11T04:00:00,0.0
2023-04-11T05:00:00,0.0
2023-04-11T06:00:00,16.12
2023-04-11T07:00:00,195.38
2023-04-11T08:00:00,454.5
2023-04-11T09:00:00,631.0
2023-04-11T10:00:00,800.97
2023-04-11T11:00:00,944.5
2023-04-11T12:00:00,964.5
2023-04-11T13:00:00,909.5
2023-04-11T14:00:00,759.05
2023-04-11T15:00:00,503.17
2023-04-11T16:00:00,315.38
2023-04-11T17:00:00,125.7
2023-04-11T18:00:00,7.07
2023-04-11T19:00:00,0.0
2023-04-11T20:00:00,0.0
2023-04-11T21:00:00,0.0
2023-04-11T22:00:00,0.0
2023-04-11T23:00:00,0.0
2023-04-12T00:00:00,0.0
2023-04-12T01:00:00,0.0
2023-04-12T02:00:00,0.0
2023-04-12T03:00:00,0.0
2023-04-12T04:00:00,0.0
2023-04-12T05:00:00,0.0
2023-04-12T06:00:00,14.52
2023-04-12T07:00:00,192.2
2023-04-12T08:00:00,429.0
2023-04-12T09:00:00,668.65
2023-04-12T10:00:00,845.0
2023-04-12T11:00:00,954.58
2023-04-12T12:00:00,994.25
2023-04-12T13:00:00,932.45
2023-04-12T14:00:00,797.88
2023-04-12T15:00:00,628.62
2023-04-12T16:00:00,403.23
2023-04-12T17:00:00,175.75
2023-04-12T18:00:00,10.9
2023-04-12T19:00:00,0.0
2023-04-12T20:00:00,0.0
2023-04-12T21:00:00,0.0
2023-04-12T22:00:00,0.0
2023-04-12T23:00:00,0.0
2023-04-13T00:00:00,0.0
2023-04-13T01:00:00,0.0
2023-04-13T02:00:00,0.0
2023-04-13T03:00:00,0.0
2023-04-13T04:00:00,0.0
2023-04-13T05:00:00,0.0
2023-04-13T06:00:00,17.67
2023-04-13T07:00:00,215.02
2023-04-13T08:00:00,456.12
2023-04-13T09:00:00,677.88
2023-04-13T10:00:00,851.8
2023-04-13T11:00:00,951.95
2023-04-13T12:00:00,972.03
2023-04-13T13:00:00,886.78
2023-04-13T14:00:00,772.7
2023-04-13T15:00:00,589.47
2023-04-13T16:00:00,303.73
2023-04-13T17:00:00,123.97
2023-04-13T18:00:00,8.0
2023-04-13T19:00:00,0.0
2023-04-13T20:00:00,0.0
2023-04-13T21:00:00,0.0
2023-04-13T22:00:00,0.0
2023-04-13T23:00:00,0.0
2023-04-14T00:00:00,0.0
2023-04-14T01:00:00,0.0
2023-04-14T02:00:00,0.0
2023-04-14T03:00:00,0.0
2023-04-14T04:00:00,0.0
2023-04-14T05:00:00,0.0
2023-04-14T06:00:00,16.85
2023-04-14T07:00:00,196.57
2023-04-14T08:00:00,441.77
2023-04-14T09:00:00,674.8
2023-04-14T10:00:00,832.9
2023-04-14T11:00:00,940.15
2023-04-14T12:00:00,989.0
2023-04-14T13:00:00,952.65
2023-04-14T14:00:00,823.28
2023-04-14T15:00:00,649.45
2023-04-14T16:00:00,429.33
2023-04-14T17:00:00,187.18
2023-04-14T18:00:00,11.23
2023-04-14T19:00:00,0.0
2023-04-14T20:00:00,0.0
2023-04-14T21:00:00,0.0
2023-04-14T22:00:00,0.0
2023-04-14T23:00:00,0.0
2023-04-15T00:00:00,0.0
2023-04-15T01:00:00,0.0
2023-04-15T02:00:00,0.0
2023-04-15T03:00:00,0.0
2023-04-15T04:00:00,0.0
2023-04-15T05:00:00,0.0
2023-04-15T06:00:00,15.27
2023-04-15T07:00:00,147.52
2023-04-15T08:00:00,335.23
2023-04-15T09:00:00,464.2
2023-04-15T10:00:00,643.17
2023-04-15T11:00:00,660.2
2023-04-15T12:00:00,682.95
2023-04-15T13:00:00,673.55
2023-04-15T14:00:00,576.72
2023-04-15T15:00:00,459.08
2023-04-15T16:00:00,267.52
2023-04-15T17:00:00,116.8
2023-04-15T18:00:00,6.62
2023-04-15T19:00:00,0.0
2023-04-15T20:00:00,0.0
2023-04-15T21:00:00,0.0
2023-04-15T22:00:00,0.0
2023-04-15T23:00:00,0.0
2023-04-16T00:00:00,0.0
2023-04-16T01:00:00,0.0
2023-04-16T02:00:00,0.0
2023-04-16T03:00:00,0.0
2023-04-16T04:00:00,0.0
2023-04-16T05:00:00,0.0
2023-04-16T06:00:00,9.32
2023-04-16T07:00:00,127.8
2023-04-16T08:00:00,267.45
2023-04-16T09:00:00,461.77
2023-04-16T10:00:00,635.28
2023-04-16T11:00:00,760.45
2023-04-16T12:00:00,823.03
2023-04-16T13:00:00,730.9
2023-04-16T14:00:00,660.6
2023-04-16T15:00:00,518.05
2023-04-16T16:00:00,305.02
2023-04-16T17:00:00,113.57
2023-04-16T18:00:00,7.9
2023-04-16T19:00:00,0.0
2023-04-16T20:00:00,0.0
2023-04-16T21:00:00,0.0
2023-04-16T22:00:00,0.0
2023-04-16T23:00:00,0.0
2023-04-17T00:00:00,0.0
2023-04-17T01:00:00,0.0
2023-04-17T02:00:00,0.0
2023-04-17T03:00:00,0.0
2023-04-17T04:00:00,0.0
2023-04-17T05:00:00,0.0
2023-04-17T06:00:00,15.8
2023-04-17T07:00:00,183.48
2023-04-17T08:00:00,405.38
2023-04-17T09:00:00,631.0
2023-04-17T10:00:00,833.72
2023-04-17T11:00:00,960.22
2023-04-17T12:00:00,978.78
2023-04-17T13:00:00,867.78
2023-04-17T14:00:00,803.55
2023-04-17T15:00:00,642.85
2023-04-17T16:00:00,411.5
2023-04-17T17:00:00,177.32
2023-04-17T18:00:00,10.02
2023-04-17T19:00:00,0.0
2023-04-17T20:00:00,0.0
2023-04-17T21:00:00,0.0
2023-04-17T22:00:00,0.0
2023-04-17T23:00:00,0.0
2023-04-18T00:00:00,0.0
2023-04-18T01:00:00,0.0
2023-04-18T02:00:00,0.0
2023-04-18T03:00:00,0.0
2023-04-18T04:00:00,0.0
2023-04-18T05:00:00,0.0
2023-04-18T06:00:00,15.8
2023-04-18T07:00:00,178.15
2023-04-18T08:00:00,410.05
2023-04-18T09:00:00,525.67
2023-04-18T10:00:00,691.6
2023-04-18T11:00:00,868.6
2023-04-18T12:00:00,937.15
2023-04-18T13:00:00,876.53
2023-04-18T14:00:00,724.78
2023-04-18T15:00:00,595.05
2023-04-18T16:00:00,389.83
2023-04-18T17:00:00,170.88
2023-04-18T18:00:00,10.07
2023-04-18T19:00:00,0.0
2023-04-18T20:00:00,0.0
2023-04-18T21:00:00,0.0
2023-04-18T22:00:00,0.0
2023-04-18T23:00:00,0.0
2023-04-19T00:00:00,0.0
2023-04-19T01:00:00,0.0
2023-04-19T02:00:00,0.0
2023-04-19T03:00:00,0.0
2023-04-19T04:00:00,0.0
2023-04-19T05:00:00,0.0
2023-04-19T06:00:00,20.2
2023-04-19T07:00:00,212.82
2023-04-19T08:00:00,451.55
2023-04-19T09:00:00,668.6
2023-04-19T10:00:00,838.58
2023-04-19T11:00:00,935.45
2023-04-19T12:00:00,965.35
2023-04-19T13:00:00,937.03
2023-04-19T14:00:00,804.4
2023-04-19T15:00:00,607.28
2023-04-19T16:00:00,375.98
2023-04-19T17:00:00,157.45
2023-04-19T18:00:00,8.77
2023-04-19T19:00:00,0.0
2023-04-19T20:00:00,0.0
2023-04-19T21:00:00,0.0
2023-04-19T22:00:00,0.0
2023-04-19T23:00:00,0.0
2023-04-20T00:00:00,0.0
2023-04-20T01:00:00,0.0
2023-04-20T02:00:00,0.0
2023-04-20T03:00:00,0.0
2023-04-20T04:00:00,0.0
2023-04-20T05:00:00,0.0
2023-04-20T06:00:00,21.7
2023-04-20T07:00:00,224.02
2023-04-20T08:00:00,465.27
2023-04-20T09:00:00,688.8
2023-04-20T10:00:00,857.9
2023-04-20T11:00:00,955.72
2023-04-20T12:00:00,987.15
2023-04-20T13:00:00,918.83
2023-04-20T14:00:00,804.75
2023-04-20T15:00:00,603.33
2023-04-20T16:00:00,398.92
2023-04-20T17:00:00,170.75
2023-04-20T18:00:00,9.2
2023-04-20T19:00:00,0.0
2023-04-20T20:00:00,0.0
2023-04-20T21:00:00,0.0
2023-04-20T22:00:00,0.0
2023-04-20T23:00:00,0.0
2023-04-21T00:00:00,0.0
2023-04-21T01:00:00,0.0
2023-04-21T02:00:00,0.0
2023-04-21T03:00:00,0.0
2023-04-21T04:00:00,0.0
2023-04-21T05:00:00,0.0
2023-04-21T06:00:00,19.73
2023-04-21T07:00:00,209.3
2023-04-21T08:00:00,466.98
2023-04-21T09:00:00,678.72
2023-04-21T10:00:00,838.58
2023-04-21T11:00:00,935.67
2023-04-21T12:00:00,967.62
2023-04-21T13:00:00,916.2
2023-04-21T14:00:00,823.47
2023-04-21T15:00:00,628.7
2023-04-21T16:00:00,397.0
2023-04-21T17:00:00,170.8
2023-04-21T18:00:00,9.55
2023-04-21T19:00:00,0.0
2023-04-21T20:00:00,0.0
2023-04-21T21:00:00,0.0
2023-04-21T22:00:00,0.0
2023-04-21T23:00:00,0.0
2023-04-22T00:00:00,0.0
2023-04-22T01:00:00,0.0
2023-04-22T02:00:00,0.0
2023-04-22T03:00:00,0.0
2023-04-22T04:00:00,0.0
2023-04-22T05:00:00,0.0
2023-04-22T06:00:00,17.05
2023-04-22T07:00:00,188.45
2023-04-22T08:00:00,419.92
2023-04-22T09:00:00,630.1
2023-04-22T10:00:00,790.45
2023-04-22T11:00:00,908.9
2023-04-22T12:00:00,958.22
2023-04-22T13:00:00,887.42
2023-04-22T14:00:00,764.85
2023-04-22T15:00:00,629.55
2023-04-22T16:00:00,408.62
2023-04-22T17:00:00,171.02
2023-04-22T18:00:00,9.32
2023-04-22T19:00:00,0.0
2023-04-22T20:00:00,0.0
2023-04-22T21:00:00,0.0
2023-04-22T22:00:00,0.0
2023-04-22T23:00:00,0.0
2023-04-23T00:00:00,0.0
2023-04-23T01:00:00,0.0
2023-04-23T02:00:00,0.0
2023-04-23T03:00:00,0.0
2023-04-23T04:00:00,0.0
2023-04-23T05:00:00,0.0
2023-04-23T06:00:00,20.23
2023-04-23T07:00:00,192.85
2023-04-23T08:00:00,411.27
2023-04-23T09:00:00,614.92
2023-04-23T10:00:00,771.8
2023-04-23T11:00:00,852.05
2023-04-23T12:00:00,814.42
2023-04-23T13:00:00,868.62
2023-04-23T14:00:00,661.33
2023-04-23T15:00:00,567.12
2023-04-23T16:00:00,355.62
2023-04-23T17:00:00,132.5
2023-04-23T18:00:00,7.9
2023-04-23T19:00:00,0.0
2023-04-23T20:00:00,0.0
2023-04-23T21:00:00,0.0
2023-04-23T22:00:00,0.0
2023-04-23T23:00:00,0.0
2023-04-24T00:00:00,0.0
2023-04-24T01:00:00,0.0
2023-04-24T02:00:00,0.0
2023-04-24T03:00:00,0.0
2023-04-24T04:00:00,0.0
2023-04-24T05:00:00,0.0
2023-04-24T06:00:00,18.95
2023-04-24T07:00:00,179.95
2023-04-24T08:00:00,415.88
2023-04-24T09:00:00,635.12
2023-04-24T10:00:00,793.97
2023-04-24T11:00:00,904.65
2023-04-24T12:00:00,933.4
2023-04-24T13:00:00,825.78
2023-04-24T14:00:00,695.97
2023-04-24T15:00:00,495.75
2023-04-24T16:00:00,332.75
2023-04-24T17:00:00,134.32
2023-04-24T18:00:00,7.8
2023-04-24T19:00:00,0.0
2023-04-24T20:00:00,0.0
2023-04-24T21:00:00,0.0
2023-04-24T22:00:00,0.0
2023-04-24T23:00:00,0.0
2023-04-25T00:00:00,0.0
2023-04-25T01:00:00,0.0
2023-04-25T02:00:00,0.0
2023-04-25T03:00:00,0.0
2023-04-25T04:00:00,0.0
2023-04-25T05:00:00,0.0
2023-04-25T06:00:00,16.17
2023-04-25T07:00:00,180.55
2023-04-25T08:00:00,423.52
2023-04-25T09:00:00,592.8
2023-04-25T10:00:00,720.9
2023-04-25T11:00:00,869.53
2023-04-25T12:00:00,858.25
2023-04-25T13:00:00,870.95
2023-04-25T14:00:00,579.4
2023-04-25T15:00:00,394.3
2023-04-25T16:00:00,233.5
2023-04-25T17:00:00,102.9
2023-04-25T18:00:00,5.22
2023-04-25T19:00:00,0.0
2023-04-25T20:00:00,0.0
2023-04-25T21:00:00,0.0
2023-04-25T22:00:00,0.0
2023-04-25T23:00:00,0.0
2023-04-26T00:00:00,0.0
2023-04-26T01:00:00,0.0
2023-04-26T02:00:00,0.0
2023-04-26T03:00:00,0.0
2023-04-26T04:00:00,0.0
2023-04-26T05:00:00,0.0
2023-04-26T06:00:00,14.43
2023-04-26T07:00:00,137.98
2023-04-26T08:00:00,336.23
2023-04-26T09:00:00,536.17
2023-04-26T10:00:00,699.8
2023-04-26T11:00:00,787.9
2023-04-26T12:00:00,818.0
2023-04-26T13:00:00,818.53
2023-04-26T14:00:00,773.22
2023-04-26T15:00:00,594.83
2023-04-26T16:00:00,379.67
2023-04-26T17:00:00,149.98
2023-04-26T18:00:00,7.82
2023-04-26T19:00:00,0.0
2023-04-26T20:00:00,0.0
2023-04-26T21:00:00,0.0
2023-04-26T22:00:00,0.0
2023-04-26T23:00:00,0.0
2023-04-27T00:00:00,0.0
2023-04-27T01:00:00,0.0
2023-04-27T02:00:00,0.0
2023-04-27T03:00:00,0.0
2023-04-27T04:00:00,0.0
2023-04-27T05:00:00,0.0
2023-04-27T06:00:00,19.5
2023-04-27T07:00:00,186.05
2023-04-27T08:00:00,409.83
2023-04-27T09:00:00,615.7
2023-04-27T10:00:00,803.0
2023-04-27T11:00:00,911.25
2023-04-27T12:00:00,961.1
2023-04-27T13:00:00,899.65
2023-04-27T14:00:00,749.33
2023-04-27T15:00:00,615.3
2023-04-27T16:00:00,394.73
2023-04-27T17:00:00,164.95
2023-04-27T18:00:00,8.55
2023-04-27T19:00:00,0.0
2023-04-27T20:00:00,0.0
2023-04-27T21:00:00,0.0
2023-04-27T22:00:00,0.0
2023-04-27T23:00:00,0.0
2023-04-28T00:00:00,0.0
2023-04-28T01:00:00,0.0
2023-04-28T02:00:00,0.0
2023-04-28T03:00:00,0.0
2023-04-28T04:00:00,0.0
2023-04-28T05:00:00,0.0
2023-04-28T06:00:00,19.35
2023-04-28T07:00:00,174.1
2023-04-28T08:00:00,406.17
2023-04-28T09:00:00,639.65
2023-04-28T10:00:00,796.5
2023-04-28T11:00:00,892.95
2023-04-28T12:00:00,935.78
2023-04-28T13:00:00,884.1
2023-04-28T14:00:00,770.75
2023-04-28T15:00:00,592.25
2023-04-28T16:00:00,365.15
2023-04-28T17:00:00,144.8
2023-04-28T18:00:00,7.72
2023-04-28T19:00:00,0.0
2023-04-28T20:00:00,0.0
2023-04-28T21:00:00,0.0
2023-04-28T22:00:00,0.0
2023-04-28T23:00:00,0.0
2023-04-29T00:00:00,0.0
2023-04-29T01:00:00,0.0
2023-04-29T02:00:00,0.0
2023-04-29T03:00:00,0.0
2023-04-29T04:00:00,0.0
2023-04-29T05:00:00,0.0
2023-04-29T06:00:00,19.3
2023-04-29T07:00:00,161.18
2023-04-29T08:00:00,359.58
2023-04-29T09:00:00,545.83
2023-04-29T10:00:00,717.83
2023-04-29T11:00:00,823.3
2023-04-29T12:00:00,898.03
2023-04-29T13:00:00,779.0
2023-04-29T14:00:00,726.8
2023-04-29T15:00:00,595.4
2023-04-29T16:00:00,365.08
2023-04-29T17:00:00,147.95
2023-04-29T18:00:00,7.78
2023-04-29T19:00:00,0.0
2023-04-29T20:00:00,0.0
2023-04-29T21:00:00,0.0
2023-04-29T22:00:00,0.0
2023-04-29T23:00:00,0.0
2023-04-30T00:00:00,0.0
2023-04-30T01:00:00,0.0
2023-04-30T02:00:00,0.0
2023-04-30T03:00:00,0.0
2023-04-30T04:00:00,0.0
2023-04-30T05:00:00,0.0
2023-04-30T06:00:00,19.65
2023-04-30T07:00:00,205.25
2023-04-30T08:00:00,432.38
2023-04-30T09:00:00,656.85
2023-04-30T10:00:00,775.83
2023-04-30T11:00:00,920.42
2023-04-30T12:00:00,947.4
2023-04-30T13:00:00,904.38
2023-04-30T14:00:00,747.8
2023-04-30T15:00:00,579.25
2023-04-30T16:00:00,354.7
2023-04-30T17:00:00,129.62
2023-04-30T18:00:00,6.72
2023-04-30T19:00:00,0.0
2023-04-30T20:00:00,0.0
2023-04-30T21:00:00,0.0
2023-04-30T22:00:00,0.0
2023-04-30T23:00:00,0.0
2023-05-01T00:00:00,0.0
2023-05-01T01:00:00,0.0
2023-05-01T02:00:00,0.0
2023-05-01T03:00:00,0.0
2023-05-01T04:00:00,0.0
2023-05-01T05:00:00,0.0
2023-05-01T06:00:00,18.42
2023-05-01T07:00:00,190.95
2023-05-01T08:00:00,391.62
2023-05-01T09:00:00,613.5
2023-05-01T10:00:00,684.0
2023-05-01T11:00:00,786.72
2023-05-01T12:00:00,850.1
2023-05-01T13:00:00,756.5
2023-05-01T14:00:00,769.33
2023-05-01T15:00:00,548.17
2023-05-01T16:00:00,351.15
2023-05-01T17:00:00,138.82
2023-05-01T18:00:00,7.57
2023-05-01T19:00:00,0.0
2023-05-01T20:00:00,0.0
2023-05-01T21:00:00,0.0
2023-05-01T22:00:00,0.0
2023-05-01T23:00:00,0.0
2023-05-02T00:00:00,0.0
2023-05-02T01:00:00,0.0
2023-05-02T02:00:00,0.0
2023-05-02T03:00:00,0.0
2023-05-02T04:00:00,0.0
2023-05-02T05:00:00,0.0
2023-05-02T06:00:00,20.17
2023-05-02T07:00:00,190.48
2023-05-02T08:00:00,418.6
2023-05-02T09:00:00,598.35
2023-05-02T10:00:00,749.4
2023-05-02T11:00:00,838.35
2023-05-02T12:00:00,847.72
2023-05-02T13:00:00,784.1
2023-05-02T14:00:00,675.83
2023-05-02T15:00:00,484.48
2023-05-02T16:00:00,291.9
2023-05-02T17:00:00,104.7
2023-05-02T18:00:00,5.88
2023-05-02T19:00:00,0.0
2023-05-02T20:00:00,0.0
2023-05-02T21:00:00,0.0
2023-05-02T22:00:00,0.0
2023-05-02T23:00:00,0.0
2023-05-03T00:00:00,0.0
2023-05-03T01:00:00,0.0
2023-05-03T02:00:00,0.0
2023-05-03T03:00:00,0.0
2023-05-03T04:00:00,0.0
2023-05-03T05:00:00,0.0
2023-05-03T06:00:00,21.62
2023-05-03T07:00:00,214.65
2023-05-03T08:00:00,449.45
2023-05-03T09:00:00,621.97
2023-05-03T10:00:00,754.7
2023-05-03T11:00:00,831.83
2023-05-03T12:00:00,813.5
2023-05-03T13:00:00,815.35
2023-05-03T14:00:00,691.6
2023-05-03T15:00:00,497.17
2023-05-03T16:00:00,310.25
2023-05-03T17:00:00,120.12
2023-05-03T18:00:00,6.95
2023-05-03T19:00:00,0.0
2023-05-03T20:00:00,0.0
2023-05-03T21:00:00,0.0
2023-05-03T22:00:00,0.0
2023-05-03T23:00:00,0.0
2023-05-04T00:00:00,0.0
2023-05-04T01:00:00,0.0
2023-05-04T02:00:00,0.0
2023-05-04T03:00:00,0.0
2023-05-04T04:00:00,0.0
2023-05-04T05:00:00,0.0
2023-05-04T06:00:00,18.1
2023-05-04T07:00:00,173.15
2023-05-04T08:00:00,381.62
2023-05-04T09:00:00,541.85
2023-05-04T10:00:00,712.33
2023-05-04T11:00:00,816.6
2023-05-04T12:00:00,874.5
2023-05-04T13:00:00,858.97
2023-05-04T14:00:00,750.53
2023-05-04T15:00:00,598.15
2023-05-04T16:00:00,381.55
2023-05-04T17:00:00,150.45
2023-05-04T18:00:00,7.12
2023-05-04T19:00:00,0.0
2023-05-04T20:00:00,0.0
2023-05-04T21:00:00,0.0
2023-05-04T22:00:00,0.0
2023-05-04T23:00:00,0.0
2023-05-05T00:00:00,0.0
2023-05-05T01:00:00,0.0
2023-05-05T02:00:00,0.0
2023-05-05T03:00:00,0.0
2023-05-05T04:00:00,0.0
2023-05-05T05:00:00,0.0
2023-05-05T06:00:00,17.6
2023-05-05T07:00:00,155.55
2023-05-05T08:00:00,330.5
2023-05-05T09:00:00,513.85
2023-05-05T10:00:00,670.97
2023-05-05T11:00:00,741.38
2023-05-05T12:00:00,923.0
2023-05-05T13:00:00,862.05
2023-05-05T14:00:00,740.9
2023-05-05T15:00:00,567.55
2023-05-05T16:00:00,313.02
2023-05-05T17:00:00,124.88
2023-05-05T18:00:00,6.82
2023-05-05T19:00:00,0.0
2023-05-05T20:00:00,0.0
2023-05-05T21:00:00,0.0
2023-05-05T22:00:00,0.0
2023-05-05T23:00:00,0.0
2023-05-06T00:00:00,0.0
2023-05-06T01:00:00,0.0
2023-05-06T02:00:00,0.0
2023-05-06T03:00:00,0.0
2023-05-06T04:00:00,0.0
2023-05-06T05:00:00,0.0
2023-05-06T06:00:00,24.12
2023-05-06T07:00:00,229.3
2023-05-06T08:00:00,464.88
2023-05-06T09:00:00,652.88
2023-05-06T10:00:00,724.1
2023-05-06T11:00:00,705.12
2023-05-06T12:00:00,806.17
2023-05-06T13:00:00,883.85
2023-05-06T14:00:00,705.03
2023-05-06T15:00:00,591.0
2023-05-06T16:00:00,360.33
2023-05-06T17:00:00,147.93
2023-05-06T18:00:00,7.32
2023-05-06T19:00:00,0.0
2023-05-06T20:00:00,0.0
2023-05-06T21:00:00,0.0
2023-05-06T22:00:00,0.0
2023-05-06T23:00:00,0.0
2023-05-07T00:00:00,0.0
2023-05-07T01:00:00,0.0
2023-05-07T02:00:00,0.0
2023-05-07T03:00:00,0.0
2023-05-07T04:00:00,0.0
2023-05-07T05:00:00,0.0
2023-05-07T06:00:00,11.07
2023-05-07T07:00:00,123.3
2023-05-07T08:00:00,272.9
2023-05-07T09:00:00,510.75
2023-05-07T10:00:00,728.7
2023-05-07T11:00:00,865.25
2023-05-07T12:00:00,917.05
2023-05-07T13:00:00,883.53
2023-05-07T14:00:00,745.65
2023-05-07T15:00:00,574.2
2023-05-07T16:00:00,363.88
2023-05-07T17:00:00,140.27
2023-05-07T18:00:00,6.9
2023-05-07T19:00:00,0.0
2023-05-07T20:00:00,0.0
2023-05-07T21:00:00,0.0
2023-05-07T22:00:00,0.0
2023-05-07T23:00:00,0.0
2023-05-08T00:00:00,0.0
2023-05-08T01:00:00,0.0
2023-05-08T02:00:00,0.0
2023-05-08T03:00:00,0.0
2023-05-08T04:00:00,0.0
2023-05-08T05:00:00,0.0
2023-05-08T06:00:00,20.33
2023-05-08T07:00:00,176.9
2023-05-08T08:00:00,394.52
2023-05-08T09:00:00,508.27
2023-05-08T10:00:00,696.38
2023-05-08T11:00:00,786.78
2023-05-08T12:00:00,874.35
2023-05-08T13:00:00,638.58
2023-05-08T14:00:00,592.58
2023-05-08T15:00:00,428.23
2023-05-08T16:00:00,247.35
2023-05-08T17:00:00,96.97
2023-05-08T18:00:00,6.25
2023-05-08T19:00:00,0.0
2023-05-08T20:00:00,0.0
2023-05-08T21:00:00,0.0
2023-05-08T22:00:00,0.0
2023-05-08T23:00:00,0.0
2023-05-09T00:00:00,0.0
2023-05-09T01:00:00,0.0
2023-05-09T02:00:00,0.0
2023-05-09T03:00:00,0.0
2023-05-09T04:00:00,0.0
2023-05-09T05:00:00,0.0
2023-05-09T06:00:00,21.27
2023-05-09T07:00:00,203.5
2023-05-09T08:00:00,433.3
2023-05-09T09:00:00,641.0
2023-05-09T10:00:00,770.38
2023-05-09T11:00:00,882.65
2023-05-09T12:00:00,898.53
2023-05-09T13:00:00,844.3
2023-05-09T14:00:00,717.65
2023-05-09T15:00:00,578.45
2023-05-09T16:00:00,366.92
2023-05-09T17:00:00,140.43
2023-05-09T18:00:00,6.82
2023-05-09T19:00:00,0.0
2023-05-09T20:00:00,0.0
2023-05-09T21:00:00,0.0
2023-05-09T22:00:00,0.0
2023-05-09T23:00:00,0.0
2023-05-10T00:00:00,0.0
2023-05-10T01:00:00,0.0
2023-05-10T02:00:00,0.0
2023-05-10T03:00:00,0.0
2023-05-10T04:00:00,0.0
2023-05-10T05:00:00,0.0
2023-05-10T06:00:00,17.12
2023-05-10T07:00:00,171.73
2023-05-10T08:00:00,377.98
2023-05-10T09:00:00,587.75
2023-05-10T10:00:00,705.97
2023-05-10T11:00:00,798.67
2023-05-10T12:00:00,790.22
2023-05-10T13:00:00,762.45
2023-05-10T14:00:00,686.4
2023-05-10T15:00:00,537.55
2023-05-10T16:00:00,335.1
2023-05-10T17:00:00,123.82
2023-05-10T18:00:00,6.22
2023-05-10T19:00:00,0.0
2023-05-10T20:00:00,0.0
2023-05-10T21:00:00,0.0
2023-05-10T22:00:00,0.0
2023-05-10T23:00:00,0.0
2023-05-11T00:00:00,0.0
2023-05-11T01:00:00,0.0
2023-05-11T02:00:00,0.0
2023-05-11T03:00:00,0.0
2023-05-11T04:00:00,0.0
2023-05-11T05:00:00,0.0
2023-05-11T06:00:00,13.0
2023-05-11T07:00:00,104.15
2023-05-11T08:00:00,212.85
2023-05-11T09:00:00,440.85
2023-05-11T10:00:00,643.88
2023-05-11T11:00:00,796.6
2023-05-11T12:00:00,693.03
2023-05-11T13:00:00,708.5
2023-05-11T14:00:00,577.65
2023-05-11T15:00:00,430.75
2023-05-11T16:00:00,247.77
2023-05-11T17:00:00,82.3
2023-05-11T18:00:00,4.53
2023-05-11T19:00:00,0.0
2023-05-11T20:00:00,0.0
2023-05-11T21:00:00,0.0
2023-05-11T22:00:00,0.0
2023-05-11T23:00:00,0.0
2023-05-12T00:00:00,0.0
2023-05-12T01:00:00,0.0
2023-05-12T02:00:00,0.0
2023-05-12T03:00:00,0.0
2023-05-12T04:00:00,0.0
2023-05-12T05:00:00,0.0
2023-05-12T06:00:00,18.5
2023-05-12T07:00:00,159.23
2023-05-12T08:00:00,332.45
2023-05-12T09:00:00,534.88
2023-05-12T10:00:00,704.53
2023-05-12T11:00:00,800.35
2023-05-12T12:00:00,850.28
2023-05-12T13:00:00,807.08
2023-05-12T14:00:00,762.8
2023-05-12T15:00:00,561.7
2023-05-12T16:00:00,338.25
2023-05-12T17:00:00,133.43
2023-05-12T18:00:00,7.25
2023-05-12T19:00:00,0.0
2023-05-12T20:00:00,0.0
2023-05-12T21:00:00,0.0
2023-05-12T22:00:00,0.0
2023-05-12T23:00:00,0.0
2023-05-13T00:00:00,0.0
2023-05-13T01:00:00,0.0
2023-05-13T02:00:00,0.0
2023-05-13T03:00:00,0.0
2023-05-13T04:00:00,0.0
2023-05-13T05:00:00,0.0
2023-05-13T06:00:00,21.27
2023-05-13T07:00:00,199.52
2023-05-13T08:00:00,414.85
2023-05-13T09:00:00,639.88
2023-05-13T10:00:00,786.25
2023-05-13T11:00:00,885.33
2023-05-13T12:00:00,906.17
2023-05-13T13:00:00,767.67
2023-05-13T14:00:00,715.2
2023-05-13T15:00:00,570.25
2023-05-13T16:00:00,369.9
2023-05-13T17:00:00,152.3
2023-05-13T18:00:00,7.32
2023-05-13T19:00:00,0.0
2023-05-13T20:00:00,0.0
2023-05-13T21:00:00,0.0
2023-05-13T22:00:00,0.0
2023-05-13T23:00:00,0.0
2023-05-14T00:00:00,0.0
2023-05-14T01:00:00,0.0
2023-05-14T02:00:00,0.0
2023-05-14T03:00:00,0.0
2023-05-14T04:00:00,0.0
2023-05-14T05:00:00,0.0
2023-05-14T06:00:00,19.38
2023-05-14T07:00:00,177.57
2023-05-14T08:00:00,366.9
2023-05-14T09:00:00,535.08
2023-05-14T10:00:00,644.22
2023-05-14T11:00:00,713.28
2023-05-14T12:00:00,723.1
2023-05-14T13:00:00,762.35
2023-05-14T14:00:00,651.53
2023-05-14T15:00:00,490.7
2023-05-14T16:00:00,289.67
2023-05-14T17:00:00,98.4
2023-05-14T18:00:00,5.53
2023-05-14T19:00:00,0.0
2023-05-14T20:00:00,0.0
2023-05-14T21:00:00,0.0
2023-05-14T22:00:00,0.0
2023-05-14T23:00:00,0.0
2023-05-15T00:00:00,0.0
2023-05-15T01:00:00,0.0
2023-05-15T02:00:00,0.0
2023-05-15T03:00:00,0.0
2023-05-15T04:00:00,0.0
2023-05-15T05:00:00,0.0
2023-05-15T06:00:00,5.68
2023-05-15T07:00:00,61.78
2023-05-15T08:00:00,146.8
2023-05-15T09:00:00,234.7
2023-05-15T10:00:00,343.6
2023-05-15T11:00:00,414.8
2023-05-15T12:00:00,483.55
2023-05-15T13:00:00,492.98
2023-05-15T14:00:00,369.8
2023-05-15T15:00:00,325.1
2023-05-15T16:00:00,176.38
2023-05-15T17:00:00,77.4
2023-05-15T18:00:00,3.7
2023-05-15T19:00:00,0.0
2023-05-15T20:00:00,0.0
2023-05-15T21:00:00,0.0
2023-05-15T22:00:00,0.0
2023-05-15T23:00:00,0.0
2023-05-16T00:00:00,0.0
2023-05-16T01:00:00,0.0
2023-05-16T02:00:00,0.0
2023-05-16T03:00:00,0.0
2023-05-16T04:00:00,0.0
2023-05-16T05:00:00,0.0
2023-05-16T06:00:00,10.48
2023-05-16T07:00:00,105.1
2023-05-16T08:00:00,254.38
2023-05-16T09:00:00,393.52
2023-05-16T10:00:00,581.92
2023-05-16T11:00:00,712.47
2023-05-16T12:00:00,762.78
2023-05-16T13:00:00,772.15
2023-05-16T14:00:00,640.3
2023-05-16T15:00:00,503.4
2023-05-16T16:00:00,318.1
2023-05-16T17:00:00,126.55
2023-05-16T18:00:00,6.97
2023-05-16T19:00:00,0.0
2023-05-16T20:00:00,0.0
2023-05-16T21:00:00,0.0
2023-05-16T22:00:00,0.0
2023-05-16T23:00:00,0.0
2023-05-17T00:00:00,0.0
2023-05-17T01:00:00,0.0
2023-05-17T02:00:00,0.0
2023-05-17T03:00:00,0.0
2023-05-17T04:00:00,0.0
2023-05-17T05:00:00,0.0
2023-05-17T06:00:00,23.77
2023-05-17T07:00:00,215.23
2023-05-17T08:00:00,440.7
2023-05-17T09:00:00,649.92
2023-05-17T10:00:00,808.53
2023-05-17T11:00:00,895.78
2023-05-17T12:00:00,930.67
2023-05-17T13:00:00,887.05
2023-05-17T14:00:00,777.7
2023-05-17T15:00:00,607.65
2023-05-17T16:00:00,396.7
2023-05-17T17:00:00,165.02
2023-05-17T18:00:00,8.07
2023-05-17T19:00:00,0.0
2023-05-17T20:00:00,0.0
2023-05-17T21:00:00,0.0
2023-05-17T22:00:00,0.0
2023-05-17T23:00:00,0.0
2023-05-18T00:00:00,0.0
2023-05-18T01:00:00,0.0
2023-05-18T02:00:00,0.0
2023-05-18T03:00:00,0.0
2023-05-18T04:00:00,0.0
2023-05-18T05:00:00,0.0
2023-05-18T06:00:00,22.35
2023-05-18T07:00:00,214.77
2023-05-18T08:00:00,446.25
2023-05-18T09:00:00,660.25
2023-05-18T10:00:00,810.1
2023-05-18T11:00:00,906.6
2023-05-18T12:00:00,931.12
2023-05-18T13:00:00,881.92
2023-05-18T14:00:00,773.53
2023-05-18T15:00:00,595.35
2023-05-18T16:00:00,367.25
2023-05-18T17:00:00,152.4
2023-05-18T18:00:00,7.47
2023-05-18T19:00:00,0.0
2023-05-18T20:00:00,0.0
2023-05-18T21:00:00,0.0
2023-05-18T22:00:00,0.0
2023-05-18T23:00:00,0.0
2023-05-19T00:00:00,0.0
2023-05-19T01:00:00,0.0
2023-05-19T02:00:00,0.0
2023-05-19T03:00:00,0.0
2023-05-19T04:00:00,0.0
2023-05-19T05:00:00,0.0
2023-05-19T06:00:00,19.12
2023-05-19T07:00:00,177.15
2023-05-19T08:00:00,400.83
2023-05-19T09:00:00,579.97
2023-05-19T10:00:00,726.03
2023-05-19T11:00:00,838.03
2023-05-19T12:00:00,874.78
2023-05-19T13:00:00,799.72
2023-05-19T14:00:00,709.55
2023-05-19T15:00:00,530.28
2023-05-19T16:00:00,320.6
2023-05-19T17:00:00,123.03
2023-05-19T18:00:00,6.68
2023-05-19T19:00:00,0.0
2023-05-19T20:00:00,0.0
2023-05-19T21:00:00,0.0
2023-05-19T22:00:00,0.0
2023-05-19T23:00:00,0.0
2023-05-20T00:00:00,0.0
2023-05-20T01:00:00,0.0
2023-05-20T02:00:00,0.0
2023-05-20T03:00:00,0.0
2023-05-20T04:00:00,0.0
2023-05-20T05:00:00,0.0
2023-05-20T06:00:00,24.38
2023-05-20T07:00:00,218.68
2023-05-20T08:00:00,446.85
2023-05-20T09:00:00,656.92
2023-05-20T10:00:00,802.42
2023-05-20T11:00:00,904.7
2023-05-20T12:00:00,927.12
2023-05-20T13:00:00,880.28
2023-05-20T14:00:00,728.45
2023-05-20T15:00:00,558.08
2023-05-20T16:00:00,359.8
2023-05-20T17:00:00,145.95
2023-05-20T18:00:00,7.35
2023-05-20T19:00:00,0.0
2023-05-20T20:00:00,0.0
2023-05-20T21:00:00,0.0
2023-05-20T22:00:00,0.0
2023-05-20T23:00:00,0.0
2023-05-21T00:00:00,0.0
2023-05-21T01:00:00,0.0
2023-05-21T02:00:00,0.0
2023-05-21T03:00:00,0.0
2023-05-21T04:00:00,0.0
2023-05-21T05:00:00,0.0
2023-05-21T06:00:00,19.3
2023-05-21T07:00:00,184.43
2023-05-21T08:00:00,385.62
2023-05-21T09:00:00,616.4
2023-05-21T10:00:00,767.03
2023-05-21T11:00:00,882.42
2023-05-21T12:00:00,893.88
2023-05-21T13:00:00,860.83
2023-05-21T14:00:00,717.9
2023-05-21T15:00:00,568.62
2023-05-21T16:00:00,372.48
2023-05-21T17:00:00,153.48
2023-05-21T18:00:00,7.47
2023-05-21T19:00:00,0.0
2023-05-21T20:00:00,0.0
2023-05-21T21:00:00,0.0
2023-05-21T22:00:00,0.0
2023-05-21T23:00:00,0.0
2023-05-22T00:00:00,0.0
2023-05-22T01:00:00,0.0
2023-05-22T02:00:00,0.0
2023-05-22T03:00:00,0.0
2023-05-22T04:00:00,0.0
2023-05-22T05:00:00,0.0
2023-05-22T06:00:00,6.5
2023-05-22T07:00:00,71.1
2023-05-22T08:00:00,157.0
2023-05-22T09:00:00,320.85
2023-05-22T10:00:00,391.45
2023-05-22T11:00:00,478.77
2023-05-22T12:00:00,495.6
2023-05-22T13:00:00,431.48
2023-05-22T14:00:00,241.85
2023-05-22T15:00:00,206.9
2023-05-22T16:00:00,178.0
2023-05-22T17:00:00,80.03
2023-05-22T18:00:00,5.25
2023-05-22T19:00:00,0.0
2023-05-22T20:00:00,0.0
2023-05-22T21:00:00,0.0
2023-05-22T22:00:00,0.0
2023-05-22T23:00:00,0.0
2023-05-23T00:00:00,0.0
2023-05-23T01:00:00,0.0
2023-05-23T02:00:00,0.0
2023-05-23T03:00:00,0.0
2023-05-23T04:00:00,0.0
2023-05-23T05:00:00,0.0
2023-05-23T06:00:00,17.67
2023-05-23T07:00:00,160.1
2023-05-23T08:00:00,363.67
2023-05-23T09:00:00,524.67
2023-05-23T10:00:00,643.2
2023-05-23T11:00:00,669.33
2023-05-23T12:00:00,632.35
2023-05-23T13:00:00,373.27
2023-05-23T14:00:00,130.18
2023-05-23T15:00:00,56.92
2023-05-23T16:00:00,35.45
2023-05-23T17:00:00,14.12
2023-05-23T18:00:00,0.98
2023-05-23T19:00:00,0.0
2023-05-23T20:00:00,0.0
2023-05-23T21:00:00,0.0
2023-05-23T22:00:00,0.0
2023-05-23T23:00:00,0.0
2023-05-24T00:00:00,0.0
2023-05-24T01:00:00,0.0
2023-05-24T02:00:00,0.0
2023-05-24T03:00:00,0.0
2023-05-24T04:00:00,0.0
2023-05-24T05:00:00,0.0
2023-05-24T06:00:00,13.95
2023-05-24T07:00:00,140.0
2023-05-24T08:00:00,336.55
2023-05-24T09:00:00,481.2
2023-05-24T10:00:00,624.2
2023-05-24T11:00:00,722.0
2023-05-24T12:00:00,607.15
2023-05-24T13:00:00,586.45
2023-05-24T14:00:00,459.65
2023-05-24T15:00:00,376.52
2023-05-24T16:00:00,244.25
2023-05-24T17:00:00,96.43
2023-05-24T18:00:00,4.62
2023-05-24T19:00:00,0.0
2023-05-24T20:00:00,0.0
2023-05-24T21:00:00,0.0
2023-05-24T22:00:00,0.0
2023-05-24T23:00:00,0.0
2023-05-25T00:00:00,0.0
2023-05-25T01:00:00,0.0
2023-05-25T02:00:00,0.0
2023-05-25T03:00:00,0.0
2023-05-25T04:00:00,0.0
2023-05-25T05:00:00,0.0
2023-05-25T06:00:00,15.43
2023-05-25T07:00:00,167.62
2023-05-25T08:00:00,376.75
2023-05-25T09:00:00,578.08
2023-05-25T10:00:00,747.33
2023-05-25T11:00:00,875.62
2023-05-25T12:00:00,891.6
2023-05-25T13:00:00,870.83
2023-05-25T14:00:00,757.53
2023-05-25T15:00:00,575.72
2023-05-25T16:00:00,378.5
2023-05-25T17:00:00,157.5
2023-05-25T18:00:00,8.15
2023-05-25T19:00:00,0.0
2023-05-25T20:00:00,0.0
2023-05-25T21:00:00,0.0
2023-05-25T22:00:00,0.0
2023-05-25T23:00:00,0.0
2023-05-26T00:00:00,0.0
2023-05-26T01:00:00,0.0
2023-05-26T02:00:00,0.0
2023-05-26T03:00:00,0.0
2023-05-26T04:00:00,0.0
2023-05-26T05:00:00,0.0
2023-05-26T06:00:00,20.48
2023-05-26T07:00:00,169.07
2023-05-26T08:00:00,349.67
2023-05-26T09:00:00,506.67
2023-05-26T10:00:00,631.83
2023-05-26T11:00:00,872.4
2023-05-26T12:00:00,868.47
2023-05-26T13:00:00,793.72
2023-05-26T14:00:00,751.4
2023-05-26T15:00:00,564.58
2023-05-26T16:00:00,365.27
2023-05-26T17:00:00,154.52
2023-05-26T18:00:00,8.25
2023-05-26T19:00:00,0.0
2023-05-26T20:00:00,0.0
2023-05-26T21:00:00,0.0
2023-05-26T22:00:00,0.0
2023-05-26T23:00:00,0.0
2023-05-27T00:00:00,0.0
2023-05-27T01:00:00,0.0
2023-05-27T02:00:00,0.0
2023-05-27T03:00:00,0.0
2023-05-27T04:00:00,0.0
2023-05-27T05:00:00,0.0
2023-05-27T06:00:00,22.45
2023-05-27T07:00:00,205.15
2023-05-27T08:00:00,438.77
2023-05-27T09:00:00,639.1
2023-05-27T10:00:00,790.97
2023-05-27T11:00:00,873.08
2023-05-27T12:00:00,881.55
2023-05-27T13:00:00,859.8
2023-05-27T14:00:00,738.6
2023-05-27T15:00:00,576.55
2023-05-27T16:00:00,344.88
2023-05-27T17:00:00,143.82
2023-05-27T18:00:00,7.85
2023-05-27T19:00:00,0.0
2023-05-27T20:00:00,0.0
2023-05-27T21:00:00,0.0
2023-05-27T22:00:00,0.0
2023-05-27T23:00:00,0.0
2023-05-28T00:00:00,0.0
2023-05-28T01:00:00,0.0
2023-05-28T02:00:00,0.0
2023-05-28T03:00:00,0.0
2023-05-28T04:00:00,0.0
2023-05-28T05:00:00,0.0
2023-05-28T06:00:00,22.3
2023-05-28T07:00:00,208.88
2023-05-28T08:00:00,439.12
2023-05-28T09:00:00,642.45
2023-05-28T10:00:00,792.83
2023-05-28T11:00:00,867.28
2023-05-28T12:00:00,900.92
2023-05-28T13:00:00,851.0
2023-05-28T14:00:00,741.75
2023-05-28T15:00:00,592.0
2023-05-28T16:00:00,377.42
2023-05-28T17:00:00,152.57
2023-05-28T18:00:00,8.0
2023-05-28T19:00:00,0.0
2023-05-28T20:00:00,0.0
2023-05-28T21:00:00,0.0
2023-05-28T22:00:00,0.0
2023-05-28T23:00:00,0.0
2023-05-29T00:00:00,0.0
2023-05-29T01:00:00,0.0
2023-05-29T02:00:00,0.0
2023-05-29T03:00:00,0.0
2023-05-29T04:00:00,0.0
2023-05-29T05:00:00,0.0
2023-05-29T06:00:00,20.33
2023-05-29T07:00:00,199.73
2023-05-29T08:00:00,420.7
2023-05-29T09:00:00,640.2
2023-05-29T10:00:00,792.47
2023-05-29T11:00:00,877.45
2023-05-29T12:00:00,912.17
2023-05-29T13:00:00,866.38
2023-05-29T14:00:00,758.53
2023-05-29T15:00:00,586.65
2023-05-29T16:00:00,380.35
2023-05-29T17:00:00,156.82
2023-05-29T18:00:00,8.32
2023-05-29T19:00:00,0.0
2023-05-29T20:00:00,0.0
2023-05-29T21:00:00,0.0
2023-05-29T22:00:00,0.0
2023-05-29T23:00:00,0.0
2023-05-30T00:00:00,0.0
2023-05-30T01:00:00,0.0
2023-05-30T02:00:00,0.0
2023-05-30T03:00:00,0.0
2023-05-30T04:00:00,0.0
2023-05-30T05:00:00,0.0
2023-05-30T06:00:00,21.62
2023-05-30T07:00:00,203.05
2023-05-30T08:00:00,427.62
2023-05-30T09:00:00,647.58
2023-05-30T10:00:00,798.9
2023-05-30T11:00:00,880.03
2023-05-30T12:00:00,856.75
2023-05-30T13:00:00,841.25
2023-05-30T14:00:00,701.9
2023-05-30T15:00:00,550.92
2023-05-30T16:00:00,355.62
2023-05-30T17:00:00,143.27
2023-05-30T18:00:00,8.05
2023-05-30T19:00:00,0.0
2023-05-30T20:00:00,0.0
2023-05-30T21:00:00,0.0
2023-05-30T22:00:00,0.0
2023-05-30T23:00:00,0.0
2023-05-31T00:00:00,0.0
2023-05-31T01:00:00,0.0
2023-05-31T02:00:00,0.0
2023-05-31T03:00:00,0.0
2023-05-31T04:00:00,0.0
2023-05-31T05:00:00,0.0
2023-05-31T06:00:00,19.62
2023-05-31T07:00:00,188.02
2023-05-31T08:00:00,384.9
2023-05-31T09:00:00,520.5
2023-05-31T10:00:00,639.38
2023-05-31T11:00:00,749.9
2023-05-31T12:00:00,864.55
2023-05-31T13:00:00,800.53
2023-05-31T14:00:00,685.25
2023-05-31T15:00:00,575.17
2023-05-31T16:00:00,375.02
2023-05-31T17:00:00,157.18
2023-05-31T18:00:00,8.73
2023-05-31T19:00:00,0.0
2023-05-31T20:00:00,0.0
2023-05-31T21:00:00,0.0
2023-05-31T22:00:00,0.0
2023-05-31T23:00:00,0.0
2023-06-01T00:00:00,0.0
2023-06-01T01:00:00,0.0
2023-06-01T02:00:00,0.0
2023-06-01T03:00:00,0.0
2023-06-01T04:00:00,0.0
2023-06-01T05:00:00,0.0
2023-06-01T06:00:00,16.27
2023-06-01T07:00:00,180.2
2023-06-01T08:00:00,386.5
2023-06-01T09:00:00,543.88
2023-06-01T10:00:00,728.58
2023-06-01T11:00:00,804.4
2023-06-01T12:00:00,890.15
2023-06-01T13:00:00,838.12
2023-06-01T14:00:00,703.9
2023-06-01T15:00:00,552.53
2023-06-01T16:00:00,353.88
2023-06-01T17:00:00,144.65
2023-06-01T18:00:00,8.25
2023-06-01T19:00:00,0.0
2023-06-01T20:00:00,0.0
2023-06-01T21:00:00,0.0
2023-06-01T22:00:00,0.0
2023-06-01T23:00:00,0.0
2023-06-02T00:00:00,0.0
2023-06-02T01:00:00,0.0
2023-06-02T02:00:00,0.0
2023-06-02T03:00:00,0.0
2023-06-02T04:00:00,0.0
2023-06-02T05:00:00,0.0
2023-06-02T06:00:00,21.35
2023-06-02T07:00:00,206.02
2023-06-02T08:00:00,427.25
2023-06-02T09:00:00,629.4
2023-06-02T10:00:00,780.45
2023-06-02T11:00:00,868.65
2023-06-02T12:00:00,904.6
2023-06-02T13:00:00,866.17
2023-06-02T14:00:00,766.42
2023-06-02T15:00:00,595.58
2023-06-02T16:00:00,364.55
2023-06-02T17:00:00,151.23
2023-06-02T18:00:00,8.32
2023-06-02T19:00:00,0.0
2023-06-02T20:00:00,0.0
2023-06-02T21:00:00,0.0
2023-06-02T22:00:00,0.0
2023-06-02T23:00:00,0.0
2023-06-03T00:00:00,0.0
2023-06-03T01:00:00,0.0
2023-06-03T02:00:00,0.0
2023-06-03T03:00:00,0.0
2023-06-03T04:00:00,0.0
2023-06-03T05:00:00,0.0
2023-06-03T06:00:00,21.33
2023-06-03T07:00:00,204.35
2023-06-03T08:00:00,423.23
2023-06-03T09:00:00,629.0
2023-06-03T10:00:00,777.65
2023-06-03T11:00:00,863.62
2023-06-03T12:00:00,896.85
2023-06-03T13:00:00,834.7
2023-06-03T14:00:00,703.0
2023-06-03T15:00:00,519.53
2023-06-03T16:00:00,333.33
2023-06-03T17:00:00,143.57
2023-06-03T18:00:00,8.62
2023-06-03T19:00:00,0.0
2023-06-03T20:00:00,0.0
2023-06-03T21:00:00,0.0
2023-06-03T22:00:00,0.0
2023-06-03T23:00:00,0.0
2023-06-04T00:00:00,0.0
2023-06-04T01:00:00,0.0
2023-06-04T02:00:00,0.0
2023-06-04T03:00:00,0.0
2023-06-04T04:00:00,0.0
2023-06-04T05:00:00,0.0
2023-06-04T06:00:00,19.9
2023-06-04T07:00:00,192.43
2023-06-04T08:00:00,402.55
2023-06-04T09:00:00,617.2
2023-06-04T10:00:00,729.9
2023-06-04T11:00:00,779.38
2023-06-04T12:00:00,876.7
2023-06-04T13:00:00,827.05
2023-06-04T14:00:00,712.12
2023-06-04T15:00:00,568.8
2023-06-04T16:00:00,369.75
2023-06-04T17:00:00,152.73
2023-06-04T18:00:00,8.75
2023-06-04T19:00:00,0.0
2023-06-04T20:00:00,0.0
2023-06-04T21:00:00,0.0
2023-06-04T22:00:00,0.0
2023-06-04T23:00:00,0.0
2023-06-05T00:00:00,0.0
2023-06-05T01:00:00,0.0
2023-06-05T02:00:00,0.0
2023-06-05T03:00:00,0.0
2023-06-05T04:00:00,0.0
2023-06-05T05:00:00,0.0
2023-06-05T06:00:00,19.67
2023-06-05T07:00:00,185.07
2023-06-05T08:00:00,399.52
2023-06-05T09:00:00,585.95
2023-06-05T10:00:00,722.53
2023-06-05T11:00:00,754.28
2023-06-05T12:00:00,766.17
2023-06-05T13:00:00,744.28
2023-06-05T14:00:00,620.67
2023-06-05T15:00:00,502.9
2023-06-05T16:00:00,300.1
2023-06-05T17:00:00,120.82
2023-06-05T18:00:00,6.25
2023-06-05T19:00:00,0.0
2023-06-05T20:00:00,0.0
2023-06-05T21:00:00,0.0
2023-06-05T22:00:00,0.0
2023-06-05T23:00:00,0.0
2023-06-06T00:00:00,0.0
2023-06-06T01:00:00,0.0
2023-06-06T02:00:00,0.0
2023-06-06T03:00:00,0.0
2023-06-06T04:00:00,0.0
2023-06-06T05:00:00,0.0
2023-06-06T06:00:00,18.5
2023-06-06T07:00:00,192.35
2023-06-06T08:00:00,407.6
2023-06-06T09:00:00,618.03
2023-06-06T10:00:00,772.92
2023-06-06T11:00:00,724.88
2023-06-06T12:00:00,869.33
2023-06-06T13:00:00,858.8
2023-06-06T14:00:00,700.58
2023-06-06T15:00:00,561.33
2023-06-06T16:00:00,347.05
2023-06-06T17:00:00,144.48
2023-06-06T18:00:00,8.4
2023-06-06T19:00:00,0.0
2023-06-06T20:00:00,0.0
2023-06-06T21:00:00,0.0
2023-06-06T22:00:00,0.0
2023-06-06T23:00:00,0.0
2023-06-07T00:00:00,0.0
2023-06-07T01:00:00,0.0
2023-06-07T02:00:00,0.0
2023-06-07T03:00:00,0.0
2023-06-07T04:00:00,0.0
2023-06-07T05:00:00,0.0
2023-06-07T06:00:00,20.3
2023-06-07T07:00:00,198.35
2023-06-07T08:00:00,409.6
2023-06-07T09:00:00,606.67
2023-06-07T10:00:00,764.5
2023-06-07T11:00:00,863.1
2023-06-07T12:00:00,853.62
2023-06-07T13:00:00,814.55
2023-06-07T14:00:00,708.47
2023-06-07T15:00:00,570.2
2023-06-07T16:00:00,341.08
2023-06-07T17:00:00,142.2
2023-06-07T18:00:00,8.7
2023-06-07T19:00:00,0.0
2023-06-07T20:00:00,0.0
2023-06-07T21:00:00,0.0
2023-06-07T22:00:00,0.0
2023-06-07T23:00:00,0.0
2023-06-08T00:00:00,0.0
2023-06-08T01:00:00,0.0
2023-06-08T02:00:00,0.0
2023-06-08T03:00:00,0.0
2023-06-08T04:00:00,0.0
2023-06-08T05:00:00,0.0
2023-06-08T06:00:00,12.2
2023-06-08T07:00:00,107.55
2023-06-08T08:00:00,216.35
2023-06-08T09:00:00,303.17
2023-06-08T10:00:00,419.25
2023-06-08T11:00:00,564.12
2023-06-08T12:00:00,623.3
2023-06-08T13:00:00,673.78
2023-06-08T14:00:00,530.4
2023-06-08T15:00:00,434.4
2023-06-08T16:00:00,257.6
2023-06-08T17:00:00,98.57
2023-06-08T18:00:00,6.12
2023-06-08T19:00:00,0.0
2023-06-08T20:00:00,0.0
2023-06-08T21:00:00,0.0
2023-06-08T22:00:00,0.0
2023-06-08T23:00:00,0.0
2023-06-09T00:00:00,0.0
2023-06-09T01:00:00,0.0
2023-06-09T02:00:00,0.0
2023-06-09T03:00:00,0.0
2023-06-09T04:00:00,0.0
2023-06-09T05:00:00,0.0
2023-06-09T06:00:00,7.88
2023-06-09T07:00:00,81.7
2023-06-09T08:00:00,177.15
2023-06-09T09:00:00,277.52
2023-06-09T10:00:00,385.2
2023-06-09T11:00:00,476.55
2023-06-09T12:00:00,370.58
2023-06-09T13:00:00,256.33
2023-06-09T14:00:00,242.73
2023-06-09T15:00:00,135.6
2023-06-09T16:00:00,81.47
2023-06-09T17:00:00,33.17
2023-06-09T18:00:00,1.95
2023-06-09T19:00:00,0.0
2023-06-09T20:00:00,0.0
2023-06-09T21:00:00,0.0
2023-06-09T22:00:00,0.0
2023-06-09T23:00:00,0.0
2023-06-10T00:00:00,0.0
2023-06-10T01:00:00,0.0
2023-06-10T02:00:00,0.0
2023-06-10T03:00:00,0.0
2023-06-10T04:00:00,0.0
2023-06-10T05:00:00,0.0
2023-06-10T06:00:00,6.62
2023-06-10T07:00:00,76.55
2023-06-10T08:00:00,177.02
2023-06-10T09:00:00,318.38
2023-06-10T10:00:00,488.73
2023-06-10T11:00:00,590.55
2023-06-10T12:00:00,642.88
2023-06-10T13:00:00,731.78
2023-06-10T14:00:00,616.45
2023-06-10T15:00:00,481.48
2023-06-10T16:00:00,304.95
2023-06-10T17:00:00,121.8
2023-06-10T18:00:00,9.48
2023-06-10T19:00:00,0.0
2023-06-10T20:00:00,0.0
2023-06-10T21:00:00,0.0
2023-06-10T22:00:00,0.0
2023-06-10T23:00:00,0.0
2023-06-11T00:00:00,0.0
2023-06-11T01:00:00,0.0
2023-06-11T02:00:00,0.0
2023-06-11T03:00:00,0.0
2023-06-11T04:00:00,0.0
2023-06-11T05:00:00,0.0
2023-06-11T06:00:00,18.17
2023-06-11T07:00:00,188.32
2023-06-11T08:00:00,405.23
2023-06-11T09:00:00,619.8
2023-06-11T10:00:00,776.6
2023-06-11T11:00:00,855.92
2023-06-11T12:00:00,857.7
2023-06-11T13:00:00,806.5
2023-06-11T14:00:00,689.9
2023-06-11T15:00:00,508.33
2023-06-11T16:00:00,317.48
2023-06-11T17:00:00,121.4
2023-06-11T18:00:00,7.75
2023-06-11T19:00:00,0.0
2023-06-11T20:00:00,0.0
2023-06-11T21:00:00,0.0
2023-06-11T22:00:00,0.0
2023-06-11T23:00:00,0.0
2023-06-12T00:00:00,0.0
2023-06-12T01:00:00,0.0
2023-06-12T02:00:00,0.0
2023-06-12T03:00:00,0.0
2023-06-12T04:00:00,0.0
2023-06-12T05:00:00,0.0
2023-06-12T06:00:00,15.9
2023-06-12T07:00:00,150.68
2023-06-12T08:00:00,338.95
2023-06-12T09:00:00,523.17
2023-06-12T10:00:00,626.92
2023-06-12T11:00:00,823.85
2023-06-12T12:00:00,768.47
2023-06-12T13:00:00,592.0
2023-06-12T14:00:00,397.62
2023-06-12T15:00:00,296.52
2023-06-12T16:00:00,165.73
2023-06-12T17:00:00,68.95
2023-06-12T18:00:00,7.72
2023-06-12T19:00:00,0.0
2023-06-12T20:00:00,0.0
2023-06-12T21:00:00,0.0
2023-06-12T22:00:00,0.0
2023-06-12T23:00:00,0.0
2023-06-13T00:00:00,0.0
2023-06-13T01:00:00,0.0
2023-06-13T02:00:00,0.0
2023-06-13T03:00:00,0.0
2023-06-13T04:00:00,0.0
2023-06-13T05:00:00,0.0
2023-06-13T06:00:00,14.45
2023-06-13T07:00:00,165.4
2023-06-13T08:00:00,368.73
2023-06-13T09:00:00,536.12
2023-06-13T10:00:00,622.55
2023-06-13T11:00:00,724.33
2023-06-13T12:00:00,777.92
2023-06-13T13:00:00,799.53
2023-06-13T14:00:00,735.17
2023-06-13T15:00:00,568.35
2023-06-13T16:00:00,368.55
2023-06-13T17:00:00,153.2
2023-06-13T18:00:00,9.98
2023-06-13T19:00:00,0.0
2023-06-13T20:00:00,0.0
2023-06-13T21:00:00,0.0
2023-06-13T22:00:00,0.0
2023-06-13T23:00:00,0.0
2023-06-14T00:00:00,0.0
2023-06-14T01:00:00,0.0
2023-06-14T02:00:00,0.0
2023-06-14T03:00:00,0.0
2023-06-14T04:00:00,0.0
2023-06-14T05:00:00,0.0
2023-06-14T06:00:00,15.73
2023-06-14T07:00:00,144.27
2023-06-14T08:00:00,328.45
2023-06-14T09:00:00,509.08
2023-06-14T10:00:00,640.17
2023-06-14T11:00:00,786.67
2023-06-14T12:00:00,841.58
2023-06-14T13:00:00,804.12
2023-06-14T14:00:00,718.97
2023-06-14T15:00:00,555.03
2023-06-14T16:00:00,357.27
2023-06-14T17:00:00,144.93
2023-06-14T18:00:00,9.7
2023-06-14T19:00:00,0.0
2023-06-14T20:00:00,0.0
2023-06-14T21:00:00,0.0
2023-06-14T22:00:00,0.0
2023-06-14T23:00:00,0.0
2023-06-15T00:00:00,0.0
2023-06-15T01:00:00,0.0
2023-06-15T02:00:00,0.0
2023-06-15T03:00:00,0.0
2023-06-15T04:00:00,0.0
2023-06-15T05:00:00,0.0
2023-06-15T06:00:00,16.3
2023-06-15T07:00:00,174.7
2023-06-15T08:00:00,381.23
2023-06-15T09:00:00,589.35
2023-06-15T10:00:00,704.08
2023-06-15T11:00:00,795.62
2023-06-15T12:00:00,817.3
2023-06-15T13:00:00,809.85
2023-06-15T14:00:00,664.58
2023-06-15T15:00:00,521.58
2023-06-15T16:00:00,338.6
2023-06-15T17:00:00,138.93
2023-06-15T18:00:00,9.45
2023-06-15T19:00:00,0.0
2023-06-15T20:00:00,0.0
2023-06-15T21:00:00,0.0
2023-06-15T22:00:00,0.0
2023-06-15T23:00:00,0.0
2023-06-16T00:00:00,0.0
2023-06-16T01:00:00,0.0
2023-06-16T02:00:00,0.0
2023-06-16T03:00:00,0.0
2023-06-16T04:00:00,0.0
2023-06-16T05:00:00,0.0
2023-06-16T06:00:00,15.68
2023-06-16T07:00:00,168.52
2023-06-16T08:00:00,371.15
2023-06-16T09:00:00,581.22
2023-06-16T10:00:00,737.4
2023-06-16T11:00:00,811.22
2023-06-16T12:00:00,862.97
2023-06-16T13:00:00,832.47
2023-06-16T14:00:00,703.4
2023-06-16T15:00:00,559.7
2023-06-16T16:00:00,352.83
2023-06-16T17:00:00,151.5
2023-06-16T18:00:00,10.25
2023-06-16T19:00:00,0.0
2023-06-16T20:00:00,0.0
2023-06-16T21:00:00,0.0
2023-06-16T22:00:00,0.0
2023-06-16T23:00:00,0.0
2023-06-17T00:00:00,0.0
2023-06-17T01:00:00,0.0
2023-06-17T02:00:00,0.0
2023-06-17T03:00:00,0.0
2023-06-17T04:00:00,0.0
2023-06-17T05:00:00,0.0
2023-06-17T06:00:00,13.68
2023-06-17T07:00:00,171.8
2023-06-17T08:00:00,381.85
2023-06-17T09:00:00,585.17
2023-06-17T10:00:00,690.53
2023-06-17T11:00:00,776.62
2023-06-17T12:00:00,796.67
2023-06-17T13:00:00,774.05
2023-06-17T14:00:00,603.12
2023-06-17T15:00:00,471.83
2023-06-17T16:00:00,293.67
2023-06-17T17:00:00,115.6
2023-06-17T18:00:00,9.1
2023-06-17T19:00:00,0.0
2023-06-17T20:00:00,0.0
2023-06-17T21:00:00,0.0
2023-06-17T22:00:00,0.0
2023-06-17T23:00:00,0.0
2023-06-18T00:00:00,0.0
2023-06-18T01:00:00,0.0
2023-06-18T02:00:00,0.0
2023-06-18T03:00:00,0.0
2023-06-18T04:00:00,0.0
2023-06-18T05:00:00,0.0
2023-06-18T06:00:00,13.23
2023-06-18T07:00:00,113.68
2023-06-18T08:00:00,260.25
2023-06-18T09:00:00,417.98
2023-06-18T10:00:00,541.58
2023-06-18T11:00:00,661.72
2023-06-18T12:00:00,654.97
2023-06-18T13:00:00,624.3
2023-06-18T14:00:00,611.3
2023-06-18T15:00:00,430.0
2023-06-18T16:00:00,265.2
2023-06-18T17:00:00,105.32
2023-06-18T18:00:00,8.93
2023-06-18T19:00:00,0.0
2023-06-18T20:00:00,0.0
2023-06-18T21:00:00,0.0
2023-06-18T22:00:00,0.0
2023-06-18T23:00:00,0.0
2023-06-19T00:00:00,0.0
2023-06-19T01:00:00,0.0
2023-06-19T02:00:00,0.0
2023-06-19T03:00:00,0.0
2023-06-19T04:00:00,0.0
2023-06-19T05:00:00,0.0
2023-06-19T06:00:00,15.07
2023-06-19T07:00:00,172.73
2023-06-19T08:00:00,373.25
2023-06-19T09:00:00,525.65
2023-06-19T10:00:00,738.45
2023-06-19T11:00:00,747.4
2023-06-19T12:00:00,806.47
2023-06-19T13:00:00,765.08
2023-06-19T14:00:00,732.45
2023-06-19T15:00:00,565.08
2023-06-19T16:00:00,361.6
2023-06-19T17:00:00,148.77
2023-06-19T18:00:00,10.25
2023-06-19T19:00:00,0.0
2023-06-19T20:00:00,0.0
2023-06-19T21:00:00,0.0
2023-06-19T22:00:00,0.0
2023-06-19T23:00:00,0.0
2023-06-20T00:00:00,0.0
2023-06-20T01:00:00,0.0
2023-06-20T02:00:00,0.0
2023-06-20T03:00:00,0.0
2023-06-20T04:00:00,0.0
2023-06-20T05:00:00,0.0
2023-06-20T06:00:00,7.97
2023-06-20T07:00:00,99.0
2023-06-20T08:00:00,224.93
2023-06-20T09:00:00,371.9
2023-06-20T10:00:00,470.17
2023-06-20T11:00:00,483.48
2023-06-20T12:00:00,538.88
2023-06-20T13:00:00,454.92
2023-06-20T14:00:00,386.65
2023-06-20T15:00:00,218.95
2023-06-20T16:00:00,137.98
2023-06-20T17:00:00,57.1
2023-06-20T18:00:00,4.7
2023-06-20T19:00:00,0.0
2023-06-20T20:00:00,0.0
2023-06-20T21:00:00,0.0
2023-06-20T22:00:00,0.0
2023-06-20T23:00:00,0.0
2023-06-21T00:00:00,0.0
2023-06-21T01:00:00,0.0
2023-06-21T02:00:00,0.0
2023-06-21T03:00:00,0.0
2023-06-21T04:00:00,0.0
2023-06-21T05:00:00,0.0
2023-06-21T06:00:00,13.5
2023-06-21T07:00:00,153.25
2023-06-21T08:00:00,345.65
2023-06-21T09:00:00,541.45
2023-06-21T10:00:00,702.85
2023-06-21T11:00:00,856.0
2023-06-21T12:00:00,897.38
2023-06-21T13:00:00,859.28
2023-06-21T14:00:00,751.4
2023-06-21T15:00:00,591.55
2023-06-21T16:00:00,374.08
2023-06-21T17:00:00,158.57
2023-06-21T18:00:00,10.15
2023-06-21T19:00:00,0.0
2023-06-21T20:00:00,0.0
2023-06-21T21:00:00,0.0
2023-06-21T22:00:00,0.0
2023-06-21T23:00:00,0.0
2023-06-22T00:00:00,0.0
2023-06-22T01:00:00,0.0
2023-06-22T02:00:00,0.0
2023-06-22T03:00:00,0.0
2023-06-22T04:00:00,0.0
2023-06-22T05:00:00,0.0
2023-06-22T06:00:00,10.52
2023-06-22T07:00:00,136.05
2023-06-22T08:00:00,308.1
2023-06-22T09:00:00,497.8
2023-06-22T10:00:00,701.85
2023-06-22T11:00:00,844.1
2023-06-22T12:00:00,854.17
2023-06-22T13:00:00,829.45
2023-06-22T14:00:00,739.62
2023-06-22T15:00:00,535.15
2023-06-22T16:00:00,371.27
2023-06-22T17:00:00,160.18
2023-06-22T18:00:00,11.25
2023-06-22T19:00:00,0.0
2023-06-22T20:00:00,0.0
2023-06-22T21:00:00,0.0
2023-06-22T22:00:00,0.0
2023-06-22T23:00:00,0.0
2023-06-23T00:00:00,0.0
2023-06-23T01:00:00,0.0
2023-06-23T02:00:00,0.0
2023-06-23T03:00:00,0.0
2023-06-23T04:00:00,0.0
2023-06-23T05:00:00,0.0
2023-06-23T06:00:00,9.15
2023-06-23T07:00:00,107.35
2023-06-23T08:00:00,242.8
2023-06-23T09:00:00,388.8
2023-06-23T10:00:00,516.58
2023-06-23T11:00:00,587.53
2023-06-23T12:00:00,572.42
2023-06-23T13:00:00,652.47
2023-06-23T14:00:00,594.33
2023-06-23T15:00:00,444.1
2023-06-23T16:00:00,278.83
2023-06-23T17:00:00,115.97
2023-06-23T18:00:00,10.23
2023-06-23T19:00:00,0.0
2023-06-23T20:00:00,0.0
2023-06-23T21:00:00,0.0
2023-06-23T22:00:00,0.0
2023-06-23T23:00:00,0.0
2023-06-24T00:00:00,0.0
2023-06-24T01:00:00,0.0
2023-06-24T02:00:00,0.0
2023-06-24T03:00:00,0.0
2023-06-24T04:00:00,0.0
2023-06-24T05:00:00,0.0
2023-06-24T06:00:00,14.25
2023-06-24T07:00:00,169.57
2023-06-24T08:00:00,384.15
2023-06-24T09:00:00,587.05
2023-06-24T10:00:00,733.53
2023-06-24T11:00:00,817.47
2023-06-24T12:00:00,863.4
2023-06-24T13:00:00,826.75
2023-06-24T14:00:00,735.78
2023-06-24T15:00:00,578.47
2023-06-24T16:00:00,377.4
2023-06-24T17:00:00,154.95
2023-06-24T18:00:00,11.4
2023-06-24T19:00:00,0.0
2023-06-24T20:00:00,0.0
2023-06-24T21:00:00,0.0
2023-06-24T22:00:00,0.0
2023-06-24T23:00:00,0.0
2023-06-25T00:00:00,0.0
2023-06-25T01:00:00,0.0
2023-06-25T02:00:00,0.0
2023-06-25T03:00:00,0.0
2023-06-25T04:00:00,0.0
2023-06-25T05:00:00,0.0
2023-06-25T06:00:00,6.45
2023-06-25T07:00:00,102.47
2023-06-25T08:00:00,230.52
2023-06-25T09:00:00,382.38
2023-06-25T10:00:00,385.52
2023-06-25T11:00:00,261.1
2023-06-25T12:00:00,244.2
2023-06-25T13:00:00,339.2
2023-06-25T14:00:00,281.83
2023-06-25T15:00:00,274.08
2023-06-25T16:00:00,161.4
2023-06-25T17:00:00,74.8
2023-06-25T18:00:00,5.53
2023-06-25T19:00:00,0.0
2023-06-25T20:00:00,0.0
2023-06-25T21:00:00,0.0
2023-06-25T22:00:00,0.0
2023-06-25T23:00:00,0.0
2023-06-26T00:00:00,0.0
2023-06-26T01:00:00,0.0
2023-06-26T02:00:00,0.0
2023-06-26T03:00:00,0.0
2023-06-26T04:00:00,0.0
2023-06-26T05:00:00,0.0
2023-06-26T06:00:00,3.12
2023-06-26T07:00:00,87.93
2023-06-26T08:00:00,163.75
2023-06-26T09:00:00,243.8
2023-06-26T10:00:00,458.75
2023-06-26T11:00:00,564.4
2023-06-26T12:00:00,653.28
2023-06-26T13:00:00,534.65
2023-06-26T14:00:00,436.5
2023-06-26T15:00:00,291.42
2023-06-26T16:00:00,209.98
2023-06-26T17:00:00,90.65
2023-06-26T18:00:00,9.1
2023-06-26T19:00:00,0.0
2023-06-26T20:00:00,0.0
2023-06-26T21:00:00,0.0
2023-06-26T22:00:00,0.0
2023-06-26T23:00:00,0.0
2023-06-27T00:00:00,0.0
2023-06-27T01:00:00,0.0
2023-06-27T02:00:00,0.0
2023-06-27T03:00:00,0.0
2023-06-27T04:00:00,0.0
2023-06-27T05:00:00,0.0
2023-06-27T06:00:00,3.55
2023-06-27T07:00:00,66.7
2023-06-27T08:00:00,161.43
2023-06-27T09:00:00,282.4
2023-06-27T10:00:00,495.33
2023-06-27T11:00:00,523.03
2023-06-27T12:00:00,544.12
2023-06-27T13:00:00,493.17
2023-06-27T14:00:00,383.9
2023-06-27T15:00:00,237.23
2023-06-27T16:00:00,167.15
2023-06-27T17:00:00,79.53
2023-06-27T18:00:00,6.38
2023-06-27T19:00:00,0.0
2023-06-27T20:00:00,0.0
2023-06-27T21:00:00,0.0
2023-06-27T22:00:00,0.0
2023-06-27T23:00:00,0.0
2023-06-28T00:00:00,0.0
2023-06-28T01:00:00,0.0
2023-06-28T02:00:00,0.0
2023-06-28T03:00:00,0.0
2023-06-28T04:00:00,0.0
2023-06-28T05:00:00,0.0
2023-06-28T06:00:00,1.5
2023-06-28T07:00:00,13.52
2023-06-28T08:00:00,32.45
2023-06-28T09:00:00,49.38
2023-06-28T10:00:00,131.25
2023-06-28T11:00:00,275.6
2023-06-28T12:00:00,486.77
2023-06-28T13:00:00,626.75
2023-06-28T14:00:00,589.75
2023-06-28T15:00:00,460.92
2023-06-28T16:00:00,288.8
2023-06-28T17:00:00,119.47
2023-06-28T18:00:00,10.7
2023-06-28T19:00:00,0.0
2023-06-28T20:00:00,0.0
2023-06-28T21:00:00,0.0
2023-06-28T22:00:00,0.0
2023-06-28T23:00:00,0.0
2023-06-29T00:00:00,0.0
2023-06-29T01:00:00,0.0
2023-06-29T02:00:00,0.0
2023-06-29T03:00:00,0.0
2023-06-29T04:00:00,0.0
2023-06-29T05:00:00,0.0
2023-06-29T06:00:00,3.15
2023-06-29T07:00:00,32.05
2023-06-29T08:00:00,67.15
2023-06-29T09:00:00,97.97
2023-06-29T10:00:00,197.3
2023-06-29T11:00:00,183.82
2023-06-29T12:00:00,163.05
2023-06-29T13:00:00,121.85
2023-06-29T14:00:00,127.2
2023-06-29T15:00:00,62.95
2023-06-29T16:00:00,44.9
2023-06-29T17:00:00,25.77
2023-06-29T18:00:00,2.25
2023-06-29T19:00:00,0.0
2023-06-29T20:00:00,0.0
2023-06-29T21:00:00,0.0
2023-06-29T22:00:00,0.0
2023-06-29T23:00:00,0.0
2023-06-30T00:00:00,0.0
2023-06-30T01:00:00,0.0
2023-06-30T02:00:00,0.0
2023-06-30T03:00:00,0.0
2023-06-30T04:00:00,0.0
2023-06-30T05:00:00,0.0
2023-06-30T06:00:00,10.57
2023-06-30T07:00:00,134.15
2023-06-30T08:00:00,317.83
2023-06-30T09:00:00,507.45
2023-06-30T10:00:00,648.45
2023-06-30T11:00:00,720.95
2023-06-30T12:00:00,689.2
2023-06-30T13:00:00,698.75
2023-06-30T14:00:00,665.08
2023-06-30T15:00:00,530.05
2023-06-30T16:00:00,342.73
2023-06-30T17:00:00,147.8
2023-06-30T18:00:00,11.02
2023-06-30T19:00:00,0.0
2023-06-30T20:00:00,0.0
2023-06-30T21:00:00,0.0
2023-06-30T22:00:00,0.0
2023-06-30T23:00:00,0.0
2023-07-01T00:00:00,0.0
2023-07-01T01:00:00,0.0
2023-07-01T02:00:00,0.0
2023-07-01T03:00:00,0.0
2023-07-01T04:00:00,0.0
2023-07-01T05:00:00,0.0
2023-07-01T06:00:00,6.47
2023-07-01T07:00:00,123.8
2023-07-01T08:00:00,311.3
2023-07-01T09:00:00,339.9
2023-07-01T10:00:00,319.98
2023-07-01T11:00:00,325.7
2023-07-01T12:00:00,355.0
2023-07-01T13:00:00,510.6
2023-07-01T14:00:00,454.27
2023-07-01T15:00:00,385.98
2023-07-01T16:00:00,233.4
2023-07-01T17:00:00,95.78
2023-07-01T18:00:00,7.45
2023-07-01T19:00:00,0.0
2023-07-01T20:00:00,0.0
2023-07-01T21:00:00,0.0
2023-07-01T22:00:00,0.0
2023-07-01T23:00:00,0.0
2023-07-02T00:00:00,0.0
2023-07-02T01:00:00,0.0
2023-07-02T02:00:00,0.0
2023-07-02T03:00:00,0.0
2023-07-02T04:00:00,0.0
2023-07-02T05:00:00,0.0
2023-07-02T06:00:00,8.77
2023-07-02T07:00:00,119.03
2023-07-02T08:00:00,295.08
2023-07-02T09:00:00,503.33
2023-07-02T10:00:00,647.42
2023-07-02T11:00:00,755.5
2023-07-02T12:00:00,779.17
2023-07-02T13:00:00,698.25
2023-07-02T14:00:00,594.47
2023-07-02T15:00:00,440.42
2023-07-02T16:00:00,263.5
2023-07-02T17:00:00,103.93
2023-07-02T18:00:00,9.32
2023-07-02T19:00:00,0.0
2023-07-02T20:00:00,0.0
2023-07-02T21:00:00,0.0
2023-07-02T22:00:00,0.0
2023-07-02T23:00:00,0.0
2023-07-03T00:00:00,0.0
2023-07-03T01:00:00,0.0
2023-07-03T02:00:00,0.0
2023-07-03T03:00:00,0.0
2023-07-03T04:00:00,0.0
2023-07-03T05:00:00,0.0
2023-07-03T06:00:00,11.75
2023-07-03T07:00:00,129.75
2023-07-03T08:00:00,319.25
2023-07-03T09:00:00,518.85
2023-07-03T10:00:00,680.22
2023-07-03T11:00:00,793.85
2023-07-03T12:00:00,784.28
2023-07-03T13:00:00,796.0
2023-07-03T14:00:00,707.47
2023-07-03T15:00:00,505.5
2023-07-03T16:00:00,307.65
2023-07-03T17:00:00,124.88
2023-07-03T18:00:00,9.55
2023-07-03T19:00:00,0.0
2023-07-03T20:00:00,0.0
2023-07-03T21:00:00,0.0
2023-07-03T22:00:00,0.0
2023-07-03T23:00:00,0.0
2023-07-04T00:00:00,0.0
2023-07-04T01:00:00,0.0
2023-07-04T02:00:00,0.0
2023-07-04T03:00:00,0.0
2023-07-04T04:00:00,0.0
2023-07-04T05:00:00,0.0
2023-07-04T06:00:00,6.95
2023-07-04T07:00:00,82.85
2023-07-04T08:00:00,185.8
2023-07-04T09:00:00,153.57
2023-07-04T10:00:00,241.25
2023-07-04T11:00:00,399.35
2023-07-04T12:00:00,431.15
2023-07-04T13:00:00,490.23
2023-07-04T14:00:00,454.85
2023-07-04T15:00:00,371.58
2023-07-04T16:00:00,219.27
2023-07-04T17:00:00,90.43
2023-07-04T18:00:00,7.75
2023-07-04T19:00:00,0.0
2023-07-04T20:00:00,0.0
2023-07-04T21:00:00,0.0
2023-07-04T22:00:00,0.0
2023-07-04T23:00:00,0.0
2023-07-05T00:00:00,0.0
2023-07-05T01:00:00,0.0
2023-07-05T02:00:00,0.0
2023-07-05T03:00:00,0.0
2023-07-05T04:00:00,0.0
2023-07-05T05:00:00,0.0
2023-07-05T06:00:00,9.98
2023-07-05T07:00:00,141.3
2023-07-05T08:00:00,332.88
2023-07-05T09:00:00,528.5
2023-07-05T10:00:00,684.7
2023-07-05T11:00:00,814.47
2023-07-05T12:00:00,845.17
2023-07-05T13:00:00,699.35
2023-07-05T14:00:00,706.28
2023-07-05T15:00:00,585.25
2023-07-05T16:00:00,370.38
2023-07-05T17:00:00,161.57
2023-07-05T18:00:00,13.07
2023-07-05T19:00:00,0.0
2023-07-05T20:00:00,0.0
2023-07-05T21:00:00,0.0
2023-07-05T22:00:00,0.0
2023-07-05T23:00:00,0.0
2023-07-06T00:00:00,0.0
2023-07-06T01:00:00,0.0
2023-07-06T02:00:00,0.0
2023-07-06T03:00:00,0.0
2023-07-06T04:00:00,0.0
2023-07-06T05:00:00,0.0
2023-07-06T06:00:00,7.8
2023-07-06T07:00:00,132.6
2023-07-06T08:00:00,309.62
2023-07-06T09:00:00,506.3
2023-07-06T10:00:00,692.05
2023-07-06T11:00:00,797.92
2023-07-06T12:00:00,848.17
2023-07-06T13:00:00,776.0
2023-07-06T14:00:00,685.62
2023-07-06T15:00:00,541.88
2023-07-06T16:00:00,336.05
2023-07-06T17:00:00,134.7
2023-07-06T18:00:00,11.75
2023-07-06T19:00:00,0.0
2023-07-06T20:00:00,0.0
2023-07-06T21:00:00,0.0
2023-07-06T22:00:00,0.0
2023-07-06T23:00:00,0.0
2023-07-07T00:00:00,0.0
2023-07-07T01:00:00,0.0
2023-07-07T02:00:00,0.0
2023-07-07T03:00:00,0.0
2023-07-07T04:00:00,0.0
2023-07-07T05:00:00,0.0
2023-07-07T06:00:00,10.35
2023-07-07T07:00:00,125.75
2023-07-07T08:00:00,308.77
2023-07-07T09:00:00,523.88
2023-07-07T10:00:00,681.22
2023-07-07T11:00:00,803.62
2023-07-07T12:00:00,867.67
2023-07-07T13:00:00,776.5
2023-07-07T14:00:00,726.97
2023-07-07T15:00:00,566.2
2023-07-07T16:00:00,381.55
2023-07-07T17:00:00,160.9
2023-07-07T18:00:00,13.1
2023-07-07T19:00:00,0.0
2023-07-07T20:00:00,0.0
2023-07-07T21:00:00,0.0
2023-07-07T22:00:00,0.0
2023-07-07T23:00:00,0.0
2023-07-08T00:00:00,0.0
2023-07-08T01:00:00,0.0
2023-07-08T02:00:00,0.0
2023-07-08T03:00:00,0.0
2023-07-08T04:00:00,0.0
2023-07-08T05:00:00,0.0
2023-07-08T06:00:00,9.48
2023-07-08T07:00:00,131.9
2023-07-08T08:00:00,313.38
2023-07-08T09:00:00,495.38
2023-07-08T10:00:00,686.88
2023-07-08T11:00:00,753.7
2023-07-08T12:00:00,827.33
2023-07-08T13:00:00,835.72
2023-07-08T14:00:00,600.67
2023-07-08T15:00:00,503.55
2023-07-08T16:00:00,340.95
2023-07-08T17:00:00,149.07
2023-07-08T18:00:00,13.07
2023-07-08T19:00:00,0.0
2023-07-08T20:00:00,0.0
2023-07-08T21:00:00,0.0
2023-07-08T22:00:00,0.0
2023-07-08T23:00:00,0.0
2023-07-09T00:00:00,0.0
2023-07-09T01:00:00,0.0
2023-07-09T02:00:00,0.0
2023-07-09T03:00:00,0.0
2023-07-09T04:00:00,0.0
2023-07-09T05:00:00,0.0
2023-07-09T06:00:00,3.67
2023-07-09T07:00:00,52.95
2023-07-09T08:00:00,121.6
2023-07-09T09:00:00,195.45
2023-07-09T10:00:00,314.85
2023-07-09T11:00:00,409.2
2023-07-09T12:00:00,491.5
2023-07-09T13:00:00,352.73
2023-07-09T14:00:00,106.5
2023-07-09T15:00:00,73.97
2023-07-09T16:00:00,64.07
2023-07-09T17:00:00,40.83
2023-07-09T18:00:00,5.6
2023-07-09T19:00:00,0.0
2023-07-09T20:00:00,0.0
2023-07-09T21:00:00,0.0
2023-07-09T22:00:00,0.0
2023-07-09T23:00:00,0.0
2023-07-10T00:00:00,0.0
2023-07-10T01:00:00,0.0
2023-07-10T02:00:00,0.0
2023-07-10T03:00:00,0.0
2023-07-10T04:00:00,0.0
2023-07-10T05:00:00,0.0
2023-07-10T06:00:00,5.72
2023-07-10T07:00:00,67.38
2023-07-10T08:00:00,144.45
2023-07-10T09:00:00,214.73
2023-07-10T10:00:00,328.9
2023-07-10T11:00:00,451.58
2023-07-10T12:00:00,541.75
2023-07-10T13:00:00,390.83
2023-07-10T14:00:00,249.82
2023-07-10T15:00:00,106.9
2023-07-10T16:00:00,76.78
2023-07-10T17:00:00,40.1
2023-07-10T18:00:00,4.8
2023-07-10T19:00:00,0.0
2023-07-10T20:00:00,0.0
2023-07-10T21:00:00,0.0
2023-07-10T22:00:00,0.0
2023-07-10T23:00:00,0.0
2023-07-11T00:00:00,0.0
2023-07-11T01:00:00,0.0
2023-07-11T02:00:00,0.0
2023-07-11T03:00:00,0.0
2023-07-11T04:00:00,0.0
2023-07-11T05:00:00,0.0
2023-07-11T06:00:00,11.38
2023-07-11T07:00:00,147.75
2023-07-11T08:00:00,326.08
2023-07-11T09:00:00,490.92
2023-07-11T10:00:00,648.45
2023-07-11T11:00:00,724.58
2023-07-11T12:00:00,767.6
2023-07-11T13:00:00,754.17
2023-07-11T14:00:00,697.17
2023-07-11T15:00:00,553.47
2023-07-11T16:00:00,336.38
2023-07-11T17:00:00,145.68
2023-07-11T18:00:00,12.2
2023-07-11T19:00:00,0.0
2023-07-11T20:00:00,0.0
2023-07-11T21:00:00,0.0
2023-07-11T22:00:00,0.0
2023-07-11T23:00:00,0.0
2023-07-12T00:00:00,0.0
2023-07-12T01:00:00,0.0
2023-07-12T02:00:00,0.0
2023-07-12T03:00:00,0.0
2023-07-12T04:00:00,0.0
2023-07-12T05:00:00,0.0
2023-07-12T06:00:00,5.22
2023-07-12T07:00:00,83.43
2023-07-12T08:00:00,201.4
2023-07-12T09:00:00,341.45
2023-07-12T10:00:00,520.58
2023-07-12T11:00:00,651.53
2023-07-12T12:00:00,750.65
2023-07-12T13:00:00,750.08
2023-07-12T14:00:00,634.4
2023-07-12T15:00:00,510.1
2023-07-12T16:00:00,324.05
2023-07-12T17:00:00,129.75
2023-07-12T18:00:00,12.18
2023-07-12T19:00:00,0.0
2023-07-12T20:00:00,0.0
2023-07-12T21:00:00,0.0
2023-07-12T22:00:00,0.0
2023-07-12T23:00:00,0.0
2023-07-13T00:00:00,0.0
2023-07-13T01:00:00,0.0
2023-07-13T02:00:00,0.0
2023-07-13T03:00:00,0.0
2023-07-13T04:00:00,0.0
2023-07-13T05:00:00,0.0
2023-07-13T06:00:00,9.65
2023-07-13T07:00:00,109.57
2023-07-13T08:00:00,284.48
2023-07-13T09:00:00,461.92
2023-07-13T10:00:00,530.65
2023-07-13T11:00:00,543.78
2023-07-13T12:00:00,557.7
2023-07-13T13:00:00,535.4
2023-07-13T14:00:00,478.65
2023-07-13T15:00:00,395.33
2023-07-13T16:00:00,244.27
2023-07-13T17:00:00,104.9
2023-07-13T18:00:00,8.45
2023-07-13T19:00:00,0.0
2023-07-13T20:00:00,0.0
2023-07-13T21:00:00,0.0
2023-07-13T22:00:00,0.0
2023-07-13T23:00:00,0.0
2023-07-14T00:00:00,0.0
2023-07-14T01:00:00,0.0
2023-07-14T02:00:00,0.0
2023-07-14T03:00:00,0.0
2023-07-14T04:00:00,0.0
2023-07-14T05:00:00,0.0
2023-07-14T06:00:00,2.03
2023-07-14T07:00:00,17.95
2023-07-14T08:00:00,32.1
2023-07-14T09:00:00,41.47
2023-07-14T10:00:00,67.22
2023-07-14T11:00:00,97.0
2023-07-14T12:00:00,230.75
2023-07-14T13:00:00,394.67
2023-07-14T14:00:00,420.65
2023-07-14T15:00:00,329.02
2023-07-14T16:00:00,197.55
2023-07-14T17:00:00,84.0
2023-07-14T18:00:00,7.4
2023-07-14T19:00:00,0.0
2023-07-14T20:00:00,0.0
2023-07-14T21:00:00,0.0
2023-07-14T22:00:00,0.0
2023-07-14T23:00:00,0.0
2023-07-15T00:00:00,0.0
2023-07-15T01:00:00,0.0
2023-07-15T02:00:00,0.0
2023-07-15T03:00:00,0.0
2023-07-15T04:00:00,0.0
2023-07-15T05:00:00,0.0
2023-07-15T06:00:00,11.2
2023-07-15T07:00:00,135.75
2023-07-15T08:00:00,334.8
2023-07-15T09:00:00,519.25
2023-07-15T10:00:00,686.28
2023-07-15T11:00:00,731.72
2023-07-15T12:00:00,717.88
2023-07-15T13:00:00,655.17
2023-07-15T14:00:00,576.7
2023-07-15T15:00:00,443.48
2023-07-15T16:00:00,293.65
2023-07-15T17:00:00,129.65
2023-07-15T18:00:00,11.48
2023-07-15T19:00:00,0.0
2023-07-15T20:00:00,0.0
2023-07-15T21:00:00,0.0
2023-07-15T22:00:00,0.0
2023-07-15T23:00:00,0.0
2023-07-16T00:00:00,0.0
2023-07-16T01:00:00,0.0
2023-07-16T02:00:00,0.0
2023-07-16T03:00:00,0.0
2023-07-16T04:00:00,0.0
2023-07-16T05:00:00,0.0
2023-07-16T06:00:00,11.88
2023-07-16T07:00:00,176.3
2023-07-16T08:00:00,401.0
2023-07-16T09:00:00,609.55
2023-07-16T10:00:00,772.22
2023-07-16T11:00:00,867.5
2023-07-16T12:00:00,847.92
2023-07-16T13:00:00,839.15
2023-07-16T14:00:00,760.75
2023-07-16T15:00:00,603.95
2023-07-16T16:00:00,379.6
2023-07-16T17:00:00,176.35
2023-07-16T18:00:00,15.12
2023-07-16T19:00:00,0.0
2023-07-16T20:00:00,0.0
2023-07-16T21:00:00,0.0
2023-07-16T22:00:00,0.0
2023-07-16T23:00:00,0.0
2023-07-17T00:00:00,0.0
2023-07-17T01:00:00,0.0
2023-07-17T02:00:00,0.0
2023-07-17T03:00:00,0.0
2023-07-17T04:00:00,0.0
2023-07-17T05:00:00,0.0
2023-07-17T06:00:00,10.6
2023-07-17T07:00:00,145.3
2023-07-17T08:00:00,342.27
2023-07-17T09:00:00,524.15
2023-07-17T10:00:00,597.35
2023-07-17T11:00:00,808.0
2023-07-17T12:00:00,834.08
2023-07-17T13:00:00,747.55
2023-07-17T14:00:00,574.45
2023-07-17T15:00:00,446.02
2023-07-17T16:00:00,273.9
2023-07-17T17:00:00,124.55
2023-07-17T18:00:00,12.2
2023-07-17T19:00:00,0.0
2023-07-17T20:00:00,0.0
2023-07-17T21:00:00,0.0
2023-07-17T22:00:00,0.0
2023-07-17T23:00:00,0.0
2023-07-18T00:00:00,0.0
2023-07-18T01:00:00,0.0
2023-07-18T02:00:00,0.0
2023-07-18T03:00:00,0.0
2023-07-18T04:00:00,0.0
2023-07-18T05:00:00,0.0
2023-07-18T06:00:00,7.55
2023-07-18T07:00:00,87.22
2023-07-18T08:00:00,183.1
2023-07-18T09:00:00,276.62
2023-07-18T10:00:00,267.48
2023-07-18T11:00:00,362.15
2023-07-18T12:00:00,464.0
2023-07-18T13:00:00,493.1
2023-07-18T14:00:00,429.58
2023-07-18T15:00:00,371.38
2023-07-18T16:00:00,216.35
2023-07-18T17:00:00,99.95
2023-07-18T18:00:00,10.8
2023-07-18T19:00:00,0.0
2023-07-18T20:00:00,0.0
2023-07-18T21:00:00,0.0
2023-07-18T22:00:00,0.0
2023-07-18T23:00:00,0.0
2023-07-19T00:00:00,0.0
2023-07-19T01:00:00,0.0
2023-07-19T02:00:00,0.0
2023-07-19T03:00:00,0.0
2023-07-19T04:00:00,0.0
2023-07-19T05:00:00,0.0
2023-07-19T06:00:00,9.93
2023-07-19T07:00:00,144.5
2023-07-19T08:00:00,347.38
2023-07-19T09:00:00,517.17
2023-07-19T10:00:00,641.67
2023-07-19T11:00:00,776.8
2023-07-19T12:00:00,854.62
2023-07-19T13:00:00,821.85
2023-07-19T14:00:00,732.6
2023-07-19T15:00:00,525.38
2023-07-19T16:00:00,316.38
2023-07-19T17:00:00,137.35
2023-07-19T18:00:00,11.38
2023-07-19T19:00:00,0.0
2023-07-19T20:00:00,0.0
2023-07-19T21:00:00,0.0
2023-07-19T22:00:00,0.0
2023-07-19T23:00:00,0.0
2023-07-20T00:00:00,0.0
2023-07-20T01:00:00,0.0
2023-07-20T02:00:00,0.0
2023-07-20T03:00:00,0.0
2023-07-20T04:00:00,0.0
2023-07-20T05:00:00,0.0
2023-07-20T06:00:00,10.2
2023-07-20T07:00:00,138.98
2023-07-20T08:00:00,347.77
2023-07-20T09:00:00,533.12
2023-07-20T10:00:00,632.62
2023-07-20T11:00:00,780.17
2023-07-20T12:00:00,702.47
2023-07-20T13:00:00,486.5
2023-07-20T14:00:00,489.35
2023-07-20T15:00:00,351.77
2023-07-20T16:00:00,201.82
2023-07-20T17:00:00,83.78
2023-07-20T18:00:00,8.35
2023-07-20T19:00:00,0.0
2023-07-20T20:00:00,0.0
2023-07-20T21:00:00,0.0
2023-07-20T22:00:00,0.0
2023-07-20T23:00:00,0.0
2023-07-21T00:00:00,0.0
2023-07-21T01:00:00,0.0
2023-07-21T02:00:00,0.0
2023-07-21T03:00:00,0.0
2023-07-21T04:00:00,0.0
2023-07-21T05:00:00,0.0
2023-07-21T06:00:00,9.27
2023-07-21T07:00:00,99.12
2023-07-21T08:00:00,238.02
2023-07-21T09:00:00,409.92
2023-07-21T10:00:00,499.17
2023-07-21T11:00:00,526.83
2023-07-21T12:00:00,266.55
2023-07-21T13:00:00,174.2
2023-07-21T14:00:00,137.35
2023-07-21T15:00:00,162.77
2023-07-21T16:00:00,100.2
2023-07-21T17:00:00,46.62
2023-07-21T18:00:00,4.68
2023-07-21T19:00:00,0.0
2023-07-21T20:00:00,0.0
2023-07-21T21:00:00,0.0
2023-07-21T22:00:00,0.0
2023-07-21T23:00:00,0.0
2023-07-22T00:00:00,0.0
2023-07-22T01:00:00,0.0
2023-07-22T02:00:00,0.0
2023-07-22T03:00:00,0.0
2023-07-22T04:00:00,0.0
2023-07-22T05:00:00,0.0
2023-07-22T06:00:00,6.53
2023-07-22T07:00:00,93.3
2023-07-22T08:00:00,211.6
2023-07-22T09:00:00,341.45
2023-07-22T10:00:00,446.0
2023-07-22T11:00:00,542.88
2023-07-22T12:00:00,651.62
2023-07-22T13:00:00,704.85
2023-07-22T14:00:00,590.3
2023-07-22T15:00:00,451.88
2023-07-22T16:00:00,279.17
2023-07-22T17:00:00,111.25
2023-07-22T18:00:00,11.52
2023-07-22T19:00:00,0.0
2023-07-22T20:00:00,0.0
2023-07-22T21:00:00,0.0
2023-07-22T22:00:00,0.0
2023-07-22T23:00:00,0.0
2023-07-23T00:00:00,0.0
2023-07-23T01:00:00,0.0
2023-07-23T02:00:00,0.0
2023-07-23T03:00:00,0.0
2023-07-23T04:00:00,0.0
2023-07-23T05:00:00,0.0
2023-07-23T06:00:00,9.07
2023-07-23T07:00:00,132.07
2023-07-23T08:00:00,321.85
2023-07-23T09:00:00,515.4
2023-07-23T10:00:00,658.7
2023-07-23T11:00:00,769.47
2023-07-23T12:00:00,788.88
2023-07-23T13:00:00,639.17
2023-07-23T14:00:00,522.95
2023-07-23T15:00:00,392.08
2023-07-23T16:00:00,249.1
2023-07-23T17:00:00,99.78
2023-07-23T18:00:00,12.88
2023-07-23T19:00:00,0.0
2023-07-23T20:00:00,0.0
2023-07-23T21:00:00,0.0
2023-07-23T22:00:00,0.0
2023-07-23T23:00:00,0.0
2023-07-24T00:00:00,0.0
2023-07-24T01:00:00,0.0
2023-07-24T02:00:00,0.0
2023-07-24T03:00:00,0.0
2023-07-24T04:00:00,0.0
2023-07-24T05:00:00,0.0
2023-07-24T06:00:00,11.35
2023-07-24T07:00:00,174.15
2023-07-24T08:00:00,391.42
2023-07-24T09:00:00,600.92
2023-07-24T10:00:00,762.6
2023-07-24T11:00:00,861.92
2023-07-24T12:00:00,904.15
2023-07-24T13:00:00,749.62
2023-07-24T14:00:00,670.0
2023-07-24T15:00:00,513.4
2023-07-24T16:00:00,315.9
2023-07-24T17:00:00,131.27
2023-07-24T18:00:00,11.57
2023-07-24T19:00:00,0.0
2023-07-24T20:00:00,0.0
2023-07-24T21:00:00,0.0
2023-07-24T22:00:00,0.0
2023-07-24T23:00:00,0.0
2023-07-25T00:00:00,0.0
2023-07-25T01:00:00,0.0
2023-07-25T02:00:00,0.0
2023-07-25T03:00:00,0.0
2023-07-25T04:00:00,0.0
2023-07-25T05:00:00,0.0
2023-07-25T06:00:00,10.8
2023-07-25T07:00:00,152.02
2023-07-25T08:00:00,349.1
2023-07-25T09:00:00,535.1
2023-07-25T10:00:00,682.7
2023-07-25T11:00:00,818.08
2023-07-25T12:00:00,878.4
2023-07-25T13:00:00,807.22
2023-07-25T14:00:00,728.45
2023-07-25T15:00:00,576.22
2023-07-25T16:00:00,383.42
2023-07-25T17:00:00,168.98
2023-07-25T18:00:00,13.6
2023-07-25T19:00:00,0.0
2023-07-25T20:00:00,0.0
2023-07-25T21:00:00,0.0
2023-07-25T22:00:00,0.0
2023-07-25T23:00:00,0.0
2023-07-26T00:00:00,0.0
2023-07-26T01:00:00,0.0
2023-07-26T02:00:00,0.0
2023-07-26T03:00:00,0.0
2023-07-26T04:00:00,0.0
2023-07-26T05:00:00,0.0
2023-07-26T06:00:00,3.15
2023-07-26T07:00:00,54.5
2023-07-26T08:00:00,83.3
2023-07-26T09:00:00,139.45
2023-07-26T10:00:00,178.18
2023-07-26T11:00:00,318.7
2023-07-26T12:00:00,499.2
2023-07-26T13:00:00,578.8
2023-07-26T14:00:00,589.05
2023-07-26T15:00:00,532.65
2023-07-26T16:00:00,319.42
2023-07-26T17:00:00,128.93
2023-07-26T18:00:00,10.35
2023-07-26T19:00:00,0.0
2023-07-26T20:00:00,0.0
2023-07-26T21:00:00,0.0
2023-07-26T22:00:00,0.0
2023-07-26T23:00:00,0.0
2023-07-27T00:00:00,0.0
2023-07-27T01:00:00,0.0
2023-07-27T02:00:00,0.0
2023-07-27T03:00:00,0.0
2023-07-27T04:00:00,0.0
2023-07-27T05:00:00,0.0
2023-07-27T06:00:00,9.9
2023-07-27T07:00:00,158.1
2023-07-27T08:00:00,379.23
2023-07-27T09:00:00,564.38
2023-07-27T10:00:00,745.62
2023-07-27T11:00:00,870.6
2023-07-27T12:00:00,899.78
2023-07-27T13:00:00,865.75
2023-07-27T14:00:00,722.92
2023-07-27T15:00:00,546.58
2023-07-27T16:00:00,340.45
2023-07-27T17:00:00,140.85
2023-07-27T18:00:00,11.6
2023-07-27T19:00:00,0.0
2023-07-27T20:00:00,0.0
2023-07-27T21:00:00,0.0
2023-07-27T22:00:00,0.0
2023-07-27T23:00:00,0.0
2023-07-28T00:00:00,0.0
2023-07-28T01:00:00,0.0
2023-07-28T02:00:00,0.0
2023-07-28T03:00:00,0.0
2023-07-28T04:00:00,0.0
2023-07-28T05:00:00,0.0
2023-07-28T06:00:00,9.52
2023-07-28T07:00:00,151.05
2023-07-28T08:00:00,372.52
2023-07-28T09:00:00,578.7
2023-07-28T10:00:00,725.83
2023-07-28T11:00:00,839.1
2023-07-28T12:00:00,810.05
2023-07-28T13:00:00,773.2
2023-07-28T14:00:00,564.75
2023-07-28T15:00:00,402.05
2023-07-28T16:00:00,282.98
2023-07-28T17:00:00,124.68
2023-07-28T18:00:00,13.7
2023-07-28T19:00:00,0.0
2023-07-28T20:00:00,0.0
2023-07-28T21:00:00,0.0
2023-07-28T22:00:00,0.0
2023-07-28T23:00:00,0.0
2023-07-29T00:00:00,0.0
2023-07-29T01:00:00,0.0
2023-07-29T02:00:00,0.0
2023-07-29T03:00:00,0.0
2023-07-29T04:00:00,0.0
2023-07-29T05:00:00,0.0
2023-07-29T06:00:00,9.25
2023-07-29T07:00:00,147.43
2023-07-29T08:00:00,369.98
2023-07-29T09:00:00,580.88
2023-07-29T10:00:00,730.8
2023-07-29T11:00:00,843.3
2023-07-29T12:00:00,879.8
2023-07-29T13:00:00,757.47
2023-07-29T14:00:00,705.4
2023-07-29T15:00:00,521.85
2023-07-29T16:00:00,319.77
2023-07-29T17:00:00,129.43
2023-07-29T18:00:00,10.25
2023-07-29T19:00:00,0.0
2023-07-29T20:00:00,0.0
2023-07-29T21:00:00,0.0
2023-07-29T22:00:00,0.0
2023-07-29T23:00:00,0.0
2023-07-30T00:00:00,0.0
2023-07-30T01:00:00,0.0
2023-07-30T02:00:00,0.0
2023-07-30T03:00:00,0.0
2023-07-30T04:00:00,0.0
2023-07-30T05:00:00,0.0
2023-07-30T06:00:00,10.93
2023-07-30T07:00:00,165.32
2023-07-30T08:00:00,376.67
2023-07-30T09:00:00,593.72
2023-07-30T10:00:00,741.75
2023-07-30T11:00:00,841.85
2023-07-30T12:00:00,887.85
2023-07-30T13:00:00,857.03
2023-07-30T14:00:00,699.22
2023-07-30T15:00:00,535.72
2023-07-30T16:00:00,344.75
2023-07-30T17:00:00,143.77
2023-07-30T18:00:00,14.02
2023-07-30T19:00:00,0.0
2023-07-30T20:00:00,0.0
2023-07-30T21:00:00,0.0
2023-07-30T22:00:00,0.0
2023-07-30T23:00:00,0.0
2023-07-31T00:00:00,0.0
2023-07-31T01:00:00,0.0
2023-07-31T02:00:00,0.0
2023-07-31T03:00:00,0.0
2023-07-31T04:00:00,0.0
2023-07-31T05:00:00,0.0
2023-07-31T06:00:00,5.53
2023-07-31T07:00:00,52.28
2023-07-31T08:00:00,139.8
2023-07-31T09:00:00,279.77
2023-07-31T10:00:00,341.98
2023-07-31T11:00:00,338.92
2023-07-31T12:00:00,346.92
2023-07-31T13:00:00,410.6
2023-07-31T14:00:00,310.12
2023-07-31T15:00:00,214.0
2023-07-31T16:00:00,126.4
2023-07-31T17:00:00,58.17
2023-07-31T18:00:00,5.43
2023-07-31T19:00:00,0.0
2023-07-31T20:00:00,0.0
2023-07-31T21:00:00,0.0
2023-07-31T22:00:00,0.0
2023-07-31T23:00:00,0.0
2023-08-01T00:00:00,0.0
2023-08-01T01:00:00,0.0
2023-08-01T02:00:00,0.0
2023-08-01T03:00:00,0.0
2023-08-01T04:00:00,0.0
2023-08-01T05:00:00,0.0
2023-08-01T06:00:00,3.62
2023-08-01T07:00:00,52.17
2023-08-01T08:00:00,131.95
2023-08-01T09:00:00,224.25
2023-08-01T10:00:00,314.45
2023-08-01T11:00:00,395.83
2023-08-01T12:00:00,460.77
2023-08-01T13:00:00,505.67
2023-08-01T14:00:00,414.92
2023-08-01T15:00:00,284.62
2023-08-01T16:00:00,186.6
2023-08-01T17:00:00,83.5
2023-08-01T18:00:00,8.27
2023-08-01T19:00:00,0.0
2023-08-01T20:00:00,0.0
2023-08-01T21:00:00,0.0
2023-08-01T22:00:00,0.0
2023-08-01T23:00:00,0.0
2023-08-02T00:00:00,0.0
2023-08-02T01:00:00,0.0
2023-08-02T02:00:00,0.0
2023-08-02T03:00:00,0.0
2023-08-02T04:00:00,0.0
2023-08-02T05:00:00,0.0
2023-08-02T06:00:00,11.4
2023-08-02T07:00:00,166.85
2023-08-02T08:00:00,370.02
2023-08-02T09:00:00,571.22
2023-08-02T10:00:00,718.2
2023-08-02T11:00:00,817.83
2023-08-02T12:00:00,848.3
2023-08-02T13:00:00,880.92
2023-08-02T14:00:00,715.6
2023-08-02T15:00:00,599.58
2023-08-02T16:00:00,393.42
2023-08-02T17:00:00,168.77
2023-08-02T18:00:00,11.73
2023-08-02T19:00:00,0.0
2023-08-02T20:00:00,0.0
2023-08-02T21:00:00,0.0
2023-08-02T22:00:00,0.0
2023-08-02T23:00:00,0.0
2023-08-03T00:00:00,0.0
2023-08-03T01:00:00,0.0
2023-08-03T02:00:00,0.0
2023-08-03T03:00:00,0.0
2023-08-03T04:00:00,0.0
2023-08-03T05:00:00,0.0
2023-08-03T06:00:00,9.95
2023-08-03T07:00:00,173.2
2023-08-03T08:00:00,399.23
2023-08-03T09:00:00,603.15
2023-08-03T10:00:00,791.67
2023-08-03T11:00:00,899.12
2023-08-03T12:00:00,924.58
2023-08-03T13:00:00,898.4
2023-08-03T14:00:00,799.7
2023-08-03T15:00:00,626.9
2023-08-03T16:00:00,416.17
2023-08-03T17:00:00,187.02
2023-08-03T18:00:00,16.15
2023-08-03T19:00:00,0.0
2023-08-03T20:00:00,0.0
2023-08-03T21:00:00,0.0
2023-08-03T22:00:00,0.0
2023-08-03T23:00:00,0.0
2023-08-04T00:00:00,0.0
2023-08-04T01:00:00,0.0
2023-08-04T02:00:00,0.0
2023-08-04T03:00:00,0.0
2023-08-04T04:00:00,0.0
2023-08-04T05:00:00,0.0
2023-08-04T06:00:00,10.9
2023-08-04T07:00:00,152.27
2023-08-04T08:00:00,357.83
2023-08-04T09:00:00,572.45
2023-08-04T10:00:00,723.78
2023-08-04T11:00:00,804.8
2023-08-04T12:00:00,745.05
2023-08-04T13:00:00,650.08
2023-08-04T14:00:00,621.92
2023-08-04T15:00:00,485.65
2023-08-04T16:00:00,314.25
2023-08-04T17:00:00,137.7
2023-08-04T18:00:00,13.93
2023-08-04T19:00:00,0.0
2023-08-04T20:00:00,0.0
2023-08-04T21:00:00,0.0
2023-08-04T22:00:00,0.0
2023-08-04T23:00:00,0.0
2023-08-05T00:00:00,0.0
2023-08-05T01:00:00,0.0
2023-08-05T02:00:00,0.0
2023-08-05T03:00:00,0.0
2023-08-05T04:00:00,0.0
2023-08-05T05:00:00,0.0
2023-08-05T06:00:00,10.32
2023-08-05T07:00:00,138.12
2023-08-05T08:00:00,329.42
2023-08-05T09:00:00,523.22
2023-08-05T10:00:00,681.33
2023-08-05T11:00:00,778.75
2023-08-05T12:00:00,826.3
2023-08-05T13:00:00,782.4
2023-08-05T14:00:00,746.05
2023-08-05T15:00:00,547.83
2023-08-05T16:00:00,362.35
2023-08-05T17:00:00,168.68
2023-08-05T18:00:00,16.2
2023-08-05T19:00:00,0.0
2023-08-05T20:00:00,0.0
2023-08-05T21:00:00,0.0
2023-08-05T22:00:00,0.0
2023-08-05T23:00:00,0.0
2023-08-06T00:00:00,0.0
2023-08-06T01:00:00,0.0
2023-08-06T02:00:00,0.0
2023-08-06T03:00:00,0.0
2023-08-06T04:00:00,0.0
2023-08-06T05:00:00,0.0
2023-08-06T06:00:00,11.6
2023-08-06T07:00:00,178.75
2023-08-06T08:00:00,413.33
2023-08-06T09:00:00,631.25
2023-08-06T10:00:00,792.53
2023-08-06T11:00:00,899.62
2023-08-06T12:00:00,940.47
2023-08-06T13:00:00,902.92
2023-08-06T14:00:00,766.0
2023-08-06T15:00:00,625.25
2023-08-06T16:00:00,394.83
2023-08-06T17:00:00,182.2
2023-08-06T18:00:00,15.52
2023-08-06T19:00:00,0.0
2023-08-06T20:00:00,0.0
2023-08-06T21:00:00,0.0
2023-08-06T22:00:00,0.0
2023-08-06T23:00:00,0.0
2023-08-07T00:00:00,0.0
2023-08-07T01:00:00,0.0
2023-08-07T02:00:00,0.0
2023-08-07T03:00:00,0.0
2023-08-07T04:00:00,0.0
2023-08-07T05:00:00,0.0
2023-08-07T06:00:00,8.93
2023-08-07T07:00:00,130.05
2023-08-07T08:00:00,339.52
2023-08-07T09:00:00,543.65
2023-08-07T10:00:00,704.08
2023-08-07T11:00:00,813.72
2023-08-07T12:00:00,851.3
2023-08-07T13:00:00,833.45
2023-08-07T14:00:00,724.4
2023-08-07T15:00:00,600.95
2023-08-07T16:00:00,393.6
2023-08-07T17:00:00,172.98
2023-08-07T18:00:00,15.07
2023-08-07T19:00:00,0.0
2023-08-07T20:00:00,0.0
2023-08-07T21:00:00,0.0
2023-08-07T22:00:00,0.0
2023-08-07T23:00:00,0.0
2023-08-08T00:00:00,0.0
2023-08-08T01:00:00,0.0
2023-08-08T02:00:00,0.0
2023-08-08T03:00:00,0.0
2023-08-08T04:00:00,0.0
2023-08-08T05:00:00,0.0
2023-08-08T06:00:00,10.7
2023-08-08T07:00:00,153.12
2023-08-08T08:00:00,358.7
2023-08-08T09:00:00,552.12
2023-08-08T10:00:00,727.12
2023-08-08T11:00:00,865.7
2023-08-08T12:00:00,839.3
2023-08-08T13:00:00,651.88
2023-08-08T14:00:00,515.5
2023-08-08T15:00:00,381.92
2023-08-08T16:00:00,247.4
2023-08-08T17:00:00,111.57
2023-08-08T18:00:00,7.03
2023-08-08T19:00:00,0.0
2023-08-08T20:00:00,0.0
2023-08-08T21:00:00,0.0
2023-08-08T22:00:00,0.0
2023-08-08T23:00:00,0.0
2023-08-09T00:00:00,0.0
2023-08-09T01:00:00,0.0
2023-08-09T02:00:00,0.0
2023-08-09T03:00:00,0.0
2023-08-09T04:00:00,0.0
2023-08-09T05:00:00,0.0
2023-08-09T06:00:00,6.95
2023-08-09T07:00:00,167.93
2023-08-09T08:00:00,366.25
2023-08-09T09:00:00,521.38
2023-08-09T10:00:00,711.47
2023-08-09T11:00:00,872.58
2023-08-09T12:00:00,916.0
2023-08-09T13:00:00,836.15
2023-08-09T14:00:00,667.08
2023-08-09T15:00:00,524.35
2023-08-09T16:00:00,341.7
2023-08-09T17:00:00,153.32
2023-08-09T18:00:00,15.05
2023-08-09T19:00:00,0.0
2023-08-09T20:00:00,0.0
2023-08-09T21:00:00,0.0
2023-08-09T22:00:00,0.0
2023-08-09T23:00:00,0.0
2023-08-10T00:00:00,0.0
2023-08-10T01:00:00,0.0
2023-08-10T02:00:00,0.0
2023-08-10T03:00:00,0.0
2023-08-10T04:00:00,0.0
2023-08-10T05:00:00,0.0
2023-08-10T06:00:00,12.3
2023-08-10T07:00:00,183.93
2023-08-10T08:00:00,414.98
2023-08-10T09:00:00,633.9
2023-08-10T10:00:00,803.65
2023-08-10T11:00:00,915.75
2023-08-10T12:00:00,946.85
2023-08-10T13:00:00,844.85
2023-08-10T14:00:00,803.03
2023-08-10T15:00:00,634.9
2023-08-10T16:00:00,413.2
2023-08-10T17:00:00,188.05
2023-08-10T18:00:00,15.1
2023-08-10T19:00:00,0.0
2023-08-10T20:00:00,0.0
2023-08-10T21:00:00,0.0
2023-08-10T22:00:00,0.0
2023-08-10T23:00:00,0.0
2023-08-11T00:00:00,0.0
2023-08-11T01:00:00,0.0
2023-08-11T02:00:00,0.0
2023-08-11T03:00:00,0.0
2023-08-11T04:00:00,0.0
2023-08-11T05:00:00,0.0
2023-08-11T06:00:00,12.68
2023-08-11T07:00:00,181.62
2023-08-11T08:00:00,404.6
2023-08-11T09:00:00,604.4
2023-08-11T10:00:00,728.97
2023-08-11T11:00:00,839.97
2023-08-11T12:00:00,830.9
2023-08-11T13:00:00,829.95
2023-08-11T14:00:00,733.8
2023-08-11T15:00:00,585.6
2023-08-11T16:00:00,367.4
2023-08-11T17:00:00,151.3
2023-08-11T18:00:00,12.2
2023-08-11T19:00:00,0.0
2023-08-11T20:00:00,0.0
2023-08-11T21:00:00,0.0
2023-08-11T22:00:00,0.0
2023-08-11T23:00:00,0.0
2023-08-12T00:00:00,0.0
2023-08-12T01:00:00,0.0
2023-08-12T02:00:00,0.0
2023-08-12T03:00:00,0.0
2023-08-12T04:00:00,0.0
2023-08-12T05:00:00,0.0
2023-08-12T06:00:00,11.77
2023-08-12T07:00:00,171.18
2023-08-12T08:00:00,391.77
2023-08-12T09:00:00,618.58
2023-08-12T10:00:00,779.03
2023-08-12T11:00:00,887.85
2023-08-12T12:00:00,916.75
2023-08-12T13:00:00,875.0
2023-08-12T14:00:00,702.2
2023-08-12T15:00:00,529.67
2023-08-12T16:00:00,352.58
2023-08-12T17:00:00,158.82
2023-08-12T18:00:00,14.3
2023-08-12T19:00:00,0.0
2023-08-12T20:00:00,0.0
2023-08-12T21:00:00,0.0
2023-08-12T22:00:00,0.0
2023-08-12T23:00:00,0.0
2023-08-13T00:00:00,0.0
2023-08-13T01:00:00,0.0
2023-08-13T02:00:00,0.0
2023-08-13T03:00:00,0.0
2023-08-13T04:00:00,0.0
2023-08-13T05:00:00,0.0
2023-08-13T06:00:00,11.93
2023-08-13T07:00:00,162.2
2023-08-13T08:00:00,369.62
2023-08-13T09:00:00,597.38
2023-08-13T10:00:00,773.25
2023-08-13T11:00:00,893.65
2023-08-13T12:00:00,932.47
2023-08-13T13:00:00,890.6
2023-08-13T14:00:00,792.15
2023-08-13T15:00:00,603.58
2023-08-13T16:00:00,374.5
2023-08-13T17:00:00,153.55
2023-08-13T18:00:00,10.98
2023-08-13T19:00:00,0.0
2023-08-13T20:00:00,0.0
2023-08-13T21:00:00,0.0
2023-08-13T22:00:00,0.0
2023-08-13T23:00:00,0.0
2023-08-14T00:00:00,0.0
2023-08-14T01:00:00,0.0
2023-08-14T02:00:00,0.0
2023-08-14T03:00:00,0.0
2023-08-14T04:00:00,0.0
2023-08-14T05:00:00,0.0
2023-08-14T06:00:00,6.4
2023-08-14T07:00:00,88.12
2023-08-14T08:00:00,216.4
2023-08-14T09:00:00,337.15
2023-08-14T10:00:00,467.52
2023-08-14T11:00:00,536.8
2023-08-14T12:00:00,605.03
2023-08-14T13:00:00,665.35
2023-08-14T14:00:00,515.15
2023-08-14T15:00:00,266.6
2023-08-14T16:00:00,173.73
2023-08-14T17:00:00,79.47
2023-08-14T18:00:00,7.6
2023-08-14T19:00:00,0.0
2023-08-14T20:00:00,0.0
2023-08-14T21:00:00,0.0
2023-08-14T22:00:00,0.0
2023-08-14T23:00:00,0.0
2023-08-15T00:00:00,0.0
2023-08-15T01:00:00,0.0
2023-08-15T02:00:00,0.0
2023-08-15T03:00:00,0.0
2023-08-15T04:00:00,0.0
2023-08-15T05:00:00,0.0
2023-08-15T06:00:00,11.32
2023-08-15T07:00:00,147.95
2023-08-15T08:00:00,355.98
2023-08-15T09:00:00,513.4
2023-08-15T10:00:00,635.12
2023-08-15T11:00:00,693.55
2023-08-15T12:00:00,786.95
2023-08-15T13:00:00,830.2
2023-08-15T14:00:00,718.83
2023-08-15T15:00:00,584.67
2023-08-15T16:00:00,373.75
2023-08-15T17:00:00,158.62
2023-08-15T18:00:00,12.65
2023-08-15T19:00:00,0.0
2023-08-15T20:00:00,0.0
2023-08-15T21:00:00,0.0
2023-08-15T22:00:00,0.0
2023-08-15T23:00:00,0.0
2023-08-16T00:00:00,0.0
2023-08-16T01:00:00,0.0
2023-08-16T02:00:00,0.0
2023-08-16T03:00:00,0.0
2023-08-16T04:00:00,0.0
2023-08-16T05:00:00,0.0
2023-08-16T06:00:00,10.2
2023-08-16T07:00:00,131.48
2023-08-16T08:00:00,313.58
2023-08-16T09:00:00,491.17
2023-08-16T10:00:00,644.55
2023-08-16T11:00:00,738.83
2023-08-16T12:00:00,754.72
2023-08-16T13:00:00,640.08
2023-08-16T14:00:00,582.67
2023-08-16T15:00:00,393.35
2023-08-16T16:00:00,244.35
2023-08-16T17:00:00,97.65
2023-08-16T18:00:00,9.15
2023-08-16T19:00:00,0.0
2023-08-16T20:00:00,0.0
2023-08-16T21:00:00,0.0
2023-08-16T22:00:00,0.0
2023-08-16T23:00:00,0.0
2023-08-17T00:00:00,0.0
2023-08-17T01:00:00,0.0
2023-08-17T02:00:00,0.0
2023-08-17T03:00:00,0.0
2023-08-17T04:00:00,0.0
2023-08-17T05:00:00,0.0
2023-08-17T06:00:00,11.43
2023-08-17T07:00:00,160.62
2023-08-17T08:00:00,387.77
2023-08-17T09:00:00,593.22
2023-08-17T10:00:00,760.58
2023-08-17T11:00:00,867.25
2023-08-17T12:00:00,942.65
2023-08-17T13:00:00,852.35
2023-08-17T14:00:00,798.35
2023-08-17T15:00:00,619.38
2023-08-17T16:00:00,414.15
2023-08-17T17:00:00,182.98
2023-08-17T18:00:00,13.5
2023-08-17T19:00:00,0.0
2023-08-17T20:00:00,0.0
2023-08-17T21:00:00,0.0
2023-08-17T22:00:00,0.0
2023-08-17T23:00:00,0.0
2023-08-18T00:00:00,0.0
2023-08-18T01:00:00,0.0
2023-08-18T02:00:00,0.0
2023-08-18T03:00:00,0.0
2023-08-18T04:00:00,0.0
2023-08-18T05:00:00,0.0
2023-08-18T06:00:00,9.45
2023-08-18T07:00:00,105.88
2023-08-18T08:00:00,280.92
2023-08-18T09:00:00,435.83
2023-08-18T10:00:00,556.78
2023-08-18T11:00:00,627.53
2023-08-18T12:00:00,601.83
2023-08-18T13:00:00,773.85
2023-08-18T14:00:00,665.05
2023-08-18T15:00:00,439.1
2023-08-18T16:00:00,277.83
2023-08-18T17:00:00,111.97
2023-08-18T18:00:00,8.1
2023-08-18T19:00:00,0.0
2023-08-18T20:00:00,0.0
2023-08-18T21:00:00,0.0
2023-08-18T22:00:00,0.0
2023-08-18T23:00:00,0.0
2023-08-19T00:00:00,0.0
2023-08-19T01:00:00,0.0
2023-08-19T02:00:00,0.0
2023-08-19T03:00:00,0.0
2023-08-19T04:00:00,0.0
2023-08-19T05:00:00,0.0
2023-08-19T06:00:00,11.68
2023-08-19T07:00:00,151.82
2023-08-19T08:00:00,364.83
2023-08-19T09:00:00,557.42
2023-08-19T10:00:00,696.05
2023-08-19T11:00:00,788.12
2023-08-19T12:00:00,831.65
2023-08-19T13:00:00,874.22
2023-08-19T14:00:00,723.92
2023-08-19T15:00:00,518.05
2023-08-19T16:00:00,329.6
2023-08-19T17:00:00,139.8
2023-08-19T18:00:00,10.68
2023-08-19T19:00:00,0.0
2023-08-19T20:00:00,0.0
2023-08-19T21:00:00,0.0
2023-08-19T22:00:00,0.0
2023-08-19T23:00:00,0.0
2023-08-20T00:00:00,0.0
2023-08-20T01:00:00,0.0
2023-08-20T02:00:00,0.0
2023-08-20T03:00:00,0.0
2023-08-20T04:00:00,0.0
2023-08-20T05:00:00,0.0
2023-08-20T06:00:00,13.48
2023-08-20T07:00:00,187.73
2023-08-20T08:00:00,429.55
2023-08-20T09:00:00,638.58
2023-08-20T10:00:00,747.05
2023-08-20T11:00:00,885.88
2023-08-20T12:00:00,896.28
2023-08-20T13:00:00,855.45
2023-08-20T14:00:00,760.78
2023-08-20T15:00:00,616.78
2023-08-20T16:00:00,393.7
2023-08-20T17:00:00,158.38
2023-08-20T18:00:00,10.15
2023-08-20T19:00:00,0.0
2023-08-20T20:00:00,0.0
2023-08-20T21:00:00,0.0
2023-08-20T22:00:00,0.0
2023-08-20T23:00:00,0.0
2023-08-21T00:00:00,0.0
2023-08-21T01:00:00,0.0
2023-08-21T02:00:00,0.0
2023-08-21T03:00:00,0.0
2023-08-21T04:00:00,0.0
2023-08-21T05:00:00,0.0
2023-08-21T06:00:00,12.52
2023-08-21T07:00:00,146.7
2023-08-21T08:00:00,337.38
2023-08-21T09:00:00,404.23
2023-08-21T10:00:00,366.9
2023-08-21T11:00:00,213.12
2023-08-21T12:00:00,253.55
2023-08-21T13:00:00,381.05
2023-08-21T14:00:00,253.82
2023-08-21T15:00:00,192.05
2023-08-21T16:00:00,126.72
2023-08-21T17:00:00,23.67
2023-08-21T18:00:00,5.72
2023-08-21T19:00:00,0.0
2023-08-21T20:00:00,0.0
2023-08-21T21:00:00,0.0
2023-08-21T22:00:00,0.0
2023-08-21T23:00:00,0.0
2023-08-22T00:00:00,0.0
2023-08-22T01:00:00,0.0
2023-08-22T02:00:00,0.0
2023-08-22T03:00:00,0.0
2023-08-22T04:00:00,0.0
2023-08-22T05:00:00,0.0
2023-08-22T06:00:00,14.88
2023-08-22T07:00:00,195.23
2023-08-22T08:00:00,438.83
2023-08-22T09:00:00,665.85
2023-08-22T10:00:00,831.65
2023-08-22T11:00:00,946.78
2023-08-22T12:00:00,966.67
2023-08-22T13:00:00,929.45
2023-08-22T14:00:00,819.03
2023-08-22T15:00:00,645.35
2023-08-22T16:00:00,427.1
2023-08-22T17:00:00,187.88
2023-08-22T18:00:00,12.65
2023-08-22T19:00:00,0.0
2023-08-22T20:00:00,0.0
2023-08-22T21:00:00,0.0
2023-08-22T22:00:00,0.0
2023-08-22T23:00:00,0.0
2023-08-23T00:00:00,0.0
2023-08-23T01:00:00,0.0
2023-08-23T02:00:00,0.0
2023-08-23T03:00:00,0.0
2023-08-23T04:00:00,0.0
2023-08-23T05:00:00,0.0
2023-08-23T06:00:00,12.93
2023-08-23T07:00:00,177.25
2023-08-23T08:00:00,399.73
2023-08-23T09:00:00,633.55
2023-08-23T10:00:00,802.17
2023-08-23T11:00:00,921.2
2023-08-23T12:00:00,969.72
2023-08-23T13:00:00,878.65
2023-08-23T14:00:00,785.92
2023-08-23T15:00:00,616.6
2023-08-23T16:00:00,393.2
2023-08-23T17:00:00,166.5
2023-08-23T18:00:00,10.95
2023-08-23T19:00:00,0.0
2023-08-23T20:00:00,0.0
2023-08-23T21:00:00,0.0
2023-08-23T22:00:00,0.0
2023-08-23T23:00:00,0.0
2023-08-24T00:00:00,0.0
2023-08-24T01:00:00,0.0
2023-08-24T02:00:00,0.0
2023-08-24T03:00:00,0.0
2023-08-24T04:00:00,0.0
2023-08-24T05:00:00,0.0
2023-08-24T06:00:00,15.07
2023-08-24T07:00:00,199.62
2023-08-24T08:00:00,439.52
2023-08-24T09:00:00,669.15
2023-08-24T10:00:00,843.35
2023-08-24T11:00:00,952.9
2023-08-24T12:00:00,978.8
2023-08-24T13:00:00,937.55
2023-08-24T14:00:00,764.22
2023-08-24T15:00:00,589.15
2023-08-24T16:00:00,401.88
2023-08-24T17:00:00,179.95
2023-08-24T18:00:00,12.6
2023-08-24T19:00:00,0.0
2023-08-24T20:00:00,0.0
2023-08-24T21:00:00,0.0
2023-08-24T22:00:00,0.0
2023-08-24T23:00:00,0.0
2023-08-25T00:00:00,0.0
2023-08-25T01:00:00,0.0
2023-08-25T02:00:00,0.0
2023-08-25T03:00:00,0.0
2023-08-25T04:00:00,0.0
2023-08-25T05:00:00,0.0
2023-08-25T06:00:00,15.65
2023-08-25T07:00:00,193.4
2023-08-25T08:00:00,410.08
2023-08-25T09:00:00,505.35
2023-08-25T10:00:00,750.62
2023-08-25T11:00:00,942.03
2023-08-25T12:00:00,979.4
2023-08-25T13:00:00,943.2
2023-08-25T14:00:00,822.53
2023-08-25T15:00:00,647.72
2023-08-25T16:00:00,421.73
2023-08-25T17:00:00,188.27
2023-08-25T18:00:00,12.5
2023-08-25T19:00:00,0.0
2023-08-25T20:00:00,0.0
2023-08-25T21:00:00,0.0
2023-08-25T22:00:00,0.0
2023-08-25T23:00:00,0.0
2023-08-26T00:00:00,0.0
2023-08-26T01:00:00,0.0
2023-08-26T02:00:00,0.0
2023-08-26T03:00:00,0.0
2023-08-26T04:00:00,0.0
2023-08-26T05:00:00,0.0
2023-08-26T06:00:00,16.08
2023-08-26T07:00:00,201.25
2023-08-26T08:00:00,441.23
2023-08-26T09:00:00,517.53
2023-08-26T10:00:00,710.35
2023-08-26T11:00:00,788.67
2023-08-26T12:00:00,649.05
2023-08-26T13:00:00,727.78
2023-08-26T14:00:00,595.53
2023-08-26T15:00:00,531.72
2023-08-26T16:00:00,321.7
2023-08-26T17:00:00,129.05
2023-08-26T18:00:00,11.02
2023-08-26T19:00:00,0.0
2023-08-26T20:00:00,0.0
2023-08-26T21:00:00,0.0
2023-08-26T22:00:00,0.0
2023-08-26T23:00:00,0.0
2023-08-27T00:00:00,0.0
2023-08-27T01:00:00,0.0
2023-08-27T02:00:00,0.0
2023-08-27T03:00:00,0.0
2023-08-27T04:00:00,0.0
2023-08-27T05:00:00,0.0
2023-08-27T06:00:00,10.38
2023-08-27T07:00:00,125.8
2023-08-27T08:00:00,306.77
2023-08-27T09:00:00,518.35
2023-08-27T10:00:00,653.3
2023-08-27T11:00:00,750.35
2023-08-27T12:00:00,784.05
2023-08-27T13:00:00,786.55
2023-08-27T14:00:00,746.47
2023-08-27T15:00:00,511.55
2023-08-27T16:00:00,332.48
2023-08-27T17:00:00,133.05
2023-08-27T18:00:00,10.27
2023-08-27T19:00:00,0.0
2023-08-27T20:00:00,0.0
2023-08-27T21:00:00,0.0
2023-08-27T22:00:00,0.0
2023-08-27T23:00:00,0.0
2023-08-28T00:00:00,0.0
2023-08-28T01:00:00,0.0
2023-08-28T02:00:00,0.0
2023-08-28T03:00:00,0.0
2023-08-28T04:00:00,0.0
2023-08-28T05:00:00,0.0
2023-08-28T06:00:00,16.58
2023-08-28T07:00:00,199.5
2023-08-28T08:00:00,438.85
2023-08-28T09:00:00,664.97
2023-08-28T10:00:00,827.2
2023-08-28T11:00:00,934.05
2023-08-28T12:00:00,902.55
2023-08-28T13:00:00,880.3
2023-08-28T14:00:00,790.1
2023-08-28T15:00:00,545.8
2023-08-28T16:00:00,350.83
2023-08-28T17:00:00,135.88
2023-08-28T18:00:00,9.38
2023-08-28T19:00:00,0.0
2023-08-28T20:00:00,0.0
2023-08-28T21:00:00,0.0
2023-08-28T22:00:00,0.0
2023-08-28T23:00:00,0.0
2023-08-29T00:00:00,0.0
2023-08-29T01:00:00,0.0
2023-08-29T02:00:00,0.0
2023-08-29T03:00:00,0.0
2023-08-29T04:00:00,0.0
2023-08-29T05:00:00,0.0
2023-08-29T06:00:00,8.62
2023-08-29T07:00:00,104.8
2023-08-29T08:00:00,257.75
2023-08-29T09:00:00,374.62
2023-08-29T10:00:00,459.62
2023-08-29T11:00:00,507.6
2023-08-29T12:00:00,442.85
2023-08-29T13:00:00,413.75
2023-08-29T14:00:00,400.77
2023-08-29T15:00:00,302.5
2023-08-29T16:00:00,176.32
2023-08-29T17:00:00,78.5
2023-08-29T18:00:00,4.47
2023-08-29T19:00:00,0.0
2023-08-29T20:00:00,0.0
2023-08-29T21:00:00,0.0
2023-08-29T22:00:00,0.0
2023-08-29T23:00:00,0.0
2023-08-30T00:00:00,0.0
2023-08-30T01:00:00,0.0
2023-08-30T02:00:00,0.0
2023-08-30T03:00:00,0.0
2023-08-30T04:00:00,0.0
2023-08-30T05:00:00,0.0
2023-08-30T06:00:00,11.1
2023-08-30T07:00:00,136.88
2023-08-30T08:00:00,321.12
2023-08-30T09:00:00,515.22
2023-08-30T10:00:00,722.78
2023-08-30T11:00:00,879.47
2023-08-30T12:00:00,835.5
2023-08-30T13:00:00,763.67
2023-08-30T14:00:00,688.28
2023-08-30T15:00:00,583.1
2023-08-30T16:00:00,372.95
2023-08-30T17:00:00,150.55
2023-08-30T18:00:00,10.27
2023-08-30T19:00:00,0.0
2023-08-30T20:00:00,0.0
2023-08-30T21:00:00,0.0
2023-08-30T22:00:00,0.0
2023-08-30T23:00:00,0.0
2023-08-31T00:00:00,0.0
2023-08-31T01:00:00,0.0
2023-08-31T02:00:00,0.0
2023-08-31T03:00:00,0.0
2023-08-31T04:00:00,0.0
2023-08-31T05:00:00,0.0
2023-08-31T06:00:00,16.88
2023-08-31T07:00:00,182.8
2023-08-31T08:00:00,399.92
2023-08-31T09:00:00,585.58
2023-08-31T10:00:00,702.45
2023-08-31T11:00:00,796.3
2023-08-31T12:00:00,894.88
2023-08-31T13:00:00,829.45
2023-08-31T14:00:00,717.92
2023-08-31T15:00:00,569.0
2023-08-31T16:00:00,350.55
2023-08-31T17:00:00,147.77
2023-08-31T18:00:00,6.57
2023-08-31T19:00:00,0.0
2023-08-31T20:00:00,0.0
2023-08-31T21:00:00,0.0
2023-08-31T22:00:00,0.0
2023-08-31T23:00:00,0.0
2023-09-01T00:00:00,0.0
2023-09-01T01:00:00,0.0
2023-09-01T02:00:00,0.0
2023-09-01T03:00:00,0.0
2023-09-01T04:00:00,0.0
2023-09-01T05:00:00,0.0
2023-09-01T06:00:00,15.23
2023-09-01T07:00:00,180.38
2023-09-01T08:00:00,414.23
2023-09-01T09:00:00,468.38
2023-09-01T10:00:00,763.03
2023-09-01T11:00:00,949.97
2023-09-01T12:00:00,989.78
2023-09-01T13:00:00,949.12
2023-09-01T14:00:00,835.65
2023-09-01T15:00:00,649.83
2023-09-01T16:00:00,416.95
2023-09-01T17:00:00,166.3
2023-09-01T18:00:00,8.9
2023-09-01T19:00:00,0.0
2023-09-01T20:00:00,0.0
2023-09-01T21:00:00,0.0
2023-09-01T22:00:00,0.0
2023-09-01T23:00:00,0.0
2023-09-02T00:00:00,0.0
2023-09-02T01:00:00,0.0
2023-09-02T02:00:00,0.0
2023-09-02T03:00:00,0.0
2023-09-02T04:00:00,0.0
2023-09-02T05:00:00,0.0
2023-09-02T06:00:00,10.18
2023-09-02T07:00:00,98.5
2023-09-02T08:00:00,208.12
2023-09-02T09:00:00,336.88
2023-09-02T10:00:00,423.88
2023-09-02T11:00:00,449.75
2023-09-02T12:00:00,280.73
2023-09-02T13:00:00,477.73
2023-09-02T14:00:00,541.0
2023-09-02T15:00:00,436.9
2023-09-02T16:00:00,252.48
2023-09-02T17:00:00,103.97
2023-09-02T18:00:00,5.28
2023-09-02T19:00:00,0.0
2023-09-02T20:00:00,0.0
2023-09-02T21:00:00,0.0
2023-09-02T22:00:00,0.0
2023-09-02T23:00:00,0.0
2023-09-03T00:00:00,0.0
2023-09-03T01:00:00,0.0
2023-09-03T02:00:00,0.0
2023-09-03T03:00:00,0.0
2023-09-03T04:00:00,0.0
2023-09-03T05:00:00,0.0
2023-09-03T06:00:00,10.07
2023-09-03T07:00:00,113.65
2023-09-03T08:00:00,282.27
2023-09-03T09:00:00,499.02
2023-09-03T10:00:00,605.4
2023-09-03T11:00:00,862.05
2023-09-03T12:00:00,663.85
2023-09-03T13:00:00,496.5
2023-09-03T14:00:00,391.92
2023-09-03T15:00:00,405.5
2023-09-03T16:00:00,247.1
2023-09-03T17:00:00,107.15
2023-09-03T18:00:00,8.3
2023-09-03T19:00:00,0.0
2023-09-03T20:00:00,0.0
2023-09-03T21:00:00,0.0
2023-09-03T22:00:00,0.0
2023-09-03T23:00:00,0.0
2023-09-04T00:00:00,0.0
2023-09-04T01:00:00,0.0
2023-09-04T02:00:00,0.0
2023-09-04T03:00:00,0.0
2023-09-04T04:00:00,0.0
2023-09-04T05:00:00,0.0
2023-09-04T06:00:00,15.3
2023-09-04T07:00:00,190.3
2023-09-04T08:00:00,423.25
2023-09-04T09:00:00,655.62
2023-09-04T10:00:00,815.95
2023-09-04T11:00:00,930.9
2023-09-04T12:00:00,966.25
2023-09-04T13:00:00,879.5
2023-09-04T14:00:00,766.7
2023-09-04T15:00:00,590.83
2023-09-04T16:00:00,362.02
2023-09-04T17:00:00,140.73
2023-09-04T18:00:00,7.0
2023-09-04T19:00:00,0.0
2023-09-04T20:00:00,0.0
2023-09-04T21:00:00,0.0
2023-09-04T22:00:00,0.0
2023-09-04T23:00:00,0.0
2023-09-05T00:00:00,0.0
2023-09-05T01:00:00,0.0
2023-09-05T02:00:00,0.0
2023-09-05T03:00:00,0.0
2023-09-05T04:00:00,0.0
2023-09-05T05:00:00,0.0
2023-09-05T06:00:00,18.62
2023-09-05T07:00:00,199.38
2023-09-05T08:00:00,436.35
2023-09-05T09:00:00,647.88
2023-09-05T10:00:00,819.17
2023-09-05T11:00:00,926.85
2023-09-05T12:00:00,970.75
2023-09-05T13:00:00,945.2
2023-09-05T14:00:00,812.03
2023-09-05T15:00:00,610.08
2023-09-05T16:00:00,399.75
2023-09-05T17:00:00,168.07
2023-09-05T18:00:00,8.9
2023-09-05T19:00:00,0.0
2023-09-05T20:00:00,0.0
2023-09-05T21:00:00,0.0
2023-09-05T22:00:00,0.0
2023-09-05T23:00:00,0.0
2023-09-06T00:00:00,0.0
2023-09-06T01:00:00,0.0
2023-09-06T02:00:00,0.0
2023-09-06T03:00:00,0.0
2023-09-06T04:00:00,0.0
2023-09-06T05:00:00,0.0
2023-09-06T06:00:00,18.67
2023-09-06T07:00:00,200.23
2023-09-06T08:00:00,430.23
2023-09-06T09:00:00,657.38
2023-09-06T10:00:00,828.95
2023-09-06T11:00:00,938.4
2023-09-06T12:00:00,975.55
2023-09-06T13:00:00,928.67
2023-09-06T14:00:00,826.05
2023-09-06T15:00:00,634.9
2023-09-06T16:00:00,415.38
2023-09-06T17:00:00,169.93
2023-09-06T18:00:00,8.52
2023-09-06T19:00:00,0.0
2023-09-06T20:00:00,0.0
2023-09-06T21:00:00,0.0
2023-09-06T22:00:00,0.0
2023-09-06T23:00:00,0.0
2023-09-07T00:00:00,0.0
2023-09-07T01:00:00,0.0
2023-09-07T02:00:00,0.0
2023-09-07T03:00:00,0.0
2023-09-07T04:00:00,0.0
2023-09-07T05:00:00,0.0
2023-09-07T06:00:00,18.38
2023-09-07T07:00:00,156.95
2023-09-07T08:00:00,310.23
2023-09-07T09:00:00,474.33
2023-09-07T10:00:00,645.88
2023-09-07T11:00:00,738.72
2023-09-07T12:00:00,825.17
2023-09-07T13:00:00,787.35
2023-09-07T14:00:00,727.33
2023-09-07T15:00:00,599.1
2023-09-07T16:00:00,382.98
2023-09-07T17:00:00,152.93
2023-09-07T18:00:00,8.38
2023-09-07T19:00:00,0.0
2023-09-07T20:00:00,0.0
2023-09-07T21:00:00,0.0
2023-09-07T22:00:00,0.0
2023-09-07T23:00:00,0.0
2023-09-08T00:00:00,0.0
2023-09-08T01:00:00,0.0
2023-09-08T02:00:00,0.0
2023-09-08T03:00:00,0.0
2023-09-08T04:00:00,0.0
2023-09-08T05:00:00,0.0
2023-09-08T06:00:00,17.62
2023-09-08T07:00:00,196.15
2023-09-08T08:00:00,441.02
2023-09-08T09:00:00,657.33
2023-09-08T10:00:00,798.42
2023-09-08T11:00:00,945.95
2023-09-08T12:00:00,957.85
2023-09-08T13:00:00,883.4
2023-09-08T14:00:00,717.83
2023-09-08T15:00:00,616.1
2023-09-08T16:00:00,388.45
2023-09-08T17:00:00,151.0
2023-09-08T18:00:00,7.12
2023-09-08T19:00:00,0.0
2023-09-08T20:00:00,0.0
2023-09-08T21:00:00,0.0
2023-09-08T22:00:00,0.0
2023-09-08T23:00:00,0.0
2023-09-09T00:00:00,0.0
2023-09-09T01:00:00,0.0
2023-09-09T02:00:00,0.0
2023-09-09T03:00:00,0.0
2023-09-09T04:00:00,0.0
2023-09-09T05:00:00,0.0
2023-09-09T06:00:00,19.23
2023-09-09T07:00:00,196.5
2023-09-09T08:00:00,413.73
2023-09-09T09:00:00,629.28
2023-09-09T10:00:00,800.8
2023-09-09T11:00:00,937.05
2023-09-09T12:00:00,982.08
2023-09-09T13:00:00,887.75
2023-09-09T14:00:00,816.47
2023-09-09T15:00:00,626.5
2023-09-09T16:00:00,376.15
2023-09-09T17:00:00,150.02
2023-09-09T18:00:00,7.18
2023-09-09T19:00:00,0.0
2023-09-09T20:00:00,0.0
2023-09-09T21:00:00,0.0
2023-09-09T22:00:00,0.0
2023-09-09T23:00:00,0.0
2023-09-10T00:00:00,0.0
2023-09-10T01:00:00,0.0
2023-09-10T02:00:00,0.0
2023-09-10T03:00:00,0.0
2023-09-10T04:00:00,0.0
2023-09-10T05:00:00,0.0
2023-09-10T06:00:00,8.3
2023-09-10T07:00:00,96.1
2023-09-10T08:00:00,211.18
2023-09-10T09:00:00,362.17
2023-09-10T10:00:00,485.15
2023-09-10T11:00:00,563.35
2023-09-10T12:00:00,500.92
2023-09-10T13:00:00,474.5
2023-09-10T14:00:00,434.98
2023-09-10T15:00:00,339.08
2023-09-10T16:00:00,203.75
2023-09-10T17:00:00,76.5
2023-09-10T18:00:00,4.38
2023-09-10T19:00:00,0.0
2023-09-10T20:00:00,0.0
2023-09-10T21:00:00,0.0
2023-09-10T22:00:00,0.0
2023-09-10T23:00:00,0.0
2023-09-11T00:00:00,0.0
2023-09-11T01:00:00,0.0
2023-09-11T02:00:00,0.0
2023-09-11T03:00:00,0.0
2023-09-11T04:00:00,0.0
2023-09-11T05:00:00,0.0
2023-09-11T06:00:00,18.12
2023-09-11T07:00:00,204.98
2023-09-11T08:00:00,434.95
2023-09-11T09:00:00,611.62
2023-09-11T10:00:00,841.97
2023-09-11T11:00:00,947.53
2023-09-11T12:00:00,950.08
2023-09-11T13:00:00,825.65
2023-09-11T14:00:00,613.97
2023-09-11T15:00:00,386.38
2023-09-11T16:00:00,230.27
2023-09-11T17:00:00,85.07
2023-09-11T18:00:00,4.5
2023-09-11T19:00:00,0.0
2023-09-11T20:00:00,0.0
2023-09-11T21:00:00,0.0
2023-09-11T22:00:00,0.0
2023-09-11T23:00:00,0.0
2023-09-12T00:00:00,0.0
2023-09-12T01:00:00,0.0
2023-09-12T02:00:00,0.0
2023-09-12T03:00:00,0.0
2023-09-12T04:00:00,0.0
2023-09-12T05:00:00,0.0
2023-09-12T06:00:00,17.45
2023-09-12T07:00:00,181.02
2023-09-12T08:00:00,406.45
2023-09-12T09:00:00,533.2
2023-09-12T10:00:00,743.53
2023-09-12T11:00:00,880.58
2023-09-12T12:00:00,887.25
2023-09-12T13:00:00,818.22
2023-09-12T14:00:00,746.85
2023-09-12T15:00:00,494.73
2023-09-12T16:00:00,286.6
2023-09-12T17:00:00,109.57
2023-09-12T18:00:00,4.88
2023-09-12T19:00:00,0.0
2023-09-12T20:00:00,0.0
2023-09-12T21:00:00,0.0
2023-09-12T22:00:00,0.0
2023-09-12T23:00:00,0.0
2023-09-13T00:00:00,0.0
2023-09-13T01:00:00,0.0
2023-09-13T02:00:00,0.0
2023-09-13T03:00:00,0.0
2023-09-13T04:00:00,0.0
2023-09-13T05:00:00,0.0
2023-09-13T06:00:00,15.73
2023-09-13T07:00:00,121.35
2023-09-13T08:00:00,304.88
2023-09-13T09:00:00,478.12
2023-09-13T10:00:00,618.65
2023-09-13T11:00:00,684.38
2023-09-13T12:00:00,698.4
2023-09-13T13:00:00,778.03
2023-09-13T14:00:00,668.42
2023-09-13T15:00:00,458.1
2023-09-13T16:00:00,267.1
2023-09-13T17:00:00,96.57
2023-09-13T18:00:00,5.2
2023-09-13T19:00:00,0.0
2023-09-13T20:00:00,0.0
2023-09-13T21:00:00,0.0
2023-09-13T22:00:00,0.0
2023-09-13T23:00:00,0.0
2023-09-14T00:00:00,0.0
2023-09-14T01:00:00,0.0
2023-09-14T02:00:00,0.0
2023-09-14T03:00:00,0.0
2023-09-14T04:00:00,0.0
2023-09-14T05:00:00,0.0
2023-09-14T06:00:00,19.75
2023-09-14T07:00:00,200.3
2023-09-14T08:00:00,398.15
2023-09-14T09:00:00,583.75
2023-09-14T10:00:00,636.3
2023-09-14T11:00:00,893.85
2023-09-14T12:00:00,943.8
2023-09-14T13:00:00,901.53
2023-09-14T14:00:00,687.88
2023-09-14T15:00:00,509.45
2023-09-14T16:00:00,330.1
2023-09-14T17:00:00,129.9
2023-09-14T18:00:00,5.93
2023-09-14T19:00:00,0.0
2023-09-14T20:00:00,0.0
2023-09-14T21:00:00,0.0
2023-09-14T22:00:00,0.0
2023-09-14T23:00:00,0.0
2023-09-15T00:00:00,0.0
2023-09-15T01:00:00,0.0
2023-09-15T02:00:00,0.0
2023-09-15T03:00:00,0.0
2023-09-15T04:00:00,0.0
2023-09-15T05:00:00,0.0
2023-09-15T06:00:00,23.83
2023-09-15T07:00:00,221.5
2023-09-15T08:00:00,486.42
2023-09-15T09:00:00,702.28
2023-09-15T10:00:00,872.58
2023-09-15T11:00:00,973.12
2023-09-15T12:00:00,986.4
2023-09-15T13:00:00,944.03
2023-09-15T14:00:00,772.6
2023-09-15T15:00:00,612.92
2023-09-15T16:00:00,385.15
2023-09-15T17:00:00,150.25
2023-09-15T18:00:00,6.18
2023-09-15T19:00:00,0.0
2023-09-15T20:00:00,0.0
2023-09-15T21:00:00,0.0
2023-09-15T22:00:00,0.0
2023-09-15T23:00:00,0.0
2023-09-16T00:00:00,0.0
2023-09-16T01:00:00,0.0
2023-09-16T02:00:00,0.0
2023-09-16T03:00:00,0.0
2023-09-16T04:00:00,0.0
2023-09-16T05:00:00,0.0
2023-09-16T06:00:00,14.25
2023-09-16T07:00:00,136.68
2023-09-16T08:00:00,327.12
2023-09-16T09:00:00,446.38
2023-09-16T10:00:00,653.78
2023-09-16T11:00:00,750.22
2023-09-16T12:00:00,771.62
2023-09-16T13:00:00,704.58
2023-09-16T14:00:00,611.33
2023-09-16T15:00:00,468.58
2023-09-16T16:00:00,268.8
2023-09-16T17:00:00,93.7
2023-09-16T18:00:00,4.9
2023-09-16T19:00:00,0.0
2023-09-16T20:00:00,0.0
2023-09-16T21:00:00,0.0
2023-09-16T22:00:00,0.0
2023-09-16T23:00:00,0.0
2023-09-17T00:00:00,0.0
2023-09-17T01:00:00,0.0
2023-09-17T02:00:00,0.0
2023-09-17T03:00:00,0.0
2023-09-17T04:00:00,0.0
2023-09-17T05:00:00,0.0
2023-09-17T06:00:00,21.08
2023-09-17T07:00:00,182.62
2023-09-17T08:00:00,356.48
2023-09-17T09:00:00,326.17
2023-09-17T10:00:00,338.77
2023-09-17T11:00:00,110.43
2023-09-17T12:00:00,110.35
2023-09-17T13:00:00,232.57
2023-09-17T14:00:00,235.02
2023-09-17T15:00:00,257.17
2023-09-17T16:00:00,140.02
2023-09-17T17:00:00,53.8
2023-09-17T18:00:00,3.42
2023-09-17T19:00:00,0.0
2023-09-17T20:00:00,0.0
2023-09-17T21:00:00,0.0
2023-09-17T22:00:00,0.0
2023-09-17T23:00:00,0.0
2023-09-18T00:00:00,0.0
2023-09-18T01:00:00,0.0
2023-09-18T02:00:00,0.0
2023-09-18T03:00:00,0.0
2023-09-18T04:00:00,0.0
2023-09-18T05:00:00,0.0
2023-09-18T06:00:00,13.95
2023-09-18T07:00:00,137.48
2023-09-18T08:00:00,343.48
2023-09-18T09:00:00,516.78
2023-09-18T10:00:00,676.47
2023-09-18T11:00:00,718.08
2023-09-18T12:00:00,735.47
2023-09-18T13:00:00,723.85
2023-09-18T14:00:00,653.33
2023-09-18T15:00:00,455.8
2023-09-18T16:00:00,264.45
2023-09-18T17:00:00,84.1
2023-09-18T18:00:00,3.83
2023-09-18T19:00:00,0.0
2023-09-18T20:00:00,0.0
2023-09-18T21:00:00,0.0
2023-09-18T22:00:00,0.0
2023-09-18T23:00:00,0.0
2023-09-19T00:00:00,0.0
2023-09-19T01:00:00,0.0
2023-09-19T02:00:00,0.0
2023-09-19T03:00:00,0.0
2023-09-19T04:00:00,0.0
2023-09-19T05:00:00,0.0
2023-09-19T06:00:00,21.62
2023-09-19T07:00:00,171.57
2023-09-19T08:00:00,361.25
2023-09-19T09:00:00,544.88
2023-09-19T10:00:00,682.35
2023-09-19T11:00:00,800.5
2023-09-19T12:00:00,741.47
2023-09-19T13:00:00,730.95
2023-09-19T14:00:00,634.88
2023-09-19T15:00:00,485.12
2023-09-19T16:00:00,288.8
2023-09-19T17:00:00,95.28
2023-09-19T18:00:00,4.38
2023-09-19T19:00:00,0.0
2023-09-19T20:00:00,0.0
2023-09-19T21:00:00,0.0
2023-09-19T22:00:00,0.0
2023-09-19T23:00:00,0.0
2023-09-20T00:00:00,0.0
2023-09-20T01:00:00,0.0
2023-09-20T02:00:00,0.0
2023-09-20T03:00:00,0.0
2023-09-20T04:00:00,0.0
2023-09-20T05:00:00,0.0
2023-09-20T06:00:00,22.05
2023-09-20T07:00:00,195.93
2023-09-20T08:00:00,422.83
2023-09-20T09:00:00,623.22
2023-09-20T10:00:00,787.75
2023-09-20T11:00:00,891.78
2023-09-20T12:00:00,889.12
2023-09-20T13:00:00,781.65
2023-09-20T14:00:00,646.8
2023-09-20T15:00:00,448.52
2023-09-20T16:00:00,255.0
2023-09-20T17:00:00,97.15
2023-09-20T18:00:00,2.85
2023-09-20T19:00:00,0.0
2023-09-20T20:00:00,0.0
2023-09-20T21:00:00,0.0
2023-09-20T22:00:00,0.0
2023-09-20T23:00:00,0.0
2023-09-21T00:00:00,0.0
2023-09-21T01:00:00,0.0
2023-09-21T02:00:00,0.0
2023-09-21T03:00:00,0.0
2023-09-21T04:00:00,0.0
2023-09-21T05:00:00,0.0
2023-09-21T06:00:00,10.73
2023-09-21T07:00:00,115.53
2023-09-21T08:00:00,222.12
2023-09-21T09:00:00,359.5
2023-09-21T10:00:00,458.17
2023-09-21T11:00:00,485.5
2023-09-21T12:00:00,560.2
2023-09-21T13:00:00,582.28
2023-09-21T14:00:00,361.2
2023-09-21T15:00:00,243.0
2023-09-21T16:00:00,151.9
2023-09-21T17:00:00,52.6
2023-09-21T18:00:00,3.03
2023-09-21T19:00:00,0.0
2023-09-21T20:00:00,0.0
2023-09-21T21:00:00,0.0
2023-09-21T22:00:00,0.0
2023-09-21T23:00:00,0.0
2023-09-22T00:00:00,0.0
2023-09-22T01:00:00,0.0
2023-09-22T02:00:00,0.0
2023-09-22T03:00:00,0.0
2023-09-22T04:00:00,0.0
2023-09-22T05:00:00,0.0
2023-09-22T06:00:00,20.15
2023-09-22T07:00:00,190.5
2023-09-22T08:00:00,424.77
2023-09-22T09:00:00,618.35
2023-09-22T10:00:00,797.53
2023-09-22T11:00:00,910.17
2023-09-22T12:00:00,839.95
2023-09-22T13:00:00,912.92
2023-09-22T14:00:00,785.2
2023-09-22T15:00:00,542.65
2023-09-22T16:00:00,327.12
2023-09-22T17:00:00,117.5
2023-09-22T18:00:00,4.03
2023-09-22T19:00:00,0.0
2023-09-22T20:00:00,0.0
2023-09-22T21:00:00,0.0
2023-09-22T22:00:00,0.0
2023-09-22T23:00:00,0.0
2023-09-23T00:00:00,0.0
2023-09-23T01:00:00,0.0
2023-09-23T02:00:00,0.0
2023-09-23T03:00:00,0.0
2023-09-23T04:00:00,0.0
2023-09-23T05:00:00,0.0
2023-09-23T06:00:00,18.55
2023-09-23T07:00:00,155.68
2023-09-23T08:00:00,363.02
2023-09-23T09:00:00,579.7
2023-09-23T10:00:00,745.3
2023-09-23T11:00:00,843.85
2023-09-23T12:00:00,849.55
2023-09-23T13:00:00,823.1
2023-09-23T14:00:00,790.5
2023-09-23T15:00:00,589.53
2023-09-23T16:00:00,367.67
2023-09-23T17:00:00,136.57
2023-09-23T18:00:00,4.45
2023-09-23T19:00:00,0.0
2023-09-23T20:00:00,0.0
2023-09-23T21:00:00,0.0
2023-09-23T22:00:00,0.0
2023-09-23T23:00:00,0.0
2023-09-24T00:00:00,0.0
2023-09-24T01:00:00,0.0
2023-09-24T02:00:00,0.0
2023-09-24T03:00:00,0.0
2023-09-24T04:00:00,0.0
2023-09-24T05:00:00,0.0
2023-09-24T06:00:00,28.27
2023-09-24T07:00:00,225.68
2023-09-24T08:00:00,448.1
2023-09-24T09:00:00,671.83
2023-09-24T10:00:00,826.15
2023-09-24T11:00:00,921.33
2023-09-24T12:00:00,891.72
2023-09-24T13:00:00,623.58
2023-09-24T14:00:00,569.67
2023-09-24T15:00:00,388.77
2023-09-24T16:00:00,224.27
2023-09-24T17:00:00,73.1
2023-09-24T18:00:00,3.22
2023-09-24T19:00:00,0.0
2023-09-24T20:00:00,0.0
2023-09-24T21:00:00,0.0
2023-09-24T22:00:00,0.0
2023-09-24T23:00:00,0.0
2023-09-25T00:00:00,0.0
2023-09-25T01:00:00,0.0
2023-09-25T02:00:00,0.0
2023-09-25T03:00:00,0.0
2023-09-25T04:00:00,0.0
2023-09-25T05:00:00,0.0
2023-09-25T06:00:00,7.07
2023-09-25T07:00:00,69.28
2023-09-25T08:00:00,145.95
2023-09-25T09:00:00,244.32
2023-09-25T10:00:00,334.48
2023-09-25T11:00:00,466.9
2023-09-25T12:00:00,357.42
2023-09-25T13:00:00,325.08
2023-09-25T14:00:00,334.88
2023-09-25T15:00:00,253.48
2023-09-25T16:00:00,129.6
2023-09-25T17:00:00,35.17
2023-09-25T18:00:00,2.53
2023-09-25T19:00:00,0.0
2023-09-25T20:00:00,0.0
2023-09-25T21:00:00,0.0
2023-09-25T22:00:00,0.0
2023-09-25T23:00:00,0.0
2023-09-26T00:00:00,0.0
2023-09-26T01:00:00,0.0
2023-09-26T02:00:00,0.0
2023-09-26T03:00:00,0.0
2023-09-26T04:00:00,0.0
2023-09-26T05:00:00,0.0
2023-09-26T06:00:00,26.27
2023-09-26T07:00:00,210.8
2023-09-26T08:00:00,438.83
2023-09-26T09:00:00,628.88
2023-09-26T10:00:00,801.03
2023-09-26T11:00:00,928.83
2023-09-26T12:00:00,961.95
2023-09-26T13:00:00,910.83
2023-09-26T14:00:00,765.97
2023-09-26T15:00:00,563.05
2023-09-26T16:00:00,345.67
2023-09-26T17:00:00,122.82
2023-09-26T18:00:00,3.92
2023-09-26T19:00:00,0.0
2023-09-26T20:00:00,0.0
2023-09-26T21:00:00,0.0
2023-09-26T22:00:00,0.0
2023-09-26T23:00:00,0.0
2023-09-27T00:00:00,0.0
2023-09-27T01:00:00,0.0
2023-09-27T02:00:00,0.0
2023-09-27T03:00:00,0.0
2023-09-27T04:00:00,0.0
2023-09-27T05:00:00,0.0
2023-09-27T06:00:00,24.45
2023-09-27T07:00:00,239.25
2023-09-27T08:00:00,449.1
2023-09-27T09:00:00,614.33
2023-09-27T10:00:00,809.1
2023-09-27T11:00:00,941.97
2023-09-27T12:00:00,924.42
2023-09-27T13:00:00,870.62
2023-09-27T14:00:00,708.53
2023-09-27T15:00:00,601.33
2023-09-27T16:00:00,369.15
2023-09-27T17:00:00,128.93
2023-09-27T18:00:00,3.47
2023-09-27T19:00:00,0.0
2023-09-27T20:00:00,0.0
2023-09-27T21:00:00,0.0
2023-09-27T22:00:00,0.0
2023-09-27T23:00:00,0.0
2023-09-28T00:00:00,0.0
2023-09-28T01:00:00,0.0
2023-09-28T02:00:00,0.0
2023-09-28T03:00:00,0.0
2023-09-28T04:00:00,0.0
2023-09-28T05:00:00,0.0
2023-09-28T06:00:00,18.52
2023-09-28T07:00:00,120.53
2023-09-28T08:00:00,339.38
2023-09-28T09:00:00,489.45
2023-09-28T10:00:00,661.3
2023-09-28T11:00:00,740.53
2023-09-28T12:00:00,681.55
2023-09-28T13:00:00,596.35
2023-09-28T14:00:00,584.2
2023-09-28T15:00:00,455.27
2023-09-28T16:00:00,250.75
2023-09-28T17:00:00,71.88
2023-09-28T18:00:00,2.83
2023-09-28T19:00:00,0.0
2023-09-28T20:00:00,0.0
2023-09-28T21:00:00,0.0
2023-09-28T22:00:00,0.0
2023-09-28T23:00:00,0.0
2023-09-29T00:00:00,0.0
2023-09-29T01:00:00,0.0
2023-09-29T02:00:00,0.0
2023-09-29T03:00:00,0.0
2023-09-29T04:00:00,0.0
2023-09-29T05:00:00,0.0
2023-09-29T06:00:00,6.7
2023-09-29T07:00:00,44.4
2023-09-29T08:00:00,83.72
2023-09-29T09:00:00,166.82
2023-09-29T10:00:00,211.73
2023-09-29T11:00:00,263.9
2023-09-29T12:00:00,238.2
2023-09-29T13:00:00,303.7
2023-09-29T14:00:00,279.2
2023-09-29T15:00:00,280.73
2023-09-29T16:00:00,157.55
2023-09-29T17:00:00,59.55
2023-09-29T18:00:00,0.0
2023-09-29T19:00:00,0.0
2023-09-29T20:00:00,0.0
2023-09-29T21:00:00,0.0
2023-09-29T22:00:00,0.0
2023-09-29T23:00:00,0.0
2023-09-30T00:00:00,0.0
2023-09-30T01:00:00,0.0
2023-09-30T02:00:00,0.0
2023-09-30T03:00:00,0.0
2023-09-30T04:00:00,0.0
2023-09-30T05:00:00,0.0
2023-09-30T06:00:00,22.83
2023-09-30T07:00:00,199.75
2023-09-30T08:00:00,378.83
2023-09-30T09:00:00,593.6
2023-09-30T10:00:00,772.85
2023-09-30T11:00:00,865.9
2023-09-30T12:00:00,832.22
2023-09-30T13:00:00,829.33
2023-09-30T14:00:00,673.85
2023-09-30T15:00:00,435.83
2023-09-30T16:00:00,270.38
2023-09-30T17:00:00,107.62
2023-09-30T18:00:00,0.0
2023-09-30T19:00:00,0.0
2023-09-30T20:00:00,0.0
2023-09-30T21:00:00,0.0
2023-09-30T22:00:00,0.0
2023-09-30T23:00:00,0.0
2023-10-01T00:00:00,0.0
2023-10-01T01:00:00,0.0
2023-10-01T02:00:00,0.0
2023-10-01T03:00:00,0.0
2023-10-01T04:00:00,0.0
2023-10-01T05:00:00,0.0
2023-10-01T06:00:00,27.1
2023-10-01T07:00:00,229.8
2023-10-01T08:00:00,436.45
2023-10-01T09:00:00,598.42
2023-10-01T10:00:00,772.58
2023-10-01T11:00:00,943.33
2023-10-01T12:00:00,924.33
2023-10-01T13:00:00,840.0
2023-10-01T14:00:00,792.53
2023-10-01T15:00:00,586.47
2023-10-01T16:00:00,363.48
2023-10-01T17:00:00,135.27
2023-10-01T18:00:00,0.0
2023-10-01T19:00:00,0.0
2023-10-01T20:00:00,0.0
2023-10-01T21:00:00,0.0
2023-10-01T22:00:00,0.0
2023-10-01T23:00:00,0.0
2023-10-02T00:00:00,0.0
2023-10-02T01:00:00,0.0
2023-10-02T02:00:00,0.0
2023-10-02T03:00:00,0.0
2023-10-02T04:00:00,0.0
2023-10-02T05:00:00,0.0
2023-10-02T06:00:00,35.53
2023-10-02T07:00:00,256.15
2023-10-02T08:00:00,506.33
2023-10-02T09:00:00,726.25
2023-10-02T10:00:00,892.92
2023-10-02T11:00:00,989.5
2023-10-02T12:00:00,988.12
2023-10-02T13:00:00,934.95
2023-10-02T14:00:00,725.9
2023-10-02T15:00:00,594.97
2023-10-02T16:00:00,372.88
2023-10-02T17:00:00,144.48
2023-10-02T18:00:00,0.0
2023-10-02T19:00:00,0.0
2023-10-02T20:00:00,0.0
2023-10-02T21:00:00,0.0
2023-10-02T22:00:00,0.0
2023-10-02T23:00:00,0.0
2023-10-03T00:00:00,0.0
2023-10-03T01:00:00,0.0
2023-10-03T02:00:00,0.0
2023-10-03T03:00:00,0.0
2023-10-03T04:00:00,0.0
2023-10-03T05:00:00,0.0
2023-10-03T06:00:00,34.7
2023-10-03T07:00:00,245.52
2023-10-03T08:00:00,492.2
2023-10-03T09:00:00,703.42
2023-10-03T10:00:00,868.33
2023-10-03T11:00:00,953.67
2023-10-03T12:00:00,981.42
2023-10-03T13:00:00,906.15
2023-10-03T14:00:00,795.0
2023-10-03T15:00:00,590.35
2023-10-03T16:00:00,359.75
2023-10-03T17:00:00,133.12
2023-10-03T18:00:00,0.0
2023-10-03T19:00:00,0.0
2023-10-03T20:00:00,0.0
2023-10-03T21:00:00,0.0
2023-10-03T22:00:00,0.0
2023-10-03T23:00:00,0.0
2023-10-04T00:00:00,0.0
2023-10-04T01:00:00,0.0
2023-10-04T02:00:00,0.0
2023-10-04T03:00:00,0.0
2023-10-04T04:00:00,0.0
2023-10-04T05:00:00,0.0
2023-10-04T06:00:00,25.92
2023-10-04T07:00:00,148.8
2023-10-04T08:00:00,327.12
2023-10-04T09:00:00,466.48
2023-10-04T10:00:00,587.47
2023-10-04T11:00:00,661.12
2023-10-04T12:00:00,694.5
2023-10-04T13:00:00,665.45
2023-10-04T14:00:00,656.0
2023-10-04T15:00:00,436.77
2023-10-04T16:00:00,270.8
2023-10-04T17:00:00,100.45
2023-10-04T18:00:00,0.0
2023-10-04T19:00:00,0.0
2023-10-04T20:00:00,0.0
2023-10-04T21:00:00,0.0
2023-10-04T22:00:00,0.0
2023-10-04T23:00:00,0.0
2023-10-05T00:00:00,0.0
2023-10-05T01:00:00,0.0
2023-10-05T02:00:00,0.0
2023-10-05T03:00:00,0.0
2023-10-05T04:00:00,0.0
2023-10-05T05:00:00,0.0
2023-10-05T06:00:00,29.7
2023-10-05T07:00:00,222.77
2023-10-05T08:00:00,456.27
2023-10-05T09:00:00,662.5
2023-10-05T10:00:00,811.22
2023-10-05T11:00:00,942.03
2023-10-05T12:00:00,963.25
2023-10-05T13:00:00,891.88
2023-10-05T14:00:00,746.5
2023-10-05T15:00:00,550.83
2023-10-05T16:00:00,323.92
2023-10-05T17:00:00,106.05
2023-10-05T18:00:00,0.0
2023-10-05T19:00:00,0.0
2023-10-05T20:00:00,0.0
2023-10-05T21:00:00,0.0
2023-10-05T22:00:00,0.0
2023-10-05T23:00:00,0.0
2023-10-06T00:00:00,0.0
2023-10-06T01:00:00,0.0
2023-10-06T02:00:00,0.0
2023-10-06T03:00:00,0.0
2023-10-06T04:00:00,0.0
2023-10-06T05:00:00,0.0
2023-10-06T06:00:00,23.27
2023-10-06T07:00:00,185.8
2023-10-06T08:00:00,383.8
2023-10-06T09:00:00,580.08
2023-10-06T10:00:00,740.2
2023-10-06T11:00:00,827.83
2023-10-06T12:00:00,850.05
2023-10-06T13:00:00,841.9
2023-10-06T14:00:00,752.05
2023-10-06T15:00:00,556.8
2023-10-06T16:00:00,335.98
2023-10-06T17:00:00,111.25
2023-10-06T18:00:00,0.0
2023-10-06T19:00:00,0.0
2023-10-06T20:00:00,0.0
2023-10-06T21:00:00,0.0
2023-10-06T22:00:00,0.0
2023-10-06T23:00:00,0.0
2023-10-07T00:00:00,0.0
2023-10-07T01:00:00,0.0
2023-10-07T02:00:00,0.0
2023-10-07T03:00:00,0.0
2023-10-07T04:00:00,0.0
2023-10-07T05:00:00,0.0
2023-10-07T06:00:00,6.93
2023-10-07T07:00:00,62.15
2023-10-07T08:00:00,212.9
2023-10-07T09:00:00,247.75
2023-10-07T10:00:00,311.08
2023-10-07T11:00:00,345.88
2023-10-07T12:00:00,385.15
2023-10-07T13:00:00,433.25
2023-10-07T14:00:00,456.88
2023-10-07T15:00:00,332.62
2023-10-07T16:00:00,179.8
2023-10-07T17:00:00,68.35
2023-10-07T18:00:00,0.0
2023-10-07T19:00:00,0.0
2023-10-07T20:00:00,0.0
2023-10-07T21:00:00,0.0
2023-10-07T22:00:00,0.0
2023-10-07T23:00:00,0.0
2023-10-08T00:00:00,0.0
2023-10-08T01:00:00,0.0
2023-10-08T02:00:00,0.0
2023-10-08T03:00:00,0.0
2023-10-08T04:00:00,0.0
2023-10-08T05:00:00,0.0
2023-10-08T06:00:00,34.42
2023-10-08T07:00:00,229.85
2023-10-08T08:00:00,417.45
2023-10-08T09:00:00,564.47
2023-10-08T10:00:00,731.62
2023-10-08T11:00:00,886.6
2023-10-08T12:00:00,925.28
2023-10-08T13:00:00,792.85
2023-10-08T14:00:00,744.53
2023-10-08T15:00:00,505.52
2023-10-08T16:00:00,302.42
2023-10-08T17:00:00,98.5
2023-10-08T18:00:00,0.0
2023-10-08T19:00:00,0.0
2023-10-08T20:00:00,0.0
2023-10-08T21:00:00,0.0
2023-10-08T22:00:00,0.0
2023-10-08T23:00:00,0.0
2023-10-09T00:00:00,0.0
2023-10-09T01:00:00,0.0
2023-10-09T02:00:00,0.0
2023-10-09T03:00:00,0.0
2023-10-09T04:00:00,0.0
2023-10-09T05:00:00,0.0
2023-10-09T06:00:00,28.33
2023-10-09T07:00:00,195.23
2023-10-09T08:00:00,415.05
2023-10-09T09:00:00,607.95
2023-10-09T10:00:00,781.4
2023-10-09T11:00:00,880.17
2023-10-09T12:00:00,945.15
2023-10-09T13:00:00,869.6
2023-10-09T14:00:00,790.45
2023-10-09T15:00:00,557.72
2023-10-09T16:00:00,345.05
2023-10-09T17:00:00,116.3
2023-10-09T18:00:00,0.0
2023-10-09T19:00:00,0.0
2023-10-09T20:00:00,0.0
2023-10-09T21:00:00,0.0
2023-10-09T22:00:00,0.0
2023-10-09T23:00:00,0.0
2023-10-10T00:00:00,0.0
2023-10-10T01:00:00,0.0
2023-10-10T02:00:00,0.0
2023-10-10T03:00:00,0.0
2023-10-10T04:00:00,0.0
2023-10-10T05:00:00,0.0
2023-10-10T06:00:00,36.2
2023-10-10T07:00:00,237.07
2023-10-10T08:00:00,467.27
2023-10-10T09:00:00,667.28
2023-10-10T10:00:00,825.8
2023-10-10T11:00:00,888.17
2023-10-10T12:00:00,920.53
2023-10-10T13:00:00,806.6
2023-10-10T14:00:00,749.45
2023-10-10T15:00:00,549.58
2023-10-10T16:00:00,303.75
2023-10-10T17:00:00,106.05
2023-10-10T18:00:00,0.0
2023-10-10T19:00:00,0.0
2023-10-10T20:00:00,0.0
2023-10-10T21:00:00,0.0
2023-10-10T22:00:00,0.0
2023-10-10T23:00:00,0.0
2023-10-11T00:00:00,0.0
2023-10-11T01:00:00,0.0
2023-10-11T02:00:00,0.0
2023-10-11T03:00:00,0.0
2023-10-11T04:00:00,0.0
2023-10-11T05:00:00,0.0
2023-10-11T06:00:00,22.33
2023-10-11T07:00:00,176.32
2023-10-11T08:00:00,340.12
2023-10-11T09:00:00,473.02
2023-10-11T10:00:00,566.7
2023-10-11T11:00:00,697.12
2023-10-11T12:00:00,835.72
2023-10-11T13:00:00,902.6
2023-10-11T14:00:00,734.5
2023-10-11T15:00:00,554.88
2023-10-11T16:00:00,342.02
2023-10-11T17:00:00,114.9
2023-10-11T18:00:00,0.0
2023-10-11T19:00:00,0.0
2023-10-11T20:00:00,0.0
2023-10-11T21:00:00,0.0
2023-10-11T22:00:00,0.0
2023-10-11T23:00:00,0.0
2023-10-12T00:00:00,0.0
2023-10-12T01:00:00,0.0
2023-10-12T02:00:00,0.0
2023-10-12T03:00:00,0.0
2023-10-12T04:00:00,0.0
2023-10-12T05:00:00,0.0
2023-10-12T06:00:00,37.15
2023-10-12T07:00:00,244.57
2023-10-12T08:00:00,484.48
2023-10-12T09:00:00,685.9
2023-10-12T10:00:00,836.42
2023-10-12T11:00:00,922.92
2023-10-12T12:00:00,931.78
2023-10-12T13:00:00,881.12
2023-10-12T14:00:00,728.33
2023-10-12T15:00:00,538.53
2023-10-12T16:00:00,323.62
2023-10-12T17:00:00,105.7
2023-10-12T18:00:00,0.0
2023-10-12T19:00:00,0.0
2023-10-12T20:00:00,0.0
2023-10-12T21:00:00,0.0
2023-10-12T22:00:00,0.0
2023-10-12T23:00:00,0.0
2023-10-13T00:00:00,0.0
2023-10-13T01:00:00,0.0
2023-10-13T02:00:00,0.0
2023-10-13T03:00:00,0.0
2023-10-13T04:00:00,0.0
2023-10-13T05:00:00,0.0
2023-10-13T06:00:00,43.03
2023-10-13T07:00:00,282.42
2023-10-13T08:00:00,529.78
2023-10-13T09:00:00,744.92
2023-10-13T10:00:00,902.6
2023-10-13T11:00:00,984.8
2023-10-13T12:00:00,991.95
2023-10-13T13:00:00,908.72
2023-10-13T14:00:00,788.88
2023-10-13T15:00:00,592.53
2023-10-13T16:00:00,347.52
2023-10-13T17:00:00,115.0
2023-10-13T18:00:00,0.0
2023-10-13T19:00:00,0.0
2023-10-13T20:00:00,0.0
2023-10-13T21:00:00,0.0
2023-10-13T22:00:00,0.0
2023-10-13T23:00:00,0.0
2023-10-14T00:00:00,0.0
2023-10-14T01:00:00,0.0
2023-10-14T02:00:00,0.0
2023-10-14T03:00:00,0.0
2023-10-14T04:00:00,0.0
2023-10-14T05:00:00,0.0
2023-10-14T06:00:00,31.48
2023-10-14T07:00:00,222.05
2023-10-14T08:00:00,427.33
2023-10-14T09:00:00,625.75
2023-10-14T10:00:00,824.0
2023-10-14T11:00:00,890.3
2023-10-14T12:00:00,948.92
2023-10-14T13:00:00,848.83
2023-10-14T14:00:00,677.7
2023-10-14T15:00:00,493.12
2023-10-14T16:00:00,283.5
2023-10-14T17:00:00,88.8
2023-10-14T18:00:00,0.0
2023-10-14T19:00:00,0.0
2023-10-14T20:00:00,0.0
2023-10-14T21:00:00,0.0
2023-10-14T22:00:00,0.0
2023-10-14T23:00:00,0.0
2023-10-15T00:00:00,0.0
2023-10-15T01:00:00,0.0
2023-10-15T02:00:00,0.0
2023-10-15T03:00:00,0.0
2023-10-15T04:00:00,0.0
2023-10-15T05:00:00,0.0
2023-10-15T06:00:00,36.75
2023-10-15T07:00:00,230.62
2023-10-15T08:00:00,488.08
2023-10-15T09:00:00,692.53
2023-10-15T10:00:00,856.38
2023-10-15T11:00:00,949.85
2023-10-15T12:00:00,936.92
2023-10-15T13:00:00,845.4
2023-10-15T14:00:00,668.47
2023-10-15T15:00:00,495.2
2023-10-15T16:00:00,270.5
2023-10-15T17:00:00,86.1
2023-10-15T18:00:00,0.0
2023-10-15T19:00:00,0.0
2023-10-15T20:00:00,0.0
2023-10-15T21:00:00,0.0
2023-10-15T22:00:00,0.0
2023-10-15T23:00:00,0.0
2023-10-16T00:00:00,0.0
2023-10-16T01:00:00,0.0
2023-10-16T02:00:00,0.0
2023-10-16T03:00:00,0.0
2023-10-16T04:00:00,0.0
2023-10-16T05:00:00,0.0
2023-10-16T06:00:00,24.85
2023-10-16T07:00:00,194.5
2023-10-16T08:00:00,363.3
2023-10-16T09:00:00,472.17
2023-10-16T10:00:00,619.03
2023-10-16T11:00:00,783.53
2023-10-16T12:00:00,759.8
2023-10-16T13:00:00,701.75
2023-10-16T14:00:00,542.97
2023-10-16T15:00:00,388.98
2023-10-16T16:00:00,216.25
2023-10-16T17:00:00,68.82
2023-10-16T18:00:00,0.0
2023-10-16T19:00:00,0.0
2023-10-16T20:00:00,0.0
2023-10-16T21:00:00,0.0
2023-10-16T22:00:00,0.0
2023-10-16T23:00:00,0.0
2023-10-17T00:00:00,0.0
2023-10-17T01:00:00,0.0
2023-10-17T02:00:00,0.0
2023-10-17T03:00:00,0.0
2023-10-17T04:00:00,0.0
2023-10-17T05:00:00,0.0
2023-10-17T06:00:00,19.45
2023-10-17T07:00:00,195.77
2023-10-17T08:00:00,365.42
2023-10-17T09:00:00,483.4
2023-10-17T10:00:00,695.1
2023-10-17T11:00:00,756.58
2023-10-17T12:00:00,733.03
2023-10-17T13:00:00,661.9
2023-10-17T14:00:00,560.75
2023-10-17T15:00:00,425.77
2023-10-17T16:00:00,253.5
2023-10-17T17:00:00,86.38
2023-10-17T18:00:00,0.0
2023-10-17T19:00:00,0.0
2023-10-17T20:00:00,0.0
2023-10-17T21:00:00,0.0
2023-10-17T22:00:00,0.0
2023-10-17T23:00:00,0.0
2023-10-18T00:00:00,0.0
2023-10-18T01:00:00,0.0
2023-10-18T02:00:00,0.0
2023-10-18T03:00:00,0.0
2023-10-18T04:00:00,0.0
2023-10-18T05:00:00,0.0
2023-10-18T06:00:00,21.98
2023-10-18T07:00:00,135.1
2023-10-18T08:00:00,286.08
2023-10-18T09:00:00,432.5
2023-10-18T10:00:00,568.2
2023-10-18T11:00:00,605.3
2023-10-18T12:00:00,591.88
2023-10-18T13:00:00,504.58
2023-10-18T14:00:00,331.05
2023-10-18T15:00:00,147.73
2023-10-18T16:00:00,90.25
2023-10-18T17:00:00,29.25
2023-10-18T18:00:00,0.0
2023-10-18T19:00:00,0.0
2023-10-18T20:00:00,0.0
2023-10-18T21:00:00,0.0
2023-10-18T22:00:00,0.0
2023-10-18T23:00:00,0.0
2023-10-19T00:00:00,0.0
2023-10-19T01:00:00,0.0
2023-10-19T02:00:00,0.0
2023-10-19T03:00:00,0.0
2023-10-19T04:00:00,0.0
2023-10-19T05:00:00,0.0
2023-10-19T06:00:00,4.22
2023-10-19T07:00:00,33.1
2023-10-19T08:00:00,63.95
2023-10-19T09:00:00,120.07
2023-10-19T10:00:00,185.38
2023-10-19T11:00:00,210.05
2023-10-19T12:00:00,257.83
2023-10-19T13:00:00,338.38
2023-10-19T14:00:00,343.75
2023-10-19T15:00:00,279.75
2023-10-19T16:00:00,140.23
2023-10-19T17:00:00,45.95
2023-10-19T18:00:00,0.0
2023-10-19T19:00:00,0.0
2023-10-19T20:00:00,0.0
2023-10-19T21:00:00,0.0
2023-10-19T22:00:00,0.0
2023-10-19T23:00:00,0.0
2023-10-20T00:00:00,0.0
2023-10-20T01:00:00,0.0
2023-10-20T02:00:00,0.0
2023-10-20T03:00:00,0.0
2023-10-20T04:00:00,0.0
2023-10-20T05:00:00,0.0
2023-10-20T06:00:00,6.18
2023-10-20T07:00:00,32.22
2023-10-20T08:00:00,56.88
2023-10-20T09:00:00,86.88
2023-10-20T10:00:00,94.62
2023-10-20T11:00:00,90.0
2023-10-20T12:00:00,71.35
2023-10-20T13:00:00,62.75
2023-10-20T14:00:00,50.7
2023-10-20T15:00:00,58.05
2023-10-20T16:00:00,74.7
2023-10-20T17:00:00,33.17
2023-10-20T18:00:00,0.0
2023-10-20T19:00:00,0.0
2023-10-20T20:00:00,0.0
2023-10-20T21:00:00,0.0
2023-10-20T22:00:00,0.0
2023-10-20T23:00:00,0.0
2023-10-21T00:00:00,0.0
2023-10-21T01:00:00,0.0
2023-10-21T02:00:00,0.0
2023-10-21T03:00:00,0.0
2023-10-21T04:00:00,0.0
2023-10-21T05:00:00,0.0
2023-10-21T06:00:00,39.38
2023-10-21T07:00:00,235.95
2023-10-21T08:00:00,457.77
2023-10-21T09:00:00,647.05
2023-10-21T10:00:00,794.45
2023-10-21T11:00:00,839.62
2023-10-21T12:00:00,884.28
2023-10-21T13:00:00,787.72
2023-10-21T14:00:00,736.7
2023-10-21T15:00:00,537.03
2023-10-21T16:00:00,316.25
2023-10-21T17:00:00,98.32
2023-10-21T18:00:00,0.0
2023-10-21T19:00:00,0.0
2023-10-21T20:00:00,0.0
2023-10-21T21:00:00,0.0
2023-10-21T22:00:00,0.0
2023-10-21T23:00:00,0.0
2023-10-22T00:00:00,0.0
2023-10-22T01:00:00,0.0
2023-10-22T02:00:00,0.0
2023-10-22T03:00:00,0.0
2023-10-22T04:00:00,0.0
2023-10-22T05:00:00,0.0
2023-10-22T06:00:00,31.62
2023-10-22T07:00:00,185.02
2023-10-22T08:00:00,385.05
2023-10-22T09:00:00,527.5
2023-10-22T10:00:00,648.72
2023-10-22T11:00:00,677.78
2023-10-22T12:00:00,606.67
2023-10-22T13:00:00,468.5
2023-10-22T14:00:00,323.48
2023-10-22T15:00:00,83.18
2023-10-22T16:00:00,64.18
2023-10-22T17:00:00,27.08
2023-10-22T18:00:00,0.0
2023-10-22T19:00:00,0.0
2023-10-22T20:00:00,0.0
2023-10-22T21:00:00,0.0
2023-10-22T22:00:00,0.0
2023-10-22T23:00:00,0.0
2023-10-23T00:00:00,0.0
2023-10-23T01:00:00,0.0
2023-10-23T02:00:00,0.0
2023-10-23T03:00:00,0.0
2023-10-23T04:00:00,0.0
2023-10-23T05:00:00,0.0
2023-10-23T06:00:00,17.88
2023-10-23T07:00:00,115.18
2023-10-23T08:00:00,234.62
2023-10-23T09:00:00,347.0
2023-10-23T10:00:00,463.35
2023-10-23T11:00:00,528.33
2023-10-23T12:00:00,581.75
2023-10-23T13:00:00,567.6
2023-10-23T14:00:00,495.02
2023-10-23T15:00:00,372.25
2023-10-23T16:00:00,207.5
2023-10-23T17:00:00,62.1
2023-10-23T18:00:00,0.0
2023-10-23T19:00:00,0.0
2023-10-23T20:00:00,0.0
2023-10-23T21:00:00,0.0
2023-10-23T22:00:00,0.0
2023-10-23T23:00:00,0.0
2023-10-24T00:00:00,0.0
2023-10-24T01:00:00,0.0
2023-10-24T02:00:00,0.0
2023-10-24T03:00:00,0.0
2023-10-24T04:00:00,0.0
2023-10-24T05:00:00,0.0
2023-10-24T06:00:00,33.38
2023-10-24T07:00:00,221.18
2023-10-24T08:00:00,444.33
2023-10-24T09:00:00,634.83
2023-10-24T10:00:00,791.72
2023-10-24T11:00:00,843.22
2023-10-24T12:00:00,857.08
2023-10-24T13:00:00,857.12
2023-10-24T14:00:00,724.28
2023-10-24T15:00:00,540.3
2023-10-24T16:00:00,313.08
2023-10-24T17:00:00,97.9
2023-10-24T18:00:00,0.0
2023-10-24T19:00:00,0.0
2023-10-24T20:00:00,0.0
2023-10-24T21:00:00,0.0
2023-10-24T22:00:00,0.0
2023-10-24T23:00:00,0.0
2023-10-25T00:00:00,0.0
2023-10-25T01:00:00,0.0
2023-10-25T02:00:00,0.0
2023-10-25T03:00:00,0.0
2023-10-25T04:00:00,0.0
2023-10-25T05:00:00,0.0
2023-10-25T06:00:00,22.35
2023-10-25T07:00:00,135.93
2023-10-25T08:00:00,285.35
2023-10-25T09:00:00,473.65
2023-10-25T10:00:00,649.9
2023-10-25T11:00:00,805.97
2023-10-25T12:00:00,907.28
2023-10-25T13:00:00,865.97
2023-10-25T14:00:00,703.58
2023-10-25T15:00:00,521.83
2023-10-25T16:00:00,301.02
2023-10-25T17:00:00,87.75
2023-10-25T18:00:00,0.0
2023-10-25T19:00:00,0.0
2023-10-25T20:00:00,0.0
2023-10-25T21:00:00,0.0
2023-10-25T22:00:00,0.0
2023-10-25T23:00:00,0.0
2023-10-26T00:00:00,0.0
2023-10-26T01:00:00,0.0
2023-10-26T02:00:00,0.0
2023-10-26T03:00:00,0.0
2023-10-26T04:00:00,0.0
2023-10-26T05:00:00,0.0
2023-10-26T06:00:00,44.42
2023-10-26T07:00:00,260.25
2023-10-26T08:00:00,493.08
2023-10-26T09:00:00,690.17
2023-10-26T10:00:00,848.67
2023-10-26T11:00:00,917.25
2023-10-26T12:00:00,939.42
2023-10-26T13:00:00,853.8
2023-10-26T14:00:00,710.2
2023-10-26T15:00:00,542.65
2023-10-26T16:00:00,298.23
2023-10-26T17:00:00,84.07
2023-10-26T18:00:00,0.0
2023-10-26T19:00:00,0.0
2023-10-26T20:00:00,0.0
2023-10-26T21:00:00,0.0
2023-10-26T22:00:00,0.0
2023-10-26T23:00:00,0.0
2023-10-27T00:00:00,0.0
2023-10-27T01:00:00,0.0
2023-10-27T02:00:00,0.0
2023-10-27T03:00:00,0.0
2023-10-27T04:00:00,0.0
2023-10-27T05:00:00,0.0
2023-10-27T06:00:00,19.67
2023-10-27T07:00:00,136.07
2023-10-27T08:00:00,260.92
2023-10-27T09:00:00,337.98
2023-10-27T10:00:00,412.12
2023-10-27T11:00:00,460.12
2023-10-27T12:00:00,727.33
2023-10-27T13:00:00,817.7
2023-10-27T14:00:00,668.88
2023-10-27T15:00:00,502.88
2023-10-27T16:00:00,275.2
2023-10-27T17:00:00,87.78
2023-10-27T18:00:00,0.0
2023-10-27T19:00:00,0.0
2023-10-27T20:00:00,0.0
2023-10-27T21:00:00,0.0
2023-10-27T22:00:00,0.0
2023-10-27T23:00:00,0.0
2023-10-28T00:00:00,0.0
2023-10-28T01:00:00,0.0
2023-10-28T02:00:00,0.0
2023-10-28T03:00:00,0.0
2023-10-28T04:00:00,0.0
2023-10-28T05:00:00,0.0
2023-10-28T06:00:00,23.42
2023-10-28T07:00:00,161.07
2023-10-28T08:00:00,364.12
2023-10-28T09:00:00,534.75
2023-10-28T10:00:00,684.5
2023-10-28T11:00:00,871.6
2023-10-28T12:00:00,854.83
2023-10-28T13:00:00,870.97
2023-10-28T14:00:00,719.12
2023-10-28T15:00:00,530.5
2023-10-28T16:00:00,323.95
2023-10-28T17:00:00,107.45
2023-10-28T18:00:00,0.0
2023-10-28T19:00:00,0.0
2023-10-28T20:00:00,0.0
2023-10-28T21:00:00,0.0
2023-10-28T22:00:00,0.0
2023-10-28T23:00:00,0.0
2023-10-29T00:00:00,0.0
2023-10-29T01:00:00,0.0
2023-10-29T02:00:00,0.0
2023-10-29T03:00:00,0.0
2023-10-29T04:00:00,0.0
2023-10-29T05:00:00,0.0
2023-10-29T06:00:00,42.45
2023-10-29T07:00:00,250.93
2023-10-29T08:00:00,490.38
2023-10-29T09:00:00,689.72
2023-10-29T10:00:00,838.6
2023-10-29T11:00:00,952.45
2023-10-29T12:00:00,927.38
2023-10-29T13:00:00,906.85
2023-10-29T14:00:00,727.85
2023-10-29T15:00:00,567.03
2023-10-29T16:00:00,341.25
2023-10-29T17:00:00,110.1
2023-10-29T18:00:00,0.0
2023-10-29T19:00:00,0.0
2023-10-29T20:00:00,0.0
2023-10-29T21:00:00,0.0
2023-10-29T22:00:00,0.0
2023-10-29T23:00:00,0.0
2023-10-30T00:00:00,0.0
2023-10-30T01:00:00,0.0
2023-10-30T02:00:00,0.0
2023-10-30T03:00:00,0.0
2023-10-30T04:00:00,0.0
2023-10-30T05:00:00,0.0
2023-10-30T06:00:00,37.9
2023-10-30T07:00:00,233.6
2023-10-30T08:00:00,465.55
2023-10-30T09:00:00,647.67
2023-10-30T10:00:00,805.95
2023-10-30T11:00:00,953.42
2023-10-30T12:00:00,972.12
2023-10-30T13:00:00,886.65
2023-10-30T14:00:00,750.4
2023-10-30T15:00:00,543.12
2023-10-30T16:00:00,305.2
2023-10-30T17:00:00,88.78
2023-10-30T18:00:00,0.0
2023-10-30T19:00:00,0.0
2023-10-30T20:00:00,0.0
2023-10-30T21:00:00,0.0
2023-10-30T22:00:00,0.0
2023-10-30T23:00:00,0.0
2023-10-31T00:00:00,0.0
2023-10-31T01:00:00,0.0
2023-10-31T02:00:00,0.0
2023-10-31T03:00:00,0.0
2023-10-31T04:00:00,0.0
2023-10-31T05:00:00,0.0
2023-10-31T06:00:00,10.12
2023-10-31T07:00:00,73.15
2023-10-31T08:00:00,163.07
2023-10-31T09:00:00,319.8
2023-10-31T10:00:00,509.92
2023-10-31T11:00:00,711.58
2023-10-31T12:00:00,771.17
2023-10-31T13:00:00,795.3
2023-10-31T14:00:00,694.83
2023-10-31T15:00:00,510.38
2023-10-31T16:00:00,310.35
2023-10-31T17:00:00,98.2
2023-10-31T18:00:00,0.0
2023-10-31T19:00:00,0.0
2023-10-31T20:00:00,0.0
2023-10-31T21:00:00,0.0
2023-10-31T22:00:00,0.0
2023-10-31T23:00:00,0.0
2023-11-01T00:00:00,0.0
2023-11-01T01:00:00,0.0
2023-11-01T02:00:00,0.0
2023-11-01T03:00:00,0.0
2023-11-01T04:00:00,0.0
2023-11-01T05:00:00,0.0
2023-11-01T06:00:00,27.38
2023-11-01T07:00:00,199.75
2023-11-01T08:00:00,356.25
2023-11-01T09:00:00,606.6
2023-11-01T10:00:00,740.65
2023-11-01T11:00:00,836.67
2023-11-01T12:00:00,923.58
2023-11-01T13:00:00,807.38
2023-11-01T14:00:00,572.55
2023-11-01T15:00:00,400.98
2023-11-01T16:00:00,222.15
2023-11-01T17:00:00,64.18
2023-11-01T18:00:00,0.0
2023-11-01T19:00:00,0.0
2023-11-01T20:00:00,0.0
2023-11-01T21:00:00,0.0
2023-11-01T22:00:00,0.0
2023-11-01T23:00:00,0.0
2023-11-02T00:00:00,0.0
2023-11-02T01:00:00,0.0
2023-11-02T02:00:00,0.0
2023-11-02T03:00:00,0.0
2023-11-02T04:00:00,0.0
2023-11-02T05:00:00,0.0
2023-11-02T06:00:00,21.73
2023-11-02T07:00:00,123.25
2023-11-02T08:00:00,279.6
2023-11-02T09:00:00,417.05
2023-11-02T10:00:00,507.02
2023-11-02T11:00:00,617.6
2023-11-02T12:00:00,727.3
2023-11-02T13:00:00,776.67
2023-11-02T14:00:00,694.55
2023-11-02T15:00:00,493.15
2023-11-02T16:00:00,284.4
2023-11-02T17:00:00,80.55
2023-11-02T18:00:00,0.0
2023-11-02T19:00:00,0.0
2023-11-02T20:00:00,0.0
2023-11-02T21:00:00,0.0
2023-11-02T22:00:00,0.0
2023-11-02T23:00:00,0.0
2023-11-03T00:00:00,0.0
2023-11-03T01:00:00,0.0
2023-11-03T02:00:00,0.0
2023-11-03T03:00:00,0.0
2023-11-03T04:00:00,0.0
2023-11-03T05:00:00,0.0
2023-11-03T06:00:00,11.25
2023-11-03T07:00:00,81.35
2023-11-03T08:00:00,188.27
2023-11-03T09:00:00,321.5
2023-11-03T10:00:00,432.7
2023-11-03T11:00:00,489.25
2023-11-03T12:00:00,537.33
2023-11-03T13:00:00,590.58
2023-11-03T14:00:00,371.42
2023-11-03T15:00:00,302.77
2023-11-03T16:00:00,162.12
2023-11-03T17:00:00,42.33
2023-11-03T18:00:00,0.0
2023-11-03T19:00:00,0.0
2023-11-03T20:00:00,0.0
2023-11-03T21:00:00,0.0
2023-11-03T22:00:00,0.0
2023-11-03T23:00:00,0.0
2023-11-04T00:00:00,0.0
2023-11-04T01:00:00,0.0
2023-11-04T02:00:00,0.0
2023-11-04T03:00:00,0.0
2023-11-04T04:00:00,0.0
2023-11-04T05:00:00,0.0
2023-11-04T06:00:00,41.03
2023-11-04T07:00:00,206.07
2023-11-04T08:00:00,394.25
2023-11-04T09:00:00,483.17
2023-11-04T10:00:00,568.05
2023-11-04T11:00:00,616.12
2023-11-04T12:00:00,587.47
2023-11-04T13:00:00,544.95
2023-11-04T14:00:00,373.73
2023-11-04T15:00:00,300.15
2023-11-04T16:00:00,162.15
2023-11-04T17:00:00,23.52
2023-11-04T18:00:00,0.0
2023-11-04T19:00:00,0.0
2023-11-04T20:00:00,0.0
2023-11-04T21:00:00,0.0
2023-11-04T22:00:00,0.0
2023-11-04T23:00:00,0.0
2023-11-05T00:00:00,0.0
2023-11-05T01:00:00,0.0
2023-11-05T02:00:00,0.0
2023-11-05T03:00:00,0.0
2023-11-05T04:00:00,0.0
2023-11-05T05:00:00,0.0
2023-11-05T06:00:00,20.77
2023-11-05T07:00:00,159.98
2023-11-05T08:00:00,343.1
2023-11-05T09:00:00,554.38
2023-11-05T10:00:00,738.0
2023-11-05T11:00:00,689.72
2023-11-05T12:00:00,642.3
2023-11-05T13:00:00,586.47
2023-11-05T14:00:00,477.27
2023-11-05T15:00:00,341.62
2023-11-05T16:00:00,172.35
2023-11-05T17:00:00,44.08
2023-11-05T18:00:00,0.0
2023-11-05T19:00:00,0.0
2023-11-05T20:00:00,0.0
2023-11-05T21:00:00,0.0
2023-11-05T22:00:00,0.0
2023-11-05T23:00:00,0.0
2023-11-06T00:00:00,0.0
2023-11-06T01:00:00,0.0
2023-11-06T02:00:00,0.0
2023-11-06T03:00:00,0.0
2023-11-06T04:00:00,0.0
2023-11-06T05:00:00,0.0
2023-11-06T06:00:00,35.88
2023-11-06T07:00:00,239.05
2023-11-06T08:00:00,481.38
2023-11-06T09:00:00,690.75
2023-11-06T10:00:00,837.55
2023-11-06T11:00:00,852.3
2023-11-06T12:00:00,770.33
2023-11-06T13:00:00,798.47
2023-11-06T14:00:00,650.22
2023-11-06T15:00:00,499.9
2023-11-06T16:00:00,273.45
2023-11-06T17:00:00,71.78
2023-11-06T18:00:00,0.0
2023-11-06T19:00:00,0.0
2023-11-06T20:00:00,0.0
2023-11-06T21:00:00,0.0
2023-11-06T22:00:00,0.0
2023-11-06T23:00:00,0.0
2023-11-07T00:00:00,0.0
2023-11-07T01:00:00,0.0
2023-11-07T02:00:00,0.0
2023-11-07T03:00:00,0.0
2023-11-07T04:00:00,0.0
2023-11-07T05:00:00,0.0
2023-11-07T06:00:00,23.83
2023-11-07T07:00:00,162.25
2023-11-07T08:00:00,359.62
2023-11-07T09:00:00,587.72
2023-11-07T10:00:00,758.4
2023-11-07T11:00:00,755.7
2023-11-07T12:00:00,652.85
2023-11-07T13:00:00,609.78
2023-11-07T14:00:00,522.17
2023-11-07T15:00:00,370.38
2023-11-07T16:00:00,193.43
2023-11-07T17:00:00,56.15
2023-11-07T18:00:00,0.0
2023-11-07T19:00:00,0.0
2023-11-07T20:00:00,0.0
2023-11-07T21:00:00,0.0
2023-11-07T22:00:00,0.0
2023-11-07T23:00:00,0.0
2023-11-08T00:00:00,0.0
2023-11-08T01:00:00,0.0
2023-11-08T02:00:00,0.0
2023-11-08T03:00:00,0.0
2023-11-08T04:00:00,0.0
2023-11-08T05:00:00,0.0
2023-11-08T06:00:00,38.88
2023-11-08T07:00:00,212.5
2023-11-08T08:00:00,431.58
2023-11-08T09:00:00,617.97
2023-11-08T10:00:00,757.1
2023-11-08T11:00:00,800.65
2023-11-08T12:00:00,793.45
2023-11-08T13:00:00,738.55
2023-11-08T14:00:00,609.05
2023-11-08T15:00:00,428.17
2023-11-08T16:00:00,246.43
2023-11-08T17:00:00,67.05
2023-11-08T18:00:00,0.0
2023-11-08T19:00:00,0.0
2023-11-08T20:00:00,0.0
2023-11-08T21:00:00,0.0
2023-11-08T22:00:00,0.0
2023-11-08T23:00:00,0.0
2023-11-09T00:00:00,0.0
2023-11-09T01:00:00,0.0
2023-11-09T02:00:00,0.0
2023-11-09T03:00:00,0.0
2023-11-09T04:00:00,0.0
2023-11-09T05:00:00,0.0
2023-11-09T06:00:00,39.12
2023-11-09T07:00:00,237.45
2023-11-09T08:00:00,462.7
2023-11-09T09:00:00,648.38
2023-11-09T10:00:00,794.6
2023-11-09T11:00:00,822.6
2023-11-09T12:00:00,778.62
2023-11-09T13:00:00,698.88
2023-11-09T14:00:00,630.35
2023-11-09T15:00:00,422.42
2023-11-09T16:00:00,226.75
2023-11-09T17:00:00,60.4
2023-11-09T18:00:00,0.0
2023-11-09T19:00:00,0.0
2023-11-09T20:00:00,0.0
2023-11-09T21:00:00,0.0
2023-11-09T22:00:00,0.0
2023-11-09T23:00:00,0.0
2023-11-10T00:00:00,0.0
2023-11-10T01:00:00,0.0
2023-11-10T02:00:00,0.0
2023-11-10T03:00:00,0.0
2023-11-10T04:00:00,0.0
2023-11-10T05:00:00,0.0
2023-11-10T06:00:00,22.23
2023-11-10T07:00:00,129.68
2023-11-10T08:00:00,247.02
2023-11-10T09:00:00,444.65
2023-11-10T10:00:00,620.25
2023-11-10T11:00:00,744.03
2023-11-10T12:00:00,777.38
2023-11-10T13:00:00,694.92
2023-11-10T14:00:00,597.58
2023-11-10T15:00:00,399.15
2023-11-10T16:00:00,210.88
2023-11-10T17:00:00,59.3
2023-11-10T18:00:00,0.0
2023-11-10T19:00:00,0.0
2023-11-10T20:00:00,0.0
2023-11-10T21:00:00,0.0
2023-11-10T22:00:00,0.0
2023-11-10T23:00:00,0.0
2023-11-11T00:00:00,0.0
2023-11-11T01:00:00,0.0
2023-11-11T02:00:00,0.0
2023-11-11T03:00:00,0.0
2023-11-11T04:00:00,0.0
2023-11-11T05:00:00,0.0
2023-11-11T06:00:00,15.68
2023-11-11T07:00:00,108.55
2023-11-11T08:00:00,235.2
2023-11-11T09:00:00,399.33
2023-11-11T10:00:00,553.78
2023-11-11T11:00:00,588.1
2023-11-11T12:00:00,616.22
2023-11-11T13:00:00,662.58
2023-11-11T14:00:00,604.67
2023-11-11T15:00:00,463.73
2023-11-11T16:00:00,258.42
2023-11-11T17:00:00,72.38
2023-11-11T18:00:00,0.0
2023-11-11T19:00:00,0.0
2023-11-11T20:00:00,0.0
2023-11-11T21:00:00,0.0
2023-11-11T22:00:00,0.0
2023-11-11T23:00:00,0.0
2023-11-12T00:00:00,0.0
2023-11-12T01:00:00,0.0
2023-11-12T02:00:00,0.0
2023-11-12T03:00:00,0.0
2023-11-12T04:00:00,0.0
2023-11-12T05:00:00,0.0
2023-11-12T06:00:00,19.42
2023-11-12T07:00:00,128.68
2023-11-12T08:00:00,261.23
2023-11-12T09:00:00,310.67
2023-11-12T10:00:00,344.75
2023-11-12T11:00:00,338.92
2023-11-12T12:00:00,314.17
2023-11-12T13:00:00,251.45
2023-11-12T14:00:00,244.6
2023-11-12T15:00:00,202.27
2023-11-12T16:00:00,136.98
2023-11-12T17:00:00,43.15
2023-11-12T18:00:00,0.0
2023-11-12T19:00:00,0.0
2023-11-12T20:00:00,0.0
2023-11-12T21:00:00,0.0
2023-11-12T22:00:00,0.0
2023-11-12T23:00:00,0.0
2023-11-13T00:00:00,0.0
2023-11-13T01:00:00,0.0
2023-11-13T02:00:00,0.0
2023-11-13T03:00:00,0.0
2023-11-13T04:00:00,0.0
2023-11-13T05:00:00,0.0
2023-11-13T06:00:00,19.1
2023-11-13T07:00:00,128.55
2023-11-13T08:00:00,242.2
2023-11-13T09:00:00,280.17
2023-11-13T10:00:00,165.3
2023-11-13T11:00:00,209.0
2023-11-13T12:00:00,344.0
2023-11-13T13:00:00,309.2
2023-11-13T14:00:00,358.77
2023-11-13T15:00:00,273.15
2023-11-13T16:00:00,146.8
2023-11-13T17:00:00,40.88
2023-11-13T18:00:00,0.0
2023-11-13T19:00:00,0.0
2023-11-13T20:00:00,0.0
2023-11-13T21:00:00,0.0
2023-11-13T22:00:00,0.0
2023-11-13T23:00:00,0.0
2023-11-14T00:00:00,0.0
2023-11-14T01:00:00,0.0
2023-11-14T02:00:00,0.0
2023-11-14T03:00:00,0.0
2023-11-14T04:00:00,0.0
2023-11-14T05:00:00,0.0
2023-11-14T06:00:00,25.67
2023-11-14T07:00:00,177.2
2023-11-14T08:00:00,383.25
2023-11-14T09:00:00,562.83
2023-11-14T10:00:00,714.6
2023-11-14T11:00:00,754.88
2023-11-14T12:00:00,671.08
2023-11-14T13:00:00,659.95
2023-11-14T14:00:00,522.42
2023-11-14T15:00:00,341.0
2023-11-14T16:00:00,183.85
2023-11-14T17:00:00,52.45
2023-11-14T18:00:00,0.0
2023-11-14T19:00:00,0.0
2023-11-14T20:00:00,0.0
2023-11-14T21:00:00,0.0
2023-11-14T22:00:00,0.0
2023-11-14T23:00:00,0.0
2023-11-15T00:00:00,0.0
2023-11-15T01:00:00,0.0
2023-11-15T02:00:00,0.0
2023-11-15T03:00:00,0.0
2023-11-15T04:00:00,0.0
2023-11-15T05:00:00,0.0
2023-11-15T06:00:00,5.85
2023-11-15T07:00:00,34.47
2023-11-15T08:00:00,46.72
2023-11-15T09:00:00,90.53
2023-11-15T10:00:00,116.43
2023-11-15T11:00:00,130.52
2023-11-15T12:00:00,156.45
2023-11-15T13:00:00,122.62
2023-11-15T14:00:00,75.85
2023-11-15T15:00:00,82.93
2023-11-15T16:00:00,56.25
2023-11-15T17:00:00,20.4
2023-11-15T18:00:00,0.0
2023-11-15T19:00:00,0.0
2023-11-15T20:00:00,0.0
2023-11-15T21:00:00,0.0
2023-11-15T22:00:00,0.0
2023-11-15T23:00:00,0.0
2023-11-16T00:00:00,0.0
2023-11-16T01:00:00,0.0
2023-11-16T02:00:00,0.0
2023-11-16T03:00:00,0.0
2023-11-16T04:00:00,0.0
2023-11-16T05:00:00,0.0
2023-11-16T06:00:00,33.38
2023-11-16T07:00:00,243.43
2023-11-16T08:00:00,481.85
2023-11-16T09:00:00,698.35
2023-11-16T10:00:00,864.97
2023-11-16T11:00:00,951.9
2023-11-16T12:00:00,964.67
2023-11-16T13:00:00,897.65
2023-11-16T14:00:00,765.05
2023-11-16T15:00:00,574.0
2023-11-16T16:00:00,347.3
2023-11-16T17:00:00,110.47
2023-11-16T18:00:00,0.0
2023-11-16T19:00:00,0.0
2023-11-16T20:00:00,0.0
2023-11-16T21:00:00,0.0
2023-11-16T22:00:00,0.0
2023-11-16T23:00:00,0.0
2023-11-17T00:00:00,0.0
2023-11-17T01:00:00,0.0
2023-11-17T02:00:00,0.0
2023-11-17T03:00:00,0.0
2023-11-17T04:00:00,0.0
2023-11-17T05:00:00,0.0
2023-11-17T06:00:00,37.83
2023-11-17T07:00:00,239.15
2023-11-17T08:00:00,450.4
2023-11-17T09:00:00,640.67
2023-11-17T10:00:00,772.53
2023-11-17T11:00:00,891.4
2023-11-17T12:00:00,947.45
2023-11-17T13:00:00,817.75
2023-11-17T14:00:00,686.53
2023-11-17T15:00:00,529.2
2023-11-17T16:00:00,312.58
2023-11-17T17:00:00,90.0
2023-11-17T18:00:00,0.0
2023-11-17T19:00:00,0.0
2023-11-17T20:00:00,0.0
2023-11-17T21:00:00,0.0
2023-11-17T22:00:00,0.0
2023-11-17T23:00:00,0.0
2023-11-18T00:00:00,0.0
2023-11-18T01:00:00,0.0
2023-11-18T02:00:00,0.0
2023-11-18T03:00:00,0.0
2023-11-18T04:00:00,0.0
2023-11-18T05:00:00,0.0
2023-11-18T06:00:00,36.45
2023-11-18T07:00:00,238.07
2023-11-18T08:00:00,458.45
2023-11-18T09:00:00,674.33
2023-11-18T10:00:00,783.0
2023-11-18T11:00:00,912.5
2023-11-18T12:00:00,955.83
2023-11-18T13:00:00,895.45
2023-11-18T14:00:00,761.5
2023-11-18T15:00:00,577.8
2023-11-18T16:00:00,348.38
2023-11-18T17:00:00,112.45
2023-11-18T18:00:00,0.0
2023-11-18T19:00:00,0.0
2023-11-18T20:00:00,0.0
2023-11-18T21:00:00,0.0
2023-11-18T22:00:00,0.0
2023-11-18T23:00:00,0.0
2023-11-19T00:00:00,0.0
2023-11-19T01:00:00,0.0
2023-11-19T02:00:00,0.0
2023-11-19T03:00:00,0.0
2023-11-19T04:00:00,0.0
2023-11-19T05:00:00,0.0
2023-11-19T06:00:00,39.83
2023-11-19T07:00:00,261.12
2023-11-19T08:00:00,498.05
2023-11-19T09:00:00,700.75
2023-11-19T10:00:00,862.78
2023-11-19T11:00:00,950.6
2023-11-19T12:00:00,967.17
2023-11-19T13:00:00,908.58
2023-11-19T14:00:00,770.88
2023-11-19T15:00:00,581.22
2023-11-19T16:00:00,354.83
2023-11-19T17:00:00,116.75
2023-11-19T18:00:00,0.0
2023-11-19T19:00:00,0.0
2023-11-19T20:00:00,0.0
2023-11-19T21:00:00,0.0
2023-11-19T22:00:00,0.0
2023-11-19T23:00:00,0.0
2023-11-20T00:00:00,0.0
2023-11-20T01:00:00,0.0
2023-11-20T02:00:00,0.0
2023-11-20T03:00:00,0.0
2023-11-20T04:00:00,0.0
2023-11-20T05:00:00,0.0
2023-11-20T06:00:00,41.17
2023-11-20T07:00:00,265.23
2023-11-20T08:00:00,502.05
2023-11-20T09:00:00,711.28
2023-11-20T10:00:00,872.3
2023-11-20T11:00:00,957.38
2023-11-20T12:00:00,972.78
2023-11-20T13:00:00,882.62
2023-11-20T14:00:00,770.58
2023-11-20T15:00:00,562.3
2023-11-20T16:00:00,332.05
2023-11-20T17:00:00,101.9
2023-11-20T18:00:00,0.0
2023-11-20T19:00:00,0.0
2023-11-20T20:00:00,0.0
2023-11-20T21:00:00,0.0
2023-11-20T22:00:00,0.0
2023-11-20T23:00:00,0.0
2023-11-21T00:00:00,0.0
2023-11-21T01:00:00,0.0
2023-11-21T02:00:00,0.0
2023-11-21T03:00:00,0.0
2023-11-21T04:00:00,0.0
2023-11-21T05:00:00,0.0
2023-11-21T06:00:00,28.0
2023-11-21T07:00:00,179.57
2023-11-21T08:00:00,372.9
2023-11-21T09:00:00,574.47
2023-11-21T10:00:00,730.4
2023-11-21T11:00:00,809.8
2023-11-21T12:00:00,831.03
2023-11-21T13:00:00,843.7
2023-11-21T14:00:00,696.45
2023-11-21T15:00:00,496.15
2023-11-21T16:00:00,288.95
2023-11-21T17:00:00,94.1
2023-11-21T18:00:00,0.0
2023-11-21T19:00:00,0.0
2023-11-21T20:00:00,0.0
2023-11-21T21:00:00,0.0
2023-11-21T22:00:00,0.0
2023-11-21T23:00:00,0.0
2023-11-22T00:00:00,0.0
2023-11-22T01:00:00,0.0
2023-11-22T02:00:00,0.0
2023-11-22T03:00:00,0.0
2023-11-22T04:00:00,0.0
2023-11-22T05:00:00,0.0
2023-11-22T06:00:00,35.42
2023-11-22T07:00:00,219.12
2023-11-22T08:00:00,427.08
2023-11-22T09:00:00,645.25
2023-11-22T10:00:00,833.08
2023-11-22T11:00:00,930.9
2023-11-22T12:00:00,950.7
2023-11-22T13:00:00,894.08
2023-11-22T14:00:00,754.92
2023-11-22T15:00:00,552.42
2023-11-22T16:00:00,329.23
2023-11-22T17:00:00,104.55
2023-11-22T18:00:00,0.0
2023-11-22T19:00:00,0.0
2023-11-22T20:00:00,0.0
2023-11-22T21:00:00,0.0
2023-11-22T22:00:00,0.0
2023-11-22T23:00:00,0.0
2023-11-23T00:00:00,0.0
2023-11-23T01:00:00,0.0
2023-11-23T02:00:00,0.0
2023-11-23T03:00:00,0.0
2023-11-23T04:00:00,0.0
2023-11-23T05:00:00,0.0
2023-11-23T06:00:00,32.15
2023-11-23T07:00:00,237.32
2023-11-23T08:00:00,452.12
2023-11-23T09:00:00,670.65
2023-11-23T10:00:00,816.97
2023-11-23T11:00:00,889.62
2023-11-23T12:00:00,924.38
2023-11-23T13:00:00,782.12
2023-11-23T14:00:00,678.95
2023-11-23T15:00:00,493.45
2023-11-23T16:00:00,290.92
2023-11-23T17:00:00,101.32
2023-11-23T18:00:00,0.0
2023-11-23T19:00:00,0.0
2023-11-23T20:00:00,0.0
2023-11-23T21:00:00,0.0
2023-11-23T22:00:00,0.0
2023-11-23T23:00:00,0.0
2023-11-24T00:00:00,0.0
2023-11-24T01:00:00,0.0
2023-11-24T02:00:00,0.0
2023-11-24T03:00:00,0.0
2023-11-24T04:00:00,0.0
2023-11-24T05:00:00,0.0
2023-11-24T06:00:00,33.85
2023-11-24T07:00:00,241.4
2023-11-24T08:00:00,482.38
2023-11-24T09:00:00,690.7
2023-11-24T10:00:00,837.8
2023-11-24T11:00:00,913.95
2023-11-24T12:00:00,936.83
2023-11-24T13:00:00,876.05
2023-11-24T14:00:00,730.12
2023-11-24T15:00:00,565.47
2023-11-24T16:00:00,340.6
2023-11-24T17:00:00,116.8
2023-11-24T18:00:00,0.0
2023-11-24T19:00:00,0.0
2023-11-24T20:00:00,0.0
2023-11-24T21:00:00,0.0
2023-11-24T22:00:00,0.0
2023-11-24T23:00:00,0.0
2023-11-25T00:00:00,0.0
2023-11-25T01:00:00,0.0
2023-11-25T02:00:00,0.0
2023-11-25T03:00:00,0.0
2023-11-25T04:00:00,0.0
2023-11-25T05:00:00,0.0
2023-11-25T06:00:00,27.77
2023-11-25T07:00:00,213.07
2023-11-25T08:00:00,440.33
2023-11-25T09:00:00,650.33
2023-11-25T10:00:00,777.88
2023-11-25T11:00:00,842.7
2023-11-25T12:00:00,908.6
2023-11-25T13:00:00,847.62
2023-11-25T14:00:00,735.28
2023-11-25T15:00:00,546.58
2023-11-25T16:00:00,327.45
2023-11-25T17:00:00,108.93
2023-11-25T18:00:00,0.0
2023-11-25T19:00:00,0.0
2023-11-25T20:00:00,0.0
2023-11-25T21:00:00,0.0
2023-11-25T22:00:00,0.0
2023-11-25T23:00:00,0.0
2023-11-26T00:00:00,0.0
2023-11-26T01:00:00,0.0
2023-11-26T02:00:00,0.0
2023-11-26T03:00:00,0.0
2023-11-26T04:00:00,0.0
2023-11-26T05:00:00,0.0
2023-11-26T06:00:00,22.9
2023-11-26T07:00:00,164.85
2023-11-26T08:00:00,341.33
2023-11-26T09:00:00,589.6
2023-11-26T10:00:00,750.05
2023-11-26T11:00:00,864.83
2023-11-26T12:00:00,912.92
2023-11-26T13:00:00,878.67
2023-11-26T14:00:00,724.38
2023-11-26T15:00:00,551.95
2023-11-26T16:00:00,330.88
2023-11-26T17:00:00,105.32
2023-11-26T18:00:00,0.0
2023-11-26T19:00:00,0.0
2023-11-26T20:00:00,0.0
2023-11-26T21:00:00,0.0
2023-11-26T22:00:00,0.0
2023-11-26T23:00:00,0.0
2023-11-27T00:00:00,0.0
2023-11-27T01:00:00,0.0
2023-11-27T02:00:00,0.0
2023-11-27T03:00:00,0.0
2023-11-27T04:00:00,0.0
2023-11-27T05:00:00,0.0
2023-11-27T06:00:00,13.7
2023-11-27T07:00:00,107.65
2023-11-27T08:00:00,208.0
2023-11-27T09:00:00,397.3
2023-11-27T10:00:00,361.38
2023-11-27T11:00:00,421.95
2023-11-27T12:00:00,424.23
2023-11-27T13:00:00,521.78
2023-11-27T14:00:00,452.65
2023-11-27T15:00:00,394.58
2023-11-27T16:00:00,222.8
2023-11-27T17:00:00,67.57
2023-11-27T18:00:00,0.0
2023-11-27T19:00:00,0.0
2023-11-27T20:00:00,0.0
2023-11-27T21:00:00,0.0
2023-11-27T22:00:00,0.0
2023-11-27T23:00:00,0.0
2023-11-28T00:00:00,0.0
2023-11-28T01:00:00,0.0
2023-11-28T02:00:00,0.0
2023-11-28T03:00:00,0.0
2023-11-28T04:00:00,0.0
2023-11-28T05:00:00,0.0
2023-11-28T06:00:00,32.47
2023-11-28T07:00:00,239.93
2023-11-28T08:00:00,475.1
2023-11-28T09:00:00,679.92
2023-11-28T10:00:00,828.65
2023-11-28T11:00:00,899.4
2023-11-28T12:00:00,923.45
2023-11-28T13:00:00,882.12
2023-11-28T14:00:00,763.2
2023-11-28T15:00:00,578.25
2023-11-28T16:00:00,350.25
2023-11-28T17:00:00,121.15
2023-11-28T18:00:00,0.0
2023-11-28T19:00:00,0.0
2023-11-28T20:00:00,0.0
2023-11-28T21:00:00,0.0
2023-11-28T22:00:00,0.0
2023-11-28T23:00:00,0.0
2023-11-29T00:00:00,0.0
2023-11-29T01:00:00,0.0
2023-11-29T02:00:00,0.0
2023-11-29T03:00:00,0.0
2023-11-29T04:00:00,0.0
2023-11-29T05:00:00,0.0
2023-11-29T06:00:00,31.62
2023-11-29T07:00:00,226.02
2023-11-29T08:00:00,444.05
2023-11-29T09:00:00,660.45
2023-11-29T10:00:00,793.58
2023-11-29T11:00:00,860.6
2023-11-29T12:00:00,896.08
2023-11-29T13:00:00,829.8
2023-11-29T14:00:00,672.38
2023-11-29T15:00:00,514.45
2023-11-29T16:00:00,296.0
2023-11-29T17:00:00,90.55
2023-11-29T18:00:00,0.0
2023-11-29T19:00:00,0.0
2023-11-29T20:00:00,0.0
2023-11-29T21:00:00,0.0
2023-11-29T22:00:00,0.0
2023-11-29T23:00:00,0.0
2023-11-30T00:00:00,0.0
2023-11-30T01:00:00,0.0
2023-11-30T02:00:00,0.0
2023-11-30T03:00:00,0.0
2023-11-30T04:00:00,0.0
2023-11-30T05:00:00,0.0
2023-11-30T06:00:00,14.93
2023-11-30T07:00:00,123.88
2023-11-30T08:00:00,304.4
2023-11-30T09:00:00,457.83
2023-11-30T10:00:00,539.92
2023-11-30T11:00:00,599.53
2023-11-30T12:00:00,505.33
2023-11-30T13:00:00,490.98
2023-11-30T14:00:00,272.52
2023-11-30T15:00:00,197.43
2023-11-30T16:00:00,105.65
2023-11-30T17:00:00,41.12
2023-11-30T18:00:00,0.0
2023-11-30T19:00:00,0.0
2023-11-30T20:00:00,0.0
2023-11-30T21:00:00,0.0
2023-11-30T22:00:00,0.0
2023-11-30T23:00:00,0.0
2023-12-01T00:00:00,0.0
2023-12-01T01:00:00,0.0
2023-12-01T02:00:00,0.0
2023-12-01T03:00:00,0.0
2023-12-01T04:00:00,0.0
2023-12-01T05:00:00,0.0
2023-12-01T06:00:00,14.82
2023-12-01T07:00:00,105.8
2023-12-01T08:00:00,356.12
2023-12-01T09:00:00,546.6
2023-12-01T10:00:00,680.28
2023-12-01T11:00:00,817.45
2023-12-01T12:00:00,774.03
2023-12-01T13:00:00,723.67
2023-12-01T14:00:00,643.12
2023-12-01T15:00:00,487.15
2023-12-01T16:00:00,311.55
2023-12-01T17:00:00,102.43
2023-12-01T18:00:00,0.0
2023-12-01T19:00:00,0.0
2023-12-01T20:00:00,0.0
2023-12-01T21:00:00,0.0
2023-12-01T22:00:00,0.0
2023-12-01T23:00:00,0.0
2023-12-02T00:00:00,0.0
2023-12-02T01:00:00,0.0
2023-12-02T02:00:00,0.0
2023-12-02T03:00:00,0.0
2023-12-02T04:00:00,0.0
2023-12-02T05:00:00,0.0
2023-12-02T06:00:00,16.1
2023-12-02T07:00:00,105.28
2023-12-02T08:00:00,146.7
2023-12-02T09:00:00,320.15
2023-12-02T10:00:00,504.6
2023-12-02T11:00:00,654.38
2023-12-02T12:00:00,718.1
2023-12-02T13:00:00,735.45
2023-12-02T14:00:00,671.03
2023-12-02T15:00:00,527.53
2023-12-02T16:00:00,319.12
2023-12-02T17:00:00,113.3
2023-12-02T18:00:00,0.0
2023-12-02T19:00:00,0.0
2023-12-02T20:00:00,0.0
2023-12-02T21:00:00,0.0
2023-12-02T22:00:00,0.0
2023-12-02T23:00:00,0.0
2023-12-03T00:00:00,0.0
2023-12-03T01:00:00,0.0
2023-12-03T02:00:00,0.0
2023-12-03T03:00:00,0.0
2023-12-03T04:00:00,0.0
2023-12-03T05:00:00,0.0
2023-12-03T06:00:00,8.8
2023-12-03T07:00:00,63.47
2023-12-03T08:00:00,128.95
2023-12-03T09:00:00,184.05
2023-12-03T10:00:00,281.88
2023-12-03T11:00:00,379.3
2023-12-03T12:00:00,327.4
2023-12-03T13:00:00,236.75
2023-12-03T14:00:00,265.05
2023-12-03T15:00:00,191.88
2023-12-03T16:00:00,118.72
2023-12-03T17:00:00,43.08
2023-12-03T18:00:00,0.0
2023-12-03T19:00:00,0.0
2023-12-03T20:00:00,0.0
2023-12-03T21:00:00,0.0
2023-12-03T22:00:00,0.0
2023-12-03T23:00:00,0.0
2023-12-04T00:00:00,0.0
2023-12-04T01:00:00,0.0
2023-12-04T02:00:00,0.0
2023-12-04T03:00:00,0.0
2023-12-04T04:00:00,0.0
2023-12-04T05:00:00,0.0
2023-12-04T06:00:00,24.7
2023-12-04T07:00:00,185.23
2023-12-04T08:00:00,394.95
2023-12-04T09:00:00,576.47
2023-12-04T10:00:00,726.8
2023-12-04T11:00:00,822.97
2023-12-04T12:00:00,875.67
2023-12-04T13:00:00,850.85
2023-12-04T14:00:00,698.2
2023-12-04T15:00:00,489.27
2023-12-04T16:00:00,253.2
2023-12-04T17:00:00,77.9
2023-12-04T18:00:00,0.0
2023-12-04T19:00:00,0.0
2023-12-04T20:00:00,0.0
2023-12-04T21:00:00,0.0
2023-12-04T22:00:00,0.0
2023-12-04T23:00:00,0.0
2023-12-05T00:00:00,0.0
2023-12-05T01:00:00,0.0
2023-12-05T02:00:00,0.0
2023-12-05T03:00:00,0.0
2023-12-05T04:00:00,0.0
2023-12-05T05:00:00,0.0
2023-12-05T06:00:00,12.18
2023-12-05T07:00:00,101.75
2023-12-05T08:00:00,227.77
2023-12-05T09:00:00,404.27
2023-12-05T10:00:00,614.08
2023-12-05T11:00:00,773.88
2023-12-05T12:00:00,748.28
2023-12-05T13:00:00,679.62
2023-12-05T14:00:00,669.55
2023-12-05T15:00:00,499.9
2023-12-05T16:00:00,292.95
2023-12-05T17:00:00,95.18
2023-12-05T18:00:00,0.0
2023-12-05T19:00:00,0.0
2023-12-05T20:00:00,0.0
2023-12-05T21:00:00,0.0
2023-12-05T22:00:00,0.0
2023-12-05T23:00:00,0.0
2023-12-06T00:00:00,0.0
2023-12-06T01:00:00,0.0
2023-12-06T02:00:00,0.0
2023-12-06T03:00:00,0.0
2023-12-06T04:00:00,0.0
2023-12-06T05:00:00,0.0
2023-12-06T06:00:00,12.75
2023-12-06T07:00:00,117.22
2023-12-06T08:00:00,239.95
2023-12-06T09:00:00,381.4
2023-12-06T10:00:00,519.83
2023-12-06T11:00:00,709.35
2023-12-06T12:00:00,816.97
2023-12-06T13:00:00,781.03
2023-12-06T14:00:00,591.35
2023-12-06T15:00:00,495.95
2023-12-06T16:00:00,266.15
2023-12-06T17:00:00,89.72
2023-12-06T18:00:00,0.0
2023-12-06T19:00:00,0.0
2023-12-06T20:00:00,0.0
2023-12-06T21:00:00,0.0
2023-12-06T22:00:00,0.0
2023-12-06T23:00:00,0.0
2023-12-07T00:00:00,0.0
2023-12-07T01:00:00,0.0
2023-12-07T02:00:00,0.0
2023-12-07T03:00:00,0.0
2023-12-07T04:00:00,0.0
2023-12-07T05:00:00,0.0
2023-12-07T06:00:00,11.48
2023-12-07T07:00:00,99.07
2023-12-07T08:00:00,221.98
2023-12-07T09:00:00,368.8
2023-12-07T10:00:00,515.83
2023-12-07T11:00:00,540.92
2023-12-07T12:00:00,655.9
2023-12-07T13:00:00,635.25
2023-12-07T14:00:00,590.85
2023-12-07T15:00:00,359.38
2023-12-07T16:00:00,208.35
2023-12-07T17:00:00,83.62
2023-12-07T18:00:00,0.0
2023-12-07T19:00:00,0.0
2023-12-07T20:00:00,0.0
2023-12-07T21:00:00,0.0
2023-12-07T22:00:00,0.0
2023-12-07T23:00:00,0.0
2023-12-08T00:00:00,0.0
2023-12-08T01:00:00,0.0
2023-12-08T02:00:00,0.0
2023-12-08T03:00:00,0.0
2023-12-08T04:00:00,0.0
2023-12-08T05:00:00,0.0
2023-12-08T06:00:00,5.55
2023-12-08T07:00:00,47.85
2023-12-08T08:00:00,100.93
2023-12-08T09:00:00,164.8
2023-12-08T10:00:00,257.3
2023-12-08T11:00:00,331.25
2023-12-08T12:00:00,324.4
2023-12-08T13:00:00,425.42
2023-12-08T14:00:00,264.42
2023-12-08T15:00:00,143.5
2023-12-08T16:00:00,91.62
2023-12-08T17:00:00,37.97
2023-12-08T18:00:00,0.0
2023-12-08T19:00:00,0.0
2023-12-08T20:00:00,0.0
2023-12-08T21:00:00,0.0
2023-12-08T22:00:00,0.0
2023-12-08T23:00:00,0.0
2023-12-09T00:00:00,0.0
2023-12-09T01:00:00,0.0
2023-12-09T02:00:00,0.0
2023-12-09T03:00:00,0.0
2023-12-09T04:00:00,0.0
2023-12-09T05:00:00,0.0
2023-12-09T06:00:00,6.95
2023-12-09T07:00:00,52.25
2023-12-09T08:00:00,126.1
2023-12-09T09:00:00,199.6
2023-12-09T10:00:00,254.85
2023-12-09T11:00:00,273.3
2023-12-09T12:00:00,293.05
2023-12-09T13:00:00,321.9
2023-12-09T14:00:00,281.92
2023-12-09T15:00:00,231.75
2023-12-09T16:00:00,134.5
2023-12-09T17:00:00,54.6
2023-12-09T18:00:00,0.0
2023-12-09T19:00:00,0.0
2023-12-09T20:00:00,0.0
2023-12-09T21:00:00,0.0
2023-12-09T22:00:00,0.0
2023-12-09T23:00:00,0.0
2023-12-10T00:00:00,0.0
2023-12-10T01:00:00,0.0
2023-12-10T02:00:00,0.0
2023-12-10T03:00:00,0.0
2023-12-10T04:00:00,0.0
2023-12-10T05:00:00,0.0
2023-12-10T06:00:00,20.42
2023-12-10T07:00:00,202.8
2023-12-10T08:00:00,423.65
2023-12-10T09:00:00,622.33
2023-12-10T10:00:00,753.83
2023-12-10T11:00:00,883.88
2023-12-10T12:00:00,891.62
2023-12-10T13:00:00,765.75
2023-12-10T14:00:00,627.9
2023-12-10T15:00:00,541.92
2023-12-10T16:00:00,330.77
2023-12-10T17:00:00,123.07
2023-12-10T18:00:00,0.0
2023-12-10T19:00:00,0.0
2023-12-10T20:00:00,0.0
2023-12-10T21:00:00,0.0
2023-12-10T22:00:00,0.0
2023-12-10T23:00:00,0.0
2023-12-11T00:00:00,0.0
2023-12-11T01:00:00,0.0
2023-12-11T02:00:00,0.0
2023-12-11T03:00:00,0.0
2023-12-11T04:00:00,0.0
2023-12-11T05:00:00,0.0
2023-12-11T06:00:00,13.07
2023-12-11T07:00:00,109.82
2023-12-11T08:00:00,278.38
2023-12-11T09:00:00,356.38
2023-12-11T10:00:00,467.38
2023-12-11T11:00:00,480.77
2023-12-11T12:00:00,565.65
2023-12-11T13:00:00,611.47
2023-12-11T14:00:00,512.65
2023-12-11T15:00:00,397.8
2023-12-11T16:00:00,217.4
2023-12-11T17:00:00,81.32
2023-12-11T18:00:00,0.0
2023-12-11T19:00:00,0.0
2023-12-11T20:00:00,0.0
2023-12-11T21:00:00,0.0
2023-12-11T22:00:00,0.0
2023-12-11T23:00:00,0.0
2023-12-12T00:00:00,0.0
2023-12-12T01:00:00,0.0
2023-12-12T02:00:00,0.0
2023-12-12T03:00:00,0.0
2023-12-12T04:00:00,0.0
2023-12-12T05:00:00,0.0
2023-12-12T06:00:00,13.43
2023-12-12T07:00:00,114.0
2023-12-12T08:00:00,265.75
2023-12-12T09:00:00,418.7
2023-12-12T10:00:00,562.03
2023-12-12T11:00:00,633.22
2023-12-12T12:00:00,507.27
2023-12-12T13:00:00,437.9
2023-12-12T14:00:00,223.12
2023-12-12T15:00:00,188.35
2023-12-12T16:00:00,104.85
2023-12-12T17:00:00,41.33
2023-12-12T18:00:00,0.0
2023-12-12T19:00:00,0.0
2023-12-12T20:00:00,0.0
2023-12-12T21:00:00,0.0
2023-12-12T22:00:00,0.0
2023-12-12T23:00:00,0.0
2023-12-13T00:00:00,0.0
2023-12-13T01:00:00,0.0
2023-12-13T02:00:00,0.0
2023-12-13T03:00:00,0.0
2023-12-13T04:00:00,0.0
2023-12-13T05:00:00,0.0
2023-12-13T06:00:00,8.73
2023-12-13T07:00:00,82.95
2023-12-13T08:00:00,211.65
2023-12-13T09:00:00,339.1
2023-12-13T10:00:00,379.8
2023-12-13T11:00:00,376.23
2023-12-13T12:00:00,409.85
2023-12-13T13:00:00,582.08
2023-12-13T14:00:00,548.1
2023-12-13T15:00:00,406.02
2023-12-13T16:00:00,227.23
2023-12-13T17:00:00,76.4
2023-12-13T18:00:00,2.85
2023-12-13T19:00:00,0.0
2023-12-13T20:00:00,0.0
2023-12-13T21:00:00,0.0
2023-12-13T22:00:00,0.0
2023-12-13T23:00:00,0.0
2023-12-14T00:00:00,0.0
2023-12-14T01:00:00,0.0
2023-12-14T02:00:00,0.0
2023-12-14T03:00:00,0.0
2023-12-14T04:00:00,0.0
2023-12-14T05:00:00,0.0
2023-12-14T06:00:00,4.55
2023-12-14T07:00:00,25.58
2023-12-14T08:00:00,51.33
2023-12-14T09:00:00,63.78
2023-12-14T10:00:00,171.12
2023-12-14T11:00:00,200.3
2023-12-14T12:00:00,194.93
2023-12-14T13:00:00,139.3
2023-12-14T14:00:00,59.7
2023-12-14T15:00:00,44.47
2023-12-14T16:00:00,28.38
2023-12-14T17:00:00,11.55
2023-12-14T18:00:00,0.62
2023-12-14T19:00:00,0.0
2023-12-14T20:00:00,0.0
2023-12-14T21:00:00,0.0
2023-12-14T22:00:00,0.0
2023-12-14T23:00:00,0.0
2023-12-15T00:00:00,0.0
2023-12-15T01:00:00,0.0
2023-12-15T02:00:00,0.0
2023-12-15T03:00:00,0.0
2023-12-15T04:00:00,0.0
2023-12-15T05:00:00,0.0
2023-12-15T06:00:00,5.38
2023-12-15T07:00:00,43.78
2023-12-15T08:00:00,86.62
2023-12-15T09:00:00,165.02
2023-12-15T10:00:00,236.02
2023-12-15T11:00:00,253.62
2023-12-15T12:00:00,227.55
2023-12-15T13:00:00,107.0
2023-12-15T14:00:00,186.12
2023-12-15T15:00:00,132.7
2023-12-15T16:00:00,92.07
2023-12-15T17:00:00,38.72
2023-12-15T18:00:00,1.73
2023-12-15T19:00:00,0.0
2023-12-15T20:00:00,0.0
2023-12-15T21:00:00,0.0
2023-12-15T22:00:00,0.0
2023-12-15T23:00:00,0.0
2023-12-16T00:00:00,0.0
2023-12-16T01:00:00,0.0
2023-12-16T02:00:00,0.0
2023-12-16T03:00:00,0.0
2023-12-16T04:00:00,0.0
2023-12-16T05:00:00,0.0
2023-12-16T06:00:00,11.6
2023-12-16T07:00:00,111.3
2023-12-16T08:00:00,247.75
2023-12-16T09:00:00,407.5
2023-12-16T10:00:00,506.58
2023-12-16T11:00:00,541.5
2023-12-16T12:00:00,526.33
2023-12-16T13:00:00,555.8
2023-12-16T14:00:00,501.8
2023-12-16T15:00:00,361.58
2023-12-16T16:00:00,206.68
2023-12-16T17:00:00,74.15
2023-12-16T18:00:00,2.75
2023-12-16T19:00:00,0.0
2023-12-16T20:00:00,0.0
2023-12-16T21:00:00,0.0
2023-12-16T22:00:00,0.0
2023-12-16T23:00:00,0.0
2023-12-17T00:00:00,0.0
2023-12-17T01:00:00,0.0
2023-12-17T02:00:00,0.0
2023-12-17T03:00:00,0.0
2023-12-17T04:00:00,0.0
2023-12-17T05:00:00,0.0
2023-12-17T06:00:00,14.05
2023-12-17T07:00:00,137.43
2023-12-17T08:00:00,306.08
2023-12-17T09:00:00,465.75
2023-12-17T10:00:00,519.12
2023-12-17T11:00:00,569.62
2023-12-17T12:00:00,565.1
2023-12-17T13:00:00,518.35
2023-12-17T14:00:00,410.02
2023-12-17T15:00:00,174.88
2023-12-17T16:00:00,107.93
2023-12-17T17:00:00,40.95
2023-12-17T18:00:00,1.52
2023-12-17T19:00:00,0.0
2023-12-17T20:00:00,0.0
2023-12-17T21:00:00,0.0
2023-12-17T22:00:00,0.0
2023-12-17T23:00:00,0.0
2023-12-18T00:00:00,0.0
2023-12-18T01:00:00,0.0
2023-12-18T02:00:00,0.0
2023-12-18T03:00:00,0.0
2023-12-18T04:00:00,0.0
2023-12-18T05:00:00,0.0
2023-12-18T06:00:00,3.75
2023-12-18T07:00:00,41.15
2023-12-18T08:00:00,93.28
2023-12-18T09:00:00,140.93
2023-12-18T10:00:00,188.85
2023-12-18T11:00:00,336.52
2023-12-18T12:00:00,376.88
2023-12-18T13:00:00,456.67
2023-12-18T14:00:00,390.6
2023-12-18T15:00:00,252.18
2023-12-18T16:00:00,171.5
2023-12-18T17:00:00,65.75
2023-12-18T18:00:00,2.53
2023-12-18T19:00:00,0.0
2023-12-18T20:00:00,0.0
2023-12-18T21:00:00,0.0
2023-12-18T22:00:00,0.0
2023-12-18T23:00:00,0.0
2023-12-19T00:00:00,0.0
2023-12-19T01:00:00,0.0
2023-12-19T02:00:00,0.0
2023-12-19T03:00:00,0.0
2023-12-19T04:00:00,0.0
2023-12-19T05:00:00,0.0
2023-12-19T06:00:00,9.77
2023-12-19T07:00:00,109.35
2023-12-19T08:00:00,215.7
2023-12-19T09:00:00,250.38
2023-12-19T10:00:00,219.65
2023-12-19T11:00:00,93.53
2023-12-19T12:00:00,58.83
2023-12-19T13:00:00,59.4
2023-12-19T14:00:00,59.95
2023-12-19T15:00:00,58.62
2023-12-19T16:00:00,38.83
2023-12-19T17:00:00,16.67
2023-12-19T18:00:00,0.98
2023-12-19T19:00:00,0.0
2023-12-19T20:00:00,0.0
2023-12-19T21:00:00,0.0
2023-12-19T22:00:00,0.0
2023-12-19T23:00:00,0.0
2023-12-20T00:00:00,0.0
2023-12-20T01:00:00,0.0
2023-12-20T02:00:00,0.0
2023-12-20T03:00:00,0.0
2023-12-20T04:00:00,0.0
2023-12-20T05:00:00,0.0
2023-12-20T06:00:00,8.68
2023-12-20T07:00:00,80.05
2023-12-20T08:00:00,214.62
2023-12-20T09:00:00,358.25
2023-12-20T10:00:00,436.35
2023-12-20T11:00:00,546.2
2023-12-20T12:00:00,648.67
2023-12-20T13:00:00,532.65
2023-12-20T14:00:00,466.15
2023-12-20T15:00:00,326.17
2023-12-20T16:00:00,191.9
2023-12-20T17:00:00,72.57
2023-12-20T18:00:00,3.55
2023-12-20T19:00:00,0.0
2023-12-20T20:00:00,0.0
2023-12-20T21:00:00,0.0
2023-12-20T22:00:00,0.0
2023-12-20T23:00:00,0.0
2023-12-21T00:00:00,0.0
2023-12-21T01:00:00,0.0
2023-12-21T02:00:00,0.0
2023-12-21T03:00:00,0.0
2023-12-21T04:00:00,0.0
2023-12-21T05:00:00,0.0
2023-12-21T06:00:00,9.6
2023-12-21T07:00:00,114.65
2023-12-21T08:00:00,261.3
2023-12-21T09:00:00,422.33
2023-12-21T10:00:00,525.97
2023-12-21T11:00:00,530.55
2023-12-21T12:00:00,511.12
2023-12-21T13:00:00,461.8
2023-12-21T14:00:00,531.85
2023-12-21T15:00:00,370.98
2023-12-21T16:00:00,208.88
2023-12-21T17:00:00,74.28
2023-12-21T18:00:00,2.8
2023-12-21T19:00:00,0.0
2023-12-21T20:00:00,0.0
2023-12-21T21:00:00,0.0
2023-12-21T22:00:00,0.0
2023-12-21T23:00:00,0.0
2023-12-22T00:00:00,0.0
2023-12-22T01:00:00,0.0
2023-12-22T02:00:00,0.0
2023-12-22T03:00:00,0.0
2023-12-22T04:00:00,0.0
2023-12-22T05:00:00,0.0
2023-12-22T06:00:00,1.67
2023-12-22T07:00:00,12.23
2023-12-22T08:00:00,27.6
2023-12-22T09:00:00,42.58
2023-12-22T10:00:00,86.6
2023-12-22T11:00:00,132.25
2023-12-22T12:00:00,149.43
2023-12-22T13:00:00,169.45
2023-12-22T14:00:00,195.48
2023-12-22T15:00:00,145.9
2023-12-22T16:00:00,117.55
2023-12-22T17:00:00,49.58
2023-12-22T18:00:00,2.7
2023-12-22T19:00:00,0.0
2023-12-22T20:00:00,0.0
2023-12-22T21:00:00,0.0
2023-12-22T22:00:00,0.0
2023-12-22T23:00:00,0.0
2023-12-23T00:00:00,0.0
2023-12-23T01:00:00,0.0
2023-12-23T02:00:00,0.0
2023-12-23T03:00:00,0.0
2023-12-23T04:00:00,0.0
2023-12-23T05:00:00,0.0
2023-12-23T06:00:00,9.48
2023-12-23T07:00:00,102.1
2023-12-23T08:00:00,232.35
2023-12-23T09:00:00,363.3
2023-12-23T10:00:00,502.3
2023-12-23T11:00:00,630.83
2023-12-23T12:00:00,753.8
2023-12-23T13:00:00,656.5
2023-12-23T14:00:00,578.08
2023-12-23T15:00:00,481.02
2023-12-23T16:00:00,285.17
2023-12-23T17:00:00,109.97
2023-12-23T18:00:00,4.0
2023-12-23T19:00:00,0.0
2023-12-23T20:00:00,0.0
2023-12-23T21:00:00,0.0
2023-12-23T22:00:00,0.0
2023-12-23T23:00:00,0.0
2023-12-24T00:00:00,0.0
2023-12-24T01:00:00,0.0
2023-12-24T02:00:00,0.0
2023-12-24T03:00:00,0.0
2023-12-24T04:00:00,0.0
2023-12-24T05:00:00,0.0
2023-12-24T06:00:00,8.75
2023-12-24T07:00:00,86.85
2023-12-24T08:00:00,185.65
2023-12-24T09:00:00,258.6
2023-12-24T10:00:00,240.85
2023-12-24T11:00:00,243.98
2023-12-24T12:00:00,436.88
2023-12-24T13:00:00,579.05
2023-12-24T14:00:00,400.2
2023-12-24T15:00:00,358.05
2023-12-24T16:00:00,205.52
2023-12-24T17:00:00,75.62
2023-12-24T18:00:00,5.25
2023-12-24T19:00:00,0.0
2023-12-24T20:00:00,0.0
2023-12-24T21:00:00,0.0
2023-12-24T22:00:00,0.0
2023-12-24T23:00:00,0.0
2023-12-25T00:00:00,0.0
2023-12-25T01:00:00,0.0
2023-12-25T02:00:00,0.0
2023-12-25T03:00:00,0.0
2023-12-25T04:00:00,0.0
2023-12-25T05:00:00,0.0
2023-12-25T06:00:00,7.88
2023-12-25T07:00:00,134.62
2023-12-25T08:00:00,291.48
2023-12-25T09:00:00,480.58
2023-12-25T10:00:00,683.38
2023-12-25T11:00:00,746.42
2023-12-25T12:00:00,755.2
2023-12-25T13:00:00,799.22
2023-12-25T14:00:00,704.05
2023-12-25T15:00:00,536.72
2023-12-25T16:00:00,337.52
2023-12-25T17:00:00,128.75
2023-12-25T18:00:00,6.85
2023-12-25T19:00:00,0.0
2023-12-25T20:00:00,0.0
2023-12-25T21:00:00,0.0
2023-12-25T22:00:00,0.0
2023-12-25T23:00:00,0.0
2023-12-26T00:00:00,0.0
2023-12-26T01:00:00,0.0
2023-12-26T02:00:00,0.0
2023-12-26T03:00:00,0.0
2023-12-26T04:00:00,0.0
2023-12-26T05:00:00,0.0
2023-12-26T06:00:00,13.27
2023-12-26T07:00:00,178.4
2023-12-26T08:00:00,406.38
2023-12-26T09:00:00,609.3
2023-12-26T10:00:00,765.42
2023-12-26T11:00:00,851.67
2023-12-26T12:00:00,860.22
2023-12-26T13:00:00,813.62
2023-12-26T14:00:00,674.58
2023-12-26T15:00:00,526.28
2023-12-26T16:00:00,334.15
2023-12-26T17:00:00,125.97
2023-12-26T18:00:00,5.7
2023-12-26T19:00:00,0.0
2023-12-26T20:00:00,0.0
2023-12-26T21:00:00,0.0
2023-12-26T22:00:00,0.0
2023-12-26T23:00:00,0.0
2023-12-27T00:00:00,0.0
2023-12-27T01:00:00,0.0
2023-12-27T02:00:00,0.0
2023-12-27T03:00:00,0.0
2023-12-27T04:00:00,0.0
2023-12-27T05:00:00,0.0
2023-12-27T06:00:00,12.9
2023-12-27T07:00:00,161.7
2023-12-27T08:00:00,377.33
2023-12-27T09:00:00,574.78
2023-12-27T10:00:00,756.58
2023-12-27T11:00:00,851.08
2023-12-27T12:00:00,889.88
2023-12-27T13:00:00,849.47
2023-12-27T14:00:00,746.88
2023-12-27T15:00:00,545.6
2023-12-27T16:00:00,328.42
2023-12-27T17:00:00,126.75
2023-12-27T18:00:00,5.88
2023-12-27T19:00:00,0.0
2023-12-27T20:00:00,0.0
2023-12-27T21:00:00,0.0
2023-12-27T22:00:00,0.0
2023-12-27T23:00:00,0.0
2023-12-28T00:00:00,0.0
2023-12-28T01:00:00,0.0
2023-12-28T02:00:00,0.0
2023-12-28T03:00:00,0.0
2023-12-28T04:00:00,0.0
2023-12-28T05:00:00,0.0
2023-12-28T06:00:00,11.6
2023-12-28T07:00:00,173.07
2023-12-28T08:00:00,405.92
2023-12-28T09:00:00,620.25
2023-12-28T10:00:00,779.53
2023-12-28T11:00:00,868.67
2023-12-28T12:00:00,822.22
2023-12-28T13:00:00,668.03
2023-12-28T14:00:00,578.53
2023-12-28T15:00:00,411.02
2023-12-28T16:00:00,239.3
2023-12-28T17:00:00,81.45
2023-12-28T18:00:00,5.35
2023-12-28T19:00:00,0.0
2023-12-28T20:00:00,0.0
2023-12-28T21:00:00,0.0
2023-12-28T22:00:00,0.0
2023-12-28T23:00:00,0.0
2023-12-29T00:00:00,0.0
2023-12-29T01:00:00,0.0
2023-12-29T02:00:00,0.0
2023-12-29T03:00:00,0.0
2023-12-29T04:00:00,0.0
2023-12-29T05:00:00,0.0
2023-12-29T06:00:00,9.62
2023-12-29T07:00:00,111.3
2023-12-29T08:00:00,305.92
2023-12-29T09:00:00,498.85
2023-12-29T10:00:00,671.55
2023-12-29T11:00:00,740.42
2023-12-29T12:00:00,729.03
2023-12-29T13:00:00,751.58
2023-12-29T14:00:00,648.45
2023-12-29T15:00:00,441.55
2023-12-29T16:00:00,272.88
2023-12-29T17:00:00,106.78
2023-12-29T18:00:00,5.05
2023-12-29T19:00:00,0.0
2023-12-29T20:00:00,0.0
2023-12-29T21:00:00,0.0
2023-12-29T22:00:00,0.0
2023-12-29T23:00:00,0.0
2023-12-30T00:00:00,0.0
2023-12-30T01:00:00,0.0
2023-12-30T02:00:00,0.0
2023-12-30T03:00:00,0.0
2023-12-30T04:00:00,0.0
2023-12-30T05:00:00,0.0
2023-12-30T06:00:00,6.12
2023-12-30T07:00:00,68.3
2023-12-30T08:00:00,152.7
2023-12-30T09:00:00,252.15
2023-12-30T10:00:00,334.0
2023-12-30T11:00:00,240.88
2023-12-30T12:00:00,96.9
2023-12-30T13:00:00,65.78
2023-12-30T14:00:00,71.5
2023-12-30T15:00:00,73.18
2023-12-30T16:00:00,77.05
2023-12-30T17:00:00,35.75
2023-12-30T18:00:00,3.33
2023-12-30T19:00:00,0.0
2023-12-30T20:00:00,0.0
2023-12-30T21:00:00,0.0
2023-12-30T22:00:00,0.0
2023-12-30T23:00:00,0.0
2023-12-31T00:00:00,0.0
2023-12-31T01:00:00,0.0
2023-12-31T02:00:00,0.0
2023-12-31T03:00:00,0.0
2023-12-31T04:00:00,0.0
2023-12-31T05:00:00,0.0
2023-12-31T06:00:00,8.57
2023-12-31T07:00:00,129.52
2023-12-31T08:00:00,303.48
2023-12-31T09:00:00,490.95
2023-12-31T10:00:00,646.55
2023-12-31T11:00:00,757.0
2023-12-31T12:00:00,793.75
2023-12-31T13:00:00,873.25
2023-12-31T14:00:00,776.65
2023-12-31T15:00:00,609.92
2023-12-31T16:00:00,390.08
2023-12-31T17:00:00,155.02
2023-12-31T18:00:00,7.78
2023-12-31T19:00:00,0.0
2023-12-31T20:00:00,0.0
2023-12-31T21:00:00,0.0
2023-12-31T22:00:00,0.0
2023-12-31T23:00:00,0.0
2024-01-01T00:00:00,0.0
2024-01-01T01:00:00,0.0
2024-01-01T02:00:00,0.0
2024-01-01T03:00:00,0.0
2024-01-01T04:00:00,0.0
2024-01-01T05:00:00,0.0
2024-01-01T06:00:00,8.48
2024-01-01T07:00:00,142.98
2024-01-01T08:00:00,333.98
2024-01-01T09:00:00,436.12
2024-01-01T10:00:00,624.15
2024-01-01T11:00:00,658.38
2024-01-01T12:00:00,780.25
2024-01-01T13:00:00,796.97
2024-01-01T14:00:00,712.17
2024-01-01T15:00:00,516.12
2024-01-01T16:00:00,332.02
2024-01-01T17:00:00,134.93
2024-01-01T18:00:00,8.98
2024-01-01T19:00:00,0.0
2024-01-01T20:00:00,0.0
2024-01-01T21:00:00,0.0
2024-01-01T22:00:00,0.0
2024-01-01T23:00:00,0.0
2024-01-02T00:00:00,0.0
2024-01-02T01:00:00,0.0
2024-01-02T02:00:00,0.0
2024-01-02T03:00:00,0.0
2024-01-02T04:00:00,0.0
2024-01-02T05:00:00,0.0
2024-01-02T06:00:00,9.57
2024-01-02T07:00:00,150.68
2024-01-02T08:00:00,372.95
2024-01-02T09:00:00,580.45
2024-01-02T10:00:00,750.9
2024-01-02T11:00:00,860.5
2024-01-02T12:00:00,905.12
2024-01-02T13:00:00,862.47
2024-01-02T14:00:00,699.17
2024-01-02T15:00:00,556.85
2024-01-02T16:00:00,343.58
2024-01-02T17:00:00,129.02
2024-01-02T18:00:00,8.02
2024-01-02T19:00:00,0.0
2024-01-02T20:00:00,0.0
2024-01-02T21:00:00,0.0
2024-01-02T22:00:00,0.0
2024-01-02T23:00:00,0.0
2024-01-03T00:00:00,0.0
2024-01-03T01:00:00,0.0
2024-01-03T02:00:00,0.0
2024-01-03T03:00:00,0.0
2024-01-03T04:00:00,0.0
2024-01-03T05:00:00,0.0
2024-01-03T06:00:00,6.93
2024-01-03T07:00:00,86.05
2024-01-03T08:00:00,185.7
2024-01-03T09:00:00,143.55
2024-01-03T10:00:00,146.43
2024-01-03T11:00:00,307.52
2024-01-03T12:00:00,481.75
2024-01-03T13:00:00,597.72
2024-01-03T14:00:00,540.33
2024-01-03T15:00:00,378.88
2024-01-03T16:00:00,220.73
2024-01-03T17:00:00,86.28
2024-01-03T18:00:00,6.62
2024-01-03T19:00:00,0.0
2024-01-03T20:00:00,0.0
2024-01-03T21:00:00,0.0
2024-01-03T22:00:00,0.0
2024-01-03T23:00:00,0.0
2024-01-04T00:00:00,0.0
2024-01-04T01:00:00,0.0
2024-01-04T02:00:00,0.0
2024-01-04T03:00:00,0.0
2024-01-04T04:00:00,0.0
2024-01-04T05:00:00,0.0
2024-01-04T06:00:00,4.6
2024-01-04T07:00:00,56.8
2024-01-04T08:00:00,119.57
2024-01-04T09:00:00,184.57
2024-01-04T10:00:00,142.45
2024-01-04T11:00:00,83.53
2024-01-04T12:00:00,69.95
2024-01-04T13:00:00,55.15
2024-01-04T14:00:00,52.03
2024-01-04T15:00:00,54.1
2024-01-04T16:00:00,48.1
2024-01-04T17:00:00,29.25
2024-01-04T18:00:00,3.58
2024-01-04T19:00:00,0.0
2024-01-04T20:00:00,0.0
2024-01-04T21:00:00,0.0
2024-01-04T22:00:00,0.0
2024-01-04T23:00:00,0.0
2024-01-05T00:00:00,0.0
2024-01-05T01:00:00,0.0
2024-01-05T02:00:00,0.0
2024-01-05T03:00:00,0.0
2024-01-05T04:00:00,0.0
2024-01-05T05:00:00,0.0
2024-01-05T06:00:00,3.35
2024-01-05T07:00:00,74.4
2024-01-05T08:00:00,162.88
2024-01-05T09:00:00,278.0
2024-01-05T10:00:00,560.05
2024-01-05T11:00:00,610.45
2024-01-05T12:00:00,745.95
2024-01-05T13:00:00,556.12
2024-01-05T14:00:00,490.3
2024-01-05T15:00:00,300.5
2024-01-05T16:00:00,192.85
2024-01-05T17:00:00,76.38
2024-01-05T18:00:00,4.3
2024-01-05T19:00:00,0.0
2024-01-05T20:00:00,0.0
2024-01-05T21:00:00,0.0
2024-01-05T22:00:00,0.0
2024-01-05T23:00:00,0.0
2024-01-06T00:00:00,0.0
2024-01-06T01:00:00,0.0
2024-01-06T02:00:00,0.0
2024-01-06T03:00:00,0.0
2024-01-06T04:00:00,0.0
2024-01-06T05:00:00,0.0
2024-01-06T06:00:00,7.6
2024-01-06T07:00:00,156.93
2024-01-06T08:00:00,377.33
2024-01-06T09:00:00,582.28
2024-01-06T10:00:00,780.42
2024-01-06T11:00:00,888.42
2024-01-06T12:00:00,926.4
2024-01-06T13:00:00,890.17
2024-01-06T14:00:00,732.53
2024-01-06T15:00:00,522.28
2024-01-06T16:00:00,328.98
2024-01-06T17:00:00,135.77
2024-01-06T18:00:00,10.2
2024-01-06T19:00:00,0.0
2024-01-06T20:00:00,0.0
2024-01-06T21:00:00,0.0
2024-01-06T22:00:00,0.0
2024-01-06T23:00:00,0.0
2024-01-07T00:00:00,0.0
2024-01-07T01:00:00,0.0
2024-01-07T02:00:00,0.0
2024-01-07T03:00:00,0.0
2024-01-07T04:00:00,0.0
2024-01-07T05:00:00,0.0
2024-01-07T06:00:00,6.68
2024-01-07T07:00:00,102.2
2024-01-07T08:00:00,270.12
2024-01-07T09:00:00,440.92
2024-01-07T10:00:00,708.42
2024-01-07T11:00:00,753.42
2024-01-07T12:00:00,681.67
2024-01-07T13:00:00,559.3
2024-01-07T14:00:00,355.67
2024-01-07T15:00:00,134.07
2024-01-07T16:00:00,85.25
2024-01-07T17:00:00,37.42
2024-01-07T18:00:00,2.6
2024-01-07T19:00:00,0.0
2024-01-07T20:00:00,0.0
2024-01-07T21:00:00,0.0
2024-01-07T22:00:00,0.0
2024-01-07T23:00:00,0.0
2024-01-08T00:00:00,0.0
2024-01-08T01:00:00,0.0
2024-01-08T02:00:00,0.0
2024-01-08T03:00:00,0.0
2024-01-08T04:00:00,0.0
2024-01-08T05:00:00,0.0
2024-01-08T06:00:00,7.1
2024-01-08T07:00:00,107.53
2024-01-08T08:00:00,288.38
2024-01-08T09:00:00,469.52
2024-01-08T10:00:00,679.17
2024-01-08T11:00:00,831.97
2024-01-08T12:00:00,852.8
2024-01-08T13:00:00,714.75
2024-01-08T14:00:00,605.9
2024-01-08T15:00:00,424.8
2024-01-08T16:00:00,280.5
2024-01-08T17:00:00,118.15
2024-01-08T18:00:00,9.1
2024-01-08T19:00:00,0.0
2024-01-08T20:00:00,0.0
2024-01-08T21:00:00,0.0
2024-01-08T22:00:00,0.0
2024-01-08T23:00:00,0.0
2024-01-09T00:00:00,0.0
2024-01-09T01:00:00,0.0
2024-01-09T02:00:00,0.0
2024-01-09T03:00:00,0.0
2024-01-09T04:00:00,0.0
2024-01-09T05:00:00,0.0
2024-01-09T06:00:00,3.3
2024-01-09T07:00:00,46.85
2024-01-09T08:00:00,97.05
2024-01-09T09:00:00,174.93
2024-01-09T10:00:00,164.77
2024-01-09T11:00:00,166.9
2024-01-09T12:00:00,348.55
2024-01-09T13:00:00,200.07
2024-01-09T14:00:00,124.0
2024-01-09T15:00:00,71.03
2024-01-09T16:00:00,61.22
2024-01-09T17:00:00,34.8
2024-01-09T18:00:00,4.07
2024-01-09T19:00:00,0.0
2024-01-09T20:00:00,0.0
2024-01-09T21:00:00,0.0
2024-01-09T22:00:00,0.0
2024-01-09T23:00:00,0.0
2024-01-10T00:00:00,0.0
2024-01-10T01:00:00,0.0
2024-01-10T02:00:00,0.0
2024-01-10T03:00:00,0.0
2024-01-10T04:00:00,0.0
2024-01-10T05:00:00,0.0
2024-01-10T06:00:00,5.38
2024-01-10T07:00:00,122.88
2024-01-10T08:00:00,322.6
2024-01-10T09:00:00,534.33
2024-01-10T10:00:00,678.28
2024-01-10T11:00:00,773.53
2024-01-10T12:00:00,734.67
2024-01-10T13:00:00,606.8
2024-01-10T14:00:00,509.73
2024-01-10T15:00:00,325.92
2024-01-10T16:00:00,212.77
2024-01-10T17:00:00,98.12
2024-01-10T18:00:00,7.12
2024-01-10T19:00:00,0.0
2024-01-10T20:00:00,0.0
2024-01-10T21:00:00,0.0
2024-01-10T22:00:00,0.0
2024-01-10T23:00:00,0.0
2024-01-11T00:00:00,0.0
2024-01-11T01:00:00,0.0
2024-01-11T02:00:00,0.0
2024-01-11T03:00:00,0.0
2024-01-11T04:00:00,0.0
2024-01-11T05:00:00,0.0
2024-01-11T06:00:00,6.32
2024-01-11T07:00:00,112.05
2024-01-11T08:00:00,335.42
2024-01-11T09:00:00,547.67
2024-01-11T10:00:00,674.5
2024-01-11T11:00:00,758.83
2024-01-11T12:00:00,828.7
2024-01-11T13:00:00,843.05
2024-01-11T14:00:00,699.88
2024-01-11T15:00:00,529.15
2024-01-11T16:00:00,338.95
2024-01-11T17:00:00,155.0
2024-01-11T18:00:00,11.68
2024-01-11T19:00:00,0.0
2024-01-11T20:00:00,0.0
2024-01-11T21:00:00,0.0
2024-01-11T22:00:00,0.0
2024-01-11T23:00:00,0.0
2024-01-12T00:00:00,0.0
2024-01-12T01:00:00,0.0
2024-01-12T02:00:00,0.0
2024-01-12T03:00:00,0.0
2024-01-12T04:00:00,0.0
2024-01-12T05:00:00,0.0
2024-01-12T06:00:00,5.75
2024-01-12T07:00:00,89.7
2024-01-12T08:00:00,268.85
2024-01-12T09:00:00,451.75
2024-01-12T10:00:00,388.45
2024-01-12T11:00:00,116.1
2024-01-12T12:00:00,86.5
2024-01-12T13:00:00,78.3
2024-01-12T14:00:00,109.72
2024-01-12T15:00:00,156.05
2024-01-12T16:00:00,96.88
2024-01-12T17:00:00,40.03
2024-01-12T18:00:00,3.78
2024-01-12T19:00:00,0.0
2024-01-12T20:00:00,0.0
2024-01-12T21:00:00,0.0
2024-01-12T22:00:00,0.0
2024-01-12T23:00:00,0.0
2024-01-13T00:00:00,0.0
2024-01-13T01:00:00,0.0
2024-01-13T02:00:00,0.0
2024-01-13T03:00:00,0.0
2024-01-13T04:00:00,0.0
2024-01-13T05:00:00,0.0
2024-01-13T06:00:00,5.53
2024-01-13T07:00:00,99.82
2024-01-13T08:00:00,286.33
2024-01-13T09:00:00,490.67
2024-01-13T10:00:00,616.12
2024-01-13T11:00:00,790.72
2024-01-13T12:00:00,821.42
2024-01-13T13:00:00,744.88
2024-01-13T14:00:00,707.47
2024-01-13T15:00:00,550.1
2024-01-13T16:00:00,349.0
2024-01-13T17:00:00,138.27
2024-01-13T18:00:00,11.95
2024-01-13T19:00:00,0.0
2024-01-13T20:00:00,0.0
2024-01-13T21:00:00,0.0
2024-01-13T22:00:00,0.0
2024-01-13T23:00:00,0.0
2024-01-14T00:00:00,0.0
2024-01-14T01:00:00,0.0
2024-01-14T02:00:00,0.0
2024-01-14T03:00:00,0.0
2024-01-14T04:00:00,0.0
2024-01-14T05:00:00,0.0
2024-01-14T06:00:00,0.9
2024-01-14T07:00:00,15.27
2024-01-14T08:00:00,35.8
2024-01-14T09:00:00,51.0
2024-01-14T10:00:00,55.88
2024-01-14T11:00:00,54.12
2024-01-14T12:00:00,62.45
2024-01-14T13:00:00,96.6
2024-01-14T14:00:00,100.9
2024-01-14T15:00:00,96.05
2024-01-14T16:00:00,65.32
2024-01-14T17:00:00,31.45
2024-01-14T18:00:00,3.25
2024-01-14T19:00:00,0.0
2024-01-14T20:00:00,0.0
2024-01-14T21:00:00,0.0
2024-01-14T22:00:00,0.0
2024-01-14T23:00:00,0.0
2024-01-15T00:00:00,0.0
2024-01-15T01:00:00,0.0
2024-01-15T02:00:00,0.0
2024-01-15T03:00:00,0.0
2024-01-15T04:00:00,0.0
2024-01-15T05:00:00,0.0
2024-01-15T06:00:00,3.88
2024-01-15T07:00:00,69.8
2024-01-15T08:00:00,177.85
2024-01-15T09:00:00,315.2
2024-01-15T10:00:00,492.55
2024-01-15T11:00:00,646.6
2024-01-15T12:00:00,713.75
2024-01-15T13:00:00,725.4
2024-01-15T14:00:00,675.88
2024-01-15T15:00:00,555.7
2024-01-15T16:00:00,358.58
2024-01-15T17:00:00,149.12
2024-01-15T18:00:00,12.52
2024-01-15T19:00:00,0.0
2024-01-15T20:00:00,0.0
2024-01-15T21:00:00,0.0
2024-01-15T22:00:00,0.0
2024-01-15T23:00:00,0.0
2024-01-16T00:00:00,0.0
2024-01-16T01:00:00,0.0
2024-01-16T02:00:00,0.0
2024-01-16T03:00:00,0.0
2024-01-16T04:00:00,0.0
2024-01-16T05:00:00,0.0
2024-01-16T06:00:00,4.8
2024-01-16T07:00:00,104.9
2024-01-16T08:00:00,288.25
2024-01-16T09:00:00,481.52
2024-01-16T10:00:00,632.8
2024-01-16T11:00:00,724.67
2024-01-16T12:00:00,745.12
2024-01-16T13:00:00,832.53
2024-01-16T14:00:00,663.65
2024-01-16T15:00:00,521.6
2024-01-16T16:00:00,329.9
2024-01-16T17:00:00,124.95
2024-01-16T18:00:00,12.4
2024-01-16T19:00:00,0.0
2024-01-16T20:00:00,0.0
2024-01-16T21:00:00,0.0
2024-01-16T22:00:00,0.0
2024-01-16T23:00:00,0.0
2024-01-17T00:00:00,0.0
2024-01-17T01:00:00,0.0
2024-01-17T02:00:00,0.0
2024-01-17T03:00:00,0.0
2024-01-17T04:00:00,0.0
2024-01-17T05:00:00,0.0
2024-01-17T06:00:00,1.55
2024-01-17T07:00:00,53.85
2024-01-17T08:00:00,152.48
2024-01-17T09:00:00,282.7
2024-01-17T10:00:00,556.15
2024-01-17T11:00:00,748.0
2024-01-17T12:00:00,794.55
2024-01-17T13:00:00,866.03
2024-01-17T14:00:00,652.0
2024-01-17T15:00:00,530.58
2024-01-17T16:00:00,340.2
2024-01-17T17:00:00,141.3
2024-01-17T18:00:00,13.88
2024-01-17T19:00:00,0.0
2024-01-17T20:00:00,0.0
2024-01-17T21:00:00,0.0
2024-01-17T22:00:00,0.0
2024-01-17T23:00:00,0.0
2024-01-18T00:00:00,0.0
2024-01-18T01:00:00,0.0
2024-01-18T02:00:00,0.0
2024-01-18T03:00:00,0.0
2024-01-18T04:00:00,0.0
2024-01-18T05:00:00,0.0
2024-01-18T06:00:00,5.6
2024-01-18T07:00:00,129.1
2024-01-18T08:00:00,323.9
2024-01-18T09:00:00,480.75
2024-01-18T10:00:00,780.58
2024-01-18T11:00:00,901.65
2024-01-18T12:00:00,943.28
2024-01-18T13:00:00,900.45
2024-01-18T14:00:00,804.65
2024-01-18T15:00:00,574.22
2024-01-18T16:00:00,398.2
2024-01-18T17:00:00,175.95
2024-01-18T18:00:00,15.32
2024-01-18T19:00:00,0.0
2024-01-18T20:00:00,0.0
2024-01-18T21:00:00,0.0
2024-01-18T22:00:00,0.0
2024-01-18T23:00:00,0.0
2024-01-19T00:00:00,0.0
2024-01-19T01:00:00,0.0
2024-01-19T02:00:00,0.0
2024-01-19T03:00:00,0.0
2024-01-19T04:00:00,0.0
2024-01-19T05:00:00,0.0
2024-01-19T06:00:00,4.88
2024-01-19T07:00:00,133.68
2024-01-19T08:00:00,360.23
2024-01-19T09:00:00,596.83
2024-01-19T10:00:00,786.4
2024-01-19T11:00:00,889.25
2024-01-19T12:00:00,931.08
2024-01-19T13:00:00,903.1
2024-01-19T14:00:00,777.67
2024-01-19T15:00:00,644.15
2024-01-19T16:00:00,384.27
2024-01-19T17:00:00,174.0
2024-01-19T18:00:00,15.3
2024-01-19T19:00:00,0.0
2024-01-19T20:00:00,0.0
2024-01-19T21:00:00,0.0
2024-01-19T22:00:00,0.0
2024-01-19T23:00:00,0.0
2024-01-20T00:00:00,0.0
2024-01-20T01:00:00,0.0
2024-01-20T02:00:00,0.0
2024-01-20T03:00:00,0.0
2024-01-20T04:00:00,0.0
2024-01-20T05:00:00,0.0
2024-01-20T06:00:00,5.3
2024-01-20T07:00:00,138.23
2024-01-20T08:00:00,356.23
2024-01-20T09:00:00,546.38
2024-01-20T10:00:00,696.3
2024-01-20T11:00:00,790.58
2024-01-20T12:00:00,937.45
2024-01-20T13:00:00,887.62
2024-01-20T14:00:00,776.25
2024-01-20T15:00:00,620.1
2024-01-20T16:00:00,411.02
2024-01-20T17:00:00,183.38
2024-01-20T18:00:00,15.1
2024-01-20T19:00:00,0.0
2024-01-20T20:00:00,0.0
2024-01-20T21:00:00,0.0
2024-01-20T22:00:00,0.0
2024-01-20T23:00:00,0.0
2024-01-21T00:00:00,0.0
2024-01-21T01:00:00,0.0
2024-01-21T02:00:00,0.0
2024-01-21T03:00:00,0.0
2024-01-21T04:00:00,0.0
2024-01-21T05:00:00,0.0
2024-01-21T06:00:00,5.22
2024-01-21T07:00:00,136.57
2024-01-21T08:00:00,359.92
2024-01-21T09:00:00,543.9
2024-01-21T10:00:00,757.65
2024-01-21T11:00:00,864.4
2024-01-21T12:00:00,920.8
2024-01-21T13:00:00,899.1
2024-01-21T14:00:00,756.83
2024-01-21T15:00:00,523.95
2024-01-21T16:00:00,329.83
2024-01-21T17:00:00,135.93
2024-01-21T18:00:00,11.73
2024-01-21T19:00:00,0.0
2024-01-21T20:00:00,0.0
2024-01-21T21:00:00,0.0
2024-01-21T22:00:00,0.0
2024-01-21T23:00:00,0.0
2024-01-22T00:00:00,0.0
2024-01-22T01:00:00,0.0
2024-01-22T02:00:00,0.0
2024-01-22T03:00:00,0.0
2024-01-22T04:00:00,0.0
2024-01-22T05:00:00,0.0
2024-01-22T06:00:00,3.75
2024-01-22T07:00:00,108.38
2024-01-22T08:00:00,313.25
2024-01-22T09:00:00,533.6
2024-01-22T10:00:00,749.1
2024-01-22T11:00:00,842.53
2024-01-22T12:00:00,913.7
2024-01-22T13:00:00,875.58
2024-01-22T14:00:00,782.33
2024-01-22T15:00:00,620.45
2024-01-22T16:00:00,407.08
2024-01-22T17:00:00,179.15
2024-01-22T18:00:00,15.9
2024-01-22T19:00:00,0.0
2024-01-22T20:00:00,0.0
2024-01-22T21:00:00,0.0
2024-01-22T22:00:00,0.0
2024-01-22T23:00:00,0.0
2024-01-23T00:00:00,0.0
2024-01-23T01:00:00,0.0
2024-01-23T02:00:00,0.0
2024-01-23T03:00:00,0.0
2024-01-23T04:00:00,0.0
2024-01-23T05:00:00,0.0
2024-01-23T06:00:00,4.62
2024-01-23T07:00:00,111.9
2024-01-23T08:00:00,312.17
2024-01-23T09:00:00,511.27
2024-01-23T10:00:00,641.8
2024-01-23T11:00:00,805.3
2024-01-23T12:00:00,899.33
2024-01-23T13:00:00,869.62
2024-01-23T14:00:00,715.35
2024-01-23T15:00:00,595.03
2024-01-23T16:00:00,371.12
2024-01-23T17:00:00,177.35
2024-01-23T18:00:00,17.15
2024-01-23T19:00:00,0.0
2024-01-23T20:00:00,0.0
2024-01-23T21:00:00,0.0
2024-01-23T22:00:00,0.0
2024-01-23T23:00:00,0.0
2024-01-24T00:00:00,0.0
2024-01-24T01:00:00,0.0
2024-01-24T02:00:00,0.0
2024-01-24T03:00:00,0.0
2024-01-24T04:00:00,0.0
2024-01-24T05:00:00,0.0
2024-01-24T06:00:00,5.1
2024-01-24T07:00:00,142.45
2024-01-24T08:00:00,366.15
2024-01-24T09:00:00,602.83
2024-01-24T10:00:00,773.17
2024-01-24T11:00:00,889.58
2024-01-24T12:00:00,937.97
2024-01-24T13:00:00,909.33
2024-01-24T14:00:00,823.58
2024-01-24T15:00:00,639.2
2024-01-24T16:00:00,401.62
2024-01-24T17:00:00,195.05
2024-01-24T18:00:00,19.45
2024-01-24T19:00:00,0.0
2024-01-24T20:00:00,0.0
2024-01-24T21:00:00,0.0
2024-01-24T22:00:00,0.0
2024-01-24T23:00:00,0.0
2024-01-25T00:00:00,0.0
2024-01-25T01:00:00,0.0
2024-01-25T02:00:00,0.0
2024-01-25T03:00:00,0.0
2024-01-25T04:00:00,0.0
2024-01-25T05:00:00,0.0
2024-01-25T06:00:00,4.25
2024-01-25T07:00:00,136.45
2024-01-25T08:00:00,371.42
2024-01-25T09:00:00,601.38
2024-01-25T10:00:00,778.9
2024-01-25T11:00:00,785.25
2024-01-25T12:00:00,845.62
2024-01-25T13:00:00,786.35
2024-01-25T14:00:00,614.67
2024-01-25T15:00:00,491.45
2024-01-25T16:00:00,331.85
2024-01-25T17:00:00,153.7
2024-01-25T18:00:00,12.85
2024-01-25T19:00:00,0.0
2024-01-25T20:00:00,0.0
2024-01-25T21:00:00,0.0
2024-01-25T22:00:00,0.0
2024-01-25T23:00:00,0.0
2024-01-26T00:00:00,0.0
2024-01-26T01:00:00,0.0
2024-01-26T02:00:00,0.0
2024-01-26T03:00:00,0.0
2024-01-26T04:00:00,0.0
2024-01-26T05:00:00,0.0
2024-01-26T06:00:00,3.03
2024-01-26T07:00:00,37.38
2024-01-26T08:00:00,164.15
2024-01-26T09:00:00,312.1
2024-01-26T10:00:00,463.0
2024-01-26T11:00:00,712.67
2024-01-26T12:00:00,723.03
2024-01-26T13:00:00,715.4
2024-01-26T14:00:00,685.72
2024-01-26T15:00:00,533.55
2024-01-26T16:00:00,331.58
2024-01-26T17:00:00,140.52
2024-01-26T18:00:00,14.52
2024-01-26T19:00:00,0.0
2024-01-26T20:00:00,0.0
2024-01-26T21:00:00,0.0
2024-01-26T22:00:00,0.0
2024-01-26T23:00:00,0.0
2024-01-27T00:00:00,0.0
2024-01-27T01:00:00,0.0
2024-01-27T02:00:00,0.0
2024-01-27T03:00:00,0.0
2024-01-27T04:00:00,0.0
2024-01-27T05:00:00,0.0
2024-01-27T06:00:00,2.65
2024-01-27T07:00:00,55.6
2024-01-27T08:00:00,150.35
2024-01-27T09:00:00,286.4
2024-01-27T10:00:00,272.38
2024-01-27T11:00:00,195.77
2024-01-27T12:00:00,231.73
2024-01-27T13:00:00,207.45
2024-01-27T14:00:00,232.27
2024-01-27T15:00:00,139.38
2024-01-27T16:00:00,93.07
2024-01-27T17:00:00,50.62
2024-01-27T18:00:00,5.75
2024-01-27T19:00:00,0.0
2024-01-27T20:00:00,0.0
2024-01-27T21:00:00,0.0
2024-01-27T22:00:00,0.0
2024-01-27T23:00:00,0.0
2024-01-28T00:00:00,0.0
2024-01-28T01:00:00,0.0
2024-01-28T02:00:00,0.0
2024-01-28T03:00:00,0.0
2024-01-28T04:00:00,0.0
2024-01-28T05:00:00,0.0
2024-01-28T06:00:00,1.73
2024-01-28T07:00:00,26.38
2024-01-28T08:00:00,62.22
2024-01-28T09:00:00,73.82
2024-01-28T10:00:00,136.02
2024-01-28T11:00:00,186.18
2024-01-28T12:00:00,155.25
2024-01-28T13:00:00,161.07
2024-01-28T14:00:00,183.93
2024-01-28T15:00:00,278.05
2024-01-28T16:00:00,160.3
2024-01-28T17:00:00,79.82
2024-01-28T18:00:00,8.45
2024-01-28T19:00:00,0.0
2024-01-28T20:00:00,0.0
2024-01-28T21:00:00,0.0
2024-01-28T22:00:00,0.0
2024-01-28T23:00:00,0.0
2024-01-29T00:00:00,0.0
2024-01-29T01:00:00,0.0
2024-01-29T02:00:00,0.0
2024-01-29T03:00:00,0.0
2024-01-29T04:00:00,0.0
2024-01-29T05:00:00,0.0
2024-01-29T06:00:00,3.67
2024-01-29T07:00:00,59.85
2024-01-29T08:00:00,210.52
2024-01-29T09:00:00,389.73
2024-01-29T10:00:00,560.22
2024-01-29T11:00:00,665.95
2024-01-29T12:00:00,613.45
2024-01-29T13:00:00,487.1
2024-01-29T14:00:00,378.95
2024-01-29T15:00:00,415.45
2024-01-29T16:00:00,200.18
2024-01-29T17:00:00,66.7
2024-01-29T18:00:00,10.2
2024-01-29T19:00:00,0.0
2024-01-29T20:00:00,0.0
2024-01-29T21:00:00,0.0
2024-01-29T22:00:00,0.0
2024-01-29T23:00:00,0.0
2024-01-30T00:00:00,0.0
2024-01-30T01:00:00,0.0
2024-01-30T02:00:00,0.0
2024-01-30T03:00:00,0.0
2024-01-30T04:00:00,0.0
2024-01-30T05:00:00,0.0
2024-01-30T06:00:00,3.58
2024-01-30T07:00:00,97.88
2024-01-30T08:00:00,303.1
2024-01-30T09:00:00,515.97
2024-01-30T10:00:00,661.45
2024-01-30T11:00:00,776.12
2024-01-30T12:00:00,875.6
2024-01-30T13:00:00,832.03
2024-01-30T14:00:00,752.95
2024-01-30T15:00:00,605.58
2024-01-30T16:00:00,394.38
2024-01-30T17:00:00,177.05
2024-01-30T18:00:00,18.02
2024-01-30T19:00:00,0.0
2024-01-30T20:00:00,0.0
2024-01-30T21:00:00,0.0
2024-01-30T22:00:00,0.0
2024-01-30T23:00:00,0.0
2024-01-31T00:00:00,0.0
2024-01-31T01:00:00,0.0
2024-01-31T02:00:00,0.0
2024-01-31T03:00:00,0.0
2024-01-31T04:00:00,0.0
2024-01-31T05:00:00,0.0
2024-01-31T06:00:00,3.08
2024-01-31T07:00:00,79.9
2024-01-31T08:00:00,242.4
2024-01-31T09:00:00,434.1
2024-01-31T10:00:00,487.4
2024-01-31T11:00:00,416.1
2024-01-31T12:00:00,333.42
2024-01-31T13:00:00,196.73
2024-01-31T14:00:00,219.27
2024-01-31T15:00:00,155.8
2024-01-31T16:00:00,85.8
2024-01-31T17:00:00,41.3
2024-01-31T18:00:00,4.88
2024-01-31T19:00:00,0.0
2024-01-31T20:00:00,0.0
2024-01-31T21:00:00,0.0
2024-01-31T22:00:00,0.0
2024-01-31T23:00:00,0.0
2024-02-01T00:00:00,0.0
2024-02-01T01:00:00,0.0
2024-02-01T02:00:00,0.0
2024-02-01T03:00:00,0.0
2024-02-01T04:00:00,0.0
2024-02-01T05:00:00,0.0
2024-02-01T06:00:00,2.97
2024-02-01T07:00:00,47.35
2024-02-01T08:00:00,112.65
2024-02-01T09:00:00,538.95
2024-02-01T10:00:00,724.4
2024-02-01T11:00:00,858.6
2024-02-01T12:00:00,918.33
2024-02-01T13:00:00,912.4
2024-02-01T14:00:00,818.47
2024-02-01T15:00:00,648.45
2024-02-01T16:00:00,436.8
2024-02-01T17:00:00,203.05
2024-02-01T18:00:00,19.33
2024-02-01T19:00:00,0.0
2024-02-01T20:00:00,0.0
2024-02-01T21:00:00,0.0
2024-02-01T22:00:00,0.0
2024-02-01T23:00:00,0.0
2024-02-02T00:00:00,0.0
2024-02-02T01:00:00,0.0
2024-02-02T02:00:00,0.0
2024-02-02T03:00:00,0.0
2024-02-02T04:00:00,0.0
2024-02-02T05:00:00,0.0
2024-02-02T06:00:00,3.95
2024-02-02T07:00:00,102.03
2024-02-02T08:00:00,297.77
2024-02-02T09:00:00,502.42
2024-02-02T10:00:00,658.55
2024-02-02T11:00:00,834.08
2024-02-02T12:00:00,874.58
2024-02-02T13:00:00,876.9
2024-02-02T14:00:00,768.25
2024-02-02T15:00:00,569.0
2024-02-02T16:00:00,356.4
2024-02-02T17:00:00,157.27
2024-02-02T18:00:00,16.92
2024-02-02T19:00:00,0.0
2024-02-02T20:00:00,0.0
2024-02-02T21:00:00,0.0
2024-02-02T22:00:00,0.0
2024-02-02T23:00:00,0.0
2024-02-03T00:00:00,0.0
2024-02-03T01:00:00,0.0
2024-02-03T02:00:00,0.0
2024-02-03T03:00:00,0.0
2024-02-03T04:00:00,0.0
2024-02-03T05:00:00,0.0
2024-02-03T06:00:00,4.07
2024-02-03T07:00:00,135.18
2024-02-03T08:00:00,368.2
2024-02-03T09:00:00,603.05
2024-02-03T10:00:00,763.72
2024-02-03T11:00:00,757.55
2024-02-03T12:00:00,716.35
2024-02-03T13:00:00,655.78
2024-02-03T14:00:00,534.22
2024-02-03T15:00:00,384.62
2024-02-03T16:00:00,234.3
2024-02-03T17:00:00,106.53
2024-02-03T18:00:00,11.9
2024-02-03T19:00:00,0.0
2024-02-03T20:00:00,0.0
2024-02-03T21:00:00,0.0
2024-02-03T22:00:00,0.0
2024-02-03T23:00:00,0.0
2024-02-04T00:00:00,0.0
2024-02-04T01:00:00,0.0
2024-02-04T02:00:00,0.0
2024-02-04T03:00:00,0.0
2024-02-04T04:00:00,0.0
2024-02-04T05:00:00,0.0
2024-02-04T06:00:00,3.3
2024-02-04T07:00:00,101.2
2024-02-04T08:00:00,307.98
2024-02-04T09:00:00,525.15
2024-02-04T10:00:00,709.92
2024-02-04T11:00:00,828.35
2024-02-04T12:00:00,893.58
2024-02-04T13:00:00,791.22
2024-02-04T14:00:00,754.9
2024-02-04T15:00:00,610.58
2024-02-04T16:00:00,412.38
2024-02-04T17:00:00,186.98
2024-02-04T18:00:00,19.35
2024-02-04T19:00:00,0.0
2024-02-04T20:00:00,0.0
2024-02-04T21:00:00,0.0
2024-02-04T22:00:00,0.0
2024-02-04T23:00:00,0.0
2024-02-05T00:00:00,0.0
2024-02-05T01:00:00,0.0
2024-02-05T02:00:00,0.0
2024-02-05T03:00:00,0.0
2024-02-05T04:00:00,0.0
2024-02-05T05:00:00,0.0
2024-02-05T06:00:00,3.67
2024-02-05T07:00:00,95.53
2024-02-05T08:00:00,303.52
2024-02-05T09:00:00,514.8
2024-02-05T10:00:00,674.95
2024-02-05T11:00:00,811.8
2024-02-05T12:00:00,885.17
2024-02-05T13:00:00,804.92
2024-02-05T14:00:00,679.33
2024-02-05T15:00:00,523.17
2024-02-05T16:00:00,321.7
2024-02-05T17:00:00,143.23
2024-02-05T18:00:00,15.07
2024-02-05T19:00:00,0.0
2024-02-05T20:00:00,0.0
2024-02-05T21:00:00,0.0
2024-02-05T22:00:00,0.0
2024-02-05T23:00:00,0.0
2024-02-06T00:00:00,0.0
2024-02-06T01:00:00,0.0
2024-02-06T02:00:00,0.0
2024-02-06T03:00:00,0.0
2024-02-06T04:00:00,0.0
2024-02-06T05:00:00,0.0
2024-02-06T06:00:00,3.83
2024-02-06T07:00:00,101.78
2024-02-06T08:00:00,316.38
2024-02-06T09:00:00,521.72
2024-02-06T10:00:00,660.95
2024-02-06T11:00:00,736.78
2024-02-06T12:00:00,829.28
2024-02-06T13:00:00,841.47
2024-02-06T14:00:00,670.3
2024-02-06T15:00:00,559.47
2024-02-06T16:00:00,362.67
2024-02-06T17:00:00,155.4
2024-02-06T18:00:00,19.02
2024-02-06T19:00:00,0.0
2024-02-06T20:00:00,0.0
2024-02-06T21:00:00,0.0
2024-02-06T22:00:00,0.0
2024-02-06T23:00:00,0.0
2024-02-07T00:00:00,0.0
2024-02-07T01:00:00,0.0
2024-02-07T02:00:00,0.0
2024-02-07T03:00:00,0.0
2024-02-07T04:00:00,0.0
2024-02-07T05:00:00,0.0
2024-02-07T06:00:00,3.75
2024-02-07T07:00:00,80.78
2024-02-07T08:00:00,237.7
2024-02-07T09:00:00,425.65
2024-02-07T10:00:00,563.03
2024-02-07T11:00:00,657.38
2024-02-07T12:00:00,706.5
2024-02-07T13:00:00,722.95
2024-02-07T14:00:00,562.72
2024-02-07T15:00:00,447.73
2024-02-07T16:00:00,286.85
2024-02-07T17:00:00,107.28
2024-02-07T18:00:00,14.0
2024-02-07T19:00:00,0.0
2024-02-07T20:00:00,0.0
2024-02-07T21:00:00,0.0
2024-02-07T22:00:00,0.0
2024-02-07T23:00:00,0.0
2024-02-08T00:00:00,0.0
2024-02-08T01:00:00,0.0
2024-02-08T02:00:00,0.0
2024-02-08T03:00:00,0.0
2024-02-08T04:00:00,0.0
2024-02-08T05:00:00,0.0
2024-02-08T06:00:00,3.78
2024-02-08T07:00:00,99.9
2024-02-08T08:00:00,282.35
2024-02-08T09:00:00,465.85
2024-02-08T10:00:00,638.7
2024-02-08T11:00:00,697.85
2024-02-08T12:00:00,844.65
2024-02-08T13:00:00,878.25
2024-02-08T14:00:00,780.97
2024-02-08T15:00:00,584.67
2024-02-08T16:00:00,386.6
2024-02-08T17:00:00,185.9
2024-02-08T18:00:00,19.1
2024-02-08T19:00:00,0.0
2024-02-08T20:00:00,0.0
2024-02-08T21:00:00,0.0
2024-02-08T22:00:00,0.0
2024-02-08T23:00:00,0.0
2024-02-09T00:00:00,0.0
2024-02-09T01:00:00,0.0
2024-02-09T02:00:00,0.0
2024-02-09T03:00:00,0.0
2024-02-09T04:00:00,0.0
2024-02-09T05:00:00,0.0
2024-02-09T06:00:00,3.22
2024-02-09T07:00:00,77.05
2024-02-09T08:00:00,229.6
2024-02-09T09:00:00,407.25
2024-02-09T10:00:00,566.25
2024-02-09T11:00:00,592.05
2024-02-09T12:00:00,586.95
2024-02-09T13:00:00,576.03
2024-02-09T14:00:00,503.92
2024-02-09T15:00:00,449.35
2024-02-09T16:00:00,280.08
2024-02-09T17:00:00,120.0
2024-02-09T18:00:00,12.85
2024-02-09T19:00:00,0.0
2024-02-09T20:00:00,0.0
2024-02-09T21:00:00,0.0
2024-02-09T22:00:00,0.0
2024-02-09T23:00:00,0.0
2024-02-10T00:00:00,0.0
2024-02-10T01:00:00,0.0
2024-02-10T02:00:00,0.0
2024-02-10T03:00:00,0.0
2024-02-10T04:00:00,0.0
2024-02-10T05:00:00,0.0
2024-02-10T06:00:00,1.58
2024-02-10T07:00:00,13.23
2024-02-10T08:00:00,34.4
2024-02-10T09:00:00,76.85
2024-02-10T10:00:00,71.7
2024-02-10T11:00:00,78.97
2024-02-10T12:00:00,66.12
2024-02-10T13:00:00,60.12
2024-02-10T14:00:00,70.03
2024-02-10T15:00:00,103.75
2024-02-10T16:00:00,91.9
2024-02-10T17:00:00,31.05
2024-02-10T18:00:00,6.95
2024-02-10T19:00:00,0.0
2024-02-10T20:00:00,0.0
2024-02-10T21:00:00,0.0
2024-02-10T22:00:00,0.0
2024-02-10T23:00:00,0.0
2024-02-11T00:00:00,0.0
2024-02-11T01:00:00,0.0
2024-02-11T02:00:00,0.0
2024-02-11T03:00:00,0.0
2024-02-11T04:00:00,0.0
2024-02-11T05:00:00,0.0
2024-02-11T06:00:00,1.98
2024-02-11T07:00:00,49.8
2024-02-11T08:00:00,146.55
2024-02-11T09:00:00,241.85
2024-02-11T10:00:00,329.8
2024-02-11T11:00:00,406.38
2024-02-11T12:00:00,538.5
2024-02-11T13:00:00,421.85
2024-02-11T14:00:00,403.08
2024-02-11T15:00:00,299.9
2024-02-11T16:00:00,186.05
2024-02-11T17:00:00,81.62
2024-02-11T18:00:00,9.55
2024-02-11T19:00:00,0.0
2024-02-11T20:00:00,0.0
2024-02-11T21:00:00,0.0
2024-02-11T22:00:00,0.0
2024-02-11T23:00:00,0.0
2024-02-12T00:00:00,0.0
2024-02-12T01:00:00,0.0
2024-02-12T02:00:00,0.0
2024-02-12T03:00:00,0.0
2024-02-12T04:00:00,0.0
2024-02-12T05:00:00,0.0
2024-02-12T06:00:00,3.1
2024-02-12T07:00:00,90.18
2024-02-12T08:00:00,287.9
2024-02-12T09:00:00,491.92
2024-02-12T10:00:00,661.08
2024-02-12T11:00:00,784.4
2024-02-12T12:00:00,822.65
2024-02-12T13:00:00,839.67
2024-02-12T14:00:00,760.28
2024-02-12T15:00:00,550.05
2024-02-12T16:00:00,362.7
2024-02-12T17:00:00,157.12
2024-02-12T18:00:00,17.35
2024-02-12T19:00:00,0.0
2024-02-12T20:00:00,0.0
2024-02-12T21:00:00,0.0
2024-02-12T22:00:00,0.0
2024-02-12T23:00:00,0.0
2024-02-13T00:00:00,0.0
2024-02-13T01:00:00,0.0
2024-02-13T02:00:00,0.0
2024-02-13T03:00:00,0.0
2024-02-13T04:00:00,0.0
2024-02-13T05:00:00,0.0
2024-02-13T06:00:00,2.7
2024-02-13T07:00:00,90.57
2024-02-13T08:00:00,245.68
2024-02-13T09:00:00,432.12
2024-02-13T10:00:00,595.05
2024-02-13T11:00:00,699.47
2024-02-13T12:00:00,712.92
2024-02-13T13:00:00,771.75
2024-02-13T14:00:00,712.05
2024-02-13T15:00:00,513.42
2024-02-13T16:00:00,329.92
2024-02-13T17:00:00,138.32
2024-02-13T18:00:00,15.38
2024-02-13T19:00:00,0.0
2024-02-13T20:00:00,0.0
2024-02-13T21:00:00,0.0
2024-02-13T22:00:00,0.0
2024-02-13T23:00:00,0.0
2024-02-14T00:00:00,0.0
2024-02-14T01:00:00,0.0
2024-02-14T02:00:00,0.0
2024-02-14T03:00:00,0.0
2024-02-14T04:00:00,0.0
2024-02-14T05:00:00,0.0
2024-02-14T06:00:00,2.5
2024-02-14T07:00:00,75.25
2024-02-14T08:00:00,231.4
2024-02-14T09:00:00,408.4
2024-02-14T10:00:00,566.35
2024-02-14T11:00:00,689.17
2024-02-14T12:00:00,735.85
2024-02-14T13:00:00,643.38
2024-02-14T14:00:00,402.27
2024-02-14T15:00:00,226.0
2024-02-14T16:00:00,143.57
2024-02-14T17:00:00,68.6
2024-02-14T18:00:00,7.6
2024-02-14T19:00:00,0.0
2024-02-14T20:00:00,0.0
2024-02-14T21:00:00,0.0
2024-02-14T22:00:00,0.0
2024-02-14T23:00:00,0.0
2024-02-15T00:00:00,0.0
2024-02-15T01:00:00,0.0
2024-02-15T02:00:00,0.0
2024-02-15T03:00:00,0.0
2024-02-15T04:00:00,0.0
2024-02-15T05:00:00,0.0
2024-02-15T06:00:00,1.27
2024-02-15T07:00:00,28.8
2024-02-15T08:00:00,72.38
2024-02-15T09:00:00,119.95
2024-02-15T10:00:00,152.82
2024-02-15T11:00:00,204.62
2024-02-15T12:00:00,359.2
2024-02-15T13:00:00,386.75
2024-02-15T14:00:00,337.2
2024-02-15T15:00:00,239.65
2024-02-15T16:00:00,162.93
2024-02-15T17:00:00,75.25
2024-02-15T18:00:00,9.1
2024-02-15T19:00:00,0.0
2024-02-15T20:00:00,0.0
2024-02-15T21:00:00,0.0
2024-02-15T22:00:00,0.0
2024-02-15T23:00:00,0.0
2024-02-16T00:00:00,0.0
2024-02-16T01:00:00,0.0
2024-02-16T02:00:00,0.0
2024-02-16T03:00:00,0.0
2024-02-16T04:00:00,0.0
2024-02-16T05:00:00,0.0
2024-02-16T06:00:00,3.22
2024-02-16T07:00:00,119.55
2024-02-16T08:00:00,319.4
2024-02-16T09:00:00,545.08
2024-02-16T10:00:00,680.72
2024-02-16T11:00:00,841.58
2024-02-16T12:00:00,927.35
2024-02-16T13:00:00,938.9
2024-02-16T14:00:00,760.17
2024-02-16T15:00:00,571.2
2024-02-16T16:00:00,374.08
2024-02-16T17:00:00,166.25
2024-02-16T18:00:00,18.45
2024-02-16T19:00:00,0.0
2024-02-16T20:00:00,0.0
2024-02-16T21:00:00,0.0
2024-02-16T22:00:00,0.0
2024-02-16T23:00:00,0.0
2024-02-17T00:00:00,0.0
2024-02-17T01:00:00,0.0
2024-02-17T02:00:00,0.0
2024-02-17T03:00:00,0.0
2024-02-17T04:00:00,0.0
2024-02-17T05:00:00,0.0
2024-02-17T06:00:00,4.07
2024-02-17T07:00:00,126.43
2024-02-17T08:00:00,346.02
2024-02-17T09:00:00,539.0
2024-02-17T10:00:00,724.88
2024-02-17T11:00:00,825.72
2024-02-17T12:00:00,850.95
2024-02-17T13:00:00,841.92
2024-02-17T14:00:00,743.42
2024-02-17T15:00:00,591.92
2024-02-17T16:00:00,377.9
2024-02-17T17:00:00,165.38
2024-02-17T18:00:00,17.5
2024-02-17T19:00:00,0.0
2024-02-17T20:00:00,0.0
2024-02-17T21:00:00,0.0
2024-02-17T22:00:00,0.0
2024-02-17T23:00:00,0.0
2024-02-18T00:00:00,0.0
2024-02-18T01:00:00,0.0
2024-02-18T02:00:00,0.0
2024-02-18T03:00:00,0.0
2024-02-18T04:00:00,0.0
2024-02-18T05:00:00,0.0
2024-02-18T06:00:00,2.4
2024-02-18T07:00:00,73.15
2024-02-18T08:00:00,195.32
2024-02-18T09:00:00,372.75
2024-02-18T10:00:00,533.33
2024-02-18T11:00:00,617.35
2024-02-18T12:00:00,653.9
2024-02-18T13:00:00,702.22
2024-02-18T14:00:00,545.8
2024-02-18T15:00:00,433.23
2024-02-18T16:00:00,288.98
2024-02-18T17:00:00,119.65
2024-02-18T18:00:00,12.73
2024-02-18T19:00:00,0.0
2024-02-18T20:00:00,0.0
2024-02-18T21:00:00,0.0
2024-02-18T22:00:00,0.0
2024-02-18T23:00:00,0.0
2024-02-19T00:00:00,0.0
2024-02-19T01:00:00,0.0
2024-02-19T02:00:00,0.0
2024-02-19T03:00:00,0.0
2024-02-19T04:00:00,0.0
2024-02-19T05:00:00,0.0
2024-02-19T06:00:00,4.07
2024-02-19T07:00:00,141.45
2024-02-19T08:00:00,388.92
2024-02-19T09:00:00,629.95
2024-02-19T10:00:00,816.2
2024-02-19T11:00:00,941.7
2024-02-19T12:00:00,997.35
2024-02-19T13:00:00,969.03
2024-02-19T14:00:00,854.78
2024-02-19T15:00:00,696.2
2024-02-19T16:00:00,464.95
2024-02-19T17:00:00,217.75
2024-02-19T18:00:00,23.92
2024-02-19T19:00:00,0.0
2024-02-19T20:00:00,0.0
2024-02-19T21:00:00,0.0
2024-02-19T22:00:00,0.0
2024-02-19T23:00:00,0.0
2024-02-20T00:00:00,0.0
2024-02-20T01:00:00,0.0
2024-02-20T02:00:00,0.0
2024-02-20T03:00:00,0.0
2024-02-20T04:00:00,0.0
2024-02-20T05:00:00,0.0
2024-02-20T06:00:00,4.57
2024-02-20T07:00:00,120.93
2024-02-20T08:00:00,327.58
2024-02-20T09:00:00,536.65
2024-02-20T10:00:00,707.08
2024-02-20T11:00:00,802.6
2024-02-20T12:00:00,860.33
2024-02-20T13:00:00,846.55
2024-02-20T14:00:00,751.28
2024-02-20T15:00:00,641.5
2024-02-20T16:00:00,400.2
2024-02-20T17:00:00,176.82
2024-02-20T18:00:00,20.15
2024-02-20T19:00:00,0.0
2024-02-20T20:00:00,0.0
2024-02-20T21:00:00,0.0
2024-02-20T22:00:00,0.0
2024-02-20T23:00:00,0.0
2024-02-21T00:00:00,0.0
2024-02-21T01:00:00,0.0
2024-02-21T02:00:00,0.0
2024-02-21T03:00:00,0.0
2024-02-21T04:00:00,0.0
2024-02-21T05:00:00,0.0
2024-02-21T06:00:00,3.05
2024-02-21T07:00:00,113.55
2024-02-21T08:00:00,289.33
2024-02-21T09:00:00,461.4
2024-02-21T10:00:00,655.53
2024-02-21T11:00:00,766.9
2024-02-21T12:00:00,802.33
2024-02-21T13:00:00,881.8
2024-02-21T14:00:00,744.3
2024-02-21T15:00:00,560.83
2024-02-21T16:00:00,402.4
2024-02-21T17:00:00,180.73
2024-02-21T18:00:00,20.62
2024-02-21T19:00:00,0.0
2024-02-21T20:00:00,0.0
2024-02-21T21:00:00,0.0
2024-02-21T22:00:00,0.0
2024-02-21T23:00:00,0.0
2024-02-22T00:00:00,0.0
2024-02-22T01:00:00,0.0
2024-02-22T02:00:00,0.0
2024-02-22T03:00:00,0.0
2024-02-22T04:00:00,0.0
2024-02-22T05:00:00,0.0
2024-02-22T06:00:00,4.85
2024-02-22T07:00:00,149.07
2024-02-22T08:00:00,398.48
2024-02-22T09:00:00,612.25
2024-02-22T10:00:00,821.58
2024-02-22T11:00:00,940.33
2024-02-22T12:00:00,998.42
2024-02-22T13:00:00,978.28
2024-02-22T14:00:00,855.67
2024-02-22T15:00:00,662.03
2024-02-22T16:00:00,454.62
2024-02-22T17:00:00,217.4
2024-02-22T18:00:00,23.98
2024-02-22T19:00:00,0.0
2024-02-22T20:00:00,0.0
2024-02-22T21:00:00,0.0
2024-02-22T22:00:00,0.0
2024-02-22T23:00:00,0.0
2024-02-23T00:00:00,0.0
2024-02-23T01:00:00,0.0
2024-02-23T02:00:00,0.0
2024-02-23T03:00:00,0.0
2024-02-23T04:00:00,0.0
2024-02-23T05:00:00,0.0
2024-02-23T06:00:00,4.6
2024-02-23T07:00:00,139.95
2024-02-23T08:00:00,374.85
2024-02-23T09:00:00,592.92
2024-02-23T10:00:00,789.25
2024-02-23T11:00:00,827.75
2024-02-23T12:00:00,923.97
2024-02-23T13:00:00,955.1
2024-02-23T14:00:00,837.8
2024-02-23T15:00:00,651.08
2024-02-23T16:00:00,457.6
2024-02-23T17:00:00,201.55
2024-02-23T18:00:00,22.42
2024-02-23T19:00:00,0.0
2024-02-23T20:00:00,0.0
2024-02-23T21:00:00,0.0
2024-02-23T22:00:00,0.0
2024-02-23T23:00:00,0.0
2024-02-24T00:00:00,0.0
2024-02-24T01:00:00,0.0
2024-02-24T02:00:00,0.0
2024-02-24T03:00:00,0.0
2024-02-24T04:00:00,0.0
2024-02-24T05:00:00,0.0
2024-02-24T06:00:00,3.7
2024-02-24T07:00:00,125.7
2024-02-24T08:00:00,366.98
2024-02-24T09:00:00,605.12
2024-02-24T10:00:00,794.17
2024-02-24T11:00:00,928.4
2024-02-24T12:00:00,981.17
2024-02-24T13:00:00,955.03
2024-02-24T14:00:00,866.75
2024-02-24T15:00:00,672.25
2024-02-24T16:00:00,472.58
2024-02-24T17:00:00,225.0
2024-02-24T18:00:00,22.83
2024-02-24T19:00:00,0.0
2024-02-24T20:00:00,0.0
2024-02-24T21:00:00,0.0
2024-02-24T22:00:00,0.0
2024-02-24T23:00:00,0.0
2024-02-25T00:00:00,0.0
2024-02-25T01:00:00,0.0
2024-02-25T02:00:00,0.0
2024-02-25T03:00:00,0.0
2024-02-25T04:00:00,0.0
2024-02-25T05:00:00,0.0
2024-02-25T06:00:00,4.9
2024-02-25T07:00:00,135.98
2024-02-25T08:00:00,341.23
2024-02-25T09:00:00,609.05
2024-02-25T10:00:00,788.28
2024-02-25T11:00:00,864.7
2024-02-25T12:00:00,962.17
2024-02-25T13:00:00,880.38
2024-02-25T14:00:00,824.53
2024-02-25T15:00:00,674.88
2024-02-25T16:00:00,448.7
2024-02-25T17:00:00,207.23
2024-02-25T18:00:00,20.9
2024-02-25T19:00:00,0.0
2024-02-25T20:00:00,0.0
2024-02-25T21:00:00,0.0
2024-02-25T22:00:00,0.0
2024-02-25T23:00:00,0.0
2024-02-26T00:00:00,0.0
2024-02-26T01:00:00,0.0
2024-02-26T02:00:00,0.0
2024-02-26T03:00:00,0.0
2024-02-26T04:00:00,0.0
2024-02-26T05:00:00,0.0
2024-02-26T06:00:00,3.22
2024-02-26T07:00:00,102.15
2024-02-26T08:00:00,250.73
2024-02-26T09:00:00,381.38
2024-02-26T10:00:00,504.7
2024-02-26T11:00:00,600.42
2024-02-26T12:00:00,666.53
2024-02-26T13:00:00,641.65
2024-02-26T14:00:00,545.3
2024-02-26T15:00:00,415.05
2024-02-26T16:00:00,286.4
2024-02-26T17:00:00,131.95
2024-02-26T18:00:00,14.8
2024-02-26T19:00:00,0.0
2024-02-26T20:00:00,0.0
2024-02-26T21:00:00,0.0
2024-02-26T22:00:00,0.0
2024-02-26T23:00:00,0.0
2024-02-27T00:00:00,0.0
2024-02-27T01:00:00,0.0
2024-02-27T02:00:00,0.0
2024-02-27T03:00:00,0.0
2024-02-27T04:00:00,0.0
2024-02-27T05:00:00,0.0
2024-02-27T06:00:00,5.28
2024-02-27T07:00:00,151.55
2024-02-27T08:00:00,403.2
2024-02-27T09:00:00,632.65
2024-02-27T10:00:00,824.7
2024-02-27T11:00:00,947.53
2024-02-27T12:00:00,991.42
2024-02-27T13:00:00,952.83
2024-02-27T14:00:00,847.6
2024-02-27T15:00:00,682.2
2024-02-27T16:00:00,458.9
2024-02-27T17:00:00,202.25
2024-02-27T18:00:00,20.42
2024-02-27T19:00:00,0.0
2024-02-27T20:00:00,0.0
2024-02-27T21:00:00,0.0
2024-02-27T22:00:00,0.0
2024-02-27T23:00:00,0.0
2024-02-28T00:00:00,0.0
2024-02-28T01:00:00,0.0
2024-02-28T02:00:00,0.0
2024-02-28T03:00:00,0.0
2024-02-28T04:00:00,0.0
2024-02-28T05:00:00,0.0
2024-02-28T06:00:00,4.88
2024-02-28T07:00:00,141.07
2024-02-28T08:00:00,396.75
2024-02-28T09:00:00,636.05
2024-02-28T10:00:00,824.8
2024-02-28T11:00:00,947.83
2024-02-28T12:00:00,1002.88
2024-02-28T13:00:00,981.47
2024-02-28T14:00:00,863.53
2024-02-28T15:00:00,693.72
2024-02-28T16:00:00,460.92
2024-02-28T17:00:00,207.18
2024-02-28T18:00:00,21.62
2024-02-28T19:00:00,0.0
2024-02-28T20:00:00,0.0
2024-02-28T21:00:00,0.0
2024-02-28T22:00:00,0.0
2024-02-28T23:00:00,0.0
2024-02-29T00:00:00,0.0
2024-02-29T01:00:00,0.0
2024-02-29T02:00:00,0.0
2024-02-29T03:00:00,0.0
2024-02-29T04:00:00,0.0
2024-02-29T05:00:00,0.0
2024-02-29T06:00:00,4.45
2024-02-29T07:00:00,140.4
2024-02-29T08:00:00,360.5
2024-02-29T09:00:00,490.0
2024-02-29T10:00:00,650.45
2024-02-29T11:00:00,893.3
2024-02-29T12:00:00,926.97
2024-02-29T13:00:00,884.65
2024-02-29T14:00:00,761.78
2024-02-29T15:00:00,466.88
2024-02-29T16:00:00,236.18
2024-02-29T17:00:00,93.5
2024-02-29T18:00:00,7.82
2024-02-29T19:00:00,0.0
2024-02-29T20:00:00,0.0
2024-02-29T21:00:00,0.0
2024-02-29T22:00:00,0.0
2024-02-29T23:00:00,0.0
2024-03-01T00:00:00,0.0
2024-03-01T01:00:00,0.0
2024-03-01T02:00:00,0.0
2024-03-01T03:00:00,0.0
2024-03-01T04:00:00,0.0
2024-03-01T05:00:00,0.0
2024-03-01T06:00:00,0.47
2024-03-01T07:00:00,62.5
2024-03-01T08:00:00,268.95
2024-03-01T09:00:00,503.92
2024-03-01T10:00:00,726.92
2024-03-01T11:00:00,507.55
2024-03-01T12:00:00,579.5
2024-03-01T13:00:00,690.15
2024-03-01T14:00:00,769.2
2024-03-01T15:00:00,622.9
2024-03-01T16:00:00,430.85
2024-03-01T17:00:00,196.43
2024-03-01T18:00:00,20.77
2024-03-01T19:00:00,0.0
2024-03-01T20:00:00,0.0
2024-03-01T21:00:00,0.0
2024-03-01T22:00:00,0.0
2024-03-01T23:00:00,0.0
2024-03-02T00:00:00,0.0
2024-03-02T01:00:00,0.0
2024-03-02T02:00:00,0.0
2024-03-02T03:00:00,0.0
2024-03-02T04:00:00,0.0
2024-03-02T05:00:00,0.0
2024-03-02T06:00:00,5.65
2024-03-02T07:00:00,155.23
2024-03-02T08:00:00,405.17
2024-03-02T09:00:00,632.33
2024-03-02T10:00:00,819.42
2024-03-02T11:00:00,949.0
2024-03-02T12:00:00,1003.17
2024-03-02T13:00:00,968.42
2024-03-02T14:00:00,860.4
2024-03-02T15:00:00,678.55
2024-03-02T16:00:00,469.08
2024-03-02T17:00:00,216.15
2024-03-02T18:00:00,21.5
2024-03-02T19:00:00,0.0
2024-03-02T20:00:00,0.0
2024-03-02T21:00:00,0.0
2024-03-02T22:00:00,0.0
2024-03-02T23:00:00,0.0
2024-03-03T00:00:00,0.0
2024-03-03T01:00:00,0.0
2024-03-03T02:00:00,0.0
2024-03-03T03:00:00,0.0
2024-03-03T04:00:00,0.0
2024-03-03T05:00:00,0.0
2024-03-03T06:00:00,5.22
2024-03-03T07:00:00,145.15
2024-03-03T08:00:00,365.92
2024-03-03T09:00:00,591.78
2024-03-03T10:00:00,776.15
2024-03-03T11:00:00,913.28
2024-03-03T12:00:00,851.15
2024-03-03T13:00:00,891.3
2024-03-03T14:00:00,695.97
2024-03-03T15:00:00,512.2
2024-03-03T16:00:00,308.4
2024-03-03T17:00:00,141.93
2024-03-03T18:00:00,13.62
2024-03-03T19:00:00,0.0
2024-03-03T20:00:00,0.0
2024-03-03T21:00:00,0.0
2024-03-03T22:00:00,0.0
2024-03-03T23:00:00,0.0
2024-03-04T00:00:00,0.0
2024-03-04T01:00:00,0.0
2024-03-04T02:00:00,0.0
2024-03-04T03:00:00,0.0
2024-03-04T04:00:00,0.0
2024-03-04T05:00:00,0.0
2024-03-04T06:00:00,3.08
2024-03-04T07:00:00,143.98
2024-03-04T08:00:00,348.6
2024-03-04T09:00:00,544.5
2024-03-04T10:00:00,713.25
2024-03-04T11:00:00,846.92
2024-03-04T12:00:00,933.12
2024-03-04T13:00:00,939.35
2024-03-04T14:00:00,748.92
2024-03-04T15:00:00,561.67
2024-03-04T16:00:00,396.12
2024-03-04T17:00:00,190.95
2024-03-04T18:00:00,18.4
2024-03-04T19:00:00,0.0
2024-03-04T20:00:00,0.0
2024-03-04T21:00:00,0.0
2024-03-04T22:00:00,0.0
2024-03-04T23:00:00,0.0
2024-03-05T00:00:00,0.0
2024-03-05T01:00:00,0.0
2024-03-05T02:00:00,0.0
2024-03-05T03:00:00,0.0
2024-03-05T04:00:00,0.0
2024-03-05T05:00:00,0.0
2024-03-05T06:00:00,5.53
2024-03-05T07:00:00,123.25
2024-03-05T08:00:00,343.6
2024-03-05T09:00:00,544.78
2024-03-05T10:00:00,684.47
2024-03-05T11:00:00,791.42
2024-03-05T12:00:00,928.4
2024-03-05T13:00:00,889.47
2024-03-05T14:00:00,744.0
2024-03-05T15:00:00,561.1
2024-03-05T16:00:00,262.65
2024-03-05T17:00:00,105.28
2024-03-05T18:00:00,10.05
2024-03-05T19:00:00,0.0
2024-03-05T20:00:00,0.0
2024-03-05T21:00:00,0.0
2024-03-05T22:00:00,0.0
2024-03-05T23:00:00,0.0
2024-03-06T00:00:00,0.0
2024-03-06T01:00:00,0.0
2024-03-06T02:00:00,0.0
2024-03-06T03:00:00,0.0
2024-03-06T04:00:00,0.0
2024-03-06T05:00:00,0.0
2024-03-06T06:00:00,1.3
2024-03-06T07:00:00,20.6
2024-03-06T08:00:00,51.85
2024-03-06T09:00:00,66.0
2024-03-06T10:00:00,97.47
2024-03-06T11:00:00,131.93
2024-03-06T12:00:00,158.93
2024-03-06T13:00:00,211.15
2024-03-06T14:00:00,165.27
2024-03-06T15:00:00,197.57
2024-03-06T16:00:00,123.7
2024-03-06T17:00:00,55.85
2024-03-06T18:00:00,6.88
2024-03-06T19:00:00,0.0
2024-03-06T20:00:00,0.0
2024-03-06T21:00:00,0.0
2024-03-06T22:00:00,0.0
2024-03-06T23:00:00,0.0
2024-03-07T00:00:00,0.0
2024-03-07T01:00:00,0.0
2024-03-07T02:00:00,0.0
2024-03-07T03:00:00,0.0
2024-03-07T04:00:00,0.0
2024-03-07T05:00:00,0.0
2024-03-07T06:00:00,5.9
2024-03-07T07:00:00,114.35
2024-03-07T08:00:00,305.8
2024-03-07T09:00:00,479.83
2024-03-07T10:00:00,646.67
2024-03-07T11:00:00,797.1
2024-03-07T12:00:00,903.3
2024-03-07T13:00:00,926.42
2024-03-07T14:00:00,825.8
2024-03-07T15:00:00,626.45
2024-03-07T16:00:00,437.65
2024-03-07T17:00:00,201.3
2024-03-07T18:00:00,19.9
2024-03-07T19:00:00,0.0
2024-03-07T20:00:00,0.0
2024-03-07T21:00:00,0.0
2024-03-07T22:00:00,0.0
2024-03-07T23:00:00,0.0
2024-03-08T00:00:00,0.0
2024-03-08T01:00:00,0.0
2024-03-08T02:00:00,0.0
2024-03-08T03:00:00,0.0
2024-03-08T04:00:00,0.0
2024-03-08T05:00:00,0.0
2024-03-08T06:00:00,6.62
2024-03-08T07:00:00,156.4
2024-03-08T08:00:00,391.55
2024-03-08T09:00:00,589.67
2024-03-08T10:00:00,759.2
2024-03-08T11:00:00,894.05
2024-03-08T12:00:00,970.97
2024-03-08T13:00:00,774.6
2024-03-08T14:00:00,701.65
2024-03-08T15:00:00,618.03
2024-03-08T16:00:00,349.02
2024-03-08T17:00:00,135.5
2024-03-08T18:00:00,11.43
2024-03-08T19:00:00,0.0
2024-03-08T20:00:00,0.0
2024-03-08T21:00:00,0.0
2024-03-08T22:00:00,0.0
2024-03-08T23:00:00,0.0
2024-03-09T00:00:00,0.0
2024-03-09T01:00:00,0.0
2024-03-09T02:00:00,0.0
2024-03-09T03:00:00,0.0
2024-03-09T04:00:00,0.0
2024-03-09T05:00:00,0.0
2024-03-09T06:00:00,6.07
2024-03-09T07:00:00,137.48
2024-03-09T08:00:00,355.33
2024-03-09T09:00:00,550.42
2024-03-09T10:00:00,689.75
2024-03-09T11:00:00,907.28
2024-03-09T12:00:00,731.8
2024-03-09T13:00:00,767.33
2024-03-09T14:00:00,659.2
2024-03-09T15:00:00,517.83
2024-03-09T16:00:00,303.27
2024-03-09T17:00:00,115.35
2024-03-09T18:00:00,11.85
2024-03-09T19:00:00,0.0
2024-03-09T20:00:00,0.0
2024-03-09T21:00:00,0.0
2024-03-09T22:00:00,0.0
2024-03-09T23:00:00,0.0
2024-03-10T00:00:00,0.0
2024-03-10T01:00:00,0.0
2024-03-10T02:00:00,0.0
2024-03-10T03:00:00,0.0
2024-03-10T04:00:00,0.0
2024-03-10T05:00:00,0.0
2024-03-10T06:00:00,2.33
2024-03-10T07:00:00,64.15
2024-03-10T08:00:00,149.6
2024-03-10T09:00:00,229.12
2024-03-10T10:00:00,379.0
2024-03-10T11:00:00,429.75
2024-03-10T12:00:00,657.0
2024-03-10T13:00:00,673.28
2024-03-10T14:00:00,616.38
2024-03-10T15:00:00,523.47
2024-03-10T16:00:00,329.7
2024-03-10T17:00:00,143.07
2024-03-10T18:00:00,15.35
2024-03-10T19:00:00,0.0
2024-03-10T20:00:00,0.0
2024-03-10T21:00:00,0.0
2024-03-10T22:00:00,0.0
2024-03-10T23:00:00,0.0
2024-03-11T00:00:00,0.0
2024-03-11T01:00:00,0.0
2024-03-11T02:00:00,0.0
2024-03-11T03:00:00,0.0
2024-03-11T04:00:00,0.0
2024-03-11T05:00:00,0.0
2024-03-11T06:00:00,4.75
2024-03-11T07:00:00,87.35
2024-03-11T08:00:00,240.25
2024-03-11T09:00:00,430.95
2024-03-11T10:00:00,495.02
2024-03-11T11:00:00,681.53
2024-03-11T12:00:00,718.67
2024-03-11T13:00:00,582.78
2024-03-11T14:00:00,434.65
2024-03-11T15:00:00,252.93
2024-03-11T16:00:00,191.52
2024-03-11T17:00:00,65.45
2024-03-11T18:00:00,7.18
2024-03-11T19:00:00,0.0
2024-03-11T20:00:00,0.0
2024-03-11T21:00:00,0.0
2024-03-11T22:00:00,0.0
2024-03-11T23:00:00,0.0
2024-03-12T00:00:00,0.0
2024-03-12T01:00:00,0.0
2024-03-12T02:00:00,0.0
2024-03-12T03:00:00,0.0
2024-03-12T04:00:00,0.0
2024-03-12T05:00:00,0.0
2024-03-12T06:00:00,5.3
2024-03-12T07:00:00,113.47
2024-03-12T08:00:00,319.7
2024-03-12T09:00:00,513.95
2024-03-12T10:00:00,671.62
2024-03-12T11:00:00,873.5
2024-03-12T12:00:00,796.42
2024-03-12T13:00:00,816.9
2024-03-12T14:00:00,521.83
2024-03-12T15:00:00,374.17
2024-03-12T16:00:00,223.52
2024-03-12T17:00:00,90.97
2024-03-12T18:00:00,8.93
2024-03-12T19:00:00,0.0
2024-03-12T20:00:00,0.0
2024-03-12T21:00:00,0.0
2024-03-12T22:00:00,0.0
2024-03-12T23:00:00,0.0
2024-03-13T00:00:00,0.0
2024-03-13T01:00:00,0.0
2024-03-13T02:00:00,0.0
2024-03-13T03:00:00,0.0
2024-03-13T04:00:00,0.0
2024-03-13T05:00:00,0.0
2024-03-13T06:00:00,5.62
2024-03-13T07:00:00,132.48
2024-03-13T08:00:00,339.02
2024-03-13T09:00:00,554.5
2024-03-13T10:00:00,739.25
2024-03-13T11:00:00,890.05
2024-03-13T12:00:00,937.8
2024-03-13T13:00:00,896.22
2024-03-13T14:00:00,734.08
2024-03-13T15:00:00,564.8
2024-03-13T16:00:00,356.42
2024-03-13T17:00:00,148.2
2024-03-13T18:00:00,15.0
2024-03-13T19:00:00,0.0
2024-03-13T20:00:00,0.0
2024-03-13T21:00:00,0.0
2024-03-13T22:00:00,0.0
2024-03-13T23:00:00,0.0
2024-03-14T00:00:00,0.0
2024-03-14T01:00:00,0.0
2024-03-14T02:00:00,0.0
2024-03-14T03:00:00,0.0
2024-03-14T04:00:00,0.0
2024-03-14T05:00:00,0.0
2024-03-14T06:00:00,6.4
2024-03-14T07:00:00,123.4
2024-03-14T08:00:00,333.62
2024-03-14T09:00:00,534.2
2024-03-14T10:00:00,714.03
2024-03-14T11:00:00,836.85
2024-03-14T12:00:00,832.85
2024-03-14T13:00:00,747.1
2024-03-14T14:00:00,656.97
2024-03-14T15:00:00,475.17
2024-03-14T16:00:00,293.35
2024-03-14T17:00:00,115.68
2024-03-14T18:00:00,10.18
2024-03-14T19:00:00,0.0
2024-03-14T20:00:00,0.0
2024-03-14T21:00:00,0.0
2024-03-14T22:00:00,0.0
2024-03-14T23:00:00,0.0
2024-03-15T00:00:00,0.0
2024-03-15T01:00:00,0.0
2024-03-15T02:00:00,0.0
2024-03-15T03:00:00,0.0
2024-03-15T04:00:00,0.0
2024-03-15T05:00:00,0.0
2024-03-15T06:00:00,1.55
2024-03-15T07:00:00,22.62
2024-03-15T08:00:00,56.97
2024-03-15T09:00:00,77.6
2024-03-15T10:00:00,117.62
2024-03-15T11:00:00,154.5
2024-03-15T12:00:00,201.98
2024-03-15T13:00:00,467.95
2024-03-15T14:00:00,553.47
2024-03-15T15:00:00,442.6
2024-03-15T16:00:00,249.75
2024-03-15T17:00:00,101.3
2024-03-15T18:00:00,9.2
2024-03-15T19:00:00,0.0
2024-03-15T20:00:00,0.0
2024-03-15T21:00:00,0.0
2024-03-15T22:00:00,0.0
2024-03-15T23:00:00,0.0
2024-03-16T00:00:00,0.0
2024-03-16T01:00:00,0.0
2024-03-16T02:00:00,0.0
2024-03-16T03:00:00,0.0
2024-03-16T04:00:00,0.0
2024-03-16T05:00:00,0.0
2024-03-16T06:00:00,7.45
2024-03-16T07:00:00,156.4
2024-03-16T08:00:00,392.2
2024-03-16T09:00:00,628.78
2024-03-16T10:00:00,801.47
2024-03-16T11:00:00,928.53
2024-03-16T12:00:00,941.97
2024-03-16T13:00:00,907.5
2024-03-16T14:00:00,850.67
2024-03-16T15:00:00,652.7
2024-03-16T16:00:00,407.73
2024-03-16T17:00:00,181.0
2024-03-16T18:00:00,16.12
2024-03-16T19:00:00,0.0
2024-03-16T20:00:00,0.0
2024-03-16T21:00:00,0.0
2024-03-16T22:00:00,0.0
2024-03-16T23:00:00,0.0
2024-03-17T00:00:00,0.0
2024-03-17T01:00:00,0.0
2024-03-17T02:00:00,0.0
2024-03-17T03:00:00,0.0
2024-03-17T04:00:00,0.0
2024-03-17T05:00:00,0.0
2024-03-17T06:00:00,7.68
2024-03-17T07:00:00,145.5
2024-03-17T08:00:00,387.7
2024-03-17T09:00:00,609.3
2024-03-17T10:00:00,696.33
2024-03-17T11:00:00,929.85
2024-03-17T12:00:00,959.85
2024-03-17T13:00:00,931.9
2024-03-17T14:00:00,846.42
2024-03-17T15:00:00,662.6
2024-03-17T16:00:00,420.0
2024-03-17T17:00:00,168.75
2024-03-17T18:00:00,15.38
2024-03-17T19:00:00,0.0
2024-03-17T20:00:00,0.0
2024-03-17T21:00:00,0.0
2024-03-17T22:00:00,0.0
2024-03-17T23:00:00,0.0
2024-03-18T00:00:00,0.0
2024-03-18T01:00:00,0.0
2024-03-18T02:00:00,0.0
2024-03-18T03:00:00,0.0
2024-03-18T04:00:00,0.0
2024-03-18T05:00:00,0.0
2024-03-18T06:00:00,8.43
2024-03-18T07:00:00,140.68
2024-03-18T08:00:00,317.2
2024-03-18T09:00:00,568.35
2024-03-18T10:00:00,711.33
2024-03-18T11:00:00,862.08
2024-03-18T12:00:00,962.35
2024-03-18T13:00:00,968.7
2024-03-18T14:00:00,845.0
2024-03-18T15:00:00,677.85
2024-03-18T16:00:00,439.48
2024-03-18T17:00:00,198.88
2024-03-18T18:00:00,16.58
2024-03-18T19:00:00,0.0
2024-03-18T20:00:00,0.0
2024-03-18T21:00:00,0.0
2024-03-18T22:00:00,0.0
2024-03-18T23:00:00,0.0
2024-03-19T00:00:00,0.0
2024-03-19T01:00:00,0.0
2024-03-19T02:00:00,0.0
2024-03-19T03:00:00,0.0
2024-03-19T04:00:00,0.0
2024-03-19T05:00:00,0.0
2024-03-19T06:00:00,7.32
2024-03-19T07:00:00,137.35
2024-03-19T08:00:00,339.05
2024-03-19T09:00:00,485.5
2024-03-19T10:00:00,739.8
2024-03-19T11:00:00,850.97
2024-03-19T12:00:00,825.33
2024-03-19T13:00:00,867.58
2024-03-19T14:00:00,686.12
2024-03-19T15:00:00,544.92
2024-03-19T16:00:00,334.35
2024-03-19T17:00:00,144.45
2024-03-19T18:00:00,10.77
2024-03-19T19:00:00,0.0
2024-03-19T20:00:00,0.0
2024-03-19T21:00:00,0.0
2024-03-19T22:00:00,0.0
2024-03-19T23:00:00,0.0
2024-03-20T00:00:00,0.0
2024-03-20T01:00:00,0.0
2024-03-20T02:00:00,0.0
2024-03-20T03:00:00,0.0
2024-03-20T04:00:00,0.0
2024-03-20T05:00:00,0.0
2024-03-20T06:00:00,8.5
2024-03-20T07:00:00,153.48
2024-03-20T08:00:00,395.55
2024-03-20T09:00:00,621.45
2024-03-20T10:00:00,787.12
2024-03-20T11:00:00,909.55
2024-03-20T12:00:00,966.25
2024-03-20T13:00:00,880.47
2024-03-20T14:00:00,837.8
2024-03-20T15:00:00,679.55
2024-03-20T16:00:00,457.65
2024-03-20T17:00:00,204.48
2024-03-20T18:00:00,16.92
2024-03-20T19:00:00,0.0
2024-03-20T20:00:00,0.0
2024-03-20T21:00:00,0.0
2024-03-20T22:00:00,0.0
2024-03-20T23:00:00,0.0
2024-03-21T00:00:00,0.0
2024-03-21T01:00:00,0.0
2024-03-21T02:00:00,0.0
2024-03-21T03:00:00,0.0
2024-03-21T04:00:00,0.0
2024-03-21T05:00:00,0.0
2024-03-21T06:00:00,8.38
2024-03-21T07:00:00,125.03
2024-03-21T08:00:00,307.75
2024-03-21T09:00:00,525.72
2024-03-21T10:00:00,735.9
2024-03-21T11:00:00,913.95
2024-03-21T12:00:00,979.55
2024-03-21T13:00:00,964.25
2024-03-21T14:00:00,827.53
2024-03-21T15:00:00,658.7
2024-03-21T16:00:00,424.05
2024-03-21T17:00:00,196.9
2024-03-21T18:00:00,16.88
2024-03-21T19:00:00,0.0
2024-03-21T20:00:00,0.0
2024-03-21T21:00:00,0.0
2024-03-21T22:00:00,0.0
2024-03-21T23:00:00,0.0
2024-03-22T00:00:00,0.0
2024-03-22T01:00:00,0.0
2024-03-22T02:00:00,0.0
2024-03-22T03:00:00,0.0
2024-03-22T04:00:00,0.0
2024-03-22T05:00:00,0.0
2024-03-22T06:00:00,10.65
2024-03-22T07:00:00,194.4
2024-03-22T08:00:00,446.9
2024-03-22T09:00:00,667.55
2024-03-22T10:00:00,844.5
2024-03-22T11:00:00,964.55
2024-03-22T12:00:00,1011.08
2024-03-22T13:00:00,973.38
2024-03-22T14:00:00,871.25
2024-03-22T15:00:00,686.97
2024-03-22T16:00:00,461.05
2024-03-22T17:00:00,204.15
2024-03-22T18:00:00,16.45
2024-03-22T19:00:00,0.0
2024-03-22T20:00:00,0.0
2024-03-22T21:00:00,0.0
2024-03-22T22:00:00,0.0
2024-03-22T23:00:00,0.0
2024-03-23T00:00:00,0.0
2024-03-23T01:00:00,0.0
2024-03-23T02:00:00,0.0
2024-03-23T03:00:00,0.0
2024-03-23T04:00:00,0.0
2024-03-23T05:00:00,0.0
2024-03-23T06:00:00,7.75
2024-03-23T07:00:00,124.32
2024-03-23T08:00:00,323.73
2024-03-23T09:00:00,556.55
2024-03-23T10:00:00,732.7
2024-03-23T11:00:00,843.9
2024-03-23T12:00:00,942.72
2024-03-23T13:00:00,926.0
2024-03-23T14:00:00,752.38
2024-03-23T15:00:00,594.47
2024-03-23T16:00:00,385.77
2024-03-23T17:00:00,162.73
2024-03-23T18:00:00,14.2
2024-03-23T19:00:00,0.0
2024-03-23T20:00:00,0.0
2024-03-23T21:00:00,0.0
2024-03-23T22:00:00,0.0
2024-03-23T23:00:00,0.0
2024-03-24T00:00:00,0.0
2024-03-24T01:00:00,0.0
2024-03-24T02:00:00,0.0
2024-03-24T03:00:00,0.0
2024-03-24T04:00:00,0.0
2024-03-24T05:00:00,0.0
2024-03-24T06:00:00,6.65
2024-03-24T07:00:00,86.03
2024-03-24T08:00:00,230.62
2024-03-24T09:00:00,422.48
2024-03-24T10:00:00,599.85
2024-03-24T11:00:00,743.7
2024-03-24T12:00:00,767.15
2024-03-24T13:00:00,760.53
2024-03-24T14:00:00,652.83
2024-03-24T15:00:00,466.65
2024-03-24T16:00:00,287.48
2024-03-24T17:00:00,109.95
2024-03-24T18:00:00,9.25
2024-03-24T19:00:00,0.0
2024-03-24T20:00:00,0.0
2024-03-24T21:00:00,0.0
2024-03-24T22:00:00,0.0
2024-03-24T23:00:00,0.0
2024-03-25T00:00:00,0.0
2024-03-25T01:00:00,0.0
2024-03-25T02:00:00,0.0
2024-03-25T03:00:00,0.0
2024-03-25T04:00:00,0.0
2024-03-25T05:00:00,0.0
2024-03-25T06:00:00,1.25
2024-03-25T07:00:00,13.4
2024-03-25T08:00:00,29.17
2024-03-25T09:00:00,52.38
2024-03-25T10:00:00,105.12
2024-03-25T11:00:00,255.85
2024-03-25T12:00:00,227.62
2024-03-25T13:00:00,261.88
2024-03-25T14:00:00,356.58
2024-03-25T15:00:00,267.42
2024-03-25T16:00:00,167.25
2024-03-25T17:00:00,78.43
2024-03-25T18:00:00,7.62
2024-03-25T19:00:00,0.0
2024-03-25T20:00:00,0.0
2024-03-25T21:00:00,0.0
2024-03-25T22:00:00,0.0
2024-03-25T23:00:00,0.0
2024-03-26T00:00:00,0.0
2024-03-26T01:00:00,0.0
2024-03-26T02:00:00,0.0
2024-03-26T03:00:00,0.0
2024-03-26T04:00:00,0.0
2024-03-26T05:00:00,0.0
2024-03-26T06:00:00,8.93
2024-03-26T07:00:00,97.85
2024-03-26T08:00:00,277.02
2024-03-26T09:00:00,465.62
2024-03-26T10:00:00,620.53
2024-03-26T11:00:00,694.05
2024-03-26T12:00:00,660.85
2024-03-26T13:00:00,567.97
2024-03-26T14:00:00,522.28
2024-03-26T15:00:00,287.8
2024-03-26T16:00:00,197.25
2024-03-26T17:00:00,78.88
2024-03-26T18:00:00,7.28
2024-03-26T19:00:00,0.0
2024-03-26T20:00:00,0.0
2024-03-26T21:00:00,0.0
2024-03-26T22:00:00,0.0
2024-03-26T23:00:00,0.0
2024-03-27T00:00:00,0.0
2024-03-27T01:00:00,0.0
2024-03-27T02:00:00,0.0
2024-03-27T03:00:00,0.0
2024-03-27T04:00:00,0.0
2024-03-27T05:00:00,0.0
2024-03-27T06:00:00,5.28
2024-03-27T07:00:00,90.12
2024-03-27T08:00:00,261.45
2024-03-27T09:00:00,392.05
2024-03-27T10:00:00,529.28
2024-03-27T11:00:00,575.1
2024-03-27T12:00:00,440.25
2024-03-27T13:00:00,366.5
2024-03-27T14:00:00,417.6
2024-03-27T15:00:00,227.43
2024-03-27T16:00:00,143.93
2024-03-27T17:00:00,53.28
2024-03-27T18:00:00,6.85
2024-03-27T19:00:00,0.0
2024-03-27T20:00:00,0.0
2024-03-27T21:00:00,0.0
2024-03-27T22:00:00,0.0
2024-03-27T23:00:00,0.0
2024-03-28T00:00:00,0.0
2024-03-28T01:00:00,0.0
2024-03-28T02:00:00,0.0
2024-03-28T03:00:00,0.0
2024-03-28T04:00:00,0.0
2024-03-28T05:00:00,0.0
2024-03-28T06:00:00,11.3
2024-03-28T07:00:00,185.35
2024-03-28T08:00:00,425.12
2024-03-28T09:00:00,646.22
2024-03-28T10:00:00,832.45
2024-03-28T11:00:00,941.83
2024-03-28T12:00:00,984.33
2024-03-28T13:00:00,962.15
2024-03-28T14:00:00,841.47
2024-03-28T15:00:00,663.22
2024-03-28T16:00:00,429.1
2024-03-28T17:00:00,175.18
2024-03-28T18:00:00,12.77
2024-03-28T19:00:00,0.0
2024-03-28T20:00:00,0.0
2024-03-28T21:00:00,0.0
2024-03-28T22:00:00,0.0
2024-03-28T23:00:00,0.0
2024-03-29T00:00:00,0.0
2024-03-29T01:00:00,0.0
2024-03-29T02:00:00,0.0
2024-03-29T03:00:00,0.0
2024-03-29T04:00:00,0.0
2024-03-29T05:00:00,0.0
2024-03-29T06:00:00,11.98
2024-03-29T07:00:00,190.73
2024-03-29T08:00:00,425.88
2024-03-29T09:00:00,648.78
2024-03-29T10:00:00,806.62
2024-03-29T11:00:00,885.6
2024-03-29T12:00:00,953.05
2024-03-29T13:00:00,892.17
2024-03-29T14:00:00,792.92
2024-03-29T15:00:00,649.92
2024-03-29T16:00:00,377.08
2024-03-29T17:00:00,160.12
2024-03-29T18:00:00,11.27
2024-03-29T19:00:00,0.0
2024-03-29T20:00:00,0.0
2024-03-29T21:00:00,0.0
2024-03-29T22:00:00,0.0
2024-03-29T23:00:00,0.0
2024-03-30T00:00:00,0.0
2024-03-30T01:00:00,0.0
2024-03-30T02:00:00,0.0
2024-03-30T03:00:00,0.0
2024-03-30T04:00:00,0.0
2024-03-30T05:00:00,0.0
2024-03-30T06:00:00,10.38
2024-03-30T07:00:00,172.27
2024-03-30T08:00:00,414.55
2024-03-30T09:00:00,628.28
2024-03-30T10:00:00,804.47
2024-03-30T11:00:00,928.35
2024-03-30T12:00:00,951.45
2024-03-30T13:00:00,843.12
2024-03-30T14:00:00,685.08
2024-03-30T15:00:00,633.1
2024-03-30T16:00:00,408.08
2024-03-30T17:00:00,149.1
2024-03-30T18:00:00,10.82
2024-03-30T19:00:00,0.0
2024-03-30T20:00:00,0.0
2024-03-30T21:00:00,0.0
2024-03-30T22:00:00,0.0
2024-03-30T23:00:00,0.0
2024-03-31T00:00:00,0.0
2024-03-31T01:00:00,0.0
2024-03-31T02:00:00,0.0
2024-03-31T03:00:00,0.0
2024-03-31T04:00:00,0.0
2024-03-31T05:00:00,0.0
2024-03-31T06:00:00,11.98
2024-03-31T07:00:00,174.2
2024-03-31T08:00:00,403.27
2024-03-31T09:00:00,622.92
2024-03-31T10:00:00,789.58
2024-03-31T11:00:00,915.83
2024-03-31T12:00:00,967.38
2024-03-31T13:00:00,942.92
2024-03-31T14:00:00,838.42
2024-03-31T15:00:00,640.72
2024-03-31T16:00:00,418.83
2024-03-31T17:00:00,181.4
2024-03-31T18:00:00,13.3
2024-03-31T19:00:00,0.0
2024-03-31T20:00:00,0.0
2024-03-31T21:00:00,0.0
2024-03-31T22:00:00,0.0
2024-03-31T23:00:00,0.0
2024-04-01T00:00:00,0.0
2024-04-01T01:00:00,0.0
2024-04-01T02:00:00,0.0
2024-04-01T03:00:00,0.0
2024-04-01T04:00:00,0.0
2024-04-01T05:00:00,0.0
2024-04-01T06:00:00,12.25
2024-04-01T07:00:00,186.57
2024-04-01T08:00:00,367.8
2024-04-01T09:00:00,651.8
2024-04-01T10:00:00,824.97
2024-04-01T11:00:00,877.85
2024-04-01T12:00:00,905.67
2024-04-01T13:00:00,724.8
2024-04-01T14:00:00,588.15
2024-04-01T15:00:00,523.47
2024-04-01T16:00:00,326.48
2024-04-01T17:00:00,128.12
2024-04-01T18:00:00,10.93
2024-04-01T19:00:00,0.0
2024-04-01T20:00:00,0.0
2024-04-01T21:00:00,0.0
2024-04-01T22:00:00,0.0
2024-04-01T23:00:00,0.0
2024-04-02T00:00:00,0.0
2024-04-02T01:00:00,0.0
2024-04-02T02:00:00,0.0
2024-04-02T03:00:00,0.0
2024-04-02T04:00:00,0.0
2024-04-02T05:00:00,0.0
2024-04-02T06:00:00,12.0
2024-04-02T07:00:00,178.7
2024-04-02T08:00:00,429.75
2024-04-02T09:00:00,619.62
2024-04-02T10:00:00,753.92
2024-04-02T11:00:00,870.4
2024-04-02T12:00:00,867.9
2024-04-02T13:00:00,616.67
2024-04-02T14:00:00,537.88
2024-04-02T15:00:00,315.75
2024-04-02T16:00:00,182.85
2024-04-02T17:00:00,72.6
2024-04-02T18:00:00,6.0
2024-04-02T19:00:00,0.0
2024-04-02T20:00:00,0.0
2024-04-02T21:00:00,0.0
2024-04-02T22:00:00,0.0
2024-04-02T23:00:00,0.0
2024-04-03T00:00:00,0.0
2024-04-03T01:00:00,0.0
2024-04-03T02:00:00,0.0
2024-04-03T03:00:00,0.0
2024-04-03T04:00:00,0.0
2024-04-03T05:00:00,0.0
2024-04-03T06:00:00,8.6
2024-04-03T07:00:00,104.18
2024-04-03T08:00:00,275.45
2024-04-03T09:00:00,406.3
2024-04-03T10:00:00,540.65
2024-04-03T11:00:00,614.53
2024-04-03T12:00:00,615.5
2024-04-03T13:00:00,594.15
2024-04-03T14:00:00,514.5
2024-04-03T15:00:00,307.0
2024-04-03T16:00:00,147.27
2024-04-03T17:00:00,63.8
2024-04-03T18:00:00,5.43
2024-04-03T19:00:00,0.0
2024-04-03T20:00:00,0.0
2024-04-03T21:00:00,0.0
2024-04-03T22:00:00,0.0
2024-04-03T23:00:00,0.0
2024-04-04T00:00:00,0.0
2024-04-04T01:00:00,0.0
2024-04-04T02:00:00,0.0
2024-04-04T03:00:00,0.0
2024-04-04T04:00:00,0.0
2024-04-04T05:00:00,0.0
2024-04-04T06:00:00,7.2
2024-04-04T07:00:00,71.45
2024-04-04T08:00:00,147.5
2024-04-04T09:00:00,302.48
2024-04-04T10:00:00,333.33
2024-04-04T11:00:00,323.38
2024-04-04T12:00:00,293.0
2024-04-04T13:00:00,328.6
2024-04-04T14:00:00,344.12
2024-04-04T15:00:00,290.9
2024-04-04T16:00:00,172.68
2024-04-04T17:00:00,61.38
2024-04-04T18:00:00,4.75
2024-04-04T19:00:00,0.0
2024-04-04T20:00:00,0.0
2024-04-04T21:00:00,0.0
2024-04-04T22:00:00,0.0
2024-04-04T23:00:00,0.0
2024-04-05T00:00:00,0.0
2024-04-05T01:00:00,0.0
2024-04-05T02:00:00,0.0
2024-04-05T03:00:00,0.0
2024-04-05T04:00:00,0.0
2024-04-05T05:00:00,0.0
2024-04-05T06:00:00,14.45
2024-04-05T07:00:00,174.2
2024-04-05T08:00:00,387.05
2024-04-05T09:00:00,585.25
2024-04-05T10:00:00,691.95
2024-04-05T11:00:00,783.72
2024-04-05T12:00:00,821.35
2024-04-05T13:00:00,696.58
2024-04-05T14:00:00,573.17
2024-04-05T15:00:00,422.0
2024-04-05T16:00:00,270.65
2024-04-05T17:00:00,128.35
2024-04-05T18:00:00,11.32
2024-04-05T19:00:00,0.0
2024-04-05T20:00:00,0.0
2024-04-05T21:00:00,0.0
2024-04-05T22:00:00,0.0
2024-04-05T23:00:00,0.0
2024-04-06T00:00:00,0.0
2024-04-06T01:00:00,0.0
2024-04-06T02:00:00,0.0
2024-04-06T03:00:00,0.0
2024-04-06T04:00:00,0.0
2024-04-06T05:00:00,0.0
2024-04-06T06:00:00,11.43
2024-04-06T07:00:00,145.4
2024-04-06T08:00:00,376.62
2024-04-06T09:00:00,609.7
2024-04-06T10:00:00,809.45
2024-04-06T11:00:00,934.38
2024-04-06T12:00:00,955.78
2024-04-06T13:00:00,910.83
2024-04-06T14:00:00,739.72
2024-04-06T15:00:00,606.25
2024-04-06T16:00:00,348.27
2024-04-06T17:00:00,144.82
2024-04-06T18:00:00,10.15
2024-04-06T19:00:00,0.0
2024-04-06T20:00:00,0.0
2024-04-06T21:00:00,0.0
2024-04-06T22:00:00,0.0
2024-04-06T23:00:00,0.0
2024-04-07T00:00:00,0.0
2024-04-07T01:00:00,0.0
2024-04-07T02:00:00,0.0
2024-04-07T03:00:00,0.0
2024-04-07T04:00:00,0.0
2024-04-07T05:00:00,0.0
2024-04-07T06:00:00,10.45
2024-04-07T07:00:00,116.3
2024-04-07T08:00:00,274.25
2024-04-07T09:00:00,494.52
2024-04-07T10:00:00,645.1
2024-04-07T11:00:00,758.95
2024-04-07T12:00:00,807.3
2024-04-07T13:00:00,878.1
2024-04-07T14:00:00,796.2
2024-04-07T15:00:00,626.9
2024-04-07T16:00:00,344.4
2024-04-07T17:00:00,141.32
2024-04-07T18:00:00,8.95
2024-04-07T19:00:00,0.0
2024-04-07T20:00:00,0.0
2024-04-07T21:00:00,0.0
2024-04-07T22:00:00,0.0
2024-04-07T23:00:00,0.0
2024-04-08T00:00:00,0.0
2024-04-08T01:00:00,0.0
2024-04-08T02:00:00,0.0
2024-04-08T03:00:00,0.0
2024-04-08T04:00:00,0.0
2024-04-08T05:00:00,0.0
2024-04-08T06:00:00,11.35
2024-04-08T07:00:00,136.38
2024-04-08T08:00:00,302.25
2024-04-08T09:00:00,454.85
2024-04-08T10:00:00,580.22
2024-04-08T11:00:00,662.3
2024-04-08T12:00:00,642.8
2024-04-08T13:00:00,671.17
2024-04-08T14:00:00,554.53
2024-04-08T15:00:00,359.42
2024-04-08T16:00:00,207.5
2024-04-08T17:00:00,80.25
2024-04-08T18:00:00,4.25
2024-04-08T19:00:00,0.0
2024-04-08T20:00:00,0.0
2024-04-08T21:00:00,0.0
2024-04-08T22:00:00,0.0
2024-04-08T23:00:00,0.0
2024-04-09T00:00:00,0.0
2024-04-09T01:00:00,0.0
2024-04-09T02:00:00,0.0
2024-04-09T03:00:00,0.0
2024-04-09T04:00:00,0.0
2024-04-09T05:00:00,0.0
2024-04-09T06:00:00,12.9
2024-04-09T07:00:00,154.27
2024-04-09T08:00:00,353.55
2024-04-09T09:00:00,564.55
2024-04-09T10:00:00,673.15
2024-04-09T11:00:00,818.92
2024-04-09T12:00:00,889.65
2024-04-09T13:00:00,909.75
2024-04-09T14:00:00,673.22
2024-04-09T15:00:00,483.38
2024-04-09T16:00:00,297.6
2024-04-09T17:00:00,115.5
2024-04-09T18:00:00,8.35
2024-04-09T19:00:00,0.0
2024-04-09T20:00:00,0.0
2024-04-09T21:00:00,0.0
2024-04-09T22:00:00,0.0
2024-04-09T23:00:00,0.0
2024-04-10T00:00:00,0.0
2024-04-10T01:00:00,0.0
2024-04-10T02:00:00,0.0
2024-04-10T03:00:00,0.0
2024-04-10T04:00:00,0.0
2024-04-10T05:00:00,0.0
2024-04-10T06:00:00,6.65
2024-04-10T07:00:00,70.35
2024-04-10T08:00:00,154.9
2024-04-10T09:00:00,335.58
2024-04-10T10:00:00,521.5
2024-04-10T11:00:00,611.2
2024-04-10T12:00:00,648.7
2024-04-10T13:00:00,612.3
2024-04-10T14:00:00,507.38
2024-04-10T15:00:00,337.15
2024-04-10T16:00:00,183.52
2024-04-10T17:00:00,68.1
2024-04-10T18:00:00,5.38
2024-04-10T19:00:00,0.0
2024-04-10T20:00:00,0.0
2024-04-10T21:00:00,0.0
2024-04-10T22:00:00,0.0
2024-04-10T23:00:00,0.0
2024-04-11T00:00:00,0.0
2024-04-11T01:00:00,0.0
2024-04-11T02:00:00,0.0
2024-04-11T03:00:00,0.0
2024-04-11T04:00:00,0.0
2024-04-11T05:00:00,0.0
2024-04-11T06:00:00,11.05
2024-04-11T07:00:00,145.4
2024-04-11T08:00:00,359.38
2024-04-11T09:00:00,584.2
2024-04-11T10:00:00,742.83
2024-04-11T11:00:00,854.22
2024-04-11T12:00:00,892.58
2024-04-11T13:00:00,873.15
2024-04-11T14:00:00,747.03
2024-04-11T15:00:00,544.6
2024-04-11T16:00:00,342.75
2024-04-11T17:00:00,144.15
2024-04-11T18:00:00,10.65
2024-04-11T19:00:00,0.0
2024-04-11T20:00:00,0.0
2024-04-11T21:00:00,0.0
2024-04-11T22:00:00,0.0
2024-04-11T23:00:00,0.0
2024-04-12T00:00:00,0.0
2024-04-12T01:00:00,0.0
2024-04-12T02:00:00,0.0
2024-04-12T03:00:00,0.0
2024-04-12T04:00:00,0.0
2024-04-12T05:00:00,0.0
2024-04-12T06:00:00,14.52
2024-04-12T07:00:00,166.35
2024-04-12T08:00:00,382.85
2024-04-12T09:00:00,623.6
2024-04-12T10:00:00,825.85
2024-04-12T11:00:00,964.67
2024-04-12T12:00:00,999.9
2024-04-12T13:00:00,951.1
2024-04-12T14:00:00,801.88
2024-04-12T15:00:00,636.78
2024-04-12T16:00:00,384.05
2024-04-12T17:00:00,159.4
2024-04-12T18:00:00,9.48
2024-04-12T19:00:00,0.0
2024-04-12T20:00:00,0.0
2024-04-12T21:00:00,0.0
2024-04-12T22:00:00,0.0
2024-04-12T23:00:00,0.0
2024-04-13T00:00:00,0.0
2024-04-13T01:00:00,0.0
2024-04-13T02:00:00,0.0
2024-04-13T03:00:00,0.0
2024-04-13T04:00:00,0.0
2024-04-13T05:00:00,0.0
2024-04-13T06:00:00,15.9
2024-04-13T07:00:00,192.27
2024-04-13T08:00:00,433.35
2024-04-13T09:00:00,641.3
2024-04-13T10:00:00,804.28
2024-04-13T11:00:00,896.85
2024-04-13T12:00:00,879.58
2024-04-13T13:00:00,908.85
2024-04-13T14:00:00,751.22
2024-04-13T15:00:00,592.42
2024-04-13T16:00:00,382.58
2024-04-13T17:00:00,153.85
2024-04-13T18:00:00,9.93
2024-04-13T19:00:00,0.0
2024-04-13T20:00:00,0.0
2024-04-13T21:00:00,0.0
2024-04-13T22:00:00,0.0
2024-04-13T23:00:00,0.0
2024-04-14T00:00:00,0.0
2024-04-14T01:00:00,0.0
2024-04-14T02:00:00,0.0
2024-04-14T03:00:00,0.0
2024-04-14T04:00:00,0.0
2024-04-14T05:00:00,0.0
2024-04-14T06:00:00,19.12
2024-04-14T07:00:00,212.95
2024-04-14T08:00:00,454.45
2024-04-14T09:00:00,659.53
2024-04-14T10:00:00,823.22
2024-04-14T11:00:00,913.7
2024-04-14T12:00:00,947.47
2024-04-14T13:00:00,922.58
2024-04-14T14:00:00,815.75
2024-04-14T15:00:00,630.55
2024-04-14T16:00:00,407.1
2024-04-14T17:00:00,175.12
2024-04-14T18:00:00,10.38
2024-04-14T19:00:00,0.0
2024-04-14T20:00:00,0.0
2024-04-14T21:00:00,0.0
2024-04-14T22:00:00,0.0
2024-04-14T23:00:00,0.0
2024-04-15T00:00:00,0.0
2024-04-15T01:00:00,0.0
2024-04-15T02:00:00,0.0
2024-04-15T03:00:00,0.0
2024-04-15T04:00:00,0.0
2024-04-15T05:00:00,0.0
2024-04-15T06:00:00,18.23
2024-04-15T07:00:00,212.25
2024-04-15T08:00:00,462.77
2024-04-15T09:00:00,690.4
2024-04-15T10:00:00,863.33
2024-04-15T11:00:00,977.38
2024-04-15T12:00:00,1008.4
2024-04-15T13:00:00,960.65
2024-04-15T14:00:00,810.83
2024-04-15T15:00:00,646.67
2024-04-15T16:00:00,425.0
2024-04-15T17:00:00,181.95
2024-04-15T18:00:00,10.85
2024-04-15T19:00:00,0.0
2024-04-15T20:00:00,0.0
2024-04-15T21:00:00,0.0
2024-04-15T22:00:00,0.0
2024-04-15T23:00:00,0.0
2024-04-16T00:00:00,0.0
2024-04-16T01:00:00,0.0
2024-04-16T02:00:00,0.0
2024-04-16T03:00:00,0.0
2024-04-16T04:00:00,0.0
2024-04-16T05:00:00,0.0
2024-04-16T06:00:00,19.8
2024-04-16T07:00:00,176.68
2024-04-16T08:00:00,403.42
2024-04-16T09:00:00,571.22
2024-04-16T10:00:00,731.7
2024-04-16T11:00:00,827.22
2024-04-16T12:00:00,810.78
2024-04-16T13:00:00,726.95
2024-04-16T14:00:00,616.65
2024-04-16T15:00:00,522.45
2024-04-16T16:00:00,312.08
2024-04-16T17:00:00,119.32
2024-04-16T18:00:00,6.43
2024-04-16T19:00:00,0.0
2024-04-16T20:00:00,0.0
2024-04-16T21:00:00,0.0
2024-04-16T22:00:00,0.0
2024-04-16T23:00:00,0.0
2024-04-17T00:00:00,0.0
2024-04-17T01:00:00,0.0
2024-04-17T02:00:00,0.0
2024-04-17T03:00:00,0.0
2024-04-17T04:00:00,0.0
2024-04-17T05:00:00,0.0
2024-04-17T06:00:00,19.4
2024-04-17T07:00:00,213.23
2024-04-17T08:00:00,459.6
2024-04-17T09:00:00,674.33
2024-04-17T10:00:00,839.88
2024-04-17T11:00:00,945.67
2024-04-17T12:00:00,978.38
2024-04-17T13:00:00,925.08
2024-04-17T14:00:00,824.62
2024-04-17T15:00:00,625.47
2024-04-17T16:00:00,406.12
2024-04-17T17:00:00,168.82
2024-04-17T18:00:00,9.32
2024-04-17T19:00:00,0.0
2024-04-17T20:00:00,0.0
2024-04-17T21:00:00,0.0
2024-04-17T22:00:00,0.0
2024-04-17T23:00:00,0.0
2024-04-18T00:00:00,0.0
2024-04-18T01:00:00,0.0
2024-04-18T02:00:00,0.0
2024-04-18T03:00:00,0.0
2024-04-18T04:00:00,0.0
2024-04-18T05:00:00,0.0
2024-04-18T06:00:00,18.92
2024-04-18T07:00:00,208.07
2024-04-18T08:00:00,453.25
2024-04-18T09:00:00,602.72
2024-04-18T10:00:00,826.15
2024-04-18T11:00:00,909.45
2024-04-18T12:00:00,916.58
2024-04-18T13:00:00,870.15
2024-04-18T14:00:00,669.7
2024-04-18T15:00:00,541.22
2024-04-18T16:00:00,353.27
2024-04-18T17:00:00,146.98
2024-04-18T18:00:00,9.15
2024-04-18T19:00:00,0.0
2024-04-18T20:00:00,0.0
2024-04-18T21:00:00,0.0
2024-04-18T22:00:00,0.0
2024-04-18T23:00:00,0.0
2024-04-19T00:00:00,0.0
2024-04-19T01:00:00,0.0
2024-04-19T02:00:00,0.0
2024-04-19T03:00:00,0.0
2024-04-19T04:00:00,0.0
2024-04-19T05:00:00,0.0
2024-04-19T06:00:00,17.35
2024-04-19T07:00:00,182.38
2024-04-19T08:00:00,420.3
2024-04-19T09:00:00,599.6
2024-04-19T10:00:00,726.22
2024-04-19T11:00:00,786.6
2024-04-19T12:00:00,720.62
2024-04-19T13:00:00,661.85
2024-04-19T14:00:00,509.33
2024-04-19T15:00:00,328.35
2024-04-19T16:00:00,184.65
2024-04-19T17:00:00,80.38
2024-04-19T18:00:00,3.95
2024-04-19T19:00:00,0.0
2024-04-19T20:00:00,0.0
2024-04-19T21:00:00,0.0
2024-04-19T22:00:00,0.0
2024-04-19T23:00:00,0.0
2024-04-20T00:00:00,0.0
2024-04-20T01:00:00,0.0
2024-04-20T02:00:00,0.0
2024-04-20T03:00:00,0.0
2024-04-20T04:00:00,0.0
2024-04-20T05:00:00,0.0
2024-04-20T06:00:00,17.27
2024-04-20T07:00:00,181.23
2024-04-20T08:00:00,412.45
2024-04-20T09:00:00,626.05
2024-04-20T10:00:00,797.05
2024-04-20T11:00:00,907.83
2024-04-20T12:00:00,910.67
2024-04-20T13:00:00,910.12
2024-04-20T14:00:00,754.1
2024-04-20T15:00:00,582.8
2024-04-20T16:00:00,366.15
2024-04-20T17:00:00,139.52
2024-04-20T18:00:00,8.2
2024-04-20T19:00:00,0.0
2024-04-20T20:00:00,0.0
2024-04-20T21:00:00,0.0
2024-04-20T22:00:00,0.0
2024-04-20T23:00:00,0.0
2024-04-21T00:00:00,0.0
2024-04-21T01:00:00,0.0
2024-04-21T02:00:00,0.0
2024-04-21T03:00:00,0.0
2024-04-21T04:00:00,0.0
2024-04-21T05:00:00,0.0
2024-04-21T06:00:00,14.88
2024-04-21T07:00:00,161.32
2024-04-21T08:00:00,385.27
2024-04-21T09:00:00,570.55
2024-04-21T10:00:00,720.42
2024-04-21T11:00:00,874.53
2024-04-21T12:00:00,866.38
2024-04-21T13:00:00,809.35
2024-04-21T14:00:00,729.8
2024-04-21T15:00:00,510.62
2024-04-21T16:00:00,314.15
2024-04-21T17:00:00,129.77
2024-04-21T18:00:00,6.45
2024-04-21T19:00:00,0.0
2024-04-21T20:00:00,0.0
2024-04-21T21:00:00,0.0
2024-04-21T22:00:00,0.0
2024-04-21T23:00:00,0.0
2024-04-22T00:00:00,0.0
2024-04-22T01:00:00,0.0
2024-04-22T02:00:00,0.0
2024-04-22T03:00:00,0.0
2024-04-22T04:00:00,0.0
2024-04-22T05:00:00,0.0
2024-04-22T06:00:00,11.2
2024-04-22T07:00:00,126.72
2024-04-22T08:00:00,307.1
2024-04-22T09:00:00,482.27
2024-04-22T10:00:00,646.38
2024-04-22T11:00:00,795.78
2024-04-22T12:00:00,915.42
2024-04-22T13:00:00,912.2
2024-04-22T14:00:00,814.38
2024-04-22T15:00:00,633.8
2024-04-22T16:00:00,401.67
2024-04-22T17:00:00,161.57
2024-04-22T18:00:00,8.38
2024-04-22T19:00:00,0.0
2024-04-22T20:00:00,0.0
2024-04-22T21:00:00,0.0
2024-04-22T22:00:00,0.0
2024-04-22T23:00:00,0.0
2024-04-23T00:00:00,0.0
2024-04-23T01:00:00,0.0
2024-04-23T02:00:00,0.0
2024-04-23T03:00:00,0.0
2024-04-23T04:00:00,0.0
2024-04-23T05:00:00,0.0
2024-04-23T06:00:00,9.7
2024-04-23T07:00:00,85.12
2024-04-23T08:00:00,126.47
2024-04-23T09:00:00,350.15
2024-04-23T10:00:00,551.47
2024-04-23T11:00:00,703.33
2024-04-23T12:00:00,648.35
2024-04-23T13:00:00,591.38
2024-04-23T14:00:00,574.4
2024-04-23T15:00:00,458.25
2024-04-23T16:00:00,304.67
2024-04-23T17:00:00,133.85
2024-04-23T18:00:00,8.85
2024-04-23T19:00:00,0.0
2024-04-23T20:00:00,0.0
2024-04-23T21:00:00,0.0
2024-04-23T22:00:00,0.0
2024-04-23T23:00:00,0.0
2024-04-24T00:00:00,0.0
2024-04-24T01:00:00,0.0
2024-04-24T02:00:00,0.0
2024-04-24T03:00:00,0.0
2024-04-24T04:00:00,0.0
2024-04-24T05:00:00,0.0
2024-04-24T06:00:00,20.35
2024-04-24T07:00:00,201.7
2024-04-24T08:00:00,430.3
2024-04-24T09:00:00,662.25
2024-04-24T10:00:00,831.5
2024-04-24T11:00:00,829.12
2024-04-24T12:00:00,887.22
2024-04-24T13:00:00,918.67
2024-04-24T14:00:00,793.28
2024-04-24T15:00:00,569.9
2024-04-24T16:00:00,366.8
2024-04-24T17:00:00,146.18
2024-04-24T18:00:00,7.65
2024-04-24T19:00:00,0.0
2024-04-24T20:00:00,0.0
2024-04-24T21:00:00,0.0
2024-04-24T22:00:00,0.0
2024-04-24T23:00:00,0.0
2024-04-25T00:00:00,0.0
2024-04-25T01:00:00,0.0
2024-04-25T02:00:00,0.0
2024-04-25T03:00:00,0.0
2024-04-25T04:00:00,0.0
2024-04-25T05:00:00,0.0
2024-04-25T06:00:00,14.27
2024-04-25T07:00:00,133.85
2024-04-25T08:00:00,304.88
2024-04-25T09:00:00,477.62
2024-04-25T10:00:00,660.15
2024-04-25T11:00:00,769.28
2024-04-25T12:00:00,765.8
2024-04-25T13:00:00,788.85
2024-04-25T14:00:00,650.0
2024-04-25T15:00:00,520.58
2024-04-25T16:00:00,324.65
2024-04-25T17:00:00,126.07
2024-04-25T18:00:00,8.0
2024-04-25T19:00:00,0.0
2024-04-25T20:00:00,0.0
2024-04-25T21:00:00,0.0
2024-04-25T22:00:00,0.0
2024-04-25T23:00:00,0.0
2024-04-26T00:00:00,0.0
2024-04-26T01:00:00,0.0
2024-04-26T02:00:00,0.0
2024-04-26T03:00:00,0.0
2024-04-26T04:00:00,0.0
2024-04-26T05:00:00,0.0
2024-04-26T06:00:00,20.92
2024-04-26T07:00:00,192.38
2024-04-26T08:00:00,426.5
2024-04-26T09:00:00,655.72
2024-04-26T10:00:00,838.95
2024-04-26T11:00:00,940.65
2024-04-26T12:00:00,964.22
2024-04-26T13:00:00,921.62
2024-04-26T14:00:00,794.8
2024-04-26T15:00:00,619.05
2024-04-26T16:00:00,397.17
2024-04-26T17:00:00,164.3
2024-04-26T18:00:00,8.57
2024-04-26T19:00:00,0.0
2024-04-26T20:00:00,0.0
2024-04-26T21:00:00,0.0
2024-04-26T22:00:00,0.0
2024-04-26T23:00:00,0.0
2024-04-27T00:00:00,0.0
2024-04-27T01:00:00,0.0
2024-04-27T02:00:00,0.0
2024-04-27T03:00:00,0.0
2024-04-27T04:00:00,0.0
2024-04-27T05:00:00,0.0
2024-04-27T06:00:00,21.02
2024-04-27T07:00:00,190.4
2024-04-27T08:00:00,422.5
2024-04-27T09:00:00,614.6
2024-04-27T10:00:00,757.6
2024-04-27T11:00:00,874.7
2024-04-27T12:00:00,911.03
2024-04-27T13:00:00,801.85
2024-04-27T14:00:00,742.67
2024-04-27T15:00:00,561.95
2024-04-27T16:00:00,350.83
2024-04-27T17:00:00,134.95
2024-04-27T18:00:00,7.95
2024-04-27T19:00:00,0.0
2024-04-27T20:00:00,0.0
2024-04-27T21:00:00,0.0
2024-04-27T22:00:00,0.0
2024-04-27T23:00:00,0.0
2024-04-28T00:00:00,0.0
2024-04-28T01:00:00,0.0
2024-04-28T02:00:00,0.0
2024-04-28T03:00:00,0.0
2024-04-28T04:00:00,0.0
2024-04-28T05:00:00,0.0
2024-04-28T06:00:00,18.5
2024-04-28T07:00:00,170.98
2024-04-28T08:00:00,396.38
2024-04-28T09:00:00,590.3
2024-04-28T10:00:00,762.3
2024-04-28T11:00:00,862.9
2024-04-28T12:00:00,898.0
2024-04-28T13:00:00,838.42
2024-04-28T14:00:00,723.92
2024-04-28T15:00:00,533.33
2024-04-28T16:00:00,344.02
2024-04-28T17:00:00,138.32
2024-04-28T18:00:00,7.57
2024-04-28T19:00:00,0.0
2024-04-28T20:00:00,0.0
2024-04-28T21:00:00,0.0
2024-04-28T22:00:00,0.0
2024-04-28T23:00:00,0.0
2024-04-29T00:00:00,0.0
2024-04-29T01:00:00,0.0
2024-04-29T02:00:00,0.0
2024-04-29T03:00:00,0.0
2024-04-29T04:00:00,0.0
2024-04-29T05:00:00,0.0
2024-04-29T06:00:00,16.62
2024-04-29T07:00:00,138.3
2024-04-29T08:00:00,321.1
2024-04-29T09:00:00,537.53
2024-04-29T10:00:00,741.1
2024-04-29T11:00:00,925.45
2024-04-29T12:00:00,964.25
2024-04-29T13:00:00,911.9
2024-04-29T14:00:00,796.08
2024-04-29T15:00:00,614.8
2024-04-29T16:00:00,385.35
2024-04-29T17:00:00,157.48
2024-04-29T18:00:00,7.97
2024-04-29T19:00:00,0.0
2024-04-29T20:00:00,0.0
2024-04-29T21:00:00,0.0
2024-04-29T22:00:00,0.0
2024-04-29T23:00:00,0.0
2024-04-30T00:00:00,0.0
2024-04-30T01:00:00,0.0
2024-04-30T02:00:00,0.0
2024-04-30T03:00:00,0.0
2024-04-30T04:00:00,0.0
2024-04-30T05:00:00,0.0
2024-04-30T06:00:00,22.05
2024-04-30T07:00:00,203.45
2024-04-30T08:00:00,430.73
2024-04-30T09:00:00,625.75
2024-04-30T10:00:00,777.83
2024-04-30T11:00:00,882.05
2024-04-30T12:00:00,892.17
2024-04-30T13:00:00,816.0
2024-04-30T14:00:00,741.4
2024-04-30T15:00:00,604.28
2024-04-30T16:00:00,357.58
2024-04-30T17:00:00,147.0
2024-04-30T18:00:00,7.25
2024-04-30T19:00:00,0.0
2024-04-30T20:00:00,0.0
2024-04-30T21:00:00,0.0
2024-04-30T22:00:00,0.0
2024-04-30T23:00:00,0.0
2024-05-01T00:00:00,0.0
2024-05-01T01:00:00,0.0
2024-05-01T02:00:00,0.0
2024-05-01T03:00:00,0.0
2024-05-01T04:00:00,0.0
2024-05-01T05:00:00,0.0
2024-05-01T06:00:00,20.12
2024-05-01T07:00:00,179.82
2024-05-01T08:00:00,365.9
2024-05-01T09:00:00,566.12
2024-05-01T10:00:00,739.75
2024-05-01T11:00:00,809.03
2024-05-01T12:00:00,827.05
2024-05-01T13:00:00,808.78
2024-05-01T14:00:00,708.55
2024-05-01T15:00:00,557.95
2024-05-01T16:00:00,352.08
2024-05-01T17:00:00,133.8
2024-05-01T18:00:00,7.12
2024-05-01T19:00:00,0.0
2024-05-01T20:00:00,0.0
2024-05-01T21:00:00,0.0
2024-05-01T22:00:00,0.0
2024-05-01T23:00:00,0.0
2024-05-02T00:00:00,0.0
2024-05-02T01:00:00,0.0
2024-05-02T02:00:00,0.0
2024-05-02T03:00:00,0.0
2024-05-02T04:00:00,0.0
2024-05-02T05:00:00,0.0
2024-05-02T06:00:00,17.48
2024-05-02T07:00:00,167.4
2024-05-02T08:00:00,394.2
2024-05-02T09:00:00,587.88
2024-05-02T10:00:00,735.22
2024-05-02T11:00:00,653.4
2024-05-02T12:00:00,881.35
2024-05-02T13:00:00,840.53
2024-05-02T14:00:00,697.95
2024-05-02T15:00:00,499.42
2024-05-02T16:00:00,310.8
2024-05-02T17:00:00,110.4
2024-05-02T18:00:00,6.45
2024-05-02T19:00:00,0.0
2024-05-02T20:00:00,0.0
2024-05-02T21:00:00,0.0
2024-05-02T22:00:00,0.0
2024-05-02T23:00:00,0.0
2024-05-03T00:00:00,0.0
2024-05-03T01:00:00,0.0
2024-05-03T02:00:00,0.0
2024-05-03T03:00:00,0.0
2024-05-03T04:00:00,0.0
2024-05-03T05:00:00,0.0
2024-05-03T06:00:00,14.48
2024-05-03T07:00:00,128.65
2024-05-03T08:00:00,307.52
2024-05-03T09:00:00,448.9
2024-05-03T10:00:00,548.42
2024-05-03T11:00:00,594.65
2024-05-03T12:00:00,626.92
2024-05-03T13:00:00,563.08
2024-05-03T14:00:00,392.0
2024-05-03T15:00:00,359.33
2024-05-03T16:00:00,203.02
2024-05-03T17:00:00,79.97
2024-05-03T18:00:00,4.95
2024-05-03T19:00:00,0.0
2024-05-03T20:00:00,0.0
2024-05-03T21:00:00,0.0
2024-05-03T22:00:00,0.0
2024-05-03T23:00:00,0.0
2024-05-04T00:00:00,0.0
2024-05-04T01:00:00,0.0
2024-05-04T02:00:00,0.0
2024-05-04T03:00:00,0.0
2024-05-04T04:00:00,0.0
2024-05-04T05:00:00,0.0
2024-05-04T06:00:00,18.1
2024-05-04T07:00:00,153.0
2024-05-04T08:00:00,370.27
2024-05-04T09:00:00,598.1
2024-05-04T10:00:00,783.97
2024-05-04T11:00:00,914.95
2024-05-04T12:00:00,944.33
2024-05-04T13:00:00,881.88
2024-05-04T14:00:00,765.05
2024-05-04T15:00:00,579.6
2024-05-04T16:00:00,330.2
2024-05-04T17:00:00,133.27
2024-05-04T18:00:00,6.43
2024-05-04T19:00:00,0.0
2024-05-04T20:00:00,0.0
2024-05-04T21:00:00,0.0
2024-05-04T22:00:00,0.0
2024-05-04T23:00:00,0.0
2024-05-05T00:00:00,0.0
2024-05-05T01:00:00,0.0
2024-05-05T02:00:00,0.0
2024-05-05T03:00:00,0.0
2024-05-05T04:00:00,0.0
2024-05-05T05:00:00,0.0
2024-05-05T06:00:00,15.57
2024-05-05T07:00:00,161.73
2024-05-05T08:00:00,372.95
2024-05-05T09:00:00,592.85
2024-05-05T10:00:00,695.2
2024-05-05T11:00:00,814.28
2024-05-05T12:00:00,885.62
2024-05-05T13:00:00,875.45
2024-05-05T14:00:00,721.88
2024-05-05T15:00:00,553.67
2024-05-05T16:00:00,362.75
2024-05-05T17:00:00,141.3
2024-05-05T18:00:00,6.85
2024-05-05T19:00:00,0.0
2024-05-05T20:00:00,0.0
2024-05-05T21:00:00,0.0
2024-05-05T22:00:00,0.0
2024-05-05T23:00:00,0.0
2024-05-06T00:00:00,0.0
2024-05-06T01:00:00,0.0
2024-05-06T02:00:00,0.0
2024-05-06T03:00:00,0.0
2024-05-06T04:00:00,0.0
2024-05-06T05:00:00,0.0
2024-05-06T06:00:00,10.75
2024-05-06T07:00:00,99.6
2024-05-06T08:00:00,191.4
2024-05-06T09:00:00,371.65
2024-05-06T10:00:00,535.97
2024-05-06T11:00:00,629.2
2024-05-06T12:00:00,577.58
2024-05-06T13:00:00,673.58
2024-05-06T14:00:00,457.23
2024-05-06T15:00:00,384.9
2024-05-06T16:00:00,241.4
2024-05-06T17:00:00,90.05
2024-05-06T18:00:00,6.03
2024-05-06T19:00:00,0.0
2024-05-06T20:00:00,0.0
2024-05-06T21:00:00,0.0
2024-05-06T22:00:00,0.0
2024-05-06T23:00:00,0.0
2024-05-07T00:00:00,0.0
2024-05-07T01:00:00,0.0
2024-05-07T02:00:00,0.0
2024-05-07T03:00:00,0.0
2024-05-07T04:00:00,0.0
2024-05-07T05:00:00,0.0
2024-05-07T06:00:00,21.0
2024-05-07T07:00:00,191.6
2024-05-07T08:00:00,413.73
2024-05-07T09:00:00,606.9
2024-05-07T10:00:00,759.97
2024-05-07T11:00:00,894.88
2024-05-07T12:00:00,837.65
2024-05-07T13:00:00,812.28
2024-05-07T14:00:00,680.92
2024-05-07T15:00:00,501.55
2024-05-07T16:00:00,293.25
2024-05-07T17:00:00,109.3
2024-05-07T18:00:00,5.4
2024-05-07T19:00:00,0.0
2024-05-07T20:00:00,0.0
2024-05-07T21:00:00,0.0
2024-05-07T22:00:00,0.0
2024-05-07T23:00:00,0.0
2024-05-08T00:00:00,0.0
2024-05-08T01:00:00,0.0
2024-05-08T02:00:00,0.0
2024-05-08T03:00:00,0.0
2024-05-08T04:00:00,0.0
2024-05-08T05:00:00,0.0
2024-05-08T06:00:00,22.23
2024-05-08T07:00:00,204.98
2024-05-08T08:00:00,441.23
2024-05-08T09:00:00,650.3
2024-05-08T10:00:00,802.1
2024-05-08T11:00:00,898.72
2024-05-08T12:00:00,922.8
2024-05-08T13:00:00,872.1
2024-05-08T14:00:00,781.78
2024-05-08T15:00:00,604.75
2024-05-08T16:00:00,369.58
2024-05-08T17:00:00,154.57
2024-05-08T18:00:00,7.57
2024-05-08T19:00:00,0.0
2024-05-08T20:00:00,0.0
2024-05-08T21:00:00,0.0
2024-05-08T22:00:00,0.0
2024-05-08T23:00:00,0.0
2024-05-09T00:00:00,0.0
2024-05-09T01:00:00,0.0
2024-05-09T02:00:00,0.0
2024-05-09T03:00:00,0.0
2024-05-09T04:00:00,0.0
2024-05-09T05:00:00,0.0
2024-05-09T06:00:00,22.9
2024-05-09T07:00:00,220.6
2024-05-09T08:00:00,458.73
2024-05-09T09:00:00,674.47
2024-05-09T10:00:00,819.0
2024-05-09T11:00:00,928.67
2024-05-09T12:00:00,954.4
2024-05-09T13:00:00,914.62
2024-05-09T14:00:00,795.72
2024-05-09T15:00:00,618.5
2024-05-09T16:00:00,395.75
2024-05-09T17:00:00,159.35
2024-05-09T18:00:00,7.4
2024-05-09T19:00:00,0.0
2024-05-09T20:00:00,0.0
2024-05-09T21:00:00,0.0
2024-05-09T22:00:00,0.0
2024-05-09T23:00:00,0.0
2024-05-10T00:00:00,0.0
2024-05-10T01:00:00,0.0
2024-05-10T02:00:00,0.0
2024-05-10T03:00:00,0.0
2024-05-10T04:00:00,0.0
2024-05-10T05:00:00,0.0
2024-05-10T06:00:00,18.77
2024-05-10T07:00:00,190.4
2024-05-10T08:00:00,426.62
2024-05-10T09:00:00,597.0
2024-05-10T10:00:00,722.67
2024-05-10T11:00:00,794.6
2024-05-10T12:00:00,830.08
2024-05-10T13:00:00,792.58
2024-05-10T14:00:00,714.0
2024-05-10T15:00:00,494.38
2024-05-10T16:00:00,308.52
2024-05-10T17:00:00,118.95
2024-05-10T18:00:00,6.93
2024-05-10T19:00:00,0.0
2024-05-10T20:00:00,0.0
2024-05-10T21:00:00,0.0
2024-05-10T22:00:00,0.0
2024-05-10T23:00:00,0.0
2024-05-11T00:00:00,0.0
2024-05-11T01:00:00,0.0
2024-05-11T02:00:00,0.0
2024-05-11T03:00:00,0.0
2024-05-11T04:00:00,0.0
2024-05-11T05:00:00,0.0
2024-05-11T06:00:00,16.15
2024-05-11T07:00:00,139.82
2024-05-11T08:00:00,327.8
2024-05-11T09:00:00,530.6
2024-05-11T10:00:00,699.1
2024-05-11T11:00:00,815.8
2024-05-11T12:00:00,815.42
2024-05-11T13:00:00,756.08
2024-05-11T14:00:00,650.65
2024-05-11T15:00:00,502.35
2024-05-11T16:00:00,298.62
2024-05-11T17:00:00,115.15
2024-05-11T18:00:00,5.45
2024-05-11T19:00:00,0.0
2024-05-11T20:00:00,0.0
2024-05-11T21:00:00,0.0
2024-05-11T22:00:00,0.0
2024-05-11T23:00:00,0.0
2024-05-12T00:00:00,0.0
2024-05-12T01:00:00,0.0
2024-05-12T02:00:00,0.0
2024-05-12T03:00:00,0.0
2024-05-12T04:00:00,0.0
2024-05-12T05:00:00,0.0
2024-05-12T06:00:00,16.8
2024-05-12T07:00:00,162.6
2024-05-12T08:00:00,365.7
2024-05-12T09:00:00,565.92
2024-05-12T10:00:00,743.28
2024-05-12T11:00:00,849.5
2024-05-12T12:00:00,829.03
2024-05-12T13:00:00,805.55
2024-05-12T14:00:00,662.58
2024-05-12T15:00:00,526.9
2024-05-12T16:00:00,320.1
2024-05-12T17:00:00,122.28
2024-05-12T18:00:00,6.3
2024-05-12T19:00:00,0.0
2024-05-12T20:00:00,0.0
2024-05-12T21:00:00,0.0
2024-05-12T22:00:00,0.0
2024-05-12T23:00:00,0.0
2024-05-13T00:00:00,0.0
2024-05-13T01:00:00,0.0
2024-05-13T02:00:00,0.0
2024-05-13T03:00:00,0.0
2024-05-13T04:00:00,0.0
2024-05-13T05:00:00,0.0
2024-05-13T06:00:00,21.65
2024-05-13T07:00:00,201.05
2024-05-13T08:00:00,428.2
2024-05-13T09:00:00,639.25
2024-05-13T10:00:00,797.95
2024-05-13T11:00:00,897.22
2024-05-13T12:00:00,931.6
2024-05-13T13:00:00,827.22
2024-05-13T14:00:00,764.15
2024-05-13T15:00:00,591.4
2024-05-13T16:00:00,376.08
2024-05-13T17:00:00,150.62
2024-05-13T18:00:00,7.55
2024-05-13T19:00:00,0.0
2024-05-13T20:00:00,0.0
2024-05-13T21:00:00,0.0
2024-05-13T22:00:00,0.0
2024-05-13T23:00:00,0.0
2024-05-14T00:00:00,0.0
2024-05-14T01:00:00,0.0
2024-05-14T02:00:00,0.0
2024-05-14T03:00:00,0.0
2024-05-14T04:00:00,0.0
2024-05-14T05:00:00,0.0
2024-05-14T06:00:00,23.4
2024-05-14T07:00:00,213.45
2024-05-14T08:00:00,442.7
2024-05-14T09:00:00,656.22
2024-05-14T10:00:00,811.0
2024-05-14T11:00:00,909.8
2024-05-14T12:00:00,942.17
2024-05-14T13:00:00,883.65
2024-05-14T14:00:00,745.03
2024-05-14T15:00:00,597.58
2024-05-14T16:00:00,337.33
2024-05-14T17:00:00,138.82
2024-05-14T18:00:00,6.9
2024-05-14T19:00:00,0.0
2024-05-14T20:00:00,0.0
2024-05-14T21:00:00,0.0
2024-05-14T22:00:00,0.0
2024-05-14T23:00:00,0.0
2024-05-15T00:00:00,0.0
2024-05-15T01:00:00,0.0
2024-05-15T02:00:00,0.0
2024-05-15T03:00:00,0.0
2024-05-15T04:00:00,0.0
2024-05-15T05:00:00,0.0
2024-05-15T06:00:00,23.75
2024-05-15T07:00:00,209.88
2024-05-15T08:00:00,433.0
2024-05-15T09:00:00,642.1
2024-05-15T10:00:00,776.97
2024-05-15T11:00:00,872.8
2024-05-15T12:00:00,926.8
2024-05-15T13:00:00,885.3
2024-05-15T14:00:00,770.62
2024-05-15T15:00:00,591.8
2024-05-15T16:00:00,380.05
2024-05-15T17:00:00,151.95
2024-05-15T18:00:00,7.32
2024-05-15T19:00:00,0.0
2024-05-15T20:00:00,0.0
2024-05-15T21:00:00,0.0
2024-05-15T22:00:00,0.0
2024-05-15T23:00:00,0.0
2024-05-16T00:00:00,0.0
2024-05-16T01:00:00,0.0
2024-05-16T02:00:00,0.0
2024-05-16T03:00:00,0.0
2024-05-16T04:00:00,0.0
2024-05-16T05:00:00,0.0
2024-05-16T06:00:00,21.73
2024-05-16T07:00:00,201.6
2024-05-16T08:00:00,434.12
2024-05-16T09:00:00,644.35
2024-05-16T10:00:00,802.12
2024-05-16T11:00:00,896.0
2024-05-16T12:00:00,926.78
2024-05-16T13:00:00,880.95
2024-05-16T14:00:00,756.0
2024-05-16T15:00:00,578.3
2024-05-16T16:00:00,320.9
2024-05-16T17:00:00,130.77
2024-05-16T18:00:00,6.3
2024-05-16T19:00:00,0.0
2024-05-16T20:00:00,0.0
2024-05-16T21:00:00,0.0
2024-05-16T22:00:00,0.0
2024-05-16T23:00:00,0.0
2024-05-17T00:00:00,0.0
2024-05-17T01:00:00,0.0
2024-05-17T02:00:00,0.0
2024-05-17T03:00:00,0.0
2024-05-17T04:00:00,0.0
2024-05-17T05:00:00,0.0
2024-05-17T06:00:00,17.25
2024-05-17T07:00:00,140.57
2024-05-17T08:00:00,343.92
2024-05-17T09:00:00,523.03
2024-05-17T10:00:00,646.47
2024-05-17T11:00:00,717.35
2024-05-17T12:00:00,742.35
2024-05-17T13:00:00,705.6
2024-05-17T14:00:00,567.03
2024-05-17T15:00:00,461.92
2024-05-17T16:00:00,281.58
2024-05-17T17:00:00,104.05
2024-05-17T18:00:00,6.97
2024-05-17T19:00:00,0.0
2024-05-17T20:00:00,0.0
2024-05-17T21:00:00,0.0
2024-05-17T22:00:00,0.0
2024-05-17T23:00:00,0.0
2024-05-18T00:00:00,0.0
2024-05-18T01:00:00,0.0
2024-05-18T02:00:00,0.0
2024-05-18T03:00:00,0.0
2024-05-18T04:00:00,0.0
2024-05-18T05:00:00,0.0
2024-05-18T06:00:00,22.3
2024-05-18T07:00:00,198.8
2024-05-18T08:00:00,401.77
2024-05-18T09:00:00,607.1
2024-05-18T10:00:00,729.33
2024-05-18T11:00:00,810.58
2024-05-18T12:00:00,909.6
2024-05-18T13:00:00,856.83
2024-05-18T14:00:00,723.88
2024-05-18T15:00:00,590.08
2024-05-18T16:00:00,380.65
2024-05-18T17:00:00,155.15
2024-05-18T18:00:00,7.55
2024-05-18T19:00:00,0.0
2024-05-18T20:00:00,0.0
2024-05-18T21:00:00,0.0
2024-05-18T22:00:00,0.0
2024-05-18T23:00:00,0.0
2024-05-19T00:00:00,0.0
2024-05-19T01:00:00,0.0
2024-05-19T02:00:00,0.0
2024-05-19T03:00:00,0.0
2024-05-19T04:00:00,0.0
2024-05-19T05:00:00,0.0
2024-05-19T06:00:00,24.48
2024-05-19T07:00:00,214.23
2024-05-19T08:00:00,436.05
2024-05-19T09:00:00,642.42
2024-05-19T10:00:00,797.8
2024-05-19T11:00:00,892.62
2024-05-19T12:00:00,917.17
2024-05-19T13:00:00,878.72
2024-05-19T14:00:00,764.53
2024-05-19T15:00:00,585.65
2024-05-19T16:00:00,369.77
2024-05-19T17:00:00,146.27
2024-05-19T18:00:00,5.97
2024-05-19T19:00:00,0.0
2024-05-19T20:00:00,0.0
2024-05-19T21:00:00,0.0
2024-05-19T22:00:00,0.0
2024-05-19T23:00:00,0.0
2024-05-20T00:00:00,0.0
2024-05-20T01:00:00,0.0
2024-05-20T02:00:00,0.0
2024-05-20T03:00:00,0.0
2024-05-20T04:00:00,0.0
2024-05-20T05:00:00,0.0
2024-05-20T06:00:00,22.92
2024-05-20T07:00:00,193.0
2024-05-20T08:00:00,411.52
2024-05-20T09:00:00,593.0
2024-05-20T10:00:00,719.0
2024-05-20T11:00:00,855.83
2024-05-20T12:00:00,895.58
2024-05-20T13:00:00,851.6
2024-05-20T14:00:00,709.47
2024-05-20T15:00:00,523.92
2024-05-20T16:00:00,335.58
2024-05-20T17:00:00,129.75
2024-05-20T18:00:00,7.0
2024-05-20T19:00:00,0.0
2024-05-20T20:00:00,0.0
2024-05-20T21:00:00,0.0
2024-05-20T22:00:00,0.0
2024-05-20T23:00:00,0.0
2024-05-21T00:00:00,0.0
2024-05-21T01:00:00,0.0
2024-05-21T02:00:00,0.0
2024-05-21T03:00:00,0.0
2024-05-21T04:00:00,0.0
2024-05-21T05:00:00,0.0
2024-05-21T06:00:00,20.15
2024-05-21T07:00:00,181.48
2024-05-21T08:00:00,394.58
2024-05-21T09:00:00,623.25
2024-05-21T10:00:00,786.9
2024-05-21T11:00:00,875.67
2024-05-21T12:00:00,923.17
2024-05-21T13:00:00,881.88
2024-05-21T14:00:00,773.3
2024-05-21T15:00:00,607.78
2024-05-21T16:00:00,403.52
2024-05-21T17:00:00,168.23
2024-05-21T18:00:00,7.93
2024-05-21T19:00:00,0.0
2024-05-21T20:00:00,0.0
2024-05-21T21:00:00,0.0
2024-05-21T22:00:00,0.0
2024-05-21T23:00:00,0.0
2024-05-22T00:00:00,0.0
2024-05-22T01:00:00,0.0
2024-05-22T02:00:00,0.0
2024-05-22T03:00:00,0.0
2024-05-22T04:00:00,0.0
2024-05-22T05:00:00,0.0
2024-05-22T06:00:00,21.95
2024-05-22T07:00:00,195.12
2024-05-22T08:00:00,418.77
2024-05-22T09:00:00,588.97
2024-05-22T10:00:00,702.7
2024-05-22T11:00:00,627.92
2024-05-22T12:00:00,586.9
2024-05-22T13:00:00,781.0
2024-05-22T14:00:00,675.53
2024-05-22T15:00:00,575.35
2024-05-22T16:00:00,369.6
2024-05-22T17:00:00,149.3
2024-05-22T18:00:00,7.68
2024-05-22T19:00:00,0.0
2024-05-22T20:00:00,0.0
2024-05-22T21:00:00,0.0
2024-05-22T22:00:00,0.0
2024-05-22T23:00:00,0.0
2024-05-23T00:00:00,0.0
2024-05-23T01:00:00,0.0
2024-05-23T02:00:00,0.0
2024-05-23T03:00:00,0.0
2024-05-23T04:00:00,0.0
2024-05-23T05:00:00,0.0
2024-05-23T06:00:00,19.98
2024-05-23T07:00:00,173.05
2024-05-23T08:00:00,393.08
2024-05-23T09:00:00,567.17
2024-05-23T10:00:00,707.35
2024-05-23T11:00:00,812.12
2024-05-23T12:00:00,853.12
2024-05-23T13:00:00,799.33
2024-05-23T14:00:00,694.55
2024-05-23T15:00:00,488.62
2024-05-23T16:00:00,286.23
2024-05-23T17:00:00,114.53
2024-05-23T18:00:00,6.78
2024-05-23T19:00:00,0.0
2024-05-23T20:00:00,0.0
2024-05-23T21:00:00,0.0
2024-05-23T22:00:00,0.0
2024-05-23T23:00:00,0.0
2024-05-24T00:00:00,0.0
2024-05-24T01:00:00,0.0
2024-05-24T02:00:00,0.0
2024-05-24T03:00:00,0.0
2024-05-24T04:00:00,0.0
2024-05-24T05:00:00,0.0
2024-05-24T06:00:00,24.62
2024-05-24T07:00:00,226.75
2024-05-24T08:00:00,455.12
2024-05-24T09:00:00,657.67
2024-05-24T10:00:00,810.55
2024-05-24T11:00:00,905.92
2024-05-24T12:00:00,929.3
2024-05-24T13:00:00,883.78
2024-05-24T14:00:00,771.03
2024-05-24T15:00:00,583.42
2024-05-24T16:00:00,375.0
2024-05-24T17:00:00,149.27
2024-05-24T18:00:00,7.6
2024-05-24T19:00:00,0.0
2024-05-24T20:00:00,0.0
2024-05-24T21:00:00,0.0
2024-05-24T22:00:00,0.0
2024-05-24T23:00:00,0.0
2024-05-25T00:00:00,0.0
2024-05-25T01:00:00,0.0
2024-05-25T02:00:00,0.0
2024-05-25T03:00:00,0.0
2024-05-25T04:00:00,0.0
2024-05-25T05:00:00,0.0
2024-05-25T06:00:00,22.92
2024-05-25T07:00:00,210.45
2024-05-25T08:00:00,439.17
2024-05-25T09:00:00,647.85
2024-05-25T10:00:00,796.45
2024-05-25T11:00:00,880.53
2024-05-25T12:00:00,841.8
2024-05-25T13:00:00,840.55
2024-05-25T14:00:00,687.47
2024-05-25T15:00:00,523.1
2024-05-25T16:00:00,328.77
2024-05-25T17:00:00,134.25
2024-05-25T18:00:00,6.65
2024-05-25T19:00:00,0.0
2024-05-25T20:00:00,0.0
2024-05-25T21:00:00,0.0
2024-05-25T22:00:00,0.0
2024-05-25T23:00:00,0.0
2024-05-26T00:00:00,0.0
2024-05-26T01:00:00,0.0
2024-05-26T02:00:00,0.0
2024-05-26T03:00:00,0.0
2024-05-26T04:00:00,0.0
2024-05-26T05:00:00,0.0
2024-05-26T06:00:00,22.77
2024-05-26T07:00:00,209.68
2024-05-26T08:00:00,431.8
2024-05-26T09:00:00,635.55
2024-05-26T10:00:00,781.83
2024-05-26T11:00:00,879.0
2024-05-26T12:00:00,910.7
2024-05-26T13:00:00,870.92
2024-05-26T14:00:00,770.62
2024-05-26T15:00:00,602.92
2024-05-26T16:00:00,393.95
2024-05-26T17:00:00,164.38
2024-05-26T18:00:00,8.5
2024-05-26T19:00:00,0.0
2024-05-26T20:00:00,0.0
2024-05-26T21:00:00,0.0
2024-05-26T22:00:00,0.0
2024-05-26T23:00:00,0.0
2024-05-27T00:00:00,0.0
2024-05-27T01:00:00,0.0
2024-05-27T02:00:00,0.0
2024-05-27T03:00:00,0.0
2024-05-27T04:00:00,0.0
2024-05-27T05:00:00,0.0
2024-05-27T06:00:00,21.25
2024-05-27T07:00:00,197.2
2024-05-27T08:00:00,409.55
2024-05-27T09:00:00,622.4
2024-05-27T10:00:00,777.67
2024-05-27T11:00:00,881.22
2024-05-27T12:00:00,911.5
2024-05-27T13:00:00,857.28
2024-05-27T14:00:00,722.03
2024-05-27T15:00:00,569.17
2024-05-27T16:00:00,329.77
2024-05-27T17:00:00,132.68
2024-05-27T18:00:00,6.8
2024-05-27T19:00:00,0.0
2024-05-27T20:00:00,0.0
2024-05-27T21:00:00,0.0
2024-05-27T22:00:00,0.0
2024-05-27T23:00:00,0.0
2024-05-28T00:00:00,0.0
2024-05-28T01:00:00,0.0
2024-05-28T02:00:00,0.0
2024-05-28T03:00:00,0.0
2024-05-28T04:00:00,0.0
2024-05-28T05:00:00,0.0
2024-05-28T06:00:00,19.42
2024-05-28T07:00:00,190.7
2024-05-28T08:00:00,408.7
2024-05-28T09:00:00,623.12
2024-05-28T10:00:00,787.58
2024-05-28T11:00:00,889.83
2024-05-28T12:00:00,927.25
2024-05-28T13:00:00,884.9
2024-05-28T14:00:00,771.8
2024-05-28T15:00:00,606.7
2024-05-28T16:00:00,388.92
2024-05-28T17:00:00,163.75
2024-05-28T18:00:00,8.57
2024-05-28T19:00:00,0.0
2024-05-28T20:00:00,0.0
2024-05-28T21:00:00,0.0
2024-05-28T22:00:00,0.0
2024-05-28T23:00:00,0.0
2024-05-29T00:00:00,0.0
2024-05-29T01:00:00,0.0
2024-05-29T02:00:00,0.0
2024-05-29T03:00:00,0.0
2024-05-29T04:00:00,0.0
2024-05-29T05:00:00,0.0
2024-05-29T06:00:00,21.83
2024-05-29T07:00:00,193.02
2024-05-29T08:00:00,368.7
2024-05-29T09:00:00,612.78
2024-05-29T10:00:00,719.53
2024-05-29T11:00:00,831.35
2024-05-29T12:00:00,894.78
2024-05-29T13:00:00,849.88
2024-05-29T14:00:00,755.8
2024-05-29T15:00:00,570.92
2024-05-29T16:00:00,363.3
2024-05-29T17:00:00,151.45
2024-05-29T18:00:00,8.15
2024-05-29T19:00:00,0.0
2024-05-29T20:00:00,0.0
2024-05-29T21:00:00,0.0
2024-05-29T22:00:00,0.0
2024-05-29T23:00:00,0.0
2024-05-30T00:00:00,0.0
2024-05-30T01:00:00,0.0
2024-05-30T02:00:00,0.0
2024-05-30T03:00:00,0.0
2024-05-30T04:00:00,0.0
2024-05-30T05:00:00,0.0
2024-05-30T06:00:00,19.55
2024-05-30T07:00:00,180.48
2024-05-30T08:00:00,392.67
2024-05-30T09:00:00,597.5
2024-05-30T10:00:00,752.78
2024-05-30T11:00:00,869.55
2024-05-30T12:00:00,888.03
2024-05-30T13:00:00,853.8
2024-05-30T14:00:00,752.15
2024-05-30T15:00:00,600.75
2024-05-30T16:00:00,389.27
2024-05-30T17:00:00,165.93
2024-05-30T18:00:00,8.98
2024-05-30T19:00:00,0.0
2024-05-30T20:00:00,0.0
2024-05-30T21:00:00,0.0
2024-05-30T22:00:00,0.0
2024-05-30T23:00:00,0.0
2024-05-31T00:00:00,0.0
2024-05-31T01:00:00,0.0
2024-05-31T02:00:00,0.0
2024-05-31T03:00:00,0.0
2024-05-31T04:00:00,0.0
2024-05-31T05:00:00,0.0
2024-05-31T06:00:00,21.27
2024-05-31T07:00:00,198.65
2024-05-31T08:00:00,405.83
2024-05-31T09:00:00,622.35
2024-05-31T10:00:00,781.15
2024-05-31T11:00:00,872.33
2024-05-31T12:00:00,903.8
2024-05-31T13:00:00,855.95
2024-05-31T14:00:00,763.83
2024-05-31T15:00:00,599.67
2024-05-31T16:00:00,392.3
2024-05-31T17:00:00,167.27
2024-05-31T18:00:00,8.75
2024-05-31T19:00:00,0.0
2024-05-31T20:00:00,0.0
2024-05-31T21:00:00,0.0
2024-05-31T22:00:00,0.0
2024-05-31T23:00:00,0.0
2024-06-01T00:00:00,0.0
2024-06-01T01:00:00,0.0
2024-06-01T02:00:00,0.0
2024-06-01T03:00:00,0.0
2024-06-01T04:00:00,0.0
2024-06-01T05:00:00,0.0
2024-06-01T06:00:00,18.52
2024-06-01T07:00:00,188.82
2024-06-01T08:00:00,394.6
2024-06-01T09:00:00,593.1
2024-06-01T10:00:00,758.75
2024-06-01T11:00:00,854.65
2024-06-01T12:00:00,856.75
2024-06-01T13:00:00,850.38
2024-06-01T14:00:00,721.1
2024-06-01T15:00:00,564.53
2024-06-01T16:00:00,364.0
2024-06-01T17:00:00,146.98
2024-06-01T18:00:00,8.12
2024-06-01T19:00:00,0.0
2024-06-01T20:00:00,0.0
2024-06-01T21:00:00,0.0
2024-06-01T22:00:00,0.0
2024-06-01T23:00:00,0.0
2024-06-02T00:00:00,0.0
2024-06-02T01:00:00,0.0
2024-06-02T02:00:00,0.0
2024-06-02T03:00:00,0.0
2024-06-02T04:00:00,0.0
2024-06-02T05:00:00,0.0
2024-06-02T06:00:00,20.73
2024-06-02T07:00:00,216.68
2024-06-02T08:00:00,442.77
2024-06-02T09:00:00,633.9
2024-06-02T10:00:00,799.62
2024-06-02T11:00:00,893.42
2024-06-02T12:00:00,915.42
2024-06-02T13:00:00,865.97
2024-06-02T14:00:00,735.28
2024-06-02T15:00:00,574.75
2024-06-02T16:00:00,368.17
2024-06-02T17:00:00,146.62
2024-06-02T18:00:00,8.27
2024-06-02T19:00:00,0.0
2024-06-02T20:00:00,0.0
2024-06-02T21:00:00,0.0
2024-06-02T22:00:00,0.0
2024-06-02T23:00:00,0.0
2024-06-03T00:00:00,0.0
2024-06-03T01:00:00,0.0
2024-06-03T02:00:00,0.0
2024-06-03T03:00:00,0.0
2024-06-03T04:00:00,0.0
2024-06-03T05:00:00,0.0
2024-06-03T06:00:00,19.92
2024-06-03T07:00:00,172.23
2024-06-03T08:00:00,363.95
2024-06-03T09:00:00,569.22
2024-06-03T10:00:00,698.92
2024-06-03T11:00:00,756.83
2024-06-03T12:00:00,743.3
2024-06-03T13:00:00,748.4
2024-06-03T14:00:00,702.05
2024-06-03T15:00:00,464.65
2024-06-03T16:00:00,293.55
2024-06-03T17:00:00,114.2
2024-06-03T18:00:00,8.18
2024-06-03T19:00:00,0.0
2024-06-03T20:00:00,0.0
2024-06-03T21:00:00,0.0
2024-06-03T22:00:00,0.0
2024-06-03T23:00:00,0.0
2024-06-04T00:00:00,0.0
2024-06-04T01:00:00,0.0
2024-06-04T02:00:00,0.0
2024-06-04T03:00:00,0.0
2024-06-04T04:00:00,0.0
2024-06-04T05:00:00,0.0
2024-06-04T06:00:00,19.2
2024-06-04T07:00:00,192.57
2024-06-04T08:00:00,410.85
2024-06-04T09:00:00,606.17
2024-06-04T10:00:00,746.15
2024-06-04T11:00:00,844.6
2024-06-04T12:00:00,874.22
2024-06-04T13:00:00,831.65
2024-06-04T14:00:00,748.35
2024-06-04T15:00:00,584.75
2024-06-04T16:00:00,379.2
2024-06-04T17:00:00,156.38
2024-06-04T18:00:00,8.93
2024-06-04T19:00:00,0.0
2024-06-04T20:00:00,0.0
2024-06-04T21:00:00,0.0
2024-06-04T22:00:00,0.0
2024-06-04T23:00:00,0.0
2024-06-05T00:00:00,0.0
2024-06-05T01:00:00,0.0
2024-06-05T02:00:00,0.0
2024-06-05T03:00:00,0.0
2024-06-05T04:00:00,0.0
2024-06-05T05:00:00,0.0
2024-06-05T06:00:00,18.95
2024-06-05T07:00:00,194.05
2024-06-05T08:00:00,417.23
2024-06-05T09:00:00,611.5
2024-06-05T10:00:00,771.1
2024-06-05T11:00:00,861.88
2024-06-05T12:00:00,899.03
2024-06-05T13:00:00,855.4
2024-06-05T14:00:00,748.12
2024-06-05T15:00:00,588.15
2024-06-05T16:00:00,363.08
2024-06-05T17:00:00,155.48
2024-06-05T18:00:00,8.98
2024-06-05T19:00:00,0.0
2024-06-05T20:00:00,0.0
2024-06-05T21:00:00,0.0
2024-06-05T22:00:00,0.0
2024-06-05T23:00:00,0.0
2024-06-06T00:00:00,0.0
2024-06-06T01:00:00,0.0
2024-06-06T02:00:00,0.0
2024-06-06T03:00:00,0.0
2024-06-06T04:00:00,0.0
2024-06-06T05:00:00,0.0
2024-06-06T06:00:00,20.33
2024-06-06T07:00:00,197.15
2024-06-06T08:00:00,418.05
2024-06-06T09:00:00,612.67
2024-06-06T10:00:00,771.33
2024-06-06T11:00:00,845.85
2024-06-06T12:00:00,832.38
2024-06-06T13:00:00,815.03
2024-06-06T14:00:00,685.0
2024-06-06T15:00:00,527.38
2024-06-06T16:00:00,345.8
2024-06-06T17:00:00,137.62
2024-06-06T18:00:00,9.12
2024-06-06T19:00:00,0.0
2024-06-06T20:00:00,0.0
2024-06-06T21:00:00,0.0
2024-06-06T22:00:00,0.0
2024-06-06T23:00:00,0.0
2024-06-07T00:00:00,0.0
2024-06-07T01:00:00,0.0
2024-06-07T02:00:00,0.0
2024-06-07T03:00:00,0.0
2024-06-07T04:00:00,0.0
2024-06-07T05:00:00,0.0
2024-06-07T06:00:00,16.15
2024-06-07T07:00:00,149.32
2024-06-07T08:00:00,348.58
2024-06-07T09:00:00,543.6
2024-06-07T10:00:00,703.25
2024-06-07T11:00:00,768.15
2024-06-07T12:00:00,740.28
2024-06-07T13:00:00,753.55
2024-06-07T14:00:00,604.85
2024-06-07T15:00:00,496.05
2024-06-07T16:00:00,314.4
2024-06-07T17:00:00,129.75
2024-06-07T18:00:00,8.32
2024-06-07T19:00:00,0.0
2024-06-07T20:00:00,0.0
2024-06-07T21:00:00,0.0
2024-06-07T22:00:00,0.0
2024-06-07T23:00:00,0.0
2024-06-08T00:00:00,0.0
2024-06-08T01:00:00,0.0
2024-06-08T02:00:00,0.0
2024-06-08T03:00:00,0.0
2024-06-08T04:00:00,0.0
2024-06-08T05:00:00,0.0
2024-06-08T06:00:00,13.77
2024-06-08T07:00:00,137.07
2024-06-08T08:00:00,329.0
2024-06-08T09:00:00,506.0
2024-06-08T10:00:00,670.0
2024-06-08T11:00:00,764.17
2024-06-08T12:00:00,780.4
2024-06-08T13:00:00,795.88
2024-06-08T14:00:00,653.3
2024-06-08T15:00:00,567.9
2024-06-08T16:00:00,341.0
2024-06-08T17:00:00,146.3
2024-06-08T18:00:00,8.35
2024-06-08T19:00:00,0.0
2024-06-08T20:00:00,0.0
2024-06-08T21:00:00,0.0
2024-06-08T22:00:00,0.0
2024-06-08T23:00:00,0.0
2024-06-09T00:00:00,0.0
2024-06-09T01:00:00,0.0
2024-06-09T02:00:00,0.0
2024-06-09T03:00:00,0.0
2024-06-09T04:00:00,0.0
2024-06-09T05:00:00,0.0
2024-06-09T06:00:00,18.6
2024-06-09T07:00:00,177.98
2024-06-09T08:00:00,361.0
2024-06-09T09:00:00,555.88
2024-06-09T10:00:00,701.88
2024-06-09T11:00:00,820.22
2024-06-09T12:00:00,859.38
2024-06-09T13:00:00,845.08
2024-06-09T14:00:00,728.0
2024-06-09T15:00:00,574.72
2024-06-09T16:00:00,339.83
2024-06-09T17:00:00,148.45
2024-06-09T18:00:00,9.1
2024-06-09T19:00:00,0.0
2024-06-09T20:00:00,0.0
2024-06-09T21:00:00,0.0
2024-06-09T22:00:00,0.0
2024-06-09T23:00:00,0.0
2024-06-10T00:00:00,0.0
2024-06-10T01:00:00,0.0
2024-06-10T02:00:00,0.0
2024-06-10T03:00:00,0.0
2024-06-10T04:00:00,0.0
2024-06-10T05:00:00,0.0
2024-06-10T06:00:00,17.58
2024-06-10T07:00:00,182.27
2024-06-10T08:00:00,396.42
2024-06-10T09:00:00,595.88
2024-06-10T10:00:00,714.65
2024-06-10T11:00:00,725.6
2024-06-10T12:00:00,866.2
2024-06-10T13:00:00,806.12
2024-06-10T14:00:00,672.95
2024-06-10T15:00:00,529.15
2024-06-10T16:00:00,332.42
2024-06-10T17:00:00,128.6
2024-06-10T18:00:00,8.55
2024-06-10T19:00:00,0.0
2024-06-10T20:00:00,0.0
2024-06-10T21:00:00,0.0
2024-06-10T22:00:00,0.0
2024-06-10T23:00:00,0.0
2024-06-11T00:00:00,0.0
2024-06-11T01:00:00,0.0
2024-06-11T02:00:00,0.0
2024-06-11T03:00:00,0.0
2024-06-11T04:00:00,0.0
2024-06-11T05:00:00,0.0
2024-06-11T06:00:00,11.73
2024-06-11T07:00:00,104.6
2024-06-11T08:00:00,256.67
2024-06-11T09:00:00,381.73
2024-06-11T10:00:00,454.12
2024-06-11T11:00:00,620.33
2024-06-11T12:00:00,713.67
2024-06-11T13:00:00,655.92
2024-06-11T14:00:00,520.0
2024-06-11T15:00:00,397.02
2024-06-11T16:00:00,251.25
2024-06-11T17:00:00,93.95
2024-06-11T18:00:00,8.7
2024-06-11T19:00:00,0.0
2024-06-11T20:00:00,0.0
2024-06-11T21:00:00,0.0
2024-06-11T22:00:00,0.0
2024-06-11T23:00:00,0.0
2024-06-12T00:00:00,0.0
2024-06-12T01:00:00,0.0
2024-06-12T02:00:00,0.0
2024-06-12T03:00:00,0.0
2024-06-12T04:00:00,0.0
2024-06-12T05:00:00,0.0
2024-06-12T06:00:00,15.35
2024-06-12T07:00:00,134.6
2024-06-12T08:00:00,322.23
2024-06-12T09:00:00,507.85
2024-06-12T10:00:00,636.35
2024-06-12T11:00:00,671.33
2024-06-12T12:00:00,673.12
2024-06-12T13:00:00,729.95
2024-06-12T14:00:00,521.62
2024-06-12T15:00:00,414.45
2024-06-12T16:00:00,252.8
2024-06-12T17:00:00,89.4
2024-06-12T18:00:00,7.8
2024-06-12T19:00:00,0.0
2024-06-12T20:00:00,0.0
2024-06-12T21:00:00,0.0
2024-06-12T22:00:00,0.0
2024-06-12T23:00:00,0.0
2024-06-13T00:00:00,0.0
2024-06-13T01:00:00,0.0
2024-06-13T02:00:00,0.0
2024-06-13T03:00:00,0.0
2024-06-13T04:00:00,0.0
2024-06-13T05:00:00,0.0
2024-06-13T06:00:00,17.85
2024-06-13T07:00:00,188.2
2024-06-13T08:00:00,416.3
2024-06-13T09:00:00,615.88
2024-06-13T10:00:00,772.38
2024-06-13T11:00:00,867.85
2024-06-13T12:00:00,908.45
2024-06-13T13:00:00,865.55
2024-06-13T14:00:00,760.2
2024-06-13T15:00:00,599.15
2024-06-13T16:00:00,390.88
2024-06-13T17:00:00,169.15
2024-06-13T18:00:00,10.52
2024-06-13T19:00:00,0.0
2024-06-13T20:00:00,0.0
2024-06-13T21:00:00,0.0
2024-06-13T22:00:00,0.0
2024-06-13T23:00:00,0.0
2024-06-14T00:00:00,0.0
2024-06-14T01:00:00,0.0
2024-06-14T02:00:00,0.0
2024-06-14T03:00:00,0.0
2024-06-14T04:00:00,0.0
2024-06-14T05:00:00,0.0
2024-06-14T06:00:00,15.3
2024-06-14T07:00:00,147.38
2024-06-14T08:00:00,336.42
2024-06-14T09:00:00,515.55
2024-06-14T10:00:00,687.35
2024-06-14T11:00:00,808.6
2024-06-14T12:00:00,819.58
2024-06-14T13:00:00,763.85
2024-06-14T14:00:00,674.4
2024-06-14T15:00:00,535.97
2024-06-14T16:00:00,345.95
2024-06-14T17:00:00,142.82
2024-06-14T18:00:00,10.43
2024-06-14T19:00:00,0.0
2024-06-14T20:00:00,0.0
2024-06-14T21:00:00,0.0
2024-06-14T22:00:00,0.0
2024-06-14T23:00:00,0.0
2024-06-15T00:00:00,0.0
2024-06-15T01:00:00,0.0
2024-06-15T02:00:00,0.0
2024-06-15T03:00:00,0.0
2024-06-15T04:00:00,0.0
2024-06-15T05:00:00,0.0
2024-06-15T06:00:00,16.88
2024-06-15T07:00:00,190.88
2024-06-15T08:00:00,400.95
2024-06-15T09:00:00,602.58
2024-06-15T10:00:00,749.15
2024-06-15T11:00:00,858.58
2024-06-15T12:00:00,820.12
2024-06-15T13:00:00,824.1
2024-06-15T14:00:00,658.62
2024-06-15T15:00:00,528.62
2024-06-15T16:00:00,303.52
2024-06-15T17:00:00,130.73
2024-06-15T18:00:00,10.2
2024-06-15T19:00:00,0.0
2024-06-15T20:00:00,0.0
2024-06-15T21:00:00,0.0
2024-06-15T22:00:00,0.0
2024-06-15T23:00:00,0.0
2024-06-16T00:00:00,0.0
2024-06-16T01:00:00,0.0
2024-06-16T02:00:00,0.0
2024-06-16T03:00:00,0.0
2024-06-16T04:00:00,0.0
2024-06-16T05:00:00,0.0
2024-06-16T06:00:00,11.75
2024-06-16T07:00:00,143.2
2024-06-16T08:00:00,341.45
2024-06-16T09:00:00,543.22
2024-06-16T10:00:00,704.15
2024-06-16T11:00:00,793.03
2024-06-16T12:00:00,811.47
2024-06-16T13:00:00,820.95
2024-06-16T14:00:00,686.33
2024-06-16T15:00:00,522.88
2024-06-16T16:00:00,343.17
2024-06-16T17:00:00,143.4
2024-06-16T18:00:00,10.23
2024-06-16T19:00:00,0.0
2024-06-16T20:00:00,0.0
2024-06-16T21:00:00,0.0
2024-06-16T22:00:00,0.0
2024-06-16T23:00:00,0.0
2024-06-17T00:00:00,0.0
2024-06-17T01:00:00,0.0
2024-06-17T02:00:00,0.0
2024-06-17T03:00:00,0.0
2024-06-17T04:00:00,0.0
2024-06-17T05:00:00,0.0
2024-06-17T06:00:00,15.9
2024-06-17T07:00:00,159.93
2024-06-17T08:00:00,358.33
2024-06-17T09:00:00,540.72
2024-06-17T10:00:00,658.8
2024-06-17T11:00:00,687.9
2024-06-17T12:00:00,760.62
2024-06-17T13:00:00,742.55
2024-06-17T14:00:00,572.25
2024-06-17T15:00:00,414.62
2024-06-17T16:00:00,255.07
2024-06-17T17:00:00,109.8
2024-06-17T18:00:00,6.5
2024-06-17T19:00:00,0.0
2024-06-17T20:00:00,0.0
2024-06-17T21:00:00,0.0
2024-06-17T22:00:00,0.0
2024-06-17T23:00:00,0.0
2024-06-18T00:00:00,0.0
2024-06-18T01:00:00,0.0
2024-06-18T02:00:00,0.0
2024-06-18T03:00:00,0.0
2024-06-18T04:00:00,0.0
2024-06-18T05:00:00,0.0
2024-06-18T06:00:00,15.0
2024-06-18T07:00:00,182.48
2024-06-18T08:00:00,394.98
2024-06-18T09:00:00,604.85
2024-06-18T10:00:00,759.6
2024-06-18T11:00:00,855.38
2024-06-18T12:00:00,868.6
2024-06-18T13:00:00,823.85
2024-06-18T14:00:00,744.75
2024-06-18T15:00:00,587.47
2024-06-18T16:00:00,391.6
2024-06-18T17:00:00,169.25
2024-06-18T18:00:00,11.45
2024-06-18T19:00:00,0.0
2024-06-18T20:00:00,0.0
2024-06-18T21:00:00,0.0
2024-06-18T22:00:00,0.0
2024-06-18T23:00:00,0.0
2024-06-19T00:00:00,0.0
2024-06-19T01:00:00,0.0
2024-06-19T02:00:00,0.0
2024-06-19T03:00:00,0.0
2024-06-19T04:00:00,0.0
2024-06-19T05:00:00,0.0
2024-06-19T06:00:00,16.52
2024-06-19T07:00:00,179.1
2024-06-19T08:00:00,391.92
2024-06-19T09:00:00,588.5
2024-06-19T10:00:00,743.88
2024-06-19T11:00:00,822.53
2024-06-19T12:00:00,837.72
2024-06-19T13:00:00,746.08
2024-06-19T14:00:00,675.92
2024-06-19T15:00:00,489.98
2024-06-19T16:00:00,305.08
2024-06-19T17:00:00,114.07
2024-06-19T18:00:00,10.23
2024-06-19T19:00:00,0.0
2024-06-19T20:00:00,0.0
2024-06-19T21:00:00,0.0
2024-06-19T22:00:00,0.0
2024-06-19T23:00:00,0.0
2024-06-20T00:00:00,0.0
2024-06-20T01:00:00,0.0
2024-06-20T02:00:00,0.0
2024-06-20T03:00:00,0.0
2024-06-20T04:00:00,0.0
2024-06-20T05:00:00,0.0
2024-06-20T06:00:00,10.57
2024-06-20T07:00:00,117.32
2024-06-20T08:00:00,275.25
2024-06-20T09:00:00,425.88
2024-06-20T10:00:00,603.97
2024-06-20T11:00:00,719.53
2024-06-20T12:00:00,778.8
2024-06-20T13:00:00,760.95
2024-06-20T14:00:00,665.25
2024-06-20T15:00:00,489.02
2024-06-20T16:00:00,303.08
2024-06-20T17:00:00,118.15
2024-06-20T18:00:00,9.12
2024-06-20T19:00:00,0.0
2024-06-20T20:00:00,0.0
2024-06-20T21:00:00,0.0
2024-06-20T22:00:00,0.0
2024-06-20T23:00:00,0.0
2024-06-21T00:00:00,0.0
2024-06-21T01:00:00,0.0
2024-06-21T02:00:00,0.0
2024-06-21T03:00:00,0.0
2024-06-21T04:00:00,0.0
2024-06-21T05:00:00,0.0
2024-06-21T06:00:00,16.65
2024-06-21T07:00:00,190.98
2024-06-21T08:00:00,416.0
2024-06-21T09:00:00,620.53
2024-06-21T10:00:00,776.7
2024-06-21T11:00:00,870.3
2024-06-21T12:00:00,897.35
2024-06-21T13:00:00,837.35
2024-06-21T14:00:00,724.0
2024-06-21T15:00:00,543.85
2024-06-21T16:00:00,344.83
2024-06-21T17:00:00,143.2
2024-06-21T18:00:00,8.98
2024-06-21T19:00:00,0.0
2024-06-21T20:00:00,0.0
2024-06-21T21:00:00,0.0
2024-06-21T22:00:00,0.0
2024-06-21T23:00:00,0.0
2024-06-22T00:00:00,0.0
2024-06-22T01:00:00,0.0
2024-06-22T02:00:00,0.0
2024-06-22T03:00:00,0.0
2024-06-22T04:00:00,0.0
2024-06-22T05:00:00,0.0
2024-06-22T06:00:00,15.0
2024-06-22T07:00:00,177.05
2024-06-22T08:00:00,386.55
2024-06-22T09:00:00,573.72
2024-06-22T10:00:00,781.08
2024-06-22T11:00:00,878.95
2024-06-22T12:00:00,901.5
2024-06-22T13:00:00,868.78
2024-06-22T14:00:00,769.25
2024-06-22T15:00:00,597.5
2024-06-22T16:00:00,395.12
2024-06-22T17:00:00,173.07
2024-06-22T18:00:00,11.98
2024-06-22T19:00:00,0.0
2024-06-22T20:00:00,0.0
2024-06-22T21:00:00,0.0
2024-06-22T22:00:00,0.0
2024-06-22T23:00:00,0.0
2024-06-23T00:00:00,0.0
2024-06-23T01:00:00,0.0
2024-06-23T02:00:00,0.0
2024-06-23T03:00:00,0.0
2024-06-23T04:00:00,0.0
2024-06-23T05:00:00,0.0
2024-06-23T06:00:00,15.2
2024-06-23T07:00:00,167.77
2024-06-23T08:00:00,363.15
2024-06-23T09:00:00,531.15
2024-06-23T10:00:00,740.28
2024-06-23T11:00:00,850.25
2024-06-23T12:00:00,886.55
2024-06-23T13:00:00,845.95
2024-06-23T14:00:00,741.72
2024-06-23T15:00:00,567.78
2024-06-23T16:00:00,378.98
2024-06-23T17:00:00,169.62
2024-06-23T18:00:00,12.77
2024-06-23T19:00:00,0.0
2024-06-23T20:00:00,0.0
2024-06-23T21:00:00,0.0
2024-06-23T22:00:00,0.0
2024-06-23T23:00:00,0.0
2024-06-24T00:00:00,0.0
2024-06-24T01:00:00,0.0
2024-06-24T02:00:00,0.0
2024-06-24T03:00:00,0.0
2024-06-24T04:00:00,0.0
2024-06-24T05:00:00,0.0
2024-06-24T06:00:00,14.85
2024-06-24T07:00:00,170.65
2024-06-24T08:00:00,359.15
2024-06-24T09:00:00,530.58
2024-06-24T10:00:00,729.1
2024-06-24T11:00:00,836.67
2024-06-24T12:00:00,875.78
2024-06-24T13:00:00,854.5
2024-06-24T14:00:00,735.85
2024-06-24T15:00:00,524.28
2024-06-24T16:00:00,327.65
2024-06-24T17:00:00,141.43
2024-06-24T18:00:00,9.5
2024-06-24T19:00:00,0.0
2024-06-24T20:00:00,0.0
2024-06-24T21:00:00,0.0
2024-06-24T22:00:00,0.0
2024-06-24T23:00:00,0.0
2024-06-25T00:00:00,0.0
2024-06-25T01:00:00,0.0
2024-06-25T02:00:00,0.0
2024-06-25T03:00:00,0.0
2024-06-25T04:00:00,0.0
2024-06-25T05:00:00,0.0
2024-06-25T06:00:00,13.07
2024-06-25T07:00:00,160.1
2024-06-25T08:00:00,355.98
2024-06-25T09:00:00,537.85
2024-06-25T10:00:00,666.22
2024-06-25T11:00:00,722.83
2024-06-25T12:00:00,856.88
2024-06-25T13:00:00,833.45
2024-06-25T14:00:00,750.05
2024-06-25T15:00:00,587.78
2024-06-25T16:00:00,367.65
2024-06-25T17:00:00,169.12
2024-06-25T18:00:00,13.12
2024-06-25T19:00:00,0.0
2024-06-25T20:00:00,0.0
2024-06-25T21:00:00,0.0
2024-06-25T22:00:00,0.0
2024-06-25T23:00:00,0.0
2024-06-26T00:00:00,0.0
2024-06-26T01:00:00,0.0
2024-06-26T02:00:00,0.0
2024-06-26T03:00:00,0.0
2024-06-26T04:00:00,0.0
2024-06-26T05:00:00,0.0
2024-06-26T06:00:00,16.58
2024-06-26T07:00:00,191.75
2024-06-26T08:00:00,413.48
2024-06-26T09:00:00,612.55
2024-06-26T10:00:00,771.42
2024-06-26T11:00:00,865.33
2024-06-26T12:00:00,896.8
2024-06-26T13:00:00,875.58
2024-06-26T14:00:00,770.42
2024-06-26T15:00:00,606.08
2024-06-26T16:00:00,403.73
2024-06-26T17:00:00,180.43
2024-06-26T18:00:00,13.55
2024-06-26T19:00:00,0.0
2024-06-26T20:00:00,0.0
2024-06-26T21:00:00,0.0
2024-06-26T22:00:00,0.0
2024-06-26T23:00:00,0.0
2024-06-27T00:00:00,0.0
2024-06-27T01:00:00,0.0
2024-06-27T02:00:00,0.0
2024-06-27T03:00:00,0.0
2024-06-27T04:00:00,0.0
2024-06-27T05:00:00,0.0
2024-06-27T06:00:00,12.2
2024-06-27T07:00:00,148.15
2024-06-27T08:00:00,327.15
2024-06-27T09:00:00,567.47
2024-06-27T10:00:00,741.62
2024-06-27T11:00:00,838.58
2024-06-27T12:00:00,816.75
2024-06-27T13:00:00,686.47
2024-06-27T14:00:00,673.47
2024-06-27T15:00:00,423.12
2024-06-27T16:00:00,229.77
2024-06-27T17:00:00,97.65
2024-06-27T18:00:00,8.82
2024-06-27T19:00:00,0.0
2024-06-27T20:00:00,0.0
2024-06-27T21:00:00,0.0
2024-06-27T22:00:00,0.0
2024-06-27T23:00:00,0.0
2024-06-28T00:00:00,0.0
2024-06-28T01:00:00,0.0
2024-06-28T02:00:00,0.0
2024-06-28T03:00:00,0.0
2024-06-28T04:00:00,0.0
2024-06-28T05:00:00,0.0
2024-06-28T06:00:00,10.9
2024-06-28T07:00:00,140.9
2024-06-28T08:00:00,333.55
2024-06-28T09:00:00,531.67
2024-06-28T10:00:00,697.95
2024-06-28T11:00:00,824.2
2024-06-28T12:00:00,860.5
2024-06-28T13:00:00,849.05
2024-06-28T14:00:00,693.53
2024-06-28T15:00:00,554.03
2024-06-28T16:00:00,373.65
2024-06-28T17:00:00,154.32
2024-06-28T18:00:00,11.68
2024-06-28T19:00:00,0.0
2024-06-28T20:00:00,0.0
2024-06-28T21:00:00,0.0
2024-06-28T22:00:00,0.0
2024-06-28T23:00:00,0.0
2024-06-29T00:00:00,0.0
2024-06-29T01:00:00,0.0
2024-06-29T02:00:00,0.0
2024-06-29T03:00:00,0.0
2024-06-29T04:00:00,0.0
2024-06-29T05:00:00,0.0
2024-06-29T06:00:00,11.48
2024-06-29T07:00:00,133.6
2024-06-29T08:00:00,323.85
2024-06-29T09:00:00,510.88
2024-06-29T10:00:00,634.17
2024-06-29T11:00:00,706.85
2024-06-29T12:00:00,719.95
2024-06-29T13:00:00,775.9
2024-06-29T14:00:00,629.6
2024-06-29T15:00:00,477.02
2024-06-29T16:00:00,316.42
2024-06-29T17:00:00,135.35
2024-06-29T18:00:00,12.68
2024-06-29T19:00:00,0.0
2024-06-29T20:00:00,0.0
2024-06-29T21:00:00,0.0
2024-06-29T22:00:00,0.0
2024-06-29T23:00:00,0.0
2024-06-30T00:00:00,0.0
2024-06-30T01:00:00,0.0
2024-06-30T02:00:00,0.0
2024-06-30T03:00:00,0.0
2024-06-30T04:00:00,0.0
2024-06-30T05:00:00,0.0
2024-06-30T06:00:00,13.82
2024-06-30T07:00:00,184.93
2024-06-30T08:00:00,407.7
2024-06-30T09:00:00,610.3
2024-06-30T10:00:00,773.28
2024-06-30T11:00:00,875.08
2024-06-30T12:00:00,900.0
2024-06-30T13:00:00,857.83
2024-06-30T14:00:00,764.47
2024-06-30T15:00:00,567.5
2024-06-30T16:00:00,378.85
2024-06-30T17:00:00,165.23
2024-06-30T18:00:00,12.82
2024-06-30T19:00:00,0.0
2024-06-30T20:00:00,0.0
2024-06-30T21:00:00,0.0
2024-06-30T22:00:00,0.0
2024-06-30T23:00:00,0.0
2024-07-01T00:00:00,0.0
2024-07-01T01:00:00,0.0
2024-07-01T02:00:00,0.0
2024-07-01T03:00:00,0.0
2024-07-01T04:00:00,0.0
2024-07-01T05:00:00,0.0
2024-07-01T06:00:00,11.45
2024-07-01T07:00:00,161.52
2024-07-01T08:00:00,375.38
2024-07-01T09:00:00,585.47
2024-07-01T10:00:00,760.53
2024-07-01T11:00:00,841.28
2024-07-01T12:00:00,870.83
2024-07-01T13:00:00,825.2
2024-07-01T14:00:00,695.6
2024-07-01T15:00:00,554.92
2024-07-01T16:00:00,353.67
2024-07-01T17:00:00,161.0
2024-07-01T18:00:00,13.15
2024-07-01T19:00:00,0.0
2024-07-01T20:00:00,0.0
2024-07-01T21:00:00,0.0
2024-07-01T22:00:00,0.0
2024-07-01T23:00:00,0.0
2024-07-02T00:00:00,0.0
2024-07-02T01:00:00,0.0
2024-07-02T02:00:00,0.0
2024-07-02T03:00:00,0.0
2024-07-02T04:00:00,0.0
2024-07-02T05:00:00,0.0
2024-07-02T06:00:00,13.32
2024-07-02T07:00:00,163.5
2024-07-02T08:00:00,359.02
2024-07-02T09:00:00,563.53
2024-07-02T10:00:00,703.2
2024-07-02T11:00:00,806.28
2024-07-02T12:00:00,876.53
2024-07-02T13:00:00,855.62
2024-07-02T14:00:00,751.35
2024-07-02T15:00:00,599.45
2024-07-02T16:00:00,386.45
2024-07-02T17:00:00,169.45
2024-07-02T18:00:00,13.3
2024-07-02T19:00:00,0.0
2024-07-02T20:00:00,0.0
2024-07-02T21:00:00,0.0
2024-07-02T22:00:00,0.0
2024-07-02T23:00:00,0.0
2024-07-03T00:00:00,0.0
2024-07-03T01:00:00,0.0
2024-07-03T02:00:00,0.0
2024-07-03T03:00:00,0.0
2024-07-03T04:00:00,0.0
2024-07-03T05:00:00,0.0
2024-07-03T06:00:00,10.55
2024-07-03T07:00:00,122.93
2024-07-03T08:00:00,304.08
2024-07-03T09:00:00,489.85
2024-07-03T10:00:00,669.1
2024-07-03T11:00:00,675.12
2024-07-03T12:00:00,689.97
2024-07-03T13:00:00,509.8
2024-07-03T14:00:00,469.58
2024-07-03T15:00:00,407.3
2024-07-03T16:00:00,239.98
2024-07-03T17:00:00,87.72
2024-07-03T18:00:00,5.2
2024-07-03T19:00:00,0.0
2024-07-03T20:00:00,0.0
2024-07-03T21:00:00,0.0
2024-07-03T22:00:00,0.0
2024-07-03T23:00:00,0.0
2024-07-04T00:00:00,0.0
2024-07-04T01:00:00,0.0
2024-07-04T02:00:00,0.0
2024-07-04T03:00:00,0.0
2024-07-04T04:00:00,0.0
2024-07-04T05:00:00,0.0
2024-07-04T06:00:00,3.88
2024-07-04T07:00:00,86.88
2024-07-04T08:00:00,198.7
2024-07-04T09:00:00,328.05
2024-07-04T10:00:00,452.3
2024-07-04T11:00:00,615.28
2024-07-04T12:00:00,785.78
2024-07-04T13:00:00,821.35
2024-07-04T14:00:00,695.25
2024-07-04T15:00:00,565.03
2024-07-04T16:00:00,364.92
2024-07-04T17:00:00,154.73
2024-07-04T18:00:00,12.45
2024-07-04T19:00:00,0.0
2024-07-04T20:00:00,0.0
2024-07-04T21:00:00,0.0
2024-07-04T22:00:00,0.0
2024-07-04T23:00:00,0.0
2024-07-05T00:00:00,0.0
2024-07-05T01:00:00,0.0
2024-07-05T02:00:00,0.0
2024-07-05T03:00:00,0.0
2024-07-05T04:00:00,0.0
2024-07-05T05:00:00,0.0
2024-07-05T06:00:00,9.12
2024-07-05T07:00:00,121.32
2024-07-05T08:00:00,279.83
2024-07-05T09:00:00,459.23
2024-07-05T10:00:00,632.78
2024-07-05T11:00:00,773.47
2024-07-05T12:00:00,794.67
2024-07-05T13:00:00,756.4
2024-07-05T14:00:00,683.85
2024-07-05T15:00:00,441.62
2024-07-05T16:00:00,274.48
2024-07-05T17:00:00,108.7
2024-07-05T18:00:00,10.45
2024-07-05T19:00:00,0.0
2024-07-05T20:00:00,0.0
2024-07-05T21:00:00,0.0
2024-07-05T22:00:00,0.0
2024-07-05T23:00:00,0.0
2024-07-06T00:00:00,0.0
2024-07-06T01:00:00,0.0
2024-07-06T02:00:00,0.0
2024-07-06T03:00:00,0.0
2024-07-06T04:00:00,0.0
2024-07-06T05:00:00,0.0
2024-07-06T06:00:00,11.32
2024-07-06T07:00:00,150.52
2024-07-06T08:00:00,362.9
2024-07-06T09:00:00,572.2
2024-07-06T10:00:00,677.9
2024-07-06T11:00:00,679.03
2024-07-06T12:00:00,704.35
2024-07-06T13:00:00,626.35
2024-07-06T14:00:00,558.12
2024-07-06T15:00:00,405.4
2024-07-06T16:00:00,262.25
2024-07-06T17:00:00,111.53
2024-07-06T18:00:00,11.45
2024-07-06T19:00:00,0.0
2024-07-06T20:00:00,0.0
2024-07-06T21:00:00,0.0
2024-07-06T22:00:00,0.0
2024-07-06T23:00:00,0.0
2024-07-07T00:00:00,0.0
2024-07-07T01:00:00,0.0
2024-07-07T02:00:00,0.0
2024-07-07T03:00:00,0.0
2024-07-07T04:00:00,0.0
2024-07-07T05:00:00,0.0
2024-07-07T06:00:00,2.92
2024-07-07T07:00:00,25.17
2024-07-07T08:00:00,52.83
2024-07-07T09:00:00,56.45
2024-07-07T10:00:00,73.68
2024-07-07T11:00:00,90.35
2024-07-07T12:00:00,116.2
2024-07-07T13:00:00,146.75
2024-07-07T14:00:00,226.23
2024-07-07T15:00:00,214.2
2024-07-07T16:00:00,119.72
2024-07-07T17:00:00,39.12
2024-07-07T18:00:00,4.72
2024-07-07T19:00:00,0.0
2024-07-07T20:00:00,0.0
2024-07-07T21:00:00,0.0
2024-07-07T22:00:00,0.0
2024-07-07T23:00:00,0.0
2024-07-08T00:00:00,0.0
2024-07-08T01:00:00,0.0
2024-07-08T02:00:00,0.0
2024-07-08T03:00:00,0.0
2024-07-08T04:00:00,0.0
2024-07-08T05:00:00,0.0
2024-07-08T06:00:00,11.85
2024-07-08T07:00:00,146.88
2024-07-08T08:00:00,336.85
2024-07-08T09:00:00,501.83
2024-07-08T10:00:00,660.1
2024-07-08T11:00:00,766.95
2024-07-08T12:00:00,786.9
2024-07-08T13:00:00,758.9
2024-07-08T14:00:00,661.67
2024-07-08T15:00:00,545.05
2024-07-08T16:00:00,366.27
2024-07-08T17:00:00,158.15
2024-07-08T18:00:00,13.38
2024-07-08T19:00:00,0.0
2024-07-08T20:00:00,0.0
2024-07-08T21:00:00,0.0
2024-07-08T22:00:00,0.0
2024-07-08T23:00:00,0.0
2024-07-09T00:00:00,0.0
2024-07-09T01:00:00,0.0
2024-07-09T02:00:00,0.0
2024-07-09T03:00:00,0.0
2024-07-09T04:00:00,0.0
2024-07-09T05:00:00,0.0
2024-07-09T06:00:00,9.2
2024-07-09T07:00:00,120.93
2024-07-09T08:00:00,304.67
2024-07-09T09:00:00,486.95
2024-07-09T10:00:00,618.25
2024-07-09T11:00:00,670.12
2024-07-09T12:00:00,680.8
2024-07-09T13:00:00,715.5
2024-07-09T14:00:00,544.5
2024-07-09T15:00:00,393.4
2024-07-09T16:00:00,241.77
2024-07-09T17:00:00,101.7
2024-07-09T18:00:00,9.57
2024-07-09T19:00:00,0.0
2024-07-09T20:00:00,0.0
2024-07-09T21:00:00,0.0
2024-07-09T22:00:00,0.0
2024-07-09T23:00:00,0.0
2024-07-10T00:00:00,0.0
2024-07-10T01:00:00,0.0
2024-07-10T02:00:00,0.0
2024-07-10T03:00:00,0.0
2024-07-10T04:00:00,0.0
2024-07-10T05:00:00,0.0
2024-07-10T06:00:00,11.48
2024-07-10T07:00:00,161.4
2024-07-10T08:00:00,378.38
2024-07-10T09:00:00,587.67
2024-07-10T10:00:00,747.6
2024-07-10T11:00:00,771.25
2024-07-10T12:00:00,836.12
2024-07-10T13:00:00,837.28
2024-07-10T14:00:00,746.12
2024-07-10T15:00:00,567.3
2024-07-10T16:00:00,356.75
2024-07-10T17:00:00,145.43
2024-07-10T18:00:00,11.52
2024-07-10T19:00:00,0.0
2024-07-10T20:00:00,0.0
2024-07-10T21:00:00,0.0
2024-07-10T22:00:00,0.0
2024-07-10T23:00:00,0.0
2024-07-11T00:00:00,0.0
2024-07-11T01:00:00,0.0
2024-07-11T02:00:00,0.0
2024-07-11T03:00:00,0.0
2024-07-11T04:00:00,0.0
2024-07-11T05:00:00,0.0
2024-07-11T06:00:00,11.27
2024-07-11T07:00:00,149.0
2024-07-11T08:00:00,347.58
2024-07-11T09:00:00,522.58
2024-07-11T10:00:00,687.47
2024-07-11T11:00:00,783.85
2024-07-11T12:00:00,809.5
2024-07-11T13:00:00,777.85
2024-07-11T14:00:00,696.6
2024-07-11T15:00:00,537.83
2024-07-11T16:00:00,351.25
2024-07-11T17:00:00,151.2
2024-07-11T18:00:00,12.02
2024-07-11T19:00:00,0.0
2024-07-11T20:00:00,0.0
2024-07-11T21:00:00,0.0
2024-07-11T22:00:00,0.0
2024-07-11T23:00:00,0.0
2024-07-12T00:00:00,0.0
2024-07-12T01:00:00,0.0
2024-07-12T02:00:00,0.0
2024-07-12T03:00:00,0.0
2024-07-12T04:00:00,0.0
2024-07-12T05:00:00,0.0
2024-07-12T06:00:00,10.43
2024-07-12T07:00:00,146.85
2024-07-12T08:00:00,348.27
2024-07-12T09:00:00,545.35
2024-07-12T10:00:00,608.05
2024-07-12T11:00:00,597.08
2024-07-12T12:00:00,568.58
2024-07-12T13:00:00,390.95
2024-07-12T14:00:00,283.42
2024-07-12T15:00:00,256.88
2024-07-12T16:00:00,152.18
2024-07-12T17:00:00,63.83
2024-07-12T18:00:00,8.57
2024-07-12T19:00:00,0.0
2024-07-12T20:00:00,0.0
2024-07-12T21:00:00,0.0
2024-07-12T22:00:00,0.0
2024-07-12T23:00:00,0.0
2024-07-13T00:00:00,0.0
2024-07-13T01:00:00,0.0
2024-07-13T02:00:00,0.0
2024-07-13T03:00:00,0.0
2024-07-13T04:00:00,0.0
2024-07-13T05:00:00,0.0
2024-07-13T06:00:00,11.23
2024-07-13T07:00:00,172.5
2024-07-13T08:00:00,398.15
2024-07-13T09:00:00,615.55
2024-07-13T10:00:00,768.2
2024-07-13T11:00:00,779.1
2024-07-13T12:00:00,783.62
2024-07-13T13:00:00,862.65
2024-07-13T14:00:00,748.7
2024-07-13T15:00:00,564.12
2024-07-13T16:00:00,373.92
2024-07-13T17:00:00,172.57
2024-07-13T18:00:00,15.15
2024-07-13T19:00:00,0.0
2024-07-13T20:00:00,0.0
2024-07-13T21:00:00,0.0
2024-07-13T22:00:00,0.0
2024-07-13T23:00:00,0.0
2024-07-14T00:00:00,0.0
2024-07-14T01:00:00,0.0
2024-07-14T02:00:00,0.0
2024-07-14T03:00:00,0.0
2024-07-14T04:00:00,0.0
2024-07-14T05:00:00,0.0
2024-07-14T06:00:00,10.43
2024-07-14T07:00:00,164.07
2024-07-14T08:00:00,384.35
2024-07-14T09:00:00,605.03
2024-07-14T10:00:00,765.3
2024-07-14T11:00:00,870.58
2024-07-14T12:00:00,917.17
2024-07-14T13:00:00,880.85
2024-07-14T14:00:00,743.83
2024-07-14T15:00:00,558.05
2024-07-14T16:00:00,390.9
2024-07-14T17:00:00,174.45
2024-07-14T18:00:00,14.15
2024-07-14T19:00:00,0.0
2024-07-14T20:00:00,0.0
2024-07-14T21:00:00,0.0
2024-07-14T22:00:00,0.0
2024-07-14T23:00:00,0.0
2024-07-15T00:00:00,0.0
2024-07-15T01:00:00,0.0
2024-07-15T02:00:00,0.0
2024-07-15T03:00:00,0.0
2024-07-15T04:00:00,0.0
2024-07-15T05:00:00,0.0
2024-07-15T06:00:00,9.65
2024-07-15T07:00:00,148.88
2024-07-15T08:00:00,329.58
2024-07-15T09:00:00,506.77
2024-07-15T10:00:00,595.45
2024-07-15T11:00:00,768.42
2024-07-15T12:00:00,734.9
2024-07-15T13:00:00,664.83
2024-07-15T14:00:00,585.05
2024-07-15T15:00:00,495.23
2024-07-15T16:00:00,312.62
2024-07-15T17:00:00,134.6
2024-07-15T18:00:00,11.9
2024-07-15T19:00:00,0.0
2024-07-15T20:00:00,0.0
2024-07-15T21:00:00,0.0
2024-07-15T22:00:00,0.0
2024-07-15T23:00:00,0.0
2024-07-16T00:00:00,0.0
2024-07-16T01:00:00,0.0
2024-07-16T02:00:00,0.0
2024-07-16T03:00:00,0.0
2024-07-16T04:00:00,0.0
2024-07-16T05:00:00,0.0
2024-07-16T06:00:00,4.38
2024-07-16T07:00:00,93.7
2024-07-16T08:00:00,224.85
2024-07-16T09:00:00,333.12
2024-07-16T10:00:00,454.65
2024-07-16T11:00:00,613.45
2024-07-16T12:00:00,699.92
2024-07-16T13:00:00,754.42
2024-07-16T14:00:00,657.8
2024-07-16T15:00:00,236.95
2024-07-16T16:00:00,153.38
2024-07-16T17:00:00,74.0
2024-07-16T18:00:00,8.2
2024-07-16T19:00:00,0.0
2024-07-16T20:00:00,0.0
2024-07-16T21:00:00,0.0
2024-07-16T22:00:00,0.0
2024-07-16T23:00:00,0.0
2024-07-17T00:00:00,0.0
2024-07-17T01:00:00,0.0
2024-07-17T02:00:00,0.0
2024-07-17T03:00:00,0.0
2024-07-17T04:00:00,0.0
2024-07-17T05:00:00,0.0
2024-07-17T06:00:00,9.12
2024-07-17T07:00:00,99.38
2024-07-17T08:00:00,265.92
2024-07-17T09:00:00,434.23
2024-07-17T10:00:00,565.38
2024-07-17T11:00:00,626.0
2024-07-17T12:00:00,724.15
2024-07-17T13:00:00,641.2
2024-07-17T14:00:00,624.33
2024-07-17T15:00:00,459.95
2024-07-17T16:00:00,283.8
2024-07-17T17:00:00,107.47
2024-07-17T18:00:00,11.15
2024-07-17T19:00:00,0.0
2024-07-17T20:00:00,0.0
2024-07-17T21:00:00,0.0
2024-07-17T22:00:00,0.0
2024-07-17T23:00:00,0.0
2024-07-18T00:00:00,0.0
2024-07-18T01:00:00,0.0
2024-07-18T02:00:00,0.0
2024-07-18T03:00:00,0.0
2024-07-18T04:00:00,0.0
2024-07-18T05:00:00,0.0
2024-07-18T06:00:00,7.4
2024-07-18T07:00:00,64.75
2024-07-18T08:00:00,171.98
2024-07-18T09:00:00,328.42
2024-07-18T10:00:00,466.38
2024-07-18T11:00:00,528.97
2024-07-18T12:00:00,544.15
2024-07-18T13:00:00,500.1
2024-07-18T14:00:00,485.58
2024-07-18T15:00:00,479.3
2024-07-18T16:00:00,292.62
2024-07-18T17:00:00,125.43
2024-07-18T18:00:00,12.77
2024-07-18T19:00:00,0.0
2024-07-18T20:00:00,0.0
2024-07-18T21:00:00,0.0
2024-07-18T22:00:00,0.0
2024-07-18T23:00:00,0.0
2024-07-19T00:00:00,0.0
2024-07-19T01:00:00,0.0
2024-07-19T02:00:00,0.0
2024-07-19T03:00:00,0.0
2024-07-19T04:00:00,0.0
2024-07-19T05:00:00,0.0
2024-07-19T06:00:00,8.27
2024-07-19T07:00:00,101.1
2024-07-19T08:00:00,283.12
2024-07-19T09:00:00,464.55
2024-07-19T10:00:00,624.4
2024-07-19T11:00:00,693.92
2024-07-19T12:00:00,600.05
2024-07-19T13:00:00,527.12
2024-07-19T14:00:00,435.05
2024-07-19T15:00:00,307.33
2024-07-19T16:00:00,186.9
2024-07-19T17:00:00,77.93
2024-07-19T18:00:00,9.12
2024-07-19T19:00:00,0.0
2024-07-19T20:00:00,0.0
2024-07-19T21:00:00,0.0
2024-07-19T22:00:00,0.0
2024-07-19T23:00:00,0.0
2024-07-20T00:00:00,0.0
2024-07-20T01:00:00,0.0
2024-07-20T02:00:00,0.0
2024-07-20T03:00:00,0.0
2024-07-20T04:00:00,0.0
2024-07-20T05:00:00,0.0
2024-07-20T06:00:00,9.4
2024-07-20T07:00:00,151.95
2024-07-20T08:00:00,364.8
2024-07-20T09:00:00,557.62
2024-07-20T10:00:00,696.5
2024-07-20T11:00:00,793.67
2024-07-20T12:00:00,835.47
2024-07-20T13:00:00,782.42
2024-07-20T14:00:00,701.78
2024-07-20T15:00:00,540.62
2024-07-20T16:00:00,363.52
2024-07-20T17:00:00,168.0
2024-07-20T18:00:00,15.38
2024-07-20T19:00:00,0.0
2024-07-20T20:00:00,0.0
2024-07-20T21:00:00,0.0
2024-07-20T22:00:00,0.0
2024-07-20T23:00:00,0.0
2024-07-21T00:00:00,0.0
2024-07-21T01:00:00,0.0
2024-07-21T02:00:00,0.0
2024-07-21T03:00:00,0.0
2024-07-21T04:00:00,0.0
2024-07-21T05:00:00,0.0
2024-07-21T06:00:00,11.18
2024-07-21T07:00:00,170.77
2024-07-21T08:00:00,393.65
2024-07-21T09:00:00,598.05
2024-07-21T10:00:00,757.55
2024-07-21T11:00:00,862.33
2024-07-21T12:00:00,903.0
2024-07-21T13:00:00,844.55
2024-07-21T14:00:00,723.72
2024-07-21T15:00:00,589.12
2024-07-21T16:00:00,386.27
2024-07-21T17:00:00,175.5
2024-07-21T18:00:00,16.27
2024-07-21T19:00:00,0.0
2024-07-21T20:00:00,0.0
2024-07-21T21:00:00,0.0
2024-07-21T22:00:00,0.0
2024-07-21T23:00:00,0.0
2024-07-22T00:00:00,0.0
2024-07-22T01:00:00,0.0
2024-07-22T02:00:00,0.0
2024-07-22T03:00:00,0.0
2024-07-22T04:00:00,0.0
2024-07-22T05:00:00,0.0
2024-07-22T06:00:00,11.1
2024-07-22T07:00:00,168.43
2024-07-22T08:00:00,401.25
2024-07-22T09:00:00,608.5
2024-07-22T10:00:00,771.88
2024-07-22T11:00:00,879.55
2024-07-22T12:00:00,919.58
2024-07-22T13:00:00,891.67
2024-07-22T14:00:00,759.83
2024-07-22T15:00:00,628.05
2024-07-22T16:00:00,422.55
2024-07-22T17:00:00,194.05
2024-07-22T18:00:00,16.6
2024-07-22T19:00:00,0.0
2024-07-22T20:00:00,0.0
2024-07-22T21:00:00,0.0
2024-07-22T22:00:00,0.0
2024-07-22T23:00:00,0.0
2024-07-23T00:00:00,0.0
2024-07-23T01:00:00,0.0
2024-07-23T02:00:00,0.0
2024-07-23T03:00:00,0.0
2024-07-23T04:00:00,0.0
2024-07-23T05:00:00,0.0
2024-07-23T06:00:00,10.65
2024-07-23T07:00:00,139.45
2024-07-23T08:00:00,325.48
2024-07-23T09:00:00,496.55
2024-07-23T10:00:00,664.58
2024-07-23T11:00:00,777.1
2024-07-23T12:00:00,844.25
2024-07-23T13:00:00,874.35
2024-07-23T14:00:00,760.88
2024-07-23T15:00:00,623.92
2024-07-23T16:00:00,412.9
2024-07-23T17:00:00,187.5
2024-07-23T18:00:00,15.62
2024-07-23T19:00:00,0.0
2024-07-23T20:00:00,0.0
2024-07-23T21:00:00,0.0
2024-07-23T22:00:00,0.0
2024-07-23T23:00:00,0.0
2024-07-24T00:00:00,0.0
2024-07-24T01:00:00,0.0
2024-07-24T02:00:00,0.0
2024-07-24T03:00:00,0.0
2024-07-24T04:00:00,0.0
2024-07-24T05:00:00,0.0
2024-07-24T06:00:00,7.28
2024-07-24T07:00:00,93.85
2024-07-24T08:00:00,214.7
2024-07-24T09:00:00,330.23
2024-07-24T10:00:00,446.2
2024-07-24T11:00:00,527.78
2024-07-24T12:00:00,557.8
2024-07-24T13:00:00,690.03
2024-07-24T14:00:00,602.83
2024-07-24T15:00:00,498.52
2024-07-24T16:00:00,310.08
2024-07-24T17:00:00,126.03
2024-07-24T18:00:00,12.55
2024-07-24T19:00:00,0.0
2024-07-24T20:00:00,0.0
2024-07-24T21:00:00,0.0
2024-07-24T22:00:00,0.0
2024-07-24T23:00:00,0.0
2024-07-25T00:00:00,0.0
2024-07-25T01:00:00,0.0
2024-07-25T02:00:00,0.0
2024-07-25T03:00:00,0.0
2024-07-25T04:00:00,0.0
2024-07-25T05:00:00,0.0
2024-07-25T06:00:00,4.97
2024-07-25T07:00:00,138.45
2024-07-25T08:00:00,278.95
2024-07-25T09:00:00,428.98
2024-07-25T10:00:00,599.62
2024-07-25T11:00:00,709.45
2024-07-25T12:00:00,645.25
2024-07-25T13:00:00,735.83
2024-07-25T14:00:00,662.88
2024-07-25T15:00:00,538.03
2024-07-25T16:00:00,348.42
2024-07-25T17:00:00,147.88
2024-07-25T18:00:00,12.93
2024-07-25T19:00:00,0.0
2024-07-25T20:00:00,0.0
2024-07-25T21:00:00,0.0
2024-07-25T22:00:00,0.0
2024-07-25T23:00:00,0.0
2024-07-26T00:00:00,0.0
2024-07-26T01:00:00,0.0
2024-07-26T02:00:00,0.0
2024-07-26T03:00:00,0.0
2024-07-26T04:00:00,0.0
2024-07-26T05:00:00,0.0
2024-07-26T06:00:00,5.35
2024-07-26T07:00:00,80.35
2024-07-26T08:00:00,164.98
2024-07-26T09:00:00,244.98
2024-07-26T10:00:00,345.48
2024-07-26T11:00:00,449.12
2024-07-26T12:00:00,386.33
2024-07-26T13:00:00,409.12
2024-07-26T14:00:00,506.95
2024-07-26T15:00:00,491.45
2024-07-26T16:00:00,308.15
2024-07-26T17:00:00,127.68
2024-07-26T18:00:00,11.65
2024-07-26T19:00:00,0.0
2024-07-26T20:00:00,0.0
2024-07-26T21:00:00,0.0
2024-07-26T22:00:00,0.0
2024-07-26T23:00:00,0.0
2024-07-27T00:00:00,0.0
2024-07-27T01:00:00,0.0
2024-07-27T02:00:00,0.0
2024-07-27T03:00:00,0.0
2024-07-27T04:00:00,0.0
2024-07-27T05:00:00,0.0
2024-07-27T06:00:00,11.0
2024-07-27T07:00:00,152.3
2024-07-27T08:00:00,367.65
2024-07-27T09:00:00,580.9
2024-07-27T10:00:00,725.78
2024-07-27T11:00:00,815.33
2024-07-27T12:00:00,854.45
2024-07-27T13:00:00,876.8
2024-07-27T14:00:00,798.92
2024-07-27T15:00:00,640.08
2024-07-27T16:00:00,432.35
2024-07-27T17:00:00,200.68
2024-07-27T18:00:00,16.75
2024-07-27T19:00:00,0.0
2024-07-27T20:00:00,0.0
2024-07-27T21:00:00,0.0
2024-07-27T22:00:00,0.0
2024-07-27T23:00:00,0.0
2024-07-28T00:00:00,0.0
2024-07-28T01:00:00,0.0
2024-07-28T02:00:00,0.0
2024-07-28T03:00:00,0.0
2024-07-28T04:00:00,0.0
2024-07-28T05:00:00,0.0
2024-07-28T06:00:00,11.73
2024-07-28T07:00:00,182.68
2024-07-28T08:00:00,412.62
2024-07-28T09:00:00,626.3
2024-07-28T10:00:00,794.62
2024-07-28T11:00:00,906.4
2024-07-28T12:00:00,949.05
2024-07-28T13:00:00,911.53
2024-07-28T14:00:00,796.08
2024-07-28T15:00:00,631.33
2024-07-28T16:00:00,401.6
2024-07-28T17:00:00,193.12
2024-07-28T18:00:00,17.27
2024-07-28T19:00:00,0.0
2024-07-28T20:00:00,0.0
2024-07-28T21:00:00,0.0
2024-07-28T22:00:00,0.0
2024-07-28T23:00:00,0.0
2024-07-29T00:00:00,0.0
2024-07-29T01:00:00,0.0
2024-07-29T02:00:00,0.0
2024-07-29T03:00:00,0.0
2024-07-29T04:00:00,0.0
2024-07-29T05:00:00,0.0
2024-07-29T06:00:00,12.0
2024-07-29T07:00:00,191.0
2024-07-29T08:00:00,425.4
2024-07-29T09:00:00,634.8
2024-07-29T10:00:00,801.9
2024-07-29T11:00:00,917.45
2024-07-29T12:00:00,952.72
2024-07-29T13:00:00,921.2
2024-07-29T14:00:00,820.58
2024-07-29T15:00:00,657.67
2024-07-29T16:00:00,442.95
2024-07-29T17:00:00,211.27
2024-07-29T18:00:00,17.65
2024-07-29T19:00:00,0.0
2024-07-29T20:00:00,0.0
2024-07-29T21:00:00,0.0
2024-07-29T22:00:00,0.0
2024-07-29T23:00:00,0.0
2024-07-30T00:00:00,0.0
2024-07-30T01:00:00,0.0
2024-07-30T02:00:00,0.0
2024-07-30T03:00:00,0.0
2024-07-30T04:00:00,0.0
2024-07-30T05:00:00,0.0
2024-07-30T06:00:00,10.27
2024-07-30T07:00:00,128.93
2024-07-30T08:00:00,317.08
2024-07-30T09:00:00,505.3
2024-07-30T10:00:00,649.67
2024-07-30T11:00:00,751.45
2024-07-30T12:00:00,797.67
2024-07-30T13:00:00,710.05
2024-07-30T14:00:00,574.85
2024-07-30T15:00:00,373.88
2024-07-30T16:00:00,238.43
2024-07-30T17:00:00,108.72
2024-07-30T18:00:00,9.07
2024-07-30T19:00:00,0.0
2024-07-30T20:00:00,0.0
2024-07-30T21:00:00,0.0
2024-07-30T22:00:00,0.0
2024-07-30T23:00:00,0.0
2024-07-31T00:00:00,0.0
2024-07-31T01:00:00,0.0
2024-07-31T02:00:00,0.0
2024-07-31T03:00:00,0.0
2024-07-31T04:00:00,0.0
2024-07-31T05:00:00,0.0
2024-07-31T06:00:00,10.75
2024-07-31T07:00:00,170.95
2024-07-31T08:00:00,407.12
2024-07-31T09:00:00,622.78
2024-07-31T10:00:00,788.3
2024-07-31T11:00:00,892.28
2024-07-31T12:00:00,914.2
2024-07-31T13:00:00,895.92
2024-07-31T14:00:00,783.08
2024-07-31T15:00:00,629.5
2024-07-31T16:00:00,413.6
2024-07-31T17:00:00,192.75
2024-07-31T18:00:00,16.58
2024-07-31T19:00:00,0.0
2024-07-31T20:00:00,0.0
2024-07-31T21:00:00,0.0
2024-07-31T22:00:00,0.0
2024-07-31T23:00:00,0.0
2024-08-01T00:00:00,0.0
2024-08-01T01:00:00,0.0
2024-08-01T02:00:00,0.0
2024-08-01T03:00:00,0.0
2024-08-01T04:00:00,0.0
2024-08-01T05:00:00,0.0
2024-08-01T06:00:00,11.43
2024-08-01T07:00:00,178.77
2024-08-01T08:00:00,400.52
2024-08-01T09:00:00,611.95
2024-08-01T10:00:00,773.78
2024-08-01T11:00:00,883.47
2024-08-01T12:00:00,937.33
2024-08-01T13:00:00,918.33
2024-08-01T14:00:00,811.5
2024-08-01T15:00:00,644.22
2024-08-01T16:00:00,434.45
2024-08-01T17:00:00,201.5
2024-08-01T18:00:00,17.2
2024-08-01T19:00:00,0.0
2024-08-01T20:00:00,0.0
2024-08-01T21:00:00,0.0
2024-08-01T22:00:00,0.0
2024-08-01T23:00:00,0.0
2024-08-02T00:00:00,0.0
2024-08-02T01:00:00,0.0
2024-08-02T02:00:00,0.0
2024-08-02T03:00:00,0.0
2024-08-02T04:00:00,0.0
2024-08-02T05:00:00,0.0
2024-08-02T06:00:00,11.75
2024-08-02T07:00:00,191.0
2024-08-02T08:00:00,425.9
2024-08-02T09:00:00,638.03
2024-08-02T10:00:00,805.65
2024-08-02T11:00:00,911.3
2024-08-02T12:00:00,936.97
2024-08-02T13:00:00,899.1
2024-08-02T14:00:00,789.55
2024-08-02T15:00:00,587.6
2024-08-02T16:00:00,384.45
2024-08-02T17:00:00,171.48
2024-08-02T18:00:00,13.32
2024-08-02T19:00:00,0.0
2024-08-02T20:00:00,0.0
2024-08-02T21:00:00,0.0
2024-08-02T22:00:00,0.0
2024-08-02T23:00:00,0.0
2024-08-03T00:00:00,0.0
2024-08-03T01:00:00,0.0
2024-08-03T02:00:00,0.0
2024-08-03T03:00:00,0.0
2024-08-03T04:00:00,0.0
2024-08-03T05:00:00,0.0
2024-08-03T06:00:00,11.43
2024-08-03T07:00:00,174.4
2024-08-03T08:00:00,403.08
2024-08-03T09:00:00,625.75
2024-08-03T10:00:00,793.3
2024-08-03T11:00:00,902.0
2024-08-03T12:00:00,932.22
2024-08-03T13:00:00,900.72
2024-08-03T14:00:00,794.78
2024-08-03T15:00:00,634.53
2024-08-03T16:00:00,427.33
2024-08-03T17:00:00,197.2
2024-08-03T18:00:00,16.77
2024-08-03T19:00:00,0.0
2024-08-03T20:00:00,0.0
2024-08-03T21:00:00,0.0
2024-08-03T22:00:00,0.0
2024-08-03T23:00:00,0.0
2024-08-04T00:00:00,0.0
2024-08-04T01:00:00,0.0
2024-08-04T02:00:00,0.0
2024-08-04T03:00:00,0.0
2024-08-04T04:00:00,0.0
2024-08-04T05:00:00,0.0
2024-08-04T06:00:00,11.4
2024-08-04T07:00:00,174.32
2024-08-04T08:00:00,409.83
2024-08-04T09:00:00,628.33
2024-08-04T10:00:00,794.47
2024-08-04T11:00:00,907.85
2024-08-04T12:00:00,955.5
2024-08-04T13:00:00,923.35
2024-08-04T14:00:00,823.0
2024-08-04T15:00:00,658.4
2024-08-04T16:00:00,447.42
2024-08-04T17:00:00,211.85
2024-08-04T18:00:00,17.05
2024-08-04T19:00:00,0.0
2024-08-04T20:00:00,0.0
2024-08-04T21:00:00,0.0
2024-08-04T22:00:00,0.0
2024-08-04T23:00:00,0.0
2024-08-05T00:00:00,0.0
2024-08-05T01:00:00,0.0
2024-08-05T02:00:00,0.0
2024-08-05T03:00:00,0.0
2024-08-05T04:00:00,0.0
2024-08-05T05:00:00,0.0
2024-08-05T06:00:00,12.43
2024-08-05T07:00:00,195.25
2024-08-05T08:00:00,430.23
2024-08-05T09:00:00,644.9
2024-08-05T10:00:00,811.75
2024-08-05T11:00:00,926.08
2024-08-05T12:00:00,966.75
2024-08-05T13:00:00,927.62
2024-08-05T14:00:00,823.08
2024-08-05T15:00:00,660.58
2024-08-05T16:00:00,442.83
2024-08-05T17:00:00,204.68
2024-08-05T18:00:00,17.4
2024-08-05T19:00:00,0.0
2024-08-05T20:00:00,0.0
2024-08-05T21:00:00,0.0
2024-08-05T22:00:00,0.0
2024-08-05T23:00:00,0.0
2024-08-06T00:00:00,0.0
2024-08-06T01:00:00,0.0
2024-08-06T02:00:00,0.0
2024-08-06T03:00:00,0.0
2024-08-06T04:00:00,0.0
2024-08-06T05:00:00,0.0
2024-08-06T06:00:00,10.73
2024-08-06T07:00:00,171.43
2024-08-06T08:00:00,391.77
2024-08-06T09:00:00,626.12
2024-08-06T10:00:00,786.88
2024-08-06T11:00:00,898.97
2024-08-06T12:00:00,942.15
2024-08-06T13:00:00,909.9
2024-08-06T14:00:00,817.25
2024-08-06T15:00:00,641.45
2024-08-06T16:00:00,408.75
2024-08-06T17:00:00,194.9
2024-08-06T18:00:00,16.7
2024-08-06T19:00:00,0.0
2024-08-06T20:00:00,0.0
2024-08-06T21:00:00,0.0
2024-08-06T22:00:00,0.0
2024-08-06T23:00:00,0.0
2024-08-07T00:00:00,0.0
2024-08-07T01:00:00,0.0
2024-08-07T02:00:00,0.0
2024-08-07T03:00:00,0.0
2024-08-07T04:00:00,0.0
2024-08-07T05:00:00,0.0
2024-08-07T06:00:00,12.77
2024-08-07T07:00:00,188.5
2024-08-07T08:00:00,424.05
2024-08-07T09:00:00,644.9
2024-08-07T10:00:00,814.1
2024-08-07T11:00:00,929.7
2024-08-07T12:00:00,966.33
2024-08-07T13:00:00,919.38
2024-08-07T14:00:00,822.83
2024-08-07T15:00:00,656.22
2024-08-07T16:00:00,437.7
2024-08-07T17:00:00,199.45
2024-08-07T18:00:00,14.82
2024-08-07T19:00:00,0.0
2024-08-07T20:00:00,0.0
2024-08-07T21:00:00,0.0
2024-08-07T22:00:00,0.0
2024-08-07T23:00:00,0.0
2024-08-08T00:00:00,0.0
2024-08-08T01:00:00,0.0
2024-08-08T02:00:00,0.0
2024-08-08T03:00:00,0.0
2024-08-08T04:00:00,0.0
2024-08-08T05:00:00,0.0
2024-08-08T06:00:00,10.48
2024-08-08T07:00:00,144.18
2024-08-08T08:00:00,353.3
2024-08-08T09:00:00,558.35
2024-08-08T10:00:00,715.92
2024-08-08T11:00:00,835.35
2024-08-08T12:00:00,818.65
2024-08-08T13:00:00,780.17
2024-08-08T14:00:00,659.9
2024-08-08T15:00:00,462.05
2024-08-08T16:00:00,288.77
2024-08-08T17:00:00,126.9
2024-08-08T18:00:00,9.35
2024-08-08T19:00:00,0.0
2024-08-08T20:00:00,0.0
2024-08-08T21:00:00,0.0
2024-08-08T22:00:00,0.0
2024-08-08T23:00:00,0.0
2024-08-09T00:00:00,0.0
2024-08-09T01:00:00,0.0
2024-08-09T02:00:00,0.0
2024-08-09T03:00:00,0.0
2024-08-09T04:00:00,0.0
2024-08-09T05:00:00,0.0
2024-08-09T06:00:00,11.02
2024-08-09T07:00:00,174.45
2024-08-09T08:00:00,398.55
2024-08-09T09:00:00,618.45
2024-08-09T10:00:00,787.22
2024-08-09T11:00:00,855.75
2024-08-09T12:00:00,932.28
2024-08-09T13:00:00,828.85
2024-08-09T14:00:00,753.97
2024-08-09T15:00:00,597.45
2024-08-09T16:00:00,395.5
2024-08-09T17:00:00,173.57
2024-08-09T18:00:00,14.73
2024-08-09T19:00:00,0.0
2024-08-09T20:00:00,0.0
2024-08-09T21:00:00,0.0
2024-08-09T22:00:00,0.0
2024-08-09T23:00:00,0.0
2024-08-10T00:00:00,0.0
2024-08-10T01:00:00,0.0
2024-08-10T02:00:00,0.0
2024-08-10T03:00:00,0.0
2024-08-10T04:00:00,0.0
2024-08-10T05:00:00,0.0
2024-08-10T06:00:00,13.23
2024-08-10T07:00:00,191.32
2024-08-10T08:00:00,435.83
2024-08-10T09:00:00,652.58
2024-08-10T10:00:00,805.75
2024-08-10T11:00:00,911.2
2024-08-10T12:00:00,955.67
2024-08-10T13:00:00,925.1
2024-08-10T14:00:00,824.62
2024-08-10T15:00:00,657.53
2024-08-10T16:00:00,442.8
2024-08-10T17:00:00,207.12
2024-08-10T18:00:00,16.33
2024-08-10T19:00:00,0.0
2024-08-10T20:00:00,0.0
2024-08-10T21:00:00,0.0
2024-08-10T22:00:00,0.0
2024-08-10T23:00:00,0.0
2024-08-11T00:00:00,0.0
2024-08-11T01:00:00,0.0
2024-08-11T02:00:00,0.0
2024-08-11T03:00:00,0.0
2024-08-11T04:00:00,0.0
2024-08-11T05:00:00,0.0
2024-08-11T06:00:00,12.1
2024-08-11T07:00:00,177.48
2024-08-11T08:00:00,415.0
2024-08-11T09:00:00,643.78
2024-08-11T10:00:00,806.92
2024-08-11T11:00:00,914.17
2024-08-11T12:00:00,956.55
2024-08-11T13:00:00,909.22
2024-08-11T14:00:00,815.85
2024-08-11T15:00:00,637.8
2024-08-11T16:00:00,428.0
2024-08-11T17:00:00,196.1
2024-08-11T18:00:00,15.93
2024-08-11T19:00:00,0.0
2024-08-11T20:00:00,0.0
2024-08-11T21:00:00,0.0
2024-08-11T22:00:00,0.0
2024-08-11T23:00:00,0.0
2024-08-12T00:00:00,0.0
2024-08-12T01:00:00,0.0
2024-08-12T02:00:00,0.0
2024-08-12T03:00:00,0.0
2024-08-12T04:00:00,0.0
2024-08-12T05:00:00,0.0
2024-08-12T06:00:00,12.55
2024-08-12T07:00:00,181.68
2024-08-12T08:00:00,409.75
2024-08-12T09:00:00,602.62
2024-08-12T10:00:00,775.3
2024-08-12T11:00:00,781.15
2024-08-12T12:00:00,899.85
2024-08-12T13:00:00,862.6
2024-08-12T14:00:00,746.97
2024-08-12T15:00:00,548.15
2024-08-12T16:00:00,364.12
2024-08-12T17:00:00,157.4
2024-08-12T18:00:00,12.68
2024-08-12T19:00:00,0.0
2024-08-12T20:00:00,0.0
2024-08-12T21:00:00,0.0
2024-08-12T22:00:00,0.0
2024-08-12T23:00:00,0.0
2024-08-13T00:00:00,0.0
2024-08-13T01:00:00,0.0
2024-08-13T02:00:00,0.0
2024-08-13T03:00:00,0.0
2024-08-13T04:00:00,0.0
2024-08-13T05:00:00,0.0
2024-08-13T06:00:00,10.52
2024-08-13T07:00:00,142.4
2024-08-13T08:00:00,341.05
2024-08-13T09:00:00,526.42
2024-08-13T10:00:00,690.75
2024-08-13T11:00:00,863.5
2024-08-13T12:00:00,916.55
2024-08-13T13:00:00,883.05
2024-08-13T14:00:00,763.75
2024-08-13T15:00:00,573.8
2024-08-13T16:00:00,369.35
2024-08-13T17:00:00,150.75
2024-08-13T18:00:00,9.73
2024-08-13T19:00:00,0.0
2024-08-13T20:00:00,0.0
2024-08-13T21:00:00,0.0
2024-08-13T22:00:00,0.0
2024-08-13T23:00:00,0.0
2024-08-14T00:00:00,0.0
2024-08-14T01:00:00,0.0
2024-08-14T02:00:00,0.0
2024-08-14T03:00:00,0.0
2024-08-14T04:00:00,0.0
2024-08-14T05:00:00,0.0
2024-08-14T06:00:00,9.12
2024-08-14T07:00:00,142.7
2024-08-14T08:00:00,343.52
2024-08-14T09:00:00,515.75
2024-08-14T10:00:00,695.72
2024-08-14T11:00:00,811.53
2024-08-14T12:00:00,819.97
2024-08-14T13:00:00,833.47
2024-08-14T14:00:00,709.67
2024-08-14T15:00:00,543.3
2024-08-14T16:00:00,343.42
2024-08-14T17:00:00,141.68
2024-08-14T18:00:00,12.32
2024-08-14T19:00:00,0.0
2024-08-14T20:00:00,0.0
2024-08-14T21:00:00,0.0
2024-08-14T22:00:00,0.0
2024-08-14T23:00:00,0.0
2024-08-15T00:00:00,0.0
2024-08-15T01:00:00,0.0
2024-08-15T02:00:00,0.0
2024-08-15T03:00:00,0.0
2024-08-15T04:00:00,0.0
2024-08-15T05:00:00,0.0
2024-08-15T06:00:00,12.52
2024-08-15T07:00:00,169.68
2024-08-15T08:00:00,393.55
2024-08-15T09:00:00,571.65
2024-08-15T10:00:00,704.15
2024-08-15T11:00:00,780.38
2024-08-15T12:00:00,822.5
2024-08-15T13:00:00,821.12
2024-08-15T14:00:00,728.4
2024-08-15T15:00:00,604.12
2024-08-15T16:00:00,394.55
2024-08-15T17:00:00,173.82
2024-08-15T18:00:00,13.9
2024-08-15T19:00:00,0.0
2024-08-15T20:00:00,0.0
2024-08-15T21:00:00,0.0
2024-08-15T22:00:00,0.0
2024-08-15T23:00:00,0.0
2024-08-16T00:00:00,0.0
2024-08-16T01:00:00,0.0
2024-08-16T02:00:00,0.0
2024-08-16T03:00:00,0.0
2024-08-16T04:00:00,0.0
2024-08-16T05:00:00,0.0
2024-08-16T06:00:00,13.02
2024-08-16T07:00:00,185.27
2024-08-16T08:00:00,433.9
2024-08-16T09:00:00,640.05
2024-08-16T10:00:00,804.33
2024-08-16T11:00:00,902.67
2024-08-16T12:00:00,939.42
2024-08-16T13:00:00,922.3
2024-08-16T14:00:00,808.08
2024-08-16T15:00:00,636.4
2024-08-16T16:00:00,401.12
2024-08-16T17:00:00,174.02
2024-08-16T18:00:00,12.93
2024-08-16T19:00:00,0.0
2024-08-16T20:00:00,0.0
2024-08-16T21:00:00,0.0
2024-08-16T22:00:00,0.0
2024-08-16T23:00:00,0.0
2024-08-17T00:00:00,0.0
2024-08-17T01:00:00,0.0
2024-08-17T02:00:00,0.0
2024-08-17T03:00:00,0.0
2024-08-17T04:00:00,0.0
2024-08-17T05:00:00,0.0
2024-08-17T06:00:00,14.23
2024-08-17T07:00:00,194.82
2024-08-17T08:00:00,427.1
2024-08-17T09:00:00,643.15
2024-08-17T10:00:00,818.4
2024-08-17T11:00:00,930.12
2024-08-17T12:00:00,980.28
2024-08-17T13:00:00,933.92
2024-08-17T14:00:00,819.17
2024-08-17T15:00:00,614.62
2024-08-17T16:00:00,400.45
2024-08-17T17:00:00,173.02
2024-08-17T18:00:00,12.73
2024-08-17T19:00:00,0.0
2024-08-17T20:00:00,0.0
2024-08-17T21:00:00,0.0
2024-08-17T22:00:00,0.0
2024-08-17T23:00:00,0.0
2024-08-18T00:00:00,0.0
2024-08-18T01:00:00,0.0
2024-08-18T02:00:00,0.0
2024-08-18T03:00:00,0.0
2024-08-18T04:00:00,0.0
2024-08-18T05:00:00,0.0
2024-08-18T06:00:00,14.05
2024-08-18T07:00:00,191.57
2024-08-18T08:00:00,431.62
2024-08-18T09:00:00,645.28
2024-08-18T10:00:00,805.92
2024-08-18T11:00:00,937.83
2024-08-18T12:00:00,984.7
2024-08-18T13:00:00,947.67
2024-08-18T14:00:00,835.17
2024-08-18T15:00:00,636.88
2024-08-18T16:00:00,400.98
2024-08-18T17:00:00,178.95
2024-08-18T18:00:00,13.07
2024-08-18T19:00:00,0.0
2024-08-18T20:00:00,0.0
2024-08-18T21:00:00,0.0
2024-08-18T22:00:00,0.0
2024-08-18T23:00:00,0.0
2024-08-19T00:00:00,0.0
2024-08-19T01:00:00,0.0
2024-08-19T02:00:00,0.0
2024-08-19T03:00:00,0.0
2024-08-19T04:00:00,0.0
2024-08-19T05:00:00,0.0
2024-08-19T06:00:00,13.98
2024-08-19T07:00:00,193.5
2024-08-19T08:00:00,433.83
2024-08-19T09:00:00,654.05
2024-08-19T10:00:00,831.58
2024-08-19T11:00:00,942.65
2024-08-19T12:00:00,974.47
2024-08-19T13:00:00,927.75
2024-08-19T14:00:00,823.78
2024-08-19T15:00:00,647.4
2024-08-19T16:00:00,407.38
2024-08-19T17:00:00,178.07
2024-08-19T18:00:00,12.1
2024-08-19T19:00:00,0.0
2024-08-19T20:00:00,0.0
2024-08-19T21:00:00,0.0
2024-08-19T22:00:00,0.0
2024-08-19T23:00:00,0.0
2024-08-20T00:00:00,0.0
2024-08-20T01:00:00,0.0
2024-08-20T02:00:00,0.0
2024-08-20T03:00:00,0.0
2024-08-20T04:00:00,0.0
2024-08-20T05:00:00,0.0
2024-08-20T06:00:00,10.5
2024-08-20T07:00:00,148.75
2024-08-20T08:00:00,335.77
2024-08-20T09:00:00,511.3
2024-08-20T10:00:00,589.8
2024-08-20T11:00:00,782.65
2024-08-20T12:00:00,817.65
2024-08-20T13:00:00,821.67
2024-08-20T14:00:00,704.4
2024-08-20T15:00:00,552.53
2024-08-20T16:00:00,362.4
2024-08-20T17:00:00,157.98
2024-08-20T18:00:00,12.52
2024-08-20T19:00:00,0.0
2024-08-20T20:00:00,0.0
2024-08-20T21:00:00,0.0
2024-08-20T22:00:00,0.0
2024-08-20T23:00:00,0.0
2024-08-21T00:00:00,0.0
2024-08-21T01:00:00,0.0
2024-08-21T02:00:00,0.0
2024-08-21T03:00:00,0.0
2024-08-21T04:00:00,0.0
2024-08-21T05:00:00,0.0
2024-08-21T06:00:00,12.6
2024-08-21T07:00:00,179.45
2024-08-21T08:00:00,399.92
2024-08-21T09:00:00,632.4
2024-08-21T10:00:00,801.38
2024-08-21T11:00:00,888.65
2024-08-21T12:00:00,965.88
2024-08-21T13:00:00,928.05
2024-08-21T14:00:00,801.67
2024-08-21T15:00:00,637.05
2024-08-21T16:00:00,421.75
2024-08-21T17:00:00,184.65
2024-08-21T18:00:00,12.82
2024-08-21T19:00:00,0.0
2024-08-21T20:00:00,0.0
2024-08-21T21:00:00,0.0
2024-08-21T22:00:00,0.0
2024-08-21T23:00:00,0.0
2024-08-22T00:00:00,0.0
2024-08-22T01:00:00,0.0
2024-08-22T02:00:00,0.0
2024-08-22T03:00:00,0.0
2024-08-22T04:00:00,0.0
2024-08-22T05:00:00,0.0
2024-08-22T06:00:00,14.73
2024-08-22T07:00:00,193.95
2024-08-22T08:00:00,437.38
2024-08-22T09:00:00,666.58
2024-08-22T10:00:00,833.65
2024-08-22T11:00:00,938.45
2024-08-22T12:00:00,983.75
2024-08-22T13:00:00,944.28
2024-08-22T14:00:00,836.47
2024-08-22T15:00:00,654.62
2024-08-22T16:00:00,432.3
2024-08-22T17:00:00,188.38
2024-08-22T18:00:00,12.7
2024-08-22T19:00:00,0.0
2024-08-22T20:00:00,0.0
2024-08-22T21:00:00,0.0
2024-08-22T22:00:00,0.0
2024-08-22T23:00:00,0.0
2024-08-23T00:00:00,0.0
2024-08-23T01:00:00,0.0
2024-08-23T02:00:00,0.0
2024-08-23T03:00:00,0.0
2024-08-23T04:00:00,0.0
2024-08-23T05:00:00,0.0
2024-08-23T06:00:00,14.05
2024-08-23T07:00:00,186.62
2024-08-23T08:00:00,429.02
2024-08-23T09:00:00,661.67
2024-08-23T10:00:00,831.58
2024-08-23T11:00:00,941.72
2024-08-23T12:00:00,994.17
2024-08-23T13:00:00,950.12
2024-08-23T14:00:00,843.15
2024-08-23T15:00:00,662.85
2024-08-23T16:00:00,427.83
2024-08-23T17:00:00,182.88
2024-08-23T18:00:00,10.52
2024-08-23T19:00:00,0.0
2024-08-23T20:00:00,0.0
2024-08-23T21:00:00,0.0
2024-08-23T22:00:00,0.0
2024-08-23T23:00:00,0.0
2024-08-24T00:00:00,0.0
2024-08-24T01:00:00,0.0
2024-08-24T02:00:00,0.0
2024-08-24T03:00:00,0.0
2024-08-24T04:00:00,0.0
2024-08-24T05:00:00,0.0
2024-08-24T06:00:00,15.27
2024-08-24T07:00:00,188.7
2024-08-24T08:00:00,420.55
2024-08-24T09:00:00,626.5
2024-08-24T10:00:00,802.58
2024-08-24T11:00:00,906.95
2024-08-24T12:00:00,968.22
2024-08-24T13:00:00,934.78
2024-08-24T14:00:00,823.0
2024-08-24T15:00:00,647.45
2024-08-24T16:00:00,428.48
2024-08-24T17:00:00,187.98
2024-08-24T18:00:00,12.25
2024-08-24T19:00:00,0.0
2024-08-24T20:00:00,0.0
2024-08-24T21:00:00,0.0
2024-08-24T22:00:00,0.0
2024-08-24T23:00:00,0.0
2024-08-25T00:00:00,0.0
2024-08-25T01:00:00,0.0
2024-08-25T02:00:00,0.0
2024-08-25T03:00:00,0.0
2024-08-25T04:00:00,0.0
2024-08-25T05:00:00,0.0
2024-08-25T06:00:00,15.93
2024-08-25T07:00:00,200.32
2024-08-25T08:00:00,448.8
2024-08-25T09:00:00,637.1
2024-08-25T10:00:00,804.72
2024-08-25T11:00:00,937.67
2024-08-25T12:00:00,957.97
2024-08-25T13:00:00,919.28
2024-08-25T14:00:00,802.17
2024-08-25T15:00:00,641.78
2024-08-25T16:00:00,414.33
2024-08-25T17:00:00,173.57
2024-08-25T18:00:00,10.85
2024-08-25T19:00:00,0.0
2024-08-25T20:00:00,0.0
2024-08-25T21:00:00,0.0
2024-08-25T22:00:00,0.0
2024-08-25T23:00:00,0.0
2024-08-26T00:00:00,0.0
2024-08-26T01:00:00,0.0
2024-08-26T02:00:00,0.0
2024-08-26T03:00:00,0.0
2024-08-26T04:00:00,0.0
2024-08-26T05:00:00,0.0
2024-08-26T06:00:00,13.15
2024-08-26T07:00:00,159.2
2024-08-26T08:00:00,388.05
2024-08-26T09:00:00,615.6
2024-08-26T10:00:00,789.17
2024-08-26T11:00:00,901.5
2024-08-26T12:00:00,947.12
2024-08-26T13:00:00,875.58
2024-08-26T14:00:00,811.42
2024-08-26T15:00:00,644.35
2024-08-26T16:00:00,425.1
2024-08-26T17:00:00,183.77
2024-08-26T18:00:00,11.3
2024-08-26T19:00:00,0.0
2024-08-26T20:00:00,0.0
2024-08-26T21:00:00,0.0
2024-08-26T22:00:00,0.0
2024-08-26T23:00:00,0.0
2024-08-27T00:00:00,0.0
2024-08-27T01:00:00,0.0
2024-08-27T02:00:00,0.0
2024-08-27T03:00:00,0.0
2024-08-27T04:00:00,0.0
2024-08-27T05:00:00,0.0
2024-08-27T06:00:00,15.8
2024-08-27T07:00:00,196.12
2024-08-27T08:00:00,433.3
2024-08-27T09:00:00,613.58
2024-08-27T10:00:00,814.83
2024-08-27T11:00:00,893.88
2024-08-27T12:00:00,943.95
2024-08-27T13:00:00,914.97
2024-08-27T14:00:00,803.78
2024-08-27T15:00:00,601.35
2024-08-27T16:00:00,337.8
2024-08-27T17:00:00,144.8
2024-08-27T18:00:00,10.23
2024-08-27T19:00:00,0.0
2024-08-27T20:00:00,0.0
2024-08-27T21:00:00,0.0
2024-08-27T22:00:00,0.0
2024-08-27T23:00:00,0.0
2024-08-28T00:00:00,0.0
2024-08-28T01:00:00,0.0
2024-08-28T02:00:00,0.0
2024-08-28T03:00:00,0.0
2024-08-28T04:00:00,0.0
2024-08-28T05:00:00,0.0
2024-08-28T06:00:00,14.07
2024-08-28T07:00:00,141.7
2024-08-28T08:00:00,360.5
2024-08-28T09:00:00,537.95
2024-08-28T10:00:00,690.25
2024-08-28T11:00:00,812.3
2024-08-28T12:00:00,849.75
2024-08-28T13:00:00,827.35
2024-08-28T14:00:00,742.17
2024-08-28T15:00:00,569.88
2024-08-28T16:00:00,359.0
2024-08-28T17:00:00,147.48
2024-08-28T18:00:00,8.25
2024-08-28T19:00:00,0.0
2024-08-28T20:00:00,0.0
2024-08-28T21:00:00,0.0
2024-08-28T22:00:00,0.0
2024-08-28T23:00:00,0.0
2024-08-29T00:00:00,0.0
2024-08-29T01:00:00,0.0
2024-08-29T02:00:00,0.0
2024-08-29T03:00:00,0.0
2024-08-29T04:00:00,0.0
2024-08-29T05:00:00,0.0
2024-08-29T06:00:00,14.35
2024-08-29T07:00:00,171.57
2024-08-29T08:00:00,370.12
2024-08-29T09:00:00,626.67
2024-08-29T10:00:00,798.67
2024-08-29T11:00:00,912.62
2024-08-29T12:00:00,950.53
2024-08-29T13:00:00,890.17
2024-08-29T14:00:00,795.72
2024-08-29T15:00:00,636.38
2024-08-29T16:00:00,398.73
2024-08-29T17:00:00,168.27
2024-08-29T18:00:00,9.98
2024-08-29T19:00:00,0.0
2024-08-29T20:00:00,0.0
2024-08-29T21:00:00,0.0
2024-08-29T22:00:00,0.0
2024-08-29T23:00:00,0.0
2024-08-30T00:00:00,0.0
2024-08-30T01:00:00,0.0
2024-08-30T02:00:00,0.0
2024-08-30T03:00:00,0.0
2024-08-30T04:00:00,0.0
2024-08-30T05:00:00,0.0
2024-08-30T06:00:00,15.02
2024-08-30T07:00:00,169.8
2024-08-30T08:00:00,398.12
2024-08-30T09:00:00,614.45
2024-08-30T10:00:00,808.08
2024-08-30T11:00:00,910.35
2024-08-30T12:00:00,952.97
2024-08-30T13:00:00,907.17
2024-08-30T14:00:00,807.47
2024-08-30T15:00:00,637.3
2024-08-30T16:00:00,414.88
2024-08-30T17:00:00,173.95
2024-08-30T18:00:00,10.0
2024-08-30T19:00:00,0.0
2024-08-30T20:00:00,0.0
2024-08-30T21:00:00,0.0
2024-08-30T22:00:00,0.0
2024-08-30T23:00:00,0.0
2024-08-31T00:00:00,0.0
2024-08-31T01:00:00,0.0
2024-08-31T02:00:00,0.0
2024-08-31T03:00:00,0.0
2024-08-31T04:00:00,0.0
2024-08-31T05:00:00,0.0
2024-08-31T06:00:00,15.85
2024-08-31T07:00:00,185.38
2024-08-31T08:00:00,417.52
2024-08-31T09:00:00,647.08
2024-08-31T10:00:00,825.15
2024-08-31T11:00:00,932.5
2024-08-31T12:00:00,967.88
2024-08-31T13:00:00,917.95
2024-08-31T14:00:00,797.78
2024-08-31T15:00:00,616.97
2024-08-31T16:00:00,379.12
2024-08-31T17:00:00,160.77
2024-08-31T18:00:00,9.43
2024-08-31T19:00:00,0.0
2024-08-31T20:00:00,0.0
2024-08-31T21:00:00,0.0
2024-08-31T22:00:00,0.0
2024-08-31T23:00:00,0.0
2024-09-01T00:00:00,0.0
2024-09-01T01:00:00,0.0
2024-09-01T02:00:00,0.0
2024-09-01T03:00:00,0.0
2024-09-01T04:00:00,0.0
2024-09-01T05:00:00,0.0
2024-09-01T06:00:00,15.05
2024-09-01T07:00:00,182.77
2024-09-01T08:00:00,394.23
2024-09-01T09:00:00,611.28
2024-09-01T10:00:00,806.75
2024-09-01T11:00:00,912.0
2024-09-01T12:00:00,945.78
2024-09-01T13:00:00,931.38
2024-09-01T14:00:00,744.1
2024-09-01T15:00:00,627.67
2024-09-01T16:00:00,407.65
2024-09-01T17:00:00,167.85
2024-09-01T18:00:00,9.5
2024-09-01T19:00:00,0.0
2024-09-01T20:00:00,0.0
2024-09-01T21:00:00,0.0
2024-09-01T22:00:00,0.0
2024-09-01T23:00:00,0.0
2024-09-02T00:00:00,0.0
2024-09-02T01:00:00,0.0
2024-09-02T02:00:00,0.0
2024-09-02T03:00:00,0.0
2024-09-02T04:00:00,0.0
2024-09-02T05:00:00,0.0
2024-09-02T06:00:00,15.05
2024-09-02T07:00:00,157.93
2024-09-02T08:00:00,374.23
2024-09-02T09:00:00,584.2
2024-09-02T10:00:00,745.3
2024-09-02T11:00:00,838.7
2024-09-02T12:00:00,908.47
2024-09-02T13:00:00,854.47
2024-09-02T14:00:00,701.38
2024-09-02T15:00:00,597.83
2024-09-02T16:00:00,368.73
2024-09-02T17:00:00,133.25
2024-09-02T18:00:00,8.02
2024-09-02T19:00:00,0.0
2024-09-02T20:00:00,0.0
2024-09-02T21:00:00,0.0
2024-09-02T22:00:00,0.0
2024-09-02T23:00:00,0.0
2024-09-03T00:00:00,0.0
2024-09-03T01:00:00,0.0
2024-09-03T02:00:00,0.0
2024-09-03T03:00:00,0.0
2024-09-03T04:00:00,0.0
2024-09-03T05:00:00,0.0
2024-09-03T06:00:00,15.57
2024-09-03T07:00:00,166.4
2024-09-03T08:00:00,394.12
2024-09-03T09:00:00,586.92
2024-09-03T10:00:00,743.05
2024-09-03T11:00:00,859.88
2024-09-03T12:00:00,865.65
2024-09-03T13:00:00,681.28
2024-09-03T14:00:00,553.5
2024-09-03T15:00:00,339.52
2024-09-03T16:00:00,232.5
2024-09-03T17:00:00,102.07
2024-09-03T18:00:00,4.57
2024-09-03T19:00:00,0.0
2024-09-03T20:00:00,0.0
2024-09-03T21:00:00,0.0
2024-09-03T22:00:00,0.0
2024-09-03T23:00:00,0.0
2024-09-04T00:00:00,0.0
2024-09-04T01:00:00,0.0
2024-09-04T02:00:00,0.0
2024-09-04T03:00:00,0.0
2024-09-04T04:00:00,0.0
2024-09-04T05:00:00,0.0
2024-09-04T06:00:00,15.95
2024-09-04T07:00:00,169.27
2024-09-04T08:00:00,366.62
2024-09-04T09:00:00,604.45
2024-09-04T10:00:00,767.8
2024-09-04T11:00:00,888.17
2024-09-04T12:00:00,927.97
2024-09-04T13:00:00,773.72
2024-09-04T14:00:00,747.85
2024-09-04T15:00:00,590.85
2024-09-04T16:00:00,371.73
2024-09-04T17:00:00,141.95
2024-09-04T18:00:00,8.27
2024-09-04T19:00:00,0.0
2024-09-04T20:00:00,0.0
2024-09-04T21:00:00,0.0
2024-09-04T22:00:00,0.0
2024-09-04T23:00:00,0.0
2024-09-05T00:00:00,0.0
2024-09-05T01:00:00,0.0
2024-09-05T02:00:00,0.0
2024-09-05T03:00:00,0.0
2024-09-05T04:00:00,0.0
2024-09-05T05:00:00,0.0
2024-09-05T06:00:00,14.5
2024-09-05T07:00:00,144.98
2024-09-05T08:00:00,348.4
2024-09-05T09:00:00,537.95
2024-09-05T10:00:00,692.83
2024-09-05T11:00:00,779.0
2024-09-05T12:00:00,688.65
2024-09-05T13:00:00,741.22
2024-09-05T14:00:00,656.97
2024-09-05T15:00:00,491.58
2024-09-05T16:00:00,298.9
2024-09-05T17:00:00,105.72
2024-09-05T18:00:00,5.97
2024-09-05T19:00:00,0.0
2024-09-05T20:00:00,0.0
2024-09-05T21:00:00,0.0
2024-09-05T22:00:00,0.0
2024-09-05T23:00:00,0.0
2024-09-06T00:00:00,0.0
2024-09-06T01:00:00,0.0
2024-09-06T02:00:00,0.0
2024-09-06T03:00:00,0.0
2024-09-06T04:00:00,0.0
2024-09-06T05:00:00,0.0
2024-09-06T06:00:00,14.4
2024-09-06T07:00:00,181.38
2024-09-06T08:00:00,422.4
2024-09-06T09:00:00,635.58
2024-09-06T10:00:00,789.65
2024-09-06T11:00:00,900.08
2024-09-06T12:00:00,926.3
2024-09-06T13:00:00,902.35
2024-09-06T14:00:00,746.9
2024-09-06T15:00:00,594.2
2024-09-06T16:00:00,377.17
2024-09-06T17:00:00,146.0
2024-09-06T18:00:00,7.88
2024-09-06T19:00:00,0.0
2024-09-06T20:00:00,0.0
2024-09-06T21:00:00,0.0
2024-09-06T22:00:00,0.0
2024-09-06T23:00:00,0.0
2024-09-07T00:00:00,0.0
2024-09-07T01:00:00,0.0
2024-09-07T02:00:00,0.0
2024-09-07T03:00:00,0.0
2024-09-07T04:00:00,0.0
2024-09-07T05:00:00,0.0
2024-09-07T06:00:00,18.55
2024-09-07T07:00:00,206.43
2024-09-07T08:00:00,413.52
2024-09-07T09:00:00,610.42
2024-09-07T10:00:00,828.62
2024-09-07T11:00:00,926.75
2024-09-07T12:00:00,964.62
2024-09-07T13:00:00,921.88
2024-09-07T14:00:00,815.0
2024-09-07T15:00:00,610.55
2024-09-07T16:00:00,390.23
2024-09-07T17:00:00,154.48
2024-09-07T18:00:00,7.57
2024-09-07T19:00:00,0.0
2024-09-07T20:00:00,0.0
2024-09-07T21:00:00,0.0
2024-09-07T22:00:00,0.0
2024-09-07T23:00:00,0.0
2024-09-08T00:00:00,0.0
2024-09-08T01:00:00,0.0
2024-09-08T02:00:00,0.0
2024-09-08T03:00:00,0.0
2024-09-08T04:00:00,0.0
2024-09-08T05:00:00,0.0
2024-09-08T06:00:00,16.45
2024-09-08T07:00:00,180.18
2024-09-08T08:00:00,395.15
2024-09-08T09:00:00,595.72
2024-09-08T10:00:00,765.83
2024-09-08T11:00:00,878.9
2024-09-08T12:00:00,922.72
2024-09-08T13:00:00,865.28
2024-09-08T14:00:00,803.83
2024-09-08T15:00:00,561.62
2024-09-08T16:00:00,351.85
2024-09-08T17:00:00,136.07
2024-09-08T18:00:00,7.5
2024-09-08T19:00:00,0.0
2024-09-08T20:00:00,0.0
2024-09-08T21:00:00,0.0
2024-09-08T22:00:00,0.0
2024-09-08T23:00:00,0.0
2024-09-09T00:00:00,0.0
2024-09-09T01:00:00,0.0
2024-09-09T02:00:00,0.0
2024-09-09T03:00:00,0.0
2024-09-09T04:00:00,0.0
2024-09-09T05:00:00,0.0
2024-09-09T06:00:00,20.08
2024-09-09T07:00:00,205.1
2024-09-09T08:00:00,435.52
2024-09-09T09:00:00,651.28
2024-09-09T10:00:00,818.8
2024-09-09T11:00:00,920.72
2024-09-09T12:00:00,953.83
2024-09-09T13:00:00,920.22
2024-09-09T14:00:00,794.1
2024-09-09T15:00:00,627.35
2024-09-09T16:00:00,375.8
2024-09-09T17:00:00,152.95
2024-09-09T18:00:00,7.18
2024-09-09T19:00:00,0.0
2024-09-09T20:00:00,0.0
2024-09-09T21:00:00,0.0
2024-09-09T22:00:00,0.0
2024-09-09T23:00:00,0.0
2024-09-10T00:00:00,0.0
2024-09-10T01:00:00,0.0
2024-09-10T02:00:00,0.0
2024-09-10T03:00:00,0.0
2024-09-10T04:00:00,0.0
2024-09-10T05:00:00,0.0
2024-09-10T06:00:00,18.42
2024-09-10T07:00:00,165.55
2024-09-10T08:00:00,393.05
2024-09-10T09:00:00,506.98
2024-09-10T10:00:00,572.35
2024-09-10T11:00:00,663.4
2024-09-10T12:00:00,656.88
2024-09-10T13:00:00,753.6
2024-09-10T14:00:00,729.2
2024-09-10T15:00:00,530.97
2024-09-10T16:00:00,323.0
2024-09-10T17:00:00,118.47
2024-09-10T18:00:00,6.95
2024-09-10T19:00:00,0.0
2024-09-10T20:00:00,0.0
2024-09-10T21:00:00,0.0
2024-09-10T22:00:00,0.0
2024-09-10T23:00:00,0.0
2024-09-11T00:00:00,0.0
2024-09-11T01:00:00,0.0
2024-09-11T02:00:00,0.0
2024-09-11T03:00:00,0.0
2024-09-11T04:00:00,0.0
2024-09-11T05:00:00,0.0
2024-09-11T06:00:00,19.88
2024-09-11T07:00:00,214.52
2024-09-11T08:00:00,459.25
2024-09-11T09:00:00,682.92
2024-09-11T10:00:00,845.65
2024-09-11T11:00:00,956.55
2024-09-11T12:00:00,1007.65
2024-09-11T13:00:00,949.45
2024-09-11T14:00:00,815.67
2024-09-11T15:00:00,645.97
2024-09-11T16:00:00,414.8
2024-09-11T17:00:00,166.4
2024-09-11T18:00:00,7.28
2024-09-11T19:00:00,0.0
2024-09-11T20:00:00,0.0
2024-09-11T21:00:00,0.0
2024-09-11T22:00:00,0.0
2024-09-11T23:00:00,0.0
2024-09-12T00:00:00,0.0
2024-09-12T01:00:00,0.0
2024-09-12T02:00:00,0.0
2024-09-12T03:00:00,0.0
2024-09-12T04:00:00,0.0
2024-09-12T05:00:00,0.0
2024-09-12T06:00:00,24.0
2024-09-12T07:00:00,226.32
2024-09-12T08:00:00,469.3
2024-09-12T09:00:00,691.08
2024-09-12T10:00:00,862.2
2024-09-12T11:00:00,965.62
2024-09-12T12:00:00,1000.35
2024-09-12T13:00:00,922.53
2024-09-12T14:00:00,839.58
2024-09-12T15:00:00,628.83
2024-09-12T16:00:00,410.23
2024-09-12T17:00:00,168.05
2024-09-12T18:00:00,7.43
2024-09-12T19:00:00,0.0
2024-09-12T20:00:00,0.0
2024-09-12T21:00:00,0.0
2024-09-12T22:00:00,0.0
2024-09-12T23:00:00,0.0
2024-09-13T00:00:00,0.0
2024-09-13T01:00:00,0.0
2024-09-13T02:00:00,0.0
2024-09-13T03:00:00,0.0
2024-09-13T04:00:00,0.0
2024-09-13T05:00:00,0.0
2024-09-13T06:00:00,20.45
2024-09-13T07:00:00,216.23
2024-09-13T08:00:00,470.4
2024-09-13T09:00:00,694.97
2024-09-13T10:00:00,868.05
2024-09-13T11:00:00,969.53
2024-09-13T12:00:00,988.67
2024-09-13T13:00:00,947.12
2024-09-13T14:00:00,819.6
2024-09-13T15:00:00,617.62
2024-09-13T16:00:00,389.38
2024-09-13T17:00:00,150.68
2024-09-13T18:00:00,6.1
2024-09-13T19:00:00,0.0
2024-09-13T20:00:00,0.0
2024-09-13T21:00:00,0.0
2024-09-13T22:00:00,0.0
2024-09-13T23:00:00,0.0
2024-09-14T00:00:00,0.0
2024-09-14T01:00:00,0.0
2024-09-14T02:00:00,0.0
2024-09-14T03:00:00,0.0
2024-09-14T04:00:00,0.0
2024-09-14T05:00:00,0.0
2024-09-14T06:00:00,17.38
2024-09-14T07:00:00,153.93
2024-09-14T08:00:00,370.02
2024-09-14T09:00:00,555.3
2024-09-14T10:00:00,720.97
2024-09-14T11:00:00,821.6
2024-09-14T12:00:00,841.1
2024-09-14T13:00:00,747.42
2024-09-14T14:00:00,636.88
2024-09-14T15:00:00,432.6
2024-09-14T16:00:00,251.48
2024-09-14T17:00:00,80.12
2024-09-14T18:00:00,4.6
2024-09-14T19:00:00,0.0
2024-09-14T20:00:00,0.0
2024-09-14T21:00:00,0.0
2024-09-14T22:00:00,0.0
2024-09-14T23:00:00,0.0
2024-09-15T00:00:00,0.0
2024-09-15T01:00:00,0.0
2024-09-15T02:00:00,0.0
2024-09-15T03:00:00,0.0
2024-09-15T04:00:00,0.0
2024-09-15T05:00:00,0.0
2024-09-15T06:00:00,20.17
2024-09-15T07:00:00,197.68
2024-09-15T08:00:00,414.58
2024-09-15T09:00:00,607.17
2024-09-15T10:00:00,795.72
2024-09-15T11:00:00,922.08
2024-09-15T12:00:00,886.33
2024-09-15T13:00:00,706.3
2024-09-15T14:00:00,673.12
2024-09-15T15:00:00,516.6
2024-09-15T16:00:00,311.12
2024-09-15T17:00:00,109.0
2024-09-15T18:00:00,4.95
2024-09-15T19:00:00,0.0
2024-09-15T20:00:00,0.0
2024-09-15T21:00:00,0.0
2024-09-15T22:00:00,0.0
2024-09-15T23:00:00,0.0
2024-09-16T00:00:00,0.0
2024-09-16T01:00:00,0.0
2024-09-16T02:00:00,0.0
2024-09-16T03:00:00,0.0
2024-09-16T04:00:00,0.0
2024-09-16T05:00:00,0.0
2024-09-16T06:00:00,23.0
2024-09-16T07:00:00,223.02
2024-09-16T08:00:00,468.98
2024-09-16T09:00:00,674.9
2024-09-16T10:00:00,841.17
2024-09-16T11:00:00,953.78
2024-09-16T12:00:00,989.42
2024-09-16T13:00:00,948.55
2024-09-16T14:00:00,814.7
2024-09-16T15:00:00,625.7
2024-09-16T16:00:00,378.3
2024-09-16T17:00:00,147.43
2024-09-16T18:00:00,5.35
2024-09-16T19:00:00,0.0
2024-09-16T20:00:00,0.0
2024-09-16T21:00:00,0.0
2024-09-16T22:00:00,0.0
2024-09-16T23:00:00,0.0
2024-09-17T00:00:00,0.0
2024-09-17T01:00:00,0.0
2024-09-17T02:00:00,0.0
2024-09-17T03:00:00,0.0
2024-09-17T04:00:00,0.0
2024-09-17T05:00:00,0.0
2024-09-17T06:00:00,26.48
2024-09-17T07:00:00,249.07
2024-09-17T08:00:00,500.98
2024-09-17T09:00:00,718.2
2024-09-17T10:00:00,886.53
2024-09-17T11:00:00,988.42
2024-09-17T12:00:00,1013.15
2024-09-17T13:00:00,961.28
2024-09-17T14:00:00,833.85
2024-09-17T15:00:00,644.45
2024-09-17T16:00:00,411.67
2024-09-17T17:00:00,158.05
2024-09-17T18:00:00,5.57
2024-09-17T19:00:00,0.0
2024-09-17T20:00:00,0.0
2024-09-17T21:00:00,0.0
2024-09-17T22:00:00,0.0
2024-09-17T23:00:00,0.0
2024-09-18T00:00:00,0.0
2024-09-18T01:00:00,0.0
2024-09-18T02:00:00,0.0
2024-09-18T03:00:00,0.0
2024-09-18T04:00:00,0.0
2024-09-18T05:00:00,0.0
2024-09-18T06:00:00,22.23
2024-09-18T07:00:00,195.1
2024-09-18T08:00:00,411.73
2024-09-18T09:00:00,568.75
2024-09-18T10:00:00,734.65
2024-09-18T11:00:00,847.4
2024-09-18T12:00:00,836.95
2024-09-18T13:00:00,769.58
2024-09-18T14:00:00,558.88
2024-09-18T15:00:00,420.67
2024-09-18T16:00:00,245.05
2024-09-18T17:00:00,75.3
2024-09-18T18:00:00,3.35
2024-09-18T19:00:00,0.0
2024-09-18T20:00:00,0.0
2024-09-18T21:00:00,0.0
2024-09-18T22:00:00,0.0
2024-09-18T23:00:00,0.0
2024-09-19T00:00:00,0.0
2024-09-19T01:00:00,0.0
2024-09-19T02:00:00,0.0
2024-09-19T03:00:00,0.0
2024-09-19T04:00:00,0.0
2024-09-19T05:00:00,0.0
2024-09-19T06:00:00,18.08
2024-09-19T07:00:00,181.88
2024-09-19T08:00:00,417.35
2024-09-19T09:00:00,630.58
2024-09-19T10:00:00,789.3
2024-09-19T11:00:00,920.1
2024-09-19T12:00:00,965.88
2024-09-19T13:00:00,790.8
2024-09-19T14:00:00,774.1
2024-09-19T15:00:00,506.42
2024-09-19T16:00:00,323.05
2024-09-19T17:00:00,114.55
2024-09-19T18:00:00,4.57
2024-09-19T19:00:00,0.0
2024-09-19T20:00:00,0.0
2024-09-19T21:00:00,0.0
2024-09-19T22:00:00,0.0
2024-09-19T23:00:00,0.0
2024-09-20T00:00:00,0.0
2024-09-20T01:00:00,0.0
2024-09-20T02:00:00,0.0
2024-09-20T03:00:00,0.0
2024-09-20T04:00:00,0.0
2024-09-20T05:00:00,0.0
2024-09-20T06:00:00,18.7
2024-09-20T07:00:00,176.95
2024-09-20T08:00:00,389.0
2024-09-20T09:00:00,590.1
2024-09-20T10:00:00,759.58
2024-09-20T11:00:00,835.55
2024-09-20T12:00:00,858.75
2024-09-20T13:00:00,865.65
2024-09-20T14:00:00,709.62
2024-09-20T15:00:00,503.23
2024-09-20T16:00:00,299.67
2024-09-20T17:00:00,112.07
2024-09-20T18:00:00,2.9
2024-09-20T19:00:00,0.0
2024-09-20T20:00:00,0.0
2024-09-20T21:00:00,0.0
2024-09-20T22:00:00,0.0
2024-09-20T23:00:00,0.0
2024-09-21T00:00:00,0.0
2024-09-21T01:00:00,0.0
2024-09-21T02:00:00,0.0
2024-09-21T03:00:00,0.0
2024-09-21T04:00:00,0.0
2024-09-21T05:00:00,0.0
2024-09-21T06:00:00,28.52
2024-09-21T07:00:00,242.3
2024-09-21T08:00:00,490.55
2024-09-21T09:00:00,713.97
2024-09-21T10:00:00,880.97
2024-09-21T11:00:00,979.22
2024-09-21T12:00:00,1013.28
2024-09-21T13:00:00,964.72
2024-09-21T14:00:00,837.25
2024-09-21T15:00:00,654.6
2024-09-21T16:00:00,419.95
2024-09-21T17:00:00,162.6
2024-09-21T18:00:00,4.8
2024-09-21T19:00:00,0.0
2024-09-21T20:00:00,0.0
2024-09-21T21:00:00,0.0
2024-09-21T22:00:00,0.0
2024-09-21T23:00:00,0.0
2024-09-22T00:00:00,0.0
2024-09-22T01:00:00,0.0
2024-09-22T02:00:00,0.0
2024-09-22T03:00:00,0.0
2024-09-22T04:00:00,0.0
2024-09-22T05:00:00,0.0
2024-09-22T06:00:00,29.5
2024-09-22T07:00:00,255.88
2024-09-22T08:00:00,503.48
2024-09-22T09:00:00,722.12
2024-09-22T10:00:00,893.62
2024-09-22T11:00:00,989.2
2024-09-22T12:00:00,1018.42
2024-09-22T13:00:00,962.75
2024-09-22T14:00:00,830.78
2024-09-22T15:00:00,630.25
2024-09-22T16:00:00,384.25
2024-09-22T17:00:00,142.35
2024-09-22T18:00:00,4.28
2024-09-22T19:00:00,0.0
2024-09-22T20:00:00,0.0
2024-09-22T21:00:00,0.0
2024-09-22T22:00:00,0.0
2024-09-22T23:00:00,0.0
2024-09-23T00:00:00,0.0
2024-09-23T01:00:00,0.0
2024-09-23T02:00:00,0.0
2024-09-23T03:00:00,0.0
2024-09-23T04:00:00,0.0
2024-09-23T05:00:00,0.0
2024-09-23T06:00:00,23.73
2024-09-23T07:00:00,211.07
2024-09-23T08:00:00,452.4
2024-09-23T09:00:00,674.45
2024-09-23T10:00:00,844.95
2024-09-23T11:00:00,943.67
2024-09-23T12:00:00,977.33
2024-09-23T13:00:00,922.53
2024-09-23T14:00:00,763.58
2024-09-23T15:00:00,616.83
2024-09-23T16:00:00,388.75
2024-09-23T17:00:00,141.85
2024-09-23T18:00:00,4.1
2024-09-23T19:00:00,0.0
2024-09-23T20:00:00,0.0
2024-09-23T21:00:00,0.0
2024-09-23T22:00:00,0.0
2024-09-23T23:00:00,0.0
2024-09-24T00:00:00,0.0
2024-09-24T01:00:00,0.0
2024-09-24T02:00:00,0.0
2024-09-24T03:00:00,0.0
2024-09-24T04:00:00,0.0
2024-09-24T05:00:00,0.0
2024-09-24T06:00:00,25.17
2024-09-24T07:00:00,221.27
2024-09-24T08:00:00,461.62
2024-09-24T09:00:00,683.35
2024-09-24T10:00:00,846.97
2024-09-24T11:00:00,952.53
2024-09-24T12:00:00,978.38
2024-09-24T13:00:00,895.4
2024-09-24T14:00:00,787.42
2024-09-24T15:00:00,622.25
2024-09-24T16:00:00,352.52
2024-09-24T17:00:00,125.85
2024-09-24T18:00:00,3.97
2024-09-24T19:00:00,0.0
2024-09-24T20:00:00,0.0
2024-09-24T21:00:00,0.0
2024-09-24T22:00:00,0.0
2024-09-24T23:00:00,0.0
2024-09-25T00:00:00,0.0
2024-09-25T01:00:00,0.0
2024-09-25T02:00:00,0.0
2024-09-25T03:00:00,0.0
2024-09-25T04:00:00,0.0
2024-09-25T05:00:00,0.0
2024-09-25T06:00:00,33.9
2024-09-25T07:00:00,266.27
2024-09-25T08:00:00,516.92
2024-09-25T09:00:00,736.0
2024-09-25T10:00:00,902.6
2024-09-25T11:00:00,1007.83
2024-09-25T12:00:00,1030.2
2024-09-25T13:00:00,968.67
2024-09-25T14:00:00,843.0
2024-09-25T15:00:00,652.62
2024-09-25T16:00:00,415.05
2024-09-25T17:00:00,157.48
2024-09-25T18:00:00,3.9
2024-09-25T19:00:00,0.0
2024-09-25T20:00:00,0.0
2024-09-25T21:00:00,0.0
2024-09-25T22:00:00,0.0
2024-09-25T23:00:00,0.0
2024-09-26T00:00:00,0.0
2024-09-26T01:00:00,0.0
2024-09-26T02:00:00,0.0
2024-09-26T03:00:00,0.0
2024-09-26T04:00:00,0.0
2024-09-26T05:00:00,0.0
2024-09-26T06:00:00,34.83
2024-09-26T07:00:00,267.48
2024-09-26T08:00:00,520.85
2024-09-26T09:00:00,737.53
2024-09-26T10:00:00,908.2
2024-09-26T11:00:00,1008.53
2024-09-26T12:00:00,1032.05
2024-09-26T13:00:00,963.95
2024-09-26T14:00:00,843.8
2024-09-26T15:00:00,641.85
2024-09-26T16:00:00,413.15
2024-09-26T17:00:00,157.18
2024-09-26T18:00:00,3.85
2024-09-26T19:00:00,0.0
2024-09-26T20:00:00,0.0
2024-09-26T21:00:00,0.0
2024-09-26T22:00:00,0.0
2024-09-26T23:00:00,0.0
2024-09-27T00:00:00,0.0
2024-09-27T01:00:00,0.0
2024-09-27T02:00:00,0.0
2024-09-27T03:00:00,0.0
2024-09-27T04:00:00,0.0
2024-09-27T05:00:00,0.0
2024-09-27T06:00:00,33.88
2024-09-27T07:00:00,269.0
2024-09-27T08:00:00,520.88
2024-09-27T09:00:00,741.3
2024-09-27T10:00:00,908.9
2024-09-27T11:00:00,1007.97
2024-09-27T12:00:00,1028.9
2024-09-27T13:00:00,969.45
2024-09-27T14:00:00,840.0
2024-09-27T15:00:00,643.4
2024-09-27T16:00:00,408.0
2024-09-27T17:00:00,153.62
2024-09-27T18:00:00,3.78
2024-09-27T19:00:00,0.0
2024-09-27T20:00:00,0.0
2024-09-27T21:00:00,0.0
2024-09-27T22:00:00,0.0
2024-09-27T23:00:00,0.0
2024-09-28T00:00:00,0.0
2024-09-28T01:00:00,0.0
2024-09-28T02:00:00,0.0
2024-09-28T03:00:00,0.0
2024-09-28T04:00:00,0.0
2024-09-28T05:00:00,0.0
2024-09-28T06:00:00,33.03
2024-09-28T07:00:00,254.9
2024-09-28T08:00:00,505.05
2024-09-28T09:00:00,719.28
2024-09-28T10:00:00,884.35
2024-09-28T11:00:00,987.08
2024-09-28T12:00:00,1017.15
2024-09-28T13:00:00,956.05
2024-09-28T14:00:00,838.25
2024-09-28T15:00:00,644.95
2024-09-28T16:00:00,408.05
2024-09-28T17:00:00,162.32
2024-09-28T18:00:00,0.0
2024-09-28T19:00:00,0.0
2024-09-28T20:00:00,0.0
2024-09-28T21:00:00,0.0
2024-09-28T22:00:00,0.0
2024-09-28T23:00:00,0.0
2024-09-29T00:00:00,0.0
2024-09-29T01:00:00,0.0
2024-09-29T02:00:00,0.0
2024-09-29T03:00:00,0.0
2024-09-29T04:00:00,0.0
2024-09-29T05:00:00,0.0
2024-09-29T06:00:00,34.83
2024-09-29T07:00:00,262.1
2024-09-29T08:00:00,508.42
2024-09-29T09:00:00,713.45
2024-09-29T10:00:00,886.2
2024-09-29T11:00:00,975.97
2024-09-29T12:00:00,993.22
2024-09-29T13:00:00,934.05
2024-09-29T14:00:00,758.03
2024-09-29T15:00:00,603.65
2024-09-29T16:00:00,355.92
2024-09-29T17:00:00,136.1
2024-09-29T18:00:00,0.0
2024-09-29T19:00:00,0.0
2024-09-29T20:00:00,0.0
2024-09-29T21:00:00,0.0
2024-09-29T22:00:00,0.0
2024-09-29T23:00:00,0.0
2024-09-30T00:00:00,0.0
2024-09-30T01:00:00,0.0
2024-09-30T02:00:00,0.0
2024-09-30T03:00:00,0.0
2024-09-30T04:00:00,0.0
2024-09-30T05:00:00,0.0
2024-09-30T06:00:00,25.8
2024-09-30T07:00:00,196.02
2024-09-30T08:00:00,418.0
2024-09-30T09:00:00,606.3
2024-09-30T10:00:00,771.9
2024-09-30T11:00:00,893.85
2024-09-30T12:00:00,956.85
2024-09-30T13:00:00,921.42
2024-09-30T14:00:00,762.08
2024-09-30T15:00:00,562.7
2024-09-30T16:00:00,328.33
2024-09-30T17:00:00,114.28
2024-09-30T18:00:00,0.0
2024-09-30T19:00:00,0.0
2024-09-30T20:00:00,0.0
2024-09-30T21:00:00,0.0
2024-09-30T22:00:00,0.0
2024-09-30T23:00:00,0.0
2024-10-01T00:00:00,0.0
2024-10-01T01:00:00,0.0
2024-10-01T02:00:00,0.0
2024-10-01T03:00:00,0.0
2024-10-01T04:00:00,0.0
2024-10-01T05:00:00,0.0
2024-10-01T06:00:00,27.98
2024-10-01T07:00:00,226.8
2024-10-01T08:00:00,471.1
2024-10-01T09:00:00,671.45
2024-10-01T10:00:00,832.55
2024-10-01T11:00:00,889.67
2024-10-01T12:00:00,844.1
2024-10-01T13:00:00,840.28
2024-10-01T14:00:00,726.35
2024-10-01T15:00:00,549.47
2024-10-01T16:00:00,333.48
2024-10-01T17:00:00,124.47
2024-10-01T18:00:00,0.0
2024-10-01T19:00:00,0.0
2024-10-01T20:00:00,0.0
2024-10-01T21:00:00,0.0
2024-10-01T22:00:00,0.0
2024-10-01T23:00:00,0.0
2024-10-02T00:00:00,0.0
2024-10-02T01:00:00,0.0
2024-10-02T02:00:00,0.0
2024-10-02T03:00:00,0.0
2024-10-02T04:00:00,0.0
2024-10-02T05:00:00,0.0
2024-10-02T06:00:00,35.72
2024-10-02T07:00:00,270.05
2024-10-02T08:00:00,518.9
2024-10-02T09:00:00,738.33
2024-10-02T10:00:00,902.7
2024-10-02T11:00:00,997.0
2024-10-02T12:00:00,1014.33
2024-10-02T13:00:00,959.78
2024-10-02T14:00:00,829.42
2024-10-02T15:00:00,633.22
2024-10-02T16:00:00,396.15
2024-10-02T17:00:00,150.4
2024-10-02T18:00:00,0.0
2024-10-02T19:00:00,0.0
2024-10-02T20:00:00,0.0
2024-10-02T21:00:00,0.0
2024-10-02T22:00:00,0.0
2024-10-02T23:00:00,0.0
2024-10-03T00:00:00,0.0
2024-10-03T01:00:00,0.0
2024-10-03T02:00:00,0.0
2024-10-03T03:00:00,0.0
2024-10-03T04:00:00,0.0
2024-10-03T05:00:00,0.0
2024-10-03T06:00:00,35.08
2024-10-03T07:00:00,242.77
2024-10-03T08:00:00,474.0
2024-10-03T09:00:00,666.35
2024-10-03T10:00:00,851.7
2024-10-03T11:00:00,941.97
2024-10-03T12:00:00,964.35
2024-10-03T13:00:00,909.67
2024-10-03T14:00:00,787.05
2024-10-03T15:00:00,576.55
2024-10-03T16:00:00,330.55
2024-10-03T17:00:00,106.53
2024-10-03T18:00:00,0.0
2024-10-03T19:00:00,0.0
2024-10-03T20:00:00,0.0
2024-10-03T21:00:00,0.0
2024-10-03T22:00:00,0.0
2024-10-03T23:00:00,0.0
2024-10-04T00:00:00,0.0
2024-10-04T01:00:00,0.0
2024-10-04T02:00:00,0.0
2024-10-04T03:00:00,0.0
2024-10-04T04:00:00,0.0
2024-10-04T05:00:00,0.0
2024-10-04T06:00:00,10.43
2024-10-04T07:00:00,108.47
2024-10-04T08:00:00,205.82
2024-10-04T09:00:00,393.02
2024-10-04T10:00:00,515.83
2024-10-04T11:00:00,584.1
2024-10-04T12:00:00,591.35
2024-10-04T13:00:00,555.22
2024-10-04T14:00:00,472.08
2024-10-04T15:00:00,295.12
2024-10-04T16:00:00,164.38
2024-10-04T17:00:00,64.03
2024-10-04T18:00:00,0.0
2024-10-04T19:00:00,0.0
2024-10-04T20:00:00,0.0
2024-10-04T21:00:00,0.0
2024-10-04T22:00:00,0.0
2024-10-04T23:00:00,0.0
2024-10-05T00:00:00,0.0
2024-10-05T01:00:00,0.0
2024-10-05T02:00:00,0.0
2024-10-05T03:00:00,0.0
2024-10-05T04:00:00,0.0
2024-10-05T05:00:00,0.0
2024-10-05T06:00:00,35.3
2024-10-05T07:00:00,257.42
2024-10-05T08:00:00,504.6
2024-10-05T09:00:00,716.12
2024-10-05T10:00:00,888.65
2024-10-05T11:00:00,982.03
2024-10-05T12:00:00,1005.83
2024-10-05T13:00:00,942.4
2024-10-05T14:00:00,815.3
2024-10-05T15:00:00,629.12
2024-10-05T16:00:00,391.55
2024-10-05T17:00:00,143.48
2024-10-05T18:00:00,0.0
2024-10-05T19:00:00,0.0
2024-10-05T20:00:00,0.0
2024-10-05T21:00:00,0.0
2024-10-05T22:00:00,0.0
2024-10-05T23:00:00,0.0
2024-10-06T00:00:00,0.0
2024-10-06T01:00:00,0.0
2024-10-06T02:00:00,0.0
2024-10-06T03:00:00,0.0
2024-10-06T04:00:00,0.0
2024-10-06T05:00:00,0.0
2024-10-06T06:00:00,39.6
2024-10-06T07:00:00,261.2
2024-10-06T08:00:00,494.2
2024-10-06T09:00:00,697.58
2024-10-06T10:00:00,861.53
2024-10-06T11:00:00,944.38
2024-10-06T12:00:00,922.97
2024-10-06T13:00:00,773.47
2024-10-06T14:00:00,673.92
2024-10-06T15:00:00,556.83
2024-10-06T16:00:00,323.0
2024-10-06T17:00:00,118.28
2024-10-06T18:00:00,0.0
2024-10-06T19:00:00,0.0
2024-10-06T20:00:00,0.0
2024-10-06T21:00:00,0.0
2024-10-06T22:00:00,0.0
2024-10-06T23:00:00,0.0
2024-10-07T00:00:00,0.0
2024-10-07T01:00:00,0.0
2024-10-07T02:00:00,0.0
2024-10-07T03:00:00,0.0
2024-10-07T04:00:00,0.0
2024-10-07T05:00:00,0.0
2024-10-07T06:00:00,37.62
2024-10-07T07:00:00,257.5
2024-10-07T08:00:00,497.0
2024-10-07T09:00:00,714.08
2024-10-07T10:00:00,874.33
2024-10-07T11:00:00,952.05
2024-10-07T12:00:00,972.78
2024-10-07T13:00:00,924.6
2024-10-07T14:00:00,737.8
2024-10-07T15:00:00,529.53
2024-10-07T16:00:00,316.58
2024-10-07T17:00:00,103.2
2024-10-07T18:00:00,0.0
2024-10-07T19:00:00,0.0
2024-10-07T20:00:00,0.0
2024-10-07T21:00:00,0.0
2024-10-07T22:00:00,0.0
2024-10-07T23:00:00,0.0
2024-10-08T00:00:00,0.0
2024-10-08T01:00:00,0.0
2024-10-08T02:00:00,0.0
2024-10-08T03:00:00,0.0
2024-10-08T04:00:00,0.0
2024-10-08T05:00:00,0.0
2024-10-08T06:00:00,36.05
2024-10-08T07:00:00,227.35
2024-10-08T08:00:00,463.42
2024-10-08T09:00:00,702.25
2024-10-08T10:00:00,875.55
2024-10-08T11:00:00,986.03
2024-10-08T12:00:00,1012.0
2024-10-08T13:00:00,943.05
2024-10-08T14:00:00,811.4
2024-10-08T15:00:00,611.58
2024-10-08T16:00:00,371.12
2024-10-08T17:00:00,125.9
2024-10-08T18:00:00,0.0
2024-10-08T19:00:00,0.0
2024-10-08T20:00:00,0.0
2024-10-08T21:00:00,0.0
2024-10-08T22:00:00,0.0
2024-10-08T23:00:00,0.0
2024-10-09T00:00:00,0.0
2024-10-09T01:00:00,0.0
2024-10-09T02:00:00,0.0
2024-10-09T03:00:00,0.0
2024-10-09T04:00:00,0.0
2024-10-09T05:00:00,0.0
2024-10-09T06:00:00,25.7
2024-10-09T07:00:00,185.02
2024-10-09T08:00:00,399.17
2024-10-09T09:00:00,602.42
2024-10-09T10:00:00,754.92
2024-10-09T11:00:00,851.03
2024-10-09T12:00:00,852.45
2024-10-09T13:00:00,798.92
2024-10-09T14:00:00,753.38
2024-10-09T15:00:00,539.7
2024-10-09T16:00:00,319.88
2024-10-09T17:00:00,107.9
2024-10-09T18:00:00,0.0
2024-10-09T19:00:00,0.0
2024-10-09T20:00:00,0.0
2024-10-09T21:00:00,0.0
2024-10-09T22:00:00,0.0
2024-10-09T23:00:00,0.0
2024-10-10T00:00:00,0.0
2024-10-10T01:00:00,0.0
2024-10-10T02:00:00,0.0
2024-10-10T03:00:00,0.0
2024-10-10T04:00:00,0.0
2024-10-10T05:00:00,0.0
2024-10-10T06:00:00,36.95
2024-10-10T07:00:00,246.18
2024-10-10T08:00:00,483.05
2024-10-10T09:00:00,661.0
2024-10-10T10:00:00,799.83
2024-10-10T11:00:00,920.6
2024-10-10T12:00:00,938.4
2024-10-10T13:00:00,892.78
2024-10-10T14:00:00,717.67
2024-10-10T15:00:00,588.4
2024-10-10T16:00:00,337.0
2024-10-10T17:00:00,117.75
2024-10-10T18:00:00,0.0
2024-10-10T19:00:00,0.0
2024-10-10T20:00:00,0.0
2024-10-10T21:00:00,0.0
2024-10-10T22:00:00,0.0
2024-10-10T23:00:00,0.0
2024-10-11T00:00:00,0.0
2024-10-11T01:00:00,0.0
2024-10-11T02:00:00,0.0
2024-10-11T03:00:00,0.0
2024-10-11T04:00:00,0.0
2024-10-11T05:00:00,0.0
2024-10-11T06:00:00,20.52
2024-10-11T07:00:00,184.98
2024-10-11T08:00:00,319.48
2024-10-11T09:00:00,515.55
2024-10-11T10:00:00,659.53
2024-10-11T11:00:00,731.33
2024-10-11T12:00:00,690.35
2024-10-11T13:00:00,755.05
2024-10-11T14:00:00,550.85
2024-10-11T15:00:00,356.83
2024-10-11T16:00:00,207.27
2024-10-11T17:00:00,77.88
2024-10-11T18:00:00,0.0
2024-10-11T19:00:00,0.0
2024-10-11T20:00:00,0.0
2024-10-11T21:00:00,0.0
2024-10-11T22:00:00,0.0
2024-10-11T23:00:00,0.0
2024-10-12T00:00:00,0.0
2024-10-12T01:00:00,0.0
2024-10-12T02:00:00,0.0
2024-10-12T03:00:00,0.0
2024-10-12T04:00:00,0.0
2024-10-12T05:00:00,0.0
2024-10-12T06:00:00,38.3
2024-10-12T07:00:00,259.6
2024-10-12T08:00:00,491.6
2024-10-12T09:00:00,702.17
2024-10-12T10:00:00,878.08
2024-10-12T11:00:00,961.78
2024-10-12T12:00:00,982.25
2024-10-12T13:00:00,875.97
2024-10-12T14:00:00,795.88
2024-10-12T15:00:00,597.17
2024-10-12T16:00:00,357.92
2024-10-12T17:00:00,117.5
2024-10-12T18:00:00,0.0
2024-10-12T19:00:00,0.0
2024-10-12T20:00:00,0.0
2024-10-12T21:00:00,0.0
2024-10-12T22:00:00,0.0
2024-10-12T23:00:00,0.0
2024-10-13T00:00:00,0.0
2024-10-13T01:00:00,0.0
2024-10-13T02:00:00,0.0
2024-10-13T03:00:00,0.0
2024-10-13T04:00:00,0.0
2024-10-13T05:00:00,0.0
2024-10-13T06:00:00,37.2
2024-10-13T07:00:00,247.0
2024-10-13T08:00:00,482.12
2024-10-13T09:00:00,694.53
2024-10-13T10:00:00,853.12
2024-10-13T11:00:00,938.47
2024-10-13T12:00:00,957.65
2024-10-13T13:00:00,895.67
2024-10-13T14:00:00,780.5
2024-10-13T15:00:00,587.15
2024-10-13T16:00:00,353.02
2024-10-13T17:00:00,114.15
2024-10-13T18:00:00,0.0
2024-10-13T19:00:00,0.0
2024-10-13T20:00:00,0.0
2024-10-13T21:00:00,0.0
2024-10-13T22:00:00,0.0
2024-10-13T23:00:00,0.0
2024-10-14T00:00:00,0.0
2024-10-14T01:00:00,0.0
2024-10-14T02:00:00,0.0
2024-10-14T03:00:00,0.0
2024-10-14T04:00:00,0.0
2024-10-14T05:00:00,0.0
2024-10-14T06:00:00,36.1
2024-10-14T07:00:00,258.48
2024-10-14T08:00:00,507.35
2024-10-14T09:00:00,710.38
2024-10-14T10:00:00,882.03
2024-10-14T11:00:00,966.65
2024-10-14T12:00:00,979.67
2024-10-14T13:00:00,910.33
2024-10-14T14:00:00,802.0
2024-10-14T15:00:00,593.92
2024-10-14T16:00:00,362.05
2024-10-14T17:00:00,121.78
2024-10-14T18:00:00,0.0
2024-10-14T19:00:00,0.0
2024-10-14T20:00:00,0.0
2024-10-14T21:00:00,0.0
2024-10-14T22:00:00,0.0
2024-10-14T23:00:00,0.0
2024-10-15T00:00:00,0.0
2024-10-15T01:00:00,0.0
2024-10-15T02:00:00,0.0
2024-10-15T03:00:00,0.0
2024-10-15T04:00:00,0.0
2024-10-15T05:00:00,0.0
2024-10-15T06:00:00,37.97
2024-10-15T07:00:00,252.62
2024-10-15T08:00:00,491.48
2024-10-15T09:00:00,710.28
2024-10-15T10:00:00,871.55
2024-10-15T11:00:00,956.08
2024-10-15T12:00:00,955.12
2024-10-15T13:00:00,869.5
2024-10-15T14:00:00,756.25
2024-10-15T15:00:00,537.0
2024-10-15T16:00:00,306.12
2024-10-15T17:00:00,108.95
2024-10-15T18:00:00,0.0
2024-10-15T19:00:00,0.0
2024-10-15T20:00:00,0.0
2024-10-15T21:00:00,0.0
2024-10-15T22:00:00,0.0
2024-10-15T23:00:00,0.0
2024-10-16T00:00:00,0.0
2024-10-16T01:00:00,0.0
2024-10-16T02:00:00,0.0
2024-10-16T03:00:00,0.0
2024-10-16T04:00:00,0.0
2024-10-16T05:00:00,0.0
2024-10-16T06:00:00,41.95
2024-10-16T07:00:00,248.4
2024-10-16T08:00:00,491.92
2024-10-16T09:00:00,678.92
2024-10-16T10:00:00,871.2
2024-10-16T11:00:00,958.38
2024-10-16T12:00:00,962.08
2024-10-16T13:00:00,821.45
2024-10-16T14:00:00,745.3
2024-10-16T15:00:00,577.95
2024-10-16T16:00:00,340.12
2024-10-16T17:00:00,112.25
2024-10-16T18:00:00,0.0
2024-10-16T19:00:00,0.0
2024-10-16T20:00:00,0.0
2024-10-16T21:00:00,0.0
2024-10-16T22:00:00,0.0
2024-10-16T23:00:00,0.0
2024-10-17T00:00:00,0.0
2024-10-17T01:00:00,0.0
2024-10-17T02:00:00,0.0
2024-10-17T03:00:00,0.0
2024-10-17T04:00:00,0.0
2024-10-17T05:00:00,0.0
2024-10-17T06:00:00,32.88
2024-10-17T07:00:00,233.68
2024-10-17T08:00:00,448.2
2024-10-17T09:00:00,653.75
2024-10-17T10:00:00,813.47
2024-10-17T11:00:00,915.12
2024-10-17T12:00:00,942.38
2024-10-17T13:00:00,728.65
2024-10-17T14:00:00,762.55
2024-10-17T15:00:00,550.2
2024-10-17T16:00:00,321.45
2024-10-17T17:00:00,97.22
2024-10-17T18:00:00,0.0
2024-10-17T19:00:00,0.0
2024-10-17T20:00:00,0.0
2024-10-17T21:00:00,0.0
2024-10-17T22:00:00,0.0
2024-10-17T23:00:00,0.0
2024-10-18T00:00:00,0.0
2024-10-18T01:00:00,0.0
2024-10-18T02:00:00,0.0
2024-10-18T03:00:00,0.0
2024-10-18T04:00:00,0.0
2024-10-18T05:00:00,0.0
2024-10-18T06:00:00,38.58
2024-10-18T07:00:00,266.08
2024-10-18T08:00:00,518.83
2024-10-18T09:00:00,740.7
2024-10-18T10:00:00,896.85
2024-10-18T11:00:00,985.7
2024-10-18T12:00:00,1003.65
2024-10-18T13:00:00,944.53
2024-10-18T14:00:00,797.22
2024-10-18T15:00:00,591.33
2024-10-18T16:00:00,356.75
2024-10-18T17:00:00,115.45
2024-10-18T18:00:00,0.0
2024-10-18T19:00:00,0.0
2024-10-18T20:00:00,0.0
2024-10-18T21:00:00,0.0
2024-10-18T22:00:00,0.0
2024-10-18T23:00:00,0.0
2024-10-19T00:00:00,0.0
2024-10-19T01:00:00,0.0
2024-10-19T02:00:00,0.0
2024-10-19T03:00:00,0.0
2024-10-19T04:00:00,0.0
2024-10-19T05:00:00,0.0
2024-10-19T06:00:00,34.97
2024-10-19T07:00:00,243.12
2024-10-19T08:00:00,495.23
2024-10-19T09:00:00,713.67
2024-10-19T10:00:00,880.97
2024-10-19T11:00:00,965.35
2024-10-19T12:00:00,965.5
2024-10-19T13:00:00,893.58
2024-10-19T14:00:00,729.97
2024-10-19T15:00:00,559.7
2024-10-19T16:00:00,337.75
2024-10-19T17:00:00,109.15
2024-10-19T18:00:00,0.0
2024-10-19T19:00:00,0.0
2024-10-19T20:00:00,0.0
2024-10-19T21:00:00,0.0
2024-10-19T22:00:00,0.0
2024-10-19T23:00:00,0.0
2024-10-20T00:00:00,0.0
2024-10-20T01:00:00,0.0
2024-10-20T02:00:00,0.0
2024-10-20T03:00:00,0.0
2024-10-20T04:00:00,0.0
2024-10-20T05:00:00,0.0
2024-10-20T06:00:00,31.8
2024-10-20T07:00:00,219.52
2024-10-20T08:00:00,442.7
2024-10-20T09:00:00,612.75
2024-10-20T10:00:00,740.22
2024-10-20T11:00:00,882.92
2024-10-20T12:00:00,881.33
2024-10-20T13:00:00,820.03
2024-10-20T14:00:00,712.65
2024-10-20T15:00:00,485.33
2024-10-20T16:00:00,286.25
2024-10-20T17:00:00,89.72
2024-10-20T18:00:00,0.0
2024-10-20T19:00:00,0.0
2024-10-20T20:00:00,0.0
2024-10-20T21:00:00,0.0
2024-10-20T22:00:00,0.0
2024-10-20T23:00:00,0.0
2024-10-21T00:00:00,0.0
2024-10-21T01:00:00,0.0
2024-10-21T02:00:00,0.0
2024-10-21T03:00:00,0.0
2024-10-21T04:00:00,0.0
2024-10-21T05:00:00,0.0
2024-10-21T06:00:00,38.85
2024-10-21T07:00:00,241.43
2024-10-21T08:00:00,469.85
2024-10-21T09:00:00,718.38
2024-10-21T10:00:00,873.78
2024-10-21T11:00:00,972.33
2024-10-21T12:00:00,996.72
2024-10-21T13:00:00,921.2
2024-10-21T14:00:00,784.9
2024-10-21T15:00:00,577.22
2024-10-21T16:00:00,343.15
2024-10-21T17:00:00,116.28
2024-10-21T18:00:00,0.0
2024-10-21T19:00:00,0.0
2024-10-21T20:00:00,0.0
2024-10-21T21:00:00,0.0
2024-10-21T22:00:00,0.0
2024-10-21T23:00:00,0.0
2024-10-22T00:00:00,0.0
2024-10-22T01:00:00,0.0
2024-10-22T02:00:00,0.0
2024-10-22T03:00:00,0.0
2024-10-22T04:00:00,0.0
2024-10-22T05:00:00,0.0
2024-10-22T06:00:00,46.28
2024-10-22T07:00:00,275.1
2024-10-22T08:00:00,515.9
2024-10-22T09:00:00,727.5
2024-10-22T10:00:00,843.42
2024-10-22T11:00:00,931.9
2024-10-22T12:00:00,931.62
2024-10-22T13:00:00,848.33
2024-10-22T14:00:00,730.25
2024-10-22T15:00:00,536.95
2024-10-22T16:00:00,314.62
2024-10-22T17:00:00,91.82
2024-10-22T18:00:00,0.0
2024-10-22T19:00:00,0.0
2024-10-22T20:00:00,0.0
2024-10-22T21:00:00,0.0
2024-10-22T22:00:00,0.0
2024-10-22T23:00:00,0.0
2024-10-23T00:00:00,0.0
2024-10-23T01:00:00,0.0
2024-10-23T02:00:00,0.0
2024-10-23T03:00:00,0.0
2024-10-23T04:00:00,0.0
2024-10-23T05:00:00,0.0
2024-10-23T06:00:00,40.08
2024-10-23T07:00:00,239.85
2024-10-23T08:00:00,483.25
2024-10-23T09:00:00,690.88
2024-10-23T10:00:00,838.47
2024-10-23T11:00:00,948.8
2024-10-23T12:00:00,935.4
2024-10-23T13:00:00,910.03
2024-10-23T14:00:00,775.83
2024-10-23T15:00:00,571.45
2024-10-23T16:00:00,331.88
2024-10-23T17:00:00,111.8
2024-10-23T18:00:00,0.0
2024-10-23T19:00:00,0.0
2024-10-23T20:00:00,0.0
2024-10-23T21:00:00,0.0
2024-10-23T22:00:00,0.0
2024-10-23T23:00:00,0.0
2024-10-24T00:00:00,0.0
2024-10-24T01:00:00,0.0
2024-10-24T02:00:00,0.0
2024-10-24T03:00:00,0.0
2024-10-24T04:00:00,0.0
2024-10-24T05:00:00,0.0
2024-10-24T06:00:00,37.47
2024-10-24T07:00:00,247.85
2024-10-24T08:00:00,488.65
2024-10-24T09:00:00,683.17
2024-10-24T10:00:00,833.3
2024-10-24T11:00:00,943.5
2024-10-24T12:00:00,967.83
2024-10-24T13:00:00,933.58
2024-10-24T14:00:00,766.33
2024-10-24T15:00:00,580.25
2024-10-24T16:00:00,320.2
2024-10-24T17:00:00,94.55
2024-10-24T18:00:00,0.0
2024-10-24T19:00:00,0.0
2024-10-24T20:00:00,0.0
2024-10-24T21:00:00,0.0
2024-10-24T22:00:00,0.0
2024-10-24T23:00:00,0.0
2024-10-25T00:00:00,0.0
2024-10-25T01:00:00,0.0
2024-10-25T02:00:00,0.0
2024-10-25T03:00:00,0.0
2024-10-25T04:00:00,0.0
2024-10-25T05:00:00,0.0
2024-10-25T06:00:00,42.65
2024-10-25T07:00:00,269.38
2024-10-25T08:00:00,515.65
2024-10-25T09:00:00,702.12
2024-10-25T10:00:00,868.47
2024-10-25T11:00:00,962.5
2024-10-25T12:00:00,971.97
2024-10-25T13:00:00,857.2
2024-10-25T14:00:00,748.08
2024-10-25T15:00:00,569.58
2024-10-25T16:00:00,315.88
2024-10-25T17:00:00,93.1
2024-10-25T18:00:00,0.0
2024-10-25T19:00:00,0.0
2024-10-25T20:00:00,0.0
2024-10-25T21:00:00,0.0
2024-10-25T22:00:00,0.0
2024-10-25T23:00:00,0.0
2024-10-26T00:00:00,0.0
2024-10-26T01:00:00,0.0
2024-10-26T02:00:00,0.0
2024-10-26T03:00:00,0.0
2024-10-26T04:00:00,0.0
2024-10-26T05:00:00,0.0
2024-10-26T06:00:00,36.62
2024-10-26T07:00:00,227.55
2024-10-26T08:00:00,456.65
2024-10-26T09:00:00,675.0
2024-10-26T10:00:00,836.92
2024-10-26T11:00:00,915.92
2024-10-26T12:00:00,930.08
2024-10-26T13:00:00,886.17
2024-10-26T14:00:00,754.08
2024-10-26T15:00:00,572.7
2024-10-26T16:00:00,342.05
2024-10-26T17:00:00,106.82
2024-10-26T18:00:00,0.0
2024-10-26T19:00:00,0.0
2024-10-26T20:00:00,0.0
2024-10-26T21:00:00,0.0
2024-10-26T22:00:00,0.0
2024-10-26T23:00:00,0.0
2024-10-27T00:00:00,0.0
2024-10-27T01:00:00,0.0
2024-10-27T02:00:00,0.0
2024-10-27T03:00:00,0.0
2024-10-27T04:00:00,0.0
2024-10-27T05:00:00,0.0
2024-10-27T06:00:00,45.25
2024-10-27T07:00:00,273.33
2024-10-27T08:00:00,534.2
2024-10-27T09:00:00,750.85
2024-10-27T10:00:00,906.9
2024-10-27T11:00:00,977.05
2024-10-27T12:00:00,969.8
2024-10-27T13:00:00,914.67
2024-10-27T14:00:00,775.17
2024-10-27T15:00:00,566.72
2024-10-27T16:00:00,317.58
2024-10-27T17:00:00,100.93
2024-10-27T18:00:00,0.0
2024-10-27T19:00:00,0.0
2024-10-27T20:00:00,0.0
2024-10-27T21:00:00,0.0
2024-10-27T22:00:00,0.0
2024-10-27T23:00:00,0.0
2024-10-28T00:00:00,0.0
2024-10-28T01:00:00,0.0
2024-10-28T02:00:00,0.0
2024-10-28T03:00:00,0.0
2024-10-28T04:00:00,0.0
2024-10-28T05:00:00,0.0
2024-10-28T06:00:00,31.3
2024-10-28T07:00:00,224.93
2024-10-28T08:00:00,442.65
2024-10-28T09:00:00,673.92
2024-10-28T10:00:00,843.28
2024-10-28T11:00:00,933.5
2024-10-28T12:00:00,973.85
2024-10-28T13:00:00,861.12
2024-10-28T14:00:00,777.38
2024-10-28T15:00:00,584.72
2024-10-28T16:00:00,348.38
2024-10-28T17:00:00,108.28
2024-10-28T18:00:00,0.0
2024-10-28T19:00:00,0.0
2024-10-28T20:00:00,0.0
2024-10-28T21:00:00,0.0
2024-10-28T22:00:00,0.0
2024-10-28T23:00:00,0.0
2024-10-29T00:00:00,0.0
2024-10-29T01:00:00,0.0
2024-10-29T02:00:00,0.0
2024-10-29T03:00:00,0.0
2024-10-29T04:00:00,0.0
2024-10-29T05:00:00,0.0
2024-10-29T06:00:00,40.5
2024-10-29T07:00:00,269.6
2024-10-29T08:00:00,506.52
2024-10-29T09:00:00,718.12
2024-10-29T10:00:00,873.4
2024-10-29T11:00:00,944.1
2024-10-29T12:00:00,959.58
2024-10-29T13:00:00,894.17
2024-10-29T14:00:00,657.8
2024-10-29T15:00:00,566.6
2024-10-29T16:00:00,305.08
2024-10-29T17:00:00,92.8
2024-10-29T18:00:00,0.0
2024-10-29T19:00:00,0.0
2024-10-29T20:00:00,0.0
2024-10-29T21:00:00,0.0
2024-10-29T22:00:00,0.0
2024-10-29T23:00:00,0.0
2024-10-30T00:00:00,0.0
2024-10-30T01:00:00,0.0
2024-10-30T02:00:00,0.0
2024-10-30T03:00:00,0.0
2024-10-30T04:00:00,0.0
2024-10-30T05:00:00,0.0
2024-10-30T06:00:00,43.72
2024-10-30T07:00:00,267.5
2024-10-30T08:00:00,514.05
2024-10-30T09:00:00,737.03
2024-10-30T10:00:00,894.7
2024-10-30T11:00:00,984.05
2024-10-30T12:00:00,997.58
2024-10-30T13:00:00,928.28
2024-10-30T14:00:00,783.3
2024-10-30T15:00:00,571.6
2024-10-30T16:00:00,345.5
2024-10-30T17:00:00,109.97
2024-10-30T18:00:00,0.0
2024-10-30T19:00:00,0.0
2024-10-30T20:00:00,0.0
2024-10-30T21:00:00,0.0
2024-10-30T22:00:00,0.0
2024-10-30T23:00:00,0.0
2024-10-31T00:00:00,0.0
2024-10-31T01:00:00,0.0
2024-10-31T02:00:00,0.0
2024-10-31T03:00:00,0.0
2024-10-31T04:00:00,0.0
2024-10-31T05:00:00,0.0
2024-10-31T06:00:00,48.5
2024-10-31T07:00:00,283.38
2024-10-31T08:00:00,535.0
2024-10-31T09:00:00,739.12
2024-10-31T10:00:00,891.7
2024-10-31T11:00:00,982.25
2024-10-31T12:00:00,998.72
2024-10-31T13:00:00,929.08
2024-10-31T14:00:00,793.38
2024-10-31T15:00:00,592.7
2024-10-31T16:00:00,358.6
2024-10-31T17:00:00,114.07
2024-10-31T18:00:00,0.0
2024-10-31T19:00:00,0.0
2024-10-31T20:00:00,0.0
2024-10-31T21:00:00,0.0
2024-10-31T22:00:00,0.0
2024-10-31T23:00:00,0.0
2024-11-01T00:00:00,0.0
2024-11-01T01:00:00,0.0
2024-11-01T02:00:00,0.0
2024-11-01T03:00:00,0.0
2024-11-01T04:00:00,0.0
2024-11-01T05:00:00,0.0
2024-11-01T06:00:00,45.65
2024-11-01T07:00:00,276.05
2024-11-01T08:00:00,531.47
2024-11-01T09:00:00,732.78
2024-11-01T10:00:00,893.7
2024-11-01T11:00:00,976.3
2024-11-01T12:00:00,973.45
2024-11-01T13:00:00,891.78
2024-11-01T14:00:00,745.35
2024-11-01T15:00:00,549.15
2024-11-01T16:00:00,328.23
2024-11-01T17:00:00,107.03
2024-11-01T18:00:00,0.0
2024-11-01T19:00:00,0.0
2024-11-01T20:00:00,0.0
2024-11-01T21:00:00,0.0
2024-11-01T22:00:00,0.0
2024-11-01T23:00:00,0.0
2024-11-02T00:00:00,0.0
2024-11-02T01:00:00,0.0
2024-11-02T02:00:00,0.0
2024-11-02T03:00:00,0.0
2024-11-02T04:00:00,0.0
2024-11-02T05:00:00,0.0
2024-11-02T06:00:00,44.22
2024-11-02T07:00:00,265.33
2024-11-02T08:00:00,503.4
2024-11-02T09:00:00,719.12
2024-11-02T10:00:00,859.8
2024-11-02T11:00:00,934.1
2024-11-02T12:00:00,920.08
2024-11-02T13:00:00,799.7
2024-11-02T14:00:00,694.88
2024-11-02T15:00:00,500.4
2024-11-02T16:00:00,282.15
2024-11-02T17:00:00,86.55
2024-11-02T18:00:00,0.0
2024-11-02T19:00:00,0.0
2024-11-02T20:00:00,0.0
2024-11-02T21:00:00,0.0
2024-11-02T22:00:00,0.0
2024-11-02T23:00:00,0.0
2024-11-03T00:00:00,0.0
2024-11-03T01:00:00,0.0
2024-11-03T02:00:00,0.0
2024-11-03T03:00:00,0.0
2024-11-03T04:00:00,0.0
2024-11-03T05:00:00,0.0
2024-11-03T06:00:00,45.33
2024-11-03T07:00:00,277.9
2024-11-03T08:00:00,517.65
2024-11-03T09:00:00,732.62
2024-11-03T10:00:00,879.88
2024-11-03T11:00:00,966.9
2024-11-03T12:00:00,987.58
2024-11-03T13:00:00,913.3
2024-11-03T14:00:00,771.55
2024-11-03T15:00:00,551.38
2024-11-03T16:00:00,313.7
2024-11-03T17:00:00,94.8
2024-11-03T18:00:00,0.0
2024-11-03T19:00:00,0.0
2024-11-03T20:00:00,0.0
2024-11-03T21:00:00,0.0
2024-11-03T22:00:00,0.0
2024-11-03T23:00:00,0.0
2024-11-04T00:00:00,0.0
2024-11-04T01:00:00,0.0
2024-11-04T02:00:00,0.0
2024-11-04T03:00:00,0.0
2024-11-04T04:00:00,0.0
2024-11-04T05:00:00,0.0
2024-11-04T06:00:00,40.35
2024-11-04T07:00:00,257.12
2024-11-04T08:00:00,497.05
2024-11-04T09:00:00,701.42
2024-11-04T10:00:00,842.05
2024-11-04T11:00:00,916.8
2024-11-04T12:00:00,950.35
2024-11-04T13:00:00,919.92
2024-11-04T14:00:00,780.95
2024-11-04T15:00:00,584.05
2024-11-04T16:00:00,344.67
2024-11-04T17:00:00,112.12
2024-11-04T18:00:00,0.0
2024-11-04T19:00:00,0.0
2024-11-04T20:00:00,0.0
2024-11-04T21:00:00,0.0
2024-11-04T22:00:00,0.0
2024-11-04T23:00:00,0.0
2024-11-05T00:00:00,0.0
2024-11-05T01:00:00,0.0
2024-11-05T02:00:00,0.0
2024-11-05T03:00:00,0.0
2024-11-05T04:00:00,0.0
2024-11-05T05:00:00,0.0
2024-11-05T06:00:00,46.25
2024-11-05T07:00:00,269.85
2024-11-05T08:00:00,508.73
2024-11-05T09:00:00,709.0
2024-11-05T10:00:00,853.2
2024-11-05T11:00:00,943.38
2024-11-05T12:00:00,951.53
2024-11-05T13:00:00,863.42
2024-11-05T14:00:00,743.75
2024-11-05T15:00:00,548.9
2024-11-05T16:00:00,261.83
2024-11-05T17:00:00,76.93
2024-11-05T18:00:00,0.0
2024-11-05T19:00:00,0.0
2024-11-05T20:00:00,0.0
2024-11-05T21:00:00,0.0
2024-11-05T22:00:00,0.0
2024-11-05T23:00:00,0.0
2024-11-06T00:00:00,0.0
2024-11-06T01:00:00,0.0
2024-11-06T02:00:00,0.0
2024-11-06T03:00:00,0.0
2024-11-06T04:00:00,0.0
2024-11-06T05:00:00,0.0
2024-11-06T06:00:00,40.38
2024-11-06T07:00:00,250.95
2024-11-06T08:00:00,489.17
2024-11-06T09:00:00,702.55
2024-11-06T10:00:00,860.28
2024-11-06T11:00:00,933.25
2024-11-06T12:00:00,947.9
2024-11-06T13:00:00,902.28
2024-11-06T14:00:00,747.92
2024-11-06T15:00:00,569.9
2024-11-06T16:00:00,339.48
2024-11-06T17:00:00,101.0
2024-11-06T18:00:00,0.0
2024-11-06T19:00:00,0.0
2024-11-06T20:00:00,0.0
2024-11-06T21:00:00,0.0
2024-11-06T22:00:00,0.0
2024-11-06T23:00:00,0.0
2024-11-07T00:00:00,0.0
2024-11-07T01:00:00,0.0
2024-11-07T02:00:00,0.0
2024-11-07T03:00:00,0.0
2024-11-07T04:00:00,0.0
2024-11-07T05:00:00,0.0
2024-11-07T06:00:00,23.3
2024-11-07T07:00:00,141.8
2024-11-07T08:00:00,315.62
2024-11-07T09:00:00,508.05
2024-11-07T10:00:00,668.62
2024-11-07T11:00:00,763.17
2024-11-07T12:00:00,767.5
2024-11-07T13:00:00,680.2
2024-11-07T14:00:00,576.8
2024-11-07T15:00:00,384.55
2024-11-07T16:00:00,211.27
2024-11-07T17:00:00,44.88
2024-11-07T18:00:00,0.0
2024-11-07T19:00:00,0.0
2024-11-07T20:00:00,0.0
2024-11-07T21:00:00,0.0
2024-11-07T22:00:00,0.0
2024-11-07T23:00:00,0.0
2024-11-08T00:00:00,0.0
2024-11-08T01:00:00,0.0
2024-11-08T02:00:00,0.0
2024-11-08T03:00:00,0.0
2024-11-08T04:00:00,0.0
2024-11-08T05:00:00,0.0
2024-11-08T06:00:00,42.88
2024-11-08T07:00:00,250.85
2024-11-08T08:00:00,480.3
2024-11-08T09:00:00,702.62
2024-11-08T10:00:00,864.08
2024-11-08T11:00:00,930.88
2024-11-08T12:00:00,969.47
2024-11-08T13:00:00,913.53
2024-11-08T14:00:00,788.83
2024-11-08T15:00:00,593.17
2024-11-08T16:00:00,360.62
2024-11-08T17:00:00,110.2
2024-11-08T18:00:00,0.0
2024-11-08T19:00:00,0.0
2024-11-08T20:00:00,0.0
2024-11-08T21:00:00,0.0
2024-11-08T22:00:00,0.0
2024-11-08T23:00:00,0.0
2024-11-09T00:00:00,0.0
2024-11-09T01:00:00,0.0
2024-11-09T02:00:00,0.0
2024-11-09T03:00:00,0.0
2024-11-09T04:00:00,0.0
2024-11-09T05:00:00,0.0
2024-11-09T06:00:00,47.28
2024-11-09T07:00:00,284.55
2024-11-09T08:00:00,533.9
2024-11-09T09:00:00,747.0
2024-11-09T10:00:00,902.3
2024-11-09T11:00:00,985.08
2024-11-09T12:00:00,974.65
2024-11-09T13:00:00,916.3
2024-11-09T14:00:00,730.17
2024-11-09T15:00:00,508.67
2024-11-09T16:00:00,281.95
2024-11-09T17:00:00,78.2
2024-11-09T18:00:00,0.0
2024-11-09T19:00:00,0.0
2024-11-09T20:00:00,0.0
2024-11-09T21:00:00,0.0
2024-11-09T22:00:00,0.0
2024-11-09T23:00:00,0.0
2024-11-10T00:00:00,0.0
2024-11-10T01:00:00,0.0
2024-11-10T02:00:00,0.0
2024-11-10T03:00:00,0.0
2024-11-10T04:00:00,0.0
2024-11-10T05:00:00,0.0
2024-11-10T06:00:00,28.67
2024-11-10T07:00:00,193.25
2024-11-10T08:00:00,412.25
2024-11-10T09:00:00,629.42
2024-11-10T10:00:00,788.47
2024-11-10T11:00:00,828.12
2024-11-10T12:00:00,838.83
2024-11-10T13:00:00,726.5
2024-11-10T14:00:00,576.75
2024-11-10T15:00:00,397.9
2024-11-10T16:00:00,221.52
2024-11-10T17:00:00,57.65
2024-11-10T18:00:00,0.0
2024-11-10T19:00:00,0.0
2024-11-10T20:00:00,0.0
2024-11-10T21:00:00,0.0
2024-11-10T22:00:00,0.0
2024-11-10T23:00:00,0.0
2024-11-11T00:00:00,0.0
2024-11-11T01:00:00,0.0
2024-11-11T02:00:00,0.0
2024-11-11T03:00:00,0.0
2024-11-11T04:00:00,0.0
2024-11-11T05:00:00,0.0
2024-11-11T06:00:00,32.45
2024-11-11T07:00:00,236.3
2024-11-11T08:00:00,470.15
2024-11-11T09:00:00,676.4
2024-11-11T10:00:00,835.95
2024-11-11T11:00:00,934.08
2024-11-11T12:00:00,959.53
2024-11-11T13:00:00,896.65
2024-11-11T14:00:00,776.55
2024-11-11T15:00:00,569.15
2024-11-11T16:00:00,342.75
2024-11-11T17:00:00,109.05
2024-11-11T18:00:00,0.0
2024-11-11T19:00:00,0.0
2024-11-11T20:00:00,0.0
2024-11-11T21:00:00,0.0
2024-11-11T22:00:00,0.0
2024-11-11T23:00:00,0.0
2024-11-12T00:00:00,0.0
2024-11-12T01:00:00,0.0
2024-11-12T02:00:00,0.0
2024-11-12T03:00:00,0.0
2024-11-12T04:00:00,0.0
2024-11-12T05:00:00,0.0
2024-11-12T06:00:00,43.97
2024-11-12T07:00:00,273.9
2024-11-12T08:00:00,514.47
2024-11-12T09:00:00,719.22
2024-11-12T10:00:00,868.88
2024-11-12T11:00:00,910.05
2024-11-12T12:00:00,935.33
2024-11-12T13:00:00,813.55
2024-11-12T14:00:00,733.75
2024-11-12T15:00:00,552.8
2024-11-12T16:00:00,332.83
2024-11-12T17:00:00,112.1
2024-11-12T18:00:00,0.0
2024-11-12T19:00:00,0.0
2024-11-12T20:00:00,0.0
2024-11-12T21:00:00,0.0
2024-11-12T22:00:00,0.0
2024-11-12T23:00:00,0.0
2024-11-13T00:00:00,0.0
2024-11-13T01:00:00,0.0
2024-11-13T02:00:00,0.0
2024-11-13T03:00:00,0.0
2024-11-13T04:00:00,0.0
2024-11-13T05:00:00,0.0
2024-11-13T06:00:00,41.47
2024-11-13T07:00:00,244.93
2024-11-13T08:00:00,492.3
2024-11-13T09:00:00,708.83
2024-11-13T10:00:00,841.15
2024-11-13T11:00:00,927.95
2024-11-13T12:00:00,920.2
2024-11-13T13:00:00,859.42
2024-11-13T14:00:00,736.3
2024-11-13T15:00:00,563.35
2024-11-13T16:00:00,341.1
2024-11-13T17:00:00,110.75
2024-11-13T18:00:00,0.0
2024-11-13T19:00:00,0.0
2024-11-13T20:00:00,0.0
2024-11-13T21:00:00,0.0
2024-11-13T22:00:00,0.0
2024-11-13T23:00:00,0.0
2024-11-14T00:00:00,0.0
2024-11-14T01:00:00,0.0
2024-11-14T02:00:00,0.0
2024-11-14T03:00:00,0.0
2024-11-14T04:00:00,0.0
2024-11-14T05:00:00,0.0
2024-11-14T06:00:00,42.88
2024-11-14T07:00:00,251.62
2024-11-14T08:00:00,491.88
2024-11-14T09:00:00,703.8
2024-11-14T10:00:00,855.9
2024-11-14T11:00:00,946.6
2024-11-14T12:00:00,979.53
2024-11-14T13:00:00,917.78
2024-11-14T14:00:00,783.42
2024-11-14T15:00:00,597.15
2024-11-14T16:00:00,364.4
2024-11-14T17:00:00,116.65
2024-11-14T18:00:00,0.0
2024-11-14T19:00:00,0.0
2024-11-14T20:00:00,0.0
2024-11-14T21:00:00,0.0
2024-11-14T22:00:00,0.0
2024-11-14T23:00:00,0.0
2024-11-15T00:00:00,0.0
2024-11-15T01:00:00,0.0
2024-11-15T02:00:00,0.0
2024-11-15T03:00:00,0.0
2024-11-15T04:00:00,0.0
2024-11-15T05:00:00,0.0
2024-11-15T06:00:00,39.9
2024-11-15T07:00:00,231.43
2024-11-15T08:00:00,484.42
2024-11-15T09:00:00,694.55
2024-11-15T10:00:00,840.17
2024-11-15T11:00:00,946.28
2024-11-15T12:00:00,986.17
2024-11-15T13:00:00,927.75
2024-11-15T14:00:00,793.88
2024-11-15T15:00:00,595.85
2024-11-15T16:00:00,359.6
2024-11-15T17:00:00,116.25
2024-11-15T18:00:00,0.0
2024-11-15T19:00:00,0.0
2024-11-15T20:00:00,0.0
2024-11-15T21:00:00,0.0
2024-11-15T22:00:00,0.0
2024-11-15T23:00:00,0.0
2024-11-16T00:00:00,0.0
2024-11-16T01:00:00,0.0
2024-11-16T02:00:00,0.0
2024-11-16T03:00:00,0.0
2024-11-16T04:00:00,0.0
2024-11-16T05:00:00,0.0
2024-11-16T06:00:00,42.83
2024-11-16T07:00:00,268.85
2024-11-16T08:00:00,514.28
2024-11-16T09:00:00,722.35
2024-11-16T10:00:00,882.6
2024-11-16T11:00:00,951.7
2024-11-16T12:00:00,954.92
2024-11-16T13:00:00,859.75
2024-11-16T14:00:00,744.92
2024-11-16T15:00:00,564.42
2024-11-16T16:00:00,340.05
2024-11-16T17:00:00,108.47
2024-11-16T18:00:00,0.0
2024-11-16T19:00:00,0.0
2024-11-16T20:00:00,0.0
2024-11-16T21:00:00,0.0
2024-11-16T22:00:00,0.0
2024-11-16T23:00:00,0.0
2024-11-17T00:00:00,0.0
2024-11-17T01:00:00,0.0
2024-11-17T02:00:00,0.0
2024-11-17T03:00:00,0.0
2024-11-17T04:00:00,0.0
2024-11-17T05:00:00,0.0
2024-11-17T06:00:00,29.77
2024-11-17T07:00:00,182.95
2024-11-17T08:00:00,370.12
2024-11-17T09:00:00,550.1
2024-11-17T10:00:00,711.03
2024-11-17T11:00:00,864.45
2024-11-17T12:00:00,898.47
2024-11-17T13:00:00,852.05
2024-11-17T14:00:00,735.67
2024-11-17T15:00:00,553.7
2024-11-17T16:00:00,327.67
2024-11-17T17:00:00,102.2
2024-11-17T18:00:00,0.0
2024-11-17T19:00:00,0.0
2024-11-17T20:00:00,0.0
2024-11-17T21:00:00,0.0
2024-11-17T22:00:00,0.0
2024-11-17T23:00:00,0.0
2024-11-18T00:00:00,0.0
2024-11-18T01:00:00,0.0
2024-11-18T02:00:00,0.0
2024-11-18T03:00:00,0.0
2024-11-18T04:00:00,0.0
2024-11-18T05:00:00,0.0
2024-11-18T06:00:00,28.02
2024-11-18T07:00:00,189.43
2024-11-18T08:00:00,379.42
2024-11-18T09:00:00,587.2
2024-11-18T10:00:00,718.83
2024-11-18T11:00:00,809.33
2024-11-18T12:00:00,872.5
2024-11-18T13:00:00,809.35
2024-11-18T14:00:00,728.72
2024-11-18T15:00:00,550.88
2024-11-18T16:00:00,327.4
2024-11-18T17:00:00,97.05
2024-11-18T18:00:00,0.0
2024-11-18T19:00:00,0.0
2024-11-18T20:00:00,0.0
2024-11-18T21:00:00,0.0
2024-11-18T22:00:00,0.0
2024-11-18T23:00:00,0.0
2024-11-19T00:00:00,0.0
2024-11-19T01:00:00,0.0
2024-11-19T02:00:00,0.0
2024-11-19T03:00:00,0.0
2024-11-19T04:00:00,0.0
2024-11-19T05:00:00,0.0
2024-11-19T06:00:00,27.48
2024-11-19T07:00:00,207.05
2024-11-19T08:00:00,429.77
2024-11-19T09:00:00,657.75
2024-11-19T10:00:00,834.92
2024-11-19T11:00:00,949.25
2024-11-19T12:00:00,971.38
2024-11-19T13:00:00,904.5
2024-11-19T14:00:00,763.78
2024-11-19T15:00:00,577.97
2024-11-19T16:00:00,339.55
2024-11-19T17:00:00,107.4
2024-11-19T18:00:00,0.0
2024-11-19T19:00:00,0.0
2024-11-19T20:00:00,0.0
2024-11-19T21:00:00,0.0
2024-11-19T22:00:00,0.0
2024-11-19T23:00:00,0.0
2024-11-20T00:00:00,0.0
2024-11-20T01:00:00,0.0
2024-11-20T02:00:00,0.0
2024-11-20T03:00:00,0.0
2024-11-20T04:00:00,0.0
2024-11-20T05:00:00,0.0
2024-11-20T06:00:00,38.1
2024-11-20T07:00:00,257.88
2024-11-20T08:00:00,504.0
2024-11-20T09:00:00,712.72
2024-11-20T10:00:00,864.15
2024-11-20T11:00:00,951.55
2024-11-20T12:00:00,975.7
2024-11-20T13:00:00,909.65
2024-11-20T14:00:00,766.95
2024-11-20T15:00:00,566.9
2024-11-20T16:00:00,344.25
2024-11-20T17:00:00,112.53
2024-11-20T18:00:00,0.0
2024-11-20T19:00:00,0.0
2024-11-20T20:00:00,0.0
2024-11-20T21:00:00,0.0
2024-11-20T22:00:00,0.0
2024-11-20T23:00:00,0.0
2024-11-21T00:00:00,0.0
2024-11-21T01:00:00,0.0
2024-11-21T02:00:00,0.0
2024-11-21T03:00:00,0.0
2024-11-21T04:00:00,0.0
2024-11-21T05:00:00,0.0
2024-11-21T06:00:00,38.12
2024-11-21T07:00:00,241.25
2024-11-21T08:00:00,482.23
2024-11-21T09:00:00,698.88
2024-11-21T10:00:00,852.45
2024-11-21T11:00:00,949.83
2024-11-21T12:00:00,976.67
2024-11-21T13:00:00,911.6
2024-11-21T14:00:00,781.65
2024-11-21T15:00:00,589.8
2024-11-21T16:00:00,359.1
2024-11-21T17:00:00,117.78
2024-11-21T18:00:00,0.0
2024-11-21T19:00:00,0.0
2024-11-21T20:00:00,0.0
2024-11-21T21:00:00,0.0
2024-11-21T22:00:00,0.0
2024-11-21T23:00:00,0.0
2024-11-22T00:00:00,0.0
2024-11-22T01:00:00,0.0
2024-11-22T02:00:00,0.0
2024-11-22T03:00:00,0.0
2024-11-22T04:00:00,0.0
2024-11-22T05:00:00,0.0
2024-11-22T06:00:00,35.3
2024-11-22T07:00:00,219.23
2024-11-22T08:00:00,420.12
2024-11-22T09:00:00,651.53
2024-11-22T10:00:00,784.5
2024-11-22T11:00:00,907.03
2024-11-22T12:00:00,931.92
2024-11-22T13:00:00,826.58
2024-11-22T14:00:00,701.78
2024-11-22T15:00:00,455.92
2024-11-22T16:00:00,230.68
2024-11-22T17:00:00,72.57
2024-11-22T18:00:00,0.0
2024-11-22T19:00:00,0.0
2024-11-22T20:00:00,0.0
2024-11-22T21:00:00,0.0
2024-11-22T22:00:00,0.0
2024-11-22T23:00:00,0.0
2024-11-23T00:00:00,0.0
2024-11-23T01:00:00,0.0
2024-11-23T02:00:00,0.0
2024-11-23T03:00:00,0.0
2024-11-23T04:00:00,0.0
2024-11-23T05:00:00,0.0
2024-11-23T06:00:00,29.65
2024-11-23T07:00:00,212.4
2024-11-23T08:00:00,429.77
2024-11-23T09:00:00,651.35
2024-11-23T10:00:00,802.75
2024-11-23T11:00:00,852.85
2024-11-23T12:00:00,834.2
2024-11-23T13:00:00,831.33
2024-11-23T14:00:00,681.17
2024-11-23T15:00:00,529.65
2024-11-23T16:00:00,319.83
2024-11-23T17:00:00,103.45
2024-11-23T18:00:00,0.0
2024-11-23T19:00:00,0.0
2024-11-23T20:00:00,0.0
2024-11-23T21:00:00,0.0
2024-11-23T22:00:00,0.0
2024-11-23T23:00:00,0.0
2024-11-24T00:00:00,0.0
2024-11-24T01:00:00,0.0
2024-11-24T02:00:00,0.0
2024-11-24T03:00:00,0.0
2024-11-24T04:00:00,0.0
2024-11-24T05:00:00,0.0
2024-11-24T06:00:00,35.22
2024-11-24T07:00:00,243.12
2024-11-24T08:00:00,476.12
2024-11-24T09:00:00,692.9
2024-11-24T10:00:00,842.8
2024-11-24T11:00:00,932.22
2024-11-24T12:00:00,930.38
2024-11-24T13:00:00,883.15
2024-11-24T14:00:00,711.22
2024-11-24T15:00:00,543.5
2024-11-24T16:00:00,303.88
2024-11-24T17:00:00,99.18
2024-11-24T18:00:00,0.0
2024-11-24T19:00:00,0.0
2024-11-24T20:00:00,0.0
2024-11-24T21:00:00,0.0
2024-11-24T22:00:00,0.0
2024-11-24T23:00:00,0.0
2024-11-25T00:00:00,0.0
2024-11-25T01:00:00,0.0
2024-11-25T02:00:00,0.0
2024-11-25T03:00:00,0.0
2024-11-25T04:00:00,0.0
2024-11-25T05:00:00,0.0
2024-11-25T06:00:00,30.4
2024-11-25T07:00:00,219.62
2024-11-25T08:00:00,449.8
2024-11-25T09:00:00,659.17
2024-11-25T10:00:00,828.17
2024-11-25T11:00:00,920.53
2024-11-25T12:00:00,934.12
2024-11-25T13:00:00,882.55
2024-11-25T14:00:00,761.78
2024-11-25T15:00:00,568.3
2024-11-25T16:00:00,343.75
2024-11-25T17:00:00,113.28
2024-11-25T18:00:00,0.0
2024-11-25T19:00:00,0.0
2024-11-25T20:00:00,0.0
2024-11-25T21:00:00,0.0
2024-11-25T22:00:00,0.0
2024-11-25T23:00:00,0.0
2024-11-26T00:00:00,0.0
2024-11-26T01:00:00,0.0
2024-11-26T02:00:00,0.0
2024-11-26T03:00:00,0.0
2024-11-26T04:00:00,0.0
2024-11-26T05:00:00,0.0
2024-11-26T06:00:00,27.83
2024-11-26T07:00:00,189.6
2024-11-26T08:00:00,440.23
2024-11-26T09:00:00,643.58
2024-11-26T10:00:00,810.8
2024-11-26T11:00:00,917.05
2024-11-26T12:00:00,914.2
2024-11-26T13:00:00,846.05
2024-11-26T14:00:00,748.78
2024-11-26T15:00:00,558.8
2024-11-26T16:00:00,316.45
2024-11-26T17:00:00,106.25
2024-11-26T18:00:00,0.0
2024-11-26T19:00:00,0.0
2024-11-26T20:00:00,0.0
2024-11-26T21:00:00,0.0
2024-11-26T22:00:00,0.0
2024-11-26T23:00:00,0.0
2024-11-27T00:00:00,0.0
2024-11-27T01:00:00,0.0
2024-11-27T02:00:00,0.0
2024-11-27T03:00:00,0.0
2024-11-27T04:00:00,0.0
2024-11-27T05:00:00,0.0
2024-11-27T06:00:00,26.5
2024-11-27T07:00:00,202.68
2024-11-27T08:00:00,443.65
2024-11-27T09:00:00,664.97
2024-11-27T10:00:00,833.05
2024-11-27T11:00:00,935.78
2024-11-27T12:00:00,963.47
2024-11-27T13:00:00,904.5
2024-11-27T14:00:00,776.47
2024-11-27T15:00:00,585.7
2024-11-27T16:00:00,350.98
2024-11-27T17:00:00,117.5
2024-11-27T18:00:00,0.0
2024-11-27T19:00:00,0.0
2024-11-27T20:00:00,0.0
2024-11-27T21:00:00,0.0
2024-11-27T22:00:00,0.0
2024-11-27T23:00:00,0.0
2024-11-28T00:00:00,0.0
2024-11-28T01:00:00,0.0
2024-11-28T02:00:00,0.0
2024-11-28T03:00:00,0.0
2024-11-28T04:00:00,0.0
2024-11-28T05:00:00,0.0
2024-11-28T06:00:00,28.52
2024-11-28T07:00:00,216.7
2024-11-28T08:00:00,442.67
2024-11-28T09:00:00,658.28
2024-11-28T10:00:00,813.83
2024-11-28T11:00:00,905.25
2024-11-28T12:00:00,933.4
2024-11-28T13:00:00,830.58
2024-11-28T14:00:00,662.25
2024-11-28T15:00:00,428.85
2024-11-28T16:00:00,238.5
2024-11-28T17:00:00,78.15
2024-11-28T18:00:00,0.0
2024-11-28T19:00:00,0.0
2024-11-28T20:00:00,0.0
2024-11-28T21:00:00,0.0
2024-11-28T22:00:00,0.0
2024-11-28T23:00:00,0.0
2024-11-29T00:00:00,0.0
2024-11-29T01:00:00,0.0
2024-11-29T02:00:00,0.0
2024-11-29T03:00:00,0.0
2024-11-29T04:00:00,0.0
2024-11-29T05:00:00,0.0
2024-11-29T06:00:00,17.62
2024-11-29T07:00:00,138.88
2024-11-29T08:00:00,333.45
2024-11-29T09:00:00,474.98
2024-11-29T10:00:00,562.8
2024-11-29T11:00:00,653.35
2024-11-29T12:00:00,700.45
2024-11-29T13:00:00,661.92
2024-11-29T14:00:00,582.6
2024-11-29T15:00:00,451.83
2024-11-29T16:00:00,258.0
2024-11-29T17:00:00,84.45
2024-11-29T18:00:00,0.0
2024-11-29T19:00:00,0.0
2024-11-29T20:00:00,0.0
2024-11-29T21:00:00,0.0
2024-11-29T22:00:00,0.0
2024-11-29T23:00:00,0.0
2024-11-30T00:00:00,0.0
2024-11-30T01:00:00,0.0
2024-11-30T02:00:00,0.0
2024-11-30T03:00:00,0.0
2024-11-30T04:00:00,0.0
2024-11-30T05:00:00,0.0
2024-11-30T06:00:00,26.83
2024-11-30T07:00:00,201.4
2024-11-30T08:00:00,404.75
2024-11-30T09:00:00,614.62
2024-11-30T10:00:00,732.92
2024-11-30T11:00:00,772.67
2024-11-30T12:00:00,906.78
2024-11-30T13:00:00,879.22
2024-11-30T14:00:00,759.0
2024-11-30T15:00:00,574.83
2024-11-30T16:00:00,356.45
2024-11-30T17:00:00,119.25
2024-11-30T18:00:00,0.0
2024-11-30T19:00:00,0.0
2024-11-30T20:00:00,0.0
2024-11-30T21:00:00,0.0
2024-11-30T22:00:00,0.0
2024-11-30T23:00:00,0.0
2024-12-01T00:00:00,0.0
2024-12-01T01:00:00,0.0
2024-12-01T02:00:00,0.0
2024-12-01T03:00:00,0.0
2024-12-01T04:00:00,0.0
2024-12-01T05:00:00,0.0
2024-12-01T06:00:00,29.6
2024-12-01T07:00:00,232.32
2024-12-01T08:00:00,472.77
2024-12-01T09:00:00,685.92
2024-12-01T10:00:00,846.42
2024-12-01T11:00:00,932.0
2024-12-01T12:00:00,954.83
2024-12-01T13:00:00,881.8
2024-12-01T14:00:00,755.2
2024-12-01T15:00:00,559.17
2024-12-01T16:00:00,343.2
2024-12-01T17:00:00,120.12
2024-12-01T18:00:00,0.0
2024-12-01T19:00:00,0.0
2024-12-01T20:00:00,0.0
2024-12-01T21:00:00,0.0
2024-12-01T22:00:00,0.0
2024-12-01T23:00:00,0.0
2024-12-02T00:00:00,0.0
2024-12-02T01:00:00,0.0
2024-12-02T02:00:00,0.0
2024-12-02T03:00:00,0.0
2024-12-02T04:00:00,0.0
2024-12-02T05:00:00,0.0
2024-12-02T06:00:00,25.95
2024-12-02T07:00:00,196.9
2024-12-02T08:00:00,445.65
2024-12-02T09:00:00,646.2
2024-12-02T10:00:00,609.65
2024-12-02T11:00:00,731.0
2024-12-02T12:00:00,755.0
2024-12-02T13:00:00,634.35
2024-12-02T14:00:00,595.3
2024-12-02T15:00:00,313.73
2024-12-02T16:00:00,186.38
2024-12-02T17:00:00,56.53
2024-12-02T18:00:00,0.0
2024-12-02T19:00:00,0.0
2024-12-02T20:00:00,0.0
2024-12-02T21:00:00,0.0
2024-12-02T22:00:00,0.0
2024-12-02T23:00:00,0.0
2024-12-03T00:00:00,0.0
2024-12-03T01:00:00,0.0
2024-12-03T02:00:00,0.0
2024-12-03T03:00:00,0.0
2024-12-03T04:00:00,0.0
2024-12-03T05:00:00,0.0
2024-12-03T06:00:00,22.2
2024-12-03T07:00:00,195.73
2024-12-03T08:00:00,406.9
2024-12-03T09:00:00,524.62
2024-12-03T10:00:00,669.5
2024-12-03T11:00:00,737.5
2024-12-03T12:00:00,791.5
2024-12-03T13:00:00,713.62
2024-12-03T14:00:00,627.2
2024-12-03T15:00:00,420.35
2024-12-03T16:00:00,241.73
2024-12-03T17:00:00,79.88
2024-12-03T18:00:00,0.0
2024-12-03T19:00:00,0.0
2024-12-03T20:00:00,0.0
2024-12-03T21:00:00,0.0
2024-12-03T22:00:00,0.0
2024-12-03T23:00:00,0.0
2024-12-04T00:00:00,0.0
2024-12-04T01:00:00,0.0
2024-12-04T02:00:00,0.0
2024-12-04T03:00:00,0.0
2024-12-04T04:00:00,0.0
2024-12-04T05:00:00,0.0
2024-12-04T06:00:00,25.95
2024-12-04T07:00:00,219.2
2024-12-04T08:00:00,441.4
2024-12-04T09:00:00,673.38
2024-12-04T10:00:00,821.12
2024-12-04T11:00:00,909.65
2024-12-04T12:00:00,939.83
2024-12-04T13:00:00,887.33
2024-12-04T14:00:00,755.58
2024-12-04T15:00:00,563.42
2024-12-04T16:00:00,346.7
2024-12-04T17:00:00,123.78
2024-12-04T18:00:00,0.0
2024-12-04T19:00:00,0.0
2024-12-04T20:00:00,0.0
2024-12-04T21:00:00,0.0
2024-12-04T22:00:00,0.0
2024-12-04T23:00:00,0.0
2024-12-05T00:00:00,0.0
2024-12-05T01:00:00,0.0
2024-12-05T02:00:00,0.0
2024-12-05T03:00:00,0.0
2024-12-05T04:00:00,0.0
2024-12-05T05:00:00,0.0
2024-12-05T06:00:00,24.85
2024-12-05T07:00:00,204.5
2024-12-05T08:00:00,424.77
2024-12-05T09:00:00,632.08
2024-12-05T10:00:00,801.4
2024-12-05T11:00:00,883.8
2024-12-05T12:00:00,913.2
2024-12-05T13:00:00,857.12
2024-12-05T14:00:00,716.42
2024-12-05T15:00:00,530.58
2024-12-05T16:00:00,284.3
2024-12-05T17:00:00,100.4
2024-12-05T18:00:00,0.0
2024-12-05T19:00:00,0.0
2024-12-05T20:00:00,0.0
2024-12-05T21:00:00,0.0
2024-12-05T22:00:00,0.0
2024-12-05T23:00:00,0.0
2024-12-06T00:00:00,0.0
2024-12-06T01:00:00,0.0
2024-12-06T02:00:00,0.0
2024-12-06T03:00:00,0.0
2024-12-06T04:00:00,0.0
2024-12-06T05:00:00,0.0
2024-12-06T06:00:00,21.3
2024-12-06T07:00:00,181.95
2024-12-06T08:00:00,386.02
2024-12-06T09:00:00,555.9
2024-12-06T10:00:00,606.3
2024-12-06T11:00:00,607.3
2024-12-06T12:00:00,770.2
2024-12-06T13:00:00,835.05
2024-12-06T14:00:00,730.97
2024-12-06T15:00:00,543.25
2024-12-06T16:00:00,323.6
2024-12-06T17:00:00,114.43
2024-12-06T18:00:00,0.0
2024-12-06T19:00:00,0.0
2024-12-06T20:00:00,0.0
2024-12-06T21:00:00,0.0
2024-12-06T22:00:00,0.0
2024-12-06T23:00:00,0.0
2024-12-07T00:00:00,0.0
2024-12-07T01:00:00,0.0
2024-12-07T02:00:00,0.0
2024-12-07T03:00:00,0.0
2024-12-07T04:00:00,0.0
2024-12-07T05:00:00,0.0
2024-12-07T06:00:00,19.05
2024-12-07T07:00:00,158.95
2024-12-07T08:00:00,353.77
2024-12-07T09:00:00,489.48
2024-12-07T10:00:00,683.85
2024-12-07T11:00:00,780.5
2024-12-07T12:00:00,816.0
2024-12-07T13:00:00,749.65
2024-12-07T14:00:00,686.53
2024-12-07T15:00:00,498.27
2024-12-07T16:00:00,291.1
2024-12-07T17:00:00,96.65
2024-12-07T18:00:00,0.0
2024-12-07T19:00:00,0.0
2024-12-07T20:00:00,0.0
2024-12-07T21:00:00,0.0
2024-12-07T22:00:00,0.0
2024-12-07T23:00:00,0.0
2024-12-08T00:00:00,0.0
2024-12-08T01:00:00,0.0
2024-12-08T02:00:00,0.0
2024-12-08T03:00:00,0.0
2024-12-08T04:00:00,0.0
2024-12-08T05:00:00,0.0
2024-12-08T06:00:00,21.5
2024-12-08T07:00:00,198.18
2024-12-08T08:00:00,418.15
2024-12-08T09:00:00,633.83
2024-12-08T10:00:00,800.45
2024-12-08T11:00:00,908.5
2024-12-08T12:00:00,934.85
2024-12-08T13:00:00,856.15
2024-12-08T14:00:00,728.88
2024-12-08T15:00:00,572.42
2024-12-08T16:00:00,335.58
2024-12-08T17:00:00,122.03
2024-12-08T18:00:00,0.0
2024-12-08T19:00:00,0.0
2024-12-08T20:00:00,0.0
2024-12-08T21:00:00,0.0
2024-12-08T22:00:00,0.0
2024-12-08T23:00:00,0.0
2024-12-09T00:00:00,0.0
2024-12-09T01:00:00,0.0
2024-12-09T02:00:00,0.0
2024-12-09T03:00:00,0.0
2024-12-09T04:00:00,0.0
2024-12-09T05:00:00,0.0
2024-12-09T06:00:00,18.33
2024-12-09T07:00:00,178.2
2024-12-09T08:00:00,383.12
2024-12-09T09:00:00,602.15
2024-12-09T10:00:00,758.75
2024-12-09T11:00:00,781.0
2024-12-09T12:00:00,774.2
2024-12-09T13:00:00,758.97
2024-12-09T14:00:00,605.4
2024-12-09T15:00:00,348.1
2024-12-09T16:00:00,202.0
2024-12-09T17:00:00,57.85
2024-12-09T18:00:00,0.0
2024-12-09T19:00:00,0.0
2024-12-09T20:00:00,0.0
2024-12-09T21:00:00,0.0
2024-12-09T22:00:00,0.0
2024-12-09T23:00:00,0.0
2024-12-10T00:00:00,0.0
2024-12-10T01:00:00,0.0
2024-12-10T02:00:00,0.0
2024-12-10T03:00:00,0.0
2024-12-10T04:00:00,0.0
2024-12-10T05:00:00,0.0
2024-12-10T06:00:00,12.85
2024-12-10T07:00:00,128.85
2024-12-10T08:00:00,285.73
2024-12-10T09:00:00,476.67
2024-12-10T10:00:00,614.75
2024-12-10T11:00:00,643.1
2024-12-10T12:00:00,684.85
2024-12-10T13:00:00,687.8
2024-12-10T14:00:00,511.45
2024-12-10T15:00:00,363.02
2024-12-10T16:00:00,211.95
2024-12-10T17:00:00,74.95
2024-12-10T18:00:00,0.0
2024-12-10T19:00:00,0.0
2024-12-10T20:00:00,0.0
2024-12-10T21:00:00,0.0
2024-12-10T22:00:00,0.0
2024-12-10T23:00:00,0.0
2024-12-11T00:00:00,0.0
2024-12-11T01:00:00,0.0
2024-12-11T02:00:00,0.0
2024-12-11T03:00:00,0.0
2024-12-11T04:00:00,0.0
2024-12-11T05:00:00,0.0
2024-12-11T06:00:00,14.38
2024-12-11T07:00:00,140.7
2024-12-11T08:00:00,311.0
2024-12-11T09:00:00,459.92
2024-12-11T10:00:00,612.38
2024-12-11T11:00:00,740.03
2024-12-11T12:00:00,723.33
2024-12-11T13:00:00,676.95
2024-12-11T14:00:00,433.6
2024-12-11T15:00:00,357.75
2024-12-11T16:00:00,186.95
2024-12-11T17:00:00,68.53
2024-12-11T18:00:00,0.0
2024-12-11T19:00:00,0.0
2024-12-11T20:00:00,0.0
2024-12-11T21:00:00,0.0
2024-12-11T22:00:00,0.0
2024-12-11T23:00:00,0.0
2024-12-12T00:00:00,0.0
2024-12-12T01:00:00,0.0
2024-12-12T02:00:00,0.0
2024-12-12T03:00:00,0.0
2024-12-12T04:00:00,0.0
2024-12-12T05:00:00,0.0
2024-12-12T06:00:00,19.15
2024-12-12T07:00:00,185.3
2024-12-12T08:00:00,407.77
2024-12-12T09:00:00,620.38
2024-12-12T10:00:00,794.08
2024-12-12T11:00:00,863.78
2024-12-12T12:00:00,935.8
2024-12-12T13:00:00,853.4
2024-12-12T14:00:00,748.8
2024-12-12T15:00:00,562.28
2024-12-12T16:00:00,330.08
2024-12-12T17:00:00,132.77
2024-12-12T18:00:00,0.0
2024-12-12T19:00:00,0.0
2024-12-12T20:00:00,0.0
2024-12-12T21:00:00,0.0
2024-12-12T22:00:00,0.0
2024-12-12T23:00:00,0.0
2024-12-13T00:00:00,0.0
2024-12-13T01:00:00,0.0
2024-12-13T02:00:00,0.0
2024-12-13T03:00:00,0.0
2024-12-13T04:00:00,0.0
2024-12-13T05:00:00,0.0
2024-12-13T06:00:00,15.8
2024-12-13T07:00:00,180.43
2024-12-13T08:00:00,402.55
2024-12-13T09:00:00,631.28
2024-12-13T10:00:00,800.42
2024-12-13T11:00:00,895.08
2024-12-13T12:00:00,911.45
2024-12-13T13:00:00,848.88
2024-12-13T14:00:00,699.85
2024-12-13T15:00:00,524.88
2024-12-13T16:00:00,274.8
2024-12-13T17:00:00,98.53
2024-12-13T18:00:00,2.85
2024-12-13T19:00:00,0.0
2024-12-13T20:00:00,0.0
2024-12-13T21:00:00,0.0
2024-12-13T22:00:00,0.0
2024-12-13T23:00:00,0.0
2024-12-14T00:00:00,0.0
2024-12-14T01:00:00,0.0
2024-12-14T02:00:00,0.0
2024-12-14T03:00:00,0.0
2024-12-14T04:00:00,0.0
2024-12-14T05:00:00,0.0
2024-12-14T06:00:00,19.7
2024-12-14T07:00:00,197.4
2024-12-14T08:00:00,424.0
2024-12-14T09:00:00,622.65
2024-12-14T10:00:00,784.5
2024-12-14T11:00:00,884.53
2024-12-14T12:00:00,902.05
2024-12-14T13:00:00,859.38
2024-12-14T14:00:00,722.78
2024-12-14T15:00:00,542.42
2024-12-14T16:00:00,308.88
2024-12-14T17:00:00,111.85
2024-12-14T18:00:00,3.6
2024-12-14T19:00:00,0.0
2024-12-14T20:00:00,0.0
2024-12-14T21:00:00,0.0
2024-12-14T22:00:00,0.0
2024-12-14T23:00:00,0.0
2024-12-15T00:00:00,0.0
2024-12-15T01:00:00,0.0
2024-12-15T02:00:00,0.0
2024-12-15T03:00:00,0.0
2024-12-15T04:00:00,0.0
2024-12-15T05:00:00,0.0
2024-12-15T06:00:00,16.52
2024-12-15T07:00:00,159.68
2024-12-15T08:00:00,354.23
2024-12-15T09:00:00,544.3
2024-12-15T10:00:00,729.42
2024-12-15T11:00:00,862.7
2024-12-15T12:00:00,899.78
2024-12-15T13:00:00,869.05
2024-12-15T14:00:00,755.95
2024-12-15T15:00:00,577.6
2024-12-15T16:00:00,361.88
2024-12-15T17:00:00,131.0
2024-12-15T18:00:00,4.1
2024-12-15T19:00:00,0.0
2024-12-15T20:00:00,0.0
2024-12-15T21:00:00,0.0
2024-12-15T22:00:00,0.0
2024-12-15T23:00:00,0.0
2024-12-16T00:00:00,0.0
2024-12-16T01:00:00,0.0
2024-12-16T02:00:00,0.0
2024-12-16T03:00:00,0.0
2024-12-16T04:00:00,0.0
2024-12-16T05:00:00,0.0
2024-12-16T06:00:00,15.82
2024-12-16T07:00:00,186.68
2024-12-16T08:00:00,408.9
2024-12-16T09:00:00,619.25
2024-12-16T10:00:00,789.47
2024-12-16T11:00:00,888.97
2024-12-16T12:00:00,912.4
2024-12-16T13:00:00,870.53
2024-12-16T14:00:00,744.38
2024-12-16T15:00:00,571.42
2024-12-16T16:00:00,360.15
2024-12-16T17:00:00,136.07
2024-12-16T18:00:00,4.55
2024-12-16T19:00:00,0.0
2024-12-16T20:00:00,0.0
2024-12-16T21:00:00,0.0
2024-12-16T22:00:00,0.0
2024-12-16T23:00:00,0.0
2024-12-17T00:00:00,0.0
2024-12-17T01:00:00,0.0
2024-12-17T02:00:00,0.0
2024-12-17T03:00:00,0.0
2024-12-17T04:00:00,0.0
2024-12-17T05:00:00,0.0
2024-12-17T06:00:00,17.15
2024-12-17T07:00:00,188.15
2024-12-17T08:00:00,390.08
2024-12-17T09:00:00,605.9
2024-12-17T10:00:00,722.83
2024-12-17T11:00:00,822.85
2024-12-17T12:00:00,850.25
2024-12-17T13:00:00,867.58
2024-12-17T14:00:00,763.08
2024-12-17T15:00:00,586.17
2024-12-17T16:00:00,354.55
2024-12-17T17:00:00,131.93
2024-12-17T18:00:00,4.6
2024-12-17T19:00:00,0.0
2024-12-17T20:00:00,0.0
2024-12-17T21:00:00,0.0
2024-12-17T22:00:00,0.0
2024-12-17T23:00:00,0.0
2024-12-18T00:00:00,0.0
2024-12-18T01:00:00,0.0
2024-12-18T02:00:00,0.0
2024-12-18T03:00:00,0.0
2024-12-18T04:00:00,0.0
2024-12-18T05:00:00,0.0
2024-12-18T06:00:00,13.48
2024-12-18T07:00:00,147.85
2024-12-18T08:00:00,321.45
2024-12-18T09:00:00,564.4
2024-12-18T10:00:00,685.92
2024-12-18T11:00:00,837.22
2024-12-18T12:00:00,854.75
2024-12-18T13:00:00,813.8
2024-12-18T14:00:00,728.7
2024-12-18T15:00:00,526.17
2024-12-18T16:00:00,304.98
2024-12-18T17:00:00,111.78
2024-12-18T18:00:00,4.65
2024-12-18T19:00:00,0.0
2024-12-18T20:00:00,0.0
2024-12-18T21:00:00,0.0
2024-12-18T22:00:00,0.0
2024-12-18T23:00:00,0.0
2024-12-19T00:00:00,0.0
2024-12-19T01:00:00,0.0
2024-12-19T02:00:00,0.0
2024-12-19T03:00:00,0.0
2024-12-19T04:00:00,0.0
2024-12-19T05:00:00,0.0
2024-12-19T06:00:00,14.82
2024-12-19T07:00:00,169.45
2024-12-19T08:00:00,370.73
2024-12-19T09:00:00,607.38
2024-12-19T10:00:00,774.45
2024-12-19T11:00:00,876.25
2024-12-19T12:00:00,915.65
2024-12-19T13:00:00,870.67
2024-12-19T14:00:00,736.25
2024-12-19T15:00:00,559.62
2024-12-19T16:00:00,325.52
2024-12-19T17:00:00,123.55
2024-12-19T18:00:00,4.9
2024-12-19T19:00:00,0.0
2024-12-19T20:00:00,0.0
2024-12-19T21:00:00,0.0
2024-12-19T22:00:00,0.0
2024-12-19T23:00:00,0.0
2024-12-20T00:00:00,0.0
2024-12-20T01:00:00,0.0
2024-12-20T02:00:00,0.0
2024-12-20T03:00:00,0.0
2024-12-20T04:00:00,0.0
2024-12-20T05:00:00,0.0
2024-12-20T06:00:00,13.3
2024-12-20T07:00:00,153.27
2024-12-20T08:00:00,356.35
2024-12-20T09:00:00,555.17
2024-12-20T10:00:00,699.47
2024-12-20T11:00:00,789.35
2024-12-20T12:00:00,815.03
2024-12-20T13:00:00,812.42
2024-12-20T14:00:00,688.58
2024-12-20T15:00:00,504.6
2024-12-20T16:00:00,306.38
2024-12-20T17:00:00,103.82
2024-12-20T18:00:00,5.18
2024-12-20T19:00:00,0.0
2024-12-20T20:00:00,0.0
2024-12-20T21:00:00,0.0
2024-12-20T22:00:00,0.0
2024-12-20T23:00:00,0.0
2024-12-21T00:00:00,0.0
2024-12-21T01:00:00,0.0
2024-12-21T02:00:00,0.0
2024-12-21T03:00:00,0.0
2024-12-21T04:00:00,0.0
2024-12-21T05:00:00,0.0
2024-12-21T06:00:00,10.32
2024-12-21T07:00:00,95.7
2024-12-21T08:00:00,233.2
2024-12-21T09:00:00,381.58
2024-12-21T10:00:00,547.38
2024-12-21T11:00:00,672.05
2024-12-21T12:00:00,588.28
2024-12-21T13:00:00,539.53
2024-12-21T14:00:00,373.77
2024-12-21T15:00:00,302.3
2024-12-21T16:00:00,157.68
2024-12-21T17:00:00,52.53
2024-12-21T18:00:00,2.9
2024-12-21T19:00:00,0.0
2024-12-21T20:00:00,0.0
2024-12-21T21:00:00,0.0
2024-12-21T22:00:00,0.0
2024-12-21T23:00:00,0.0
2024-12-22T00:00:00,0.0
2024-12-22T01:00:00,0.0
2024-12-22T02:00:00,0.0
2024-12-22T03:00:00,0.0
2024-12-22T04:00:00,0.0
2024-12-22T05:00:00,0.0
2024-12-22T06:00:00,7.8
2024-12-22T07:00:00,85.22
2024-12-22T08:00:00,194.0
2024-12-22T09:00:00,314.77
2024-12-22T10:00:00,425.1
2024-12-22T11:00:00,476.98
2024-12-22T12:00:00,528.3
2024-12-22T13:00:00,624.88
2024-12-22T14:00:00,536.15
2024-12-22T15:00:00,393.67
2024-12-22T16:00:00,215.2
2024-12-22T17:00:00,80.68
2024-12-22T18:00:00,3.05
2024-12-22T19:00:00,0.0
2024-12-22T20:00:00,0.0
2024-12-22T21:00:00,0.0
2024-12-22T22:00:00,0.0
2024-12-22T23:00:00,0.0
2024-12-23T00:00:00,0.0
2024-12-23T01:00:00,0.0
2024-12-23T02:00:00,0.0
2024-12-23T03:00:00,0.0
2024-12-23T04:00:00,0.0
2024-12-23T05:00:00,0.0
2024-12-23T06:00:00,9.77
2024-12-23T07:00:00,162.18
2024-12-23T08:00:00,382.45
2024-12-23T09:00:00,600.53
2024-12-23T10:00:00,773.3
2024-12-23T11:00:00,868.9
2024-12-23T12:00:00,892.05
2024-12-23T13:00:00,842.25
2024-12-23T14:00:00,725.95
2024-12-23T15:00:00,524.47
2024-12-23T16:00:00,278.0
2024-12-23T17:00:00,113.7
2024-12-23T18:00:00,5.6
2024-12-23T19:00:00,0.0
2024-12-23T20:00:00,0.0
2024-12-23T21:00:00,0.0
2024-12-23T22:00:00,0.0
2024-12-23T23:00:00,0.0
2024-12-24T00:00:00,0.0
2024-12-24T01:00:00,0.0
2024-12-24T02:00:00,0.0
2024-12-24T03:00:00,0.0
2024-12-24T04:00:00,0.0
2024-12-24T05:00:00,0.0
2024-12-24T06:00:00,11.62
2024-12-24T07:00:00,159.62
2024-12-24T08:00:00,368.98
2024-12-24T09:00:00,543.17
2024-12-24T10:00:00,739.28
2024-12-24T11:00:00,883.88
2024-12-24T12:00:00,906.38
2024-12-24T13:00:00,854.25
2024-12-24T14:00:00,735.25
2024-12-24T15:00:00,563.58
2024-12-24T16:00:00,337.42
2024-12-24T17:00:00,133.15
2024-12-24T18:00:00,6.07
2024-12-24T19:00:00,0.0
2024-12-24T20:00:00,0.0
2024-12-24T21:00:00,0.0
2024-12-24T22:00:00,0.0
2024-12-24T23:00:00,0.0
2024-12-25T00:00:00,0.0
2024-12-25T01:00:00,0.0
2024-12-25T02:00:00,0.0
2024-12-25T03:00:00,0.0
2024-12-25T04:00:00,0.0
2024-12-25T05:00:00,0.0
2024-12-25T06:00:00,9.73
2024-12-25T07:00:00,153.75
2024-12-25T08:00:00,342.65
2024-12-25T09:00:00,591.0
2024-12-25T10:00:00,610.38
2024-12-25T11:00:00,541.78
2024-12-25T12:00:00,709.6
2024-12-25T13:00:00,789.1
2024-12-25T14:00:00,678.6
2024-12-25T15:00:00,557.78
2024-12-25T16:00:00,326.5
2024-12-25T17:00:00,121.62
2024-12-25T18:00:00,6.12
2024-12-25T19:00:00,0.0
2024-12-25T20:00:00,0.0
2024-12-25T21:00:00,0.0
2024-12-25T22:00:00,0.0
2024-12-25T23:00:00,0.0
2024-12-26T00:00:00,0.0
2024-12-26T01:00:00,0.0
2024-12-26T02:00:00,0.0
2024-12-26T03:00:00,0.0
2024-12-26T04:00:00,0.0
2024-12-26T05:00:00,0.0
2024-12-26T06:00:00,12.32
2024-12-26T07:00:00,176.15
2024-12-26T08:00:00,407.1
2024-12-26T09:00:00,627.38
2024-12-26T10:00:00,780.75
2024-12-26T11:00:00,912.42
2024-12-26T12:00:00,952.12
2024-12-26T13:00:00,899.55
2024-12-26T14:00:00,780.47
2024-12-26T15:00:00,616.53
2024-12-26T16:00:00,395.9
2024-12-26T17:00:00,161.15
2024-12-26T18:00:00,7.75
2024-12-26T19:00:00,0.0
2024-12-26T20:00:00,0.0
2024-12-26T21:00:00,0.0
2024-12-26T22:00:00,0.0
2024-12-26T23:00:00,0.0
2024-12-27T00:00:00,0.0
2024-12-27T01:00:00,0.0
2024-12-27T02:00:00,0.0
2024-12-27T03:00:00,0.0
2024-12-27T04:00:00,0.0
2024-12-27T05:00:00,0.0
2024-12-27T06:00:00,12.32
2024-12-27T07:00:00,178.02
2024-12-27T08:00:00,413.12
2024-12-27T09:00:00,622.58
2024-12-27T10:00:00,790.22
2024-12-27T11:00:00,893.55
2024-12-27T12:00:00,930.6
2024-12-27T13:00:00,879.35
2024-12-27T14:00:00,725.25
2024-12-27T15:00:00,535.38
2024-12-27T16:00:00,327.52
2024-12-27T17:00:00,122.18
2024-12-27T18:00:00,6.47
2024-12-27T19:00:00,0.0
2024-12-27T20:00:00,0.0
2024-12-27T21:00:00,0.0
2024-12-27T22:00:00,0.0
2024-12-27T23:00:00,0.0
2024-12-28T00:00:00,0.0
2024-12-28T01:00:00,0.0
2024-12-28T02:00:00,0.0
2024-12-28T03:00:00,0.0
2024-12-28T04:00:00,0.0
2024-12-28T05:00:00,0.0
2024-12-28T06:00:00,10.77
2024-12-28T07:00:00,172.88
2024-12-28T08:00:00,405.77
2024-12-28T09:00:00,616.62
2024-12-28T10:00:00,787.47
2024-12-28T11:00:00,892.12
2024-12-28T12:00:00,925.15
2024-12-28T13:00:00,899.33
2024-12-28T14:00:00,781.62
2024-12-28T15:00:00,581.38
2024-12-28T16:00:00,372.6
2024-12-28T17:00:00,150.88
2024-12-28T18:00:00,6.93
2024-12-28T19:00:00,0.0
2024-12-28T20:00:00,0.0
2024-12-28T21:00:00,0.0
2024-12-28T22:00:00,0.0
2024-12-28T23:00:00,0.0
2024-12-29T00:00:00,0.0
2024-12-29T01:00:00,0.0
2024-12-29T02:00:00,0.0
2024-12-29T03:00:00,0.0
2024-12-29T04:00:00,0.0
2024-12-29T05:00:00,0.0
2024-12-29T06:00:00,8.18
2024-12-29T07:00:00,96.2
2024-12-29T08:00:00,276.77
2024-12-29T09:00:00,468.88
2024-12-29T10:00:00,526.3
2024-12-29T11:00:00,579.25
2024-12-29T12:00:00,541.2
2024-12-29T13:00:00,502.48
2024-12-29T14:00:00,452.27
2024-12-29T15:00:00,439.25
2024-12-29T16:00:00,268.0
2024-12-29T17:00:00,92.2
2024-12-29T18:00:00,5.97
2024-12-29T19:00:00,0.0
2024-12-29T20:00:00,0.0
2024-12-29T21:00:00,0.0
2024-12-29T22:00:00,0.0
2024-12-29T23:00:00,0.0
2024-12-30T00:00:00,0.0
2024-12-30T01:00:00,0.0
2024-12-30T02:00:00,0.0
2024-12-30T03:00:00,0.0
2024-12-30T04:00:00,0.0
2024-12-30T05:00:00,0.0
2024-12-30T06:00:00,5.62
2024-12-30T07:00:00,85.32
2024-12-30T08:00:00,212.5
2024-12-30T09:00:00,347.12
2024-12-30T10:00:00,542.78
2024-12-30T11:00:00,673.15
2024-12-30T12:00:00,777.3
2024-12-30T13:00:00,783.75
2024-12-30T14:00:00,576.03
2024-12-30T15:00:00,490.25
2024-12-30T16:00:00,323.73
2024-12-30T17:00:00,130.75
2024-12-30T18:00:00,7.93
2024-12-30T19:00:00,0.0
2024-12-30T20:00:00,0.0
2024-12-30T21:00:00,0.0
2024-12-30T22:00:00,0.0
2024-12-30T23:00:00,0.0
2024-12-31T00:00:00,0.0
2024-12-31T01:00:00,0.0
2024-12-31T02:00:00,0.0
2024-12-31T03:00:00,0.0
2024-12-31T04:00:00,0.0
2024-12-31T05:00:00,0.0
2024-12-31T06:00:00,9.68
2024-12-31T07:00:00,168.32
2024-12-31T08:00:00,391.48
2024-12-31T09:00:00,616.22
2024-12-31T10:00:00,785.53
2024-12-31T11:00:00,898.3
2024-12-31T12:00:00,935.6
2024-12-31T13:00:00,903.6
2024-12-31T14:00:00,788.03
2024-12-31T15:00:00,621.05
2024-12-31T16:00:00,393.0
2024-12-31T17:00:00,164.48
2024-12-31T18:00:00,9.38
2024-12-31T19:00:00,0.0
2024-12-31T20:00:00,0.0
2024-12-31T21:00:00,0.0
2024-12-31T22:00:00,0.0
2024-12-31T23:00:00,0.0
